simulation_id,seed,timestep,body_count,time,body_id,body_name,mass,mass_ratio,position_error,velocity_error,acceleration,jerk,nearest_neighbor_id,nearest_neighbor_distance,relative_velocity,total_energy,energy_drift,angular_momentum,angular_momentum_drift,system_min_distance,system_min_distance_pair,correction_id,time_since_last_correction,steps_since_last_correction,error_at_trigger,correction_interval,body_position_error_at_trigger,body_velocity_error_at_trigger,body_triggered_correction,pre_correction_acceleration,pre_correction_jerk,pre_correction_nearest_neighbor_distance,pre_correction_relative_velocity,system_position_error_pre_check,sample_role,sampling_weight,strong_acceleration,high_jerk,acceleration_spike,close_encounter,rapid_approach,rapid_separation,high_relative_velocity_encounter,near_collision,ejection_escape,temporary_capture,temporary_capture_partner_id,strong_mass_ratio_interaction,closest_pair_switch,involved_in_closest_pair_switch,hierarchical_configuration,involved_in_hierarchical_tight_pair,near_symmetric_configuration,chaotic_scattering,stable,quiescent_regime
sim_0005_n3_seed47,47,0.001,3,1.0,2,body_2,8.648712297334397,4.926411902220734,2.769534582624492e-07,2.292412178849787e-07,2.1686206579507807,1.7436450808726731,1,4.380968380449548,1.9034856649453666,-70.90152473849574,6.769885548585557e-10,182.16787061503507,-4.680579950972688e-16,4.380968380449548,1-2,0,1.0,1000,,,,,0,2.1686206579507807,1.7452233386276677,4.380968380449548,1.9034856649453666,2.1736239403546375e-07,negative_baseline,20.0,0,0,0,0,0,0,0,0,0,0,-1,0,1,1,0,0,1,0,0,0
sim_0005_n3_seed47,47,0.001,3,2.0,2,body_2,8.648712297334397,4.926411902220734,5.873742146697215e-07,5.786231957242727e-07,1.9812454870909624,0.4449352836213889,1,3.151742387527966,2.9122404047801647,-70.90152194340641,4.009912141000518e-08,182.16787061503456,-3.2764059656808815e-15,3.151742387527966,1-2,0,2.0,2000,,,,,0,1.9812454870909624,0.44700520655501574,3.151742387527966,2.9122404047801647,4.305835873775424e-07,negative_baseline,20.0,0,0,0,0,1,0,0,0,0,0,-1,0,0,0,0,0,0,0,0,0
sim_0005_n3_seed47,47,0.001,3,2.2,2,body_2,8.648712297334397,4.926411902220734,7.09562833792051e-07,6.440226699143242e-07,2.0270711413226454,0.6225471485195364,1,2.7436377305014363,3.2519609933941775,-70.90152096070636,5.39591906675375e-08,182.16787061503453,-3.4324252973799714e-15,2.7436377305014363,1-2,0,2.2,2200,,,,,0,2.0270711413226454,0.6108743437385147,2.7436377305014363,3.2519609933941775,5.163587928319355e-07,negative_hard,10.0,0,0,0,0,1,0,0,0,0,0,-1,0,0,0,0,0,0,0,0,0
sim_0005_n3_seed47,47,0.001,3,2.7,2,body_2,8.648712297334397,4.926411902220734,1.3212504401708067e-06,1.5192105977821365e-06,3.378142113268091,8.298719534996492,1,1.6714861824994935,4.417216096265078,-70.90152723091356,-3.4476244440932466e-08,182.16787061503462,-2.9643673022827025e-15,1.6714861824994935,1-2,0,2.7,2700,,,,,0,3.378142113268091,8.310526386453182,1.6714861824994935,4.417216096265078,9.293143791126188e-07,negative_hard,10.0,0,0,0,1,1,0,0,0,0,0,-1,0,0,0,0,0,0,0,0,0
sim_0005_n3_seed47,47,0.001,3,3.0,2,body_2,8.648712297334397,4.926411902220734,2.0628670749635097e-06,4.5524368813141096e-06,4.808228543879479,14.869182534047141,1,1.3774082978535716,4.9338445596715355,-70.90156071746613,-5.067728934641275e-07,182.16787061503462,-2.9643673022827025e-15,1.3774082978535716,1-2,0,3.0,3000,,,,,0,4.808228543879479,15.252926240342966,1.3774082978535716,4.9338445596715355,1.3780906685174874e-06,negative_baseline,20.0,0,0,0,1,0,0,0,1,0,0,-1,0,0,0,1,1,0,0,0,0
sim_0005_n3_seed47,47,0.001,3,3.2,2,body_2,8.648712297334397,4.926411902220734,2.5751225774856033e-06,5.326287079929159e-06,3.900265658229483,11.414591787502008,1,1.5770528615822728,4.646299682236851,-70.90153289786325,-1.1440329406388311e-07,182.1678706150347,-2.4963093071854337e-15,1.5770528615822728,1-2,0,3.2,3200,,,,,0,3.900265658229483,11.536954812727343,1.5770528615822728,4.646299682236851,1.6988191569576279e-06,negative_hard,10.0,0,0,0,1,0,0,0,1,0,0,-1,0,0,0,0,0,0,0,0,0
sim_0005_n3_seed47,47,0.001,3,4.0,2,body_2,8.648712297334397,4.926411902220734,4.567281234122075e-06,3.3000850755797514e-06,1.3600800143130538,1.229541838459063,1,3.5248125947117313,3.194004038765382,-70.90151759947354,1.0136625050427997e-07,182.16787061503516,0.0,3.5248125947117313,1-2,0,4.0,4000,,,,,0,1.3600800143130538,1.2278518190471441,3.5248125947117313,3.194004038765382,3.096849646751663e-06,negative_baseline,20.0,0,0,0,0,0,1,0,0,0,0,-1,0,0,0,0,0,0,0,0,0
sim_0005_n3_seed47,47,0.001,3,4.25,2,body_2,8.648712297334397,4.926411902220734,5.119098031557596e-06,3.060307138111527e-06,1.1426589792974167,0.8326872832369703,1,4.170010961764388,3.04843325535687,-70.9015160810281,1.2278250966669269e-07,182.167870615035,-7.80096658495448e-16,4.033013975453288,0-1,0,4.25,4250,,,,,0,1.1426589792974167,0.8321333229544345,4.170010961764388,3.04843325535687,3.4775154093734747e-06,negative_hard,10.0,0,0,0,0,0,1,0,0,0,0,-1,0,1,1,0,0,0,1,0,0
sim_0005_n3_seed47,47,0.001,3,4.75,2,body_2,8.648712297334397,4.926411902220734,6.146722313392207e-06,2.7649350960604593e-06,0.8615047845056829,0.5108982549727611,1,5.563868363968274,3.5861597340886457,-70.90148809010954,5.175683573921799e-07,182.16787061503481,-1.8722319803890754e-15,2.7615292101602904,0-1,0,4.75,4750,,,,,0,0.8615047845056829,0.510786395733885,5.563868363968274,3.5861597340886457,4.117526251868781e-06,negative_hard,10.0,0,0,0,0,0,1,0,0,0,0,-1,0,0,0,0,0,0,1,0,0
sim_0005_n3_seed47,47,0.001,3,5.0,2,body_2,8.648712297334397,4.926411902220734,6.630482185598882e-06,2.6649917656354797e-06,0.7562093489818371,0.44418679498247715,1,6.505193621656266,5.150244330835389,-70.90125470540175,3.8092423867779393e-06,182.1678706150347,-2.4963093071854337e-15,1.7217556539335745,0-1,0,5.0,5000,,,,,0,0.7562093489818371,0.4440526967265381,6.505193621656266,5.150244330835389,4.44829873375231e-06,negative_baseline,20.0,0,0,0,0,0,1,0,0,0,0,-1,0,0,0,1,0,0,1,0,0
sim_0005_n3_seed47,47,0.001,3,5.25,2,body_2,8.648712297334397,4.926411902220734,7.098246591403651e-06,2.5708008443266114e-06,0.6684180653397145,0.33098974667148817,0,8.178159204555243,0.9983989730218731,-70.91008344281795,-0.00012071187958881996,182.16787061503473,-2.3402899754863442e-15,0.3991362021316265,0-1,0,5.25,5250,,,,,0,0.6684180653397145,0.3105211790708874,8.178159204555243,0.9983989730218731,6.319017202935873e-05,negative_hard,10.0,0,0,0,0,0,0,0,0,0,0,-1,0,0,0,1,0,0,1,0,0
sim_0005_n3_seed47,47,0.001,3,6.0,2,body_2,8.648712297334397,4.926411902220734,7.650148987335633e-06,3.858284522492854e-06,0.49066290559901715,0.21537970960864194,0,9.477070406136848,2.613519081239752,-70.90151271023447,1.703244157889811e-07,182.16787061503447,-3.744463960778151e-15,3.5846295691726593,0-1,0,6.0,6000,,,,,0,0.49066290559901715,0.21540354709280163,9.477070406136848,2.613519081239752,0.0007512220643895286,negative_baseline,20.0,0,0,0,0,0,0,0,0,0,0,-1,0,0,0,0,0,0,1,0,0
sim_0005_n3_seed47,47,0.001,3,7.0,2,body_2,8.648712297334397,4.926411902220734,9.873699329168452e-06,1.628406619843935e-05,0.3558201513583731,0.11629605302082352,0,11.151125301910065,2.5478319602559307,-70.90151971542474,7.152272864991916e-08,182.1678706150347,-2.4963093071854337e-15,4.709419739883715,0-1,0,7.0,7000,,,,,0,0.3558201513583731,0.11630919456556106,11.151125301910065,2.5478319602559307,0.0010065278643324686,negative_baseline,20.0,0,0,0,0,0,0,0,0,0,0,-1,0,0,0,0,0,0,1,0,0
sim_0005_n3_seed47,47,0.001,3,8.0,2,body_2,8.648712297334397,4.926411902220734,2.8434102815345585e-05,2.4080556396225076e-05,0.2803346763980678,0.06966522268613282,1,12.545619357224643,0.9738456322808002,-70.90151589885144,1.2535194189874793e-07,182.16787061503499,-9.361159901945377e-16,3.8794455438995334,0-1,0,8.0,8000,,,,,0,0.2803346763980678,0.06967565954448104,12.545619357224643,0.9738456322808002,0.0008633145777618731,negative_hard,10.0,0,0,0,0,0,0,0,0,0,0,-1,0,0,0,0,0,0,1,0,0
sim_0005_n3_seed47,47,0.001,3,8.5,2,body_2,8.648712297334397,4.926411902220734,4.05342790918312e-05,2.5320694887810055e-05,0.25475157856251535,0.05465318339787672,1,12.786170811354289,2.2649462458192997,-70.9014718447136,7.466945431743961e-07,182.1678706150351,-3.120386633981792e-16,2.5285157970380148,0-1,0,8.5,8500,,,,,0,0.25475157856251535,0.05465365213260659,12.786170811354289,2.2649462458192997,0.0005946878247796684,negative_hard,10.0,0,0,0,0,0,0,0,0,0,0,-1,0,0,0,1,0,0,1,0,0
sim_0005_n3_seed47,47,0.001,3,9.0,2,body_2,8.648712297334397,4.926411902220734,5.2957198526819436e-05,2.5043639439988268e-05,0.2323865132280362,0.04618824667786706,0,13.842376090053131,0.8239513085036586,-70.89824902968053,4.6201500244100484e-05,182.16787061503518,1.560193316990896e-16,0.8930023385940316,0-1,0,9.0,9000,,,,,0,0.2323865132280362,0.04609389306728211,13.842376090053131,0.8239513085036586,0.00034312896263064354,negative_hard,10.0,0,0,0,0,0,0,0,0,0,0,-1,0,0,0,1,0,0,1,0,0
sim_0005_n3_seed47,47,0.001,3,10.0,2,body_2,8.648712297334397,4.926411902220734,7.764018204338335e-05,2.522335830489244e-05,0.19446041348167364,0.03654099947482622,0,14.943941451336407,1.6651571952927298,-70.90151787249316,9.751556289591573e-08,182.1678706150355,1.8722319803890754e-15,4.183129694625664,0-1,0,10.0,10000,,,,,0,0.19446041348167364,0.036545221764169494,14.943941451336407,1.6651571952927298,0.0018201824994239517,negative_baseline,20.0,0,0,0,0,0,0,0,0,0,0,-1,0,0,0,1,0,0,1,0,0
sim_0005_n3_seed47,47,0.001,3,11.0,2,body_2,8.648712297334397,4.926411902220734,0.00010373030655595884,2.8132645689721987e-05,0.1669146160236619,0.02695119660638376,0,16.183912468987106,1.8167863134552602,-70.90151970710525,7.164006729845574e-08,182.16787061503544,1.560193316990896e-15,4.690183475949853,0-1,0,11.0,11000,,,,,0,0.1669146160236619,0.026954203356201443,16.183912468987106,1.8167863134552602,0.002096933192589398,negative_baseline,20.0,0,0,0,0,0,0,0,0,0,0,-1,0,0,0,1,0,0,1,0,0
sim_0005_n3_seed47,47,0.001,3,11.8,2,body_2,8.648712297334397,4.926411902220734,0.0001263210591865653,3.0201819615944742e-05,0.15082934154516867,0.02106927326888167,0,17.182413460301387,1.995144450230792,-70.90151434551258,1.4726034043684777e-07,182.16787061503496,-1.0921353218936272e-15,3.719218384111057,0-1,0,11.8,11800,,,,,0,0.15082934154516867,0.021072864281109764,17.182413460301387,1.995144450230792,0.0017148426195349596,negative_hard,10.0,0,0,0,0,0,0,0,0,0,0,-1,0,0,0,1,0,0,1,0,0
sim_0005_n3_seed47,47,0.001,3,12.0,2,body_2,8.648712297334397,4.926411902220734,0.00013216444202293772,3.045133343501893e-05,0.14750735244007215,0.019655795832987346,0,17.434846461703597,2.0776551097816642,-70.90150632276537,2.604137209013472e-07,182.167870615035,-7.80096658495448e-16,3.2307062144673524,0-1,0,12.0,12000,,,,,0,0.14750735244007215,0.019659939132858045,17.434846461703597,2.0776551097816642,0.0015112725041634629,negative_baseline,20.0,0,0,0,0,0,0,0,0,0,0,-1,0,0,0,1,0,0,1,0,0
sim_0005_n3_seed47,47,0.001,3,12.3,2,body_2,8.648712297334397,4.926411902220734,0.00014100117898819403,3.053636390692439e-05,0.14301514410158345,0.01742619533968214,1,17.762321908918207,2.7072849034662467,-70.9014266956391,1.3834802065434154e-06,182.16787061503513,-1.560193316990896e-16,2.2003616198632945,0-1,0,12.3,12300,,,,,0,0.14301514410158345,0.017430497061469843,17.762321908918207,2.7072849034662467,0.0010772050906495815,negative_hard,10.0,0,0,0,0,0,0,0,0,0,0,-1,0,0,0,1,0,0,1,0,0
sim_0005_n3_seed47,47,0.001,3,12.8,2,body_2,8.648712297334397,4.926411902220734,0.00015568482434272744,3.0007889998179784e-05,0.13625033761692382,0.014691936161065093,0,18.045945138905275,0.644849063946187,-70.90096261769335,7.928867589223687e-06,182.16787061503481,-1.8722319803890754e-15,1.446012191043201,0-1,0,12.8,12800,,,,,0,0.13625033761692382,0.014687075074095798,18.045945138905275,0.644849063946187,0.0009676719660625581,negative_hard,10.0,0,0,0,0,0,0,0,0,0,0,-1,0,0,0,1,0,0,1,0,0
sim_0005_n3_seed47,47,0.001,3,13.0,2,body_2,8.648712297334397,4.926411902220734,0.00016148066035864863,2.973458935696919e-05,0.13371188294831152,0.014550389055989918,0,18.126996642042364,0.828835644032311,-70.90145651975578,9.628388060926197e-07,182.167870615035,-7.80096658495448e-16,2.3924361184416996,0-1,0,13.0,13000,,,,,0,0.13371188294831152,0.014552410512179969,18.126996642042364,0.828835644032311,0.0016218362420038867,negative_baseline,20.0,0,0,0,0,0,0,0,0,0,0,-1,0,0,0,1,0,0,1,0,0
sim_0005_n3_seed47,47,0.001,3,14.0,2,body_2,8.648712297334397,4.926411902220734,0.0001897633832890985,2.9574656621635382e-05,0.12168965663713548,0.012819252631216874,0,18.88126608969025,1.2302865158903824,-70.90151926396283,7.78901786634785e-08,182.16787061503538,1.2481546535927168e-15,4.532205769174002,0-1,0,14.0,14000,,,,,0,0.12168965663713548,0.012820247924047158,18.88126608969025,1.2302865158903824,0.0031699517332518263,negative_baseline,20.0,0,0,0,0,0,0,0,0,0,0,-1,0,0,0,1,0,0,1,0,0
sim_0005_n3_seed47,47,0.001,3,15.0,2,body_2,8.648712297334397,4.926411902220734,0.00021781612464834464,3.11789613022622e-05,0.1117356619120054,0.010870253739219958,0,19.78587453931446,1.4579591988987524,-70.90151918974013,7.893702071017788e-08,182.1678706150357,2.9643673022827025e-15,4.510569604204881,0-1,0,15.0,15000,,,,,0,0.1117356619120054,0.01087129761780748,19.78587453931446,1.4579591988987524,0.003220508057598073,negative_baseline,20.0,0,0,0,0,0,0,0,0,0,0,-1,0,0,0,1,0,0,1,0,0
sim_0005_n3_seed47,47,0.001,3,15.6,2,body_2,8.648712297334397,4.926411902220734,0.00023498972588257487,3.206713779895037e-05,0.10684156068970782,0.009630800979129155,0,20.3760541419846,1.6661711866992366,-70.90151213874438,1.7838475148030732e-07,182.16787061503547,1.7162126486899857e-15,3.5461101062767426,0-1,0,15.6,15600,,,,,0,0.10684156068970782,0.00963258013444931,20.3760541419846,1.6661711866992366,0.0025862536760842296,negative_hard,10.0,0,0,0,0,0,0,0,0,0,0,-1,0,0,0,1,0,0,1,0,0
sim_0005_n3_seed47,47,0.001,3,16.0,2,body_2,8.648712297334397,4.926411902220734,0.0002465946309230244,3.223094048674236e-05,0.10409797420609519,0.008517347444249587,0,20.79987706398544,1.968183852332203,-70.90144161037226,1.1731217805170487e-06,182.16787061503578,3.4324252973799714e-15,2.2903757633922615,0-1,0,16.0,16000,,,,,0,0.10409797420609519,0.008521492497662597,20.79987706398544,1.968183852332203,0.0017436150722625683,negative_baseline,20.0,0,0,0,0,0,0,0,0,0,0,-1,0,0,0,1,0,0,1,0,0
sim_0005_n3_seed47,47,0.001,3,16.1,2,body_2,8.648712297334397,4.926411902220734,0.0002495041557627531,3.219230588806596e-05,0.10348895924797066,0.008132986062996044,0,20.91094251884611,2.1211663686171747,-70.90131286861481,2.988904414782463e-06,182.16787061503575,3.2764059656808815e-15,1.8402582273531456,0-1,0,16.1,16100,,,,,0,0.10348895924797066,0.008138406029283887,20.91094251884611,2.1211663686171747,0.0014456991031149208,negative_hard,10.0,0,0,0,0,0,0,0,0,0,0,-1,0,0,0,1,0,0,1,0,0
sim_0005_n3_seed47,47,0.001,3,16.6,2,body_2,8.648712297334397,4.926411902220734,0.00026398161858181955,3.165435582799895e-05,0.10071666371101093,0.006581688529787877,0,20.965142145585673,0.5752873895618191,-70.90132865354215,2.7662727098982087e-06,182.1678706150364,6.864850594759943e-15,1.8745532436564283,0-1,0,16.6,16600,,,,,0,0.10071666371101093,0.006579346670409426,20.965142145585673,0.5752873895618191,0.0018131667736604943,negative_hard,10.0,0,0,0,0,0,0,0,0,0,0,-1,0,0,0,1,0,0,1,0,0
sim_0005_n3_seed47,47,0.001,3,17.0,2,body_2,8.648712297334397,4.926411902220734,0.0002753685846708695,3.121430593493256e-05,0.09865453777527736,0.0064919106804491485,0,21.044628763198737,0.6936685066601255,-70.90150803645017,2.3624379224317193e-07,182.1678706150363,6.240773267963584e-15,3.312068415766428,0-1,0,17.0,17000,,,,,0,0.09865453777527736,0.006492108974399219,21.044628763198737,0.6936685066601255,0.0032200129799378942,negative_baseline,20.0,0,0,0,0,0,0,0,0,0,0,-1,0,0,0,1,0,0,1,0,0
sim_0005_n3_seed47,47,0.001,3,18.0,2,body_2,8.648712297334397,4.926411902220734,0.0003029666049688445,3.146812502781058e-05,0.09359109808679096,0.006221553989808858,0,21.53007253507046,0.9868418693919339,-70.90151975190194,7.100825165397538e-08,182.16787061503635,6.552811931361763e-15,4.716376561793746,0-1,0,18.0,18000,,,,,0,0.09359109808679096,0.006221795812346049,21.53007253507046,0.9868418693919339,0.004657980768562802,negative_baseline,20.0,0,0,0,0,0,0,0,0,0,0,-1,0,0,0,1,0,0,1,0,0
sim_0005_n3_seed47,47,0.001,3,19.0,2,body_2,8.648712297334397,4.926411902220734,0.00033009598629130755,3.3135145152941255e-05,0.08909010923520849,0.005783638202672302,0,22.186972961983493,1.2636395091342003,-70.90151775821128,9.912740234470596e-08,182.1678706150362,5.7727152728663156e-15,4.172911227211078,0-1,0,19.0,19000,,,,,0,0.08909010923520849,0.005784134204447893,22.186972961983493,1.2636395091342003,0.004192094214288459,negative_baseline,20.0,0,0,0,0,0,0,0,0,0,0,-1,0,0,0,1,0,0,1,0,0
sim_0005_n3_seed47,47,0.001,3,19.400000000000002,2,body_2,8.648712297334397,4.926411902220734,0.00034105460029745517,3.3697500696248154e-05,0.08753901070152383,0.005503742999292167,0,22.497204536058597,1.447934251224356,-70.90150884702476,2.2481139226305265e-07,182.16787061503598,4.524560619273598e-15,3.3545264916851054,0-1,0,19.400000000000002,19400,,,,,0,0.08753901070152383,0.005504820746341547,22.497204536058597,1.447934251224356,0.003419394425599453,negative_hard,10.0,0,0,0,0,0,0,0,0,0,0,-1,0,0,0,1,0,0,1,0,0
sim_0005_n3_seed47,47,0.001,3,19.900000000000002,2,body_2,8.648712297334397,4.926411902220734,0.0003548778048161025,3.386940374507504e-05,0.08594559852978442,0.004661713195184644,0,22.95164225880342,2.105710392526282,-70.90091306597802,8.627748402924061e-06,182.16787061503555,2.1842706437872543e-15,1.4232949078713975,0-1,0,19.900000000000002,19900,,,,,0,0.08594559852978442,0.004670617876554149,22.95164225880342,2.105710392526282,0.0016276423323466566,negative_hard,10.0,0,0,0,0,0,0,0,0,0,0,-1,0,0,0,1,0,0,1,0,0
sim_0005_n3_seed47,47,0.001,3,20.0,2,body_2,8.648712297334397,4.926411902220734,0.0003576481102698667,3.3807429425519656e-05,0.08569504770627556,0.004244949058499457,1,22.832804780429093,7.48116571181248,-70.89514726010566,8.994907244665966e-05,182.16787061503567,2.8083479705836126e-15,0.74944364936587,0-1,0,20.0,20000,,,,,0,0.08569504770627556,0.004224863778851167,22.832804780429093,7.48116571181248,0.0011096434164811833,negative_baseline,20.0,0,0,0,0,1,0,0,0,0,0,-1,0,0,0,1,0,0,1,0,0
sim_0005_n3_seed47,47,0.001,3,20.400000000000002,2,body_2,8.648712297334397,4.926411902220734,0.00036868078739599614,3.344082485187935e-05,0.0848027247083367,0.003613309524067033,0,22.822888002139315,0.6198875139508759,-70.9014317407723,1.3123232997182685e-06,182.16787061503558,2.3402899754863442e-15,2.2351177318104147,0-1,0,20.400000000000002,20400,,,,,0,0.0848027247083367,0.003611903494619416,22.822888002139315,0.6198875139508759,0.0028606990659966994,negative_hard,10.0,0,0,0,0,0,0,0,0,0,0,-1,0,0,0,1,0,0,1,0,0
sim_0005_n3_seed47,47,0.001,3,21.0,2,body_2,8.648712297334397,4.926411902220734,0.00038490540764887337,3.311017327393165e-05,0.083559500633831,0.003572786335920704,0,22.822336424141927,0.6273240201439395,-70.90151628687738,1.1987919727640213e-07,182.1678706150357,2.9643673022827025e-15,3.9442108748001354,0-1,0,21.0,21000,,,,,0,0.083559500633831,0.0035726865268419033,22.822336424141927,0.6273240201439395,0.005051138744882322,negative_baseline,20.0,0,0,0,0,0,0,0,0,0,0,-1,0,0,0,1,0,0,1,0,0
sim_0005_n3_seed47,47,0.001,3,21.35,2,body_2,8.648712297334397,4.926411902220734,0.00039415189465751325,3.32660093914502e-05,0.08280090072093049,0.003615638943213957,0,22.890481097514037,0.7037447562054137,-70.90151897669907,8.194176655684842e-08,182.16787061503598,4.524560619273598e-15,4.45381278148789,0-1,0,21.35,21350,,,,,0,0.08280090072093049,0.0036155769512263985,22.890481097514037,0.7037447562054137,0.005722169480966767,negative_hard,8.0,0,0,0,0,0,0,0,0,0,0,-1,0,0,0,1,0,0,1,0,0
sim_0005_n3_seed47,47,0.001,3,21.75,2,body_2,8.648712297334397,4.926411902220734,0.0004045598797268453,3.3774656562841935e-05,0.08192810046380986,0.0036680674111730146,0,23.0031062615488,0.793165963524427,-70.90151977723143,7.065100285905778e-08,182.16787061503595,4.368541287574509e-15,4.73115294262943,0-1,0,21.75,21750,,,,,0,0.08192810046380986,0.003668020796033767,23.0031062615488,0.793165963524427,0.00610089376924281,negative_hard,8.0,0,0,0,0,0,0,0,0,0,0,-1,0,0,0,1,0,0,1,0,0
sim_0005_n3_seed47,47,0.001,3,22.0,2,body_2,8.648712297334397,4.926411902220734,0.00041100802711084995,3.424352442382372e-05,0.08138710268439735,0.0036992864532717595,0,23.089008474733646,0.8513800076360382,-70.90151983292895,6.986544109915813e-08,182.16787061503604,4.836599282671778e-15,4.755679050289257,0-1,0,22.0,22000,,,,,0,0.08138710268439735,0.003699250760450018,23.089008474733646,0.8513800076360382,0.006147433685718725,negative_baseline,20.0,0,0,0,0,0,0,0,0,0,0,-1,0,0,0,1,0,0,1,0,0
sim_0005_n3_seed47,47,0.001,3,22.150000000000002,2,body_2,8.648712297334397,4.926411902220734,0.000414866308854013,3.456652528307401e-05,0.08106633260655716,0.0037168612503673893,0,23.145924493585746,0.8882403773093355,-70.90151974155177,7.115423127338463e-08,182.16787061503607,4.992618614370867e-15,4.716674025958425,0-1,0,22.150000000000002,22150,,,,,0,0.08106633260655716,0.003716835565347653,23.145924493585746,0.8882403773093355,0.006106632130955246,negative_hard,8.0,0,0,0,0,0,0,0,0,0,0,-1,0,0,0,1,0,0,1,0,0
sim_0005_n3_seed47,47,0.001,3,22.55,2,body_2,8.648712297334397,4.926411902220734,0.00042515624825687577,3.551047363715862e-05,0.08023406438400914,0.0037561526180902517,0,23.317854379228642,1.000062862443679,-70.9015188058347,8.435164939790374e-08,182.16787061503604,4.836599282671778e-15,4.4084448983740305,0-1,0,22.55,22550,,,,,0,0.08023406438400914,0.0037561845892383062,23.317854379228642,1.000062862443679,0.005736816819204886,negative_hard,8.0,0,0,0,0,0,0,0,0,0,0,-1,0,0,0,1,0,0,1,0,0
sim_0005_n3_seed47,47,0.001,3,23.0,2,body_2,8.648712297334397,4.926411902220734,0.0004368143352870865,3.65278167977302e-05,0.0793660188929154,0.0037687475444845345,0,23.551671807346217,1.1772178636087363,-70.9015134872828,1.5936487253170266e-07,182.1678706150361,5.148637946069957e-15,3.65553279003722,0-1,0,23.0,23000,,,,,0,0.0793660188929154,0.0037690237465058656,23.551671807346217,1.1772178636087363,0.004804520547473812,negative_baseline,20.0,0,0,0,0,0,0,0,0,0,0,-1,0,0,0,1,0,0,1,0,0
sim_0005_n3_seed47,47,0.001,3,23.400000000000002,2,body_2,8.648712297334397,4.926411902220734,0.00044730984420897704,3.7143712663233134e-05,0.07871356757615637,0.0036763970429965877,0,23.81128587431005,1.480989726051362,-70.90146456560305,8.493596208298747e-07,182.1678706150363,6.240773267963584e-15,2.4718722317565636,0-1,0,23.400000000000002,23400,,,,,0,0.07871356757615637,0.003678017761068557,23.81128587431005,1.480989726051362,0.0033387332719926623,negative_hard,10.0,0,0,0,0,0,0,0,0,0,0,-1,0,0,0,1,0,0,1,0,0
sim_0005_n3_seed47,47,0.001,3,23.900000000000002,2,body_2,8.648712297334397,4.926411902220734,0.00046057342508176567,3.722923432157555e-05,0.07823415371804093,0.0030142135092943475,0,23.94321689042327,1.4162355110152327,-70.89960520323808,2.7073934770192823e-05,182.16787061503695,9.829217897042645e-15,1.0606425454047075,0-1,0,23.900000000000002,23900,,,,,0,0.07823415371804093,0.003007386470615704,23.94321689042327,1.4162355110152327,0.0018780088914767848,negative_hard,10.0,0,0,0,0,0,0,0,0,0,0,-1,0,0,0,1,0,0,1,0,0
sim_0005_n3_seed47,47,0.001,3,24.0,2,body_2,8.648712297334397,4.926411902220734,0.0004632289169912911,3.717930181033309e-05,0.07821186790533942,0.0028105373371376074,0,23.853772341314926,1.011129584433654,-70.90119625395022,4.633645694220562e-06,182.16787061503692,9.673198565343556e-15,1.661226659428348,0-1,0,24.0,24000,,,,,0,0.07821186790533942,0.002807857492057207,23.853772341314926,1.011129584433654,0.002730084335491038,negative_baseline,20.0,0,0,0,0,0,0,0,0,0,0,-1,0,0,0,1,0,0,1,0,0
sim_0005_n3_seed47,47,0.001,3,24.400000000000002,2,body_2,8.648712297334397,4.926411902220734,0.0004737836450299807,3.700528838006764e-05,0.07814093999423614,0.0025620582125207847,0,23.673388331057918,0.6507413941534097,-70.9015052802566,2.7511733657117545e-07,182.16787061503675,8.737082575149017e-15,3.200595127083843,0-1,0,24.400000000000002,24400,,,,,0,0.07814093999423614,0.0025617130875334377,23.673388331057918,0.6507413941534097,0.005119830096307776,negative_hard,8.0,0,0,0,0,0,0,0,0,0,0,-1,0,0,0,1,0,0,1,0,0
sim_0005_n3_seed47,47,0.001,3,24.8,2,body_2,8.648712297334397,4.926411902220734,0.00048416397007711615,3.7121630246606015e-05,0.07802904160856097,0.0025481872020352786,0,23.60239281378691,0.6237182638072553,-70.9015172322072,1.0654620029148567e-07,182.16787061503697,9.985237228741735e-15,4.085438294033852,0-1,0,24.8,24800,,,,,0,0.07802904160856097,0.002548002295550512,23.60239281378691,0.6237182638072553,0.006535464562121254,negative_hard,8.0,0,0,0,0,0,0,0,0,0,0,-1,0,0,0,1,0,0,1,0,0
sim_0005_n3_seed47,47,0.001,3,25.0,2,body_2,8.648712297334397,4.926411902220734,0.0004892806350607518,3.7330537317775285e-05,0.07795749714391412,0.0025718493568810713,0,23.58853522853438,0.6376195421550794,-70.90151866783481,8.629800938157777e-08,182.1678706150369,9.517179233644466e-15,4.374354762810409,0-1,0,25.0,25000,,,,,0,0.07795749714391412,0.0025716778159360193,23.58853522853438,0.6376195421550794,0.007003098681618921,negative_baseline,20.0,0,0,0,0,0,0,0,0,0,0,-1,0,0,0,1,0,0,1,0,0
sim_0005_n3_seed47,47,0.001,3,25.2,2,body_2,8.648712297334397,4.926411902220734,0.0004943525589510663,3.7644569970025943e-05,0.07787737052732766,0.0026072980682822038,0,23.585490919371217,0.6595701053333116,-70.90151936955247,7.640093496466868e-08,182.167870615037,1.0141256560440824e-14,4.579153283797384,0-1,0,25.2,25200,,,,,0,0.07787737052732766,0.002607127483426413,23.585490919371217,0.6595701053333116,0.007337777981186177,negative_hard,8.0,0,0,0,0,0,0,0,0,0,0,-1,0,0,0,1,0,0,1,0,0
sim_0005_n3_seed47,47,0.001,3,25.6,2,body_2,8.648712297334397,4.926411902220734,0.0005043933762345962,3.85673778407091e-05,0.07769712827900957,0.002702669690707781,0,23.60687318687005,0.7187918062425882,-70.90151983858964,6.978560246620876e-08,182.16787061503703,1.0297275892139914e-14,4.761310009619396,0-1,0,25.6,25600,,,,,0,0.07769712827900957,0.002702485302817449,23.60687318687005,0.7187918062425882,0.0076461414298116545,negative_hard,8.0,0,0,0,0,0,0,0,0,0,0,-1,0,0,0,1,0,0,1,0,0
sim_0005_n3_seed47,47,0.001,3,26.0,2,body_2,8.648712297334397,4.926411902220734,0.0005143702371253245,3.980130725595962e-05,0.07750042267134798,0.0028220450787784326,0,23.661487314570486,0.7962757513752384,-70.90151957803002,7.346055328474322e-08,182.16787061503683,9.205140570246286e-15,4.654878525812818,0-1,0,26.0,26000,,,,,0,0.07750042267134798,0.0028218389371371284,23.661487314570486,0.7962757513752384,0.007495603461253773,negative_hard,8.0,0,0,0,0,0,0,0,0,0,0,-1,0,0,0,1,0,0,1,0,0
sim_0005_n3_seed47,47,0.001,3,26.400000000000002,2,body_2,8.648712297334397,4.926411902220734,0.0005243888110087441,4.119019353060473e-05,0.07730277350770295,0.0029609054369852325,0,23.750306224207982,0.9008461283339705,-70.90151810242818,9.427254342096587e-08,182.16787061503663,8.11300524835266e-15,4.246577412893036,0-1,0,26.400000000000002,26400,,,,,0,0.07730277350770295,0.0029606832619398374,23.750306224207982,0.9008461283339705,0.006865955434774498,negative_hard,8.0,0,0,0,0,0,0,0,0,0,0,-1,0,0,0,1,0,0,1,0,0
sim_0005_n3_seed47,47,0.001,3,26.8,2,body_2,8.648712297334397,4.926411902220734,0.0005345561419168145,4.2518207787121095e-05,0.07713071778909963,0.0031148034948523494,0,23.881028113729002,1.0633963616412232,-70.90151093785958,1.9532211354219452e-07,182.16787061503658,7.80096658495448e-15,3.4758404449365696,0-1,0,26.8,26800,,,,,0,0.07713071778909963,0.003114636286559932,23.881028113729002,1.0633963616412232,0.005666498597520019,negative_hard,8.0,0,0,0,0,0,0,0,0,0,0,-1,0,0,0,1,0,0,1,0,0
sim_0005_n3_seed47,47,0.001,3,27.0,2,body_2,8.648712297334397,4.926411902220734,0.000539722440609239,4.307552360682464e-05,0.07707065142557042,0.0031917886610822047,0,23.967997551910674,1.1962213738707157,-70.90149519264564,4.173936979084306e-07,182.16787061503658,7.80096658495448e-15,2.908086085561683,0-1,0,27.0,27000,,,,,0,0.07707065142557042,0.0031918065163859437,23.967997551910674,1.1962213738707157,0.004786325966639387,negative_baseline,20.0,0,0,0,0,0,0,0,0,0,0,-1,0,0,0,1,0,0,1,0,0
sim_0005_n3_seed47,47,0.001,3,27.2,2,body_2,8.648712297334397,4.926411902220734,0.0005449506600599852,4.350900119474465e-05,0.07704682846569821,0.003253443606259688,0,24.076660590314827,1.4230760951836556,-70.90141551717029,1.5411421023040425e-06,182.1678706150367,8.425043911750838e-15,2.1573896359406826,0-1,0,27.2,27200,,,,,0,0.07704682846569821,0.003254370277035057,24.076660590314827,1.4230760951836556,0.0036402558767969157,negative_hard,10.0,0,0,0,0,0,0,0,0,0,0,-1,0,0,0,1,0,0,1,0,0
sim_0005_n3_seed47,47,0.001,3,27.7,2,body_2,8.648712297334397,4.926411902220734,0.0005582411021147281,4.395213460557039e-05,0.07732977370751419,0.0031426959499529557,0,24.016502191109147,1.3353826250701215,-70.90107408481967,6.356727544952841e-06,182.16787061503692,9.673198565343556e-15,1.539480393130428,0-1,0,27.7,27700,,,,,0,0.07732977370751419,0.0031433299709981797,24.016502191109147,1.3353826250701215,0.00312799526392775,negative_hard,10.0,0,0,0,0,0,0,0,0,0,0,-1,0,0,0,1,0,0,1,0,0
sim_0005_n3_seed47,47,0.001,3,28.0,2,body_2,8.648712297334397,4.926411902220734,0.0005662718834234275,4.400917998819016e-05,0.07773016789369765,0.0029838805576356746,0,23.778451098336333,0.9049604116164974,-70.90149115509008,4.743396601825502e-07,182.1678706150367,8.425043911750838e-15,2.8245623530200072,0-1,0,28.0,28000,,,,,0,0.07773016789369765,0.0029836951387230367,23.778451098336333,0.9049604116164974,0.005486900146309555,negative_baseline,20.0,0,0,0,0,0,0,0,0,0,0,-1,0,0,0,1,0,0,1,0,0
sim_0005_n3_seed47,47,0.001,3,28.150000000000002,2,body_2,8.648712297334397,4.926411902220734,0.00057027304612547,4.407396141459635e-05,0.0779321690505323,0.0029372008351738824,0,23.69319893236111,0.8269596757075987,-70.90150714573169,2.488065472017569e-07,182.16787061503686,9.361159901945377e-15,3.279323497407471,0-1,0,28.150000000000002,28150,,,,,0,0.0779321690505323,0.002937051023809053,23.69319893236111,0.8269596757075987,0.006347574447594096,negative_hard,8.0,0,0,0,0,0,0,0,0,0,0,-1,0,0,0,1,0,0,1,0,0
sim_0005_n3_seed47,47,0.001,3,28.55,2,body_2,8.648712297334397,4.926411902220734,0.0005808477457928499,4.451157758674484e-05,0.07844909138269918,0.002881388938323036,0,23.522511203971966,0.7360438769871199,-70.90151749942176,1.0277738769376989e-07,182.16787061503683,9.205140570246286e-15,4.132874703792885,0-1,0,28.55,28550,,,,,0,0.07844909138269918,0.002881265478167323,23.522511203971966,0.7360438769871199,0.007978919324651832,negative_hard,8.0,0,0,0,0,0,0,0,0,0,0,-1,0,0,0,1,0,0,1,0,0
sim_0005_n3_seed47,47,0.001,3,28.95,2,body_2,8.648712297334397,4.926411902220734,0.000591267769036987,4.543036661613392e-05,0.07892904396762694,0.002893967151322309,0,23.40637921233619,0.7168359061633939,-70.90151943297425,7.550642980390017e-08,182.16787061503678,8.893101906848107e-15,4.603762884061866,0-1,0,28.95,28950,,,,,0,0.07892904396762694,0.002893819506361611,23.40637921233619,0.7168359061633939,0.008887724318927754,negative_hard,8.0,0,0,0,0,0,0,0,0,0,0,-1,0,0,0,1,0,0,1,0,0
sim_0005_n3_seed47,47,0.001,3,29.0,2,body_2,8.648712297334397,4.926411902220734,0.0005925609172233129,4.558079979314032e-05,0.07898652086906885,0.002899293150523626,0,23.394831575239433,0.7171323952132096,-70.90151953359242,7.408730424142061e-08,182.1678706150369,9.517179233644466e-15,4.640135687123358,0-1,0,29.0,29000,,,,,0,0.07898652086906885,0.0028991405232320485,23.394831575239433,0.7171323952132096,0.008958473440623246,negative_baseline,20.0,0,0,0,0,0,0,0,0,0,0,-1,0,0,0,1,0,0,1,0,0
sim_0005_n3_seed47,47,0.001,3,29.35,2,body_2,8.648712297334397,4.926411902220734,0.0006015782531369986,4.684228601336265e-05,0.07937465744783798,0.0029573054329855805,0,23.330221194127798,0.7312307469647018,-70.90151984317312,6.972095669408306e-08,182.16787061503683,9.205140570246286e-15,4.7660713396358085,0-1,0,29.35,29350,,,,,0,0.07937465744783798,0.002957107109781097,23.330221194127798,0.7312307469647018,0.009207740551069418,negative_hard,8.0,0,0,0,0,0,0,0,0,0,0,-1,0,0,0,1,0,0,1,0,0
sim_0005_n3_seed47,47,0.001,3,29.75,2,body_2,8.648712297334397,4.926411902220734,0.0006118837272644837,4.8660779397745716e-05,0.07979227004805828,0.0030673502266398735,0,23.289646343079298,0.7707829180500501,-70.9015195321745,7.410730263292472e-08,182.16787061503703,1.0297275892139914e-14,4.640135659767611,0-1,0,29.75,29750,,,,,0,0.07979227004805828,0.003067070468507019,23.289646343079298,0.7707829180500501,0.0089764800620029,negative_hard,8.0,0,0,0,0,0,0,0,0,0,0,-1,0,0,0,1,0,0,1,0,0
sim_0005_n3_seed47,47,0.001,3,30.0,2,body_2,8.648712297334397,4.926411902220734,0.0006183850824701594,4.993134278524836e-05,0.08004351229152452,0.00316214727359914,0,23.282914868403935,0.8102576301785357,-70.90151879201548,8.454655659928932e-08,182.16787061503703,1.0297275892139914e-14,4.4097145594455185,0-1,0,30.0,30000,,,,,0,0.08004351229152452,0.0031617908457548744,23.282914868403935,0.8102576301785357,0.008542370335820764,negative_baseline,20.0,0,0,0,0,0,0,0,0,0,0,-1,0,0,0,1,0,0,1,0,0
sim_0005_n3_seed47,47,0.001,3,30.150000000000002,2,body_2,8.648712297334397,4.926411902220734,0.0006223280914449238,5.0715337315224944e-05,0.08019267722715243,0.003230416850750144,0,23.286515467812794,0.8415147787130535,-70.90151791221805,9.695528022931856e-08,182.16787061503703,1.0297275892139914e-14,4.210215028178589,0-1,0,30.150000000000002,30150,,,,,0,0.08019267722715243,0.00322999883169869,23.286515467812794,0.8415147787130535,0.008165525872316419,negative_hard,8.0,0,0,0,0,0,0,0,0,0,0,-1,0,0,0,1,0,0,1,0,0
sim_0005_n3_seed47,47,0.001,3,30.55,2,body_2,8.648712297334397,4.926411902220734,0.0006330699325738879,5.275462851451247e-05,0.08059886947312507,0.0034680885275950217,0,23.33046298943,0.9739312812726718,-70.9015098023096,2.1133798883966206e-07,182.16787061503712,1.0765333887237182e-14,3.4112339303206203,0-1,0,30.55,30550,,,,,0,0.08059886947312507,0.003467396589830161,23.33046298943,0.9739312812726718,0.00665877466278787,negative_hard,8.0,0,0,0,0,0,0,0,0,0,0,-1,0,0,0,1,0,0,1,0,0
sim_0005_n3_seed47,47,0.001,3,31.0,2,body_2,8.648712297334397,4.926411902220734,0.0006456733403899891,5.459363933732152e-05,0.08115144879210319,0.003907969570584648,0,23.475374172670765,1.4245175590016965,-70.90128847973722,3.3328868279210468e-06,182.1678706150371,1.0609314555538093e-14,1.8011486936069518,0-1,0,31.0,31000,,,,,0,0.08115144879210319,0.003906875897788103,23.475374172670765,1.4245175590016965,0.0037005366001476247,negative_baseline,20.0,0,0,0,0,0,0,0,0,0,0,-1,0,0,0,1,0,0,1,0,0
sim_0005_n3_seed47,47,0.001,3,31.150000000000002,2,body_2,8.648712297334397,4.926411902220734,0.0006500073712591768,5.499496438766912e-05,0.0814189789800924,0.004088371988809981,0,23.572479915469906,2.0933809668382963,-70.8979072893411,5.1021429582029906e-05,182.16787061503697,9.985237228741735e-15,0.8942023773546682,0-1,0,31.150000000000002,31150,,,,,0,0.0814189789800924,0.004111202724010918,23.572479915469906,2.0933809668382963,0.002272475845693087,negative_hard,10.0,0,0,0,0,0,0,0,0,0,0,-1,0,0,0,1,0,0,1,0,0
sim_0005_n3_seed47,47,0.001,3,31.650000000000002,2,body_2,8.648712297334397,4.926411902220734,0.0006648030832970446,5.57898040517594e-05,0.082780249977113,0.004515399109031572,0,23.069727649989975,1.2269093294970548,-70.90147344324731,7.241487133195351e-07,182.1678706150371,1.0609314555538093e-14,2.5665560478215026,0-1,0,31.650000000000002,31650,,,,,0,0.082780249977113,0.004515691048131814,23.069727649989975,1.2269093294970548,0.00592446408961211,negative_hard,8.0,0,0,0,0,0,0,0,0,0,0,-1,0,0,0,1,0,0,1,0,0
sim_0005_n3_seed47,47,0.001,3,32.0,2,body_2,8.648712297334397,4.926411902220734,0.0006752845124215831,5.628924822996346e-05,0.083913164619865,0.004496310277077261,0,22.78345154187916,1.0180485576495077,-70.9015127433177,1.6985780769912718e-07,182.1678706150372,1.123339188233445e-14,3.600852773662061,0-1,0,32.0,32000,,,,,0,0.083913164619865,0.00449627085830003,22.78345154187916,1.0180485576495077,0.008207790839280764,negative_baseline,20.0,0,0,0,0,0,0,0,0,0,0,-1,0,0,0,1,0,0,1,0,0
sim_0005_n3_seed47,47,0.001,3,32.05,2,body_2,8.648712297334397,4.926411902220734,0.0006767802442332569,5.638341683441966e-05,0.08407583428429442,0.004494258621475915,0,22.748148311046883,1.0007045159877297,-70.9015141053084,1.5064819687478342e-07,182.16787061503723,1.138941121403354e-14,3.7135047683762905,0-1,0,32.05,32050,,,,,0,0.08407583428429442,0.004494208704011905,22.748148311046883,1.0007045159877297,0.008458409698924741,negative_hard,8.0,0,0,0,0,0,0,0,0,0,0,-1,0,0,0,1,0,0,1,0,0
sim_0005_n3_seed47,47,0.001,3,32.4,2,body_2,8.648712297334397,4.926411902220734,0.0006872127723169754,5.727628497248869e-05,0.08521088393002774,0.004494189132985984,0,22.52783685540819,0.9181989490179961,-70.90151842409631,8.973571398050273e-08,182.16787061503732,1.185746920913081e-14,4.320018837731213,0-1,0,32.4,32400,,,,,0,0.08521088393002774,0.004494097198894934,22.52783685540819,0.9181989490179961,0.0098109057589795,negative_pre_failure,1.0,0,0,0,0,0,0,0,0,0,0,-1,0,0,0,1,0,0,1,0,0
sim_0005_n3_seed47,47,0.001,3,32.45,2,body_2,8.648712297334397,4.926411902220734,0.0006886970598287082,5.7441106015360066e-05,0.08537217199545365,0.0044963780743350135,0,22.499625985777357,0.9102823630919022,-70.90151868677916,8.603081698523178e-08,182.16787061503734,1.20134885408299e-14,4.383625218934214,0-1,0,32.45,32450,,,,,0,0.08537217199545365,0.004496281433187845,22.499625985777357,0.9102823630919022,0.00995291735555845,negative_pre_failure,1.0,0,0,0,0,0,0,0,0,0,0,-1,0,0,0,1,0,0,1,0,0
sim_0005_n3_seed47,47,0.001,3,33.0,2,body_2,8.648712297334397,4.926411902220734,3.7692347090760963e-10,3.0266078822560344e-11,0.08712158679548886,0.004556117126615041,0,22.233191657789668,0.8588269608506361,-70.90152570390701,-1.293923870380034e-08,182.16787061503535,1.0921353218936272e-15,4.760193251966796,0-1,1,0.5,500,,,,,0,0.08712158679548886,0.0045559519023846045,22.233191657789668,0.8588269608506361,4.264357781049588e-08,negative_baseline,20.0,0,0,0,0,0,0,0,0,0,0,-1,0,0,0,1,0,0,1,0,0
sim_0005_n3_seed47,47,0.001,3,34.0,2,body_2,8.648712297334397,4.926411902220734,1.1707663872133854e-09,1.3692876082507158e-10,0.09022107593553493,0.004916519900822758,0,21.931966516118116,0.8893300010226735,-70.90152256289679,3.136178634055312e-08,182.1678706150349,-1.4041739852918063e-15,4.006204167147545,0-1,1,1.5,1500,,,,,0,0.09022107593553493,0.004915885866507366,21.931966516118116,0.8893300010226735,1.0222888705504703e-07,negative_baseline,20.0,0,0,0,0,0,0,0,0,0,0,-1,0,0,0,1,0,0,1,0,0
sim_0005_n3_seed47,47,0.001,3,34.05,2,body_2,8.648712297334397,4.926411902220734,1.2127525138308053e-09,1.4305168812246774e-10,0.09037470615723,0.004949083004655876,0,21.924135661633645,0.8968058717696041,-70.90152186898746,4.114873140710067e-08,182.1678706150349,-1.4041739852918063e-15,3.913574757750209,0-1,1,1.5499999999999972,1550,,,,,0,0.09037470615723,0.004948386033519294,21.924135661633645,0.8968058717696041,1.0411727854763506e-07,negative_hard,10.0,0,0,0,0,0,0,0,0,0,0,-1,0,0,0,1,0,0,1,0,0
sim_0005_n3_seed47,47,0.001,3,34.550000000000004,2,body_2,8.648712297334397,4.926411902220734,1.6501388033454738e-09,1.8874106761439177e-10,0.091946788015922,0.0054760510566070975,0,21.907465637544586,1.0836444164536294,-70.90147847468302,6.531849968048908e-07,182.16787061503464,-2.8083479705836126e-15,2.5577122358613686,0-1,1,2.0500000000000043,2050,,,,,0,0.091946788015922,0.005473521184661503,21.907465637544586,1.0836444164536294,1.4530085132280463e-07,negative_hard,10.0,0,0,0,0,0,0,0,0,0,0,-1,0,0,0,1,0,0,1,0,0
sim_0005_n3_seed47,47,0.001,3,35.0,2,body_2,8.648712297334397,4.926411902220734,2.0910184886074412e-09,7.654802029060386e-11,0.09372177169061555,0.006323471680641898,0,21.998265646508223,3.119401670475596,-70.88288840953908,0.00026284874707984443,182.16787061503462,-2.9643673022827025e-15,0.5142342306678134,0-1,1,2.5,2500,,,,,0,0.09372177169061555,0.006321098494903831,21.998265646508223,3.119401670475596,0.00015413859755155246,negative_baseline,20.0,0,0,0,0,1,0,0,0,0,0,-1,0,0,0,1,0,0,1,0,0
sim_0005_n3_seed47,47,0.001,3,35.050000000000004,2,body_2,8.648712297334397,4.926411902220734,2.178162310589939e-09,1.616011015769563e-09,0.09396134666218689,0.0068624580963401365,0,21.89867964647299,2.42277516205039,-70.89818004167068,4.7174511897251725e-05,182.1678706150347,-2.4963093071854337e-15,0.9146853691121796,0-1,1,2.5500000000000043,2550,,,,,0,0.09396134666218689,0.006910845404441292,21.89867964647299,2.42277516205039,0.0002997726615946969,negative_hard,10.0,0,0,0,0,1,0,0,0,0,0,-1,0,0,0,1,0,0,1,0,0
sim_0005_n3_seed47,47,0.001,3,36.0,2,body_2,8.648712297334397,4.926411902220734,1.6083183255323223e-07,4.620984708597055e-07,0.09993439061331968,0.008050760818926445,0,20.788982598533973,1.221859878682029,-70.90152339417394,1.9637396054829587e-08,182.16787061503496,-1.0921353218936272e-15,4.138739869839541,0-1,1,3.5,3500,,,,,0,0.09993439061331968,0.008050513023145104,20.788982598533973,1.221859878682029,0.0014101213596630156,negative_baseline,20.0,0,0,0,0,0,0,0,0,0,0,-1,0,0,0,1,0,0,1,0,0
sim_0005_n3_seed47,47,0.001,3,37.0,2,body_2,8.648712297334397,4.926411902220734,1.0958948396884504e-06,1.4841272993892779e-06,0.10681794655869334,0.008618164727308227,0,20.029267069008714,1.0720553449740653,-70.9015256607046,-1.2329908998424811e-08,182.167870615035,-7.80096658495448e-16,4.743031981985928,0-1,1,4.5,4500,,,,,0,0.10681794655869334,0.008617786020030051,20.029267069008714,1.0720553449740653,0.0016139251967781762,negative_baseline,20.0,0,0,0,0,0,0,0,0,0,0,-1,0,0,0,1,0,0,1,0,0
sim_0005_n3_seed47,47,0.001,3,37.85,2,body_2,8.648712297334397,4.926411902220734,2.7088152790878143e-06,2.3325375904146695e-06,0.11288496690604427,0.009324904151621013,0,19.572370265049372,1.027962344923727,-70.90152054180436,5.986741345824771e-08,182.16787061503524,4.680579950972688e-16,3.7669629495164196,0-1,1,5.350000000000001,5350,,,,,0,0.11288496690604427,0.00932380353301394,19.572370265049372,1.027962344923727,0.001275803583731557,negative_hard,10.0,0,0,0,0,0,0,0,0,0,0,-1,0,0,0,1,0,0,1,0,0
sim_0005_n3_seed47,47,0.001,3,38.0,2,body_2,8.648712297334397,4.926411902220734,3.059753362948168e-06,2.4395714747701448e-06,0.11397652627047879,0.00951886943783915,0,19.516261984562952,1.0328206457376778,-70.90151577256103,1.2713315064887165e-07,182.1678706150347,-2.4963093071854337e-15,3.417242209828039,0-1,1,5.5,5500,,,,,0,0.11397652627047879,0.009517242868062513,19.516261984562952,1.0328206457376778,0.0011553486297100138,negative_baseline,20.0,0,0,0,0,0,0,0,0,0,0,-1,0,0,0,1,0,0,1,0,0
sim_0005_n3_seed47,47,0.001,3,38.35,2,body_2,8.648712297334397,4.926411902220734,3.926743684404792e-06,2.599710208333526e-06,0.11658435794014146,0.010276774372085915,0,19.437403058362307,1.1264589463408676,-70.90144260386876,1.1591094373088806e-06,182.16787061503476,-2.1842706437872543e-15,2.2694538134937323,0-1,1,5.850000000000001,5850,,,,,0,0.11658435794014146,0.010270245863654243,19.437403058362307,1.1264589463408676,0.0007606882430862353,negative_hard,10.0,0,0,0,0,0,0,0,0,0,0,-1,0,0,0,1,0,0,1,0,0
sim_0005_n3_seed47,47,0.001,3,38.85,2,body_2,8.648712297334397,4.926411902220734,5.20944042337392e-06,2.602258376100253e-06,0.12120055682379459,0.013818626024644887,0,19.21759525856095,2.3837794577324676,-70.9008564909141,9.425687009927236e-06,182.16787061503496,-1.0921353218936272e-15,1.3949924747934366,0-1,1,6.350000000000001,6350,,,,,0,0.12120055682379459,0.013838016027038628,19.21759525856095,2.3837794577324676,0.0009483229737732698,negative_hard,10.0,0,0,0,0,1,0,0,0,0,0,-1,0,0,0,1,0,0,1,0,0
sim_0005_n3_seed47,47,0.001,3,39.0,2,body_2,8.648712297334397,4.926411902220734,5.595072869521278e-06,2.601126742955663e-06,0.12299850212660855,0.014742931176615633,0,18.962732196460184,2.0396176738697984,-70.90142072833716,1.467643445105483e-06,182.167870615035,-7.80096658495448e-16,2.1562506944594735,0-1,1,6.5,6500,,,,,0,0.12299850212660855,0.014745940368048868,18.962732196460184,2.0396176738697984,0.0014741300761769414,negative_baseline,20.0,0,0,0,0,0,0,0,0,0,0,-1,0,0,0,1,0,0,1,0,0
sim_0005_n3_seed47,47,0.001,3,40.0,2,body_2,8.648712297334397,4.926411902220734,8.79189293516542e-06,4.609825907051916e-06,0.13717513327976213,0.01772146010696531,0,17.657860238636747,1.5388944356265024,-70.90152495726575,-2.4085587946891587e-09,182.16787061503507,-4.680579950972688e-16,4.493869767251932,0-1,1,7.5,7500,,,,,0,0.13717513327976213,0.017719984245561114,17.657860238636747,1.5388944356265024,0.0030678468143345056,negative_baseline,20.0,0,0,0,0,0,0,0,0,0,0,-1,0,0,0,1,0,0,1,0,0
sim_0005_n3_seed47,47,0.001,3,41.0,2,body_2,8.648712297334397,4.926411902220734,1.521182042712407e-05,9.079950301315834e-06,0.15390676625987174,0.020690060014617293,0,16.626370687923725,1.400133011729336,-70.90152526423554,-6.738081978922145e-09,182.16787061503464,-2.8083479705836126e-15,4.591057243872597,0-1,1,8.5,8500,,,,,0,0.15390676625987174,0.020688341199138465,16.626370687923725,1.400133011729336,0.0031152445921606574,negative_baseline,20.0,0,0,0,0,0,0,0,0,0,0,-1,0,0,0,1,0,0,1,0,0
sim_0005_n3_seed47,47,0.001,3,41.65,2,body_2,8.648712297334397,4.926411902220734,2.184064285041785e-05,1.165580582059262e-05,0.16606401011388103,0.022928943458392,0,16.076177830922862,1.3146315662206862,-70.90151879982207,8.443645190192552e-08,182.16787061503481,-1.8722319803890754e-15,3.61284948291069,0-1,1,9.149999999999999,9150,,,,,0,0.16606401011388103,0.02292642227347339,16.076177830922862,1.3146315662206862,0.002428757614456349,negative_hard,10.0,0,0,0,0,0,0,0,0,0,0,-1,0,0,0,1,0,0,1,0,0
sim_0005_n3_seed47,47,0.001,3,42.0,2,body_2,8.648712297334397,4.926411902220734,2.602916665200863e-05,1.244560891748736e-05,0.17301112470923236,0.024504017141539814,0,15.85056804258041,1.2618901928778261,-70.90148130587197,6.132537124021729e-07,182.16787061503484,-1.7162126486899857e-15,2.587733634373995,0-1,1,9.5,9500,,,,,0,0.17301112470923236,0.024496232546702235,15.85056804258041,1.2618901928778261,0.0017163787938189658,negative_baseline,20.0,0,0,0,0,0,0,0,0,0,0,-1,0,0,0,1,0,0,1,0,0
sim_0005_n3_seed47,47,0.001,3,42.15,2,body_2,8.648712297334397,4.926411902220734,2.7895660439577098e-05,1.2589876991783325e-05,0.1760945056097403,0.025587798847510116,0,15.785574000246589,1.2653850759858725,-70.90136726862566,2.2216429064137477e-06,182.1678706150347,-2.4963093071854337e-15,1.9636575356108343,0-1,1,9.649999999999999,9650,,,,,0,0.1760945056097403,0.025566639953078014,15.785574000246589,1.2653850759858725,0.0012832351045882805,negative_hard,10.0,0,0,0,0,0,0,0,0,0,0,-1,0,0,0,1,0,0,1,0,0
sim_0005_n3_seed47,47,0.001,3,42.65,2,body_2,8.648712297334397,4.926411902220734,3.414262597724167e-05,1.2432838594136104e-05,0.18869468622225405,0.03597204106745646,0,15.364689969175878,2.7018357698060207,-70.90127500387041,3.522951383638304e-06,182.16787061503393,-6.7088312630608525e-15,1.7657864487838928,0-1,1,10.149999999999999,10150,,,,,0,0.18869468622225405,0.03598534582733683,15.364689969175878,2.7018357698060207,0.0018010318074756185,negative_hard,10.0,0,0,0,0,1,0,0,0,0,0,-1,0,0,0,1,0,0,1,0,0
sim_0005_n3_seed47,47,0.001,3,43.0,2,body_2,8.648712297334397,4.926411902220734,3.848629058185863e-05,1.2988536075512533e-05,0.20042431467072955,0.04191253604913936,0,14.728144838772485,2.3263922863232023,-70.9015086902703,2.2702226788872512e-07,182.16787061503373,-7.80096658495448e-15,3.1138856088627085,0-1,1,10.5,10500,,,,,0,0.20042431467072955,0.04190644445704681,14.728144838772485,2.3263922863232023,0.0031777078170087364,negative_baseline,20.0,0,0,0,0,1,0,0,0,0,0,-1,0,0,0,1,0,0,1,0,0
sim_0005_n3_seed47,47,0.001,3,43.15,2,body_2,8.648712297334397,4.926411902220734,4.041250824823847e-05,1.3795870811477959e-05,0.20602528499102257,0.0441355654254337,0,14.475603883932312,2.255132937215875,-70.90151744219645,1.035844973762752e-07,182.16787061503376,-7.644947253255391e-15,3.515861456584188,0-1,1,10.649999999999999,10650,,,,,0,0.20602528499102257,0.04412791111712017,14.475603883932312,2.255132937215875,0.0035836268878708163,negative_hard,10.0,0,0,0,0,1,0,0,0,0,0,-1,0,0,0,1,0,0,1,0,0
sim_0005_n3_seed47,47,0.001,3,44.0,2,body_2,8.648712297334397,4.926411902220734,5.445158219350403e-05,2.6476822942237557e-05,0.24387717848802648,0.05816437420225435,0,13.157078063150372,2.081173262716484,-70.90152552052274,-1.0352774256773344e-08,182.16787061503373,-7.80096658495448e-15,4.691606518587959,0-1,1,11.5,11500,,,,,0,0.24387717848802648,0.058151884482435565,13.157078063150372,2.081173262716484,0.004745982776006615,negative_baseline,20.0,0,0,0,0,0,0,0,0,0,0,-1,0,0,0,0,0,0,1,0,0
sim_0005_n3_seed47,47,0.001,3,45.0,2,body_2,8.648712297334397,4.926411902220734,8.782155911475922e-05,5.3410196432666186e-05,0.30455818886241526,0.08194197125928039,0,11.750354647516167,2.0004376450316514,-70.90152423171915,7.824600520090074e-09,182.1678706150336,-8.581063243449928e-15,4.301709409649295,0-1,1,12.5,12500,,,,,0,0.30455818886241526,0.08192363844947408,11.750354647516167,2.0004376450316514,0.00428297717291715,negative_baseline,20.0,0,0,0,0,0,0,0,0,0,0,-1,0,0,0,0,0,0,1,0,0
sim_0005_n3_seed47,47,0.001,3,45.45,2,body_2,8.648712297334397,4.926411902220734,0.00011186554791346474,6.54441825688075e-05,0.33932929312768834,0.09609804779640084,0,11.171422896181546,1.9311984474556254,-70.90151669514363,1.1412098196398315e-07,182.167870615034,-6.3967925996626735e-15,3.4584153323978195,0-1,1,12.950000000000003,12950,,,,,0,0.33932929312768834,0.09607915333442431,11.171422896181546,1.9311984474556254,0.0033823296034226993,negative_hard,10.0,0,0,0,0,0,0,0,0,0,0,-1,0,0,0,0,0,0,1,0,0
sim_0005_n3_seed47,47,0.001,3,45.95,2,body_2,8.648712297334397,4.926411902220734,0.00014430068916811988,7.354583197662968e-05,0.38408886519864205,0.11436635185206322,0,10.639606784120385,1.671163985624704,-70.9012147456506,4.372837475448167e-06,182.167870615034,-6.3967925996626735e-15,1.6656640624342824,0-1,1,13.450000000000003,13450,,,,,0,0.38408886519864205,0.11428585789754105,10.639606784120385,1.671163985624704,0.0014809976914749447,negative_hard,10.0,0,0,0,0,0,0,0,0,0,0,-1,0,0,0,1,0,0,1,0,0
sim_0005_n3_seed47,47,0.001,3,46.0,2,body_2,8.648712297334397,4.926411902220734,0.00014774956675562298,7.384829220290135e-05,0.38887792694917156,0.11701426842481898,0,10.605083359679835,1.6216149365738106,-70.90087306506933,9.191923980298778e-06,182.16787061503376,-7.644947253255391e-15,1.388285878264487,0-1,1,13.5,13500,,,,,0,0.38887792694917156,0.11682516793476246,10.605083359679835,1.6216149365738106,0.0011853567164836344,negative_baseline,20.0,0,0,0,0,0,0,0,0,0,0,-1,0,0,0,1,0,0,1,0,0
sim_0005_n3_seed47,47,0.001,3,46.45,2,body_2,8.648712297334397,4.926411902220734,0.0001790443653247863,7.375580724529147e-05,0.44110644709125485,0.16752200861924701,0,10.078932148477572,3.4772059958489714,-70.90138961503271,1.906467638781441e-06,182.1678706150341,-5.7727152728663156e-15,2.0191470406527503,0-1,1,13.950000000000003,13950,,,,,0,0.44110644709125485,0.16748404294580282,10.078932148477572,3.4772059958489714,0.002600909847626446,negative_hard,10.0,0,0,0,0,1,0,0,0,0,0,-1,0,0,0,1,0,0,1,0,0
sim_0005_n3_seed47,47,0.001,3,46.95,2,body_2,8.648712297334397,4.926411902220734,0.000213070180385167,8.740915023438197e-05,0.5203343540088963,0.2352185509597925,0,9.102653922128194,3.2370418918214576,-70.90151912132863,7.990190116009043e-08,182.16787061503413,-5.616695941167225e-15,3.620856661150439,0-1,1,14.450000000000003,14450,,,,,0,0.5203343540088963,0.23512243165910596,9.102653922128194,3.2370418918214576,0.00471646512906477,negative_hard,10.0,0,0,0,0,1,0,0,0,0,0,-1,0,0,0,0,0,0,1,0,0
sim_0005_n3_seed47,47,0.001,3,47.0,2,body_2,8.648712297334397,4.926411902220734,0.00021654599800739307,9.103506366395437e-05,0.529740725734613,0.24265524163250302,0,9.009410793191702,3.2311436974078047,-70.90152035436209,6.25111121444716e-08,182.16787061503408,-5.928734604565405e-15,3.7290939923247355,0-1,1,14.5,14500,,,,,0,0.529740725734613,0.24255517578263389,9.009410793191702,3.2311436974078047,0.004856837828969793,negative_baseline,20.0,0,0,0,0,1,0,0,0,0,0,-1,0,0,0,0,0,0,1,0,0
sim_0005_n3_seed47,47,0.001,3,47.15,2,body_2,8.648712297334397,4.926411902220734,0.0002273033910078685,0.00010521470730906846,0.5596981015292641,0.2662734602853737,0,8.733791052598958,3.2221892608571547,-70.90152273999497,2.8863981288892736e-08,182.16787061503436,-4.368541287574509e-15,4.013113123209372,0-1,1,14.649999999999999,14650,,,,,0,0.5596981015292641,0.2661615788027306,8.733791052598958,3.2221892608571547,0.0052237026099023086,negative_hard,8.0,0,0,0,0,1,0,0,0,0,0,-1,0,0,0,0,0,0,1,0,0
sim_0005_n3_seed47,47,0.001,3,47.550000000000004,2,body_2,8.648712297334397,4.926411902220734,0.0002612472667924582,0.00016972289334850265,0.6535603545683043,0.3415487605995957,0,8.027102313531296,3.241994672994288,-70.90152509441451,-4.34291437191324e-09,182.16787061503425,-4.992618614370867e-15,4.514622559313087,0-1,1,15.050000000000004,15050,,,,,0,0.6535603545683043,0.34140253353907973,8.027102313531296,3.241994672994288,0.005863421721506101,negative_hard,8.0,0,0,0,0,1,0,0,0,0,0,-1,0,0,0,0,0,0,1,0,0
sim_0005_n3_seed47,47,0.001,3,47.95,2,body_2,8.648712297334397,4.926411902220734,0.0003134314352387218,0.00027694681739052926,0.7713292773039293,0.4410604097081665,0,7.360747649418729,3.300363685974389,-70.90152564139731,-1.2057597597508474e-08,182.167870615034,-6.3967925996626735e-15,4.697973339430816,0-1,1,15.450000000000003,15450,,,,,0,0.7713292773039293,0.44087284973013263,7.360747649418729,3.300363685974389,0.006084483848846198,negative_hard,8.0,0,0,0,0,1,0,0,0,0,0,-1,0,0,0,0,0,0,1,0,0
sim_0005_n3_seed47,47,0.001,3,48.0,2,body_2,8.648712297334397,4.926411902220734,0.0003221937999627425,0.00029359556398376665,0.7879984652080296,0.4556479583466391,0,7.280403803577043,3.3094183573726554,-70.90152565543868,-1.2255637934346029e-08,182.16787061503393,-6.7088312630608525e-15,4.700164208925557,0-1,1,15.5,15500,,,,,0,0.7879984652080296,0.45545460429950224,7.280403803577043,3.3094183573726554,0.006084873462227455,negative_baseline,20.0,0,0,0,0,0,0,0,0,0,0,-1,0,0,0,0,0,0,1,0,0
sim_0005_n3_seed47,47,0.001,3,48.35,2,body_2,8.648712297334397,4.926411902220734,0.0004047052644048278,0.000431588009936858,0.9186522650647079,0.5743432825289874,0,6.7378977563771905,3.379389081529008,-70.90152545853252,-9.478459901149798e-09,182.16787061503402,-6.240773267963584e-15,4.587666670372893,0-1,1,15.850000000000001,15850,,,,,0,0.9186522650647079,0.5741030320390377,6.7378977563771905,3.379389081529008,0.005919304288727115,negative_hard,8.0,0,0,0,0,0,0,0,0,0,0,-1,0,0,0,0,0,0,1,0,0
sim_0005_n3_seed47,47,0.001,3,48.75,2,body_2,8.648712297334397,4.926411902220734,0.0005600422612238267,0.0006351350029453201,1.1026448405635643,0.7553060469507991,0,6.164913189785391,3.46208025714685,-70.90152407739639,1.0001179416433861e-08,182.16787061503408,-5.928734604565405e-15,4.170878203900621,0-1,1,16.25,16250,,,,,0,1.1026448405635643,0.7549805736127059,6.164913189785391,3.46208025714685,0.005349235077287482,negative_hard,8.0,0,0,0,0,0,0,0,0,0,0,-1,0,0,0,0,0,0,1,0,0
sim_0005_n3_seed47,47,0.001,3,49.0,2,body_2,8.648712297334397,4.926411902220734,0.0006988187682080395,0.0007832786050966378,1.2404022626052378,0.9034587240402896,0,5.835088528127997,3.502697464994072,-70.90152114961249,5.129484559678775e-08,182.16787061503408,-5.928734604565405e-15,3.7314748884358098,0-1,1,16.5,16500,,,,,0,1.2404022626052378,0.903045122259913,5.835088528127997,3.502697464994072,0.004755585689060244,negative_baseline,20.0,0,0,0,0,0,0,0,0,0,0,-1,0,0,0,0,0,0,1,0,0
sim_0005_n3_seed47,47,0.001,3,49.300000000000004,2,body_2,8.648712297334397,4.926411902220734,0.0009121252472704465,0.0009719609064523253,1.433681173916006,1.1341644169657399,0,5.468774822697728,3.5096327944291716,-70.90150681878818,2.5341778099283124e-07,182.16787061503413,-5.616695941167225e-15,2.973018242545358,0-1,1,16.800000000000004,16800,,,,,0,1.433681173916006,1.1337249989888778,5.468774822697728,3.5096327944291716,0.0037444744799971915,negative_hard,10.0,0,0,0,0,0,0,0,0,0,0,-1,0,0,0,0,0,0,1,0,0
sim_0005_n3_seed47,47,0.001,3,49.800000000000004,2,body_2,8.648712297334397,4.926411902220734,0.0013832714285373522,0.0012991766792030885,1.8066202122358184,1.434284540126989,0,4.931343291067823,2.4293560264395846,-70.89853153351163,4.2217046708688925e-05,182.1678706150342,-5.304657277769046e-15,0.7186653539049256,0-1,1,17.300000000000004,17300,,,,,0,1.8066202122358184,1.4437553559083112,4.931343291067823,2.4293560264395846,0.0035201988906846376,negative_hard,10.0,0,0,0,0,0,0,0,0,0,0,-1,0,0,0,1,0,0,1,0,0
sim_0005_n3_seed47,47,0.001,3,50.0,2,body_2,8.648712297334397,4.926411902220734,0.0016174127017025612,0.0014650114748548842,1.9131084995837577,2.012381416197631,1,4.182130889266677,7.663425091104257,-70.90050985429627,1.4314673796375298e-05,182.16787061503388,-7.020869926459032e-15,1.1491748593837798,0-1,1,17.5,17500,,,,,0,1.9131084995837577,2.014555772099586,4.182130889266677,7.663425091104257,0.003043683843427414,negative_baseline,20.0,0,0,0,0,1,0,0,0,0,0,-1,0,0,0,1,0,0,1,0,0
sim_0005_n3_seed47,47,0.001,3,50.4,2,body_2,8.648712297334397,4.926411902220734,0.002170481836991268,0.0018093535091019018,2.2500509880270707,2.667927325243524,1,2.8787795103484193,4.452774328135775,-70.90150598270392,2.652099710309436e-07,182.16787061503388,-7.020869926459032e-15,2.8787795103484193,1-2,1,17.9,17900,,,,,0,2.2500509880270707,2.6738728013388675,2.8787795103484193,4.452774328135775,0.002978569169290792,negative_hard,10.0,0,0,0,0,1,0,0,0,0,0,-1,0,1,1,0,0,0,1,0,0
sim_0005_n3_seed47,47,0.001,3,51.0,2,body_2,8.648712297334397,4.926411902220734,0.0033516889779692392,0.00333975245493598,2.0859109183728295,2.419130401146436,1,2.6288244705505543,3.721080462953734,-70.90152781588918,-4.272678101624737e-08,182.16787061503382,-7.332908589857212e-15,2.6288244705505543,1-2,1,18.5,18500,,,,,0,2.0859109183728295,2.425465217435782,2.6288244705505543,3.721080462953734,0.004977371582916682,negative_baseline,20.0,0,0,0,0,0,0,0,0,0,0,-1,0,0,0,0,0,0,1,0,0
sim_0005_n3_seed47,47,0.001,3,51.15,2,body_2,8.648712297334397,4.926411902220734,0.003687956006340372,0.0037737233390532734,1.925825545413829,2.0762120932162182,1,2.7428799492153164,3.546198836913157,-70.90152748563312,-3.806882678800201e-08,182.1678706150337,-7.95698591665357e-15,2.7428799492153164,1-2,1,18.65,18650,,,,,0,1.925825545413829,2.0795970701001214,2.7428799492153164,3.546198836913157,0.0054503722873176655,negative_hard,8.0,0,0,0,0,0,0,0,0,0,0,-1,0,0,0,0,0,0,1,0,0
sim_0005_n3_seed47,47,0.001,3,51.550000000000004,2,body_2,8.648712297334397,4.926411902220734,0.004562754264012177,0.004719430560896241,1.5417784167600925,1.2581534828039993,1,3.189746280886166,3.0754859246199486,-70.9015266901618,-2.6849444341921502e-08,182.16787061503342,-9.517179233644466e-15,3.189746280886166,1-2,1,19.050000000000004,19050,,,,,0,1.5417784167600925,1.2582817240239164,3.189746280886166,3.0754859246199486,0.0068024163983727475,negative_hard,8.0,0,0,0,0,0,0,0,0,0,0,-1,0,0,0,0,0,0,1,0,0
sim_0005_n3_seed47,47,0.001,3,51.95,2,body_2,8.648712297334397,4.926411902220734,0.0054817520221393835,0.005373875705968264,1.285530954630917,0.7852707469399459,1,3.692324109935384,2.6502558798961204,-70.90152654148035,-2.4752430891243247e-08,182.16787061503354,-8.893101906848107e-15,3.692324109935384,1-2,1,19.450000000000003,19450,,,,,0,1.285530954630917,0.7851707971704027,3.692324109935384,2.6502558798961204,0.00824798150972176,negative_hard,8.0,0,0,0,0,0,0,0,0,0,0,-1,0,0,0,0,0,0,1,0,0
sim_0005_n3_seed47,47,0.001,3,52.0,2,body_2,8.648712297334397,4.926411902220734,0.005606701289648045,0.005441250223392169,1.2608867441656195,0.7453329477025595,1,3.7533446868558906,2.6012362928280246,-70.90152654126979,-2.4749461106955122e-08,182.16787061503354,-8.893101906848107e-15,3.7533446868558906,1-2,1,19.5,19500,,,,,0,1.2608867441656195,0.7452414793061233,3.7533446868558906,2.6012362928280246,0.008430035303747568,negative_baseline,20.0,0,0,0,0,0,0,0,0,0,0,-1,0,0,0,0,0,0,1,0,0
sim_0005_n3_seed47,47,0.001,3,52.35,2,body_2,8.648712297334397,4.926411902220734,0.006571957975991568,0.005857399590778461,1.1210655221213568,0.5395410447835214,1,4.152208913327339,2.282418473742289,-70.90152657143227,-2.517487483931737e-08,182.16787061503342,-9.517179233644466e-15,4.152208913327339,1-2,1,19.85,19850,,,,,0,1.1210655221213568,0.5395105551515451,4.152208913327339,2.282418473742289,0.009690334584495013,negative_pre_failure,1.0,0,0,0,0,0,0,0,0,0,0,-1,0,0,0,0,0,0,1,0,0
sim_0005_n3_seed47,47,0.001,3,52.4,2,body_2,8.648712297334397,4.926411902220734,0.006724021655199336,0.005911144555964489,1.1049680414211587,0.5180426657285305,1,4.204292980403168,2.240167759282359,-70.90152657756293,-2.5261342122194323e-08,182.16787061503354,-8.893101906848107e-15,4.204292980403168,1-2,1,19.9,19900,,,,,0,1.1049680414211587,0.518018088466744,4.204292980403168,2.240167759282359,0.009867377819741695,negative_pre_failure,1.0,0,0,0,0,0,0,0,0,0,0,-1,0,0,0,0,0,0,1,0,0
sim_0005_n3_seed47,47,0.001,3,53.0,2,body_2,8.648712297334397,4.926411902220734,4.163525319030119e-08,1.2068655120753078e-08,0.9663327666614847,0.34626722529450893,1,4.700504807016248,1.7964800033425807,-70.9015248483792,-8.728153331027337e-10,182.16787061503516,0.0,4.700504807016248,1-2,2,0.5499999999999972,550,,,,,0,0.9663327666614847,0.34626536908976135,4.700504807016248,1.7964800033425807,4.023010778823108e-08,negative_baseline,20.0,0,0,0,0,0,0,0,0,0,0,-1,0,0,0,0,0,0,1,0,0
sim_0005_n3_seed47,47,0.001,3,54.0,2,body_2,8.648712297334397,4.926411902220734,1.0188558177102241e-07,2.2031502329545955e-08,0.8858692457574426,0.24834593426837767,1,4.983630824050481,1.3320160058155872,-70.90152491797248,-1.854363815085523e-09,182.16787061503518,1.560193316990896e-16,4.983630824050481,1-2,2,1.5499999999999972,1550,,,,,0,0.8858692457574426,0.24829087499890465,4.983630824050481,1.3320160058155872,1.0031866071920626e-07,negative_baseline,20.0,0,0,0,0,0,0,0,0,0,0,-1,0,0,0,0,0,0,1,0,0
sim_0005_n3_seed47,47,0.001,3,55.0,2,body_2,8.648712297334397,4.926411902220734,1.436871777225184e-07,4.286155552336917e-08,0.9815720600095024,0.3594624596580371,1,4.467940175916258,1.4330361038010742,-70.9015249766397,-2.681810416844316e-09,182.1678706150356,2.4963093071854337e-15,4.467940175916258,1-2,2,2.549999999999997,2550,,,,,0,0.9815720600095024,0.3590974226836494,4.467940175916258,1.4330361038010742,1.4833029743278955e-07,negative_baseline,20.0,0,0,0,0,0,0,0,0,0,0,-1,0,0,0,0,0,0,1,0,0
sim_0005_n3_seed47,47,0.001,3,56.0,2,body_2,8.648712297334397,4.926411902220734,1.7067375509563134e-07,1.5144725633437642e-07,1.572419191154076,1.5450295994844658,1,2.976748530053568,2.3559330343815277,-70.90152345665862,1.8756107706879296e-08,182.16787061503567,2.8083479705836126e-15,2.976748530053568,1-2,2,3.549999999999997,3550,,,,,0,1.572419191154076,1.5368713308766355,2.976748530053568,2.3559330343815277,2.0046540594114887e-07,negative_baseline,20.0,0,0,0,0,1,0,0,0,0,0,-1,0,0,0,0,0,0,1,0,0
sim_0005_n3_seed47,47,0.001,3,56.1,2,body_2,8.648712297334397,4.926411902220734,1.7684709332451935e-07,1.881035249709069e-07,1.7329020262482802,2.02674978510592,1,2.7541365809132103,2.5334521336035496,-70.90152242667932,3.328300688075634e-08,182.1678706150357,2.9643673022827025e-15,2.7541365809132103,1-2,2,3.6499999999999986,3650,,,,,0,1.7329020262482802,2.0126310482925254,2.7541365809132103,2.5334521336035496,2.0756074659023463e-07,negative_hard,10.0,0,0,0,0,1,0,0,0,0,0,-1,0,0,0,0,0,0,1,0,0
sim_0005_n3_seed47,47,0.001,3,56.6,2,body_2,8.648712297334397,4.926411902220734,4.952465113813843e-07,2.3355506339295726e-06,5.579718550490952,36.683244643822924,1,1.2442288751510358,4.5614930888254905,-70.90141879479467,1.4949142618920161e-06,182.1678706150358,3.5884446290790605e-15,1.2442288751510358,1-2,2,4.149999999999999,4150,,,,,0,5.579718550490952,33.532569987456455,1.2442288751510358,4.5614930888254905,4.348408501476506e-07,negative_hard,10.0,0,1,1,1,1,0,0,1,0,0,-1,0,0,0,1,1,0,1,0,0
sim_0005_n3_seed47,47,0.001,3,57.0,2,body_2,8.648712297334397,4.926411902220734,0.00040045474634479484,0.0016386138318148663,6.735325941535284,47.93113196134763,1,1.1690949650592697,4.824543024521005,-70.90138111092924,2.026410101262096e-06,182.16787061503564,2.652328638884523e-15,1.1690949650592697,1-2,2,4.549999999999997,4550,,,,,0,6.735325941535284,43.56443881039126,1.1690949650592697,4.824543024521005,0.00034870172151876925,negative_baseline,20.0,1,1,1,1,0,1,0,1,0,0,-1,0,0,0,1,1,0,1,0,0
sim_0005_n3_seed47,47,0.001,3,57.1,2,body_2,8.648712297334397,4.926411902220734,0.0005381692735612419,0.001352747544087738,4.216167534459029,16.11421153225859,1,1.5735125514163784,4.09073142020986,-70.9014776374612,6.649932311341876e-07,182.16787061503564,2.652328638884523e-15,1.5735125514163784,1-2,2,4.649999999999999,4650,,,,,0,4.216167534459029,15.524324007050291,1.5735125514163784,4.09073142020986,0.00046820935874266326,negative_hard,10.0,0,0,1,1,0,1,0,1,0,0,-1,0,0,0,0,0,0,1,0,0
sim_0005_n3_seed47,47,0.001,3,57.6,2,body_2,8.648712297334397,4.926411902220734,0.0010177222669536148,0.0008010349164636481,1.7340394243755899,1.7910610674440928,1,3.270512259110553,3.5329790043593166,-70.90151899560435,8.167512514498026e-08,182.16787061503575,3.2764059656808815e-15,2.877748653030074,0-1,2,5.149999999999999,5150,,,,,0,1.7340394243755899,1.7864858081635024,3.270512259110553,3.5329790043593166,0.0008583116824806032,negative_hard,10.0,0,0,0,0,0,1,0,0,0,0,-1,0,0,0,0,0,0,1,0,0
sim_0005_n3_seed47,47,0.001,3,58.0,2,body_2,8.648712297334397,4.926411902220734,0.0012843161548274722,0.0006471826820341997,1.3092933505951416,0.9194063833742991,1,4.889349669220348,4.843546738720986,-70.90157361885952,-6.887350364349894e-07,182.16787061503575,3.2764059656808815e-15,2.0257749399110376,0-1,2,5.549999999999997,5550,,,,,0,1.3092933505951416,0.9194542640237267,4.889349669220348,4.843546738720986,0.0010270907264519858,negative_baseline,20.0,0,0,0,0,0,1,0,0,0,0,-1,0,0,0,0,0,0,1,0,0
sim_0005_n3_seed47,47,0.001,3,58.1,2,body_2,8.648712297334397,4.926411902220734,0.001342225685772137,0.0006242827999742511,1.2587009342437847,0.8055641566226999,1,5.374588723302422,5.297206982927187,-70.90160534702017,-1.1362312044713395e-06,182.1678706150357,2.9643673022827025e-15,1.9069331280542015,0-1,2,5.649999999999999,5650,,,,,0,1.2587009342437847,0.8056512802698347,5.374588723302422,5.297206982927187,0.0010830441154944738,negative_hard,10.0,0,0,0,0,0,1,0,0,0,0,-1,0,0,0,0,0,0,1,0,0
sim_0005_n3_seed47,47,0.001,3,58.6,2,body_2,8.648712297334397,4.926411902220734,0.0015935830259665947,0.0005389305847644959,1.1806157214924402,0.5005086273835433,0,5.984952997048982,2.29361546896866,-70.90153722353531,-1.7541287148694243e-07,182.1678706150354,1.4041739852918063e-15,2.3307423562150493,0-1,2,6.149999999999999,6150,,,,,0,1.1806157214924402,0.5002980856017214,5.984952997048982,2.29361546896866,0.001593759700364025,negative_hard,10.0,0,0,0,0,0,0,0,0,0,0,-1,0,0,0,0,0,0,1,0,0
sim_0005_n3_seed47,47,0.001,3,59.0,2,body_2,8.648712297334397,4.926411902220734,0.0017496239675563793,0.0004853272448135861,1.1821259007065605,0.4389798191497281,0,5.893456619421682,2.0785272025640325,-70.90152128467818,4.9389869778644886e-08,182.16787061503533,9.361159901945377e-16,3.2591055894184437,0-1,2,6.549999999999997,6550,,,,,0,1.1821259007065605,0.43886166017519807,5.893456619421682,2.0785272025640325,0.0019145651466341562,negative_baseline,20.0,0,0,0,0,0,0,0,0,0,0,-1,0,0,0,0,0,0,1,0,0
sim_0005_n3_seed47,47,0.001,3,60.0,2,body_2,8.648712297334397,4.926411902220734,0.001935056587898098,0.000558639129546136,1.3009341551551952,0.5519722301226497,0,5.527476247942275,2.1612184623461905,-70.90152381741761,1.3667938023777885e-08,182.1678706150352,3.120386633981792e-16,5.41466297129323,0-1,2,7.549999999999997,7550,,,,,0,1.3009341551551952,0.5515778248411702,5.527476247942275,2.1612184623461905,0.00227608001510047,negative_baseline,20.0,0,0,0,0,0,0,0,0,0,0,-1,0,0,0,0,0,0,1,0,0
sim_0005_n3_seed47,47,0.001,3,61.0,2,body_2,8.648712297334397,4.926411902220734,0.0018150786919312373,0.0010827132553019323,1.832955439897807,1.3841018545962154,0,4.60917077631665,2.771875231622864,-70.90152390730546,1.2400153606637752e-08,182.16787061503535,1.0921353218936272e-15,4.60917077631665,0-2,2,8.549999999999997,8550,,,,,0,1.832955439897807,1.3818672338180735,4.60917077631665,2.771875231622864,0.002274760936344293,negative_baseline,20.0,0,0,0,0,0,0,0,0,0,0,-1,0,0,0,0,0,0,1,0,0
sim_0005_n3_seed47,47,0.001,3,61.85,2,body_2,8.648712297334397,4.926411902220734,0.0016749460951756272,0.0020322119592625708,3.69642611930166,6.0144253944398915,0,3.2186555067165363,4.011813184010458,-70.90152226331557,3.5587100501636746e-08,182.16787061503467,-2.652328638884523e-15,3.2186555067165363,0-2,2,9.399999999999999,9400,,,,,0,3.69642611930166,5.993931441623818,3.2186555067165363,4.011813184010458,0.0021419394669544892,negative_hard,10.0,0,0,0,0,1,0,0,0,0,0,-1,0,0,0,0,0,0,1,0,0
sim_0005_n3_seed47,47,0.001,3,62.0,2,body_2,8.648712297334397,4.926411902220734,0.0016947276055042653,0.0022948115377771226,4.49421258990424,8.64613432186778,0,2.9144723097636356,4.365398564298447,-70.90152275298095,2.8680826151484353e-08,182.16787061503481,-1.8722319803890754e-15,2.9144723097636356,0-2,2,9.549999999999997,9550,,,,,0,4.49421258990424,8.615350097449637,2.9144723097636356,4.365398564298447,0.0021221671103712303,negative_baseline,20.0,0,0,0,0,1,0,0,0,0,0,-1,0,0,0,0,0,0,1,0,0
sim_0005_n3_seed47,47,0.001,3,62.35,2,body_2,8.648712297334397,4.926411902220734,0.0018158840730179606,0.003045223902311333,7.814182886904584,22.218765701159896,0,2.201868062734433,5.411537402822079,-70.90154566304497,-2.944442982703392e-07,182.1678706150347,-2.4963093071854337e-15,2.201868062734433,0-2,2,9.899999999999999,9900,,,,,0,7.814182886904584,22.24120485331065,2.201868062734433,5.411537402822079,0.00209236991347661,negative_hard,10.0,1,1,1,1,1,0,1,0,0,0,-1,0,0,0,1,1,0,1,0,0
sim_0005_n3_seed47,47,0.001,3,62.85,2,body_2,8.648712297334397,4.926411902220734,0.001664953492989784,0.0027846707397575117,10.875671582144008,36.72600442855084,0,1.8552183500980781,6.101822268868841,-70.9016197845159,-1.3398586409657586e-06,182.1678706150347,-2.4963093071854337e-15,1.8552183500980781,0-2,2,10.399999999999999,10400,,,,,0,10.875671582144008,37.29104473607025,1.8552183500980781,6.101822268868841,0.0019644191419457844,negative_hard,10.0,1,1,1,1,0,0,1,0,0,0,-1,0,0,0,1,1,0,1,0,0
sim_0005_n3_seed47,47,0.001,3,63.0,2,body_2,8.648712297334397,4.926411902220734,0.0014575520877365006,0.002319022478843904,8.870578608161512,27.702588336455523,0,2.0511368217956423,5.698956066405125,-70.90156643534266,-5.874182187989239e-07,182.16787061503456,-3.2764059656808815e-15,2.0511368217956423,0-2,2,10.549999999999997,10550,,,,,0,8.870578608161512,27.905870656339054,2.0511368217956423,5.698956066405125,0.0018865370075403479,negative_baseline,20.0,1,1,1,1,0,0,1,0,0,0,-1,0,0,0,1,1,0,1,0,0
sim_0005_n3_seed47,47,0.001,3,64.0,2,body_2,8.648712297334397,4.926411902220734,0.00070863770642902,0.0013705739131912086,2.3925407585980873,2.549300706279775,0,3.9741720364258746,3.225924801823176,-70.9015233279809,2.057098724070626e-08,182.16787061503427,-4.836599282671778e-15,3.9741720364258746,0-2,2,11.549999999999997,11550,,,,,0,2.3925407585980873,2.5474231923270474,3.9741720364258746,3.225924801823176,0.001561684365782413,negative_baseline,20.0,0,0,0,0,0,0,0,0,0,0,-1,0,0,0,0,0,0,1,0,0
sim_0005_n3_seed47,47,0.001,3,65.0,2,body_2,8.648712297334397,4.926411902220734,0.0014223498753153478,0.0008907216145298758,1.4779557867621271,0.7304138737184216,0,5.095433032000622,2.283707636362615,-70.90152459492808,2.7018767544153544e-09,182.16787061503447,-3.744463960778151e-15,5.095433032000622,0-2,2,12.549999999999997,12550,,,,,0,1.4779557867621271,0.7302530632068276,5.095433032000622,2.283707636362615,0.0015361518214748761,negative_baseline,20.0,0,0,0,0,0,0,0,0,0,0,-1,0,0,0,0,0,0,1,0,0
sim_0005_n3_seed47,47,0.001,3,66.0,2,body_2,8.648712297334397,4.926411902220734,0.0018787637996763049,0.0006106386298120732,1.3558375935039206,0.5331773059163945,0,5.33409198693669,2.118278060814553,-70.90152474777706,5.460841433488192e-10,182.1678706150349,-1.4041739852918063e-15,5.33409198693669,0-2,2,13.549999999999997,13550,,,,,0,1.3558375935039206,0.5328674989015153,5.33409198693669,2.118278060814553,0.0015185046582326892,negative_baseline,20.0,0,0,0,0,0,0,0,0,0,0,-1,0,0,0,0,0,0,1,0,0
sim_0005_n3_seed47,47,0.001,3,67.0,2,body_2,8.648712297334397,4.926411902220734,0.0018675043394898456,0.0008260962602072345,1.7034516323123474,1.096060874893593,0,4.755399374184169,2.5998071526728883,-70.90152447626566,4.375499621992639e-09,182.1678706150347,-2.4963093071854337e-15,4.755399374184169,0-2,2,14.549999999999997,14550,,,,,0,1.7034516323123474,1.0946077353714159,4.755399374184169,2.5998071526728883,0.0013450034277275457,negative_baseline,20.0,0,0,0,0,0,0,0,0,0,0,-1,0,0,0,0,0,0,1,0,0
sim_0005_n3_seed47,47,0.001,3,67.85,2,body_2,8.648712297334397,4.926411902220734,0.0014615543371101771,0.00144980178125123,2.931202514857254,3.7180618603241866,0,3.615647501043458,3.60989330613388,-70.9015237349932,1.483045754791444e-08,182.16787061503504,-6.240773267963584e-16,3.615647501043458,0-2,2,15.399999999999991,15400,,,,,0,2.931202514857254,3.709033191551829,3.615647501043458,3.60989330613388,0.001029805221362619,negative_hard,10.0,0,0,0,0,1,0,0,0,0,0,-1,0,0,0,0,0,0,1,0,0
sim_0005_n3_seed47,47,0.001,3,68.0,2,body_2,8.648712297334397,4.926411902220734,0.0013580600449358577,0.0015934192155025175,3.3965828943917296,4.957211953115805,0,3.356692794117094,3.8756655789916907,-70.90152386778037,1.295761821511985e-08,182.16787061503496,-1.0921353218936272e-15,3.356692794117094,0-2,2,15.549999999999997,15550,,,,,0,3.3965828943917296,4.944356350735132,3.356692794117094,3.8756655789916907,0.0009626370496376767,negative_baseline,20.0,0,0,0,0,1,0,0,0,0,0,-1,0,0,0,0,0,0,1,0,0
sim_0005_n3_seed47,47,0.001,3,68.35000000000001,2,body_2,8.648712297334397,4.926411902220734,0.0011069043849425916,0.0019062252832470795,5.166349692410523,10.598398867535536,0,2.7172008724610306,4.638468196744302,-70.90152890148703,-5.803812795521585e-08,182.16787061503496,-1.0921353218936272e-15,2.7172008724610306,0-2,2,15.900000000000006,15900,,,,,0,5.166349692410523,10.579953479517188,2.7172008724610306,4.638468196744302,0.0008122533363179115,negative_hard,10.0,0,0,0,0,1,0,0,0,0,0,-1,0,0,0,0,0,0,1,0,0
sim_0005_n3_seed47,47,0.001,3,68.85000000000001,2,body_2,8.648712297334397,4.926411902220734,0.0008167875140768366,0.0015018472495941515,9.334596088027611,26.65522656943139,0,2.0160094846981504,5.767857569222351,-70.90159346581751,-9.686579020831607e-07,182.16787061503496,-1.0921353218936272e-15,2.0160094846981504,0-2,2,16.400000000000006,16400,,,,,0,9.334596088027611,26.94456267570051,2.0160094846981504,5.767857569222351,0.0006794441466314767,negative_hard,10.0,1,1,0,1,0,0,1,0,0,0,-1,0,0,0,1,1,0,1,0,0
sim_0005_n3_seed47,47,0.001,3,69.0,2,body_2,8.648712297334397,4.926411902220734,0.0007468654028073014,0.0010262437876210762,9.591008437051649,27.649173389664753,0,1.9867127835618725,5.823223069663884,-70.90160106296108,-1.0758085393619104e-06,182.16787061503484,-1.7162126486899857e-15,1.9867127835618725,0-2,2,16.549999999999997,16550,,,,,0,9.591008437051649,27.99763360592721,1.9867127835618725,5.823223069663884,0.0006626335316385632,negative_baseline,20.0,1,1,0,1,0,0,1,0,0,0,-1,0,0,0,1,1,0,1,0,0
sim_0005_n3_seed47,47,0.001,3,69.35000000000001,2,body_2,8.648712297334397,4.926411902220734,0.0005215228102890095,0.0009347191696990396,6.907835733879494,17.35889467323556,0,2.3276338068386577,5.2068001044224665,-70.90154569446976,-2.948875156761145e-07,182.1678706150349,-1.4041739852918063e-15,2.3276338068386577,0-2,2,16.900000000000006,16900,,,,,0,6.907835733879494,17.429472047364268,2.3276338068386577,5.2068001044224665,0.0006258086601291285,negative_hard,10.0,1,1,1,1,0,0,0,0,0,0,-1,0,0,0,0,0,0,1,0,0
sim_0005_n3_seed47,47,0.001,3,69.85000000000001,2,body_2,8.648712297334397,4.926411902220734,0.0002248826967198907,0.0012827383277783017,3.412085487571447,5.996580077704446,0,3.216396615400926,4.058625671512544,-70.90152370520292,1.5250621795206138e-08,182.1678706150349,-1.4041739852918063e-15,3.216396615400926,0-2,2,17.400000000000006,17400,,,,,0,3.412085487571447,5.994373253520544,3.216396615400926,4.058625671512544,0.0006472237838337447,negative_hard,10.0,0,0,0,0,0,0,0,0,0,0,-1,0,0,0,0,0,0,1,0,0
sim_0005_n3_seed47,47,0.001,3,70.0,2,body_2,8.648712297334397,4.926411902220734,0.0003474981151736497,0.0012709965808029551,2.8057789479751105,4.61088749633815,0,3.4863528774826142,3.792744161445793,-70.90152318172984,2.263372220126556e-08,182.16787061503481,-1.8722319803890754e-15,3.4863528774826142,0-2,2,17.549999999999997,17550,,,,,0,2.8057789479751105,4.608743716614249,3.4863528774826142,3.792744161445793,0.000694447634861563,negative_baseline,20.0,0,0,0,0,0,0,0,0,0,0,-1,0,0,0,0,0,0,1,0,0
sim_0005_n3_seed47,47,0.001,3,70.35000000000001,2,body_2,8.648712297334397,4.926411902220734,0.0007298745116718797,0.0011401984905089087,1.8008027154896444,2.971267716434913,1,4.023734143166786,2.8608443350282995,-70.9015229093041,2.64760336028953e-08,182.16787061503493,-1.2481546535927168e-15,4.023734143166786,1-2,2,17.900000000000006,17900,,,,,0,1.8008027154896444,2.9693350362011475,4.023734143166786,2.8608443350282995,0.0008524377712986087,negative_hard,10.0,0,0,0,0,1,0,0,0,0,0,-1,0,1,1,0,0,0,1,0,0
sim_0005_n3_seed47,47,0.001,3,70.85000000000001,2,body_2,8.648712297334397,4.926411902220734,0.0011923688373001171,0.0007470842428445575,0.9517401572632612,2.9769372594405192,1,2.790402117124203,2.8975264418946183,-70.90152093959236,5.425698404829155e-08,182.1678706150351,-3.120386633981792e-16,2.790402117124203,1-2,2,18.400000000000006,18400,,,,,0,0.9517401572632612,2.965672311757353,2.790402117124203,2.8975264418946183,0.0010807896344733827,negative_hard,10.0,0,0,0,0,1,0,0,0,0,0,-1,0,0,0,0,0,0,1,0,0
sim_0005_n3_seed47,47,0.001,3,71.0,2,body_2,8.648712297334397,4.926411902220734,0.001284996392087175,0.0005939091281832808,0.9744301361289052,3.9068624065205864,1,2.410899056014798,3.0972837207334893,-70.9015185778602,8.756701742921523e-08,182.1678706150351,-3.120386633981792e-16,2.410899056014798,1-2,2,18.549999999999997,18550,,,,,0,0.9744301361289052,3.8785754190213124,2.410899056014798,3.0972837207334893,0.0011241035453917578,negative_baseline,20.0,0,0,0,1,1,0,0,0,0,0,-1,0,0,0,0,0,0,1,0,0
sim_0005_n3_seed47,47,0.001,3,71.35000000000001,2,body_2,8.648712297334397,4.926411902220734,0.0013905766551099723,0.0013493241284914215,3.5567764511682842,21.507752829344117,1,1.3912591608136597,4.312244429042767,-70.9014811313274,6.157155010275894e-07,182.16787061503513,-1.560193316990896e-16,1.3912591608136597,1-2,2,18.900000000000006,18900,,,,,0,3.5567764511682842,20.65674997036526,1.3912591608136597,4.312244429042767,0.0011096804270548394,negative_hard,10.0,0,1,1,1,1,0,0,1,0,0,-1,0,0,0,1,1,0,1,0,0
sim_0005_n3_seed47,47,0.001,3,71.85000000000001,2,body_2,8.648712297334397,4.926411902220734,0.0027348253715420985,0.007952694179469576,6.552312178753387,49.31446085579492,1,1.0956377297875204,4.97530430360688,-70.90143438805364,1.2749858608300133e-06,182.16787061503558,2.3402899754863442e-15,1.0956377297875204,1-2,2,19.400000000000006,19400,,,,,0,6.552312178753387,46.58339736151664,1.0956377297875204,4.97530430360688,0.002835119389951547,negative_hard,10.0,1,1,1,1,0,1,0,1,0,0,-1,0,0,0,1,1,0,1,0,0
sim_0005_n3_seed47,47,0.001,3,72.0,2,body_2,8.648712297334397,4.926411902220734,0.002539189238357861,0.004535200702239222,3.114480763322635,12.698192584251132,1,1.5982338090186567,3.9000898973593747,-70.90150002974254,3.4917094938451256e-07,182.16787061503564,2.652328638884523e-15,1.5982338090186567,1-2,2,19.549999999999997,19550,,,,,0,3.114480763322635,12.39996594773655,1.5982338090186567,3.9000898973593747,0.002919833604656451,negative_baseline,20.0,0,0,1,1,0,1,0,1,0,0,-1,0,0,0,1,1,0,1,0,0
sim_0005_n3_seed47,47,0.001,3,73.0,2,body_2,8.648712297334397,4.926411902220734,0.0021719954414031106,0.001307241618540627,1.6333963566679217,1.0972910960645457,1,3.6243247031243344,1.690808730607888,-70.9015260920919,-1.8414225145493024e-08,182.16787061503575,3.2764059656808815e-15,3.6243247031243344,1-2,2,20.549999999999997,20550,,,,,0,1.6333963566679217,1.0980091609726008,3.6243247031243344,1.690808730607888,0.00321173005495456,negative_baseline,20.0,0,0,0,0,0,0,0,0,0,0,-1,0,0,0,0,0,0,1,0,0
sim_0005_n3_seed47,47,0.001,3,74.0,2,body_2,8.648712297334397,4.926411902220734,0.0016184078788077478,0.0012501854167568567,1.571072514197046,0.9916945836420084,1,4.02126349137653,1.2317784381837709,-70.90152506751753,-3.963557450091878e-09,182.1678706150361,5.148637946069957e-15,4.02126349137653,1-2,2,21.549999999999997,21550,,,,,0,1.571072514197046,0.9917300533604573,4.02126349137653,1.2317784381837709,0.0029926240913904292,negative_baseline,20.0,0,0,0,0,0,0,0,0,0,0,-1,0,0,0,0,0,1,1,0,0
sim_0005_n3_seed47,47,0.001,3,75.0,2,body_2,8.648712297334397,4.926411902220734,0.001127391095549744,0.001348361868786743,1.990347824051457,1.418979460935289,1,2.8537105622402015,2.689570474737491,-70.90153287198993,-1.1403837497977591e-07,182.1678706150364,6.864850594759943e-15,2.8537105622402015,1-2,2,22.549999999999997,22550,,,,,0,1.990347824051457,1.4200849321132964,2.8537105622402015,2.689570474737491,0.002902537583205483,negative_baseline,20.0,0,0,0,0,0,0,0,0,0,0,-1,0,0,0,0,0,0,1,0,0
sim_0005_n3_seed47,47,0.001,3,75.35000000000001,2,body_2,8.648712297334397,4.926411902220734,0.001037036649117856,0.0014174220869898888,2.4018156828552577,1.714209821918409,1,2.437309559261728,2.9392713678317164,-70.9015380412308,-1.8694570497380183e-07,182.16787061503635,6.552811931361763e-15,2.437309559261728,1-2,2,22.900000000000006,22900,,,,,0,2.4018156828552577,1.721026146086518,2.437309559261728,2.9392713678317164,0.0028286750713868145,negative_hard,10.0,0,0,0,1,0,0,0,0,0,0,-1,0,0,0,0,0,0,1,0,0
sim_0005_n3_seed47,47,0.001,3,75.85000000000001,2,body_2,8.648712297334397,4.926411902220734,0.0007841087573786231,0.0020738539272336606,2.5931187707830734,1.328845148304587,1,2.261171961010935,2.491897147924873,-70.90152645962183,-2.3597892725015683e-08,182.16787061503632,6.3967925996626735e-15,2.261171961010935,1-2,2,23.400000000000006,23400,,,,,0,2.5931187707830734,1.3268309061387478,2.261171961010935,2.491897147924873,0.0022215553583842984,negative_hard,10.0,0,0,0,1,0,0,0,0,0,0,-1,0,0,0,0,0,0,1,0,0
sim_0005_n3_seed47,47,0.001,3,76.0,2,body_2,8.648712297334397,4.926411902220734,0.0008607896843050299,0.0024008568513334393,2.594575335616922,1.4013101075243994,1,2.2230311304204777,2.4076279417665964,-70.90152492834272,-2.00062644289154e-09,182.16787061503626,6.0847539362644945e-15,2.2230311304204777,1-2,2,23.549999999999997,23550,,,,,0,2.594575335616922,1.39724763597997,2.2230311304204777,2.4076279417665964,0.002086668371407199,negative_baseline,20.0,0,0,0,1,0,0,0,0,0,0,-1,0,0,0,0,0,0,1,0,0
sim_0005_n3_seed47,47,0.001,3,76.35000000000001,2,body_2,8.648712297334397,4.926411902220734,0.001685782623481207,0.0036813499590431487,2.564541426591493,2.6281896987157043,1,2.0166083996978155,2.697826773342617,-70.90152614973687,-1.9227253752194356e-08,182.1678706150363,6.240773267963584e-15,2.0166083996978155,1-2,2,23.900000000000006,23900,,,,,0,2.564541426591493,2.615000292468275,2.0166083996978155,2.697826773342617,0.0023813855557926803,negative_hard,10.0,0,0,0,1,0,0,0,0,0,0,-1,0,0,0,0,0,0,1,0,0
sim_0005_n3_seed47,47,0.001,3,76.85000000000001,2,body_2,8.648712297334397,4.926411902220734,0.003978501474499288,0.007273593961915761,2.2875084928968277,10.45610104555021,1,1.5335083385121495,3.730634018213279,-70.90154165294797,-2.3788561334496369e-07,182.1678706150363,6.240773267963584e-15,1.5335083385121495,1-2,2,24.400000000000006,24400,,,,,0,2.2875084928968277,10.51005276540939,1.5335083385121495,3.730634018213279,0.004263866714667474,negative_hard,10.0,0,0,0,1,0,0,0,1,0,0,-1,0,0,0,0,0,0,1,0,0
sim_0005_n3_seed47,47,0.001,3,77.0,2,body_2,8.648712297334397,4.926411902220734,0.004641052319108962,0.008824986672787999,2.7848131912589444,11.62229508807562,1,1.4448673995862937,3.8927054466044018,-70.9015458342771,-2.968593680620318e-07,182.1678706150363,6.240773267963584e-15,1.4448673995862937,1-2,2,24.549999999999997,24550,,,,,0,2.7848131912589444,11.7251921891691,1.4448673995862937,3.8927054466044018,0.004823715062332498,negative_baseline,20.0,0,0,0,1,0,0,0,1,0,0,-1,0,0,0,0,0,0,1,0,0
sim_0005_n3_seed47,47,0.001,3,77.10000000000001,2,body_2,8.648712297334397,4.926411902220734,0.004959631899994211,0.009764311538908917,3.238821080890175,11.124988800485244,1,1.4201891281903183,3.9169350490680275,-70.90154548021508,-2.918656528322117e-07,182.16787061503632,6.3967925996626735e-15,1.4201891281903183,1-2,2,24.650000000000006,24650,,,,,0,3.238821080890175,11.227812157474375,1.4201891281903183,3.9169350490680275,0.005070808276729853,negative_hard,8.0,0,0,0,1,0,0,0,1,0,0,-1,0,0,0,0,0,0,1,0,0
sim_0005_n3_seed47,47,0.001,3,77.7,2,body_2,8.648712297334397,4.926411902220734,0.004770242892056678,0.007875434474989873,3.4441656752745113,5.3699128179119695,1,1.691916671478571,3.3716954832301123,-70.90153210325519,-1.0319608719222055e-07,182.16787061503604,4.836599282671778e-15,1.691916671478571,1-2,2,25.25,25250,,,,,0,3.4441656752745113,5.385442584490119,1.691916671478571,3.3716954832301123,0.004350372408676221,negative_hard,10.0,0,0,0,1,0,0,0,0,0,0,-1,0,0,0,0,0,0,1,0,0
sim_0005_n3_seed47,47,0.001,3,78.0,2,body_2,8.648712297334397,4.926411902220734,0.004247720492279524,0.0057247507419503916,2.8077204923313035,3.4212537904285565,1,1.9405491730147861,3.0141170728857545,-70.90152943937379,-6.562451998706125e-08,182.16787061503612,5.304657277769046e-15,1.9405491730147861,1-2,2,25.549999999999997,25550,,,,,0,2.8077204923313035,3.4254324674658636,1.9405491730147861,3.0141170728857545,0.003635978843071668,negative_baseline,20.0,0,0,0,1,0,0,0,0,0,0,-1,0,0,0,0,0,0,1,0,0
sim_0005_n3_seed47,47,0.001,3,78.2,2,body_2,8.648712297334397,4.926411902220734,0.003962636942296604,0.00471551485248719,2.44424460252884,2.4739420653378796,1,2.1080399503638203,2.7587517698986432,-70.90152747928003,-3.797922236105556e-08,182.16787061503618,5.616695941167225e-15,2.1080399503638203,1-2,2,25.75,25750,,,,,0,2.44424460252884,2.4748907551345956,2.1080399503638203,2.7587517698986432,0.003268853797716337,negative_hard,10.0,0,0,0,1,0,0,0,0,0,0,-1,0,0,0,0,0,0,1,0,0
sim_0005_n3_seed47,47,0.001,3,78.7,2,body_2,8.648712297334397,4.926411902220734,0.0034832846211749016,0.0033944783661332104,1.8573520617056138,1.2886656911348668,1,2.412423611589541,2.262174320218421,-70.90152507291023,-4.039616558014513e-09,182.167870615036,4.6805799509726884e-15,2.412423611589541,1-2,2,26.25,26250,,,,,0,1.8573520617056138,1.28747953632001,2.412423611589541,2.262174320218421,0.002696390146892049,negative_hard,10.0,0,0,0,1,0,0,0,0,0,0,-1,0,0,0,0,0,0,1,0,0
sim_0005_n3_seed47,47,0.001,3,79.0,2,body_2,8.648712297334397,4.926411902220734,0.0032824084371874326,0.0032329388897971204,1.6433792079072238,1.182816811891737,1,2.468858030539843,2.192932706554524,-70.90152514935285,-5.117768513129984e-09,182.16787061503612,5.304657277769046e-15,2.468858030539843,1-2,2,26.549999999999997,26550,,,,,0,1.6433792079072238,1.1811387231990598,2.468858030539843,2.192932706554524,0.0024824337833933307,negative_baseline,20.0,0,0,0,0,0,0,0,0,0,0,-1,0,0,0,0,0,0,1,0,0
sim_0005_n3_seed47,47,0.001,3,79.7,2,body_2,8.648712297334397,4.926411902220734,0.0033062715817126814,0.0049316302932338775,1.1626248244160933,2.254991167394457,1,2.282513240373362,2.5629260806359895,-70.90152738270127,-3.6617068874187214e-08,182.16787061503624,5.928734604565405e-15,2.282513240373362,1-2,2,27.25,27250,,,,,0,1.1626248244160933,2.254322566773787,2.282513240373362,2.5629260806359895,0.0024569411847229173,negative_hard,10.0,0,0,0,1,0,0,0,0,0,0,-1,0,0,0,0,0,0,1,0,0
sim_0005_n3_seed47,47,0.001,3,80.0,2,body_2,8.648712297334397,4.926411902220734,0.004224723165542131,0.007068009850761569,1.155153509018517,2.8808641718443293,1,2.148497474756545,2.726533450081756,-70.90152807199047,-4.633885125738012e-08,182.16787061503604,4.836599282671778e-15,2.148497474756545,1-2,2,27.549999999999997,27550,,,,,0,1.155153509018517,2.8825764939520533,2.148497474756545,2.726533450081756,0.003200005481349897,negative_baseline,20.0,0,0,0,1,0,0,0,0,0,0,-1,0,0,0,0,0,0,1,0,0
sim_0005_n3_seed47,47,0.001,3,80.2,2,body_2,8.648712297334397,4.926411902220734,0.0054648069517929925,0.009080181518838328,1.3862425476960376,3.1101914558122545,1,2.0619016658247094,2.8004957207668615,-70.90152795476385,-4.468547892334882e-08,182.16787061503575,3.2764059656808815e-15,2.0619016658247094,1-2,2,27.75,27750,,,,,0,1.3862425476960376,3.111965936613293,2.0619016658247094,2.8004957207668615,0.004153693482327367,negative_hard,10.0,0,0,0,1,0,0,0,0,0,0,-1,0,0,0,0,0,0,1,0,0
sim_0005_n3_seed47,47,0.001,3,80.4,2,body_2,8.648712297334397,4.926411902220734,0.007255651019164838,0.011482912533697782,1.755330667183209,3.256546245321237,1,1.97612878212807,2.867045653402045,-70.90152756040521,-3.912341749236347e-08,182.16787061503592,4.212521955875419e-15,1.97612878212807,1-2,2,27.950000000000003,27950,,,,,0,1.755330667183209,3.256931978769446,1.97612878212807,2.867045653402045,0.00548280679582127,negative_hard,8.0,0,0,0,1,0,0,0,0,0,0,-1,0,0,0,0,0,0,1,0,0
sim_0005_n3_seed47,47,0.001,3,80.8,2,body_2,8.648712297334397,4.926411902220734,0.0121631212624161,0.01682215508320543,2.6633444105666633,4.185932047803976,1,1.7860407751085632,3.1086370096912,-70.90152810140894,-4.6753771431234915e-08,182.16787061503575,3.2764059656808815e-15,1.7860407751085632,1-2,2,28.349999999999994,28350,,,,,0,2.6633444105666633,4.186027130866669,1.7860407751085632,3.1086370096912,0.00904045505002143,negative_pre_failure,1.0,0,0,0,1,0,0,0,0,0,0,-1,0,0,0,1,1,0,1,0,0
sim_0005_n3_seed47,47,0.001,3,80.85000000000001,2,body_2,8.648712297334397,4.926411902220734,0.012839837551290765,0.01747705086147472,2.7855236750749865,4.418463096104853,1,1.7603936125725557,3.15490273514507,-70.90152852401337,-5.271421348019626e-08,182.16787061503578,3.4324252973799714e-15,1.7603936125725557,1-2,2,28.400000000000006,28400,,,,,0,2.7855236750749865,4.419746248101734,1.7603936125725557,3.15490273514507,0.009532151827449728,negative_pre_failure,1.0,0,0,0,1,0,0,0,0,0,0,-1,0,0,0,1,1,0,1,0,0
sim_0005_n3_seed47,47,0.001,3,80.9,2,body_2,8.648712297334397,4.926411902220734,0.01351285342187292,0.018114941543060058,2.9083145693936463,4.256192741380278,1,1.7348238103305316,3.204085598441314,-70.90152907186007,-6.044108109916799e-08,182.16787061503572,3.120386633981792e-15,1.7348238103305316,1-2,3,0.0,0,0.010023190456939238,28.450000000000003,0.01351285342187292,0.018114941543060058,1,2.9083145693936463,4.680486075353553,1.7348238103305316,3.204085598441314,0.010023190456939238,correction,1.0,0,0,0,1,0,0,0,0,0,0,-1,0,0,0,1,1,0,1,0,0
sim_0005_n3_seed47,47,0.001,3,81.0,2,body_2,8.648712297334397,4.926411902220734,7.835588379475573e-08,1.1934373011481324e-07,3.1194190831162922,5.154945877911481,1,1.6939305448700837,3.291532836064199,-70.90152623761458,-2.046668702150836e-08,182.1678706150353,7.80096658495448e-16,1.6939305448700837,1-2,3,0.09999999999999432,100,,,,,0,3.1194190831162922,5.1626896990617945,1.6939305448700837,3.291532836064199,6.612330021934583e-08,negative_baseline,20.0,0,0,0,1,0,0,0,0,0,0,-1,0,0,0,1,1,0,1,0,0
sim_0005_n3_seed47,47,0.001,3,81.3,2,body_2,8.648712297334397,4.926411902220734,3.2060825498412865e-07,8.462151863200497e-07,3.679225846379416,6.730935323173173,1,1.5880257533806241,3.5532308635175425,-70.90153247915543,-1.0849781016109199e-07,182.16787061503535,1.0921353218936272e-15,1.5880257533806241,1-2,3,0.3999999999999915,400,,,,,0,3.679225846379416,6.7689784544447615,1.5880257533806241,3.5532308635175425,2.722569542066088e-07,negative_hard,10.0,0,0,0,1,0,0,0,1,0,0,-1,0,0,0,1,1,0,1,0,0
sim_0005_n3_seed47,47,0.001,3,81.8,2,body_2,8.648712297334397,4.926411902220734,9.267322407568123e-07,2.6570447150419877e-06,3.1335552739007655,4.848660218177666,1,1.7296506266878982,3.265041035159331,-70.90152651974638,-2.444589351309744e-08,182.16787061503524,4.680579950972688e-16,1.7296506266878982,1-2,3,0.8999999999999915,900,,,,,0,3.1335552739007655,4.863127652062968,1.7296506266878982,3.265041035159331,8.003193294392498e-07,negative_hard,10.0,0,0,0,1,0,0,0,0,0,0,-1,0,0,0,1,1,0,1,0,0
sim_0005_n3_seed47,47,0.001,3,82.0,2,body_2,8.648712297334397,4.926411902220734,1.3892482219347054e-06,3.189771448868047e-06,2.670438969390402,3.480803176082162,1,1.8573097200013218,2.9986155923896174,-70.90152315988419,2.294183476566502e-08,182.16787061503524,4.680579950972688e-16,1.8573097200013218,1-2,3,1.0999999999999943,1100,,,,,0,2.670438969390402,3.483932132268607,1.8573097200013218,2.9986155923896174,1.2086324787758371e-06,negative_baseline,20.0,0,0,0,1,0,0,0,0,0,0,-1,0,0,0,1,1,0,1,0,0
sim_0005_n3_seed47,47,0.001,3,82.3,2,body_2,8.648712297334397,4.926411902220734,2.2449211963037927e-06,3.7644807503295275e-06,2.07116466677641,2.2585562771232675,1,2.0265103721745983,2.708384287894658,-70.90152152713193,4.597028533348603e-08,182.1678706150353,7.80096658495448e-16,2.0265103721745983,1-2,3,1.3999999999999915,1400,,,,,0,2.07116466677641,2.257188022013241,2.0265103721745983,2.708384287894658,1.9604265595785284e-06,negative_hard,10.0,0,0,0,1,0,0,0,0,0,0,-1,0,0,0,0,0,0,1,0,0
sim_0005_n3_seed47,47,0.001,3,82.8,2,body_2,8.648712297334397,4.926411902220734,3.692757191277523e-06,3.972755981010037e-06,1.1306009252311104,2.2733596336450024,1,2.1905302353099136,2.6438063900900977,-70.90152286769589,2.7062878772182124e-08,182.16787061503516,0.0,2.1905302353099136,1-2,3,1.8999999999999915,1900,,,,,0,1.1306009252311104,2.272904531053641,2.1905302353099136,2.6438063900900977,3.203355163304545e-06,negative_hard,10.0,0,0,0,1,0,0,0,0,0,0,-1,0,0,0,0,0,0,1,0,0
sim_0005_n3_seed47,47,0.001,3,83.0,2,body_2,8.648712297334397,4.926411902220734,4.1230126145477105e-06,3.706505495238134e-06,0.695604596092242,2.544011320254996,1,2.2433886506685212,2.6661299145419535,-70.90152378052959,1.41882092759129e-08,182.16787061503496,-1.0921353218936272e-15,2.2433886506685212,1-2,3,2.0999999999999943,2100,,,,,0,0.695604596092242,2.5463486617865243,2.2433886506685212,2.6661299145419535,3.5751777774374153e-06,negative_baseline,20.0,0,0,0,1,0,0,0,0,0,0,-1,0,0,0,0,0,0,1,0,0
sim_0005_n3_seed47,47,0.001,3,83.3,2,body_2,8.648712297334397,4.926411902220734,4.4529507887205304e-06,3.2920782606400915e-06,0.4013190950987815,2.481367305229597,1,2.3535368135255457,2.6082742044166154,-70.90152419900039,8.286068159269948e-09,182.167870615035,-7.80096658495448e-16,2.3535368135255457,1-2,3,2.3999999999999915,2400,,,,,0,0.4013190950987815,2.4856546034275846,2.3535368135255457,2.6082742044166154,3.89936013828967e-06,negative_hard,10.0,0,0,0,1,0,0,0,0,0,0,-1,0,0,0,0,0,0,1,0,0
sim_0005_n3_seed47,47,0.001,3,84.0,2,body_2,8.648712297334397,4.926411902220734,4.076848806319552e-06,4.003525611713811e-06,1.3586664531259132,0.8655271877052049,1,2.7035516086150873,1.9973741672286307,-70.90152140270116,4.7725265498759344e-08,182.1678706150352,3.120386633981792e-16,2.7035516086150873,1-2,3,3.0999999999999943,3100,,,,,0,1.3586664531259132,0.8645113259024207,2.7035516086150873,1.9973741672286307,3.796041209847997e-06,negative_baseline,20.0,0,0,0,0,0,0,0,0,0,0,-1,0,0,0,0,0,0,1,0,0
sim_0005_n3_seed47,47,0.001,3,84.95,2,body_2,8.648712297334397,4.926411902220734,4.465418205325648e-06,5.1545320861093e-06,2.0396408107230517,1.3956576137175627,1,2.4655745666851843,2.226642941506071,-70.9015208810313,5.5082933230976534e-08,182.1678706150352,3.120386633981792e-16,2.4655745666851843,1-2,3,4.049999999999997,4050,,,,,0,2.0396408107230517,1.390894880529622,2.4655745666851843,2.226642941506071,4.099865512847755e-06,negative_hard,10.0,0,0,0,0,0,0,0,0,0,0,-1,0,0,0,0,0,0,1,0,0
sim_0005_n3_seed47,47,0.001,3,85.0,2,body_2,8.648712297334397,4.926411902220734,4.5489241948932344e-06,5.3037857748905105e-06,2.107315082615718,1.5611529105193878,1,2.414840386800637,2.3096488303576175,-70.90152107150504,5.239647842987599e-08,182.16787061503516,0.0,2.414840386800637,1-2,3,4.099999999999994,4100,,,,,0,2.107315082615718,1.5556080259316358,2.414840386800637,2.3096488303576175,4.170948369614112e-06,negative_baseline,20.0,0,0,0,1,0,0,0,0,0,0,-1,0,0,0,0,0,0,1,0,0
sim_0005_n3_seed47,47,0.001,3,85.45,2,body_2,8.648712297334397,4.926411902220734,5.584566689078584e-06,8.50267769617617e-06,3.244050481943625,5.223107210983085,1,1.8185992757321066,3.247402588204962,-70.90152395827555,1.168126798363662e-08,182.16787061503513,-1.560193316990896e-16,1.8185992757321066,1-2,3,4.549999999999997,4550,,,,,0,3.244050481943625,5.200660000422207,1.8185992757321066,3.247402588204962,5.020950154433738e-06,negative_hard,10.0,0,0,0,1,0,0,0,0,0,0,-1,0,0,0,0,0,0,1,0,0
sim_0005_n3_seed47,47,0.001,3,85.95,2,body_2,8.648712297334397,4.926411902220734,7.807602212009841e-06,2.304257475941628e-05,6.264098033041878,23.960888373492793,1,1.135517054878707,4.604172956820798,-70.90156692976308,-5.943915585227357e-07,182.16787061503504,-6.240773267963584e-16,1.135517054878707,1-2,3,5.049999999999997,5050,,,,,0,6.264098033041878,24.411474929247508,1.135517054878707,4.604172956820798,6.54658436355728e-06,negative_hard,10.0,1,1,0,1,0,0,0,1,0,0,-1,0,0,0,1,1,0,1,0,0
sim_0005_n3_seed47,47,0.001,3,86.0,2,body_2,8.648712297334397,4.926411902220734,8.053668149334465e-06,2.508277093153993e-05,6.373655573087023,26.282609623712666,1,1.1041984139411913,4.69749203928823,-70.90157860139647,-7.590090815298103e-07,182.16787061503507,-4.680579950972688e-16,1.1041984139411913,1-2,3,5.099999999999994,5100,,,,,0,6.373655573087023,26.907004487929388,1.1041984139411913,4.69749203928823,6.710628253038123e-06,negative_baseline,20.0,1,1,0,1,0,0,0,1,0,0,-1,0,0,0,1,1,0,1,0,0
sim_0005_n3_seed47,47,0.001,3,86.45,2,body_2,8.648712297334397,4.926411902220734,8.9677933837661e-06,2.1705434896931015e-05,3.5537145537443315,12.0181301270848,1,1.4645368333240776,3.834151741187397,-70.90152918265088,-6.200368229812426e-08,182.16787061503493,-1.2481546535927168e-15,1.4645368333240776,1-2,3,5.549999999999997,5550,,,,,0,3.5537145537443315,12.003826701171677,1.4645368333240776,3.834151741187397,7.543202405538639e-06,negative_hard,10.0,0,0,0,1,0,0,0,1,0,0,-1,0,0,0,0,0,0,1,0,0
sim_0005_n3_seed47,47,0.001,3,86.95,2,body_2,8.648712297334397,4.926411902220734,1.059296652804374e-05,1.4418354473531399e-05,2.7716690810583593,2.345668045788756,1,2.141618312942005,2.6370267222831236,-70.90151976437832,7.083228396777656e-08,182.167870615035,-7.80096658495448e-16,2.141618312942005,1-2,3,6.049999999999997,6050,,,,,0,2.7716690810583593,2.341656402851507,2.141618312942005,2.6370267222831236,9.462281695779928e-06,negative_hard,10.0,0,0,0,1,0,0,0,0,0,0,-1,0,0,0,0,0,0,1,0,0
sim_0005_n3_seed47,47,0.001,3,87.0,2,body_2,8.648712297334397,4.926411902220734,1.0819417999379234e-05,1.3882214200231552e-05,2.716448355068564,2.152299092666994,1,2.191145542553842,2.5968733779794944,-70.90151997825409,6.78157654127486e-08,182.16787061503496,-1.0921353218936272e-15,2.191145542553842,1-2,3,6.099999999999994,6100,,,,,0,2.716448355068564,2.149147417860522,2.191145542553842,2.5968733779794944,9.722523785927038e-06,negative_baseline,20.0,0,0,0,1,0,0,0,0,0,0,-1,0,0,0,0,0,0,1,0,0
sim_0005_n3_seed47,47,0.001,3,88.0,2,body_2,8.648712297334397,4.926411902220734,1.2781867221687035e-05,4.949221793438419e-06,1.5635706418319506,1.1117446232908272,1,3.5487746547450496,2.7835295297366556,-70.90153262884905,-1.1060909930090582e-07,182.16787061503504,-6.240773267963584e-16,3.088373480448964,0-1,3,7.099999999999994,7100,,,,,0,1.5635706418319506,1.1128743271236483,3.5487746547450496,2.7835295297366556,1.2145580250628916e-05,negative_baseline,20.0,0,0,0,0,0,1,0,0,0,0,-1,0,0,0,0,0,0,1,0,0
sim_0005_n3_seed47,47,0.001,3,89.0,2,body_2,8.648712297334397,4.926411902220734,1.1226719758531075e-05,5.436657360801052e-06,1.135313985971744,0.5266819851305792,1,5.766829506407421,1.9359833817385281,-70.90152098963257,5.3551213419223683e-08,182.16787061503481,-1.8722319803890754e-15,4.2728298582874435,0-1,3,8.099999999999994,8100,,,,,0,1.135313985971744,0.5265754315053289,5.766829506407421,1.9359833817385281,9.03824910940091e-06,negative_baseline,20.0,0,0,0,0,0,0,0,0,0,0,-1,0,0,0,0,0,0,1,0,0
sim_0005_n3_seed47,47,0.001,3,90.0,2,body_2,8.648712297334397,4.926411902220734,1.162945658153195e-05,8.161131979909879e-06,1.1604607505500617,0.5367326966474126,0,6.006581262130795,2.7916145373904415,-70.90152089833845,5.483883207498057e-08,182.16787061503447,-3.744463960778151e-15,5.562792062982903,0-1,3,9.099999999999994,9100,,,,,0,1.1604607505500617,0.536633570945572,6.006581262130795,2.7916145373904415,1.1801365334654882e-05,negative_baseline,20.0,0,0,0,0,0,0,0,0,0,0,-1,0,0,0,0,0,1,1,0,0
sim_0005_n3_seed47,47,0.001,3,91.0,2,body_2,8.648712297334397,4.926411902220734,1.834818308207219e-05,1.0728080093800486e-05,1.3357932108092718,0.7065382565376959,0,5.511832073162246,3.017862029607903,-70.90152114581221,5.134844502205029e-08,182.16787061503436,-4.368541287574509e-15,5.511832073162246,0-2,3,10.099999999999994,10100,,,,,0,1.3357932108092718,0.7064453229647336,5.511832073162246,3.017862029607903,1.7259036140170208e-05,negative_baseline,20.0,0,0,0,0,0,0,0,0,0,0,-1,0,0,0,0,0,1,1,0,0
sim_0005_n3_seed47,47,0.001,3,91.65,2,body_2,8.648712297334397,4.926411902220734,2.488996601512061e-05,1.1615758390756805e-05,1.5107818701900506,0.8536896821345595,0,5.132501394238705,3.2728536048332795,-70.90152137125122,4.816883766718499e-08,182.16787061503436,-4.368541287574509e-15,5.132501394238705,0-2,3,10.75,10750,,,,,0,1.5107818701900506,0.8539123537410976,5.132501394238705,3.2728536048332795,2.115699251870713e-05,negative_hard,10.0,0,0,0,0,0,0,0,0,0,0,-1,0,0,0,0,0,1,1,0,0
sim_0005_n3_seed47,47,0.001,3,92.0,2,body_2,8.648712297334397,4.926411902220734,2.852771643071906e-05,1.1435117022023031e-05,1.605522008303974,0.8734277717837904,1,4.722451066341488,2.481052894693987,-70.90152148704092,4.6535731700738874e-08,182.1678706150344,-4.212521955875419e-15,4.722451066341488,1-2,3,11.099999999999994,11100,,,,,0,1.605522008303974,0.8742944037138203,4.722451066341488,2.481052894693987,2.3280508684840382e-05,negative_baseline,20.0,0,0,0,0,1,0,0,0,0,0,-1,0,0,0,0,0,0,1,0,0
sim_0005_n3_seed47,47,0.001,3,92.15,2,body_2,8.648712297334397,4.926411902220734,3.005432989844545e-05,1.1173331248652471e-05,1.638707607538643,0.8373768224144689,1,4.401801896926362,2.6023320744943987,-70.9015214914217,4.6473944874626923e-08,182.1678706150343,-4.6805799509726884e-15,4.401801896926362,1-2,3,11.25,11250,,,,,0,1.638707607538643,0.8387817595263191,4.401801896926362,2.6023320744943987,2.4207883365960374e-05,negative_hard,10.0,0,0,0,0,1,0,0,0,0,0,-1,0,0,0,0,0,0,1,0,0
sim_0005_n3_seed47,47,0.001,3,92.65,2,body_2,8.648712297334397,4.926411902220734,3.5259922398148085e-05,1.2117404553921402e-05,1.6661056336214248,0.45419716616734135,1,3.171098880702391,3.115738707782189,-70.90152027706998,6.360124545648628e-08,182.16787061503442,-4.05650262417633e-15,3.171098880702391,1-2,3,11.75,11750,,,,,0,1.6661056336214248,0.4507960073168777,3.171098880702391,3.115738707782189,2.786534889923427e-05,negative_hard,10.0,0,0,0,0,1,0,0,0,0,0,-1,0,0,0,0,0,0,1,0,0
sim_0005_n3_seed47,47,0.001,3,93.0,2,body_2,8.648712297334397,4.926411902220734,4.1050999607044486e-05,2.9436759358759853e-05,1.7923041088141718,4.272668305653383,1,2.145405570106931,3.7766604315902366,-70.90151197557111,1.8068615852572722e-07,182.16787061503416,-5.460676609468136e-15,2.145405570106931,1-2,3,12.099999999999994,12100,,,,,0,1.7923041088141718,4.184213435472307,2.145405570106931,3.7766604315902366,3.297438814825105e-05,negative_baseline,20.0,0,0,0,1,1,0,0,0,0,0,-1,0,0,0,0,0,0,1,0,0
sim_0005_n3_seed47,47,0.001,3,93.15,2,body_2,8.648712297334397,4.926411902220734,4.6048905532816066e-05,5.448045307650763e-05,2.560611784096432,12.059031098074628,1,1.6498384509112278,4.312081018779295,-70.90149559526571,4.1171511658903667e-07,182.16787061503413,-5.616695941167225e-15,1.6498384509112278,1-2,3,12.25,12250,,,,,0,2.560611784096432,11.677561326105861,1.6498384509112278,4.312081018779295,3.761668234089334e-05,negative_hard,10.0,0,0,0,1,1,0,0,0,0,0,-1,0,0,0,0,0,0,1,0,0
sim_0005_n3_seed47,47,0.001,3,93.65,2,body_2,8.648712297334397,4.926411902220734,6.168350015581001e-05,0.00024168639045396976,9.699974234783618,84.3135680704661,1,0.9358714083385896,5.8011438975343115,-70.90141935982419,1.486945046486351e-06,182.16787061503408,-5.928734604565405e-15,0.9358714083385896,1-2,3,12.75,12750,,,,,0,9.699974234783618,80.52420518714288,0.9358714083385896,5.8011438975343115,5.7201893347270647e-05,negative_hard,10.0,1,1,1,1,0,1,1,1,0,0,-1,0,0,0,1,1,0,1,0,0
sim_0005_n3_seed47,47,0.001,3,94.0,2,body_2,8.648712297334397,4.926411902220734,4.8085407129017136e-05,7.410040204839604e-05,2.554880566218727,4.200403910167105,1,2.142081458593538,3.5487884005624326,-70.90151246927557,1.7372291670987376e-07,182.1678706150343,-4.6805799509726884e-15,2.142081458593538,1-2,3,13.099999999999994,13100,,,,,0,2.554880566218727,4.139885534198117,2.142081458593538,3.5487884005624326,4.5202965807916415e-05,negative_baseline,20.0,0,0,0,1,0,1,0,0,0,0,-1,0,0,0,0,0,0,1,0,0
sim_0005_n3_seed47,47,0.001,3,95.0,2,body_2,8.648712297334397,4.926411902220734,7.066614944933189e-05,6.250230501547657e-05,1.735196747813014,1.0926247480457754,1,4.038712849572594,1.1480806957044931,-70.901522882009,2.686100559570484e-08,182.16787061503388,-7.020869926459032e-15,4.038712849572594,1-2,3,14.099999999999994,14100,,,,,0,1.735196747813014,1.0931624668839468,4.038712849572594,1.1480806957044931,6.87174276690976e-05,negative_baseline,20.0,0,0,0,0,0,0,0,0,0,0,-1,0,0,0,0,0,1,1,0,0
sim_0005_n3_seed47,47,0.001,3,96.0,2,body_2,8.648712297334397,4.926411902220734,0.0001249874686332592,7.786198831307796e-05,1.6324261191782343,0.9519647186992847,1,3.8112588087421795,1.3978548316622188,-70.90152274816586,2.8748738546025384e-08,182.16787061503402,-6.240773267963584e-15,3.8112588087421795,1-2,3,15.099999999999994,15100,,,,,0,1.6324261191782343,0.9515804442975446,3.8112588087421795,1.3978548316622188,0.00012368951662513163,negative_baseline,20.0,0,0,0,0,0,0,0,0,0,0,-1,0,0,0,0,0,0,1,0,0
sim_0005_n3_seed47,47,0.001,3,96.2,2,body_2,8.648712297334397,4.926411902220734,0.00013645661497208676,8.010842536270879e-05,1.6742137508638684,0.9830605889014409,1,3.5174864801727463,1.8216597344061942,-70.90152257075819,3.1250908581301e-08,182.16787061503416,-5.460676609468136e-15,3.5174864801727463,1-2,3,15.299999999999997,15300,,,,,0,1.6742137508638684,0.9815136510647464,3.5174864801727463,1.8216597344061942,0.00013531369243182458,negative_hard,10.0,0,0,0,0,1,0,0,0,0,0,-1,0,0,0,0,0,0,1,0,0
sim_0005_n3_seed47,47,0.001,3,96.7,2,body_2,8.648712297334397,4.926411902220734,0.0001604562624395561,0.0001001307192600284,2.238721238180678,2.7231810976763544,1,2.463892759849179,3.0238074159701935,-70.90151989232902,6.902765847756036e-08,182.1678706150341,-5.7727152728663156e-15,2.463892759849179,1-2,3,15.799999999999997,15800,,,,,0,2.238721238180678,2.6984461916498206,2.463892759849179,3.0238074159701935,0.00015882135623234694,negative_hard,10.0,0,0,0,0,1,0,0,0,0,0,-1,0,0,0,0,0,0,1,0,0
sim_0005_n3_seed47,47,0.001,3,97.0,2,body_2,8.648712297334397,4.926411902220734,0.00017146003455730265,0.00020722579052862426,3.8265167990685205,10.819316994940214,1,1.6586017281527172,4.008890252238429,-70.90151042571635,2.0254541702512228e-07,182.16787061503402,-6.240773267963584e-15,1.6586017281527172,1-2,3,16.099999999999994,16100,,,,,0,3.8265167990685205,10.636737244854158,1.6586017281527172,4.008890252238429,0.00016396286727370167,negative_baseline,20.0,0,0,1,1,1,0,0,0,0,0,-1,0,0,0,0,0,0,1,0,0
sim_0005_n3_seed47,47,0.001,3,97.2,2,body_2,8.648712297334397,4.926411902220734,0.00019819434459629118,0.0005438638614235819,7.376052539830847,38.28855093132962,1,1.1078106612380787,5.04550908529929,-70.90151884504795,8.379858304456228e-08,182.16787061503402,-6.240773267963584e-15,1.1078106612380787,1-2,3,16.299999999999997,16300,,,,,0,7.376052539830847,38.031788635239685,1.1078106612380787,5.04550908529929,0.0001751603378633861,negative_hard,10.0,1,1,1,1,1,0,0,1,0,0,-1,0,0,0,1,1,0,1,0,0
sim_0005_n3_seed47,47,0.001,3,97.7,2,body_2,8.648712297334397,4.926411902220734,0.00044333361076432515,0.001096009407393546,2.9283630758834316,20.736547342267674,1,1.3560022224036727,4.48189567061018,-70.9015061409313,2.629783211458464e-07,182.16787061503382,-7.332908589857212e-15,1.3560022224036727,1-2,3,16.799999999999997,16800,,,,,0,2.9283630758834316,20.512831613644,1.3560022224036727,4.48189567061018,0.0004769692524054464,negative_hard,10.0,0,1,1,1,0,1,0,1,0,0,-1,0,0,0,1,1,0,1,0,0
sim_0005_n3_seed47,47,0.001,3,98.0,2,body_2,8.648712297334397,4.926411902220734,0.0005146766055777591,0.000538572134928971,1.210660778568499,3.852670360628212,1,2.166862348870986,3.442566427213757,-70.90151680152849,1.1262052255422004e-07,182.16787061503373,-7.80096658495448e-15,2.166862348870986,1-2,3,17.099999999999994,17100,,,,,0,1.210660778568499,3.8204543874686343,2.166862348870986,3.442566427213757,0.0005462674767537116,negative_baseline,20.0,0,0,0,1,0,1,0,0,0,0,-1,0,0,0,0,0,0,1,0,0
sim_0005_n3_seed47,47,0.001,3,99.0,2,body_2,8.648712297334397,4.926411902220734,0.000538236689319389,0.0002039391132943481,1.4406753235067273,0.5869632251221707,1,4.333114057301282,1.9340908027560832,-70.9015209719946,5.379998060601046e-08,182.1678706150339,-6.864850594759943e-15,4.333114057301282,1-2,3,18.099999999999994,18100,,,,,0,1.4406753235067273,0.5874872275647197,4.333114057301282,1.9340908027560832,0.0005839755076317697,negative_baseline,20.0,0,0,0,0,0,0,0,0,0,0,-1,0,0,0,0,0,0,1,0,0
sim_0005_n3_seed47,47,0.001,3,100.0,2,body_2,8.648712297334397,4.926411902220734,0.00042157811795014773,0.000316705190469167,1.271320600973766,0.5204688126884294,1,5.426629291868557,1.2552062543202063,-70.90152107602123,5.233278189837852e-08,182.16787061503368,-8.11300524835266e-15,5.426629291868557,1-2,3,19.099999999999994,19100,,,,,0,1.271320600973766,0.5204412058638985,5.426629291868557,1.2552062543202063,0.0005107157698661086,negative_baseline,20.0,0,0,0,0,0,0,0,0,0,0,-1,0,0,0,0,0,1,1,0,0
sim_0005_n3_seed47,47,0.001,3,101.0,2,body_2,8.648712297334397,4.926411902220734,0.0005202859211076175,0.0004008583590937132,1.276755374928764,0.555644926385515,1,5.414495608796178,1.5874602308459882,-70.90152113800598,5.1458544708642194e-08,182.1678706150337,-7.95698591665357e-15,5.414495608796178,1-2,3,20.099999999999994,20100,,,,,0,1.276755374928764,0.5554089139367363,5.414495608796178,1.5874602308459882,0.0005309703285103539,negative_baseline,20.0,0,0,0,0,0,0,0,0,0,0,-1,0,0,0,0,0,1,1,0,0
sim_0005_n3_seed47,47,0.001,3,102.0,2,body_2,8.648712297334397,4.926411902220734,0.0008830310342822577,0.0004094460430673325,1.547710786983376,0.999818732099814,1,4.370080526666552,2.66133330903235,-70.90152113668495,5.147717656243445e-08,182.16787061503385,-7.176889258158121e-15,4.370080526666552,1-2,3,21.099999999999994,21100,,,,,0,1.547710786983376,0.9989946405143282,4.370080526666552,2.66133330903235,0.0007939045075858458,negative_baseline,20.0,0,0,0,0,0,0,0,0,0,0,-1,0,0,0,0,0,1,1,0,0
sim_0005_n3_seed47,47,0.001,3,102.35000000000001,2,body_2,8.648712297334397,4.926411902220734,0.0010152576270230113,0.0004177752274566207,1.7435363589681483,1.3785067494342282,1,3.8233532979114004,3.152450747118611,-70.9015212550432,4.980784351689394e-08,182.16787061503382,-7.332908589857212e-15,3.8233532979114004,1-2,3,21.450000000000003,21450,,,,,0,1.7435363589681483,1.3774766681680453,3.8233532979114004,3.152450747118611,0.0009224474321924088,negative_hard,10.0,0,0,0,0,1,0,0,0,0,0,-1,0,0,0,0,0,0,1,0,0
sim_0005_n3_seed47,47,0.001,3,103.0,2,body_2,8.648712297334397,4.926411902220734,0.001259974169700564,0.0008977670507964998,2.281252794429601,2.4985946365597385,1,2.9334165105377723,4.149430515728701,-70.901524243461,7.658992705004486e-09,182.16787061503373,-7.80096658495448e-15,2.9334165105377723,1-2,3,22.099999999999994,22100,,,,,0,2.281252794429601,2.4998315483880207,2.9334165105377723,4.149430515728701,0.0012297117788168407,negative_baseline,20.0,0,0,0,0,0,0,0,0,0,0,-1,0,0,0,0,0,0,1,0,0
sim_0005_n3_seed47,47,0.001,3,103.75,2,body_2,8.648712297334397,4.926411902220734,0.0019302697827900525,0.0014777394899178249,4.423847707709218,7.50870288109509,0,2.88627236582298,4.242514072016546,-70.90152251121742,3.209067566900102e-08,182.1678706150339,-6.864850594759943e-15,2.88627236582298,0-2,3,22.849999999999994,22850,,,,,0,4.423847707709218,7.481073114292256,2.88627236582298,4.242514072016546,0.0019061622065936576,negative_hard,10.0,0,0,0,0,1,0,0,0,0,0,-1,0,0,0,0,0,0,1,0,0
sim_0005_n3_seed47,47,0.001,3,104.0,2,body_2,8.648712297334397,4.926411902220734,0.0020563533260314995,0.00096671024270353,6.455260636578312,15.036931597853677,0,2.416322388993331,4.880484397466203,-70.9015283668572,-5.049767207452404e-08,182.16787061503385,-7.176889258158121e-15,2.416322388993331,0-2,3,23.099999999999994,23100,,,,,0,6.455260636578312,14.998153157538011,2.416322388993331,4.880484397466203,0.0020885554086431516,negative_baseline,20.0,1,0,1,1,1,0,0,0,0,0,-1,0,0,0,0,0,0,1,0,0
sim_0005_n3_seed47,47,0.001,3,104.25,2,body_2,8.648712297334397,4.926411902220734,0.0019354818698428446,0.0011788292739642666,9.748347665470563,29.98687899110201,0,1.975814910631426,5.689112093340674,-70.90157030333293,-6.41972620620508e-07,182.16787061503382,-7.332908589857212e-15,1.975814910631426,0-2,3,23.349999999999994,23350,,,,,0,9.748347665470563,30.139732892154807,1.975814910631426,5.689112093340674,0.0021710219417094695,negative_hard,10.0,1,1,1,1,0,0,1,0,0,0,-1,0,0,0,0,0,0,1,0,0
sim_0005_n3_seed47,47,0.001,3,104.75,2,body_2,8.648712297334397,4.926411902220734,0.0035781056442386987,0.008090592098117745,10.464281777837472,34.05750810360083,0,1.9122857633529944,5.86508837720212,-70.90158672908106,-8.736425061163469e-07,182.16787061503322,-1.0609314555538093e-14,1.9122857633529944,0-2,3,23.849999999999994,23850,,,,,0,10.464281777837472,34.411033625028516,1.9122857633529944,5.86508837720212,0.0029361403381709503,negative_hard,10.0,1,1,1,1,0,0,1,0,0,0,-1,0,0,0,0,0,0,1,0,0
sim_0005_n3_seed47,47,0.001,3,105.0,2,body_2,8.648712297334397,4.926411902220734,0.005101248075201179,0.008510009911131313,6.950013813555073,17.853263491252786,0,2.350831385533049,5.039974086726493,-70.90152940805683,-6.518282345077222e-08,182.16787061503322,-1.0609314555538093e-14,2.350831385533049,0-2,3,24.099999999999994,24100,,,,,0,6.950013813555073,17.868309875547364,2.350831385533049,5.039974086726493,0.0036880885907374593,negative_baseline,20.0,1,1,1,1,0,0,0,0,0,0,-1,0,0,0,0,0,0,1,0,0
sim_0005_n3_seed47,47,0.001,3,105.60000000000001,2,body_2,8.648712297334397,4.926411902220734,0.007407352737909264,0.007128072148607473,3.175843021818357,4.100825685511072,0,3.4929193045723,3.515724494836452,-70.90151905843308,8.078898436552458e-08,182.167870615033,-1.185746920913081e-14,3.4929193045723,0-2,3,24.700000000000003,24700,,,,,0,3.175843021818357,4.096755824200326,3.4929193045723,3.515724494836452,0.005034611639365555,negative_hard,8.0,0,0,0,0,0,0,0,0,0,0,-1,0,0,0,0,0,0,1,0,0
sim_0005_n3_seed47,47,0.001,3,106.0,2,body_2,8.648712297334397,4.926411902220734,0.008387732713435528,0.0067547936298814745,2.3449477259386664,2.0688052285421916,0,4.072093008923482,2.912803928088925,-70.90151994016044,6.835304081953275e-08,182.1678706150328,-1.2949604531024436e-14,4.072093008923482,0-2,3,25.099999999999994,25100,,,,,0,2.3449477259386664,2.0676430814752003,4.072093008923482,2.912803928088925,0.005736086672062078,negative_hard,8.0,0,0,0,0,0,0,0,0,0,0,-1,0,0,0,0,0,0,1,0,0
sim_0005_n3_seed47,47,0.001,3,106.4,2,body_2,8.648712297334397,4.926411902220734,0.009200452932157524,0.006838397840741942,1.9415318356915912,1.2479742010492831,0,4.478223194882097,2.5185678577896233,-70.90152040633312,6.177810917272685e-08,182.16787061503314,-1.1077372550635361e-14,4.478223194882097,0-2,3,25.5,25500,,,,,0,1.9415318356915912,1.2475330898538455,4.478223194882097,2.5185678577896233,0.006430036015292108,negative_hard,8.0,0,0,0,0,0,0,0,0,0,0,-1,0,0,0,0,0,0,1,0,0
sim_0005_n3_seed47,47,0.001,3,106.8,2,body_2,8.648712297334397,4.926411902220734,0.009993511076374131,0.007308336119923677,1.7487262261066279,0.8876380604590958,0,4.717514202555262,2.287724106114967,-70.90152061082235,5.889397901941376e-08,182.167870615033,-1.185746920913081e-14,4.717514202555262,0-2,3,25.89999999999999,25900,,,,,0,1.7487262261066279,0.8873226588529667,4.717514202555262,2.287724106114967,0.007204677324465312,negative_hard,8.0,0,0,0,0,0,0,0,0,0,0,-1,0,0,0,0,0,0,1,0,0
sim_0005_n3_seed47,47,0.001,3,107.0,2,body_2,8.648712297334397,4.926411902220734,0.010426157401504063,0.007688502533349636,1.7044583042565296,0.8057545798440697,0,4.776472304986171,2.228233771836315,-70.90152065370059,5.828922134274826e-08,182.16787061503277,-1.3105623862723526e-14,4.776472304986171,0-2,3,26.099999999999994,26100,,,,,0,1.7044583042565296,0.8053991013085399,4.776472304986171,2.228233771836315,0.007645764695753674,negative_baseline,20.0,0,0,0,0,0,0,0,0,0,0,-1,0,0,0,0,0,0,1,0,0
sim_0005_n3_seed47,47,0.001,3,107.2,2,body_2,8.648712297334397,4.926411902220734,0.010908138595656189,0.008177244434972943,1.6890860827742742,0.7763336142654899,0,4.795474483304926,2.205270676029958,-70.90152066556728,5.8121852742417935e-08,182.1678706150329,-1.2325527204228079e-14,4.795474483304926,0-2,3,26.299999999999997,26300,,,,,0,1.6890860827742742,0.7758798632038261,4.795474483304926,2.205270676029958,0.008134506742672229,negative_hard,8.0,0,0,0,0,0,0,0,0,0,0,-1,0,0,0,0,0,0,1,0,0
sim_0005_n3_seed47,47,0.001,3,107.60000000000001,2,body_2,8.648712297334397,4.926411902220734,0.012110011737909232,0.009563054994324006,1.7431798918498136,0.8729118804496924,0,4.713205407424324,2.2697844251088397,-70.9015205938533,5.913331152401044e-08,182.16787061503297,-1.20134885408299e-14,4.713205407424324,0-2,3,26.700000000000003,26700,,,,,0,1.7431798918498136,0.8720423056855438,4.713205407424324,2.2697844251088397,0.00929172246741912,negative_hard,8.0,0,0,0,0,0,0,0,0,0,0,-1,0,0,0,0,0,0,1,0,0
sim_0005_n3_seed47,47,0.001,3,107.75,2,body_2,8.648712297334397,4.926411902220734,0.012677151839692277,0.010268026163132823,1.7957887995473039,0.9697348399021226,0,4.640343140629739,2.3328914238825362,-70.90152052559861,6.009598041963836e-08,182.16787061503294,-1.2169507872528989e-14,4.640343140629739,0-2,3,26.849999999999994,26850,,,,,0,1.7957887995473039,0.9685923292749145,4.640343140629739,2.3328914238825362,0.009800814493307296,negative_pre_failure,1.0,0,0,0,0,0,0,0,0,0,0,-1,0,0,0,0,0,0,1,0,0
sim_0005_n3_seed47,47,0.001,3,107.8,2,body_2,8.648712297334397,4.926411902220734,0.012884316734167225,0.010532023104699013,1.8179119719553025,1.0109319364651073,0,4.610852250921358,2.358814186734506,-70.90152049616242,6.05111505307954e-08,182.16787061503302,-1.170144987743172e-14,4.610852250921358,0-2,3,26.89999999999999,26900,,,,,0,1.8179119719553025,1.0096762506143204,4.610852250921358,2.358814186734506,0.009981144922620052,negative_pre_failure,1.0,0,0,0,0,0,0,0,0,0,0,-1,0,0,0,0,0,0,1,0,0
sim_0005_n3_seed47,47,0.001,3,107.85000000000001,2,body_2,8.648712297334397,4.926411902220734,0.013101520781684932,0.010812416653126319,1.842546783224386,0.9714992641827517,0,4.578728240723919,2.3872359867590536,-70.901520462837,6.098117456406721e-08,182.16787061503308,-1.138941121403354e-14,4.578728240723919,0-2,4,0.0,0,0.010167170762968053,26.950000000000003,0.013101520781684932,0.010812416653126319,1,1.842546783224386,1.0557624893115118,4.578728240723919,2.3872359867590536,0.010167170762968053,correction,1.0,0,0,0,0,0,0,0,0,0,0,-1,0,0,0,0,0,0,1,0,0
sim_0005_n3_seed47,47,0.001,3,108.0,2,body_2,8.648712297334397,4.926411902220734,2.7212066047120132e-08,1.4327244582560879e-08,1.9265775854048497,1.220125568628332,0,4.47433427817945,2.483135153302786,-70.90152466089899,1.7714185035597858e-09,182.16787061503493,-1.2481546535927168e-15,4.47433427817945,0-2,4,0.14999999999999147,150,,,,,0,1.9265775854048497,1.218283685737762,4.47433427817945,2.483135153302786,1.6289020742535655e-08,negative_baseline,20.0,0,0,0,0,0,0,0,0,0,0,-1,0,0,0,0,0,0,1,0,0
sim_0005_n3_seed47,47,0.001,3,108.9,2,body_2,8.648712297334397,4.926411902220734,3.1993298384071604e-07,3.5983546432601433e-07,3.5781821407173293,5.4162677567787165,0,3.2618729685045156,3.7110443649031013,-70.90152165591279,4.4153951272792705e-08,182.1678706150349,-1.4041739852918063e-15,3.2618729685045156,0-2,4,1.0499999999999972,1050,,,,,0,3.5781821407173293,5.394412091016424,3.2618729685045156,3.7110443649031013,1.8992107913412303e-07,negative_hard,10.0,0,0,0,0,1,0,0,0,0,0,-1,0,0,0,0,0,0,1,0,0
sim_0005_n3_seed47,47,0.001,3,109.0,2,body_2,8.648712297334397,4.926411902220734,3.936984682507133e-07,4.847865830741816e-07,4.043869074941563,6.942326242386623,0,3.065613025426494,3.9480092340211224,-70.90152088586517,5.501475606724844e-08,182.167870615035,-7.80096658495448e-16,3.065613025426494,0-2,4,1.1499999999999915,1150,,,,,0,4.043869074941563,6.910806957324978,3.065613025426494,3.9480092340211224,2.3353753440348448e-07,negative_baseline,20.0,0,0,0,0,1,0,0,0,0,0,-1,0,0,0,0,0,0,1,0,0
sim_0005_n3_seed47,47,0.001,3,109.4,2,body_2,8.648712297334397,4.926411902220734,1.0375138596175901e-06,2.0857637185890266e-06,7.920659515072906,23.951259249036017,0,2.182667854850007,5.2759515186182595,-70.90152909194057,-6.072429794404174e-08,182.1678706150351,-3.120386633981792e-16,2.182667854850007,0-2,4,1.5499999999999972,1550,,,,,0,7.920659515072906,23.853946802256132,2.182667854850007,5.2759515186182595,6.14420398014552e-07,negative_hard,10.0,1,1,1,1,1,0,1,0,0,0,-1,0,0,0,1,1,0,1,0,0
sim_0005_n3_seed47,47,0.001,3,109.9,2,body_2,8.648712297334397,4.926411902220734,4.284090116941708e-06,2.1328224029398775e-05,15.356677247864335,65.35547294680504,0,1.5646607930966894,6.683180148524307,-70.90172504328697,-2.8244356142913347e-06,182.167870615035,-7.80096658495448e-16,1.5646607930966894,0-2,4,2.049999999999997,2050,,,,,0,15.356677247864335,67.13537510704839,1.5646607930966894,6.683180148524307,2.537398788962859e-06,negative_hard,10.0,1,1,1,1,0,0,1,1,0,0,-1,0,0,0,1,1,0,1,0,0
sim_0005_n3_seed47,47,0.001,3,110.0,2,body_2,8.648712297334397,4.926411902220734,5.475178589809605e-06,2.4477714626150152e-05,13.304569676425743,53.93262698410695,0,1.681603856045237,6.366352150385393,-70.90163742022455,-1.5885938931010818e-06,182.1678706150352,3.120386633981792e-16,1.681603856045237,0-2,4,2.1499999999999915,2150,,,,,0,13.304569676425743,54.81559229391296,1.681603856045237,6.366352150385393,3.2430225770888645e-06,negative_baseline,20.0,1,1,1,1,0,0,1,0,0,0,-1,0,0,0,1,1,0,1,0,0
sim_0005_n3_seed47,47,0.001,3,111.0,2,body_2,8.648712297334397,4.926411902220734,1.761516451284695e-05,1.5093425119701006e-05,2.780703944950546,3.164224314421874,0,3.7033030658101613,3.228352337925944,-70.9015231505233,2.307386138964889e-08,182.1678706150357,2.9643673022827025e-15,3.7033030658101613,0-2,4,3.1499999999999915,3150,,,,,0,2.780703944950546,3.160819759340472,3.7033030658101613,3.228352337925944,1.0435072157908898e-05,negative_baseline,20.0,0,0,0,0,0,0,0,0,0,0,-1,0,0,0,0,0,0,1,0,0
sim_0005_n3_seed47,47,0.001,3,112.0,2,body_2,8.648712297334397,4.926411902220734,2.2715129780190587e-05,1.0202187983004119e-05,1.7290710933598088,0.8778348260394676,0,4.710455953244566,2.274596110194602,-70.90152489963984,-1.5957989657924e-09,182.1678706150358,3.5884446290790605e-15,4.710455953244566,0-2,4,4.1499999999999915,4150,,,,,0,1.7290710933598088,0.8775164948670782,4.710455953244566,2.274596110194602,1.3456928558282454e-05,negative_baseline,20.0,0,0,0,0,0,0,0,0,0,0,-1,0,0,0,0,0,0,1,0,0
sim_0005_n3_seed47,47,0.001,3,113.0,2,body_2,8.648712297334397,4.926411902220734,2.192289511909275e-05,1.0211459498277407e-05,1.7506361586003067,0.919089800187092,0,4.680002534167163,2.308366469381579,-70.90152489014696,-1.4619107398332244e-09,182.16787061503638,6.7088312630608525e-15,4.680002534167163,0-2,4,5.1499999999999915,5150,,,,,0,1.7506361586003067,0.9180578062312051,4.680002534167163,2.308366469381579,1.2985715171303495e-05,negative_baseline,20.0,0,0,0,0,0,0,0,0,0,0,-1,0,0,0,0,0,0,1,0,0
sim_0005_n3_seed47,47,0.001,3,114.0,2,body_2,8.648712297334397,4.926411902220734,1.5320760366510792e-05,1.435483068836972e-05,2.913401302818964,3.4996930193895537,0,3.616622366919853,3.3282406527992046,-70.90152307121747,2.419239635807043e-08,182.16787061503666,8.269024580051749e-15,3.616622366919853,0-2,4,6.1499999999999915,6150,,,,,0,2.913401302818964,3.4889255686913967,3.616622366919853,3.3282406527992046,9.069881526070377e-06,negative_hard,10.0,0,0,0,0,1,0,0,0,0,0,-1,0,0,0,1,1,0,1,0,0
sim_0005_n3_seed47,47,0.001,3,114.5,2,body_2,8.648712297334397,4.926411902220734,9.559210555976469e-06,1.754488187419887e-05,5.382780496170804,11.935945050285827,0,2.653399518339868,4.509176468063729,-70.90152094431866,5.41903239458631e-08,182.1678706150362,5.7727152728663156e-15,2.653399518339868,0-2,4,6.6499999999999915,6650,,,,,0,5.382780496170804,11.875643220104289,2.653399518339868,4.509176468063729,5.657336638227538e-06,negative_hard,10.0,0,0,0,0,1,0,0,0,0,0,-1,0,0,0,1,1,0,1,0,0
sim_0005_n3_seed47,47,0.001,3,115.0,2,body_2,8.648712297334397,4.926411902220734,4.887214757139939e-06,2.511567940628089e-05,13.853127712617253,55.83904026572452,0,1.6487454150899719,6.452994595301652,-70.90166737133117,-2.0110263685118673e-06,182.16787061503595,4.368541287574509e-15,1.6487454150899719,0-2,4,7.1499999999999915,7150,,,,,0,13.853127712617253,56.86295517005692,1.6487454150899719,6.452994595301652,2.9195217854544542e-06,negative_hard,10.0,1,1,1,1,0,0,1,0,0,0,-1,0,0,0,1,1,0,1,0,0
sim_0005_n3_seed47,47,0.001,3,115.5,2,body_2,8.648712297334397,4.926411902220734,1.6123814045679014e-05,4.636591328556115e-05,8.830773607909972,28.51055262038771,0,2.06403210806369,5.506297016445979,-70.90154103481889,-2.2916747815040617e-07,182.16787061503626,6.0847539362644945e-15,2.06403210806369,0-2,4,7.6499999999999915,7650,,,,,0,8.830773607909972,28.56111984595255,2.06403210806369,5.506297016445979,9.576524156998602e-06,negative_hard,10.0,1,1,1,1,0,1,1,0,0,0,-1,0,0,0,1,1,0,1,0,0
sim_0005_n3_seed47,47,0.001,3,116.0,2,body_2,8.648712297334397,4.926411902220734,2.9139702269425033e-05,3.522075902328936e-05,3.8400736475906982,6.260496724588657,0,3.1398675108837355,3.858527083573315,-70.90152150838733,4.623466047344046e-08,182.16787061503646,7.176889258158121e-15,3.1398675108837355,0-2,4,8.149999999999991,8150,,,,,0,3.8400736475906982,6.249607727896456,3.1398675108837355,3.858527083573315,1.7277686342021622e-05,negative_baseline,20.0,0,0,0,0,0,0,0,0,0,0,-1,0,0,0,1,1,0,1,0,0
sim_0005_n3_seed47,47,0.001,3,117.0,2,body_2,8.648712297334397,4.926411902220734,4.3162035823541146e-05,2.2027793313010357e-05,1.9003829615521879,1.1782847135133,0,4.485791938679861,2.468297140299056,-70.90152472294592,8.96304228310544e-10,182.16787061503695,9.829217897042645e-15,4.485791938679861,0-2,4,9.149999999999991,9150,,,,,0,1.9003829615521879,1.1778142412415074,4.485791938679861,2.468297140299056,2.5573093163739727e-05,negative_baseline,20.0,0,0,0,0,0,0,0,0,0,0,-1,0,0,0,0,0,0,1,0,0
sim_0005_n3_seed47,47,0.001,3,118.0,2,body_2,8.648712297334397,4.926411902220734,4.458299858279398e-05,1.9338404215067332e-05,1.7037485858714503,0.8118269441946341,0,4.744822440131243,2.246273373484697,-70.90152500103227,-3.0258448041141894e-09,182.16787061503666,8.269024580051749e-15,4.744822440131243,0-2,4,10.149999999999991,10150,,,,,0,1.7037485858714503,0.8111645236273923,4.744822440131243,2.246273373484697,2.64100381575174e-05,negative_baseline,20.0,0,0,0,0,0,0,0,0,0,0,-1,0,0,0,0,0,0,1,0,0
sim_0005_n3_seed47,47,0.001,3,119.0,2,body_2,8.648712297334397,4.926411902220734,3.445313916608934e-05,2.504436232991548e-05,2.394440568388398,2.1926466505924838,0,3.996496252933569,2.9503235281200526,-70.90152416253767,8.800340916151197e-09,182.1678706150369,9.517179233644466e-15,3.996496252933569,0-2,4,11.149999999999991,11150,,,,,0,2.394440568388398,2.187849066564485,3.996496252933569,2.9503235281200526,2.040845986269471e-05,negative_baseline,20.0,0,0,0,0,0,0,0,0,0,0,-1,0,0,0,0,0,0,1,0,0
sim_0005_n3_seed47,47,0.001,3,119.60000000000001,2,body_2,8.648712297334397,4.926411902220734,2.2080275661554122e-05,3.118152049175763e-05,4.15303380761262,7.161652052358154,0,3.0269207054917255,4.010029582838794,-70.90152210622301,3.7802744778708466e-08,182.16787061503743,1.2481546535927168e-14,3.0269207054917255,0-2,4,11.75,11750,,,,,0,4.15303380761262,7.132610093853788,3.0269207054917255,4.010029582838794,1.3097544092570162e-05,negative_hard,10.0,0,0,0,0,1,0,0,0,0,0,-1,0,0,0,1,1,0,1,0,0
sim_0005_n3_seed47,47,0.001,3,120.0,2,body_2,8.648712297334397,4.926411902220734,1.1082912923750335e-05,3.318455185546334e-05,7.844219217404945,22.692617317229292,0,2.1970116502337795,5.254555394012067,-70.90153529258998,-1.4817868524685691e-07,182.16787061503723,1.138941121403354e-14,2.1970116502337795,0-2,4,12.149999999999991,12150,,,,,0,7.844219217404945,22.64084079684476,2.1970116502337795,5.254555394012067,6.673048534263861e-06,negative_baseline,20.0,1,1,1,1,1,0,1,0,0,0,-1,0,0,0,1,1,0,1,0,0
sim_0005_n3_seed47,47,0.001,3,120.10000000000001,2,body_2,8.648712297334397,4.926411902220734,8.264513849008234e-06,3.271666534128552e-05,9.489969210498087,30.95245454380921,0,1.9960451992933774,5.644076865684561,-70.9015564629444,-4.467668253332609e-07,182.16787061503732,1.185746920913081e-14,1.9960451992933774,0-2,4,12.25,12250,,,,,0,9.489969210498087,31.000886951380405,1.9960451992933774,5.644076865684561,5.074500777717301e-06,negative_hard,10.0,1,1,1,1,1,0,1,0,0,0,-1,0,0,0,1,1,0,1,0,0
sim_0005_n3_seed47,47,0.001,3,120.60000000000001,2,body_2,8.648712297334397,4.926411902220734,1.2814125833397655e-05,5.852350677894927e-05,12.203021522256474,45.57671375749288,0,1.7541077700260328,6.189015017612753,-70.90162481431898,-1.410799330778795e-06,182.16787061503766,1.3729701189519885e-14,1.7541077700260328,0-2,4,12.75,12750,,,,,0,12.203021522256474,46.25635667683481,1.7541077700260328,6.189015017612753,7.866400134732144e-06,negative_hard,10.0,1,1,1,1,0,0,1,0,0,0,-1,0,0,0,1,1,0,1,0,0
sim_0005_n3_seed47,47,0.001,3,121.0,2,body_2,8.648712297334397,4.926411902220734,3.055087180955277e-05,5.848150055600419e-05,5.882926118891699,14.006992688461509,0,2.526278130721082,4.7019086010697855,-70.90152391706232,1.2262542176727962e-08,182.1678706150379,1.513387517481169e-14,2.526278130721082,0-2,4,13.149999999999991,13150,,,,,0,5.882926118891699,13.987862618077708,2.526278130721082,4.7019086010697855,1.828285053905043e-05,negative_baseline,20.0,0,0,1,0,0,1,0,0,0,0,-1,0,0,0,1,1,0,1,0,0
sim_0005_n3_seed47,47,0.001,3,122.0,2,body_2,8.648712297334397,4.926411902220734,5.8758171711158166e-05,3.622081662418939e-05,2.205267637368375,1.7372878146687447,0,4.161169571952378,2.753647179243539,-70.901524440625,4.878178053996026e-09,182.16787061503797,1.544591383820987e-14,4.161169571952378,0-2,4,14.149999999999991,14150,,,,,0,2.205267637368375,1.7363280606739109,4.161169571952378,2.753647179243539,3.494035493734807e-05,negative_baseline,20.0,0,0,0,0,0,0,0,0,0,0,-1,0,0,0,0,0,0,1,0,0
sim_0005_n3_seed47,47,0.001,3,123.0,2,body_2,8.648712297334397,4.926411902220734,6.586829332626931e-05,2.8694686192137257e-05,1.7754962783886938,0.8691898021412988,0,4.664394679656043,2.2871135613198508,-70.90152503109123,-3.4497983975455472e-09,182.16787061503817,1.6538049160103498e-14,4.664394679656043,0-2,4,15.149999999999991,15150,,,,,0,1.7754962783886938,0.8686044633997215,4.664394679656043,2.2871135613198508,3.9145036058440995e-05,negative_baseline,20.0,0,0,0,0,0,0,0,0,0,0,-1,0,0,0,0,0,0,1,0,0
sim_0005_n3_seed47,47,0.001,3,124.0,2,body_2,8.648712297334397,4.926411902220734,5.4630325470399814e-05,3.4597595564836144e-05,2.2919214038992766,1.8965386996379594,0,4.107187201494418,2.846444960074064,-70.90152450741755,3.936131290757999e-09,182.16787061503805,1.591397183330714e-14,4.107187201494418,0-2,4,16.14999999999999,16150,,,,,0,2.2919214038992766,1.8929553255245046,4.107187201494418,2.846444960074064,3.254891076723013e-05,negative_baseline,20.0,0,0,0,0,0,0,0,0,0,0,-1,0,0,0,0,0,0,1,0,0
sim_0005_n3_seed47,47,0.001,3,124.60000000000001,2,body_2,8.648712297334397,4.926411902220734,3.767847137610474e-05,4.27139981372487e-05,3.646233904715887,5.400312560668759,0,3.2474447547956573,3.777951500505624,-70.90152329654892,2.101430606450478e-08,182.1678706150383,1.7318145818598947e-14,3.2474447547956573,0-2,4,16.75,16750,,,,,0,3.646233904715887,5.3823595824489505,3.2474447547956573,3.777951500505624,2.2689786033593932e-05,negative_hard,10.0,0,0,0,0,1,0,0,0,0,0,-1,0,0,0,0,0,0,1,0,0
sim_0005_n3_seed47,47,0.001,3,125.0,2,body_2,8.648712297334397,4.926411902220734,2.1195047541362228e-05,4.5033801448326365e-05,6.211498588302743,14.716196870775976,0,2.4822799761287806,4.822214561024566,-70.90152877382441,-5.6237565599715765e-08,182.16787061503857,1.8722319803890754e-14,2.4822799761287806,0-2,4,17.14999999999999,17150,,,,,0,6.211498588302743,14.67289601100131,2.4822799761287806,4.822214561024566,1.3426030080560155e-05,negative_baseline,20.0,0,0,1,0,1,0,0,0,0,0,-1,0,0,0,0,0,0,1,0,0
sim_0005_n3_seed47,47,0.001,3,125.10000000000001,2,body_2,8.648712297334397,4.926411902220734,1.657845160976937e-05,4.336473913060893e-05,7.318130596354174,19.476867680239344,0,2.285731527150287,5.149147925932445,-70.9015371638207,-1.7457065252833759e-07,182.16787061503868,1.934639713068711e-14,2.285731527150287,0-2,4,17.25,17250,,,,,0,7.318130596354174,19.451353583881414,2.285731527150287,5.149147925932445,1.1006947909797975e-05,negative_hard,10.0,1,1,1,1,1,0,0,0,0,0,-1,0,0,0,0,0,0,1,0,0
sim_0005_n3_seed47,47,0.001,3,125.60000000000001,2,body_2,8.648712297334397,4.926411902220734,5.295138899254155e-06,2.5232107995052925e-05,12.253356365823755,42.31563671162168,0,1.7646196733867907,6.210115900517454,-70.90164957852019,-1.7600753342030295e-06,182.16787061503913,2.1842706437872543e-14,1.7646196733867907,0-2,4,17.75,17750,,,,,0,12.253356365823755,43.09086634871214,1.7646196733867907,6.210115900517454,7.044076803713369e-06,negative_hard,10.0,1,1,0,1,0,0,1,0,0,0,-1,0,0,0,0,0,0,1,0,0
sim_0005_n3_seed47,47,0.001,3,126.0,2,body_2,8.648712297334397,4.926411902220734,1.719400938628636e-05,5.097215319991923e-05,7.1051440945911475,18.06476778916984,0,2.3224404845637445,5.059274366807293,-70.90153636833301,-1.6335103918588805e-07,182.1678706150392,2.2154745101270722e-14,2.3224404845637445,0-2,4,18.14999999999999,18150,,,,,0,7.1051440945911475,18.0823221451266,2.3224404845637445,5.059274366807293,1.2687471741673259e-05,negative_baseline,20.0,1,1,1,1,0,0,0,0,0,0,-1,0,0,0,0,0,0,1,0,0
sim_0005_n3_seed47,47,0.001,3,127.0,2,body_2,8.648712297334397,4.926411902220734,5.989146401805487e-05,4.4230602025243386e-05,2.569568847949213,2.0899271234522714,0,3.917341349446822,2.9677202261376805,-70.90152701113104,-3.1376416591908155e-08,182.16787061503928,2.2622803096367992e-14,3.917341349446822,0-2,4,19.14999999999999,19150,,,,,0,2.569568847949213,2.087940415636477,3.917341349446822,2.9677202261376805,3.726257727900671e-05,negative_baseline,20.0,0,0,0,0,0,0,0,0,0,0,-1,0,0,0,0,0,1,1,0,0
sim_0005_n3_seed47,47,0.001,3,128.0,2,body_2,8.648712297334397,4.926411902220734,8.046173437181214e-05,3.044509732072824e-05,2.0906671683910147,1.4347279258375862,0,4.333026202503671,2.6203564578967082,-70.90152614129705,-1.910821805543158e-08,182.1678706150394,2.324688042316435e-14,4.333026202503671,0-2,4,20.14999999999999,20150,,,,,0,2.0906671683910147,1.433973465260237,4.333026202503671,2.6203564578967082,4.994141949145301e-05,negative_baseline,20.0,0,0,0,0,0,0,0,0,0,0,-1,0,0,0,0,0,1,1,0,0
sim_0005_n3_seed47,47,0.001,3,129.0,2,body_2,8.648712297334397,4.926411902220734,6.897833195955493e-05,3.0012729421470026e-05,2.811359141956495,3.0012944377444812,0,3.6777004009978485,3.3249070671651872,-70.9015255622619,-1.094146619615066e-08,182.16787061503985,2.5743189730349785e-14,3.6777004009978485,0-2,4,21.14999999999999,21150,,,,,0,2.811359141956495,2.9962809192704767,3.6777004009978485,3.3249070671651872,4.5640274283096124e-05,negative_baseline,20.0,0,0,0,0,0,0,0,0,0,0,-1,0,0,0,0,0,0,1,0,0
sim_0005_n3_seed47,47,0.001,3,129.95,2,body_2,8.648712297334397,4.926411902220734,8.410250499702185e-05,0.00011455934228001775,6.559360712834254,15.010206621360265,0,2.3883996254044235,4.994582340120714,-70.9015466132472,-3.0784601618795004e-07,182.16787061504,2.652328638884523e-14,2.3883996254044235,0-2,4,22.09999999999998,22100,,,,,0,6.559360712834254,15.041942030116637,2.3883996254044235,4.994582340120714,5.683280997768253e-05,negative_hard,10.0,1,0,0,1,0,0,0,0,0,0,-1,0,0,0,0,0,0,1,0,0
sim_0005_n3_seed47,47,0.001,3,130.0,2,body_2,8.648712297334397,4.926411902220734,9.002527115250493e-05,0.00012588351006341,6.894416067272175,16.248765723170226,0,2.329691226523346,5.092114864873141,-70.90155128399056,-3.7372250283986997e-07,182.16787061504007,2.69913443839425e-14,2.329691226523346,0-2,4,22.14999999999999,22150,,,,,0,6.894416067272175,16.298397161011096,2.329691226523346,5.092114864873141,6.009111071676059e-05,negative_baseline,20.0,1,1,0,1,0,0,0,0,0,0,-1,0,0,0,0,0,0,1,0,0
sim_0005_n3_seed47,47,0.001,3,130.45,2,body_2,8.648712297334397,4.926411902220734,0.0001421209457093555,0.00021477494591565658,8.329579787635733,21.42336202768924,0,2.124367688401604,5.454205747903874,-70.90157734092196,-7.412312620962865e-07,182.16787061503996,2.6367267057146143e-14,2.124367688401604,0-2,4,22.59999999999998,22600,,,,,0,8.329579787635733,21.608189209922248,2.124367688401604,5.454205747903874,8.996277548541429e-05,negative_hard,10.0,1,1,0,1,0,0,1,0,0,0,-1,0,0,0,1,1,0,1,0,0
sim_0005_n3_seed47,47,0.001,3,131.0,2,body_2,8.648712297334397,4.926411902220734,0.00013943249914122495,0.0001529700110788281,5.189523067226198,9.846823329544497,0,2.7034906713369242,4.510273357132238,-70.9015325426225,-1.0939295409506199e-07,182.16787061503973,2.5119112403553427e-14,2.7034906713369242,0-2,4,23.14999999999999,23150,,,,,0,5.189523067226198,9.857862364318821,2.7034906713369242,4.510273357132238,9.193907431752204e-05,negative_baseline,20.0,0,0,0,0,0,0,0,0,0,0,-1,0,0,0,1,1,0,1,0,0
sim_0005_n3_seed47,47,0.001,3,132.0,2,body_2,8.648712297334397,4.926411902220734,7.321538304489025e-05,7.025091907418901e-05,2.418625893877768,2.1007731975379724,0,3.9816449838730845,3.0695282372888983,-70.90152534652428,-7.898687989486536e-09,182.1678706150398,2.5431151066951606e-14,3.9816449838730845,0-2,4,24.14999999999999,24150,,,,,0,2.418625893877768,2.1002958141297254,3.9816449838730845,3.0695282372888983,7.180996839666603e-05,negative_baseline,20.0,0,0,0,0,0,0,0,0,0,0,-1,0,0,0,0,0,0,1,0,0
sim_0005_n3_seed47,47,0.001,3,133.0,2,body_2,8.648712297334397,4.926411902220734,1.843426019654631e-05,5.380339516104525e-05,1.8650840622268825,1.055512176328775,0,4.541018899307936,2.577507250387507,-70.90152542322213,-8.980439683133069e-09,182.1678706150398,2.5431151066951606e-14,4.541018899307936,0-2,4,25.14999999999999,25150,,,,,0,1.8650840622268825,1.0551679957655498,4.541018899307936,2.577507250387507,7.623909074918967e-05,negative_baseline,20.0,0,0,0,0,0,0,0,0,0,0,-1,0,0,0,0,0,0,1,0,0
sim_0005_n3_seed47,47,0.001,3,134.0,2,body_2,8.648712297334397,4.926411902220734,4.517181299608453e-05,7.344417463818881e-05,2.0497610613663007,1.3850472235500042,0,4.32636331842033,2.764450372023443,-70.90152541820811,-8.909721657191267e-09,182.16787061503945,2.355891908656253e-14,4.32636331842033,0-2,4,26.14999999999999,26150,,,,,0,2.0497610613663007,1.3837554673354515,4.32636331842033,2.764450372023443,0.00010049779347165748,negative_baseline,20.0,0,0,0,0,0,0,0,0,0,0,-1,0,0,0,0,0,0,1,0,0
sim_0005_n3_seed47,47,0.001,3,135.0,2,body_2,8.648712297334397,4.926411902220734,0.000153965330869917,0.0001876575552638303,3.3938770329165946,4.39201054019683,0,3.3492624061578398,3.7120012154713087,-70.90152611938333,-1.8799145427136585e-08,182.1678706150395,2.3870957749960708e-14,3.3492624061578398,0-2,4,27.14999999999999,27150,,,,,0,3.3938770329165946,4.384395558441608,3.3492624061578398,3.7120012154713087,0.00015270898040078252,negative_baseline,20.0,0,0,0,0,0,0,0,0,0,0,-1,0,0,0,1,1,0,1,0,0
sim_0005_n3_seed47,47,0.001,3,135.7,2,body_2,8.648712297334397,4.926411902220734,0.0003128132590756679,0.00048743537164773324,6.58032481583569,14.697709923467642,0,2.3933260490426376,4.9813106351759755,-70.90154691740972,-3.121359452548045e-07,182.1678706150398,2.5431151066951606e-14,2.3933260490426376,0-2,4,27.84999999999998,27850,,,,,0,6.58032481583569,14.731680918314284,2.3933260490426376,4.9813106351759755,0.0002330915662658841,negative_hard,10.0,1,0,0,1,0,0,0,0,0,0,-1,0,0,0,1,1,0,1,0,0
sim_0005_n3_seed47,47,0.001,3,136.0,2,body_2,8.648712297334397,4.926411902220734,0.00038825670680029805,0.0006612643858771085,8.089029337826839,20.383069512994982,0,2.153045596146445,5.40208710666633,-70.90157418349355,-6.966986738493787e-07,182.1678706150399,2.6055228393747964e-14,2.153045596146445,0-2,4,28.14999999999999,28150,,,,,0,8.089029337826839,20.539738526448637,2.153045596146445,5.40208710666633,0.00027359396615628343,negative_baseline,20.0,1,1,0,1,0,0,1,0,0,0,-1,0,0,0,1,1,0,1,0,0
sim_0005_n3_seed47,47,0.001,3,136.2,2,body_2,8.648712297334397,4.926411902220734,0.0004156274460701988,0.0006888670034619402,8.05686026752694,20.382538268333466,0,2.1546701577486926,5.401250316612527,-70.90157412904998,-6.959307979095371e-07,182.16787061503993,2.6211247725447052e-14,2.1546701577486926,0-2,4,28.34999999999998,28350,,,,,0,8.05686026752694,20.54945309281056,2.1546701577486926,5.401250316612527,0.00028963549755670287,negative_hard,10.0,1,1,0,1,0,0,1,0,0,0,-1,0,0,0,1,1,0,1,0,0
sim_0005_n3_seed47,47,0.001,3,137.0,2,body_2,8.648712297334397,4.926411902220734,0.0003386989005171707,0.0003428771592664492,3.952706737438933,5.996711365867523,0,3.0888865017841547,4.0075921230894265,-70.9015272551014,-3.481739142100421e-08,182.16787061503956,2.4182996413358887e-14,3.0888865017841547,0-2,4,29.14999999999999,29150,,,,,0,3.952706737438933,5.997018361494326,3.0888865017841547,4.0075921230894265,0.0002685978864797469,negative_baseline,20.0,0,0,0,0,0,0,0,0,0,0,-1,0,0,0,1,1,0,1,0,0
sim_0005_n3_seed47,47,0.001,3,138.0,2,body_2,8.648712297334397,4.926411902220734,0.00021156241857940732,0.00016868382661784236,2.1813611748272628,1.60976644385948,0,4.186952316391227,2.8679970600199454,-70.90152538285952,-8.411162680980135e-09,182.16787061503945,2.355891908656253e-14,4.186952316391227,0-2,4,30.14999999999999,30150,,,,,0,2.1813611748272628,1.6094118142858036,4.186952316391227,2.8679970600199454,0.00025354866397786204,negative_baseline,20.0,0,0,0,0,0,0,0,0,0,0,-1,0,0,0,0,0,0,1,0,0
sim_0005_n3_seed47,47,0.001,3,139.0,2,body_2,8.648712297334397,4.926411902220734,0.00013525195933332385,0.0001390296221942844,1.8913431089470725,1.0813410332355822,0,4.508031117183604,2.6066063458142845,-70.90152549052482,-9.929681513953953e-09,182.16787061503967,2.4807073740155245e-14,4.508031117183604,0-2,4,31.14999999999999,31150,,,,,0,1.8913431089470725,1.0808422191640967,4.508031117183604,2.6066063458142845,0.0002787895732119516,negative_baseline,20.0,0,0,0,0,0,0,0,0,0,0,-1,0,0,0,0,0,0,1,0,0
sim_0005_n3_seed47,47,0.001,3,140.0,2,body_2,8.648712297334397,4.926411902220734,0.0001383260892566978,0.00019657300425580035,2.310322375396803,1.8498289015108769,0,4.077312721125644,3.001904130987779,-70.90152562184237,-1.1781793287717927e-08,182.16787061503973,2.5119112403553427e-14,4.077312721125644,0-2,4,32.14999999999999,32150,,,,,0,2.310322375396803,1.8478816004549334,4.077312721125644,3.001904130987779,0.0003312266425946067,negative_baseline,20.0,0,0,0,0,0,0,0,0,0,0,-1,0,0,0,0,0,0,1,0,0
sim_0005_n3_seed47,47,0.001,3,141.0,2,body_2,8.648712297334397,4.926411902220734,0.0003182668854142781,0.0004976265885560445,4.269821947179575,6.6592250342623505,0,2.988771475454466,4.137368556693569,-70.90152941263125,-6.524734134799911e-08,182.16787061503925,2.24667837646689e-14,2.988771475454466,0-2,4,33.14999999999999,33150,,,,,0,4.269821947179575,6.652515690603488,2.988771475454466,4.137368556693569,0.0004308016156800608,negative_baseline,20.0,0,0,0,0,0,0,0,0,0,0,-1,0,0,0,0,0,0,1,0,0
sim_0005_n3_seed47,47,0.001,3,141.65,2,body_2,8.648712297334397,4.926411902220734,0.000575397903237652,0.001033446343618154,7.174588793502775,16.247089548886898,0,2.2922783064808923,5.1457270262722465,-70.9015594230821,-4.885168118874709e-07,182.16787061503882,2.0126493789182557e-14,2.2922783064808923,0-2,4,33.8,33800,,,,,0,7.174588793502775,16.331586190479744,2.2922783064808923,5.1457270262722465,0.0005521332370772491,negative_hard,10.0,1,1,0,1,0,0,0,0,0,0,-1,0,0,0,1,1,0,1,0,0
sim_0005_n3_seed47,47,0.001,3,142.0,2,body_2,8.648712297334397,4.926411902220734,0.0006842012814943715,0.001118845488008656,7.230676613394327,16.842804009704295,0,2.2699706515965543,5.194415044224713,-70.90156257513175,-5.329735376491454e-07,182.1678706150388,1.997047445748347e-14,2.2699706515965543,0-2,4,34.14999999999999,34150,,,,,0,7.230676613394327,16.95126400751347,2.2699706515965543,5.194415044224713,0.000610089632486192,negative_baseline,20.0,1,1,0,1,0,0,0,0,0,0,-1,0,0,0,0,0,0,1,0,0
sim_0005_n3_seed47,47,0.001,3,142.15,2,body_2,8.648712297334397,4.926411902220734,0.0007001951787701233,0.0010407349247543243,6.612022734348753,14.874522310126713,0,2.3675744312775135,5.034227863773923,-70.90155286283046,-3.959905697744212e-07,182.16787061503885,2.028251312088165e-14,2.3675744312775135,0-2,4,34.3,34300,,,,,0,6.612022734348753,14.948206886469531,2.3675744312775135,5.034227863773923,0.0006235681930172722,negative_hard,10.0,1,0,0,1,0,0,0,0,0,0,-1,0,0,0,0,0,0,1,0,0
sim_0005_n3_seed47,47,0.001,3,143.0,2,body_2,8.648712297334397,4.926411902220734,0.0005923645758977185,0.0005080557775255206,3.2362209781202047,4.0034891443360765,0,3.402289824194647,3.637397844849404,-70.90152634480518,-2.19785106615038e-08,182.1678706150391,2.1686687106173455e-14,3.402289824194647,0-2,4,35.14999999999999,35150,,,,,0,3.2362209781202047,4.003003643877165,3.402289824194647,3.637397844849404,0.0006462309540812553,negative_baseline,20.0,0,0,0,0,0,0,0,0,0,0,-1,0,0,0,0,0,0,1,0,0
sim_0005_n3_seed47,47,0.001,3,144.0,2,body_2,8.648712297334397,4.926411902220734,0.00046010577241090486,0.00030560049607127537,2.187743250154891,1.4775601625936903,0,4.216556135145294,2.7653235819896924,-70.90152585189546,-1.502647794238473e-08,182.16787061503902,2.1218629111076185e-14,4.216556135145294,0-2,4,36.14999999999999,36150,,,,,0,2.187743250154891,1.476947171105474,4.216556135145294,2.7653235819896924,0.0007316290575380941,negative_baseline,20.0,0,0,0,0,0,0,0,0,0,0,-1,0,0,0,0,0,0,1,0,0
sim_0005_n3_seed47,47,0.001,3,144.85,2,body_2,8.648712297334397,4.926411902220734,0.0004413982162325875,0.000297526090132554,2.2704986760099617,1.706374989457167,0,4.1673905193095715,2.7920076998783347,-70.90152641693317,-2.299580879623461e-08,182.1678706150388,1.997047445748347e-14,4.1673905193095715,0-2,4,36.999999999999986,37000,,,,,0,2.2704986760099617,1.7046832062387325,4.1673905193095715,2.7920076998783347,0.0008689794618551657,negative_hard,10.0,0,0,0,0,0,0,0,0,0,0,-1,0,0,0,0,0,1,1,0,0
sim_0005_n3_seed47,47,0.001,3,145.0,2,body_2,8.648712297334397,4.926411902220734,0.0004511781533565787,0.00031528565303776075,2.3613573349294184,1.9251096395696772,0,4.080865834006723,2.870802227300977,-70.90152659857144,-2.5557647504125724e-08,182.16787061503888,2.0438532452580736e-14,4.080865834006723,0-2,4,37.14999999999999,37150,,,,,0,2.3613573349294184,1.9231813283054346,4.080865834006723,2.870802227300977,0.0008986694237479863,negative_baseline,20.0,0,0,0,0,0,0,0,0,0,0,-1,0,0,0,0,0,1,1,0,0
sim_0005_n3_seed47,47,0.001,3,145.95000000000002,2,body_2,8.648712297334397,4.926411902220734,0.0006534843278009698,0.0004668767507048759,4.229485904894751,6.748886022531627,0,2.9610903279842034,3.9757205972049454,-70.90152769641375,-4.104169129782929e-08,182.16787061503905,2.1374648442775276e-14,2.9610903279842034,0-2,4,38.10000000000001,38100,,,,,0,4.229485904894751,6.720759220916063,2.9610903279842034,3.9757205972049454,0.0011283457740687637,negative_hard,10.0,0,0,0,0,1,0,0,0,0,0,-1,0,0,0,0,0,0,1,0,0
sim_0005_n3_seed47,47,0.001,3,146.0,2,body_2,8.648712297334397,4.926411902220734,0.0006647734631975301,0.0004480729371371712,4.495022524557085,7.589285790905066,0,2.875434569025633,4.080875750510366,-70.90152736471998,-3.63634594778697e-08,182.16787061503913,2.1842706437872543e-14,2.875434569025633,0-2,4,38.14999999999999,38150,,,,,0,4.495022524557085,7.556826074371642,2.875434569025633,4.080875750510366,0.0011390957526731798,negative_baseline,20.0,0,0,0,0,1,0,0,0,0,0,-1,0,0,0,0,0,0,1,0,0
sim_0005_n3_seed47,47,0.001,3,146.45000000000002,2,body_2,8.648712297334397,4.926411902220734,0.0006709091001102234,0.0003315237356471837,9.154038678552896,27.513236372472747,0,2.0371622384161023,5.442572756885483,-70.90155267289501,-3.9331170709446865e-07,182.16787061503942,2.340289975486344e-14,2.0371622384161023,0-2,4,38.60000000000001,38600,,,,,0,9.154038678552896,27.521539425234987,2.0371622384161023,5.442572756885483,0.0011965908988923215,negative_hard,10.0,1,1,1,1,1,0,1,0,0,0,-1,0,0,0,0,0,0,1,0,0
sim_0005_n3_seed47,47,0.001,3,146.95000000000002,2,body_2,8.648712297334397,4.926411902220734,0.0010297486955522972,0.002839640006596573,12.937472784087165,47.51741518544947,0,1.7174251374850538,6.207606616512324,-70.90164403852961,-1.681938924605068e-06,182.1678706150394,2.324688042316435e-14,1.7174251374850538,0-2,4,39.10000000000001,39100,,,,,0,12.937472784087165,48.32008408917461,1.7174251374850538,6.207606616512324,0.0013080881093935843,negative_hard,10.0,1,1,1,1,0,0,1,0,0,0,-1,0,0,0,0,0,0,1,0,0
sim_0005_n3_seed47,47,0.001,3,147.0,2,body_2,8.648712297334397,4.926411902220734,0.0011276336195898524,0.002984616439683454,12.09927766659114,43.23646666417599,0,1.7762773990068637,6.062835684105202,-70.90161644975746,-1.2928249776374501e-06,182.16787061503942,2.340289975486344e-14,1.7762773990068637,0-2,4,39.14999999999999,39150,,,,,0,12.09927766659114,43.809462464367286,1.7762773990068637,6.062835684105202,0.001337743981709098,negative_baseline,20.0,1,1,1,1,0,0,1,0,0,0,-1,0,0,0,0,0,0,1,0,0
sim_0005_n3_seed47,47,0.001,3,148.0,2,body_2,8.648712297334397,4.926411902220734,0.0023969929499630185,0.0024374238821155783,3.081050647912419,3.4364227457588536,0,3.5313956893089555,3.224615151412373,-70.90152387365049,1.2874825631921545e-08,182.16787061503965,2.4651054408456157e-14,3.5313956893089555,0-2,4,40.14999999999999,40150,,,,,0,3.081050647912419,3.4330647728872155,3.5313956893089555,3.224615151412373,0.0018851177441911607,negative_baseline,20.0,0,0,0,0,0,0,0,0,0,0,-1,0,0,0,0,0,0,1,0,0
sim_0005_n3_seed47,47,0.001,3,149.0,2,body_2,8.648712297334397,4.926411902220734,0.00311396882492443,0.0026792090834168365,2.1515904523042493,1.2672063402923956,0,4.215754627132729,2.444898447524909,-70.9015250275515,-3.399873872392528e-09,182.16787061503973,2.5119112403553427e-14,4.215754627132729,0-2,4,41.14999999999999,41150,,,,,0,2.1515904523042493,1.2662412550331905,4.215754627132729,2.444898447524909,0.0023670312707829767,negative_baseline,20.0,0,0,0,0,0,0,0,0,0,0,-1,0,0,0,0,0,0,1,0,0
sim_0005_n3_seed47,47,0.001,3,150.0,2,body_2,8.648712297334397,4.926411902220734,0.004221301754454116,0.00442080451005698,2.8453351585733557,2.91717117567417,0,3.645985310737839,3.07410360709164,-70.90152417533852,8.619796791763086e-09,182.1678706150396,2.4339015745057978e-14,3.645985310737839,0-2,4,42.14999999999999,42150,,,,,0,2.8453351585733557,2.909858859564969,3.645985310737839,3.07410360709164,0.0031430957215855316,negative_baseline,20.0,0,0,0,0,0,0,0,0,0,0,-1,0,0,0,0,0,0,1,0,0
sim_0005_n3_seed47,47,0.001,3,150.35,2,body_2,8.648712297334397,4.926411902220734,0.004962612097841413,0.006100910557626105,3.820804177552531,5.733143075566005,0,3.1410537395490246,3.683933610900376,-70.90152298487729,2.541014420919792e-08,182.1678706150398,2.5431151066951606e-14,3.1410537395490246,0-2,4,42.499999999999986,42500,,,,,0,3.820804177552531,5.711910164780685,3.1410537395490246,3.683933610900376,0.0035982903118757775,negative_hard,10.0,0,0,0,0,1,0,0,0,0,0,-1,0,0,0,0,0,0,1,0,0
sim_0005_n3_seed47,47,0.001,3,150.85,2,body_2,8.648712297334397,4.926411902220734,0.006817141728407472,0.012693542865119012,7.959430788166444,23.10513590123788,0,2.1742682204329715,5.171441698241729,-70.90153390359401,-1.2858819021741746e-07,182.16787061503953,2.40269770816598e-14,2.1742682204329715,0-2,4,42.999999999999986,43000,,,,,0,7.959430788166444,23.032804427537656,2.1742682204329715,5.171441698241729,0.004652779561867287,negative_hard,10.0,1,1,1,1,1,0,0,0,0,0,-1,0,0,0,1,1,0,1,0,0
sim_0005_n3_seed47,47,0.001,3,151.0,2,body_2,8.648712297334397,4.926411902220734,0.007618614881584727,0.016935005080578377,10.662227278763844,37.30840969973318,0,1.8789933959980882,5.783911524372058,-70.90157080992003,-6.491175600404404e-07,182.1678706150393,2.277882242806708e-14,1.8789933959980882,0-2,4,43.14999999999999,43150,,,,,0,10.662227278763844,37.425460713125204,1.8789933959980882,5.783911524372058,0.005100735871441769,negative_baseline,20.0,1,1,1,1,1,0,1,0,0,0,-1,0,0,0,1,1,0,1,0,0
sim_0005_n3_seed47,47,0.001,3,151.25,2,body_2,8.648712297334397,4.926411902220734,0.00872520249194522,0.02424841293137168,15.15695861016555,61.74032364693241,0,1.5770790637066159,6.5499615492212415,-70.90171792517248,-2.724041236067642e-06,182.16787061503956,2.4182996413358887e-14,1.5770790637066159,0-2,4,43.39999999999999,43400,,,,,0,15.15695861016555,63.265374710956905,1.5770790637066159,6.5499615492212415,0.005748194080459414,negative_hard,8.0,1,1,1,1,0,0,1,1,0,0,-1,0,0,0,1,1,0,1,0,0
sim_0005_n3_seed47,47,0.001,3,151.65,2,body_2,8.648712297334397,4.926411902220734,0.007757598229431785,0.01626502983172167,9.35599303156861,30.049278745006017,0,2.0101680340652197,5.497601670489993,-70.90154841838537,-3.333058095302775e-07,182.1678706150396,2.4339015745057978e-14,2.0101680340652197,0-2,4,43.8,43800,,,,,0,9.35599303156861,30.128982781881728,2.0101680340652197,5.497601670489993,0.005441010469537403,negative_hard,8.0,1,1,1,1,0,0,1,0,0,0,-1,0,0,0,1,1,0,1,0,0
sim_0005_n3_seed47,47,0.001,3,152.0,2,body_2,8.648712297334397,4.926411902220734,0.006459514422276429,0.009810208406460283,5.11817773855369,10.221868583298495,0,2.721370154199519,4.262466210327121,-70.90152261716696,3.0596356058259183e-08,182.16787061503953,2.40269770816598e-14,2.721370154199519,0-2,4,44.14999999999999,44150,,,,,0,5.11817773855369,10.203455721327884,2.721370154199519,4.262466210327121,0.005026821805392407,negative_baseline,20.0,0,0,0,0,0,0,0,0,0,0,-1,0,0,0,1,1,0,1,0,0
sim_0005_n3_seed47,47,0.001,3,152.75,2,body_2,8.648712297334397,4.926411902220734,0.0052693302414434885,0.005927643938541865,2.5811977144149836,2.253178479537507,0,3.839299150880074,2.87183189296657,-70.90152455040263,3.3298667747675225e-09,182.16787061503885,2.028251312088165e-14,3.839299150880074,0-2,4,44.89999999999999,44900,,,,,0,2.5811977144149836,2.251644766463512,3.839299150880074,2.87183189296657,0.0050156665971880605,negative_hard,8.0,0,0,0,0,0,0,0,0,0,0,-1,0,0,0,1,1,0,1,0,0
sim_0005_n3_seed47,47,0.001,3,153.0,2,body_2,8.648712297334397,4.926411902220734,0.005197774504222546,0.00560197572384775,2.3175707179992404,1.6552437413155452,0,4.052887984124379,2.6405171299787087,-70.90152487439163,-1.239696435054052e-09,182.1678706150387,1.95024164623862e-14,4.052887984124379,0-2,4,45.14999999999999,45150,,,,,0,2.3175707179992404,1.654338287529232,4.052887984124379,2.6405171299787087,0.005160675407087849,negative_baseline,20.0,0,0,0,0,0,0,0,0,0,0,-1,0,0,0,1,1,0,1,0,0
sim_0005_n3_seed47,47,0.001,3,153.15,2,body_2,8.648712297334397,4.926411902220734,0.005216669909542046,0.005516001795404022,2.216961420126851,1.4371536531439704,0,4.144162475807791,2.542941510298873,-70.9015249900072,-2.870346521977837e-09,182.1678706150388,1.997047445748347e-14,4.144162475807791,0-2,4,45.3,45300,,,,,0,2.216961420126851,1.4363862268927017,4.144162475807791,2.542941510298873,0.005271337499978089,negative_hard,8.0,0,0,0,0,0,0,0,0,0,0,-1,0,0,0,0,0,0,1,0,0
sim_0005_n3_seed47,47,0.001,3,153.55,2,body_2,8.648712297334397,4.926411902220734,0.005485431272347358,0.005612008946656765,2.1018746956538377,1.193153828125599,0,4.255764150276555,2.4235011118329015,-70.90152511415029,-4.621269164599543e-09,182.16787061503862,1.9034358467288933e-14,4.255764150276555,0-2,4,45.7,45700,,,,,0,2.1018746956538377,1.192259764585814,4.255764150276555,2.4235011118329015,0.005643966528449163,negative_hard,8.0,0,0,0,0,0,0,0,0,0,0,-1,0,0,0,1,1,0,1,0,0
sim_0005_n3_seed47,47,0.001,3,153.95000000000002,2,body_2,8.648712297334397,4.926411902220734,0.006085622938087578,0.006179691626558937,2.179037891432649,1.358699942442458,0,4.177717396051934,2.504547138702181,-70.9015250259673,-3.377530239209578e-09,182.16787061503845,1.8098242477094393e-14,4.177717396051934,0-2,4,46.10000000000001,46100,,,,,0,2.179037891432649,1.3569933556442049,4.177717396051934,2.504547138702181,0.006131205005318743,negative_hard,8.0,0,0,0,0,0,0,0,0,0,0,-1,0,0,0,1,1,0,1,0,0
sim_0005_n3_seed47,47,0.001,3,154.0,2,body_2,8.648712297334397,4.926411902220734,0.006186361442087992,0.006289977008656602,2.203037619499736,1.4103936730136812,0,4.15453817710425,2.5289562337400735,-70.90152499821119,-2.9860560683551472e-09,182.16787061503845,1.8098242477094393e-14,4.15453817710425,0-2,4,46.14999999999999,46150,,,,,0,2.203037619499736,1.4085145384173272,4.15453817710425,2.5289562337400735,0.006201181207731301,negative_baseline,20.0,0,0,0,0,0,0,0,0,0,0,-1,0,0,0,1,1,0,1,0,0
sim_0005_n3_seed47,47,0.001,3,154.35,2,body_2,8.648712297334397,4.926411902220734,0.007080425982963631,0.007403571982685106,2.4875809674603193,2.0445947334995576,0,3.9067393102550843,2.793739577347561,-70.90152464622807,1.9783381286303367e-09,182.1678706150383,1.7318145818598947e-14,3.9067393102550843,0-2,4,46.499999999999986,46500,,,,,0,2.4875809674603193,2.040593988514152,3.9067393102550843,2.793739577347561,0.006761264665758253,negative_hard,8.0,0,0,0,0,0,0,0,0,0,0,-1,0,0,0,1,1,0,1,0,0
sim_0005_n3_seed47,47,0.001,3,154.75,2,body_2,8.648712297334397,4.926411902220734,0.008624453602519438,0.00989371424836094,3.2129923925435855,3.891340940335355,0,3.433580147098183,3.327365368784532,-70.90152365683768,1.5932768438655834e-08,182.16787061503817,1.6538049160103498e-14,3.433580147098183,0-2,4,46.89999999999999,46900,,,,,0,3.2129923925435855,3.879529200381404,3.433580147098183,3.327365368784532,0.007610051738029726,negative_hard,8.0,0,0,0,0,0,0,0,0,0,0,-1,0,0,0,1,1,0,1,0,0
sim_0005_n3_seed47,47,0.001,3,155.0,2,body_2,8.648712297334397,4.926411902220734,0.010011628963060619,0.012840784150036541,4.115270199707028,6.663493700002561,0,3.031433479367489,3.828118010596654,-70.90152261978805,3.05593879862166e-08,182.16787061503823,1.6850087823501677e-14,3.031433479367489,0-2,4,47.14999999999999,47150,,,,,0,4.115270199707028,6.63673366555366,3.031433479367489,3.828118010596654,0.008324483982049864,negative_baseline,20.0,0,0,0,0,1,0,0,0,0,0,-1,0,0,0,1,1,0,1,0,0
sim_0005_n3_seed47,47,0.001,3,155.15,2,body_2,8.648712297334397,4.926411902220734,0.011071818482702151,0.01563707675376134,4.986970458274629,9.79550822040682,0,2.752426603586761,4.21395898549769,-70.9015223215439,3.4765844207479945e-08,182.16787061503828,1.7162126486899856e-14,2.752426603586761,0-2,4,47.3,47300,,,,,0,4.986970458274629,9.750424733345506,2.752426603586761,4.21395898549769,0.008859212065634331,negative_hard,8.0,0,0,0,0,1,0,0,0,0,0,-1,0,0,0,1,1,0,1,0,0
sim_0005_n3_seed47,47,0.001,3,155.3,2,body_2,8.648712297334397,4.926411902220734,0.012355811055642658,0.01976695606500956,6.28655525639873,15.17033055396409,0,2.4503539927257165,4.681313920426957,-70.90152421323675,8.085277509953372e-09,182.1678706150381,1.622601049670532e-14,2.4503539927257165,0-2,4,47.45,47450,,,,,0,6.28655525639873,15.0986903216254,2.4503539927257165,4.681313920426957,0.009503347010525336,negative_pre_failure,1.0,1,0,1,0,1,0,0,0,0,0,-1,0,0,0,1,1,0,1,0,0
sim_0005_n3_seed47,47,0.001,3,155.35,2,body_2,8.648712297334397,4.926411902220734,0.012840668433953002,0.021564078517740802,6.854520748335008,17.745154531210847,0,2.346315066365147,4.857418022357264,-70.90152625034445,-2.0646229993671376e-08,182.1678706150382,1.669406849180259e-14,2.346315066365147,0-2,4,47.499999999999986,47500,,,,,0,6.854520748335008,17.665951528640786,2.346315066365147,4.857418022357264,0.009746860419385238,negative_pre_failure,1.0,1,1,1,1,1,0,0,0,0,0,-1,0,0,0,1,1,0,1,0,0
sim_0005_n3_seed47,47,0.001,3,155.4,2,body_2,8.648712297334397,4.926411902220734,0.013355052421982174,0.023625879455764692,7.5072076671596655,21.600040569214016,0,2.2417107058804024,5.043875652777569,-70.90152971834249,-6.955911377257027e-08,182.1678706150381,1.622601049670532e-14,2.2417107058804024,0-2,5,0.0,0,0.010005815800854162,47.55,0.013355052421982174,0.023625879455764696,1,7.5072076671596655,20.766236587276946,2.2417107058804024,5.043875652777569,0.010005815800854162,correction,1.0,1,1,1,1,1,0,0,0,0,0,-1,0,0,0,1,1,0,1,0,0
sim_0005_n3_seed47,47,0.001,3,155.8,2,body_2,8.648712297334397,4.926411902220734,2.1256394219436042e-06,1.0582718089196115e-05,15.092883082227933,61.87396143766416,0,1.5802315993703695,6.5398239503334805,-70.90170571563002,-2.5518370063522468e-06,182.1678706150353,7.80096658495448e-16,1.5802315993703695,0-2,5,0.4000000000000057,400,,,,,0,15.092883082227933,63.329572569670916,1.5802315993703695,6.5398239503334805,1.2590517889603913e-06,negative_hard,10.0,1,1,1,1,0,0,1,1,0,0,-1,0,0,0,1,1,0,1,0,0
sim_0005_n3_seed47,47,0.001,3,156.0,2,body_2,8.648712297334397,4.926411902220734,4.188597794390286e-06,2.155127337322496e-05,14.194113517996064,56.975975525234986,0,1.6297660914715044,6.401755855442762,-70.90166661582612,-2.000370673050811e-06,182.1678706150352,3.120386633981792e-16,1.6297660914715044,0-2,5,0.5999999999999943,600,,,,,0,14.194113517996064,58.118549762612766,1.6297660914715044,6.401755855442762,2.4809860320309965e-06,negative_baseline,20.0,1,1,1,1,0,0,1,0,0,0,-1,0,0,0,1,1,0,1,0,0
sim_0005_n3_seed47,47,0.001,3,156.3,2,body_2,8.648712297334397,4.926411902220734,9.082364382849061e-06,2.4869665538090823e-05,8.172696567972327,24.111701787847174,0,2.1492265901157803,5.21714640582638,-70.90152939286793,-6.496859812027533e-08,182.16787061503535,1.0921353218936272e-15,2.1492265901157803,0-2,5,0.9000000000000057,900,,,,,0,8.172696567972327,24.11714680584876,2.1492265901157803,5.21714640582638,5.379679723968963e-06,negative_hard,10.0,1,1,1,1,0,0,0,0,0,0,-1,0,0,0,1,1,0,1,0,0
sim_0005_n3_seed47,47,0.001,3,157.0,2,body_2,8.648712297334397,4.926411902220734,1.8901963713072127e-05,1.7873085355101374e-05,3.1989174524905253,3.851499175014456,0,3.44208751229208,3.3186674234674993,-70.90151849157195,8.87840329059222e-08,182.1678706150353,7.80096658495448e-16,3.44208751229208,0-2,5,1.5999999999999943,1600,,,,,0,3.1989174524905253,3.8472314019713503,3.44208751229208,3.3186674234674993,1.1196111271723043e-05,negative_baseline,20.0,0,0,0,0,0,0,0,0,0,0,-1,0,0,0,1,1,0,1,0,0
sim_0005_n3_seed47,47,0.001,3,158.0,2,body_2,8.648712297334397,4.926411902220734,2.4616420874600873e-05,1.3240036292237043e-05,2.1075283596370995,1.214503326292414,0,4.246279845716387,2.4338127069961284,-70.90151991593389,6.869473377331042e-08,182.16787061503518,1.560193316990896e-16,4.246279845716387,0-2,5,2.5999999999999943,2600,,,,,0,2.1075283596370995,1.2137233826206886,4.246279845716387,2.4338127069961284,1.4580819648373953e-05,negative_baseline,20.0,0,0,0,0,0,0,0,0,0,0,-1,0,0,0,1,1,0,1,0,0
sim_0005_n3_seed47,47,0.001,3,159.0,2,body_2,8.648712297334397,4.926411902220734,2.2197208846878042e-05,1.5928296273378668e-05,2.5656648262198734,2.232398631478453,0,3.8453713852962417,2.862072869128152,-70.90151935512452,7.660442782305407e-08,182.16787061503516,0.0,3.8453713852962417,0-2,5,3.5999999999999943,3600,,,,,0,2.5656648262198734,2.2277144109562386,3.8453713852962417,2.862072869128152,1.314733776788814e-05,negative_baseline,20.0,0,0,0,0,0,0,0,0,0,0,-1,0,0,0,1,1,0,1,0,0
sim_0005_n3_seed47,47,0.001,3,159.85,2,body_2,8.648712297334397,4.926411902220734,1.3712768155329967e-05,2.4750032812276878e-05,5.937498175708702,13.637560931598706,0,2.5223775395160164,4.563977157915439,-70.90151814476614,9.367540592577098e-08,182.16787061503507,-4.680579950972688e-16,2.5223775395160164,0-2,5,4.449999999999989,4450,,,,,0,5.937498175708702,13.572262249151546,2.5223775395160164,4.563977157915439,8.121956735583528e-06,negative_hard,10.0,0,0,1,0,1,0,0,0,0,0,-1,0,0,0,1,1,0,1,0,0
sim_0005_n3_seed47,47,0.001,3,160.0,2,body_2,8.648712297334397,4.926411902220734,1.174585311658167e-05,2.724232901051198e-05,7.726895882943968,21.90099243497888,0,2.2101930874343356,5.101484436922844,-70.90152591085553,-1.5858054823203078e-08,182.167870615035,-7.80096658495448e-16,2.2101930874343356,0-2,5,4.599999999999994,4600,,,,,0,7.726895882943968,21.820234068332987,2.2101930874343356,5.101484436922844,6.95725607168757e-06,negative_baseline,20.0,1,1,1,1,1,0,0,0,0,0,-1,0,0,0,1,1,0,1,0,0
sim_0005_n3_seed47,47,0.001,3,160.35,2,body_2,8.648712297334397,4.926411902220734,9.068835898276109e-06,3.957358300127887e-05,14.563208921378532,59.01717388096298,0,1.6088484545668704,6.459137756072987,-70.90168181258213,-2.2147067688652413e-06,182.1678706150347,-2.4963093071854337e-15,1.6088484545668704,0-2,5,4.949999999999989,4950,,,,,0,14.563208921378532,60.21186052620639,1.6088484545668704,6.459137756072987,5.373046056420653e-06,negative_hard,10.0,1,1,1,1,0,0,1,0,0,0,-1,0,0,0,1,1,0,1,0,0
sim_0005_n3_seed47,47,0.001,3,160.85,2,body_2,8.648712297334397,4.926411902220734,1.9624734183199635e-05,5.406320473286239e-05,8.796511145419705,27.34458634112255,0,2.0707430295625704,5.371511856445215,-70.90153546739853,-1.5064419707622408e-07,182.16787061503481,-1.8722319803890754e-15,2.0707430295625704,0-2,5,5.449999999999989,5450,,,,,0,8.796511145419705,27.37979536725537,2.0707430295625704,5.371511856445215,1.162446794887233e-05,negative_hard,10.0,1,1,1,1,0,0,1,0,0,0,-1,0,0,0,1,1,0,1,0,0
sim_0005_n3_seed47,47,0.001,3,161.0,2,body_2,8.648712297334397,4.926411902220734,2.395681377091205e-05,4.977590799931711e-05,6.646597038211841,16.782284311001426,0,2.383080454805031,4.793657301914586,-70.90152017598018,6.502702291887503e-08,182.1678706150349,-1.4041739852918063e-15,2.383080454805031,0-2,5,5.599999999999994,5600,,,,,0,6.646597038211841,16.758110010662975,2.383080454805031,4.793657301914586,1.4189956267212977e-05,negative_baseline,20.0,1,1,1,1,0,0,0,0,0,0,-1,0,0,0,1,1,0,1,0,0
sim_0005_n3_seed47,47,0.001,3,162.0,2,body_2,8.648712297334397,4.926411902220734,4.335697140127235e-05,2.9899732953356286e-05,2.463244638452636,1.9956487361487913,0,3.92428916635976,2.775893778819808,-70.90151948840246,7.472466660996048e-08,182.16787061503447,-3.744463960778151e-15,3.92428916635976,0-2,5,6.599999999999994,6600,,,,,0,2.463244638452636,1.9943948916526786,3.92428916635976,2.775893778819808,2.5679282912063526e-05,negative_baseline,20.0,0,0,0,0,0,0,0,0,0,0,-1,0,0,0,1,1,0,1,0,0
sim_0005_n3_seed47,47,0.001,3,163.0,2,body_2,8.648712297334397,4.926411902220734,4.694300267628674e-05,2.651934221102842e-05,2.127659166111416,1.2574929146378255,0,4.22537007392413,2.456550881547911,-70.90151990170901,6.889536247447928e-08,182.16787061503464,-2.8083479705836126e-15,4.22537007392413,0-2,5,7.599999999999994,7600,,,,,0,2.127659166111416,1.2561316658455572,4.22537007392413,2.456550881547911,2.7802351182851556e-05,negative_baseline,20.0,0,0,0,0,0,0,0,0,0,0,-1,0,0,0,1,1,0,1,0,0
sim_0005_n3_seed47,47,0.001,3,164.0,2,body_2,8.648712297334397,4.926411902220734,3.6131909180937686e-05,3.757659334877567e-05,3.4362112564437717,4.522591678615321,0,3.3203691065269147,3.464319843304598,-70.90151821265451,9.271790373726187e-08,182.16787061503487,-1.560193316990896e-15,3.3203691065269147,0-2,5,8.599999999999994,8600,,,,,0,3.4362112564437717,4.507712149911012,3.3203691065269147,3.464319843304598,2.1398070945791716e-05,negative_baseline,20.0,0,0,0,0,0,0,0,0,0,0,-1,0,0,0,1,1,0,1,0,0
sim_0005_n3_seed47,47,0.001,3,164.35,2,body_2,8.648712297334397,4.926411902220734,2.8841952093798167e-05,4.597947328233782e-05,5.174182507996292,10.489996627899933,0,2.703338402182736,4.285920107385877,-70.90151729152996,1.0570950801385275e-07,182.16787061503481,-1.8722319803890754e-15,2.703338402182736,0-2,5,8.949999999999989,8950,,,,,0,5.174182507996292,10.441330895599815,2.703338402182736,4.285920107385877,1.7081074513857146e-05,negative_hard,10.0,0,0,0,0,1,0,0,0,0,0,-1,0,0,0,1,1,0,1,0,0
sim_0005_n3_seed47,47,0.001,3,164.85,2,body_2,8.648712297334397,4.926411902220734,1.813588416868763e-05,6.68506715432728e-05,12.717459572449448,48.69683071751753,0,1.7219579474998796,6.158490146088498,-70.90161512715204,-1.2741708595826315e-06,182.16787061503535,1.0921353218936272e-15,1.7219579474998796,0-2,5,9.449999999999989,9450,,,,,0,12.717459572449448,49.22163052844033,1.7219579474998796,6.158490146088498,1.0746313729528693e-05,negative_hard,10.0,1,1,1,1,0,0,1,0,0,0,-1,0,0,0,1,1,0,1,0,0
sim_0005_n3_seed47,47,0.001,3,165.0,2,body_2,8.648712297334397,4.926411902220734,1.7757294316904272e-05,7.857027926489168e-05,15.246160272232363,62.54741163768319,0,1.57228290635407,6.561985779275716,-70.90171402981377,-2.6691008280299287e-06,182.1678706150353,7.80096658495448e-16,1.57228290635407,0-2,5,9.599999999999994,9600,,,,,0,15.246160272232363,64.09423572925792,1.57228290635407,6.561985779275716,1.0524620242841008e-05,negative_baseline,20.0,1,1,1,1,0,0,1,1,0,0,-1,0,0,0,1,1,0,1,0,0
sim_0005_n3_seed47,47,0.001,3,165.35,2,body_2,8.648712297334397,4.926411902220734,2.7449041309594953e-05,8.722401032000921e-05,10.510866636263874,36.514111250948496,0,1.8935975955190563,5.7485010244342325,-70.90156116677619,-5.131099936331663e-07,182.1678706150353,7.80096658495448e-16,1.8935975955190563,0-2,5,9.949999999999989,9950,,,,,0,10.510866636263874,36.7156583542452,1.8935975955190563,5.7485010244342325,1.626318204225767e-05,negative_hard,10.0,1,1,1,1,0,0,1,0,0,0,-1,0,0,0,1,1,0,1,0,0
sim_0005_n3_seed47,47,0.001,3,166.0,2,body_2,8.648712297334397,4.926411902220734,5.131326840148208e-05,5.889587237451007e-05,3.7830812233714326,5.580560424458173,0,3.1618563363142043,3.6588726499096222,-70.90151778577658,9.873861955965304e-08,182.16787061503516,0.0,3.1618563363142043,0-2,5,10.599999999999994,10600,,,,,0,3.7830812233714326,5.572458559010601,3.1618563363142043,3.6588726499096222,3.0391501551444877e-05,negative_baseline,20.0,0,0,0,0,0,0,0,0,0,0,-1,0,0,0,1,1,0,1,0,0
sim_0005_n3_seed47,47,0.001,3,167.0,2,body_2,8.648712297334397,4.926411902220734,6.897203676637062e-05,4.008383240915668e-05,2.166893404248717,1.3355778248976382,0,4.187126576963341,2.496147109652195,-70.90151986653987,6.939139040958961e-08,182.1678706150351,-3.120386633981792e-16,4.187126576963341,0-2,5,11.599999999999994,11600,,,,,0,2.166893404248717,1.334837185745996,4.187126576963341,2.496147109652195,4.0846676706922704e-05,negative_baseline,20.0,0,0,0,0,0,0,0,0,0,0,-1,0,0,0,1,1,0,1,0,0
sim_0005_n3_seed47,47,0.001,3,168.0,2,body_2,8.648712297334397,4.926411902220734,6.520248263199266e-05,4.337719795194043e-05,2.3731835288065555,1.7817281003981222,0,4.001403404021077,2.6959972819705,-70.90151964770232,7.247789040709046e-08,182.1678706150352,3.120386633981792e-16,4.001403404021077,0-2,5,12.599999999999994,12600,,,,,0,2.3731835288065555,1.778675665164645,4.001403404021077,2.6959972819705,3.861123000871426e-05,negative_baseline,20.0,0,0,0,0,0,0,0,0,0,0,-1,0,0,0,1,1,0,1,0,0
sim_0005_n3_seed47,47,0.001,3,168.85,2,body_2,8.648712297334397,4.926411902220734,4.531897597702019e-05,6.41760432352554e-05,4.564382746683732,8.169648859121606,0,2.880227486153768,4.032952197324291,-70.9015173886227,1.0434010534306505e-07,182.1678706150352,3.120386633981792e-16,2.880227486153768,0-2,5,13.449999999999989,13450,,,,,0,4.564382746683732,8.134823147811433,2.880227486153768,4.032952197324291,2.683401302115273e-05,negative_hard,10.0,0,0,0,0,1,0,0,0,0,0,-1,0,0,0,1,1,0,1,0,0
sim_0005_n3_seed47,47,0.001,3,169.0,2,body_2,8.648712297334397,4.926411902220734,4.027356159076161e-05,7.040669458182706e-05,5.637755778173062,12.302646909845803,0,2.5903195096920686,4.456826295603213,-70.90151800860914,9.559577363259728e-08,182.16787061503533,9.361159901945377e-16,2.5903195096920686,0-2,5,13.599999999999994,13600,,,,,0,5.637755778173062,12.245492770425168,2.5903195096920686,4.456826295603213,2.3847103720407992e-05,negative_baseline,20.0,0,0,0,0,1,0,0,0,0,0,-1,0,0,0,1,1,0,1,0,0
sim_0005_n3_seed47,47,0.001,3,169.35,2,body_2,8.648712297334397,4.926411902220734,2.8536233221975582e-05,9.002748060387779e-05,10.622207780550793,36.894103980697494,0,1.8847992446836466,5.767450996237615,-70.90156421845197,-5.561510394395487e-07,182.16787061503533,9.361159901945377e-16,1.8847992446836466,0-2,5,13.949999999999989,13950,,,,,0,10.622207780550793,37.00165688377404,1.8847992446836466,5.767450996237615,1.6905398365383512e-05,negative_hard,10.0,1,1,1,1,1,0,1,0,0,0,-1,0,0,0,1,1,0,1,0,0
sim_0005_n3_seed47,47,0.001,3,169.85,2,body_2,8.648712297334397,4.926411902220734,3.308103291207466e-05,0.00012164661531012415,12.465922364987152,47.20605755602433,0,1.7379896066074545,6.118242711130265,-70.90161005511595,-1.2026345124564188e-06,182.1678706150354,1.4041739852918063e-15,1.7379896066074545,0-2,5,14.449999999999989,14450,,,,,0,12.465922364987152,47.80659685502001,1.7379896066074545,6.118242711130265,1.9613529573024084e-05,negative_hard,10.0,1,1,1,1,0,0,1,0,0,0,-1,0,0,0,1,1,0,1,0,0
sim_0005_n3_seed47,47,0.001,3,170.0,2,body_2,8.648712297334397,4.926411902220734,4.0606375615890385e-05,0.00011426063622464672,9.383755614344334,30.353994922642364,0,2.003446951736219,5.509528032101116,-70.90154408865456,-2.722389872451849e-07,182.1678706150353,7.80096658495448e-16,2.003446951736219,0-2,5,14.599999999999994,14600,,,,,0,9.383755614344334,30.438537282666925,2.003446951736219,5.509528032101116,2.4067430455208152e-05,negative_baseline,20.0,1,1,1,1,0,0,1,0,0,0,-1,0,0,0,1,1,0,1,0,0
sim_0005_n3_seed47,47,0.001,3,171.0,2,body_2,8.648712297334397,4.926411902220734,8.155743661402063e-05,6.424180109752852e-05,2.737261012360582,2.6234063172423268,0,3.7228251433456068,2.994381725769549,-70.90151917730148,7.91124562524012e-08,182.16787061503558,2.3402899754863442e-15,3.7228251433456068,0-2,5,15.599999999999994,15600,,,,,0,2.737261012360582,2.621354263379718,3.7228251433456068,2.994381725769549,4.830352780627068e-05,negative_baseline,20.0,0,0,0,0,0,0,0,0,0,0,-1,0,0,0,1,1,0,1,0,0
sim_0005_n3_seed47,47,0.001,3,172.0,2,body_2,8.648712297334397,4.926411902220734,9.242015308903534e-05,5.174245263283901e-05,2.1167509246307388,1.2121537941841556,0,4.242332056469584,2.441822712136851,-70.9015199621902,6.80423314727052e-08,182.16787061503544,1.560193316990896e-15,4.242332056469584,0-2,5,16.599999999999994,16600,,,,,0,2.1167509246307388,1.2111348816401446,4.242332056469584,2.441822712136851,5.4729485033851595e-05,negative_baseline,20.0,0,0,0,0,0,0,0,0,0,0,-1,0,0,0,1,1,0,1,0,0
sim_0005_n3_seed47,47,0.001,3,173.0,2,body_2,8.648712297334397,4.926411902220734,7.548644312735197e-05,6.682064227446324e-05,2.972570180495146,3.19343723678937,0,3.5775339478499415,3.165924060095534,-70.90151901173236,8.144765454048077e-08,182.1678706150356,2.4963093071854337e-15,3.5775339478499415,0-2,5,17.599999999999994,17600,,,,,0,2.972570180495146,3.185210015815948,3.5775339478499415,3.165924060095534,4.469131191536636e-05,negative_baseline,20.0,0,0,0,0,0,0,0,0,0,0,-1,0,0,0,1,1,0,1,0,0
sim_0005_n3_seed47,47,0.001,3,173.4,2,body_2,8.648712297334397,4.926411902220734,6.063856627573542e-05,8.151075448421328e-05,4.311926917822464,7.215914824997778,0,2.9669171680012036,3.9155449493243037,-70.90151780761543,9.843060280121225e-08,182.16787061503544,1.560193316990896e-15,2.9669171680012036,0-2,5,18.0,18000,,,,,0,4.311926917822464,7.18748591278212,2.9669171680012036,3.9155449493243037,3.5894222121128964e-05,negative_hard,10.0,0,0,0,0,1,0,0,0,0,0,-1,0,0,0,1,1,0,1,0,0
sim_0005_n3_seed47,47,0.001,3,173.9,2,body_2,8.648712297334397,4.926411902220734,3.7673566399921176e-05,0.00011036206467275342,9.516583648341808,30.622045886014202,0,1.9924931588887744,5.530472771998003,-70.90154761759716,-3.220114372749973e-07,182.16787061503638,6.7088312630608525e-15,1.9924931588887744,0-2,5,18.5,18500,,,,,0,9.516583648341808,30.63131103889914,1.9924931588887744,5.530472771998003,2.23068833750851e-05,negative_hard,10.0,1,1,1,1,1,0,1,0,0,0,-1,0,0,0,1,1,0,1,0,0
sim_0005_n3_seed47,47,0.001,3,174.0,2,body_2,8.648712297334397,4.926411902220734,3.394107919736152e-05,0.00011822523509637681,11.457104496783034,41.043824682002175,0,1.814933482883233,5.927993439329014,-70.90158554917889,-8.570010844517661e-07,182.1678706150364,6.864850594759943e-15,1.814933482883233,0-2,5,18.599999999999994,18600,,,,,0,11.457104496783034,41.31129281016763,1.814933482883233,5.927993439329014,2.0107234651914797e-05,negative_baseline,20.0,1,1,1,1,1,0,1,0,0,0,-1,0,0,0,1,1,0,1,0,0
sim_0005_n3_seed47,47,0.001,3,174.4,2,body_2,8.648712297334397,4.926411902220734,3.8198269104117024e-05,0.0001503552471364501,13.288141332315618,51.31948195759011,0,1.6818867670701994,6.262017058044226,-70.90164258403135,-1.6614245807333362e-06,182.16787061503643,7.020869926459032e-15,1.6818867670701994,0-2,5,19.0,19000,,,,,0,13.288141332315618,52.1970394855699,1.6818867670701994,6.262017058044226,2.268036013017831e-05,negative_hard,10.0,1,1,1,1,0,0,1,0,0,0,-1,0,0,0,1,1,0,1,0,0
sim_0005_n3_seed47,47,0.001,3,175.0,2,body_2,8.648712297334397,4.926411902220734,7.577051841857398e-05,0.00011104928921952695,4.825416910952345,9.105213192980964,0,2.7958266456411955,4.146081970013083,-70.9015176664316,1.004218693226304e-07,182.167870615036,4.6805799509726884e-15,2.7958266456411955,0-2,5,19.599999999999994,19600,,,,,0,4.825416910952345,9.089852688726674,2.7958266456411955,4.146081970013083,4.4920793838649394e-05,negative_baseline,20.0,0,0,0,0,0,0,0,0,0,0,-1,0,0,0,1,1,0,1,0,0
sim_0005_n3_seed47,47,0.001,3,175.20000000000002,2,body_2,8.648712297334397,4.926411902220734,8.619878809029255e-05,9.872506403085735e-05,3.8182575470877405,5.61956829570241,0,3.1475322530489698,3.6705011987053036,-70.90151800045777,9.571074118387202e-08,182.16787061503598,4.524560619273598e-15,3.1475322530489698,0-2,5,19.80000000000001,19800,,,,,0,3.8182575470877405,5.611792815900127,3.1475322530489698,3.6705011987053036,5.1089859192649195e-05,negative_hard,10.0,0,0,0,0,0,0,0,0,0,0,-1,0,0,0,1,1,0,1,0,0
sim_0005_n3_seed47,47,0.001,3,175.70000000000002,2,body_2,8.648712297334397,4.926411902220734,0.00010502537151191191,7.759518146084443e-05,2.6310948872054505,2.3136766004152736,0,3.804560137956302,2.8979411791367955,-70.90151937979678,7.625644855528485e-08,182.16787061503592,4.212521955875419e-15,3.804560137956302,0-2,5,20.30000000000001,20300,,,,,0,2.6310948872054505,2.3120872663465866,3.804560137956302,2.8979411791367955,6.222566257504794e-05,negative_hard,10.0,0,0,0,0,0,0,0,0,0,0,-1,0,0,0,0,0,0,1,0,0
sim_0005_n3_seed47,47,0.001,3,176.0,2,body_2,8.648712297334397,4.926411902220734,0.00011164168858173534,7.006306700361323e-05,2.333529779039247,1.6299738618521216,0,4.046332126846785,2.640078557996268,-70.90151974403791,7.111916649293954e-08,182.16787061503578,3.4324252973799714e-15,4.046332126846785,0-2,5,20.599999999999994,20600,,,,,0,2.333529779039247,1.6290801777935497,4.046332126846785,2.640078557996268,6.613852695730862e-05,negative_baseline,20.0,0,0,0,0,0,0,0,0,0,0,-1,0,0,0,0,0,0,1,0,0
sim_0005_n3_seed47,47,0.001,3,176.20000000000002,2,body_2,8.648712297334397,4.926411902220734,0.00011421206102694467,6.68588650797917e-05,2.2256356121214944,1.39474763529964,0,4.1468249541391735,2.5373769221234186,-70.90151987183694,6.931668020146175e-08,182.16787061503567,2.8083479705836126e-15,4.1468249541391735,0-2,5,20.80000000000001,20800,,,,,0,2.2256356121214944,1.3939607454005727,4.1468249541391735,2.5373769221234186,6.765818117954741e-05,negative_hard,10.0,0,0,0,0,0,0,0,0,0,0,-1,0,0,0,0,0,0,1,0,0
sim_0005_n3_seed47,47,0.001,3,177.0,2,body_2,8.648712297334397,4.926411902220734,0.00011017554483030721,6.758537981150783e-05,2.3023796371074603,1.5548309384574988,0,4.084499258426993,2.6224556747173997,-70.90151987286951,6.93021166935884e-08,182.16787061503558,2.3402899754863442e-15,4.084499258426993,0-2,5,21.599999999999994,21600,,,,,0,2.3023796371074603,1.5527893054969293,4.084499258426993,2.6224556747173997,6.526169802914441e-05,negative_baseline,20.0,0,0,0,0,0,0,0,0,0,0,-1,0,0,0,0,0,0,1,0,0
sim_0005_n3_seed47,47,0.001,3,178.0,2,body_2,8.648712297334397,4.926411902220734,7.13495208896817e-05,9.671007986556867e-05,4.337007236756887,7.093514776085239,0,2.9701582721455333,3.9239809593540897,-70.9015188347546,8.394376114089883e-08,182.16787061503535,1.0921353218936272e-15,2.9701582721455333,0-2,5,22.599999999999994,22600,,,,,0,4.337007236756887,7.069056608683444,2.9701582721455333,3.9239809593540897,4.2258907498348144e-05,negative_baseline,20.0,0,0,0,0,1,0,0,0,0,0,-1,0,0,0,0,0,0,1,0,0
sim_0005_n3_seed47,47,0.001,3,178.1,2,body_2,8.648712297334397,4.926411902220734,6.528430142090516e-05,0.00010104562251172822,4.884449906370675,8.983331626625883,0,2.797285307853746,4.160823421418601,-70.9015192354748,7.829197582616499e-08,182.16787061503558,2.3402899754863442e-15,2.797285307853746,0-2,5,22.69999999999999,22700,,,,,0,4.884449906370675,8.950608776496246,2.797285307853746,4.160823421418601,3.866902919537819e-05,negative_hard,10.0,0,0,0,0,1,0,0,0,0,0,-1,0,0,0,0,0,0,1,0,0
sim_0005_n3_seed47,47,0.001,3,178.6,2,body_2,8.648712297334397,4.926411902220734,3.3211955992971794e-05,0.00012101924022029602,10.554162752681775,34.72533842117266,0,1.8959505069805644,5.742021252062912,-70.90157513877142,-7.101719788612092e-07,182.1678706150357,2.9643673022827025e-15,1.8959505069805644,0-2,5,23.19999999999999,23200,,,,,0,10.554162752681775,34.91538106554502,1.8959505069805644,5.742021252062912,1.9792898945539622e-05,negative_hard,10.0,1,1,1,1,0,0,1,0,0,0,-1,0,0,0,1,1,0,1,0,0
sim_0005_n3_seed47,47,0.001,3,179.0,2,body_2,8.648712297334397,4.926411902220734,3.6151249454954475e-05,0.00015188294703688627,12.636605390413425,45.757911911897935,0,1.7253864997890314,6.149335878779336,-70.90163695870476,-1.5820845861307995e-06,182.16787061503544,1.560193316990896e-15,1.7253864997890314,0-2,5,23.599999999999994,23600,,,,,0,12.636605390413425,46.50835588330256,1.7253864997890314,6.149335878779336,2.1777124287523444e-05,negative_baseline,20.0,1,1,1,1,0,0,1,0,0,0,-1,0,0,0,1,1,0,1,0,0
sim_0005_n3_seed47,47,0.001,3,179.1,2,body_2,8.648712297334397,4.926411902220734,4.388268219257029e-05,0.00015664253754513492,11.107043727268982,38.11717851981687,0,1.8381355772261612,5.876790483109679,-70.9015916496721,-9.430428617990152e-07,182.16787061503558,2.3402899754863442e-15,1.8381355772261612,0-2,5,23.69999999999999,23700,,,,,0,11.107043727268982,38.51007847805436,1.8381355772261612,5.876790483109679,2.6366079408665476e-05,negative_hard,10.0,1,1,1,1,0,0,1,0,0,0,-1,0,0,0,1,1,0,1,0,0
sim_0005_n3_seed47,47,0.001,3,180.0,2,body_2,8.648712297334397,4.926411902220734,0.00011052543244694363,0.00010780057331958638,3.360998014720418,4.040134843765112,0,3.353121957674957,3.403675423951531,-70.90152010846346,6.597928343911775e-08,182.16787061503538,1.2481546535927168e-15,3.353121957674957,0-2,5,24.599999999999994,24600,,,,,0,3.360998014720418,4.036235931144149,3.353121957674957,3.403675423951531,6.590140843598209e-05,negative_baseline,20.0,0,0,0,0,0,0,0,0,0,0,-1,0,0,0,0,0,0,1,0,0
sim_0005_n3_seed47,47,0.001,3,180.20000000000002,2,body_2,8.648712297334397,4.926411902220734,0.00011903416463478772,9.891420154442746e-05,2.945425804834747,2.864197784397096,0,3.591896467928538,3.111876273263256,-70.90152056686631,5.9513937974999716e-08,182.16787061503538,1.2481546535927168e-15,3.591896467928538,0-2,5,24.80000000000001,24800,,,,,0,2.945425804834747,2.862120637296401,3.591896467928538,3.111876273263256,7.097675421492458e-05,negative_hard,10.0,0,0,0,0,0,0,0,0,0,0,-1,0,0,0,0,0,0,1,0,0
sim_0005_n3_seed47,47,0.001,3,180.70000000000002,2,body_2,8.648712297334397,4.926411902220734,0.0001297787522819731,8.750266718441529e-05,2.4149448928884936,1.7519527356791205,1,3.22040129725675,3.1333443741532667,-70.90152025325733,6.393710066057266e-08,182.16787061503535,1.0921353218936272e-15,3.22040129725675,1-2,5,25.30000000000001,25300,,,,,0,2.4149448928884936,1.7495069612033258,3.22040129725675,3.1333443741532667,7.754800052754838e-05,negative_hard,10.0,0,0,0,0,1,0,0,0,0,0,-1,0,0,0,0,0,0,1,0,0
sim_0005_n3_seed47,47,0.001,3,181.0,2,body_2,8.648712297334397,4.926411902220734,0.00012858712193370195,8.826517362674598e-05,2.1466951515303543,2.8267128495821425,1,2.4471118998380863,3.8757644137914005,-70.9015195027221,7.452270143571115e-08,182.1678706150353,7.80096658495448e-16,2.4471118998380863,1-2,5,25.599999999999994,25600,,,,,0,2.1466951515303543,2.812408514440065,2.4471118998380863,3.8757644137914005,7.723567391475393e-05,negative_baseline,20.0,0,0,0,0,1,0,0,0,0,0,-1,0,0,0,0,0,0,1,0,0
sim_0005_n3_seed47,47,0.001,3,181.20000000000002,2,body_2,8.648712297334397,4.926411902220734,0.00012388224431444776,9.033932967284336e-05,1.7059864859046365,5.637112994598946,1,1.9625804621191267,4.411185654387373,-70.9015245942298,2.711725326364175e-09,182.1678706150352,3.120386633981792e-16,1.9625804621191267,1-2,5,25.80000000000001,25800,,,,,0,1.7059864859046365,5.640096901660242,1.9625804621191267,4.411185654387373,7.509891124541184e-05,negative_hard,10.0,0,0,0,1,1,0,0,0,0,0,-1,0,0,0,0,0,0,1,0,0
sim_0005_n3_seed47,47,0.001,3,181.70000000000002,2,body_2,8.648712297334397,4.926411902220734,8.829645764950332e-05,0.00013659754891378364,1.6088605508240346,6.654175318731987,1,1.7829043670705822,4.589135721537815,-70.90153114041193,-8.961607939628277e-08,182.16787061503516,0.0,1.7829043670705822,1-2,5,26.30000000000001,26300,,,,,0,1.6088605508240346,6.7279961603411715,1.7829043670705822,4.589135721537815,6.219296875578096e-05,negative_hard,10.0,0,0,0,1,0,0,0,0,0,0,-1,0,0,0,0,0,0,1,0,0
sim_0005_n3_seed47,47,0.001,3,182.0,2,body_2,8.648712297334397,4.926411902220734,6.299422259581854e-05,0.00016062717062046182,1.970855858539207,2.4681188905924416,1,2.438396633421134,3.7863892433132484,-70.90151867546082,8.619045155935396e-08,182.1678706150352,3.120386633981792e-16,2.438396633421134,1-2,5,26.599999999999994,26600,,,,,0,1.970855858539207,2.4669046229821556,2.438396633421134,3.7863892433132484,6.177736694752875e-05,negative_baseline,20.0,0,0,0,0,0,1,0,0,0,0,-1,0,0,0,0,0,0,1,0,0
sim_0005_n3_seed47,47,0.001,3,183.0,2,body_2,8.648712297334397,4.926411902220734,0.0001726916834977724,0.00020107663657525343,1.8071688042252134,0.9327158435129049,1,4.476318915384545,1.7559779998254188,-70.9015203919489,6.198098510487623e-08,182.1678706150348,-2.028251312088165e-15,4.476318915384545,1-2,5,27.599999999999994,27600,,,,,0,1.8071688042252134,0.9319497931350882,4.476318915384545,1.7559779998254188,0.000141533581970388,negative_baseline,20.0,0,0,0,0,0,0,0,0,0,0,-1,0,0,0,0,0,1,1,0,0
sim_0005_n3_seed47,47,0.001,3,184.0,2,body_2,8.648712297334397,4.926411902220734,0.00044639334231987097,0.0004371136218287421,2.4516323308371364,2.4480318805948884,0,3.8965120322746865,3.2464096100126922,-70.9015198682014,6.936795603158005e-08,182.167870615035,-7.80096658495448e-16,3.8965120322746865,0-2,5,28.599999999999994,28600,,,,,0,2.4516323308371364,2.4435518281679136,3.8965120322746865,3.2464096100126922,0.00031031614942347803,negative_baseline,20.0,0,0,0,0,0,0,0,0,0,0,-1,0,0,0,0,0,0,1,0,0
sim_0005_n3_seed47,47,0.001,3,185.0,2,body_2,8.648712297334397,4.926411902220734,0.0012017228458679186,0.0018776539231783657,6.183964452715926,14.097322869199498,0,2.441331180740839,4.9926281540782815,-70.90154029468093,-2.1872852122259966e-07,182.16787061503442,-4.05650262417633e-15,2.441331180740839,0-2,5,29.599999999999994,29600,,,,,0,6.183964452715926,14.129725474694814,2.441331180740839,4.9926281540782815,0.0007579203063263809,negative_baseline,20.0,0,0,0,0,0,0,0,0,0,0,-1,0,0,0,0,0,0,1,0,0
sim_0005_n3_seed47,47,0.001,3,185.25,2,body_2,8.648712297334397,4.926411902220734,0.0015151723378368895,0.0026490924596737062,7.682321435257962,18.97008990750357,0,2.206212196707259,5.370346220807693,-70.90156342772991,-5.449986409921921e-07,182.16787061503447,-3.744463960778151e-15,2.206212196707259,0-2,5,29.849999999999994,29850,,,,,0,7.682321435257962,19.101918157156625,2.206212196707259,5.370346220807693,0.0009443039755896985,negative_hard,10.0,1,1,0,1,0,0,1,0,0,0,-1,0,0,0,0,0,0,1,0,0
sim_0005_n3_seed47,47,0.001,3,185.75,2,body_2,8.648712297334397,4.926411902220734,0.0019037555944217052,0.00290759222932997,6.814618114768336,15.49825865988083,0,2.3613115928220854,5.101351959563864,-70.90154575248474,-2.957057629015315e-07,182.16787061503456,-3.2764059656808815e-15,2.3613115928220854,0-2,5,30.349999999999994,30350,,,,,0,6.814618114768336,15.573006362492006,2.3613115928220854,5.101351959563864,0.0011924532889801276,negative_hard,10.0,1,0,0,1,0,0,0,0,0,0,-1,0,0,0,1,1,0,1,0,0
sim_0005_n3_seed47,47,0.001,3,186.0,2,body_2,8.648712297334397,4.926411902220734,0.001907453480142989,0.0024165908555982135,5.295545104052086,10.268193834185066,0,2.6843109485672634,4.62372809769242,-70.90152893206289,-5.8469372021326984e-08,182.16787061503453,-3.4324252973799714e-15,2.6843109485672634,0-2,5,30.599999999999994,30600,,,,,0,5.295545104052086,10.285129519569697,2.6843109485672634,4.62372809769242,0.0012139846349140586,negative_baseline,20.0,0,0,0,0,0,0,0,0,0,0,-1,0,0,0,0,0,0,1,0,0
sim_0005_n3_seed47,47,0.001,3,187.0,2,body_2,8.648712297334397,4.926411902220734,0.0015547683910534528,0.0012050677856615915,2.3002596150210524,2.064164313418694,0,4.0937491504705585,3.1198968781951786,-70.90151988048781,6.919466770533019e-08,182.16787061503427,-4.836599282671778e-15,4.0937491504705585,0-2,5,31.599999999999994,31600,,,,,0,2.3002596150210524,2.0637671293577005,4.0937491504705585,3.1198968781951786,0.0011397953923014028,negative_baseline,20.0,0,0,0,0,0,0,0,0,0,0,-1,0,0,0,0,0,0,1,0,0
sim_0005_n3_seed47,47,0.001,3,188.0,2,body_2,8.648712297334397,4.926411902220734,0.0011810700003423006,0.0009724942214125535,1.6042229689916083,0.8219938518027888,0,4.912388711469631,2.4294123714628353,-70.90151996338847,6.802543114124979e-08,182.1678706150342,-5.304657277769046e-15,4.912388711469631,0-2,5,32.599999999999994,32600,,,,,0,1.6042229689916083,0.8218593017069526,4.912388711469631,2.4294123714628353,0.0011533453839110903,negative_baseline,20.0,0,0,0,0,0,0,0,0,0,0,-1,0,0,0,0,0,0,1,0,0
sim_0005_n3_seed47,47,0.001,3,189.0,2,body_2,8.648712297334397,4.926411902220734,0.0010723591829642368,0.0011112726765202384,1.5450835254382922,0.7212284314868556,0,5.002784275903352,2.317325785516083,-70.90151991051474,6.87711658830931e-08,182.16787061503408,-5.928734604565405e-15,5.002784275903352,0-2,5,33.599999999999994,33600,,,,,0,1.5450835254382922,0.7207577569935187,5.002784275903352,2.317325785516083,0.0013621401328212835,negative_baseline,20.0,0,0,0,0,0,0,0,0,0,0,-1,0,0,0,0,0,0,1,0,0
sim_0005_n3_seed47,47,0.001,3,190.0,2,body_2,8.648712297334397,4.926411902220734,0.0016801543126610601,0.0017724962439267407,2.0740548783665567,1.6602566710582691,0,4.299351588107459,2.8698842940086906,-70.90151940405322,7.591433409537516e-08,182.1678706150343,-4.6805799509726884e-15,4.299351588107459,0-2,5,34.599999999999994,34600,,,,,0,2.0740548783665567,1.6575207749787335,4.299351588107459,2.8698842940086906,0.0018396806626578839,negative_baseline,20.0,0,0,0,0,0,0,0,0,0,0,-1,0,0,0,0,0,0,1,0,0
sim_0005_n3_seed47,47,0.001,3,190.95000000000002,2,body_2,8.648712297334397,4.926411902220734,0.003498144846210686,0.004707826548428333,4.730023918474825,9.235009501666404,0,2.8206030411299206,4.426031453693068,-70.90152061680335,5.880962247409085e-08,182.1678706150341,-5.7727152728663156e-15,2.8206030411299206,0-2,5,35.55000000000001,35550,,,,,0,4.730023918474825,9.20919073628163,2.8206030411299206,4.426031453693068,0.0028132992976970823,negative_hard,10.0,0,0,0,0,1,0,0,0,0,0,-1,0,0,0,0,0,0,1,0,0
sim_0005_n3_seed47,47,0.001,3,191.0,2,body_2,8.648712297334397,4.926411902220734,0.003654489657956434,0.005069993468507658,5.0573778658048765,10.424261254591153,0,2.7263133628639666,4.553941282361795,-70.90152184042891,4.155152310779335e-08,182.16787061503405,-6.0847539362644945e-15,2.7263133628639666,0-2,5,35.599999999999994,35600,,,,,0,5.0573778658048765,10.397434887724977,2.7263133628639666,4.553941282361795,0.002893513891192398,negative_baseline,20.0,0,0,0,0,1,0,0,0,0,0,-1,0,0,0,0,0,0,1,0,0
sim_0005_n3_seed47,47,0.001,3,191.45000000000002,2,body_2,8.648712297334397,4.926411902220734,0.005302047720483931,0.010025849778719365,9.423572123671262,28.616584630625827,0,1.9921454051321417,5.776422683409039,-70.90158385710978,-8.331360249855565e-07,182.16787061503396,-6.552811931361763e-15,1.9921454051321417,0-2,5,36.05000000000001,36050,,,,,0,9.423572123671262,28.881630465547516,1.9921454051321417,5.776422683409039,0.003746532356678566,negative_hard,10.0,1,1,1,1,0,0,1,0,0,0,-1,0,0,0,1,1,0,1,0,0
sim_0005_n3_seed47,47,0.001,3,191.95000000000002,2,body_2,8.648712297334397,4.926411902220734,0.005633566803309823,0.009042051294575386,8.16355147646417,22.819163151520524,0,2.1488590734588002,5.467738489563618,-70.9015540018608,-4.1205553239727316e-07,182.16787061503362,-8.425043911750838e-15,2.1488590734588002,0-2,5,36.55000000000001,36550,,,,,0,8.16355147646417,22.95680569909588,2.1488590734588002,5.467738489563618,0.004009183555652374,negative_hard,10.0,1,1,1,1,0,0,1,0,0,0,-1,0,0,0,1,1,0,1,0,0
sim_0005_n3_seed47,47,0.001,3,192.0,2,body_2,8.648712297334397,4.926411902220734,0.005532932652806753,0.00844509275380676,7.614896419765812,20.463897993129443,0,2.2261372077091672,5.328257496108765,-70.90154487761744,-2.8336657415398364e-07,182.16787061503354,-8.893101906848107e-15,2.2261372077091672,0-2,5,36.599999999999994,36600,,,,,0,7.614896419765812,20.55456707153875,2.2261372077091672,5.328257496108765,0.003975723430901277,negative_baseline,20.0,1,1,1,1,0,0,1,0,0,0,-1,0,0,0,1,1,0,1,0,0
sim_0005_n3_seed47,47,0.001,3,193.0,2,body_2,8.648712297334397,4.926411902220734,0.0035068294723856583,0.0026231490696937954,2.471060204581574,2.5023666379458143,0,3.9459293139712255,3.210546429310572,-70.90151913397406,7.972354914819197e-08,182.16787061503408,-5.928734604565405e-15,3.9459293139712255,0-2,5,37.599999999999994,37600,,,,,0,2.471060204581574,2.5010641516948136,3.9459293139712255,3.210546429310572,0.0035563380729870487,negative_baseline,20.0,0,0,0,0,0,0,0,0,0,0,-1,0,0,0,0,0,0,1,0,0
sim_0005_n3_seed47,47,0.001,3,194.0,2,body_2,8.648712297334397,4.926411902220734,0.0022898475451343992,0.0015868719210250849,1.6047133426287976,0.8404273403044782,0,4.930699229884428,2.4045039754585593,-70.90151984827818,6.96489545075194e-08,182.16787061503416,-5.460676609468136e-15,4.930699229884428,0-2,5,38.599999999999994,38600,,,,,0,1.6047133426287976,0.8402488650391373,4.930699229884428,2.4045039754585593,0.0037850865069672915,negative_baseline,20.0,0,0,0,0,0,0,0,0,0,0,-1,0,0,0,0,0,0,1,0,0
sim_0005_n3_seed47,47,0.001,3,195.0,2,body_2,8.648712297334397,4.926411902220734,0.001474407585312216,0.0014301050016832003,1.5045929670991198,0.6920372592379941,0,5.116794447136305,2.3013112018918345,-70.90151991956222,6.86435595616462e-08,182.16787061503396,-6.552811931361763e-15,5.116794447136305,0-2,5,39.599999999999994,39600,,,,,0,1.5045929670991198,0.6916658784936267,5.116794447136305,2.3013112018918345,0.004266414025623796,negative_baseline,20.0,0,0,0,0,0,0,0,0,0,0,-1,0,0,0,0,0,0,1,0,0
sim_0005_n3_seed47,47,0.001,3,196.0,2,body_2,8.648712297334397,4.926411902220734,0.00138653312383454,0.0018414812703017407,1.8940281316363392,1.3253030314097314,0,4.569334366344347,2.8007033709803095,-70.9015199107065,6.876846126885378e-08,182.16787061503422,-5.148637946069957e-15,4.569334366344347,0-2,5,40.599999999999994,40600,,,,,0,1.8940281316363392,1.3239642383811132,4.569334366344347,2.8007033709803095,0.004832693322343653,negative_baseline,20.0,0,0,0,0,0,0,0,0,0,0,-1,0,0,0,0,0,0,1,0,0
sim_0005_n3_seed47,47,0.001,3,196.55,2,body_2,8.648712297334397,4.926411902220734,0.0019931775585146786,0.002601922347055492,2.4766098034121127,2.401925247982493,0,3.9930408139989635,3.337613041118571,-70.90152064209188,5.845295132095759e-08,182.1678706150337,-7.95698591665357e-15,3.9930408139989635,0-2,5,41.150000000000006,41150,,,,,0,2.4766098034121127,2.3993470231719876,3.9930408139989635,3.337613041118571,0.0051570823430241355,negative_hard,8.0,0,0,0,0,0,0,0,0,0,0,-1,0,0,0,0,0,0,1,0,0
sim_0005_n3_seed47,47,0.001,3,196.95000000000002,2,body_2,8.648712297334397,4.926411902220734,0.0028279226029606732,0.0037984923952244635,3.2047322852995834,3.9428237231509584,0,3.5061475779443367,3.8326003022075565,-70.90152346092617,1.8695917913986472e-08,182.16787061503368,-8.11300524835266e-15,3.5061475779443367,0-2,5,41.55000000000001,41550,,,,,0,3.2047322852995834,3.9408149848349057,3.5061475779443367,3.8326003022075565,0.005420670242246507,negative_hard,8.0,0,0,0,0,0,0,0,0,0,0,-1,0,0,0,0,0,0,1,0,0
sim_0005_n3_seed47,47,0.001,3,197.0,2,body_2,8.648712297334397,4.926411902220734,0.002962444390661264,0.00401400566888156,3.3173455738165316,4.195353638377589,0,3.4455916116583474,3.897707071548045,-70.90152412891243,9.27459364004262e-09,182.16787061503362,-8.425043911750838e-15,3.4455916116583474,0-2,5,41.599999999999994,41600,,,,,0,3.3173455738165316,4.193838736298506,3.4455916116583474,3.897707071548045,0.005458313172867696,negative_baseline,20.0,0,0,0,0,0,0,0,0,0,0,-1,0,0,0,0,0,0,1,0,0
sim_0005_n3_seed47,47,0.001,3,197.35,2,body_2,8.648712297334397,4.926411902220734,0.004150498245336962,0.0061270057883550735,4.192627674435318,6.229304906637599,0,3.0623894122961373,4.329792224954362,-70.9015317691792,-9.848425634281129e-08,182.16787061503385,-7.176889258158121e-15,3.0623894122961373,0-2,5,41.94999999999999,41950,,,,,0,4.192627674435318,6.237427389678021,3.0623894122961373,4.329792224954362,0.005789457732558953,negative_hard,8.0,0,0,0,0,0,0,0,0,0,0,-1,0,0,0,0,0,0,1,0,0
sim_0005_n3_seed47,47,0.001,3,197.75,2,body_2,8.648712297334397,4.926411902220734,0.006148947662168283,0.009947352250920544,4.955012435558422,8.012060449928182,0,2.8185857145865603,4.608021592328885,-70.90154227994316,-2.4672879676169905e-07,182.16787061503388,-7.020869926459032e-15,2.8185857145865603,0-2,5,42.349999999999994,42350,,,,,0,4.955012435558422,8.03871587248509,2.8185857145865603,4.608021592328885,0.006462931580561063,negative_hard,8.0,0,0,0,0,0,0,0,0,0,0,-1,0,0,0,0,0,0,1,0,0
sim_0005_n3_seed47,47,0.001,3,198.0,2,body_2,8.648712297334397,4.926411902220734,0.007755979778602587,0.012647332907284951,4.953656938847881,7.980188919983241,0,2.8237056939593304,4.572971085490767,-70.90154283155388,-2.545087525067689e-07,182.1678706150337,-7.95698591665357e-15,2.8237056939593304,0-2,5,42.599999999999994,42600,,,,,0,4.953656938847881,8.006605701301588,2.8237056939593304,4.572971085490767,0.007165166001074122,negative_baseline,20.0,0,0,0,0,0,0,0,0,0,0,-1,0,0,0,0,0,0,1,0,0
sim_0005_n3_seed47,47,0.001,3,198.15,2,body_2,8.648712297334397,4.926411902220734,0.008835178832666475,0.014143855058442222,4.765183597002478,7.5148600608442795,0,2.8830540885063134,4.480553709771391,-70.9015407700914,-2.2543374336114242e-07,182.1678706150336,-8.581063243449928e-15,2.8830540885063134,0-2,5,42.75,42750,,,,,0,4.765183597002478,7.5364587164104675,2.8830540885063134,4.480553709771391,0.00772175159699232,negative_hard,8.0,0,0,0,0,0,0,0,0,0,0,-1,0,0,0,0,0,0,1,0,0
sim_0005_n3_seed47,47,0.001,3,198.5,2,body_2,8.648712297334397,4.926411902220734,0.011657894268965897,0.017010722934023493,4.045529567122223,5.754569703298927,0,3.138844215228673,4.1554184620975265,-70.90153417059858,-1.3235404104808017e-07,182.16787061503342,-9.517179233644466e-15,3.138844215228673,0-2,5,43.099999999999994,43100,,,,,0,4.045529567122223,5.764096914855069,3.138844215228673,4.1554184620975265,0.009481718670697279,negative_pre_failure,1.0,0,0,0,0,0,0,0,0,0,0,-1,0,0,0,0,0,0,1,0,0
sim_0005_n3_seed47,47,0.001,3,198.55,2,body_2,8.648712297334397,4.926411902220734,0.01209638798963794,0.017357661168244252,3.93273309517419,5.483589659074516,0,3.1845399577002373,4.104686502705995,-70.90153330313117,-1.201192208666589e-07,182.16787061503345,-9.361159901945377e-15,3.1845399577002373,0-2,5,43.150000000000006,43150,,,,,0,3.93273309517419,5.491828428221154,3.1845399577002373,4.104686502705995,0.009791235462452003,negative_pre_failure,1.0,0,0,0,0,0,0,0,0,0,0,-1,0,0,0,0,0,0,1,0,0
sim_0005_n3_seed47,47,0.001,3,198.6,2,body_2,8.648712297334397,4.926411902220734,0.012544182569243164,0.0176934865789483,3.8206065274928362,5.35231096866254,0,3.2317942194129903,4.054155093192585,-70.90153247929717,-1.0849980925864816e-07,182.16787061503348,-9.205140570246286e-15,3.2317942194129903,0-2,6,0.0,0,0.010116410738151862,43.19999999999999,0.012544182569243162,0.0176934865789483,1,3.8206065274928362,5.224250620267343,3.2317942194129903,4.054155093192585,0.010116410738151862,correction,1.0,0,0,0,0,0,0,0,0,0,0,-1,0,0,0,0,0,0,1,0,0
sim_0005_n3_seed47,47,0.001,3,199.0,2,body_2,8.648712297334397,4.926411902220734,3.0695985192853645e-07,1.7218353376934902e-07,3.013587370501929,3.43034313311151,0,3.6409771041678374,3.677216528464891,-70.90151966945552,7.217108164553869e-08,182.16787061503558,2.3402899754863442e-15,3.4093142927112603,0-1,6,0.4000000000000057,400,,,,,0,3.013587370501929,3.432449929927445,3.6409771041678374,3.677216528464891,2.430637778214038e-07,negative_baseline,20.0,0,0,0,0,0,0,0,0,0,0,-1,0,0,0,0,0,0,1,0,0
sim_0005_n3_seed47,47,0.001,3,200.0,2,body_2,8.648712297334397,4.926411902220734,6.757482532256529e-07,2.17935537816919e-07,1.7490850228799475,1.2858619000391502,0,4.776855945346392,2.9522649004531436,-70.90151344367371,1.5997993816788454e-07,182.167870615035,-7.80096658495448e-16,4.194242055864095,0-1,6,1.4000000000000057,1400,,,,,0,1.7490850228799475,1.2861147539431483,4.776855945346392,2.9522649004531436,5.710907630670887e-07,negative_baseline,20.0,0,0,0,0,0,0,0,0,0,0,-1,0,0,0,0,0,0,1,0,0
sim_0005_n3_seed47,47,0.001,3,201.0,2,body_2,8.648712297334397,4.926411902220734,7.868317279092075e-07,4.399397986158504e-07,1.1951020110877075,0.5805554717304413,0,5.787530766178514,2.3976982962794486,-70.90151229564665,1.7617179097266382e-07,182.1678706150351,-3.120386633981792e-16,5.12291885745058,0-1,6,2.4000000000000057,2400,,,,,0,1.1951020110877075,0.580599238634071,5.787530766178514,2.3976982962794486,1.0665953673700548e-06,negative_baseline,20.0,0,0,0,0,0,0,0,0,0,0,-1,0,0,0,0,0,0,1,0,0
sim_0005_n3_seed47,47,0.001,3,202.0,2,body_2,8.648712297334397,4.926411902220734,1.129516602759849e-06,6.446517045522034e-07,0.9637573568713603,0.3335672514415809,0,6.456955135988275,2.0571704753771867,-70.90151223040851,1.7709191420583476e-07,182.16787061503513,-1.560193316990896e-16,5.741361007857459,0-1,6,3.4000000000000057,3400,,,,,0,0.9637573568713603,0.33356678957907454,6.456955135988275,2.0571704753771867,2.0038354421198787e-06,negative_baseline,20.0,0,0,0,0,0,0,0,0,0,0,-1,0,0,0,0,0,0,1,0,0
sim_0005_n3_seed47,47,0.001,3,203.0,2,body_2,8.648712297334397,4.926411902220734,1.7973915134112857e-06,8.155805633494514e-07,0.8919343811907047,0.26659580450832854,0,6.721846633322409,1.9595682455177035,-70.90151223331432,1.7705093050119366e-07,182.16787061503487,-1.560193316990896e-15,5.888052113232812,0-1,6,4.400000000000006,4400,,,,,0,0.8919343811907047,0.2665566195591585,6.721846633322409,1.9595682455177035,3.2448110201265382e-06,negative_baseline,20.0,0,0,0,0,0,0,0,0,0,0,-1,0,0,0,0,0,0,1,0,0
sim_0005_n3_seed47,47,0.001,3,204.0,2,body_2,8.648712297334397,4.926411902220734,2.6548375067594073e-06,9.764748784342836e-07,0.9291670025206215,0.31077211697334306,0,6.593601073772539,2.1044650494915405,-70.90151218093273,1.7778972412137385e-07,182.1678706150352,3.120386633981792e-16,5.499695287518934,0-1,6,5.400000000000006,5400,,,,,0,0.9291670025206215,0.3106795216980574,6.593601073772539,2.1044650494915405,4.802465972214606e-06,negative_baseline,20.0,0,0,0,0,0,0,0,0,0,0,-1,0,0,0,0,0,0,1,0,0
sim_0005_n3_seed47,47,0.001,3,205.0,2,body_2,8.648712297334397,4.926411902220734,3.5607930339905973e-06,1.129329647059146e-06,1.073799264909993,0.4652090400137783,0,6.147247526883892,2.4649097843208922,-70.90151201221707,1.801693014131322e-07,182.16787061503499,-9.361159901945377e-16,4.527285368677396,0-1,6,6.400000000000006,6400,,,,,0,1.073799264909993,0.46507551212490633,6.147247526883892,2.4649097843208922,6.913897531861165e-06,negative_baseline,20.0,0,0,0,0,0,0,0,0,0,0,-1,0,0,0,0,0,0,1,0,0
sim_0005_n3_seed47,47,0.001,3,205.9,2,body_2,8.648712297334397,4.926411902220734,4.179657719692432e-06,1.1092917523905352e-06,1.283567805156321,0.7033887504117674,0,5.671952659340986,2.938750534575846,-70.90151330748192,1.6190079652949503e-07,182.16787061503496,-1.0921353218936272e-15,3.1503571739190876,0-1,6,7.300000000000011,7300,,,,,0,1.283567805156321,0.7033350228799528,5.671952659340986,2.938750534575846,1.0011102260641555e-05,negative_hard,10.0,0,0,0,0,0,0,0,0,0,0,-1,0,0,0,0,0,0,1,0,0
sim_0005_n3_seed47,47,0.001,3,206.0,2,body_2,8.648712297334397,4.926411902220734,4.2155412299000835e-06,1.0813186896576638e-06,1.3076591273638507,0.7354974291292897,0,5.632426082965158,3.0009915540189254,-70.90151444467861,1.4586169590342146e-07,182.1678706150349,-1.4041739852918063e-15,2.9780563142568974,0-1,6,7.400000000000006,7400,,,,,0,1.3076591273638507,0.7354254548053428,5.632426082965158,3.0009915540189254,1.0492771997560605e-05,negative_baseline,20.0,0,0,0,0,0,0,0,0,0,0,-1,0,0,0,0,0,0,1,0,0
sim_0005_n3_seed47,47,0.001,3,206.5,2,body_2,8.648712297334397,4.926411902220734,4.208028913151922e-06,9.761036726552192e-07,1.429839437509982,0.9725315878738341,0,5.527327460555448,3.3835541286400987,-70.90154407668157,-2.7207011942190286e-07,182.16787061503533,9.361159901945377e-16,2.2094561569638334,0-1,6,7.900000000000006,7900,,,,,0,1.429839437509982,0.9713294056581374,5.527327460555448,3.3835541286400987,1.3277712127024799e-05,negative_hard,10.0,0,0,0,0,0,0,0,0,0,0,-1,0,0,0,0,0,0,1,0,0
sim_0005_n3_seed47,47,0.001,3,207.0,2,body_2,8.648712297334397,4.926411902220734,3.7677226271829887e-06,2.069398657737832e-06,1.7610980025940863,1.7820018185366144,1,3.8066730387989183,4.986543583190847,-70.90155279104431,-3.9497809300441005e-07,182.16787061503558,2.3402899754863442e-15,2.1470519670486525,0-1,6,8.400000000000006,8400,,,,,0,1.7610980025940863,1.7820841185816683,3.8066730387989183,4.986543583190847,1.440061919097489e-05,negative_hard,10.0,0,0,0,0,1,0,0,0,0,0,-1,0,0,0,0,0,0,1,0,0
sim_0005_n3_seed47,47,0.001,3,208.0,2,body_2,8.648712297334397,4.926411902220734,4.226289814259807e-06,3.3004391817062158e-06,2.243739346557848,1.9618120439826248,1,2.7486467904341287,2.8797007120045217,-70.90151317268021,1.6380204914368727e-07,182.1678706150357,2.9643673022827025e-15,2.7486467904341287,1-2,6,9.400000000000006,9400,,,,,0,2.243739346557848,1.9622280899224809,2.7486467904341287,2.8797007120045217,1.0330148430895516e-05,negative_baseline,20.0,0,0,0,0,0,0,0,0,0,0,-1,0,0,0,0,0,0,1,0,0
sim_0005_n3_seed47,47,0.001,3,209.0,2,body_2,8.648712297334397,4.926411902220734,7.148968454704264e-06,3.455933654185607e-06,1.8548549361443938,1.9300607896479223,1,2.9266331392166958,2.4732477633420333,-70.90151429015808,1.4804106419626507e-07,182.1678706150359,4.05650262417633e-15,2.9266331392166958,1-2,6,10.400000000000006,10400,,,,,0,1.8548549361443938,1.930976187740837,2.9266331392166958,2.4732477633420333,8.364992327740995e-06,negative_baseline,20.0,0,0,0,0,0,0,0,0,0,0,-1,0,0,0,0,0,0,1,0,0
sim_0005_n3_seed47,47,0.001,3,210.0,2,body_2,8.648712297334397,4.926411902220734,9.764666203156221e-06,5.008275344199252e-06,1.8776308019165584,1.7329681662429965,1,2.5656476889760294,2.8476512729559156,-70.90151436016984,1.4705361342584895e-07,182.16787061503575,3.2764059656808815e-15,2.5656476889760294,1-2,6,11.400000000000006,11400,,,,,0,1.8776308019165584,1.7338085196516546,2.5656476889760294,2.8476512729559156,1.3948882417520297e-05,negative_baseline,20.0,0,0,0,0,0,0,0,0,0,0,-1,0,0,0,0,0,0,1,0,0
sim_0005_n3_seed47,47,0.001,3,210.55,2,body_2,8.648712297334397,4.926411902220734,8.686023641763006e-06,1.1019714496487028e-05,2.00258620567832,1.7561717961810892,1,2.4037640547130392,2.982064253862473,-70.9015156191461,1.292969254195707e-07,182.1678706150357,2.9643673022827025e-15,2.4037640547130392,1-2,6,11.950000000000017,11950,,,,,0,2.00258620567832,1.7591447858619855,2.4037640547130392,2.982064253862473,1.7878366354789716e-05,negative_hard,10.0,0,0,0,1,0,0,0,0,0,0,-1,0,0,0,0,0,0,1,0,0
sim_0005_n3_seed47,47,0.001,3,211.0,2,body_2,8.648712297334397,4.926411902220734,6.916479226470568e-06,1.6783111978119704e-05,1.9277240422920978,1.446219578155763,1,2.4187789939701045,2.8689778215849198,-70.90151477659711,1.411802944695905e-07,182.16787061503592,4.212521955875419e-15,2.4187789939701045,1-2,6,12.400000000000006,12400,,,,,0,1.9277240422920978,1.4484055124054491,2.4187789939701045,2.8689778215849198,1.8756449843381015e-05,negative_baseline,20.0,0,0,0,1,0,0,0,0,0,0,-1,0,0,0,0,0,0,1,0,0
sim_0005_n3_seed47,47,0.001,3,211.05,2,body_2,8.648712297334397,4.926411902220734,6.876144796413967e-06,1.7321152001454513e-05,1.909316870882765,1.3949130074040546,1,2.4271434437640034,2.847392930472493,-70.90151459969645,1.4367531353207594e-07,182.1678706150359,4.05650262417633e-15,2.4271434437640034,1-2,6,12.450000000000017,12450,,,,,0,1.909316870882765,1.3969116367667116,2.4271434437640034,2.847392930472493,1.868013876041438e-05,negative_hard,10.0,0,0,0,1,0,0,0,0,0,0,-1,0,0,0,0,0,0,1,0,0
sim_0005_n3_seed47,47,0.001,3,212.0,2,body_2,8.648712297334397,4.926411902220734,1.7791526442978945e-05,2.0806869103229017e-05,1.396966060475107,0.766179532695634,1,2.602898199633507,2.666897765826517,-70.90151291973893,1.673695503726709e-07,182.16787061503612,5.304657277769046e-15,2.602898199633507,1-2,6,13.400000000000006,13400,,,,,0,1.396966060475107,0.765811338936059,2.602898199633507,2.666897765826517,1.5411137772001986e-05,negative_baseline,20.0,0,0,0,0,0,0,0,0,0,0,-1,0,0,0,0,0,0,1,0,0
sim_0005_n3_seed47,47,0.001,3,213.0,2,body_2,8.648712297334397,4.926411902220734,3.1479994524403844e-05,9.742766474863768e-06,1.0310118184354435,2.172519079413601,1,3.1362907744440744,2.889786152900948,-70.90151387071937,1.5395685665986518e-07,182.16787061503635,6.552811931361763e-15,3.1362907744440744,1-2,6,14.400000000000006,14400,,,,,0,1.0310118184354435,2.1743853260374864,3.1362907744440744,2.889786152900948,1.8719316897060217e-05,negative_baseline,20.0,0,0,0,0,0,0,0,0,0,0,-1,0,0,0,0,0,0,1,0,0
sim_0005_n3_seed47,47,0.001,3,214.0,2,body_2,8.648712297334397,4.926411902220734,2.8450570312365317e-05,1.3429037568911447e-05,2.491144179991896,2.4392263278104167,0,3.7988783700394304,3.66594597224628,-70.90151490351815,1.3939019139891807e-07,182.1678706150365,7.332908589857212e-15,3.7988783700394304,0-2,6,15.400000000000006,15400,,,,,0,2.491144179991896,2.4398416173663926,3.7988783700394304,3.66594597224628,1.761361617898205e-05,negative_baseline,20.0,0,0,0,0,0,0,0,0,0,0,-1,0,0,0,0,0,0,1,0,0
sim_0005_n3_seed47,47,0.001,3,215.0,2,body_2,8.648712297334397,4.926411902220734,2.1843674445594294e-05,2.049005581679036e-05,3.389966026761471,3.9457699357165943,0,3.361765822378055,4.013698355228564,-70.90151858766156,8.742877845023303e-08,182.16787061503643,7.020869926459032e-15,3.361765822378055,0-2,6,16.400000000000006,16400,,,,,0,3.389966026761471,3.94988377934121,3.361765822378055,4.013698355228564,1.670382519247958e-05,negative_baseline,20.0,0,0,0,0,0,0,0,0,0,0,-1,0,0,0,0,0,0,1,0,0
sim_0005_n3_seed47,47,0.001,3,216.0,2,body_2,8.648712297334397,4.926411902220734,4.092582605149223e-05,2.413801484966732e-05,3.185954901937305,3.626200233354026,0,3.4884215357769213,3.9401188437651626,-70.90151771475347,9.974033439421394e-08,182.1678706150365,7.332908589857212e-15,3.4884215357769213,0-2,6,17.400000000000006,17400,,,,,0,3.185954901937305,3.6305170951072303,3.4884215357769213,3.9401188437651626,3.082158998257942e-05,negative_baseline,20.0,0,0,0,0,0,0,0,0,0,0,-1,0,0,0,0,0,0,1,0,0
sim_0005_n3_seed47,47,0.001,3,217.0,2,body_2,8.648712297334397,4.926411902220734,3.887550232821149e-05,1.851311988691791e-05,2.3000042203983737,2.0251903696466425,0,4.137638142794103,3.431388405567558,-70.90151415267103,1.4998019103048983e-07,182.1678706150359,4.05650262417633e-15,4.137638142794103,0-2,6,18.400000000000006,18400,,,,,0,2.3000042203983737,2.0260599386655773,4.137638142794103,3.431388405567558,3.9596962271128284e-05,negative_baseline,20.0,0,0,0,0,0,0,0,0,0,0,-1,0,0,0,0,0,0,1,0,0
sim_0005_n3_seed47,47,0.001,3,218.0,2,body_2,8.648712297334397,4.926411902220734,2.4034234993379008e-05,1.5681949396035476e-05,1.722073577745583,1.15207807326936,0,4.837721387683336,3.034696142404142,-70.90151318045692,1.6369236595245547e-07,182.1678706150357,2.9643673022827025e-15,4.406711911745217,0-1,6,19.400000000000006,19400,,,,,0,1.722073577745583,1.1522964343714146,4.837721387683336,3.034696142404142,5.14479156063939e-05,negative_baseline,20.0,0,0,0,0,0,0,0,0,0,0,-1,0,0,0,0,0,0,1,0,0
sim_0005_n3_seed47,47,0.001,3,219.0,2,body_2,8.648712297334397,4.926411902220734,1.682888368803737e-05,1.3271388313917571e-05,1.3773815947718062,0.8116411593693222,0,5.483594195682937,3.055370343734028,-70.90151761207082,1.0118857755218906e-07,182.1678706150357,2.9643673022827025e-15,3.0931409810805506,0-1,6,20.400000000000006,20400,,,,,0,1.3773815947718062,0.8118416674872282,5.483594195682937,3.055370343734028,7.09867175226247e-05,negative_baseline,20.0,0,0,0,0,0,0,0,0,0,0,-1,0,0,0,0,0,0,1,0,0
sim_0005_n3_seed47,47,0.001,3,220.0,2,body_2,8.648712297334397,4.926411902220734,1.9938667202566397e-05,1.0704717366394073e-05,1.0994142768186743,0.5619069989545129,1,6.059899903631754,3.3373484188572995,-70.90153152635042,-9.505938252683758e-08,182.16787061503584,3.744463960778151e-15,2.561506809114329,0-1,6,21.400000000000006,21400,,,,,0,1.0994142768186743,0.5620162919902454,6.059899903631754,3.3373484188572995,7.643437200609224e-05,negative_baseline,20.0,0,0,0,0,1,0,0,0,0,0,-1,0,0,0,0,0,0,1,0,0
sim_0005_n3_seed47,47,0.001,3,220.3,2,body_2,8.648712297334397,4.926411902220734,2.0745446430641866e-05,9.612237612755146e-06,1.086482574722193,0.49341228770123235,1,5.219966485288565,3.0074949785961143,-70.90152207784658,3.820296795772656e-08,182.16787061503595,4.368541287574509e-15,2.799915851529638,0-1,6,21.700000000000017,21700,,,,,0,1.086482574722193,0.4932462290750447,5.219966485288565,3.0074949785961143,7.124686340754968e-05,negative_hard,10.0,0,0,0,0,1,0,0,0,0,0,-1,0,0,0,0,0,0,1,0,0
sim_0005_n3_seed47,47,0.001,3,220.8,2,body_2,8.648712297334397,4.926411902220734,2.1308481651167057e-05,6.330000287520113e-06,1.1996689460110257,0.5800757014392728,1,3.998847783674668,2.886498574235589,-70.90151433519291,1.4740588973116647e-07,182.16787061503595,4.368541287574509e-15,3.42067368488877,0-1,6,22.200000000000017,22200,,,,,0,1.1996689460110257,0.5800895374676154,3.998847783674668,2.886498574235589,6.330231342207783e-05,negative_hard,10.0,0,0,0,0,1,0,0,0,0,0,-1,0,0,0,0,0,0,1,0,0
sim_0005_n3_seed47,47,0.001,3,221.0,2,body_2,8.648712297334397,4.926411902220734,2.131982169349771e-05,4.572938166120511e-06,1.2784330672236859,0.6657047127638255,1,3.6481051795202166,2.8841612694917984,-70.90151354441845,1.5855902736759338e-07,182.16787061503595,4.368541287574509e-15,3.6481051795202166,1-2,6,22.400000000000006,22400,,,,,0,1.2784330672236859,0.6662130409392577,3.6481051795202166,2.8841612694917984,6.0734021620203896e-05,negative_baseline,20.0,0,0,0,0,0,0,0,0,0,0,-1,0,1,1,0,0,0,1,0,0
sim_0005_n3_seed47,47,0.001,3,222.0,2,body_2,8.648712297334397,4.926411902220734,2.6191268015932826e-05,1.3136282509855024e-05,1.3894823328716739,0.7584807936176264,1,3.128090270535443,2.4484397807000846,-70.90151229080104,1.7624013389272627e-07,182.16787061503612,5.304657277769046e-15,3.128090270535443,1-2,6,23.400000000000006,23400,,,,,0,1.3894823328716739,0.7588769410540815,3.128090270535443,2.4484397807000846,4.671357293066478e-05,negative_baseline,20.0,0,0,0,0,0,0,0,0,0,0,-1,0,0,0,0,0,0,1,0,0
sim_0005_n3_seed47,47,0.001,3,223.0,2,body_2,8.648712297334397,4.926411902220734,4.287946665452432e-05,3.229395211115454e-05,1.26943748605975,0.7798960555174317,1,3.1671185218855165,2.0901670960964025,-70.90151235248769,1.7537010114147357e-07,182.16787061503626,6.0847539362644945e-15,3.1671185218855165,1-2,6,24.400000000000006,24400,,,,,0,1.26943748605975,0.7794841120530636,3.1671185218855165,2.0901670960964025,4.346290550036758e-05,negative_baseline,20.0,0,0,0,0,0,0,0,0,0,0,-1,0,0,0,0,0,0,1,0,0
sim_0005_n3_seed47,47,0.001,3,224.0,2,body_2,8.648712297334397,4.926411902220734,6.89196932873065e-05,4.336325842099164e-05,1.4416166359038773,1.5567115723904397,1,2.67767780074612,2.5717411871819116,-70.90151298193211,1.6649237346327782e-07,182.1678706150361,5.148637946069957e-15,2.67767780074612,1-2,6,25.400000000000006,25400,,,,,0,1.4416166359038773,1.5555919638084768,2.67767780074612,2.5717411871819116,6.051608698697726e-05,negative_baseline,20.0,0,0,0,0,0,0,0,0,0,0,-1,0,0,0,0,0,0,1,0,0
sim_0005_n3_seed47,47,0.001,3,224.65,2,body_2,8.648712297334397,4.926411902220734,7.742054362575608e-05,3.6521661467711075e-05,1.9415786759012095,2.9154912632770276,1,2.1724935836283823,3.137587848613467,-70.90151489026555,1.3957710702041998e-07,182.16787061503618,5.616695941167225e-15,2.1724935836283823,1-2,6,26.05000000000001,26050,,,,,0,1.9415786759012095,2.9177001715993196,2.1724935836283823,3.137587848613467,6.378003542874284e-05,negative_hard,10.0,0,0,0,1,0,0,0,0,0,0,-1,0,0,0,0,0,0,1,0,0
sim_0005_n3_seed47,47,0.001,3,225.0,2,body_2,8.648712297334397,4.926411902220734,6.911754025872881e-05,4.210329922276617e-05,2.324425375398905,3.682703264824119,1,1.9683703955525926,3.396356455161814,-70.90151753021308,1.0234310469471845e-07,182.16787061503626,6.0847539362644945e-15,1.9683703955525926,1-2,6,26.400000000000006,26400,,,,,0,2.324425375398905,3.6938571893702776,1.9683703955525926,3.396356455161814,5.533716639774877e-05,negative_baseline,20.0,0,0,0,1,0,0,0,0,0,0,-1,0,0,0,0,0,0,1,0,0
sim_0005_n3_seed47,47,0.001,3,225.15,2,body_2,8.648712297334397,4.926411902220734,6.240010858621917e-05,5.187945648608102e-05,2.4375646066513337,3.804537557104478,1,1.923068978602094,3.457323472919583,-70.90151849722851,8.870425239792684e-08,182.1678706150363,6.240773267963584e-15,1.923068978602094,1-2,6,26.55000000000001,26550,,,,,0,2.4375646066513337,3.8193767304270883,1.923068978602094,3.457323472919583,4.983972997531409e-05,negative_hard,10.0,0,0,0,1,0,0,0,0,0,0,-1,0,0,0,0,0,0,1,0,0
sim_0005_n3_seed47,47,0.001,3,225.65,2,body_2,8.648712297334397,4.926411902220734,5.029924086998179e-05,8.8641239067256e-05,2.294897556540871,2.871062872033145,1,2.008858366053601,3.344273510127522,-70.90151681449747,1.1243760713213923e-07,182.16787061503646,7.176889258158121e-15,2.008858366053601,1-2,6,27.05000000000001,27050,,,,,0,2.294897556540871,2.881461177127387,2.008858366053601,3.344273510127522,4.175470001046639e-05,negative_hard,10.0,0,0,0,1,0,0,0,0,0,0,-1,0,0,0,0,0,0,1,0,0
sim_0005_n3_seed47,47,0.001,3,226.0,2,body_2,8.648712297334397,4.926411902220734,6.931212421308006e-05,9.638636574509181e-05,1.9412199665798648,1.9410984389562576,1,2.2324293692896062,3.095939826677186,-70.90151387622049,1.5387926846479037e-07,182.16787061503658,7.80096658495448e-15,2.2324293692896062,1-2,6,27.400000000000006,27400,,,,,0,1.9412199665798648,1.9451262219654917,2.2324293692896062,3.095939826677186,5.372803831696801e-05,negative_baseline,20.0,0,0,0,1,0,0,0,0,0,0,-1,0,0,0,0,0,0,1,0,0
sim_0005_n3_seed47,47,0.001,3,226.15,2,body_2,8.648712297334397,4.926411902220734,8.017593761353035e-05,9.551167208335943e-05,1.8186098034498523,1.8274835966570357,1,2.3478272827156617,2.9973585314299527,-70.90151284263345,1.6845705142599247e-07,182.1678706150365,7.332908589857212e-15,2.3478272827156617,1-2,6,27.55000000000001,27550,,,,,0,1.8186098034498523,1.8291224258486658,2.3478272827156617,2.9973585314299527,6.036742884201005e-05,negative_hard,10.0,0,0,0,1,0,0,0,0,0,0,-1,0,0,0,0,0,0,1,0,0
sim_0005_n3_seed47,47,0.001,3,226.65,2,body_2,8.648712297334397,4.926411902220734,0.00011425586467828538,8.741684685391337e-05,1.9407500049360749,3.7157714479072435,1,2.7947736759357604,2.85888508231219,-70.90150933032996,2.179948223548538e-07,182.1678706150366,7.95698591665357e-15,2.7947736759357604,1-2,6,28.05000000000001,28050,,,,,0,1.9407500049360749,3.704068461281812,2.7947736759357604,2.85888508231219,8.08211769719911e-05,negative_hard,10.0,0,0,0,0,0,0,0,0,0,0,-1,0,0,0,0,0,0,1,0,0
sim_0005_n3_seed47,47,0.001,3,227.0,2,body_2,8.648712297334397,4.926411902220734,0.00013538061575960232,0.00010761257447561003,3.291457150687941,8.76956430304207,0,3.1014069761891805,4.316418771800614,-70.90150496981988,2.7949575747318426e-07,182.16787061503678,8.893101906848107e-15,3.1014069761891805,0-2,6,28.400000000000006,28400,,,,,0,3.291457150687941,8.726981048513409,3.1014069761891805,4.316418771800614,9.287434729896685e-05,negative_baseline,20.0,0,0,0,0,1,0,0,0,0,0,-1,0,1,1,0,0,0,1,0,0
sim_0005_n3_seed47,47,0.001,3,227.15,2,body_2,8.648712297334397,4.926411902220734,0.00014477222417121102,0.00014076318291675742,4.580791520618021,13.648509126135115,0,2.7021264741189124,4.786685516047796,-70.9015032969606,3.030898802938552e-07,182.16787061503678,8.893101906848107e-15,2.7021264741189124,0-2,6,28.55000000000001,28550,,,,,0,4.580791520618021,13.57383192661471,2.7021264741189124,4.786685516047796,9.806559272357694e-05,negative_hard,10.0,0,0,1,0,1,0,0,0,0,0,-1,0,0,0,0,0,0,1,0,0
sim_0005_n3_seed47,47,0.001,3,227.65,2,body_2,8.648712297334397,4.926411902220734,0.0001677805414547037,0.0004129585080666457,15.138792433070543,65.55546353613563,0,1.5745360505299617,6.83147187531225,-70.90171474391687,-2.6791725873754307e-06,182.16787061503678,8.893101906848107e-15,1.5745360505299617,0-2,6,29.05000000000001,29050,,,,,0,15.138792433070543,67.39067792699767,1.5745360505299617,6.83147187531225,0.00011178050707078314,negative_hard,10.0,1,1,1,1,0,0,1,1,0,0,-1,0,0,0,1,1,0,1,0,0
sim_0005_n3_seed47,47,0.001,3,228.0,2,body_2,8.648712297334397,4.926411902220734,0.00011596884644334225,0.00023182646979814329,10.768999251715561,40.776311423542836,0,1.8815404814524763,6.09312711987926,-70.90155261809281,-3.92538773081043e-07,182.1678706150368,9.049121238547196e-15,1.8815404814524763,0-2,6,29.400000000000006,29400,,,,,0,10.768999251715561,41.05361287462027,1.8815404814524763,6.09312711987926,8.871749424242055e-05,negative_baseline,20.0,1,1,1,1,0,1,1,0,0,0,-1,0,0,0,0,0,0,1,0,0
sim_0005_n3_seed47,47,0.001,3,228.15,2,body_2,8.648712297334397,4.926411902220734,9.670062060361874e-05,0.00014281380211563502,7.58026844418559,23.47050797102302,0,2.247692980951714,5.406188724106861,-70.901510498779,2.0151493635125302e-07,182.16787061503692,9.673198565343556e-15,2.247692980951714,0-2,6,29.55000000000001,29550,,,,,0,7.58026844418559,23.44482504745234,2.247692980951714,5.406188724106861,8.091661324780262e-05,negative_hard,10.0,1,1,1,1,0,1,1,0,0,0,-1,0,0,0,0,0,0,1,0,0
sim_0005_n3_seed47,47,0.001,3,229.0,2,body_2,8.648712297334397,4.926411902220734,8.123351782118084e-05,3.487585081498608e-05,2.1582718220667854,2.335806879023583,0,4.256318272436383,3.199193479695413,-70.90151005422312,2.0778498317248486e-07,182.16787061503695,9.829217897042645e-15,4.256318272436383,0-2,6,30.400000000000006,30400,,,,,0,2.1582718220667854,2.3335827323776868,4.256318272436383,3.199193479695413,7.459253770084321e-05,negative_baseline,20.0,0,0,0,0,0,0,0,0,0,0,-1,0,0,0,0,0,0,1,0,0
sim_0005_n3_seed47,47,0.001,3,230.0,2,body_2,8.648712297334397,4.926411902220734,9.1978363677725e-05,3.85474869405174e-05,1.1855922104022396,0.5944024968092105,0,5.786446003337563,2.174474363269386,-70.9015118829541,1.819924352917211e-07,182.16787061503712,1.0765333887237182e-14,5.786446003337563,0-2,6,31.400000000000006,31400,,,,,0,1.1855922104022396,0.5943216406352232,5.786446003337563,2.174474363269386,7.540901126488317e-05,negative_baseline,20.0,0,0,0,0,0,0,0,0,0,0,-1,0,0,0,0,0,0,1,0,0
sim_0005_n3_seed47,47,0.001,3,231.0,2,body_2,8.648712297334397,4.926411902220734,0.00010286566037132656,4.08711437632709e-05,0.9200633048093884,0.27276930750140327,0,6.597049281081261,1.7301700496567278,-70.90151218256386,1.7776671846500782e-07,182.16787061503712,1.0765333887237182e-14,6.022438503470264,0-1,6,32.400000000000006,32400,,,,,0,0.9200633048093884,0.2727554746060091,6.597049281081261,1.7301700496567278,8.337310797810137e-05,negative_baseline,20.0,0,0,0,0,0,0,0,0,0,0,-1,0,0,0,0,0,0,1,0,0
sim_0005_n3_seed47,47,0.001,3,232.0,2,body_2,8.648712297334397,4.926411902220734,0.00011495872879510423,4.456212484475981e-05,0.8591758514315273,0.21384743860082528,0,6.845161133857921,1.6703296862696437,-70.90151228686469,1.762956524436255e-07,182.16787061503743,1.2481546535927168e-14,5.609623785841232,0-1,6,33.400000000000006,33400,,,,,0,0.8591758514315273,0.21379585539057375,6.845161133857921,1.6703296862696437,0.00011588237374157065,negative_baseline,20.0,0,0,0,0,0,0,0,0,0,0,-1,0,0,0,0,0,0,1,0,0
sim_0005_n3_seed47,47,0.001,3,233.0,2,body_2,8.648712297334397,4.926411902220734,0.00013021507022092428,5.829836523728811e-05,0.9185563920600606,0.2862753899104715,0,6.638187111142543,1.9098481909088603,-70.901512466676,1.7375958132957025e-07,182.16787061503783,1.4665817179714424e-14,4.893981250010587,0-1,6,34.400000000000006,34400,,,,,0,0.9185563920600606,0.2861585629316538,6.638187111142543,1.9098481909088603,0.00018595151331910682,negative_baseline,20.0,0,0,0,0,0,0,0,0,0,0,-1,0,0,0,0,0,0,1,0,0
sim_0005_n3_seed47,47,0.001,3,234.0,2,body_2,8.648712297334397,4.926411902220734,0.00016201717117270451,9.897196808953867e-05,1.1031998186050078,0.49514503532208926,0,6.095392380380016,2.3711208625523836,-70.9015135067713,1.590900054366878e-07,182.167870615038,1.560193316990896e-14,3.934373666162989,0-1,6,35.400000000000006,35400,,,,,0,1.1031998186050078,0.4948878842261224,6.095392380380016,2.3711208625523836,0.0003061545743795589,negative_baseline,20.0,0,0,0,0,0,0,0,0,0,0,-1,0,0,0,0,0,0,1,0,0
sim_0005_n3_seed47,47,0.001,3,235.0,2,body_2,8.648712297334397,4.926411902220734,0.0002549422304847988,0.00019108232952105763,1.499411270905041,1.1177990400768207,0,5.369368602805066,3.1138869720433027,-70.90152035877115,6.244892646091662e-08,182.16787061503808,1.6069991165006228e-14,2.991192257980939,0-1,6,36.400000000000006,36400,,,,,0,1.499411270905041,1.1163732160981463,5.369368602805066,3.1138869720433027,0.00047611178654447585,negative_baseline,20.0,0,0,0,0,0,0,0,0,0,0,-1,0,0,0,0,0,0,1,0,0
sim_0005_n3_seed47,47,0.001,3,235.6,2,body_2,8.648712297334397,4.926411902220734,0.00036129432269026536,0.00024224172945229666,2.073769742014434,2.497592601487481,1,3.744560339766251,5.366307521021397,-70.90152722998869,-3.446319999866751e-08,182.1678706150382,1.669406849180259e-14,2.7665104116249037,0-1,6,37.0,37000,,,,,0,2.073769742014434,2.49553569221147,3.744560339766251,5.366307521021397,0.0005444906446707246,negative_hard,10.0,0,0,0,0,1,0,0,0,0,0,-1,0,0,0,0,0,0,1,0,0
sim_0005_n3_seed47,47,0.001,3,236.0,2,body_2,8.648712297334397,4.926411902220734,0.00044326486510415196,0.00021243597094925364,2.7663659376446543,3.754894285323999,1,2.7325082675697825,4.8756812785204,-70.9015286224195,-5.410214037339586e-08,182.16787061503823,1.6850087823501677e-14,2.7325082675697825,1-2,6,37.400000000000006,37400,,,,,0,2.7663659376446543,3.7682868245045396,2.7325082675697825,4.8756812785204,0.0005432911794593332,negative_baseline,20.0,0,0,0,0,1,0,0,0,0,0,-1,0,0,0,0,0,0,1,0,0
sim_0005_n3_seed47,47,0.001,3,237.0,2,body_2,8.648712297334397,4.926411902220734,0.0006642251676887382,0.0004643111505703189,3.1458501488433903,3.6667374860624067,1,2.9105555477857483,3.7100392047140716,-70.90152129708486,4.9214885205892336e-08,182.16787061503854,1.8566300472191663e-14,2.9105555477857483,1-2,6,38.400000000000006,38400,,,,,0,3.1458501488433903,3.67177384065274,2.9105555477857483,3.7100392047140716,0.0006440874862741111,negative_baseline,20.0,0,0,0,0,0,0,0,0,0,0,-1,0,0,0,0,0,1,1,0,0
sim_0005_n3_seed47,47,0.001,3,238.0,2,body_2,8.648712297334397,4.926411902220734,0.001146089077353261,0.0008754579422859899,2.3694818249579614,2.380979117582045,0,4.104088866751805,3.8999161051021445,-70.9015149325603,1.3898057883508782e-07,182.16787061503882,2.0126493789182557e-14,4.104088866751805,0-2,6,39.400000000000006,39400,,,,,0,2.3694818249579614,2.38299545805011,4.104088866751805,3.8999161051021445,0.0011086175886907028,negative_baseline,20.0,0,0,0,0,0,0,0,0,0,0,-1,0,0,0,0,0,1,1,0,0
sim_0005_n3_seed47,47,0.001,3,239.0,2,body_2,8.648712297334397,4.926411902220734,0.002103334553114326,0.0013401813339095506,1.5553159106631038,1.0376786740805792,0,5.121532277867731,3.135354685010598,-70.90151272597069,1.7010247106373003e-07,182.16787061503885,2.028251312088165e-14,5.121532277867731,0-2,6,40.400000000000006,40400,,,,,0,1.5553159106631038,1.037844646222774,5.121532277867731,3.135354685010598,0.0018380255802224368,negative_baseline,20.0,0,0,0,0,0,0,0,0,0,0,-1,0,0,0,0,0,1,1,0,0
sim_0005_n3_seed47,47,0.001,3,240.0,2,body_2,8.648712297334397,4.926411902220734,0.003179473864252473,0.001262693397799962,1.16934093147308,0.5571302807410096,0,5.95144421745545,2.711263622449301,-70.90151255070509,1.725744291509277e-07,182.16787061503905,2.1374648442775276e-14,5.72446753751042,0-1,6,41.400000000000006,41400,,,,,0,1.16934093147308,0.5571572541490025,5.95144421745545,2.711263622449301,0.002641728120482829,negative_baseline,20.0,0,0,0,0,0,0,0,0,0,0,-1,0,0,0,0,0,1,1,0,0
sim_0005_n3_seed47,47,0.001,3,241.0,2,body_2,8.648712297334397,4.926411902220734,0.003997875248313084,0.0008508453535928451,1.0077469528041167,0.39822586737411597,0,6.473429651023549,2.5598260827325414,-70.90151258397282,1.7210521886701203e-07,182.16787061503896,2.0906590447678006e-14,5.3464399329473,0-1,6,42.400000000000006,42400,,,,,0,1.0077469528041167,0.39821012537424255,6.473429651023549,2.5598260827325414,0.0031982476221875974,negative_baseline,20.0,0,0,0,0,0,0,0,0,0,0,-1,0,0,0,0,0,1,1,0,0
sim_0005_n3_seed47,47,0.001,3,242.0,2,body_2,8.648712297334397,4.926411902220734,0.0043993131627960815,0.0002195394901694573,0.9818565666894581,0.3884710169469242,1,6.538604130486258,1.9869998663664419,-70.9015128754915,1.6799361916336707e-07,182.16787061503865,1.919037779898802e-14,4.611116403271727,0-1,6,43.400000000000006,43400,,,,,0,0.9818565666894581,0.3883612725498953,6.538604130486258,1.9869998663664419,0.0033513623796638846,negative_baseline,20.0,0,0,0,0,0,0,0,0,0,0,-1,0,0,0,0,0,0,1,0,0
sim_0005_n3_seed47,47,0.001,3,242.3,2,body_2,8.648712297334397,4.926411902220734,0.004451499647253974,0.00025392395352545437,1.004264213864257,0.4182525242986331,1,6.08797442527751,2.074498562265209,-70.90151317879848,1.6371575663653409e-07,182.1678706150388,1.997047445748347e-14,4.342361634408207,0-1,6,43.70000000000002,43700,,,,,0,1.004264213864257,0.4180537035580489,6.08797442527751,2.074498562265209,0.003391079355675647,negative_hard,10.0,0,0,0,0,1,0,0,0,0,0,-1,0,0,0,0,0,0,1,0,0
sim_0005_n3_seed47,47,0.001,3,242.8,2,body_2,8.648712297334397,4.926411902220734,0.0045315011147078026,0.0007541438639799201,1.1014324955826391,0.5511259646163451,1,5.089800406144287,2.346242138844608,-70.90151438939836,1.4664137241151224e-07,182.16787061503916,2.1998725769571634e-14,3.899637140543704,0-1,6,44.20000000000002,44200,,,,,0,1.1014324955826391,0.5504906356921649,5.089800406144287,2.346242138844608,0.0037470059227800944,negative_hard,10.0,0,0,0,0,1,0,0,0,0,0,-1,0,0,0,0,0,0,1,0,0
sim_0005_n3_seed47,47,0.001,3,243.0,2,body_2,8.648712297334397,4.926411902220734,0.004586830855826664,0.0010107303775803175,1.17800548689628,0.6677003890032278,1,4.613114757376496,2.4927983104214637,-70.90151523584217,1.3470307046961256e-07,182.16787061503905,2.1374648442775276e-14,3.7475944848260396,0-1,6,44.400000000000006,44400,,,,,0,1.17800548689628,0.6666369716139272,4.613114757376496,2.4927983104214637,0.004087696957787266,negative_baseline,20.0,0,0,0,0,1,0,0,0,0,0,-1,0,0,0,0,0,0,1,0,0
sim_0005_n3_seed47,47,0.001,3,243.3,2,body_2,8.648712297334397,4.926411902220734,0.004737921560415803,0.0014859147440212676,1.3726179599546564,1.0015723123533637,1,3.8434382277394046,2.7393811745162604,-70.90151664302736,1.1485603333927953e-07,182.16787061503913,2.1842706437872543e-14,3.5861249100346577,0-1,6,44.70000000000002,44700,,,,,0,1.3726179599546564,0.9992194722855523,3.8434382277394046,2.7393811745162604,0.004868098925366524,negative_hard,10.0,0,0,0,0,1,0,0,0,0,0,-1,0,0,0,0,0,0,1,0,0
sim_0005_n3_seed47,47,0.001,3,243.4,2,body_2,8.648712297334397,4.926411902220734,0.004817439554744827,0.0016988659197761872,1.470456669120324,1.1852721684556176,1,3.580278052619269,2.826027341326595,-70.90151696910388,1.1025702763551258e-07,182.1678706150391,2.1686687106173455e-14,3.5586296670750235,0-1,6,44.80000000000001,44800,,,,,0,1.470456669120324,1.1821997930102497,3.580278052619269,2.826027341326595,0.005192766319462712,negative_hard,8.0,0,0,0,0,1,0,0,0,0,0,-1,0,0,0,0,0,0,1,0,0
sim_0005_n3_seed47,47,0.001,3,243.8,2,body_2,8.648712297334397,4.926411902220734,0.005471094033076515,0.0037604771072672198,2.16399100655853,2.7273344860124573,1,2.561279366118783,3.196302263190335,-70.90151562216533,1.2925434187567817e-07,182.16787061503902,2.1218629111076185e-14,2.561279366118783,1-2,6,45.20000000000002,45200,,,,,0,2.16399100655853,2.7175843597201834,2.561279366118783,3.196302263190335,0.006709546301706555,negative_hard,8.0,0,0,0,0,1,0,0,0,0,0,-1,0,0,0,0,0,0,1,0,0
sim_0005_n3_seed47,47,0.001,3,244.0,2,body_2,8.648712297334397,4.926411902220734,0.0063491968114896035,0.007080669909219735,2.816895323690806,4.597864116122004,1,2.1001076724122023,3.4328818534293037,-70.90151290944046,1.6751480082455364e-07,182.167870615039,2.1062609779377097e-14,2.1001076724122023,1-2,6,45.400000000000006,45400,,,,,0,2.816895323690806,4.577557567484447,2.1001076724122023,3.4328818534293037,0.007704147273656238,negative_baseline,20.0,0,0,0,1,1,0,0,0,0,0,-1,0,0,0,0,0,0,1,0,0
sim_0005_n3_seed47,47,0.001,3,244.15,2,body_2,8.648712297334397,4.926411902220734,0.00770445451990011,0.012377443990827108,3.542869375537121,7.2711059140650525,1,1.7799286951335525,3.680794423967477,-70.90151071262696,1.9849881003944922e-07,182.16787061503888,2.0438532452580736e-14,1.7799286951335525,1-2,6,45.55000000000001,45550,,,,,0,3.542869375537121,7.234361234874831,1.7799286951335525,3.680794423967477,0.00891339813874436,negative_pre_failure,1.0,0,0,0,1,1,0,0,0,0,0,-1,0,0,0,0,0,0,1,0,0
sim_0005_n3_seed47,47,0.001,3,244.20000000000002,2,body_2,8.648712297334397,4.926411902220734,0.008384182655617141,0.01509867540085853,3.8479035328036604,8.604666002140677,1,1.677927102609287,3.7854855804939596,-70.9015103251278,2.0396412488965648e-07,182.1678706150389,2.0594551784279827e-14,1.677927102609287,1-2,6,45.60000000000002,45600,,,,,0,3.8479035328036604,8.561266315079054,1.677927102609287,3.7854855804939596,0.00951050154582598,negative_pre_failure,1.0,0,0,0,1,1,0,0,0,0,0,-1,0,0,0,0,0,0,1,0,0
sim_0005_n3_seed47,47,0.001,3,244.75,2,body_2,8.648712297334397,4.926411902220734,1.5004494632177796e-06,9.36566764206515e-06,6.027613192435956,34.49193069357215,1,1.0488736925881514,5.028127376180142,-70.90161090683267,-1.2146471838739573e-06,182.16787061503518,1.560193316990896e-16,1.0488736925881514,1-2,7,0.5,500,,,,,0,6.027613192435956,35.75315609069019,1.0488736925881514,5.028127376180142,1.3288995592430223e-06,negative_hard,10.0,0,1,1,1,0,0,0,1,0,0,-1,0,0,0,1,1,0,1,0,0
sim_0005_n3_seed47,47,0.001,3,245.0,2,body_2,8.648712297334397,4.926411902220734,3.1141912026402792e-06,1.08868435120644e-05,3.4392647546500217,14.125136994485766,1,1.404292328949172,4.181988043193918,-70.90153331137559,-1.2023550063887813e-07,182.1678706150352,3.120386633981792e-16,1.404292328949172,1-2,7,0.75,750,,,,,0,3.4392647546500217,14.09557305310258,1.404292328949172,4.181988043193918,2.7263241872089052e-06,negative_baseline,20.0,0,0,0,1,0,0,0,1,0,0,-1,0,0,0,0,0,0,1,0,0
sim_0005_n3_seed47,47,0.001,3,245.25,2,body_2,8.648712297334397,4.926411902220734,4.982090857697079e-06,9.435126084927694e-06,2.745684019096976,3.8061018923338716,1,1.8902630195937242,3.2846175775407302,-70.90152474638819,5.656728541426014e-10,182.16787061503524,4.680579950972688e-16,1.8902630195937242,1-2,7,1.0,1000,,,,,0,2.745684019096976,3.778911561485281,1.8902630195937242,3.2846175775407302,4.325511733088017e-06,negative_hard,10.0,0,0,0,1,0,0,0,0,0,0,-1,0,0,0,0,0,0,1,0,0
sim_0005_n3_seed47,47,0.001,3,246.0,2,body_2,8.648712297334397,4.926411902220734,9.051341243540868e-06,5.684749062148213e-06,1.9505233111600175,0.6118022689993756,1,2.8468855203798427,1.9932952584603727,-70.9015290894739,-6.068950775389663e-08,182.1678706150351,-3.120386633981792e-16,2.8468855203798427,1-2,7,1.75,1750,,,,,0,1.9505233111600175,0.6118279638577591,2.8468855203798427,1.9932952584603727,7.895032598136336e-06,negative_baseline,20.0,0,0,0,0,0,0,0,0,0,0,-1,0,0,0,0,0,0,1,0,0
sim_0005_n3_seed47,47,0.001,3,247.0,2,body_2,8.648712297334397,4.926411902220734,9.663155269543024e-06,5.505567369675199e-06,1.7320205273015283,0.14886605069680406,1,2.9664677263163983,1.7930489977689499,-70.90152732053565,-3.57402806002625e-08,182.16787061503462,-2.9643673022827025e-15,2.9664677263163983,1-2,7,2.75,2750,,,,,0,1.7320205273015283,0.14813378381150516,2.9664677263163983,1.7930489977689499,8.242791574898646e-06,negative_baseline,20.0,0,0,0,0,0,0,0,0,0,0,-1,0,0,0,0,0,0,1,0,0
sim_0005_n3_seed47,47,0.001,3,247.75,2,body_2,8.648712297334397,4.926411902220734,7.817574466878306e-06,8.2763003053923e-06,2.032298487725147,2.1646756408177183,1,2.187237500551402,2.7824514495716217,-70.90152460573773,2.5494166034958086e-09,182.16787061503456,-3.2764059656808815e-15,2.187237500551402,1-2,7,3.5,3500,,,,,0,2.032298487725147,2.1452504010222695,2.187237500551402,2.7824514495716217,6.544278588020539e-06,negative_hard,10.0,0,0,0,1,1,0,0,0,0,0,-1,0,0,0,0,0,0,1,0,0
sim_0005_n3_seed47,47,0.001,3,248.0,2,body_2,8.648712297334397,4.926411902220734,6.994139597520272e-06,9.702342526569196e-06,2.4242968146226365,6.386394961737509,1,1.7428054424299853,3.467855641864738,-70.9015238835698,1.2734923076669409e-08,182.1678706150345,-3.5884446290790605e-15,1.7428054424299853,1-2,7,3.75,3750,,,,,0,2.4242968146226365,6.3201456930251965,1.7428054424299853,3.467855641864738,5.774951056437699e-06,negative_baseline,20.0,0,0,0,1,1,0,0,0,0,0,-1,0,0,0,0,0,0,1,0,0
sim_0005_n3_seed47,47,0.001,3,248.25,2,body_2,8.648712297334397,4.926411902220734,5.6790809841850555e-06,1.2481309425679235e-05,4.002782704299504,20.358071759243522,1,1.2681744075107353,4.392821591816297,-70.90153922373514,-2.036238279369294e-07,182.16787061503462,-2.9643673022827025e-15,1.2681744075107353,1-2,7,4.0,4000,,,,,0,4.002782704299504,20.367310167713324,1.2681744075107353,4.392821591816297,4.642713008803896e-06,negative_hard,10.0,0,1,1,1,1,0,0,1,0,0,-1,0,0,0,1,1,0,1,0,0
sim_0005_n3_seed47,47,0.001,3,248.75,2,body_2,8.648712297334397,4.926411902220734,2.5674783437165144e-06,1.6218391129867494e-05,5.670388712001927,21.560447147886254,1,1.2260151209540908,4.458076783650012,-70.90154107761202,-2.2977103544655595e-07,182.16787061503456,-3.2764059656808815e-15,1.2260151209540908,1-2,7,4.5,4500,,,,,0,5.670388712001927,21.74200355045228,1.2260151209540908,4.458076783650012,3.150147989749924e-06,negative_hard,10.0,0,1,1,1,0,0,0,1,0,0,-1,0,0,0,1,1,0,1,0,0
sim_0005_n3_seed47,47,0.001,3,249.0,2,body_2,8.648712297334397,4.926411902220734,4.4300282669184046e-06,1.3069275130261689e-05,3.4465345462017023,8.100597123592468,1,1.6835891255030944,3.6360233992115147,-70.90152370250175,1.5288719295234384e-08,182.16787061503456,-3.2764059656808815e-15,1.6835891255030944,1-2,7,4.75,4750,,,,,0,3.4465345462017023,8.078456285850287,1.6835891255030944,3.6360233992115147,4.8138500040669276e-06,negative_baseline,20.0,0,0,0,1,0,0,0,0,0,0,-1,0,0,0,0,0,0,1,0,0
sim_0005_n3_seed47,47,0.001,3,249.25,2,body_2,8.648712297334397,4.926411902220734,6.46795845409829e-06,1.1007558337491206e-05,2.342318778682255,3.5358361365364916,1,2.1674117930248413,3.0713753462312177,-70.90152499117525,-2.886820737391097e-09,182.1678706150344,-4.212521955875419e-15,2.1674117930248413,1-2,7,5.0,5000,,,,,0,2.342318778682255,3.527595039770582,2.1674117930248413,3.0713753462312177,6.479886337345341e-06,negative_hard,10.0,0,0,0,1,0,0,0,0,0,0,-1,0,0,0,0,0,0,1,0,0
sim_0005_n3_seed47,47,0.001,3,250.0,2,body_2,8.648712297334397,4.926411902220734,1.1636352174225834e-05,8.858181177889359e-06,1.2335210101508278,0.6342081847190298,1,3.492734199937741,1.911370946244466,-70.90152657255089,-2.519065195614427e-08,182.16787061503408,-5.928734604565405e-15,3.492734199937741,1-2,7,5.75,5750,,,,,0,1.2335210101508278,0.6338115311759603,3.492734199937741,1.911370946244466,1.0246932471248175e-05,negative_baseline,20.0,0,0,0,0,0,0,0,0,0,0,-1,0,0,0,0,0,0,1,0,0
sim_0005_n3_seed47,47,0.001,3,251.0,2,body_2,8.648712297334397,4.926411902220734,1.8851346138792006e-05,1.119124896961032e-05,0.997860911982567,0.28975001385732274,1,4.558972893209391,0.5305476230231656,-70.90152631698584,-2.1586144773682516e-08,182.16787061503436,-4.368541287574509e-15,4.558972893209391,1-2,7,6.75,6750,,,,,0,0.997860911982567,0.2896400002422498,4.558972893209391,0.5305476230231656,1.705309118263111e-05,negative_baseline,20.0,0,0,0,0,0,0,0,0,0,0,-1,0,0,0,0,0,0,1,0,0
sim_0005_n3_seed47,47,0.001,3,252.0,2,body_2,8.648712297334397,4.926411902220734,3.0458128899834148e-05,1.736526097444095e-05,1.1428288745579993,0.4871175511984645,1,4.412631499495119,0.9204728705978226,-70.90152611823602,-1.8782963640371256e-08,182.16787061503453,-3.4324252973799714e-15,4.412631499495119,1-2,7,7.75,7750,,,,,0,1.1428288745579993,0.4869047020575768,4.412631499495119,0.9204728705978226,2.8420695022935718e-05,negative_baseline,20.0,0,0,0,0,0,0,0,0,0,0,-1,0,0,0,0,0,0,1,0,0
sim_0005_n3_seed47,47,0.001,3,252.85,2,body_2,8.648712297334397,4.926411902220734,4.739854757498927e-05,3.137623893103891e-05,1.5835964756496652,1.0552846151775361,1,3.106074499688691,2.4111095515915735,-70.90152426599147,7.341221376695677e-09,182.16787061503456,-3.2764059656808815e-15,3.106074499688691,1-2,7,8.599999999999994,8600,,,,,0,1.5835964756496652,1.0492274876846395,3.106074499688691,2.4111095515915735,4.1372632528915594e-05,negative_hard,10.0,0,0,0,0,1,0,0,0,0,0,-1,0,0,0,0,0,0,1,0,0
sim_0005_n3_seed47,47,0.001,3,253.0,2,body_2,8.648712297334397,4.926411902220734,5.19755948316211e-05,3.8374574793177385e-05,1.7678870692760944,1.6698470540296013,1,2.7315485712048493,2.7760942333393044,-70.90152225752209,3.566881216112135e-08,182.16787061503473,-2.3402899754863442e-15,2.7315485712048493,1-2,7,8.75,8750,,,,,0,1.7678870692760944,1.650495397479344,2.7315485712048493,2.7760942333393044,4.455089955170336e-05,negative_baseline,20.0,0,0,0,0,1,0,0,0,0,0,-1,0,0,0,0,0,0,1,0,0
sim_0005_n3_seed47,47,0.001,3,253.35,2,body_2,8.648712297334397,4.926411902220734,7.112372896374965e-05,0.00010094819274316494,3.4495489148345007,14.96374412111232,1,1.5969085117781219,4.160143368924928,-70.90147948225757,6.389740957473635e-07,182.16787061503484,-1.7162126486899857e-15,1.5969085117781219,1-2,7,9.099999999999994,9100,,,,,0,3.4495489148345007,14.148888535736404,1.5969085117781219,4.160143368924928,5.845091981272485e-05,negative_hard,10.0,0,0,1,1,1,0,0,1,0,0,-1,0,0,0,0,0,0,1,0,0
sim_0005_n3_seed47,47,0.001,3,253.85,2,body_2,8.648712297334397,4.926411902220734,0.0017824177564737427,0.005580046764393531,2.7564572104193745,25.937773838678257,1,1.4202104689340502,4.591151577549861,-70.90144578458356,1.1142484162140824e-06,182.16787061503473,-2.3402899754863442e-15,1.4202104689340502,1-2,7,9.599999999999994,9600,,,,,0,2.7564572104193745,24.358449602390372,1.4202104689340502,4.591151577549861,0.0015552384037603123,negative_hard,10.0,0,1,1,1,0,1,0,1,0,0,-1,0,0,0,0,0,0,1,0,0
sim_0005_n3_seed47,47,0.001,3,254.0,2,body_2,8.648712297334397,4.926411902220734,0.00248300280540733,0.004454143776069248,1.7100419610314594,7.658607633356952,1,2.021852861967246,3.8321802818553343,-70.90150704597983,2.50213454297611e-07,182.16787061503476,-2.1842706437872543e-15,2.021852861967246,1-2,7,9.75,9750,,,,,0,1.7100419610314594,7.523145531889491,2.021852861967246,3.8321802818553343,0.0021683938024146926,negative_baseline,20.0,0,0,0,1,0,1,0,0,0,0,-1,0,0,0,0,0,0,1,0,0
sim_0005_n3_seed47,47,0.001,3,255.0,2,body_2,8.648712297334397,4.926411902220734,0.004466325874787242,0.0023907036178293355,4.547896123375229,7.498665555761444,0,2.8706560236326246,4.668797084834254,-70.9015393237303,-2.0503416660980978e-07,182.16787061503481,-1.8722319803890754e-15,2.8706560236326246,0-2,7,10.75,10750,,,,,0,4.547896123375229,7.5163676515361315,2.8706560236326246,4.668797084834254,0.004403466025342777,negative_baseline,20.0,0,0,0,0,0,0,0,0,0,0,-1,0,0,0,0,0,0,1,0,0
sim_0005_n3_seed47,47,0.001,3,255.4,2,body_2,8.648712297334397,4.926411902220734,0.005446797735691253,0.007582977903058322,5.180230094953808,9.078544304818273,0,2.710420912343546,4.854562533806698,-70.90154648932742,-3.0609824291568126e-07,182.16787061503496,-1.0921353218936272e-15,2.710420912343546,0-2,7,11.150000000000006,11150,,,,,0,5.180230094953808,9.116608458858037,2.710420912343546,4.854562533806698,0.005141831478796181,negative_hard,8.0,0,0,0,0,0,0,0,0,0,0,-1,0,0,0,0,0,0,1,0,0
sim_0005_n3_seed47,47,0.001,3,255.8,2,body_2,8.648712297334397,4.926411902220734,0.009177350848251218,0.012424675645400788,4.5693514186256765,7.552015049813082,0,2.8973343239161093,4.629752410480557,-70.90153877889685,-1.9734979795290093e-07,182.1678706150349,-1.4041739852918063e-15,2.8973343239161093,0-2,7,11.550000000000011,11550,,,,,0,4.5693514186256765,7.574211159155714,2.8973343239161093,4.629752410480557,0.006955944016118696,negative_hard,8.0,0,0,0,0,0,0,0,0,0,0,-1,0,0,0,0,0,0,1,0,0
sim_0005_n3_seed47,47,0.001,3,256.0,2,body_2,8.648712297334397,4.926411902220734,0.011516655841978429,0.013755141956368885,4.0184212881360475,6.172164488691103,0,3.0946958862480822,4.412302269927373,-70.90153382412224,-1.2746731481765812e-07,182.1678706150345,-3.5884446290790605e-15,3.0946958862480822,0-2,7,11.75,11750,,,,,0,4.0184212881360475,6.183930864971683,3.0946958862480822,4.412302269927373,0.00816095772819444,negative_baseline,20.0,0,0,0,0,0,0,0,0,0,0,-1,0,0,0,0,0,0,1,0,0
sim_0005_n3_seed47,47,0.001,3,256.2,2,body_2,8.648712297334397,4.926411902220734,0.013813233109742511,0.014397256694580092,3.4749926551346073,4.857205525195677,0,3.333281439978515,4.1721780076914605,-70.90153037777986,-7.885986404277886e-08,182.16787061503456,-3.2764059656808815e-15,3.333281439978515,0-2,7,11.949999999999989,11950,,,,,0,3.4749926551346073,4.86261376558347,3.333281439978515,4.1721780076914605,0.009400778429636712,negative_pre_failure,1.0,0,0,0,0,0,0,0,0,0,0,-1,0,0,0,0,0,0,1,0,0
sim_0005_n3_seed47,47,0.001,3,256.25,2,body_2,8.648712297334397,4.926411902220734,0.014365436287901314,0.014475529503066313,3.3483689257864286,4.560941203187322,0,3.3970907986081778,4.111677130813455,-70.90152975501357,-7.007632524695388e-08,182.16787061503464,-2.8083479705836126e-15,3.3970907986081778,0-2,7,12.0,12000,,,,,0,3.3483689257864286,4.565329948020705,3.3970907986081778,4.111677130813455,0.009706790344222753,negative_pre_failure,1.0,0,0,0,0,0,0,0,0,0,0,-1,0,0,0,0,0,0,1,0,0
sim_0005_n3_seed47,47,0.001,3,256.3,2,body_2,8.648712297334397,4.926411902220734,0.014906714445854327,0.014527989124618957,3.226486710269571,4.360796748833675,0,3.462051165867964,4.051560611700689,-70.9015292141531,-6.244799185174233e-08,182.16787061503464,-2.8083479705836126e-15,3.462051165867964,0-2,8,0.0,0,0.010009719306596242,12.050000000000011,0.014906714445854327,0.014527989124618957,1,3.226486710269571,4.283743674971953,3.462051165867964,4.051560611700689,0.010009719306596242,correction,1.0,0,0,0,0,0,0,0,0,0,0,-1,0,0,0,0,0,0,1,0,0
sim_0005_n3_seed47,47,0.001,3,257.0,2,body_2,8.648712297334397,4.926411902220734,3.9554646515749964e-07,1.646003370251516e-07,2.0243856371635647,1.824158838095531,0,4.394580336028251,3.3178896923696315,-70.90152193719129,4.0186779853577574e-08,182.1678706150352,3.120386633981792e-16,4.394580336028251,0-2,8,0.6999999999999886,700,,,,,0,2.0243856371635647,1.824331943706741,4.394580336028251,3.3178896923696315,2.345860667164777e-07,negative_baseline,20.0,0,0,0,0,0,0,0,0,0,0,-1,0,0,0,0,0,0,1,0,0
sim_0005_n3_seed47,47,0.001,3,258.0,2,body_2,8.648712297334397,4.926411902220734,6.617478776176453e-07,7.852607368799241e-08,1.293874597123528,0.7264397363075901,0,5.537009382808825,2.663838382221963,-70.90152162402052,4.460376205266144e-08,182.16787061503504,-6.240773267963584e-16,5.537009382808825,0-2,8,1.6999999999999886,1700,,,,,0,1.293874597123528,0.7264777238730891,5.537009382808825,2.663838382221963,3.940009631591698e-07,negative_baseline,20.0,0,0,0,0,0,0,0,0,0,0,-1,0,0,0,0,0,0,1,0,0
sim_0005_n3_seed47,47,0.001,3,259.0,2,body_2,8.648712297334397,4.926411902220734,7.307674453966994e-07,2.0059695269867575e-07,0.9940729513221404,0.40561242897712374,0,6.365663445586869,2.3500449189582437,-70.90152130317927,4.912892922217979e-08,182.16787061503516,0.0,5.085247361206793,0-1,8,2.6999999999999886,2700,,,,,0,0.9940729513221404,0.4056319919103286,6.365663445586869,2.3500449189582437,4.41117679023261e-07,negative_baseline,20.0,0,0,0,0,0,0,0,0,0,0,-1,0,0,0,0,0,0,1,0,0
sim_0005_n3_seed47,47,0.001,3,259.7,2,body_2,8.648712297334397,4.926411902220734,7.827152398047457e-07,3.3117466846858785e-07,0.8777341851797628,0.31822467249806907,0,6.828989715219645,2.29478657915424,-70.90152030961521,6.314222527873195e-08,182.16787061503544,1.560193316990896e-15,4.032747846918999,0-1,8,3.3999999999999773,3400,,,,,0,0.8777341851797628,0.3182322318128205,6.828989715219645,2.29478657915424,4.868791869551349e-07,negative_hard,10.0,0,0,0,0,0,0,0,0,0,0,-1,0,0,0,0,0,0,1,0,0
sim_0005_n3_seed47,47,0.001,3,260.0,2,body_2,8.648712297334397,4.926411902220734,8.334514677633102e-07,3.8744857643274327e-07,0.838158723503743,0.2979882415379486,0,7.027059326782975,2.3252299930269684,-70.9015194488954,7.528187687166106e-08,182.1678706150354,1.4041739852918063e-15,3.4666188766903283,0-1,8,3.6999999999999886,3700,,,,,0,0.838158723503743,0.29799049789867443,7.027059326782975,2.3252299930269684,5.359717093320059e-07,negative_baseline,20.0,0,0,0,0,0,0,0,0,0,0,-1,0,0,0,0,0,0,1,0,0
sim_0005_n3_seed47,47,0.001,3,260.2,2,body_2,8.648712297334397,4.926411902220734,8.810034516933239e-07,4.244311114894432e-07,0.8137216773826899,0.2887750069389081,0,7.16909295733352,2.3759888684052375,-70.90151921186177,7.862501557773769e-08,182.1678706150354,1.4041739852918063e-15,3.0538632444984266,0-1,8,3.8999999999999773,3900,,,,,0,0.8137216773826899,0.28877766648137243,7.16909295733352,2.3759888684052375,5.916917103703615e-07,negative_hard,10.0,0,0,0,0,0,0,0,0,0,0,-1,0,0,0,0,0,0,1,0,0
sim_0005_n3_seed47,47,0.001,3,260.7,2,body_2,8.648712297334397,4.926411902220734,1.0524000296525557e-06,5.119416200307034e-07,0.7644491060281746,0.2713980344213021,0,7.59718790002064,2.7041725388170232,-70.90155937140156,-4.877879059232603e-07,182.1678706150355,1.8722319803890754e-15,2.0300789523840566,0-1,8,4.399999999999977,4400,,,,,0,0.7644491060281746,0.2715633519133104,7.59718790002064,2.7041725388170232,9.84855610319267e-07,negative_hard,10.0,0,0,0,0,0,0,0,0,0,0,-1,0,0,0,1,0,0,1,0,0
sim_0005_n3_seed47,47,0.001,3,261.0,2,body_2,8.648712297334397,4.926411902220734,1.192992060864105e-06,5.619083771417461e-07,0.7664160471357584,0.2524800500604907,1,6.895026594827239,4.372672721062374,-70.90163253415199,-1.5196803884254401e-06,182.16787061503555,2.1842706437872543e-15,1.7797467653326593,0-1,8,4.699999999999989,4700,,,,,0,0.7664160471357584,0.25303158769961015,6.895026594827239,4.372672721062374,1.648059138214623e-06,negative_baseline,20.0,0,0,0,0,1,0,0,0,0,0,-1,0,0,0,1,0,0,1,0,0
sim_0005_n3_seed47,47,0.001,3,261.2,2,body_2,8.648712297334397,4.926411902220734,1.3034498394827467e-06,6.035611292684899e-07,0.787696640154895,0.22216402227936788,1,6.182876409357517,3.817451937074061,-70.90157500989321,-7.083542716485851e-07,182.1678706150356,2.4963093071854337e-15,1.9553542319688084,0-1,8,4.899999999999977,4900,,,,,0,0.787696640154895,0.22261097920970768,6.182876409357517,3.817451937074061,2.3661441181644208e-06,negative_hard,10.0,0,0,0,0,1,0,0,0,0,0,-1,0,0,0,0,0,0,1,0,0
sim_0005_n3_seed47,47,0.001,3,262.0,2,body_2,8.648712297334397,4.926411902220734,1.7932653984310679e-06,5.969142539287218e-07,0.7830340173044408,0.24261332618501477,1,6.011462650324933,2.2010904799886113,-70.90151930968963,7.724524461773998e-08,182.16787061503555,2.1842706437872543e-15,3.601670870766674,0-1,8,5.699999999999989,5700,,,,,0,0.7830340173044408,0.2426801526387017,6.011462650324933,2.2010904799886113,6.06208136081991e-06,negative_baseline,20.0,0,0,0,0,0,0,0,0,0,0,-1,0,0,0,0,0,0,1,0,0
sim_0005_n3_seed47,47,0.001,3,263.0,2,body_2,8.648712297334397,4.926411902220734,2.2269885951034395e-06,5.682749628626281e-07,0.7740422076813687,0.28147987456395274,1,6.919673121788689,1.6844891276693794,-70.90152139139974,4.788466156013921e-08,182.16787061503584,3.744463960778151e-15,5.042032345316846,0-1,8,6.699999999999989,6700,,,,,0,0.7740422076813687,0.2814443496593358,6.919673121788689,1.6844891276693794,9.547451547533882e-06,negative_baseline,20.0,0,0,0,0,0,0,0,0,0,0,-1,0,0,0,0,0,0,1,0,0
sim_0005_n3_seed47,47,0.001,3,264.0,2,body_2,8.648712297334397,4.926411902220734,2.550288778570598e-06,1.3032954708937694e-06,0.8477040329211226,0.344713382478081,1,7.1245759232100925,2.0552540093974714,-70.90152175174728,4.280229495218757e-08,182.1678706150355,1.8722319803890754e-15,5.457386228440272,0-1,8,7.699999999999989,7700,,,,,0,0.8477040329211226,0.34466923511513314,7.1245759232100925,2.0552540093974714,1.1605279858928513e-05,negative_baseline,20.0,0,0,0,0,0,0,0,0,0,0,-1,0,0,0,0,0,1,1,0,0
sim_0005_n3_seed47,47,0.001,3,265.0,2,body_2,8.648712297334397,4.926411902220734,3.3334158788086593e-06,2.324904398222655e-06,0.9829918070302837,0.4507081247341858,1,6.626219943521979,2.9876167156450455,-70.90152141634772,4.7532793532515886e-08,182.16787061503544,1.560193316990896e-15,4.876931265599433,0-1,8,8.699999999999989,8700,,,,,0,0.9829918070302837,0.45061923953405925,6.626219943521979,2.9876167156450455,1.1844382403555897e-05,negative_baseline,20.0,0,0,0,0,0,0,0,0,0,0,-1,0,0,0,0,0,1,1,0,0
sim_0005_n3_seed47,47,0.001,3,265.65,2,body_2,8.648712297334397,4.926411902220734,4.415160003014762e-06,3.0596945881463948e-06,1.1119579941556332,0.5713482251253574,1,6.13110687639765,4.0304447734965265,-70.90151976262517,7.085701052364301e-08,182.1678706150359,4.05650262417633e-15,3.91154741890976,0-1,8,9.349999999999966,9350,,,,,0,1.1119579941556332,0.57120413414513,6.13110687639765,4.0304447734965265,1.0459860203546246e-05,negative_hard,10.0,0,0,0,0,0,0,0,0,0,0,-1,0,0,0,0,0,0,1,0,0
sim_0005_n3_seed47,47,0.001,3,266.0,2,body_2,8.648712297334397,4.926411902220734,5.216505576108442e-06,3.5049861800963807e-06,1.1962427406920602,0.6665874622105619,1,5.963358322381088,4.922697197393949,-70.90151672367574,1.1371856306471963e-07,182.16787061503544,1.560193316990896e-15,3.172250777962066,0-1,8,9.699999999999989,9700,,,,,0,1.1962427406920602,0.6665175158740698,5.963358322381088,4.922697197393949,8.856391212211334e-06,negative_baseline,20.0,0,0,0,0,0,0,0,0,0,0,-1,0,0,0,0,0,0,1,0,0
sim_0005_n3_seed47,47,0.001,3,266.15,2,body_2,8.648712297334397,4.926411902220734,5.609058323303408e-06,3.727426302465559e-06,1.2345047522741737,0.7111134308774886,1,5.9544213712065055,5.445876892213785,-70.90151475326485,1.4150937430834814e-07,182.1678706150353,7.80096658495448e-16,2.808353526969342,0-1,8,9.849999999999966,9850,,,,,0,1.2345047522741737,0.7111504382087315,5.9544213712065055,5.445876892213785,7.91370723395755e-06,negative_hard,10.0,0,0,0,0,0,0,0,0,0,0,-1,0,0,0,0,0,0,1,0,0
sim_0005_n3_seed47,47,0.001,3,266.65,2,body_2,8.648712297334397,4.926411902220734,7.17590529080951e-06,4.758132401989739e-06,1.3711287099060427,0.7764124665857766,0,5.63597598241005,2.3720854396883615,-70.90165708007416,-1.8658777691864584e-06,182.1678706150353,7.80096658495448e-16,1.606548828900873,0-1,8,10.349999999999966,10350,,,,,0,1.3711287099060427,0.7771686300514412,5.63597598241005,2.3720854396883615,6.143618482784208e-06,negative_hard,10.0,0,0,0,0,0,0,0,0,0,0,-1,0,0,0,1,0,0,1,0,0
sim_0005_n3_seed47,47,0.001,3,267.0,2,body_2,8.648712297334397,4.926411902220734,8.587698779916595e-06,5.871491889228023e-06,1.4596788894849657,0.7389817714672419,0,5.397860388129765,2.2965620282961496,-70.90159072454233,-9.299947676835006e-07,182.1678706150353,7.80096658495448e-16,1.733871652429077,0-1,8,10.699999999999989,10700,,,,,0,1.4596788894849657,0.7387729531598557,5.397860388129765,2.2965620282961496,9.125645117474306e-06,negative_baseline,20.0,0,0,0,0,0,0,0,0,0,0,-1,0,0,0,0,0,0,1,0,0
sim_0005_n3_seed47,47,0.001,3,267.15,2,body_2,8.648712297334397,4.926411902220734,9.29828102976955e-06,6.494615060350418e-06,1.4832089231041297,0.7736486335841349,0,5.338778757079695,2.521368037396477,-70.9015246583665,1.8071368890911657e-09,182.16787061503524,4.680579950972688e-16,2.0907634140224207,0-1,8,10.849999999999966,10850,,,,,0,1.4832089231041297,0.7737560129352381,5.338778757079695,2.521368037396477,8.782009421015581e-06,negative_hard,10.0,0,0,0,0,0,0,0,0,0,0,-1,0,0,0,0,0,0,1,0,0
sim_0005_n3_seed47,47,0.001,3,268.0,2,body_2,8.648712297334397,4.926411902220734,1.5064176205300581e-05,1.10281680170665e-05,1.5657868713598149,0.9544707205937742,0,5.10965731620529,3.1567663537959536,-70.90152059891335,5.9061944302461614e-08,182.16787061503462,-2.9643673022827025e-15,4.0985323401238745,0-1,8,11.699999999999989,11700,,,,,0,1.5657868713598149,0.9546082271572257,5.10965731620529,3.1567663537959536,1.1324077763351746e-05,negative_baseline,20.0,0,0,0,0,0,0,0,0,0,0,-1,0,0,0,0,0,0,1,0,0
sim_0005_n3_seed47,47,0.001,3,269.0,2,body_2,8.648712297334397,4.926411902220734,2.5931675814286494e-05,1.6848633902588293e-05,1.57989698634733,1.0456687979248993,0,5.028104747994516,3.3722589305441626,-70.90152275150575,2.8701632479849194e-08,182.16787061503433,-4.524560619273598e-15,5.028104747994516,0-2,8,12.699999999999989,12700,,,,,0,1.57989698634733,1.0461400020780196,5.028104747994516,3.3722589305441626,2.040250546587023e-05,negative_baseline,20.0,0,0,0,0,0,0,0,0,0,0,-1,0,0,0,0,0,0,1,0,0
sim_0005_n3_seed47,47,0.001,3,270.0,2,body_2,8.648712297334397,4.926411902220734,3.907040487201318e-05,2.0767660468898813e-05,1.3964872325749393,0.8890343609340766,0,5.345089198095717,3.3170935296252373,-70.90152240589254,3.357618514016204e-08,182.16787061503427,-4.836599282671778e-15,5.345089198095717,0-2,8,13.699999999999989,13700,,,,,0,1.3964872325749393,0.889468129374699,5.345089198095717,3.3170935296252373,2.8716572345664058e-05,negative_baseline,20.0,0,0,0,0,0,0,0,0,0,0,-1,0,0,0,0,0,0,1,0,0
sim_0005_n3_seed47,47,0.001,3,271.0,2,body_2,8.648712297334397,4.926411902220734,5.1212651160531586e-05,2.16851688940025e-05,1.0985264061904259,0.6175245378094907,0,6.076284364516145,3.1296571171297334,-70.90152035336945,6.25251124415837e-08,182.16787061503445,-3.90048329247724e-15,4.639994946678661,0-1,8,14.699999999999989,14700,,,,,0,1.0985264061904259,0.6177349589718336,6.076284364516145,3.1296571171297334,3.46655727780269e-05,negative_baseline,20.0,0,0,0,0,0,0,0,0,0,0,-1,0,0,0,0,0,0,1,0,0
sim_0005_n3_seed47,47,0.001,3,271.4,2,body_2,8.648712297334397,4.926411902220734,5.5418536795866834e-05,2.145320620482468e-05,0.9815161104625446,0.5215964570835783,0,6.472488190383259,3.077917070116559,-70.90151661641991,1.1523130668243542e-07,182.16787061503436,-4.368541287574509e-15,3.874059430382159,0-1,8,15.099999999999966,15100,,,,,0,0.9815161104625446,0.5217379035253502,6.472488190383259,3.077917070116559,3.6265460137837344e-05,negative_hard,10.0,0,0,0,0,0,0,0,0,0,0,-1,0,0,0,0,0,0,1,0,0
sim_0005_n3_seed47,47,0.001,3,271.9,2,body_2,8.648712297334397,4.926411902220734,6.014671145752104e-05,2.0882766734520026e-05,0.8469917283294791,0.42706390297805774,0,7.078563674682032,3.178208283343878,-70.90147123295726,7.553227967461058e-07,182.16787061503456,-3.2764059656808815e-15,2.404059342193126,0-1,8,15.599999999999966,15600,,,,,0,0.8469917283294791,0.4271403432434241,7.078563674682032,3.178208283343878,3.8211706044843356e-05,negative_hard,10.0,0,0,0,0,0,0,0,0,0,0,-1,0,0,0,0,0,0,1,0,0
sim_0005_n3_seed47,47,0.001,3,272.0,2,body_2,8.648712297334397,4.926411902220734,6.1028077160637626e-05,2.073810443128869e-05,0.8219621636470951,0.4116473773882783,0,7.224763803184685,3.277960994954013,-70.90141763908012,1.5112145395829884e-06,182.1678706150345,-3.5884446290790605e-15,2.0050792656005645,0-1,8,15.699999999999989,15700,,,,,0,0.8219621636470951,0.4117640405190429,7.224763803184685,3.277960994954013,3.892827890180909e-05,negative_baseline,20.0,0,0,0,0,0,0,0,0,0,0,-1,0,0,0,1,0,0,1,0,0
sim_0005_n3_seed47,47,0.001,3,272.4,2,body_2,8.648712297334397,4.926411902220734,6.436458255950286e-05,1.996924043386159e-05,0.7424818066486679,0.2953915774998039,1,7.33805453459037,6.12181771985917,-70.90136342571799,2.275843541526021e-06,182.1678706150347,-2.4963093071854337e-15,0.8424561175398206,0-1,8,16.099999999999966,16100,,,,,0,0.7424818066486679,0.29742527363172094,7.33805453459037,6.12181771985917,4.6355617128603156e-05,negative_hard,10.0,0,0,0,0,0,0,0,0,0,0,-1,0,0,0,1,0,0,1,0,0
sim_0005_n3_seed47,47,0.001,3,273.0,2,body_2,8.648712297334397,4.926411902220734,6.870461765510969e-05,1.898837377979806e-05,0.6348497910082798,0.24768950805186415,0,8.294868844906079,2.7129007569024974,-70.90150867710285,2.2720798252841866e-07,182.1678706150349,-1.4041739852918063e-15,3.243562711323941,0-1,8,16.69999999999999,16700,,,,,0,0.6348497910082798,0.24770887402935074,8.294868844906079,2.7129007569024974,0.00011226601701586418,negative_baseline,20.0,0,0,0,0,0,0,0,0,0,0,-1,0,0,0,0,0,0,1,0,0
sim_0005_n3_seed47,47,0.001,3,274.0,2,body_2,8.648712297334397,4.926411902220734,7.433782132560006e-05,1.9928692441765937e-05,0.5253261663819243,0.15496670015224062,0,8.956036495046632,2.2549453437260882,-70.90152085715164,5.5419733667073625e-08,182.16787061503507,-4.680579950972688e-16,5.0027254355730975,0-1,8,17.69999999999999,17700,,,,,0,0.5253261663819243,0.15498599625422022,8.956036495046632,2.2549453437260882,0.00017641411165370474,negative_baseline,20.0,0,0,0,0,0,0,0,0,0,0,-1,0,0,0,0,0,0,1,0,0
sim_0005_n3_seed47,47,0.001,3,275.0,2,body_2,8.648712297334397,4.926411902220734,7.943876748249673e-05,2.2395479340833056e-05,0.45573991360617744,0.10634174068182918,0,9.589654219708223,1.9552181986739239,-70.90152122478207,5.0234648640396646e-08,182.16787061503473,-2.3402899754863442e-15,5.260773408032214,0-1,8,18.69999999999999,18700,,,,,0,0.45573991360617744,0.1063534315003374,9.589654219708223,1.9552181986739239,0.00018752591182960354,negative_baseline,20.0,0,0,0,0,0,0,0,0,0,0,-1,0,0,0,0,0,0,1,0,0
sim_0005_n3_seed47,47,0.001,3,276.0,2,body_2,8.648712297334397,4.926411902220734,8.584600545309089e-05,2.4793535581853835e-05,0.41036250406186997,0.07753195074048226,0,10.146851595637804,1.6935934999493665,-70.90151889794804,8.305247650344417e-08,182.16787061503436,-4.368541287574509e-15,4.210707567722168,0-1,8,19.69999999999999,19700,,,,,0,0.41036250406186997,0.07753804062806594,10.146851595637804,1.6935934999493665,0.00014983740436375997,negative_hard,10.0,0,0,0,0,0,0,0,0,0,0,-1,0,0,0,0,0,0,1,0,0
sim_0005_n3_seed47,47,0.001,3,276.5,2,body_2,8.648712297334397,4.926411902220734,8.997213131411114e-05,2.570226169385755e-05,0.39299489656757064,0.06856724645864008,0,10.422940303661724,1.5730814456417903,-70.90150678505182,2.538936008857413e-07,182.1678706150341,-5.7727152728663156e-15,3.0573233700675555,0-1,8,20.19999999999999,20200,,,,,0,0.39299489656757064,0.0685640402305574,10.422940303661724,1.5730814456417903,0.00011004602127725052,negative_hard,10.0,0,0,0,0,0,0,0,0,0,0,-1,0,0,0,1,0,0,1,0,0
sim_0005_n3_seed47,47,0.001,3,277.0,2,body_2,8.648712297334397,4.926411902220734,9.481257774666451e-05,2.64320817315038e-05,0.3746428832064532,0.07093438435972355,0,10.834396137590552,1.8168462348321668,-70.9013113826853,3.0098620672560186e-06,182.16787061503385,-7.176889258158121e-15,1.2106951090021327,0-1,8,20.69999999999999,20700,,,,,0,0.3746428832064532,0.07090059092248369,10.834396137590552,1.8168462348321668,0.00011949357770703568,negative_hard,10.0,0,0,0,0,0,0,0,0,0,0,-1,0,0,0,1,0,0,1,0,0
sim_0005_n3_seed47,47,0.001,3,277.5,2,body_2,8.648712297334397,4.926411902220734,0.00010038148012238537,2.687095919170986e-05,0.3644675357218673,0.05550000345323231,1,9.82544255068447,3.5489087416070757,-70.90144597388503,1.1115784951563654e-06,182.16787061503365,-8.269024580051749e-15,2.0425727247282066,0-1,8,21.19999999999999,21200,,,,,0,0.3644675357218673,0.05551281603900669,9.82544255068447,3.5489087416070757,0.00010273335052712696,negative_hard,10.0,0,0,0,0,0,0,0,0,0,0,-1,0,0,0,1,0,0,1,0,0
sim_0005_n3_seed47,47,0.001,3,278.0,2,body_2,8.648712297334397,4.926411902220734,0.00010655693146729204,2.7174515650618736e-05,0.3494880405004896,0.060113009304017334,1,10.093221979770194,1.8968307125123618,-70.9015147401695,1.416940719617774e-07,182.16787061503382,-7.332908589857212e-15,3.576550344834349,0-1,8,21.69999999999999,21700,,,,,0,0.3494880405004896,0.06012797499457,10.093221979770194,1.8968307125123618,0.0001560020821693048,negative_baseline,20.0,0,0,0,0,0,0,0,0,0,0,-1,0,0,0,0,0,0,1,0,0
sim_0005_n3_seed47,47,0.001,3,279.0,2,body_2,8.648712297334397,4.926411902220734,0.00012012727982055106,2.8339214644483303e-05,0.32913500906613435,0.05361041109616135,1,11.12488992015086,1.3668114437712862,-70.90152102055579,5.311507022121306e-08,182.16787061503365,-8.269024580051749e-15,5.061797303318798,0-1,8,22.69999999999999,22700,,,,,0,0.32913500906613435,0.05361102801399262,11.12488992015086,1.3668114437712862,0.0002455519360407693,negative_baseline,20.0,0,0,0,0,0,0,0,0,0,0,-1,0,0,0,0,0,0,1,0,0
sim_0005_n3_seed47,47,0.001,3,280.0,2,body_2,8.648712297334397,4.926411902220734,0.00013503101415995373,3.107064645652741e-05,0.3266405787847057,0.05160306063838321,0,11.69155150091481,1.7808561421890852,-70.9015211206169,5.170380134863768e-08,182.16787061503334,-9.985237228741735e-15,5.13571516129408,0-1,8,23.69999999999999,23700,,,,,0,0.3266405787847057,0.0516000760280567,11.69155150091481,1.7808561421890852,0.00026312826676541423,negative_baseline,20.0,0,0,0,0,0,0,0,0,0,0,-1,0,0,0,0,0,0,1,0,0
sim_0005_n3_seed47,47,0.001,3,281.0,2,body_2,8.648712297334397,4.926411902220734,0.00015184742385780027,3.508978239792516e-05,0.3387824723337732,0.055697825043440466,0,11.428621932945186,1.6113198364886292,-70.90151684641668,1.1198741633532979e-07,182.16787061503328,-1.0297275892139914e-14,3.8340604835167875,0-1,8,24.69999999999999,24700,,,,,0,0.3387824723337732,0.05569535082282506,11.428621932945186,1.6113198364886292,0.00020527484078389273,negative_baseline,20.0,0,0,0,0,0,0,0,0,0,0,-1,0,0,0,0,0,0,1,0,0
sim_0005_n3_seed47,47,0.001,3,281.1,2,body_2,8.648712297334397,4.926411902220734,0.00015367521454299918,3.5550314428649814e-05,0.34076400493368475,0.056279815022608225,0,11.392130367945972,1.5832547615227643,-70.90151496487427,1.385248204694078e-07,182.16787061503334,-9.985237228741735e-15,3.6082143416885595,0-1,8,24.80000000000001,24800,,,,,0,0.34076400493368475,0.05627882999888597,11.392130367945972,1.5832547615227643,0.0001944759364569196,negative_hard,10.0,0,0,0,0,0,0,0,0,0,0,-1,0,0,0,0,0,0,1,0,0
sim_0005_n3_seed47,47,0.001,3,281.6,2,body_2,8.648712297334397,4.926411902220734,0.0001633191204389171,3.800487593888148e-05,0.35236557650728256,0.05687830714558078,0,11.193271851126033,1.2822651510277694,-70.9014485188609,1.075683979790208e-06,182.16787061503322,-1.0609314555538093e-14,2.0833228127018493,0-1,8,25.30000000000001,25300,,,,,0,0.35236557650728256,0.05692322660985608,11.193271851126033,1.2822651510277694,0.00013824827293239472,negative_hard,10.0,0,0,0,0,0,0,0,0,0,0,-1,0,0,0,1,0,0,1,0,0
sim_0005_n3_seed47,47,0.001,3,282.0,2,body_2,8.648712297334397,4.926411902220734,0.00017172700338790773,4.026277551176882e-05,0.35978709118809543,0.06463482387083856,0,11.228024926856728,1.515169407695437,-70.90408125229078,-3.6056570055717964e-05,182.16787061503317,-1.0921353218936272e-14,0.7925325616349067,0-1,8,25.69999999999999,25700,,,,,0,0.35978709118809543,0.06518918337288729,11.228024926856728,1.515169407695437,0.00025253283251383985,negative_baseline,20.0,0,0,0,0,0,0,0,0,0,0,-1,0,0,0,1,0,0,1,0,0
sim_0005_n3_seed47,47,0.001,3,282.1,2,body_2,8.648712297334397,4.926411902220734,0.00017394325480310323,4.0842615110814246e-05,0.3621655144580577,0.07224024492685052,1,10.64437929611825,7.176546348913174,-70.90128254775374,3.41655193242036e-06,182.16787061503328,-1.0297275892139914e-14,1.1722581176466926,0-1,8,25.80000000000001,25800,,,,,0,0.3621655144580577,0.07256307207297795,10.64437929611825,7.176546348913174,0.00020334634379912358,negative_hard,10.0,0,0,0,0,1,0,0,0,0,0,-1,0,0,0,1,0,0,1,0,0
sim_0005_n3_seed47,47,0.001,3,283.0,2,body_2,8.648712297334397,4.926411902220734,0.000196245505921208,4.633995062911803e-05,0.38920271221654873,0.06547068977581845,1,8.778301461137275,1.8961757609215062,-70.90151795121211,9.640530532180688e-08,182.1678706150333,-1.0141256560440824e-14,4.020658017169608,0-1,8,26.69999999999999,26700,,,,,0,0.38920271221654873,0.06545608915654313,8.778301461137275,1.8961757609215062,0.00022964670336193802,negative_baseline,20.0,0,0,0,0,0,0,0,0,0,0,-1,0,0,0,0,0,0,1,0,0
sim_0005_n3_seed47,47,0.001,3,284.0,2,body_2,8.648712297334397,4.926411902220734,0.00022661449588470283,5.272292373231508e-05,0.4220046077810953,0.08380532769101634,1,8.177350453566856,0.8763827504834546,-70.901521166014,5.106351749965078e-08,182.1678706150333,-1.0141256560440824e-14,5.228273742866222,0-1,8,27.69999999999999,27700,,,,,0,0.4220046077810953,0.08378104343350187,8.177350453566856,0.8763827504834546,0.0003312463130456615,negative_baseline,20.0,0,0,0,0,0,0,0,0,0,0,-1,0,0,0,0,0,0,1,0,0
sim_0005_n3_seed47,47,0.001,3,285.0,2,body_2,8.648712297334397,4.926411902220734,0.0002629682423311392,6.050164465689461e-05,0.4811365896427905,0.12728771362144425,1,7.593657419546616,1.5118389116791244,-70.90152100099937,5.33908953758147e-08,182.16787061503314,-1.1077372550635361e-14,5.108744806530846,0-1,8,28.69999999999999,28700,,,,,0,0.4811365896427905,0.12724534382228908,7.593657419546616,1.5118389116791244,0.00034714402448787995,negative_baseline,20.0,0,0,0,0,0,0,0,0,0,0,-1,0,0,0,0,0,0,1,0,0
sim_0005_n3_seed47,47,0.001,3,285.6,2,body_2,8.648712297334397,4.926411902220734,0.000287419966273491,6.681042045361988e-05,0.5358249342532613,0.16908551518811823,1,7.260925581180425,2.3034512537405227,-70.90151942604473,7.560416430846553e-08,182.16787061503308,-1.138941121403354e-14,4.393006828906033,0-1,8,29.30000000000001,29300,,,,,0,0.5358249342532613,0.1690408719603894,7.260925581180425,2.3034512537405227,0.00031458888335531596,negative_hard,10.0,0,0,0,0,0,0,0,0,0,0,-1,0,0,0,0,0,0,1,0,0
sim_0005_n3_seed47,47,0.001,3,286.0,2,body_2,8.648712297334397,4.926411902220734,0.0003046835796006771,7.229208267872356e-05,0.579567370442207,0.2034498283366536,1,7.171728060381765,3.100974078253635,-70.90151414527757,1.5008446880142963e-07,182.16787061503314,-1.1077372550635361e-14,3.5753018728408104,0-1,8,29.69999999999999,29700,,,,,0,0.579567370442207,0.2034199984916737,7.171728060381765,3.100974078253635,0.0002739964254263455,negative_baseline,20.0,0,0,0,0,0,0,0,0,0,0,-1,0,0,0,0,0,0,1,0,0
sim_0005_n3_seed47,47,0.001,3,286.1,2,body_2,8.648712297334397,4.926411902220734,0.00030910339462547084,7.388309311574768e-05,0.5909852950852668,0.21257801482573388,1,7.187747749577312,3.3734583572059753,-70.90151060381923,2.0003344171096704e-07,182.16787061503302,-1.170144987743172e-14,3.3159439009461518,0-1,8,29.80000000000001,29800,,,,,0,0.5909852950852668,0.21255254126519807,7.187747749577312,3.3734583572059753,0.0002616855870822921,negative_hard,10.0,0,0,0,0,0,0,0,0,0,0,-1,0,0,0,0,0,0,1,0,0
sim_0005_n3_seed47,47,0.001,3,286.6,2,body_2,8.648712297334397,4.926411902220734,0.00033167650848769584,8.342772311026234e-05,0.6496416908494023,0.26161768829330184,1,7.799080996300962,6.410248752876921,-70.90127484663151,3.525169091952536e-06,182.16787061503305,-1.1545430545732631e-14,1.523394570851215,0-1,8,30.30000000000001,30300,,,,,0,0.6496416908494023,0.26158353148388036,7.799080996300962,6.410248752876921,0.00021120775768608218,negative_hard,10.0,0,0,0,0,0,1,0,0,0,0,-1,0,0,0,1,0,0,1,0,0
sim_0005_n3_seed47,47,0.001,3,287.0,2,body_2,8.648712297334397,4.926411902220734,0.00034999947666208636,9.287497145102563e-05,0.7078299621818257,0.2583353082261935,0,7.938937206862277,2.1818167587836568,-70.90118348317179,4.813765634720164e-06,182.16787061503348,-9.205140570246286e-15,1.358005896402926,0-1,8,30.69999999999999,30700,,,,,0,0.7078299621818257,0.25841692647727144,7.938937206862277,2.1818167587836568,0.00022512591470603385,negative_baseline,20.0,0,0,0,0,0,0,0,0,0,0,-1,0,0,0,1,0,0,1,0,0
sim_0005_n3_seed47,47,0.001,3,287.1,2,body_2,8.648712297334397,4.926411902220734,0.0003545652467644915,9.557392100202648e-05,0.7195721334932673,0.2734561667152574,0,7.897342483026003,2.3665897164268657,-70.90138335604809,1.9947447900194616e-06,182.16787061503348,-9.205140570246286e-15,1.8178444742864368,0-1,8,30.80000000000001,30800,,,,,0,0.7195721334932673,0.27350929171396987,7.897342483026003,2.3665897164268657,0.00023483442005181254,negative_hard,10.0,0,0,0,0,0,0,0,0,0,0,-1,0,0,0,1,0,0,1,0,0
sim_0005_n3_seed47,47,0.001,3,288.0,2,body_2,8.648712297334397,4.926411902220734,0.0003938430069072689,0.00012454549721158356,0.8342389636440315,0.37741809109384455,1,6.647017840181777,3.9615373965136595,-70.90151957460425,7.350887055470244e-08,182.1678706150334,-9.673198565343556e-15,4.302050385431722,0-1,8,31.69999999999999,31700,,,,,0,0.8342389636440315,0.37739512349703064,6.647017840181777,3.9615373965136595,0.0004255719342343552,negative_baseline,20.0,0,0,0,0,0,0,0,0,0,0,-1,0,0,0,0,0,0,1,0,0
sim_0005_n3_seed47,47,0.001,3,289.0,2,body_2,8.648712297334397,4.926411902220734,0.00042414394207401627,0.00016621020175126844,0.9706505339848137,0.4992267975265548,1,6.044000228640307,3.3215972113433896,-70.90152177622554,4.2457051966736054e-08,182.16787061503337,-9.829217897042645e-15,5.118721353734516,0-1,8,32.69999999999999,32700,,,,,0,0.9706505339848137,0.4992438933368039,6.044000228640307,3.3215972113433896,0.0005345395249506086,negative_baseline,20.0,0,0,0,0,0,0,0,0,0,0,-1,0,0,0,0,0,1,1,0,0
sim_0005_n3_seed47,47,0.001,3,290.0,2,body_2,8.648712297334397,4.926411902220734,0.000426849612935552,0.00020602352137225665,1.0968639839097682,0.5992695417900619,1,5.854943078658774,2.9110530819594755,-70.9015206197598,5.876792463423891e-08,182.16787061503345,-9.361159901945377e-15,4.4231213846715045,0-1,8,33.69999999999999,33700,,,,,0,1.0968639839097682,0.599386029289765,5.854943078658774,2.9110530819594755,0.0005237230346976502,negative_baseline,20.0,0,0,0,0,0,0,0,0,0,0,-1,0,0,0,0,0,0,1,0,0
sim_0005_n3_seed47,47,0.001,3,290.15000000000003,2,body_2,8.648712297334397,4.926411902220734,0.000425103653992695,0.00021062103042076676,1.1118068538063477,0.6082934119399578,1,5.825839999382611,2.8420120784295384,-70.90151975744482,7.093007459298716e-08,182.16787061503354,-8.893101906848107e-15,4.178804613770505,0-1,8,33.85000000000002,33850,,,,,0,1.1118068538063477,0.6084319167827127,5.825839999382611,2.8420120784295384,0.0005091178734467556,negative_hard,10.0,0,0,0,0,0,0,0,0,0,0,-1,0,0,0,0,0,0,1,0,0
sim_0005_n3_seed47,47,0.001,3,290.65000000000003,2,body_2,8.648712297334397,4.926411902220734,0.0004178801029481065,0.00022196404412298476,1.1495991402561578,0.6114323442286872,1,5.673492000111068,2.6360954752315773,-70.90150765689428,2.4159707465185106e-07,182.16787061503354,-8.893101906848107e-15,3.0322423691002474,0-1,8,34.35000000000002,34350,,,,,0,1.1495991402561578,0.6117697037125718,5.673492000111068,2.6360954752315773,0.00042808286301085813,negative_hard,10.0,0,0,0,0,0,0,0,0,0,0,-1,0,0,0,0,0,0,1,0,0
sim_0005_n3_seed47,47,0.001,3,291.0,2,body_2,8.648712297334397,4.926411902220734,0.00041363878612027264,0.00022630129449406375,1.1610676085973801,0.5449817532276923,1,5.553919903418714,2.902126846552415,-70.90142782207613,1.36759286095244e-06,182.1678706150335,-9.049121238547196e-15,1.8370796985481865,0-1,8,34.69999999999999,34700,,,,,0,1.1610676085973801,0.5458551030866754,5.553919903418714,2.902126846552415,0.0003756512164914809,negative_baseline,20.0,0,0,0,0,0,0,0,0,0,0,-1,0,0,0,0,0,0,1,0,0
sim_0005_n3_seed47,47,0.001,3,291.15000000000003,2,body_2,8.648712297334397,4.926411902220734,0.00041252981055791156,0.00022798289583461593,1.154318517244057,0.498434538206038,1,5.616166886401216,3.8211526599338854,-70.90143160155273,1.3142868620827279e-06,182.16787061503342,-9.517179233644466e-15,1.2235329589619959,0-1,8,34.85000000000002,34850,,,,,0,1.154318517244057,0.49651881908814116,5.616166886401216,3.8211526599338854,0.0004490238566374821,negative_hard,10.0,0,0,0,0,0,0,0,0,0,0,-1,0,0,0,1,0,0,1,0,0
sim_0005_n3_seed47,47,0.001,3,291.65000000000003,2,body_2,8.648712297334397,4.926411902220734,0.0004149564288972267,0.0002337450513311316,1.0857230959646493,0.5542086172617127,0,6.282082061623671,3.0564571896221393,-70.90145274785647,1.0160379344175814e-06,182.1678706150336,-8.581063243449928e-15,2.0357614552206105,0-1,8,35.35000000000002,35350,,,,,0,1.0857230959646493,0.5542382152481092,6.282082061623671,3.0564571896221393,0.0005034580477386853,negative_hard,10.0,0,0,0,0,0,0,0,0,0,0,-1,0,0,0,0,0,0,1,0,0
sim_0005_n3_seed47,47,0.001,3,292.0,2,body_2,8.648712297334397,4.926411902220734,0.00042477932076733096,0.00023545606503603883,1.0443500453740542,0.4907999417344379,0,6.322224871251319,2.7978886304095743,-70.9015099316112,2.0951431018995245e-07,182.16787061503356,-8.737082575149017e-15,3.1868250436919725,0-1,8,35.69999999999999,35700,,,,,0,1.0443500453740542,0.4909034261000025,6.322224871251319,2.7978886304095743,0.00038459500668543904,negative_baseline,20.0,0,0,0,0,0,0,0,0,0,0,-1,0,0,0,0,0,0,1,0,0
sim_0005_n3_seed47,47,0.001,3,293.0,2,body_2,8.648712297334397,4.926411902220734,0.0004883862988113699,0.00024791280192637674,0.9221336469454273,0.37042504461944475,0,6.636241741050246,2.5463366096719233,-70.90152109185135,5.210951272589952e-08,182.16787061503382,-7.332908589857212e-15,5.091507716791396,0-1,8,36.69999999999999,36700,,,,,0,0.9221336469454273,0.3704796042717234,6.636241741050246,2.5463366096719233,0.0003944423097489825,negative_baseline,20.0,0,0,0,0,0,0,0,0,0,0,-1,0,0,0,0,0,0,1,0,0
sim_0005_n3_seed47,47,0.001,3,294.0,2,body_2,8.648712297334397,4.926411902220734,0.0006020746848005581,0.00028230718034041863,0.828655727334722,0.2910214585589214,0,6.977128139231984,2.3864546206196042,-70.90152163614677,4.443273258238291e-08,182.16787061503422,-5.148637946069957e-15,5.74593210195074,0-1,8,37.69999999999999,37700,,,,,0,0.828655727334722,0.29105140226167703,6.977128139231984,2.3864546206196042,0.000516505098860672,negative_baseline,20.0,0,0,0,0,0,0,0,0,0,0,-1,0,0,0,0,0,0,1,0,0
sim_0005_n3_seed47,47,0.001,3,295.0,2,body_2,8.648712297334397,4.926411902220734,0.0007694381065717642,0.0003424452787775291,0.7655865350297465,0.24056056097872125,0,7.268281052071754,2.2615607133262285,-70.90152146192933,4.688990728903637e-08,182.16787061503427,-4.836599282671778e-15,5.457448353052065,0-1,8,38.69999999999999,38700,,,,,0,0.7655865350297465,0.24058030532835264,7.268281052071754,2.2615607133262285,0.0006168692355997957,negative_baseline,20.0,0,0,0,0,0,0,0,0,0,0,-1,0,0,0,0,0,0,1,0,0
sim_0005_n3_seed47,47,0.001,3,296.0,2,body_2,8.648712297334397,4.926411902220734,0.0010011019739966434,0.0004267241142322558,0.7225598433099689,0.2071415861616497,0,7.5310458025277915,2.144636511849316,-70.90151956495937,7.364490258931019e-08,182.1678706150342,-5.304657277769046e-15,4.2009508157215745,0-1,8,39.69999999999999,39700,,,,,0,0.7225598433099689,0.20716079959464054,7.5310458025277915,2.144636511849316,0.0007564959206260686,negative_baseline,20.0,0,0,0,0,0,0,0,0,0,0,-1,0,0,0,0,0,0,1,0,0
sim_0005_n3_seed47,47,0.001,3,296.2,2,body_2,8.648712297334397,4.926411902220734,0.0010562822959736687,0.0004466540757038875,0.7147631411061063,0.20161110770310114,0,7.591146498040356,2.1182433917073813,-70.90151811823631,9.404958451548274e-08,182.1678706150339,-6.864850594759943e-15,3.80923849806956,0-1,8,39.89999999999998,39900,,,,,0,0.7147631411061063,0.2016296346246785,7.591146498040356,2.1182433917073813,0.0008183910240147698,negative_hard,10.0,0,0,0,0,0,0,0,0,0,0,-1,0,0,0,0,0,0,1,0,0
sim_0005_n3_seed47,47,0.001,3,296.7,2,body_2,8.648712297334397,4.926411902220734,0.0012087827802415919,0.0005021860154989342,0.6929440495997868,0.1915663351426137,0,7.794260326699721,2.059710301661168,-70.90150510163383,2.776366444484944e-07,182.16787061503376,-7.644947253255391e-15,2.568020987550583,0-1,8,40.39999999999998,40400,,,,,0,0.6929440495997868,0.19154443136710822,7.794260326699721,2.059710301661168,0.001164011508352181,negative_hard,10.0,0,0,0,0,0,0,0,0,0,0,-1,0,0,0,0,0,0,1,0,0
sim_0005_n3_seed47,47,0.001,3,297.0,2,body_2,8.648712297334397,4.926411902220734,0.0013113592030927408,0.0005398316323412544,0.6773191236270217,0.1980959977692779,0,8.00537782377851,2.154054111956711,-70.90152948973369,-6.633479950911323e-08,182.16787061503368,-8.11300524835266e-15,1.6646362149492733,0-1,8,40.69999999999999,40700,,,,,0,0.6773191236270217,0.19794569696991737,8.00537782377851,2.154054111956711,0.0017251685795436076,negative_baseline,20.0,0,0,0,0,0,0,0,0,0,0,-1,0,0,0,1,0,0,1,0,0
sim_0005_n3_seed47,47,0.001,3,297.2,2,body_2,8.648712297334397,4.926411902220734,0.0013849764615438847,0.0005632671606255631,0.672697540023868,0.2193158568441279,1,8.174050663559454,7.1392091311971235,-70.9020364832125,-7.21700582294519e-06,182.16787061503385,-7.176889258158121e-15,1.2258956782599666,0-1,8,40.89999999999998,40900,,,,,0,0.672697540023868,0.21980541735454284,8.174050663559454,7.1392091311971235,0.002331530069533537,negative_hard,10.0,0,0,0,0,1,0,0,0,0,0,-1,0,0,0,1,0,0,1,0,0
sim_0005_n3_seed47,47,0.001,3,297.7,2,body_2,8.648712297334397,4.926411902220734,0.0015834677288867145,0.0006108582266807736,0.6964641182719686,0.18223040662851248,1,6.691598517303291,3.451048368256624,-70.90150014606326,3.4753035391752695e-07,182.16787061503376,-7.644947253255391e-15,2.2947680507551467,0-1,8,41.39999999999998,41400,,,,,0,0.6964641182719686,0.18218563603233584,6.691598517303291,3.451048368256624,0.0019749803944266757,negative_hard,10.0,0,0,0,0,0,0,0,0,0,0,-1,0,0,0,0,0,0,1,0,0
sim_0005_n3_seed47,47,0.001,3,298.0,2,body_2,8.648712297334397,4.926411902220734,0.001711549368924432,0.0006603460308811364,0.6879772730661452,0.19292034178488784,1,6.849345466270427,2.3258098255147064,-70.90151320721183,1.6331501273810043e-07,182.16787061503334,-9.985237228741735e-15,3.129325841258628,0-1,8,41.69999999999999,41700,,,,,0,0.6879772730661452,0.19293842177343887,6.849345466270427,2.3258098255147064,0.0016948991079916605,negative_baseline,20.0,0,0,0,0,0,0,0,0,0,0,-1,0,0,0,0,0,0,1,0,0
sim_0005_n3_seed47,47,0.001,3,299.0,2,body_2,8.648712297334397,4.926411902220734,0.002212090731444909,0.0008304517960310412,0.6784813000409172,0.21958527664393,1,7.624288773929351,1.1758631883608506,-70.9015210829099,5.2235623632581365e-08,182.16787061503368,-8.11300524835266e-15,4.86169513220161,0-1,8,42.69999999999999,42700,,,,,0,0.6784813000409172,0.21957994669366035,7.624288773929351,1.1758631883608506,0.0014667284127852583,negative_baseline,20.0,0,0,0,0,0,0,0,0,0,0,-1,0,0,0,0,0,0,1,0,0
sim_0005_n3_seed47,47,0.001,3,300.0,2,body_2,8.648712297334397,4.926411902220734,0.002818590451507664,0.0009915326303437714,0.7107678768488825,0.23919161817305626,1,7.601739253255456,1.9034768142776486,-70.90152157522452,4.529198415682124e-08,182.16787061503382,-7.332908589857212e-15,5.295227687288915,0-1,8,43.69999999999999,43700,,,,,0,0.7107678768488825,0.2391770546334571,7.601739253255456,1.9034768142776486,0.001697380996513821,negative_baseline,20.0,0,0,0,0,0,0,0,0,0,0,-1,0,0,0,0,0,0,1,0,0
sim_0005_n3_seed47,47,0.001,3,301.0,2,body_2,8.648712297334397,4.926411902220734,0.0034893867903877476,0.0011528538160246397,0.7768317594117501,0.2826295912684067,1,6.946541948237762,3.2181683984179896,-70.90152061445724,5.884271220868488e-08,182.16787061503354,-8.893101906848107e-15,4.551041682557943,0-1,8,44.69999999999999,44700,,,,,0,0.7768317594117501,0.28255973175566995,6.946541948237762,3.2181683984179896,0.002107938856484622,negative_baseline,20.0,0,0,0,0,0,0,0,0,0,0,-1,0,0,0,0,0,0,1,0,0
sim_0005_n3_seed47,47,0.001,3,301.65000000000003,2,body_2,8.648712297334397,4.926411902220734,0.003934615551333004,0.0012657287602149817,0.8399238985539068,0.35291865166789294,1,6.628755321270553,4.622045322558851,-70.90151446328323,1.455992950075946e-07,182.16787061503354,-8.893101906848107e-15,3.322413830132926,0-1,8,45.35000000000002,45350,,,,,0,0.8399238985539068,0.3529097638874359,6.628755321270553,4.622045322558851,0.00246952438070513,negative_hard,10.0,0,0,0,0,0,0,0,0,0,0,-1,0,0,0,0,0,0,1,0,0
sim_0005_n3_seed47,47,0.001,3,302.0,2,body_2,8.648712297334397,4.926411902220734,0.004167962550825492,0.0013211975536643972,0.8726575495299858,0.39047348933593984,1,6.799969373587652,6.031212451000975,-70.90149341077104,4.4252538029485445e-07,182.16787061503373,-7.80096658495448e-15,2.3367870497307703,0-1,8,45.69999999999999,45700,,,,,0,0.8726575495299858,0.39068292996352016,6.799969373587652,6.031212451000975,0.0027624775651166307,negative_baseline,20.0,0,0,0,0,0,0,0,0,0,0,-1,0,0,0,0,0,0,1,0,0
sim_0005_n3_seed47,47,0.001,3,302.15000000000003,2,body_2,8.648712297334397,4.926411902220734,0.0042640742330064966,0.0013393803133745544,0.8857077534039229,0.3932859675021367,1,7.021091754066168,7.034653761485347,-70.90147717033804,6.715815683996969e-07,182.16787061503365,-8.269024580051749e-15,1.8398513877713054,0-1,8,45.85000000000002,45850,,,,,0,0.8857077534039229,0.39370406451827056,7.021091754066168,7.034653761485347,0.0029540088953809067,negative_hard,10.0,0,0,0,0,0,0,0,0,0,0,-1,0,0,0,1,0,0,1,0,0
sim_0005_n3_seed47,47,0.001,3,302.65000000000003,2,body_2,8.648712297334397,4.926411902220734,0.004549477221783894,0.0013876239180810543,0.922049040150387,0.35434003349016285,0,6.888968890402357,2.3311924222134564,-70.90154019568044,-2.1733221150844664e-07,182.16787061503388,-7.020869926459032e-15,1.4505212151484872,0-1,8,46.35000000000002,46350,,,,,0,0.922049040150387,0.3546732559809199,6.888968890402357,2.3311924222134564,0.003299334365163749,negative_hard,10.0,0,0,0,0,0,0,0,0,0,0,-1,0,0,0,1,0,0,1,0,0
sim_0005_n3_seed47,47,0.001,3,303.0,2,body_2,8.648712297334397,4.926411902220734,0.004708995106850507,0.0014434388081701556,0.9149314473798872,0.385200354647446,0,6.94380884305186,2.7668923462482993,-70.90150154540271,3.277939736716208e-07,182.16787061503388,-7.020869926459032e-15,2.5990643151269124,0-1,8,46.69999999999999,46700,,,,,0,0.9149314473798872,0.38529441738349984,6.94380884305186,2.7668923462482993,0.003028041766303676,negative_baseline,20.0,0,0,0,0,0,0,0,0,0,0,-1,0,0,0,0,0,0,1,0,0
sim_0005_n3_seed47,47,0.001,3,304.0,2,body_2,8.648712297334397,4.926411902220734,0.004990698667520591,0.0015148258105679773,0.8806302577687387,0.38675610836173224,1,6.770193694944623,3.3572532860224054,-70.90152100401642,5.334834269827708e-08,182.16787061503376,-7.644947253255391e-15,4.646014919501628,0-1,8,47.69999999999999,47700,,,,,0,0.8806302577687387,0.3867957699497379,6.770193694944623,3.3572532860224054,0.0029755064089425857,negative_baseline,20.0,0,0,0,0,0,0,0,0,0,0,-1,0,0,0,0,0,0,1,0,0
sim_0005_n3_seed47,47,0.001,3,305.0,2,body_2,8.648712297334397,4.926411902220734,0.005009138590162459,0.0014198254020463556,0.8504248462718733,0.37036595231343394,1,6.414117595683737,2.866838698261584,-70.90152175663536,4.2733353144667946e-08,182.16787061503388,-7.020869926459032e-15,5.218389116744866,0-1,8,48.69999999999999,48700,,,,,0,0.8504248462718733,0.37040829100717165,6.414117595683737,2.866838698261584,0.0029668694184328856,negative_baseline,20.0,0,0,0,0,0,0,0,0,0,0,-1,0,0,0,0,0,1,1,0,0
sim_0005_n3_seed47,47,0.001,3,306.0,2,body_2,8.648712297334397,4.926411902220734,0.004787703368047325,0.0011473281230385626,0.839670826074389,0.3366870130933133,1,6.1216721400651135,2.5909447120684295,-70.90152097350358,5.377869785345362e-08,182.16787061503373,-7.80096658495448e-15,4.567015583405241,0-1,8,49.69999999999999,49700,,,,,0,0.839670826074389,0.33674207644147014,6.1216721400651135,2.5909447120684295,0.0028580450486275838,negative_baseline,20.0,0,0,0,0,0,0,0,0,0,0,-1,0,0,0,0,0,0,1,0,0
sim_0005_n3_seed47,47,0.001,3,306.45,2,body_2,8.648712297334397,4.926411902220734,0.004627682227646698,0.0009631735796086049,0.8434808163421971,0.31036036728529987,1,6.008552744739841,2.5051615548324575,-70.9015192150635,7.857985810053693e-08,182.16787061503365,-8.269024580051749e-15,3.8588776309057065,0-1,8,50.14999999999998,50150,,,,,0,0.8434808163421971,0.310461914164643,6.008552744739841,2.5051615548324575,0.0027880233956728904,negative_hard,10.0,0,0,0,0,0,0,0,0,0,0,-1,0,0,0,0,0,0,1,0,0
sim_0005_n3_seed47,47,0.001,3,306.95,2,body_2,8.648712297334397,4.926411902220734,0.004418173270925046,0.0007317402208931018,0.8467836671470246,0.2554652805238606,1,6.007827373315736,2.578124305930019,-70.90151211653739,1.7869796040058816e-07,182.16787061503362,-8.425043911750838e-15,2.7356740602285186,0-1,8,50.64999999999998,50650,,,,,0,0.8467836671470246,0.25560769156165636,6.007827373315736,2.578124305930019,0.0027010786353513757,negative_hard,10.0,0,0,0,0,0,0,0,0,0,0,-1,0,0,0,0,0,0,1,0,0
sim_0005_n3_seed47,47,0.001,3,307.0,2,body_2,8.648712297334397,4.926411902220734,0.00439559018823734,0.0007096993005400926,0.8461351980967461,0.2485127878760896,1,6.028443197987225,2.6170814963372124,-70.90151107781128,1.9334822517943992e-07,182.16787061503348,-9.205140570246286e-15,2.6044537876053226,0-1,8,50.69999999999999,50700,,,,,0,0.8461351980967461,0.24862349249961685,6.028443197987225,2.6170814963372124,0.002690658478293571,negative_baseline,20.0,0,0,0,0,0,0,0,0,0,0,-1,0,0,0,0,0,0,1,0,0
sim_0005_n3_seed47,47,0.001,3,307.45,2,body_2,8.648712297334397,4.926411902220734,0.00417939520132878,0.0005643759461047152,0.819973327951896,0.2664823352884562,1,6.744266297936407,3.998891593422303,-70.90171480821544,-2.680079458920811e-06,182.16787061503322,-1.0609314555538093e-14,1.4731517253788913,0-1,8,51.14999999999998,51150,,,,,0,0.819973327951896,0.2662873934467705,6.744266297936407,3.998891593422303,0.0026019366333208155,negative_hard,10.0,0,0,0,0,0,1,0,0,0,0,-1,0,0,0,1,0,0,1,0,0
sim_0005_n3_seed47,47,0.001,3,307.95,2,body_2,8.648712297334397,4.926411902220734,0.0039261576251404294,0.0005385669959352227,0.8022270243694785,0.29500939967531364,0,7.346192835575905,2.7037223570161397,-70.90151503074135,1.3759582656653152e-07,182.16787061503328,-1.0297275892139914e-14,2.0771180893911607,0-1,8,51.64999999999998,51650,,,,,0,0.8022270243694785,0.2950540218098763,7.346192835575905,2.7037223570161397,0.003143381831100881,negative_hard,10.0,0,0,0,0,0,0,0,0,0,0,-1,0,0,0,1,0,0,1,0,0
sim_0005_n3_seed47,47,0.001,3,308.0,2,body_2,8.648712297334397,4.926411902220734,0.0039019912935712234,0.0005424455738694521,0.8021026157847413,0.2908451484737927,0,7.3301799695907075,2.6338045904232987,-70.90151129494302,1.9028578410255793e-07,182.16787061503328,-1.0297275892139914e-14,2.2135045102795345,0-1,8,51.69999999999999,51700,,,,,0,0.8021026157847413,0.2908683120550218,7.3301799695907075,2.6338045904232987,0.003179935335037761,negative_baseline,20.0,0,0,0,0,0,0,0,0,0,0,-1,0,0,0,0,0,0,1,0,0
sim_0005_n3_seed47,47,0.001,3,309.0,2,body_2,8.648712297334397,4.926411902220734,0.003653538121668937,0.0008341194920767298,0.8000727940874938,0.2540722467683508,0,7.186120358724668,2.195113388894313,-70.90152045587197,6.107940974496054e-08,182.167870615033,-1.185746920913081e-14,4.396867987469197,0-1,8,52.69999999999999,52700,,,,,0,0.8000727940874938,0.25405908815507433,7.186120358724668,2.195113388894313,0.0033841206016392337,negative_baseline,20.0,0,0,0,0,0,0,0,0,0,0,-1,0,0,0,0,0,0,1,0,0
sim_0005_n3_seed47,47,0.001,3,310.0,2,body_2,8.648712297334397,4.926411902220734,0.004301910056496391,0.0014338792058550213,0.8300826209022512,0.27193205556749356,0,6.9950988917618755,2.2170469507016057,-70.90152159808889,4.4969503504652425e-08,182.16787061503308,-1.138941121403354e-14,5.444285172331415,0-1,8,53.69999999999999,53700,,,,,0,0.8300826209022512,0.2718922997527848,6.9950988917618755,2.2170469507016057,0.00353557545622014,negative_baseline,20.0,0,0,0,0,0,0,0,0,0,0,-1,0,0,0,0,0,0,1,0,0
sim_0005_n3_seed47,47,0.001,3,311.0,2,body_2,8.648712297334397,4.926411902220734,0.006072600686347642,0.0023504427384541493,0.9143325972306318,0.34183160301268073,0,6.635278451418119,2.3749513619354325,-70.90152176141783,4.2665900939417965e-08,182.16787061503334,-9.985237228741735e-15,5.616025843033198,0-1,8,54.69999999999999,54700,,,,,0,0.9143325972306318,0.34176760133117307,6.635278451418119,2.3749513619354325,0.0042414705212992015,negative_baseline,20.0,0,0,0,0,0,0,0,0,0,0,-1,0,0,0,0,0,0,1,0,0
sim_0005_n3_seed47,47,0.001,3,311.55,2,body_2,8.648712297334397,4.926411902220734,0.007479866585513247,0.0030711468468527887,0.9872768030239031,0.4049420429975226,0,6.378515485164012,2.4955713951785494,-70.90152175788035,4.2715793796492596e-08,182.16787061503354,-8.893101906848107e-15,5.380591311075026,0-1,8,55.25,55250,,,,,0,0.9872768030239031,0.40487579277628283,6.378515485164012,2.4955713951785494,0.005006630544606601,negative_hard,8.0,0,0,0,0,0,0,0,0,0,0,-1,0,0,0,0,0,0,1,0,0
sim_0005_n3_seed47,47,0.001,3,311.95,2,body_2,8.648712297334397,4.926411902220734,0.00869077578878202,0.00373996152432296,1.0517399992262333,0.4609533341376402,0,6.17953540434235,2.5886937467186018,-70.90152170510531,4.346013654590282e-08,182.16787061503362,-8.425043911750838e-15,5.066772727854115,0-1,8,55.64999999999998,55650,,,,,0,1.0517399992262333,0.46090094594470254,6.17953540434235,2.5886937467186018,0.005774840951251915,negative_hard,8.0,0,0,0,0,0,0,0,0,0,0,-1,0,0,0,0,0,0,1,0,0
sim_0005_n3_seed47,47,0.001,3,312.0,2,body_2,8.648712297334397,4.926411902220734,0.00885355596528025,0.003834032088830693,1.0603736316940424,0.46841191605998034,0,6.154600962195876,2.6002056912166602,-70.90152169342782,4.362483660955148e-08,182.1678706150335,-9.049121238547196e-15,5.019071009878164,0-1,8,55.69999999999999,55700,,,,,0,1.0603736316940424,0.4683627253858634,6.154600962195876,2.6002056912166602,0.005885496378046119,negative_baseline,20.0,0,0,0,0,0,0,0,0,0,0,-1,0,0,0,0,0,0,1,0,0
sim_0005_n3_seed47,47,0.001,3,312.35,2,body_2,8.648712297334397,4.926411902220734,0.010067321886146115,0.00456859108732562,1.1233319739927345,0.5220053575063011,0,5.984026840994976,2.6768167370007205,-70.90152155682806,4.555144914117801e-08,182.16787061503348,-9.205140570246286e-15,4.631755026852341,0-1,8,56.05000000000001,56050,,,,,0,1.1233319739927345,0.521990727956748,5.984026840994976,2.6768167370007205,0.006769455668449718,negative_hard,8.0,0,0,0,0,0,0,0,0,0,0,-1,0,0,0,0,0,0,1,0,0
sim_0005_n3_seed47,47,0.001,3,312.75,2,body_2,8.648712297334397,4.926411902220734,0.011624234634398411,0.005596915660992093,1.196858777310585,0.5812110442592949,0,5.8094320233599825,2.746497416707298,-70.90152119468173,5.065918588853861e-08,182.16787061503345,-9.361159901945377e-15,4.072607648676817,0-1,8,56.44999999999999,56450,,,,,0,1.196858777310585,0.5812643489726204,5.8094320233599825,2.746497416707298,0.008086910063614844,negative_hard,8.0,0,0,0,0,0,0,0,0,0,0,-1,0,0,0,0,0,0,1,0,0
sim_0005_n3_seed47,47,0.001,3,313.0,2,body_2,8.648712297334397,4.926411902220734,0.01269906029820318,0.006360530823230347,1.2399939871088952,0.6129544427089562,0,5.721181715110508,2.7723734672090083,-70.90152080342423,5.617750869249366e-08,182.16787061503348,-9.205140570246286e-15,3.6591698938486306,0-1,8,56.69999999999999,56700,,,,,0,1.2399939871088952,0.6130559412334735,5.721181715110508,2.7723734672090083,0.009166668816019399,negative_baseline,20.0,0,0,0,0,0,0,0,0,0,0,-1,0,0,0,0,0,0,1,0,0
sim_0005_n3_seed47,47,0.001,3,313.1,2,body_2,8.648712297334397,4.926411902220734,0.013153104235204854,0.006695134326215988,1.255885537715933,0.6239711820456325,0,5.692334596295863,2.7774920580121507,-70.9015206363705,5.8533645994177905e-08,182.16787061503362,-8.425043911750838e-15,3.480336953132893,0-1,8,56.80000000000001,56800,,,,,0,1.255885537715933,0.6240863795014987,5.692334596295863,2.7774920580121507,0.009680759034289813,negative_pre_failure,1.0,0,0,0,0,0,0,0,0,0,0,-1,0,0,0,0,0,0,1,0,0
sim_0005_n3_seed47,47,0.001,3,313.15000000000003,2,body_2,8.648712297334397,4.926411902220734,0.0133856156539813,0.006869027499283477,1.263447544404802,0.629121109037046,0,5.679553017646889,2.7788048571507957,-70.9015205666305,5.9517263924954305e-08,182.1678706150336,-8.581063243449928e-15,3.388183005628741,0-1,8,56.85000000000002,56850,,,,,0,1.263447544404802,0.6292400890592776,5.679553017646889,2.7788048571507957,0.009960323489663688,negative_pre_failure,1.0,0,0,0,0,0,0,0,0,0,0,-1,0,0,0,0,0,0,1,0,0
sim_0005_n3_seed47,47,0.001,3,313.2,2,body_2,8.648712297334397,4.926411902220734,0.013621911237666099,0.007047418113711773,1.2707249546052428,0.5926446981708223,0,5.667959506306096,2.779271795021713,-70.90152051864952,6.019399091751982e-08,182.1678706150336,-8.581063243449928e-15,3.29429517887635,0-1,9,0.0,0,0.010257055789038048,56.89999999999998,0.013621911237666099,0.007047418113711773,1,1.2707249546052428,0.6341814304638695,5.667959506306096,2.779271795021713,0.010257055789038048,correction,1.0,0,0,0,0,0,0,0,0,0,0,-1,0,0,0,0,0,0,1,0,0
sim_0005_n3_seed47,47,0.001,3,313.6,2,body_2,8.648712297334397,4.926411902220734,4.219335361028318e-08,1.596927676990071e-08,1.312184951725139,0.6733534998062752,0,5.63945581456768,2.761038815164437,-70.90152991633178,-7.235156844669629e-08,182.16787061503499,-9.361159901945377e-16,2.487282391938635,0-1,9,0.4000000000000341,400,,,,,0,1.312184951725139,0.6731607456367876,5.63945581456768,2.761038815164437,2.953580340115418e-07,negative_hard,10.0,0,0,0,0,0,0,0,0,0,0,-1,0,0,0,0,0,0,1,0,0
sim_0005_n3_seed47,47,0.001,3,314.0,2,body_2,8.648712297334397,4.926411902220734,8.532644975377604e-08,3.73782929271336e-08,1.3539053003249257,0.8466753170017784,0,5.707691776629829,2.9283066772787696,-70.90160900316457,-1.1877977174846394e-06,182.16787061503484,-1.7162126486899857e-15,1.8242256915973754,0-1,9,0.8000000000000114,800,,,,,0,1.3539053003249257,0.8454991005604579,5.707691776629829,2.9283066772787696,1.0258403765716855e-06,negative_baseline,20.0,0,0,0,0,0,0,0,0,0,0,-1,0,0,0,0,0,0,1,0,0
sim_0005_n3_seed47,47,0.001,3,314.1,2,body_2,8.648712297334397,4.926411902220734,9.754721285701812e-08,4.698465238643513e-08,1.3741214415464245,0.9340356846062041,1,5.702868370917414,7.219532736573887,-70.90163523136508,-1.5577220680538875e-06,182.16787061503487,-1.560193316990896e-15,1.7590946402092322,0-1,9,0.9000000000000341,900,,,,,0,1.3741214415464245,0.9336264313197888,5.702868370917414,7.219532736573887,1.3382427094061908e-06,negative_hard,10.0,0,0,0,0,1,0,0,0,0,0,-1,0,0,0,0,0,0,1,0,0
sim_0005_n3_seed47,47,0.001,3,314.6,2,body_2,8.648712297334397,4.926411902220734,1.7615588200793617e-07,1.9221123371537332e-07,1.518427920802924,1.0078539415018992,1,4.374631716330606,4.663438642782665,-70.90153803934761,-1.8691914447542096e-07,182.1678706150349,-1.4041739852918063e-15,2.30269815292062,0-1,9,1.400000000000034,1400,,,,,0,1.518427920802924,1.0090381485646056,4.374631716330606,4.663438642782665,3.809220764852175e-06,negative_hard,10.0,0,0,0,0,0,0,0,0,0,0,-1,0,0,0,0,0,0,1,0,0
sim_0005_n3_seed47,47,0.001,3,315.0,2,body_2,8.648712297334397,4.926411902220734,2.430569757986343e-07,4.077422663320748e-07,1.5144896864706823,0.9078433395523331,1,4.364590467829622,2.9130731684058535,-70.9015257126741,-1.3062890323634963e-08,182.167870615035,-7.80096658495448e-16,3.097648306509411,0-1,9,1.8000000000000114,1800,,,,,0,1.5144896864706823,0.907931911124023,4.364590467829622,2.9130731684058535,5.882753941820529e-06,negative_baseline,20.0,0,0,0,0,0,0,0,0,0,0,-1,0,0,0,0,0,0,1,0,0
sim_0005_n3_seed47,47,0.001,3,316.0,2,body_2,8.648712297334397,4.926411902220734,7.093051249127088e-07,9.73384054798404e-07,1.3657871444841942,0.8280806855965315,1,4.424556780504624,1.542225934833032,-70.901526713123,-2.717329073007867e-08,182.16787061503527,6.240773267963584e-16,4.424556780504624,1-2,9,2.8000000000000114,2800,,,,,0,1.3657871444841942,0.8283505699319381,4.424556780504624,1.542225934833032,8.767717474005906e-06,negative_baseline,20.0,0,0,0,0,0,0,0,0,0,0,-1,0,1,1,0,0,1,1,0,0
sim_0005_n3_seed47,47,0.001,3,317.0,2,body_2,8.648712297334397,4.926411902220734,2.118703316224373e-06,2.505030267780107e-06,1.4145330890163639,0.8399841627684771,1,3.387017066165263,2.666549868367044,-70.9015266464871,-2.6233453316385625e-08,182.16787061503535,1.0921353218936272e-15,3.387017066165263,1-2,9,3.8000000000000114,3800,,,,,0,1.4145330890163639,0.8390029620915765,3.387017066165263,2.666549868367044,9.193869476916116e-06,negative_baseline,20.0,0,0,0,0,0,0,0,0,0,0,-1,0,0,0,0,0,0,1,0,0
sim_0005_n3_seed47,47,0.001,3,318.0,2,body_2,8.648712297334397,4.926411902220734,5.224214080410861e-06,5.441706935682632e-06,1.6849303871800636,1.4338463379264788,1,2.793938001158097,3.3688009031308868,-70.90152978198756,-7.045676830369171e-08,182.1678706150352,3.120386633981792e-16,2.793938001158097,1-2,9,4.800000000000011,4800,,,,,0,1.6849303871800636,1.439091027190656,2.793938001158097,3.3688009031308868,8.490248052927526e-06,negative_baseline,20.0,0,0,0,0,0,0,0,0,0,0,-1,0,0,0,0,0,0,1,0,0
sim_0005_n3_seed47,47,0.001,3,319.0,2,body_2,8.648712297334397,4.926411902220734,8.573892483688416e-06,3.476373840277793e-06,1.09367076279654,0.47153081249111495,1,4.228490777026755,2.1523768957031533,-70.90152632675132,-2.1723877865133972e-08,182.1678706150349,-1.4041739852918063e-15,4.228490777026755,1-2,9,5.800000000000011,5800,,,,,0,1.09367076279654,0.4712938762580166,4.228490777026755,2.1523768957031533,6.684191751398865e-06,negative_baseline,20.0,0,0,0,0,0,0,0,0,0,0,-1,0,0,0,0,0,0,1,0,0
sim_0005_n3_seed47,47,0.001,3,320.0,2,body_2,8.648712297334397,4.926411902220734,1.065765239987149e-05,1.8760092820087868e-06,1.015433107044159,0.42294708248460455,1,5.376668695760318,1.0853098078488244,-70.90152652442742,-2.451191524318616e-08,182.16787061503504,-6.240773267963584e-16,4.638560643985717,0-1,9,6.800000000000011,6800,,,,,0,1.015433107044159,0.42292025110408493,5.376668695760318,1.0853098078488244,8.158570641117159e-06,negative_baseline,20.0,0,0,0,0,0,0,0,0,0,0,-1,0,0,0,0,0,0,1,0,0
sim_0005_n3_seed47,47,0.001,3,321.0,2,body_2,8.648712297334397,4.926411902220734,1.1988930748609321e-05,3.883238326690781e-06,1.085607161569227,0.4789440988727604,1,5.482576850303289,2.3154213306655302,-70.90152688702234,-2.9625978992006113e-08,182.16787061503487,-1.560193316990896e-15,3.70700982628211,0-1,9,7.800000000000011,7800,,,,,0,1.085607161569227,0.4788959280345134,5.482576850303289,2.3154213306655302,1.4189287030044156e-05,negative_baseline,20.0,0,0,0,0,0,0,0,0,0,0,-1,0,0,0,0,0,0,1,0,0
sim_0005_n3_seed47,47,0.001,3,322.0,2,body_2,8.648712297334397,4.926411902220734,1.6423994460124327e-05,8.717094969049317e-06,1.1547099686900717,0.6345727540590556,1,5.726867270532319,5.526450358802624,-70.90155150387403,-3.7682375454983664e-07,182.16787061503456,-3.2764059656808815e-15,2.3722400944885096,0-1,9,8.800000000000011,8800,,,,,0,1.1547099686900717,0.6350855032817587,5.726867270532319,5.526450358802624,3.381703078660777e-05,negative_baseline,20.0,0,0,0,0,0,0,0,0,0,0,-1,0,0,0,0,0,0,1,0,0
sim_0005_n3_seed47,47,0.001,3,322.35,2,body_2,8.648712297334397,4.926411902220734,1.9602286610323727e-05,1.043672734350593e-05,1.1649202292157481,0.6089978653941087,0,6.163613212343396,2.6541220732812336,-70.90156428798376,-5.571317206571314e-07,182.16787061503436,-4.368541287574509e-15,2.238566748263892,0-1,9,9.150000000000034,9150,,,,,0,1.1649202292157481,0.6090735698570005,6.163613212343396,2.6541220732812336,4.112330112456299e-05,negative_hard,10.0,0,0,0,0,0,0,0,0,0,0,-1,0,0,0,0,0,0,1,0,0
sim_0005_n3_seed47,47,0.001,3,323.0,2,body_2,8.648712297334397,4.926411902220734,2.6883476703496135e-05,1.1992122680706393e-05,1.2539089795986937,0.5980010689016891,0,5.747078343857134,2.601682077425769,-70.90153131129969,-9.202629214655981e-08,182.16787061503422,-5.148637946069957e-15,2.8942174404360737,0-1,9,9.800000000000011,9800,,,,,0,1.2539089795986937,0.59790523840641,5.747078343857134,2.601682077425769,4.0639184641717756e-05,negative_baseline,20.0,0,0,0,0,0,0,0,0,0,0,-1,0,0,0,0,0,0,1,0,0
sim_0005_n3_seed47,47,0.001,3,324.0,2,body_2,8.648712297334397,4.926411902220734,3.834043300730258e-05,1.6304394975577556e-05,1.4172527098881433,0.7606581640673108,0,5.316397578025208,2.8674728841317108,-70.90152654193787,-2.4758883763292665e-08,182.16787061503402,-6.240773267963584e-15,4.381598140142704,0-1,9,10.800000000000011,10800,,,,,0,1.4172527098881433,0.7607323648822015,5.316397578025208,2.8674728841317108,3.309992341065436e-05,negative_baseline,20.0,0,0,0,0,0,0,0,0,0,0,-1,0,0,0,0,0,0,1,0,0
sim_0005_n3_seed47,47,0.001,3,325.0,2,body_2,8.648712297334397,4.926411902220734,4.825663900450522e-05,2.4864846825466474e-05,1.5350259079757116,0.891696369198343,0,5.081001018739402,2.971752303712877,-70.90152682201328,-2.870908670455458e-08,182.1678706150344,-4.212521955875419e-15,5.081001018739402,0-2,9,11.800000000000011,11800,,,,,0,1.5350259079757116,0.8917803938013016,5.081001018739402,2.971752303712877,3.1646021078427085e-05,negative_baseline,20.0,0,0,0,0,0,0,0,0,0,0,-1,0,0,0,0,0,0,1,0,0
sim_0005_n3_seed47,47,0.001,3,326.0,2,body_2,8.648712297334397,4.926411902220734,5.7088451960455734e-05,3.611483683370488e-05,1.6398965722848156,1.013938983849879,0,4.905597946846083,3.0310120859367284,-70.90152701414146,-3.1418875868657614e-08,182.16787061503447,-3.744463960778151e-15,4.905597946846083,0-2,9,12.800000000000011,12800,,,,,0,1.6398965722848156,1.014000239139027,4.905597946846083,3.0310120859367284,3.543120562060945e-05,negative_baseline,20.0,0,0,0,0,0,0,0,0,0,0,-1,0,0,0,0,0,0,1,0,0
sim_0005_n3_seed47,47,0.001,3,327.0,2,body_2,8.648712297334397,4.926411902220734,6.8917600344766e-05,5.159083692760514e-05,1.7752692841232074,1.1810838027856094,0,4.712876013696199,3.116006932501391,-70.90152724360107,-3.4655189928654444e-08,182.16787061503442,-4.05650262417633e-15,4.712876013696199,0-2,9,13.800000000000011,13800,,,,,0,1.7752692841232074,1.1811703007748167,4.712876013696199,3.116006932501391,4.6439860650592284e-05,negative_baseline,20.0,0,0,0,0,0,0,0,0,0,0,-1,0,0,0,0,0,0,1,0,0
sim_0005_n3_seed47,47,0.001,3,328.0,2,body_2,8.648712297334397,4.926411902220734,9.10174520120449e-05,7.523476805853923e-05,1.9490535242562108,1.3893126794948811,0,4.503817796093602,3.2164106290007894,-70.9015276529409,-4.042854719245462e-08,182.1678706150344,-4.212521955875419e-15,4.503817796093602,0-2,9,14.800000000000011,14800,,,,,0,1.9490535242562108,1.3895512707729114,4.503817796093602,3.2164106290007894,7.152726703264367e-05,negative_baseline,20.0,0,0,0,0,0,0,0,0,0,0,-1,0,0,0,0,0,0,1,0,0
sim_0005_n3_seed47,47,0.001,3,329.0,2,body_2,8.648712297334397,4.926411902220734,0.00013097263229601877,0.00011219314851417314,2.108898291015959,1.5330363626822958,0,4.346271174759952,3.216603003154874,-70.90152895771749,-5.8831206273823284e-08,182.16787061503422,-5.148637946069957e-15,4.346271174759952,0-2,9,15.800000000000011,15800,,,,,0,2.108898291015959,1.5334439221454939,4.346271174759952,3.216603003154874,0.00012519378171708292,negative_baseline,20.0,0,0,0,0,0,0,0,0,0,0,-1,0,0,0,0,0,0,1,0,0
sim_0005_n3_seed47,47,0.001,3,330.0,2,body_2,8.648712297334397,4.926411902220734,0.00019596859009723,0.00017706099898979298,2.2612286410842417,1.618319220826892,0,4.224365929781809,2.99447473274075,-70.90153254895938,-1.0948232983037904e-07,182.16787061503433,-4.524560619273598e-15,3.68063625173246,0-1,9,16.80000000000001,16800,,,,,0,2.2612286410842417,1.6179818287870504,4.224365929781809,2.99447473274075,0.0002336069372934639,negative_baseline,20.0,0,0,0,0,0,0,0,0,0,0,-1,0,0,0,0,0,0,1,0,0
sim_0005_n3_seed47,47,0.001,3,331.0,2,body_2,8.648712297334397,4.926411902220734,0.0003088870331764817,0.00032429503130349246,2.82775029908858,2.640675036679415,0,3.752723807543026,3.203928798982097,-70.90153036045017,-7.861544480298286e-08,182.16787061503413,-5.616695941167225e-15,3.752723807543026,0-2,9,17.80000000000001,17800,,,,,0,2.82775029908858,2.6381149582245733,3.752723807543026,3.203928798982097,0.00038474322080707813,negative_baseline,20.0,0,0,0,0,0,0,0,0,0,0,-1,0,0,0,0,0,0,1,0,0
sim_0005_n3_seed47,47,0.001,3,332.0,2,body_2,8.648712297334397,4.926411902220734,0.0005531376718531472,0.0008250826738950251,5.226067940525369,9.07507751044031,0,2.717645953973269,4.386416700462502,-70.90153592915799,-1.5715688431322835e-07,182.16787061503447,-3.744463960778151e-15,2.717645953973269,0-2,9,18.80000000000001,18800,,,,,0,5.226067940525369,9.075071250939795,2.717645953973269,4.386416700462502,0.0005614090651963309,negative_baseline,20.0,0,0,0,0,0,0,0,0,0,0,-1,0,0,0,0,0,0,1,0,0
sim_0005_n3_seed47,47,0.001,3,332.45,2,body_2,8.648712297334397,4.926411902220734,0.0007510962585440056,0.0013313838215429513,7.156526218206833,15.552425873295858,0,2.310118238307466,4.9927865015282755,-70.90155603562245,-4.4073984704815244e-07,182.16787061503456,-3.2764059656808815e-15,2.310118238307466,0-2,9,19.25,19250,,,,,0,7.156526218206833,15.615163138193557,2.310118238307466,4.9927865015282755,0.0006744643791878693,negative_hard,10.0,1,0,0,1,0,0,0,0,0,0,-1,0,0,0,0,0,0,1,0,0
sim_0005_n3_seed47,47,0.001,3,332.95,2,body_2,8.648712297334397,4.926411902220734,0.0009551435783330633,0.0016107878225171473,7.115215583878238,15.72662738919728,0,2.2957287058079188,5.013437853229751,-70.9015571459476,-4.563999497241034e-07,182.1678706150348,-2.028251312088165e-15,2.2957287058079188,0-2,9,19.75,19750,,,,,0,7.115215583878238,15.80535476044417,2.2957287058079188,5.013437853229751,0.0008022158901917972,negative_hard,10.0,1,0,0,1,0,0,0,0,0,0,-1,0,0,0,0,0,0,1,0,0
sim_0005_n3_seed47,47,0.001,3,333.0,2,body_2,8.648712297334397,4.926411902220734,0.0009680228524201883,0.0015945282207102491,6.916694533051527,15.113316679180004,0,2.324987841914174,4.9653045291633715,-70.90155456449124,-4.1999091086203915e-07,182.16787061503481,-1.8722319803890754e-15,2.324987841914174,0-2,9,19.80000000000001,19800,,,,,0,6.916694533051527,15.18314197983574,2.324987841914174,4.9653045291633715,0.0008122724164982186,negative_baseline,20.0,1,0,0,1,0,0,0,0,0,0,-1,0,0,0,0,0,0,1,0,0
sim_0005_n3_seed47,47,0.001,3,334.0,2,body_2,8.648712297334397,4.926411902220734,0.0009668657694434065,0.0009327763822532237,3.2034405195409628,3.9029607891405695,0,3.3552286398089124,3.573368338135707,-70.90152791800143,-4.416697927972583e-08,182.16787061503499,-9.361159901945377e-16,3.3552286398089124,0-2,9,20.80000000000001,20800,,,,,0,3.2034405195409628,3.9027961461671423,3.3552286398089124,3.573368338135707,0.0009089615543195535,negative_baseline,20.0,0,0,0,0,0,0,0,0,0,0,-1,0,0,0,0,0,0,1,0,0
sim_0005_n3_seed47,47,0.001,3,335.0,2,body_2,8.648712297334397,4.926411902220734,0.000843406933416001,0.0007422369235493408,2.347465947290362,1.620899213504833,0,4.001182579243587,2.826898953983515,-70.90152665609558,-2.6368972047520203e-08,182.16787061503473,-2.3402899754863442e-15,4.001182579243587,0-2,9,21.80000000000001,21800,,,,,0,2.347465947290362,1.6201581043152447,4.001182579243587,2.826898953983515,0.0009642347013847236,negative_baseline,20.0,0,0,0,0,0,0,0,0,0,0,-1,0,0,0,0,0,0,1,0,0
sim_0005_n3_seed47,47,0.001,3,336.0,2,body_2,8.648712297334397,4.926411902220734,0.0008628826796177075,0.0008601698914594707,2.718302742315744,2.392752191587417,0,3.7397355595068125,3.098290011913667,-70.90152683177718,-2.8846797347747936e-08,182.16787061503476,-2.1842706437872543e-15,3.7397355595068125,0-2,9,22.80000000000001,22800,,,,,0,2.718302742315744,2.3896763452062393,3.7397355595068125,3.098290011913667,0.001074439213416343,negative_baseline,20.0,0,0,0,0,0,0,0,0,0,0,-1,0,0,0,0,0,0,1,0,0
sim_0005_n3_seed47,47,0.001,3,337.0,2,body_2,8.648712297334397,4.926411902220734,0.0011349717587420193,0.001851625303249895,5.4512607523358705,10.284632232426851,0,2.6389265104986803,4.476649905039965,-70.90153517948058,-1.4658338234748234e-07,182.16787061503453,-3.4324252973799714e-15,2.6389265104986803,0-2,9,23.80000000000001,23800,,,,,0,5.4512607523358705,10.278811187197277,2.6389265104986803,4.476649905039965,0.0012685941737022933,negative_baseline,20.0,0,0,0,0,0,0,0,0,0,0,-1,0,0,0,1,1,0,1,0,0
sim_0005_n3_seed47,47,0.001,3,337.5,2,body_2,8.648712297334397,4.926411902220734,0.001400123299609625,0.0030991663235016968,8.34231265299083,20.93433211223099,0,2.1305425275232373,5.3304594908058105,-70.90157311989186,-6.816975622382162e-07,182.16787061503493,-1.2481546535927168e-15,2.1305425275232373,0-2,9,24.30000000000001,24300,,,,,0,8.34231265299083,21.074892079707464,2.1305425275232373,5.3304594908058105,0.0014144913375444034,negative_hard,10.0,1,1,0,1,0,0,1,0,0,0,-1,0,0,0,1,1,0,1,0,0
sim_0005_n3_seed47,47,0.001,3,338.0,2,body_2,8.648712297334397,4.926411902220734,0.0015470361488691253,0.002995782054419295,7.293529408711003,17.037891706261718,0,2.2741609530266405,5.063470570020082,-70.90155503371034,-4.2660880947700316e-07,182.16787061503507,-4.680579950972688e-16,2.2741609530266405,0-2,9,24.80000000000001,24800,,,,,0,7.293529408711003,17.117782932819143,2.2741609530266405,5.063470570020082,0.0015038283417038638,negative_hard,10.0,1,1,0,1,0,0,0,0,0,0,-1,0,0,0,1,1,0,1,0,0
sim_0005_n3_seed47,47,0.001,3,339.0,2,body_2,8.648712297334397,4.926411902220734,0.0014865887754404634,0.0014527687504780754,3.101686243216641,3.477556881229629,0,3.46631314678953,3.415607771178837,-70.90152726536654,-3.4962171662052106e-08,182.16787061503547,1.7162126486899857e-15,3.46631314678953,0-2,9,25.80000000000001,25800,,,,,0,3.101686243216641,3.4767824595850363,3.46631314678953,3.415607771178837,0.0015401920497463697,negative_baseline,20.0,0,0,0,0,0,0,0,0,0,0,-1,0,0,0,1,1,0,1,0,0
sim_0005_n3_seed47,47,0.001,3,340.0,2,body_2,8.648712297334397,4.926411902220734,0.0014457321784962082,0.001128489734768535,2.2918317180124417,1.5985127582712944,0,4.041981399265644,2.796612098491858,-70.90152677262049,-2.8012447305330714e-08,182.16787061503533,9.361159901945377e-16,4.041981399265644,0-2,9,26.80000000000001,26800,,,,,0,2.2918317180124417,1.5977684737891418,4.041981399265644,2.796612098491858,0.0016062861041927017,negative_baseline,20.0,0,0,0,0,0,0,0,0,0,0,-1,0,0,0,0,0,0,1,0,0
sim_0005_n3_seed47,47,0.001,3,341.0,2,body_2,8.648712297334397,4.926411902220734,0.0015198108720978507,0.001353127417496622,2.737035706610726,2.5104822432819582,0,3.714178219840828,3.1334155987314167,-70.90152684659705,-2.905581788925961e-08,182.16787061503507,-4.680579950972688e-16,3.714178219840828,0-2,9,27.80000000000001,27800,,,,,0,2.737035706610726,2.5071388264186054,3.714178219840828,3.1334155987314167,0.0017245754448967981,negative_baseline,20.0,0,0,0,0,0,0,0,0,0,0,-1,0,0,0,1,1,0,1,0,0
sim_0005_n3_seed47,47,0.001,3,342.0,2,body_2,8.648712297334397,4.926411902220734,0.0017977950129956506,0.002960773144608897,5.740273884758322,11.392781277233645,0,2.5677155446482605,4.582424472098659,-70.90153690792732,-1.7096151459091917e-07,182.1678706150353,7.80096658495448e-16,2.5677155446482605,0-2,9,28.80000000000001,28800,,,,,0,5.740273884758322,11.38924293862695,2.5677155446482605,4.582424472098659,0.0019375156935396984,negative_baseline,20.0,0,0,0,0,0,0,0,0,0,0,-1,0,0,0,1,1,0,1,0,0
sim_0005_n3_seed47,47,0.001,3,342.25,2,body_2,8.648712297334397,4.926411902220734,0.001905395188243341,0.0038960936125800355,7.35622206954554,17.345168405758848,0,2.2679195094509503,5.077438587522608,-70.90155484489351,-4.2394572391387754e-07,182.16787061503544,1.560193316990896e-15,2.2679195094509503,0-2,9,29.05000000000001,29050,,,,,0,7.35622206954554,17.4000448519652,2.2679195094509503,5.077438587522608,0.002012651188970921,negative_hard,10.0,1,1,0,1,0,0,0,0,0,0,-1,0,0,0,1,1,0,1,0,0
sim_0005_n3_seed47,47,0.001,3,342.75,2,body_2,8.648712297334397,4.926411902220734,0.0020359444378330494,0.004829627569245673,8.528892820611404,21.876256259485793,0,2.1051279003386925,5.379202254279855,-70.90157600914306,-7.224477604994444e-07,182.1678706150355,1.8722319803890754e-15,2.1051279003386925,0-2,9,29.55000000000001,29550,,,,,0,8.528892820611404,22.048191054149452,2.1051279003386925,5.379202254279855,0.0021216123856999318,negative_hard,10.0,1,1,0,1,0,0,1,0,0,0,-1,0,0,0,1,1,0,1,0,0
sim_0005_n3_seed47,47,0.001,3,343.0,2,body_2,8.648712297334397,4.926411902220734,0.002022453187883559,0.0041281090067563034,7.0559142387407965,16.24563796218757,0,2.3133954503104768,4.996205162366735,-70.90155074868888,-3.6617257098822763e-07,182.16787061503567,2.8083479705836126e-15,2.3133954503104768,0-2,9,29.80000000000001,29800,,,,,0,7.0559142387407965,16.31002091509068,2.3133954503104768,4.996205162366735,0.00213054344070136,negative_baseline,20.0,1,1,0,1,0,0,0,0,0,0,-1,0,0,0,1,1,0,1,0,0
sim_0005_n3_seed47,47,0.001,3,343.25,2,body_2,8.648712297334397,4.926411902220734,0.0019922805407680657,0.003299147539145634,5.480205596584013,10.546860504446549,0,2.623235666427837,4.497113358396478,-70.9015351605249,-1.4631603020772827e-07,182.16787061503572,3.120386633981792e-15,2.623235666427837,0-2,9,30.05000000000001,30050,,,,,0,5.480205596584013,10.559259898937064,2.623235666427837,4.497113358396478,0.002128707912206975,negative_hard,10.0,0,0,0,0,0,0,0,0,0,0,-1,0,0,0,1,1,0,1,0,0
sim_0005_n3_seed47,47,0.001,3,344.0,2,body_2,8.648712297334397,4.926411902220734,0.001943384055893692,0.0019308061446174788,3.009494074461577,3.2065837623933993,0,3.5310221544944342,3.3384540362334367,-70.90152704894335,-3.190972406864222e-08,182.16787061503595,4.368541287574509e-15,3.5310221544944342,0-2,9,30.80000000000001,30800,,,,,0,3.009494074461577,3.2057167220039315,3.5310221544944342,3.3384540362334367,0.002149060677577464,negative_baseline,20.0,0,0,0,0,0,0,0,0,0,0,-1,0,0,0,1,1,0,1,0,0
sim_0005_n3_seed47,47,0.001,3,345.0,2,body_2,8.648712297334397,4.926411902220734,0.0019925370726634173,0.0015247415483062973,2.2761832119277443,1.576840472988111,0,4.0571873341729425,2.7819612676497867,-70.9015267701524,-2.7977637272528888e-08,182.1678706150357,2.9643673022827025e-15,4.0571873341729425,0-2,9,31.80000000000001,31800,,,,,0,2.2761832119277443,1.5760530929661365,4.0571873341729425,2.7819612676497867,0.002246336258833481,negative_baseline,20.0,0,0,0,0,0,0,0,0,0,0,-1,0,0,0,1,1,0,1,0,0
sim_0005_n3_seed47,47,0.001,3,346.0,2,body_2,8.648712297334397,4.926411902220734,0.00217944118600999,0.0018835335667140483,2.7886733541923614,2.6593279493051845,0,3.674119107760643,3.1790492209447176,-70.90152687052768,-2.9393337070477663e-08,182.16787061503584,3.744463960778151e-15,3.674119107760643,0-2,9,32.80000000000001,32800,,,,,0,2.7886733541923614,2.655643548232739,3.674119107760643,3.1790492209447176,0.0024145635247042746,negative_baseline,20.0,0,0,0,0,0,0,0,0,0,0,-1,0,0,0,1,1,0,1,0,0
sim_0005_n3_seed47,47,0.001,3,347.0,2,body_2,8.648712297334397,4.926411902220734,0.002575984907992822,0.0042089197151501615,6.0701446036211255,12.61112869374611,0,2.495382590643631,4.694886606480692,-70.9015395344534,-2.0800621977545143e-07,182.16787061503618,5.616695941167225e-15,2.495382590643631,0-2,9,33.80000000000001,33800,,,,,0,6.0701446036211255,12.613367635078806,2.495382590643631,4.694886606480692,0.0027032446086771023,negative_baseline,20.0,0,0,0,0,0,0,0,0,0,0,-1,0,0,0,1,1,0,1,0,0
sim_0005_n3_seed47,47,0.001,3,347.25,2,body_2,8.648712297334397,4.926411902220734,0.0026766372775716106,0.005463762564424672,7.7396657570373435,18.869468129733022,0,2.210281180558915,5.181176959010234,-70.90156064721525,-5.057820702437935e-07,182.16787061503632,6.3967925996626735e-15,2.210281180558915,0-2,9,34.05000000000001,34050,,,,,0,7.7396657570373435,18.9492789992932,2.210281180558915,5.181176959010234,0.002791939242285726,negative_hard,10.0,1,1,0,1,0,0,0,0,0,0,-1,0,0,0,1,1,0,1,0,0
sim_0005_n3_seed47,47,0.001,3,347.75,2,body_2,8.648712297334397,4.926411902220734,0.002627190551146623,0.006163069210263437,8.329415915563278,21.147670731274857,0,2.1307244766266464,5.330498683906404,-70.9015714547667,-6.58212521917442e-07,182.16787061503646,7.176889258158121e-15,2.1307244766266464,0-2,9,34.55000000000001,34550,,,,,0,8.329415915563278,21.300461755716796,2.1307244766266464,5.330498683906404,0.0028713044202353746,negative_hard,10.0,1,1,0,1,0,0,1,0,0,0,-1,0,0,0,1,1,0,1,0,0
sim_0005_n3_seed47,47,0.001,3,348.0,2,body_2,8.648712297334397,4.926411902220734,0.0025036127771991957,0.005084059649177734,6.7183562555203755,14.984975297109546,0,2.3722968330180536,4.896294921985268,-70.90154618987893,-3.018748007789785e-07,182.16787061503632,6.3967925996626735e-15,2.3722968330180536,0-2,9,34.80000000000001,34800,,,,,0,6.7183562555203755,15.032541183427854,2.3722968330180536,4.896294921985268,0.002857236231012722,negative_baseline,20.0,1,0,0,1,0,0,0,0,0,0,-1,0,0,0,1,1,0,1,0,0
sim_0005_n3_seed47,47,0.001,3,348.65000000000003,2,body_2,8.648712297334397,4.926411902220734,0.0023153122692983006,0.002902392878229894,3.653494676794702,4.823534696229534,0,3.2142164927547587,3.703370199748549,-70.90152773489616,-4.158444989208527e-08,182.16787061503643,7.020869926459032e-15,3.2142164927547587,0-2,9,35.450000000000045,35450,,,,,0,3.653494676794702,4.822530367871244,3.2142164927547587,3.703370199748549,0.00285442243673472,negative_hard,10.0,0,0,0,0,0,0,0,0,0,0,-1,0,0,0,1,1,0,1,0,0
sim_0005_n3_seed47,47,0.001,3,349.0,2,body_2,8.648712297334397,4.926411902220734,0.0023033003588339286,0.0023798090268776525,2.929289723932719,2.9774898147676554,0,3.5866940774423246,3.273651461397147,-70.90152693770683,-3.03408365556944e-08,182.16787061503638,6.7088312630608525e-15,3.5866940774423246,0-2,9,35.80000000000001,35800,,,,,0,2.929289723932719,2.976626403896815,3.5866940774423246,3.273651461397147,0.0028892647461560873,negative_baseline,20.0,0,0,0,0,0,0,0,0,0,0,-1,0,0,0,1,1,0,1,0,0
sim_0005_n3_seed47,47,0.001,3,349.15000000000003,2,body_2,8.648712297334397,4.926411902220734,0.0023110335020352954,0.0022359923061113676,2.7282720647113,2.5158861177167626,0,3.7150067781405056,3.134430171720938,-70.90152684137587,-2.8982177982009022e-08,182.16787061503643,7.020869926459032e-15,3.7150067781405056,0-2,9,35.950000000000045,35950,,,,,0,2.7282720647113,2.515151874555994,3.7150067781405056,3.134430171720938,0.002910117119139372,negative_hard,10.0,0,0,0,0,0,0,0,0,0,0,-1,0,0,0,1,1,0,1,0,0
sim_0005_n3_seed47,47,0.001,3,350.0,2,body_2,8.648712297334397,4.926411902220734,0.002459795625407146,0.001936645055276291,2.277343806771142,1.5736842077054243,0,4.056806378396854,2.781787217212206,-70.90152675767101,-2.7801598834230882e-08,182.16787061503635,6.552811931361763e-15,4.056806378396854,0-2,9,36.80000000000001,36800,,,,,0,2.277343806771142,1.5728216444730188,4.056806378396854,2.781787217212206,0.0030791647889282974,negative_baseline,20.0,0,0,0,0,0,0,0,0,0,0,-1,0,0,0,0,0,0,1,0,0
sim_0005_n3_seed47,47,0.001,3,351.0,2,body_2,8.648712297334397,4.926411902220734,0.002848159386169664,0.002479816337864975,2.8639000577981535,2.876556685391912,0,3.6145423473307754,3.2481859415119367,-70.90152696051382,-3.066250786798636e-08,182.1678706150369,9.517179233644466e-15,3.6145423473307754,0-2,9,37.80000000000001,37800,,,,,0,2.8639000577981535,2.872458790095261,3.6145423473307754,3.2481859415119367,0.0033834083673346406,negative_baseline,20.0,0,0,0,0,0,0,0,0,0,0,-1,0,0,0,0,0,0,1,0,0
sim_0005_n3_seed47,47,0.001,3,352.0,2,body_2,8.648712297334397,4.926411902220734,0.0035671239711096594,0.005627982309969456,6.42689118772718,13.921536155145068,0,2.4224355412704166,4.811938587223613,-70.90154335189696,-2.618477072106891e-07,182.16787061503672,8.581063243449928e-15,2.4224355412704166,0-2,9,38.80000000000001,38800,,,,,0,6.42689118772718,13.93481308732479,2.4224355412704166,4.811938587223613,0.003873705442158925,negative_baseline,20.0,1,0,0,1,0,0,0,0,0,0,-1,0,0,0,1,1,0,1,0,0
sim_0005_n3_seed47,47,0.001,3,352.40000000000003,2,body_2,8.648712297334397,4.926411902220734,0.003722246393343357,0.0077470089296756426,8.712424633102478,22.545537855872755,0,2.0839230348186817,5.421140385920798,-70.90157986443245,-7.768230282278523e-07,182.16787061503695,9.829217897042645e-15,2.0839230348186817,0-2,9,39.200000000000045,39200,,,,,0,8.712424633102478,22.723391597910254,2.0839230348186817,5.421140385920798,0.004071623930626111,negative_hard,10.0,1,1,0,1,0,0,1,0,0,0,-1,0,0,0,1,1,0,1,0,0
sim_0005_n3_seed47,47,0.001,3,352.90000000000003,2,body_2,8.648712297334397,4.926411902220734,0.003249261833302539,0.006356549162399181,6.987431692137944,15.884131446921794,0,2.3306184973839077,4.9705984971334365,-70.90154951076724,-3.487128387620731e-07,182.16787061503697,9.985237228741735e-15,2.3306184973839077,0-2,9,39.700000000000045,39700,,,,,0,6.987431692137944,15.944028086292626,2.3306184973839077,4.9705984971334365,0.004111644976646977,negative_hard,10.0,1,0,0,1,0,0,0,0,0,0,-1,0,0,0,1,1,0,1,0,0
sim_0005_n3_seed47,47,0.001,3,353.0,2,body_2,8.648712297334397,4.926411902220734,0.0031197185653593306,0.005777998711510543,6.328656697419535,13.437052264988631,0,2.4497148613139457,4.771919450851012,-70.90154194274953,-2.4197299458501257e-07,182.16787061503712,1.0765333887237182e-14,2.4497148613139457,0-2,9,39.80000000000001,39800,,,,,0,6.328656697419535,13.469890273402584,2.4497148613139457,4.771919450851012,0.004109464826984089,negative_baseline,20.0,1,0,0,0,0,0,0,0,0,0,-1,0,0,0,1,1,0,1,0,0
sim_0005_n3_seed47,47,0.001,3,354.0,2,body_2,8.648712297334397,4.926411902220734,0.002420247366552131,0.0027827258249422076,2.8827213046213145,2.7403256314148483,0,3.6410428103075514,3.2027332560989468,-70.90152680979234,-2.8536721763349966e-08,182.1678706150374,1.2325527204228079e-14,3.6410428103075514,0-2,9,40.80000000000001,40800,,,,,0,2.8827213046213145,2.7394886933969236,3.6410428103075514,3.2027332560989468,0.004329565717221652,negative_baseline,20.0,0,0,0,0,0,0,0,0,0,0,-1,0,0,0,0,0,0,1,0,0
sim_0005_n3_seed47,47,0.001,3,355.0,2,body_2,8.648712297334397,4.926411902220734,0.0026514087706197343,0.002451285856723912,2.362070314724161,1.5437488396989214,0,4.024386912044468,2.7783171281693653,-70.90152654354698,-2.4781578751801057e-08,182.1678706150379,1.513387517481169e-14,4.024386912044468,0-2,9,41.80000000000001,41800,,,,,0,2.362070314724161,1.5426640055729068,4.024386912044468,2.7783171281693653,0.004947796961804444,negative_baseline,20.0,0,0,0,0,0,0,0,0,0,0,-1,0,0,0,0,0,0,1,0,0
sim_0005_n3_seed47,47,0.001,3,355.15000000000003,2,body_2,8.648712297334397,4.926411902220734,0.0027443557029432943,0.002495081710326852,2.392270068557486,1.599901182261866,0,3.9962504791493774,2.809262791147988,-70.90152650548124,-2.4244696991257176e-08,182.1678706150379,1.513387517481169e-14,3.9962504791493774,0-2,9,41.950000000000045,41950,,,,,0,2.392270068557486,1.598565725144099,3.9962504791493774,2.809262791147988,0.005070291023263774,negative_hard,8.0,0,0,0,0,0,0,0,0,0,0,-1,0,0,0,0,0,0,1,0,0
sim_0005_n3_seed47,47,0.001,3,355.55,2,body_2,8.648712297334397,4.926411902220734,0.0030528174632462276,0.002720531879672207,2.6097653886668275,2.0511631901369047,0,3.8097972785368466,3.0235300594395116,-70.90152639131095,-2.2634431325704475e-08,182.16787061503805,1.591397183330714e-14,3.8097972785368466,0-2,9,42.35000000000002,42350,,,,,0,2.6097653886668275,2.048748448053141,3.8097972785368466,3.0235300594395116,0.005430041141546768,negative_hard,8.0,0,0,0,0,0,0,0,0,0,0,-1,0,0,0,0,0,0,1,0,0
sim_0005_n3_seed47,47,0.001,3,355.95,2,body_2,8.648712297334397,4.926411902220734,0.003429721551457214,0.003130039347914899,3.0760636622393855,3.1491200752160284,0,3.4673121481091616,3.4459672574053397,-70.90152663289993,-2.604181895077253e-08,182.16787061503817,1.6538049160103498e-14,3.4673121481091616,0-2,9,42.75,42750,,,,,0,3.0760636622393855,3.144775101431592,3.4673121481091616,3.4459672574053397,0.005821752206714124,negative_hard,8.0,0,0,0,0,0,0,0,0,0,0,-1,0,0,0,0,0,0,1,0,0
sim_0005_n3_seed47,47,0.001,3,356.0,2,body_2,8.648712297334397,4.926411902220734,0.003479196795786517,0.0031961152641852403,3.1556649184189274,3.358659029262225,0,3.4147661001804197,3.514189635998198,-70.90152677622496,-2.8063284993554307e-08,182.1678706150383,1.7318145818598947e-14,3.4147661001804197,0-2,9,42.80000000000001,42800,,,,,0,3.1556649184189274,3.3539767981656317,3.4147661001804197,3.514189635998198,0.005870888041481496,negative_baseline,20.0,0,0,0,0,0,0,0,0,0,0,-1,0,0,0,0,0,0,1,0,0
sim_0005_n3_seed47,47,0.001,3,356.35,2,body_2,8.648712297334397,4.926411902220734,0.003801608595895066,0.0037600398696607403,3.8519215272226344,5.715184477935556,0,3.0083236464818484,4.075522662423969,-70.90153060089813,-8.20067394321636e-08,182.1678706150384,1.7786203813696214e-14,3.0083236464818484,0-2,9,43.150000000000034,43150,,,,,0,3.8519215272226344,5.707200643747693,3.0083236464818484,4.075522662423969,0.00618787295191522,negative_hard,8.0,0,0,0,0,0,0,0,0,0,0,-1,0,0,0,0,0,0,1,0,0
sim_0005_n3_seed47,47,0.001,3,356.75,2,body_2,8.648712297334397,4.926411902220734,0.003915805335133675,0.004765220974009105,4.987188335766329,11.256506646178057,0,2.5770115030411898,4.717816270783479,-70.90154773993555,-3.2373690639896566e-07,182.16787061503825,1.7006107155200768e-14,2.5770115030411898,0-2,9,43.55000000000001,43550,,,,,0,4.987188335766329,11.290800326435585,2.5770115030411898,4.717816270783479,0.006370894752445224,negative_hard,8.0,0,0,0,0,0,0,0,0,0,0,-1,0,0,0,0,0,0,1,0,0
sim_0005_n3_seed47,47,0.001,3,357.0,2,body_2,8.648712297334397,4.926411902220734,0.0037135963534996328,0.005558729191681126,5.86528464650548,12.89003174770293,0,2.435442427446343,4.894550655526753,-70.90155556297486,-4.340735928809319e-07,182.16787061503828,1.7162126486899856e-14,2.435442427446343,0-2,9,43.80000000000001,43800,,,,,0,5.86528464650548,12.950029611210745,2.435442427446343,4.894550655526753,0.006310857326144592,negative_baseline,20.0,0,0,0,1,0,0,0,0,0,0,-1,0,0,0,0,0,0,1,0,0
sim_0005_n3_seed47,47,0.001,3,357.15000000000003,2,body_2,8.648712297334397,4.926411902220734,0.003535133625380702,0.005872821198964544,6.180496469228684,12.646125075356247,0,2.416652715990687,4.883248592020413,-70.90155525212077,-4.2968928532409813e-07,182.16787061503845,1.8098242477094393e-14,2.416652715990687,0-2,9,43.950000000000045,43950,,,,,0,6.180496469228684,12.702615069345777,2.416652715990687,4.883248592020413,0.006224467412225427,negative_hard,8.0,0,0,0,1,0,0,0,0,0,0,-1,0,0,0,0,0,0,1,0,0
sim_0005_n3_seed47,47,0.001,3,357.55,2,body_2,8.648712297334397,4.926411902220734,0.003346064113217266,0.006388077460759781,5.83875553556661,10.356517235708766,0,2.5559077373216548,4.574592202875111,-70.90154731584113,-3.1775544937309765e-07,182.16787061503805,1.591397183330714e-14,2.5559077373216548,0-2,9,44.35000000000002,44350,,,,,0,5.83875553556661,10.383168251356281,2.5559077373216548,4.574592202875111,0.005987023538470239,negative_hard,8.0,0,0,0,0,0,0,0,0,0,0,-1,0,0,0,0,0,0,1,0,0
sim_0005_n3_seed47,47,0.001,3,357.95,2,body_2,8.648712297334397,4.926411902220734,0.004082293444340151,0.007378534879996616,4.889769744709731,7.420038712242213,0,2.8169748943949893,4.146447280579637,-70.90154054215265,-2.2221887941348382e-07,182.16787061503848,1.8254261808793484e-14,2.8169748943949893,0-2,9,44.75,44750,,,,,0,4.889769744709731,7.426931817190959,2.8169748943949893,4.146447280579637,0.005999494687808026,negative_hard,8.0,0,0,0,0,0,0,0,0,0,0,-1,0,0,0,0,0,0,1,0,0
sim_0005_n3_seed47,47,0.001,3,358.0,2,body_2,8.648712297334397,4.926411902220734,0.004240343035850106,0.007526488729852112,4.780247619886462,7.11427244023313,0,2.8500557703545755,4.095507516143676,-70.90153977436105,-2.113898938222998e-07,182.1678706150385,1.841028114049257e-14,2.8500557703545755,0-2,9,44.80000000000001,44800,,,,,0,4.780247619886462,7.120037816198302,2.8500557703545755,4.095507516143676,0.006032170924136884,negative_baseline,20.0,0,0,0,0,0,0,0,0,0,0,-1,0,0,0,0,0,0,1,0,0
sim_0005_n3_seed47,47,0.001,3,358.35,2,body_2,8.648712297334397,4.926411902220734,0.005648507627215192,0.008583823939979947,4.14793112733227,5.481751498798242,0,3.054343489917355,3.7828514274241667,-70.90153525356341,-1.4762825175350117e-07,182.16787061503845,1.8098242477094393e-14,3.054343489917355,0-2,9,45.150000000000034,45150,,,,,0,4.14793112733227,5.484197992711233,3.054343489917355,3.7828514274241667,0.006505410194465356,negative_hard,8.0,0,0,0,0,0,0,0,0,0,0,-1,0,0,0,0,0,0,1,0,0
sim_0005_n3_seed47,47,0.001,3,358.75,2,body_2,8.648712297334397,4.926411902220734,0.007691671074205975,0.009784165755433725,3.732151367827874,4.32433916610069,0,3.1944133020348464,3.5454168641370574,-70.90153227759345,-1.0565496596218088e-07,182.1678706150387,1.95024164623862e-14,3.1944133020348464,0-2,9,45.55000000000001,45550,,,,,0,3.732151367827874,4.324933356438608,3.1944133020348464,3.5454168641370574,0.007567343173148946,negative_hard,8.0,0,0,0,0,0,0,0,0,0,0,-1,0,0,0,0,0,0,1,0,0
sim_0005_n3_seed47,47,0.001,3,359.0,2,body_2,8.648712297334397,4.926411902220734,0.00907457867753225,0.010413244981491468,3.6566463921827825,3.895910385084384,0,3.2182936329004046,3.477346232439599,-70.90153079805503,-8.478745406816499e-08,182.16787061503862,1.9034358467288933e-14,3.2182936329004046,0-2,9,45.80000000000001,45800,,,,,0,3.6566463921827825,3.8938001870317076,3.2182936329004046,3.477346232439599,0.008444176615619149,negative_baseline,20.0,0,0,0,0,0,0,0,0,0,0,-1,0,0,0,0,0,0,1,0,0
sim_0005_n3_seed47,47,0.001,3,359.15000000000003,2,body_2,8.648712297334397,4.926411902220734,0.0098889809378862,0.010686252872802192,3.682462141937763,3.8339823941995608,0,3.2070331576418174,3.4731018225737604,-70.90153014233996,-7.553920345900291e-08,182.16787061503862,1.9034358467288933e-14,3.2070331576418174,0-2,9,45.950000000000045,45950,,,,,0,3.682462141937763,3.830782557170165,3.2070331576418174,3.4731018225737604,0.009008312895774029,negative_hard,8.0,0,0,0,0,0,0,0,0,0,0,-1,0,0,0,0,0,0,1,0,0
sim_0005_n3_seed47,47,0.001,3,359.35,2,body_2,8.648712297334397,4.926411902220734,0.0108847351778244,0.010918234096965311,3.7982935799462303,4.038676817746989,0,3.16128732800369,3.5156299772479684,-70.90152974248835,-6.989966867983461e-08,182.16787061503857,1.8722319803890754e-14,3.16128732800369,0-2,9,46.150000000000034,46150,,,,,0,3.7982935799462303,4.034711358740147,3.16128732800369,3.5156299772479684,0.009758359043451492,negative_pre_failure,1.0,0,0,0,0,0,0,0,0,0,0,-1,0,0,0,0,0,0,1,0,0
sim_0005_n3_seed47,47,0.001,3,359.40000000000003,2,body_2,8.648712297334397,4.926411902220734,0.01110729377508056,0.010956283633971314,3.8419496580647574,4.143103219480832,0,3.1443714629608395,3.535212259949327,-70.90152973599407,-6.980807297213615e-08,182.1678706150385,1.841028114049257e-14,3.1443714629608395,0-2,9,46.200000000000045,46200,,,,,0,3.8419496580647574,4.138989787107339,3.1443714629608395,3.535212259949327,0.00993959857967758,negative_pre_failure,1.0,0,0,0,0,0,0,0,0,0,0,-1,0,0,0,0,0,0,1,0,0
sim_0005_n3_seed47,47,0.001,3,359.45,2,body_2,8.648712297334397,4.926411902220734,0.0113159216076796,0.010988149315971108,3.891684316099154,4.096030450554127,0,3.1252982641082507,3.558401228345272,-70.9015297676188,-7.025411023990443e-08,182.16787061503845,1.8098242477094393e-14,3.1252982641082507,0-2,10,0.0,0,0.010116543508073771,46.25,0.0113159216076796,0.010988149315971108,1,3.891684316099154,4.264832895091554,3.1252982641082507,3.558401228345272,0.010116543508073771,correction,1.0,0,0,0,0,0,0,0,0,0,0,-1,0,0,0,0,0,0,1,0,0
sim_0005_n3_seed47,47,0.001,3,360.0,2,body_2,8.648712297334397,4.926411902220734,4.2883997811597696e-07,6.133082457558599e-07,4.903746961544105,7.278904420626304,0,2.789964382983563,4.034155556396192,-70.90152827777136,-4.9241199174295873e-08,182.16787061503558,2.3402899754863442e-15,2.789964382983563,0-2,10,0.5500000000000114,550,,,,,0,4.903746961544105,7.274201110547676,2.789964382983563,4.034155556396192,2.5985074944425894e-07,negative_baseline,20.0,0,0,0,0,0,0,0,0,0,0,-1,0,0,0,0,0,0,1,0,0
sim_0005_n3_seed47,47,0.001,3,360.75,2,body_2,8.648712297334397,4.926411902220734,1.9180887552431187e-06,5.043359833054793e-06,7.447170873038472,16.166698703586412,0,2.2614726980039856,4.929479878504388,-70.90155315193999,-4.0006819063210666e-07,182.1678706150356,2.4963093071854337e-15,2.2614726980039856,0-2,10,1.3000000000000114,1300,,,,,0,7.447170873038472,16.231967283236134,2.2614726980039856,4.929479878504388,1.1433346934266968e-06,negative_hard,10.0,1,1,0,1,0,0,0,0,0,0,-1,0,0,0,1,1,0,1,0,0
sim_0005_n3_seed47,47,0.001,3,361.0,2,body_2,8.648712297334397,4.926411902220734,3.094297948708152e-06,7.858255321408216e-06,7.666988555545179,16.99946524805242,0,2.2275009165038537,4.991208159601003,-70.90155654681156,-4.4794969360207264e-07,182.16787061503572,3.120386633981792e-15,2.2275009165038537,0-2,10,1.5500000000000114,1550,,,,,0,7.666988555545179,17.08354172255496,2.2275009165038537,4.991208159601003,1.8397297502380498e-06,negative_baseline,20.0,1,1,0,1,0,0,0,0,0,0,-1,0,0,0,1,1,0,1,0,0
sim_0005_n3_seed47,47,0.001,3,361.25,2,body_2,8.648712297334397,4.926411902220734,4.590278971596246e-06,1.0266377157394174e-05,7.1442640876924886,15.104780957540775,0,2.3058881985261093,4.841783165323236,-70.9015487290529,-3.376874858305726e-07,182.1678706150358,3.5884446290790605e-15,2.3058881985261093,0-2,10,1.8000000000000114,1800,,,,,0,7.1442640876924886,15.16408892065216,2.3058881985261093,4.841783165323236,2.725526598200564e-06,negative_hard,10.0,1,0,0,1,0,0,0,0,0,0,-1,0,0,0,1,1,0,1,0,0
sim_0005_n3_seed47,47,0.001,3,362.0,2,body_2,8.648712297334397,4.926411902220734,8.962774783305977e-06,1.1764290908374819e-05,4.599860246970935,6.704706672220125,0,2.8581912594740233,3.9518650253901035,-70.90152762535499,-4.003947358220078e-08,182.1678706150357,2.9643673022827025e-15,2.8581912594740233,0-2,10,2.5500000000000114,2550,,,,,0,4.599860246970935,6.707707671605569,2.8581912594740233,3.9518650253901035,5.313037328406299e-06,negative_baseline,20.0,0,0,0,0,0,0,0,0,0,0,-1,0,0,0,1,1,0,1,0,0
sim_0005_n3_seed47,47,0.001,3,363.0,2,body_2,8.648712297334397,4.926411902220734,1.1113150831825303e-05,1.0580755185223882e-05,3.419120959229108,3.6052104458055556,0,3.290794053552832,3.3889373052729295,-70.90152439953759,5.4576776321122e-09,182.16787061503555,2.1842706437872543e-15,3.290794053552832,0-2,10,3.5500000000000114,3550,,,,,0,3.419120959229108,3.6042296285654802,3.290794053552832,3.3889373052729295,6.580638997125719e-06,negative_baseline,20.0,0,0,0,0,0,0,0,0,0,0,-1,0,0,0,0,0,0,1,0,0
sim_0005_n3_seed47,47,0.001,3,364.0,2,body_2,8.648712297334397,4.926411902220734,9.091559204608798e-06,1.1888649254270238e-05,4.221481820892874,5.58748931641869,0,2.9846222731467456,3.7822773472538564,-70.90152628643202,-2.115521157585989e-08,182.1678706150357,2.9643673022827025e-15,2.9846222731467456,0-2,10,4.550000000000011,4550,,,,,0,4.221481820892874,5.583479207670422,2.9846222731467456,3.7822773472538564,5.382607991454009e-06,negative_baseline,20.0,0,0,0,0,0,0,0,0,0,0,-1,0,0,0,1,1,0,1,0,0
sim_0005_n3_seed47,47,0.001,3,365.0,2,body_2,8.648712297334397,4.926411902220734,7.894660047108142e-06,1.854816875332996e-05,7.253580120719622,15.552754709589363,0,2.2841488567575734,4.883853477910925,-70.90155122902695,-3.729472923325559e-07,182.16787061503575,3.2764059656808815e-15,2.2841488567575734,0-2,10,5.550000000000011,5550,,,,,0,7.253580120719622,15.609472257739872,2.2841488567575734,4.883853477910925,4.691108166740239e-06,negative_hard,10.0,1,0,0,1,0,0,0,0,0,0,-1,0,0,0,1,1,0,1,0,0
sim_0005_n3_seed47,47,0.001,3,365.5,2,body_2,8.648712297334397,4.926411902220734,1.131977809589807e-05,2.4691008741255618e-05,7.162582096472949,15.233025248943369,0,2.29839958119804,4.8581043261755035,-70.90154996350526,-3.5509828706742597e-07,182.1678706150359,4.05650262417633e-15,2.29839958119804,0-2,10,6.050000000000011,6050,,,,,0,7.162582096472949,15.294885077428654,2.29839958119804,4.8581043261755035,6.7238030191693904e-06,negative_hard,10.0,1,0,0,1,0,0,0,0,0,0,-1,0,0,0,1,1,0,1,0,0
sim_0005_n3_seed47,47,0.001,3,366.0,2,body_2,8.648712297334397,4.926411902220734,1.5974662663465323e-05,2.545163486841816e-05,5.43552568291751,9.272808538838758,0,2.6363863916377674,4.290683928322474,-70.9015324087859,-1.0750531334294435e-07,182.16787061503572,3.120386633981792e-15,2.6363863916377674,0-2,10,6.550000000000011,6550,,,,,0,5.43552568291751,9.28466449193887,2.6363863916377674,4.290683928322474,9.476183528924843e-06,negative_baseline,20.0,0,0,0,0,0,0,0,0,0,0,-1,0,0,0,1,1,0,1,0,0
sim_0005_n3_seed47,47,0.001,3,367.0,2,body_2,8.648712297334397,4.926411902220734,2.1350959746406023e-05,2.1677263862659244e-05,3.5728542091459237,3.8572172882033224,0,3.241723903378257,3.443217607215991,-70.90152456842563,3.0756691138292614e-09,182.16787061503555,2.1842706437872543e-15,3.241723903378257,0-2,10,7.550000000000011,7550,,,,,0,3.5728542091459237,3.856559700654599,3.241723903378257,3.443217607215991,1.2646902501026608e-05,negative_baseline,20.0,0,0,0,0,0,0,0,0,0,0,-1,0,0,0,1,1,0,1,0,0
sim_0005_n3_seed47,47,0.001,3,368.0,2,body_2,8.648712297334397,4.926411902220734,1.9708651484074487e-05,2.259656295626659e-05,3.8404199499448395,4.553655717242535,0,3.128351775951177,3.5908262857331463,-70.90152521137645,-5.992553680881007e-09,182.16787061503535,1.0921353218936272e-15,3.128351775951177,0-2,10,8.550000000000011,8550,,,,,0,3.8404199499448395,4.550423919902519,3.128351775951177,3.5908262857331463,1.1666103405422127e-05,negative_baseline,20.0,0,0,0,0,0,0,0,0,0,0,-1,0,0,0,1,1,0,1,0,0
sim_0005_n3_seed47,47,0.001,3,369.0,2,body_2,8.648712297334397,4.926411902220734,1.4848641422838011e-05,3.0080435949173964e-05,6.435710022419214,12.664016314100706,0,2.42260349784324,4.63936739787191,-70.90154125330349,-2.3224900004624242e-07,182.1678706150354,1.4041739852918063e-15,2.42260349784324,0-2,10,9.550000000000011,9550,,,,,0,6.435710022419214,12.686014333098244,2.42260349784324,4.63936739787191,8.800114800126798e-06,negative_baseline,20.0,1,0,0,1,0,0,0,0,0,0,-1,0,0,0,1,1,0,1,0,0
sim_0005_n3_seed47,47,0.001,3,369.25,2,body_2,8.648712297334397,4.926411902220734,1.4869799547302856e-05,3.355366824335986e-05,7.227817272339974,15.484667141941857,0,2.2865615594808304,4.879164619377599,-70.90155107284494,-3.7074449046342626e-07,182.1678706150356,2.4963093071854337e-15,2.2865615594808304,0-2,10,9.800000000000011,9800,,,,,0,7.227817272339974,15.540795157308496,2.2865615594808304,4.879164619377599,8.820997079800672e-06,negative_hard,10.0,1,0,0,1,0,0,0,0,0,0,-1,0,0,0,1,1,0,1,0,0
sim_0005_n3_seed47,47,0.001,3,369.75,2,body_2,8.648712297334397,4.926411902220734,1.841734668867688e-05,3.970397516154988e-05,7.139356341567064,15.162863082491862,0,2.3009444075355585,4.853407122934652,-70.90154982530451,-3.5314909419375207e-07,182.16787061503592,4.212521955875419e-15,2.3009444075355585,0-2,10,10.300000000000011,10300,,,,,0,7.139356341567064,15.224029391578508,2.3009444075355585,4.853407122934652,1.0932288594156928e-05,negative_hard,10.0,1,0,0,1,0,0,0,0,0,0,-1,0,0,0,1,1,0,1,0,0
sim_0005_n3_seed47,47,0.001,3,370.0,2,body_2,8.648712297334397,4.926411902220734,2.1321570157687052e-05,4.011115495376932e-05,6.312669880386695,12.229825082440417,0,2.446728244739439,4.598931924732054,-70.90153994816289,-2.1384120692798772e-07,182.16787061503553,2.028251312088165e-15,2.446728244739439,0-2,10,10.550000000000011,10550,,,,,0,6.312669880386695,12.260752818718277,2.446728244739439,4.598931924732054,1.2651694851750031e-05,negative_baseline,20.0,1,0,0,0,0,0,0,0,0,0,-1,0,0,0,1,1,0,1,0,0
sim_0005_n3_seed47,47,0.001,3,371.0,2,body_2,8.648712297334397,4.926411902220734,3.066092576358416e-05,3.363524723620648e-05,3.8071698497427846,4.435919357554194,0,3.1460053837527275,3.566319540356602,-70.90152508895146,-4.2658631311549274e-09,182.16787061503535,1.0921353218936272e-15,3.1460053837527275,0-2,10,11.550000000000011,11550,,,,,0,3.8071698497427846,4.435835756667108,3.1460053837527275,3.566319540356602,1.8166646704471592e-05,negative_baseline,20.0,0,0,0,0,0,0,0,0,0,0,-1,0,0,0,1,1,0,1,0,0
sim_0005_n3_seed47,47,0.001,3,372.0,2,body_2,8.648712297334397,4.926411902220734,3.0866572328302344e-05,3.271804417219897e-05,3.6103799567253185,3.9353975020586662,0,3.227822012610527,3.461133831906923,-70.90152464860324,1.944838512895107e-09,182.16787061503555,2.1842706437872543e-15,3.227822012610527,0-2,10,12.550000000000011,12550,,,,,0,3.6103799567253185,3.93299609357402,3.227822012610527,3.461133831906923,1.82739901360477e-05,negative_baseline,20.0,0,0,0,0,0,0,0,0,0,0,-1,0,0,0,1,1,0,1,0,0
sim_0005_n3_seed47,47,0.001,3,373.0,2,body_2,8.648712297334397,4.926411902220734,2.3832630971431514e-05,4.0984817681542165e-05,5.559325239247465,9.698675932896046,0,2.605008135939099,4.3409214191866115,-70.90153345620212,-1.2227814400757602e-07,182.16787061503535,1.0921353218936272e-15,2.605008135939099,0-2,10,13.550000000000011,13550,,,,,0,5.559325239247465,9.701703147804883,2.605008135939099,4.3409214191866115,1.411037108043134e-05,negative_baseline,20.0,0,0,0,0,0,0,0,0,0,0,-1,0,0,0,1,1,0,1,0,0
sim_0005_n3_seed47,47,0.001,3,373.5,2,body_2,8.648712297334397,4.926411902220734,2.194462026534787e-05,4.874978320477459e-05,7.2258160792019055,15.486440542946545,0,2.286231908774952,4.879706058896917,-70.90155113821335,-3.716664510464365e-07,182.16787061503535,1.0921353218936272e-15,2.286231908774952,0-2,10,14.050000000000011,14050,,,,,0,7.2258160792019055,15.542872153631363,2.286231908774952,4.879706058896917,1.300882009387423e-05,negative_hard,10.0,1,0,0,1,0,0,0,0,0,0,-1,0,0,0,1,1,0,1,0,0
sim_0005_n3_seed47,47,0.001,3,374.0,2,body_2,8.648712297334397,4.926411902220734,2.5603795786594063e-05,5.478329119291218e-05,7.115841832009676,15.08231465323818,0,2.3042516758061313,4.847354039229255,-70.90154957898946,-3.4967504967314956e-07,182.16787061503553,2.028251312088165e-15,2.3042516758061313,0-2,10,14.550000000000011,14550,,,,,0,7.115841832009676,15.142589757022153,2.3042516758061313,4.847354039229255,1.5190258578865333e-05,negative_hard,10.0,1,0,0,1,0,0,0,0,0,0,-1,0,0,0,1,1,0,1,0,0
sim_0005_n3_seed47,47,0.001,3,375.0,2,body_2,8.648712297334397,4.926411902220734,3.8611847291832256e-05,4.697485023605533e-05,4.167926706638405,5.4125314801481705,0,3.0089535765931363,3.7499001400411434,-70.90152614850089,-1.9209821477194322e-08,182.16787061503507,-4.680579950972688e-16,3.0089535765931363,0-2,10,15.550000000000011,15550,,,,,0,4.167926706638405,5.4135774099161384,3.0089535765931363,3.7499001400411434,2.2882871883391062e-05,negative_baseline,20.0,0,0,0,0,0,0,0,0,0,0,-1,0,0,0,1,1,0,1,0,0
sim_0005_n3_seed47,47,0.001,3,376.0,2,body_2,8.648712297334397,4.926411902220734,4.203089365402955e-05,4.2790577846424913e-05,3.4983937818858033,3.6357364710037112,0,3.2807324084713425,3.393066503862515,-70.9015243998118,5.4538101179309425e-09,182.1678706150351,-3.120386633981792e-16,3.2807324084713425,0-2,10,16.55000000000001,16550,,,,,0,3.4983937818858033,3.634021160078615,3.2807324084713425,3.393066503862515,2.4889099272181264e-05,negative_baseline,20.0,0,0,0,0,0,0,0,0,0,0,-1,0,0,0,1,1,0,1,0,0
sim_0005_n3_seed47,47,0.001,3,377.0,2,body_2,8.648712297334397,4.926411902220734,3.4518893355275874e-05,5.080288973942059e-05,4.820971454309801,7.355262461984868,0,2.7962514624263894,4.0509969383665485,-70.90152892133145,-5.831801504194836e-08,182.16787061503442,-4.05650262417633e-15,2.7962514624263894,0-2,10,17.55000000000001,17550,,,,,0,4.820971454309801,7.35215606726281,2.7962514624263894,4.0509969383665485,2.0433216273313347e-05,negative_baseline,20.0,0,0,0,0,0,0,0,0,0,0,-1,0,0,0,1,1,0,1,0,0
sim_0005_n3_seed47,47,0.001,3,377.75,2,body_2,8.648712297334397,4.926411902220734,2.904037100182864e-05,6.401900095915414e-05,7.231057351344104,15.509514711257637,0,2.2850654976889078,4.88181074495599,-70.90155126797289,-3.734965885811218e-07,182.16787061503396,-6.552811931361763e-15,2.2850654976889078,0-2,10,18.30000000000001,18300,,,,,0,7.231057351344104,15.566501958517945,2.2850654976889078,4.88181074495599,1.7208848563966732e-05,negative_hard,10.0,1,0,0,1,0,0,0,0,0,0,-1,0,0,0,1,1,0,1,0,0
sim_0005_n3_seed47,47,0.001,3,378.0,2,body_2,8.648712297334397,4.926411902220734,3.0041217951341175e-05,6.81080471589125e-05,7.502243139622944,16.491137561934977,0,2.2437129772130433,4.958008319110673,-70.90155529587418,-4.303063863358247e-07,182.16787061503408,-5.928734604565405e-15,2.2437129772130433,0-2,10,18.55000000000001,18550,,,,,0,7.502243139622944,16.567962231317804,2.2437129772130433,4.958008319110673,1.781178040838056e-05,negative_baseline,20.0,1,1,0,1,0,0,0,0,0,0,-1,0,0,0,1,1,0,1,0,0
sim_0005_n3_seed47,47,0.001,3,378.25,2,body_2,8.648712297334397,4.926411902220734,3.283311116312477e-05,6.985157724267203e-05,7.093301486449698,15.002182948394049,0,2.3076689884615917,4.841151362702442,-70.90154931366988,-3.4593296393144166e-07,182.16787061503408,-5.928734604565405e-15,2.3076689884615917,0-2,10,18.80000000000001,18800,,,,,0,7.093301486449698,15.061550994195153,2.3076689884615917,4.841151362702442,1.9471791330577485e-05,negative_hard,10.0,1,0,0,1,0,0,0,0,0,0,-1,0,0,0,1,1,0,1,0,0
sim_0005_n3_seed47,47,0.001,3,379.0,2,body_2,8.648712297334397,4.926411902220734,4.4876776176831624e-05,6.206491658786144e-05,4.686268730803697,6.91945847939462,0,2.8386523418449126,3.9891672445586455,-70.90152821737372,-4.8389346706072055e-08,182.1678706150341,-5.7727152728663156e-15,2.8386523418449126,0-2,10,19.55000000000001,19550,,,,,0,4.686268730803697,6.923329276208873,2.8386523418449126,3.9891672445586455,2.6600058307504434e-05,negative_baseline,20.0,0,0,0,0,0,0,0,0,0,0,-1,0,0,0,1,1,0,1,0,0
sim_0005_n3_seed47,47,0.001,3,380.0,2,body_2,8.648712297334397,4.926411902220734,5.268345612571897e-05,5.337519401236377e-05,3.4912542714073154,3.607041818401934,0,3.2857003298047918,3.386364687690632,-70.90152437581835,5.792215404051323e-09,182.16787061503388,-7.020869926459032e-15,3.2857003298047918,0-2,10,20.55000000000001,20550,,,,,0,3.4912542714073154,3.605869930298284,3.2857003298047918,3.386364687690632,3.120331752954372e-05,negative_baseline,20.0,0,0,0,0,0,0,0,0,0,0,-1,0,0,0,1,1,0,1,0,0
sim_0005_n3_seed47,47,0.001,3,381.0,2,body_2,8.648712297334397,4.926411902220734,4.638579903423338e-05,5.968801736175718e-05,4.268075962665237,5.716474148991065,0,2.9711855731678902,3.802473140645119,-70.90152654526472,-2.480580583392479e-08,182.16787061503354,-8.893101906848107e-15,2.9711855731678902,0-2,10,21.55000000000001,21550,,,,,0,4.268075962665237,5.712531099871289,2.9711855731678902,3.802473140645119,2.7460273491213645e-05,negative_baseline,20.0,0,0,0,0,0,0,0,0,0,0,-1,0,0,0,1,1,0,1,0,0
sim_0005_n3_seed47,47,0.001,3,382.0,2,body_2,8.648712297334397,4.926411902220734,3.6137354916889006e-05,7.933577926505156e-05,7.239554749224242,15.5427683773748,0,2.2835027427289827,4.884648862486304,-70.90155142778825,-3.7575063541401487e-07,182.16787061503376,-7.644947253255391e-15,2.2835027427289827,0-2,10,22.55000000000001,22550,,,,,0,7.239554749224242,15.600430134440366,2.2835027427289827,4.884648862486304,2.1409816911031392e-05,negative_hard,10.0,1,0,0,1,0,0,0,0,0,0,-1,0,0,0,1,1,0,1,0,0
sim_0005_n3_seed47,47,0.001,3,382.5,2,body_2,8.648712297334397,4.926411902220734,4.0091645353089266e-05,8.488575356235409e-05,7.071186449798672,14.922184078015515,0,2.3111566378820094,4.834855239220145,-70.90154903953116,-3.4206649259203164e-07,182.16787061503402,-6.240773267963584e-15,2.3111566378820094,0-2,10,23.05000000000001,23050,,,,,0,7.071186449798672,14.980638008457188,2.3111566378820094,4.834855239220145,2.3769418518275665e-05,negative_hard,10.0,1,0,0,1,0,0,0,0,0,0,-1,0,0,0,1,1,0,1,0,0
sim_0005_n3_seed47,47,0.001,3,383.0,2,body_2,8.648712297334397,4.926411902220734,4.934202004874606e-05,7.895978165270777e-05,5.38136511456416,9.094458086917415,0,2.6494023851528863,4.272018832250698,-70.90153217740097,-1.0424184430658873e-07,182.16787061503382,-7.332908589857212e-15,2.6494023851528863,0-2,10,23.55000000000001,23550,,,,,0,5.38136511456416,9.105739864217593,2.6494023851528863,4.272018832250698,2.924883213758496e-05,negative_baseline,20.0,0,0,0,0,0,0,0,0,0,0,-1,0,0,0,1,1,0,1,0,0
sim_0005_n3_seed47,47,0.001,3,384.0,2,body_2,8.648712297334397,4.926411902220734,6.232435655319911e-05,6.502636937045088e-05,3.5873775154154477,3.843848180910812,0,3.2428658811818853,3.440764896603674,-70.90152456974779,3.0570212255669275e-09,182.16787061503396,-6.552811931361763e-15,3.2428658811818853,0-2,10,24.55000000000001,24550,,,,,0,3.5873775154154477,3.843153299276744,3.2428658811818853,3.440764896603674,3.691916950589756e-05,negative_baseline,20.0,0,0,0,0,0,0,0,0,0,0,-1,0,0,0,1,1,0,1,0,0
sim_0005_n3_seed47,47,0.001,3,385.0,2,body_2,8.648712297334397,4.926411902220734,5.885029338577639e-05,6.809432350555943e-05,3.8844410742150406,4.644814410064662,0,3.1143649711867116,3.608762392281516,-70.90152532492439,-7.594041676654793e-09,182.16787061503408,-5.928734604565405e-15,3.1143649711867116,0-2,10,25.55000000000001,25550,,,,,0,3.8844410742150406,4.641503189245928,3.1143649711867116,3.608762392281516,3.484504886034975e-05,negative_baseline,20.0,0,0,0,0,0,0,0,0,0,0,-1,0,0,0,1,1,0,1,0,0
sim_0005_n3_seed47,47,0.001,3,386.0,2,body_2,8.648712297334397,4.926411902220734,4.482623283218473e-05,8.856451893107372e-05,6.499142251328804,12.907567072214466,0,2.409306557361668,4.662447812349724,-70.9015421192722,-2.4446268238663014e-07,182.16787061503445,-3.90048329247724e-15,2.409306557361668,0-2,10,26.55000000000001,26550,,,,,0,6.499142251328804,12.932248600405632,2.409306557361668,4.662447812349724,2.65448997591121e-05,negative_baseline,20.0,1,0,0,1,0,0,0,0,0,0,-1,0,0,0,1,1,0,1,0,0
sim_0005_n3_seed47,47,0.001,3,386.1,2,body_2,8.648712297334397,4.926411902220734,4.393708977501658e-05,9.111213587272906e-05,6.836214916674477,14.098608428859036,0,2.349387277682516,4.7665860216361,-70.90154607014308,-3.001860381647597e-07,182.1678706150345,-3.5884446290790605e-15,2.349387277682516,0-2,10,26.650000000000034,26650,,,,,0,6.836214916674477,14.136162619655659,2.349387277682516,4.7665860216361,2.6021656154873942e-05,negative_hard,10.0,1,0,0,1,0,0,0,0,0,0,-1,0,0,0,1,1,0,1,0,0
sim_0005_n3_seed47,47,0.001,3,386.6,2,body_2,8.648712297334397,4.926411902220734,4.5129132767839916e-05,9.985624142807359e-05,7.383588940360521,16.056856711240176,0,2.261514231497699,4.925055421091251,-70.9015535274414,-4.0536428830801523e-07,182.1678706150342,-5.304657277769046e-15,2.261514231497699,0-2,10,27.150000000000034,27150,,,,,0,7.383588940360521,16.12928424300321,2.261514231497699,4.925055421091251,2.6746981199183936e-05,negative_hard,10.0,1,0,0,1,0,0,0,0,0,0,-1,0,0,0,1,1,0,1,0,0
sim_0005_n3_seed47,47,0.001,3,387.0,2,body_2,8.648712297334397,4.926411902220734,5.229672660470772e-05,9.706529811515048e-05,6.2182400749779445,11.901137279314899,0,2.4647634430919996,4.568862857274401,-70.90153910703147,-2.0197783125870015e-07,182.16787061503445,-3.90048329247724e-15,2.4647634430919996,0-2,10,27.55000000000001,27550,,,,,0,6.2182400749779445,11.929609566034246,2.4647634430919996,4.568862857274401,3.0998572840076904e-05,negative_baseline,20.0,0,0,0,0,0,0,0,0,0,0,-1,0,0,0,1,1,0,1,0,0
sim_0005_n3_seed47,47,0.001,3,388.0,2,body_2,8.648712297334397,4.926411902220734,7.048982793469405e-05,7.826792487513014e-05,3.7953361708398305,4.380957479542675,0,3.154113430444152,3.5558189155608777,-70.90152505619683,-3.803889604444295e-09,182.16787061503445,-3.90048329247724e-15,3.154113430444152,0-2,10,28.55000000000001,28550,,,,,0,3.7953361708398305,4.380831580462199,3.154113430444152,3.5558189155608777,4.1760558682134856e-05,negative_baseline,20.0,0,0,0,0,0,0,0,0,0,0,-1,0,0,0,1,1,0,1,0,0
sim_0005_n3_seed47,47,0.001,3,388.35,2,body_2,8.648712297334397,4.926411902220734,7.303501433011145e-05,7.519085716208686e-05,3.53601302522764,3.708980038623773,0,3.26674650912723,3.410170635558631,-70.90152445872391,4.622909691318738e-09,182.16787061503447,-3.744463960778151e-15,3.26674650912723,0-2,10,28.900000000000034,28900,,,,,0,3.53601302522764,3.7080770908770657,3.26674650912723,3.410170635558631,4.326145468976264e-05,negative_hard,10.0,0,0,0,0,0,0,0,0,0,0,-1,0,0,0,1,1,0,1,0,0
sim_0005_n3_seed47,47,0.001,3,389.0,2,body_2,8.648712297334397,4.926411902220734,7.132605309666521e-05,7.657292419725873e-05,3.641696411068068,3.993769888515091,0,3.2170988082601903,3.4741939732321154,-70.90152470440107,1.1578621118733973e-09,182.16787061503416,-5.460676609468136e-15,3.2170988082601903,0-2,10,29.55000000000001,29550,,,,,0,3.641696411068068,3.991279318167655,3.2170988082601903,3.4741939732321154,4.223859562528826e-05,negative_baseline,20.0,0,0,0,0,0,0,0,0,0,0,-1,0,0,0,1,1,0,1,0,0
sim_0005_n3_seed47,47,0.001,3,390.0,2,body_2,8.648712297334397,4.926411902220734,5.6064202149014606e-05,9.615954299512862e-05,5.642244959546005,9.986507933551945,0,2.584801973209664,4.373300292528832,-70.90153416668605,-1.3229885841932893e-07,182.16787061503413,-5.616695941167225e-15,2.584801973209664,0-2,10,30.55000000000001,30550,,,,,0,5.642244959546005,9.990954483191219,2.584801973209664,4.373300292528832,3.319573758174036e-05,negative_baseline,20.0,0,0,0,0,0,0,0,0,0,0,-1,0,0,0,1,1,0,1,0,0
sim_0005_n3_seed47,47,0.001,3,390.3,2,body_2,8.648712297334397,4.926411902220734,5.1710712557941584e-05,0.00010482389239050953,6.693876398217059,13.599230499387355,0,2.373819233027568,4.723815285036127,-70.90154437209077,-2.762365910864414e-07,182.1678706150342,-5.304657277769046e-15,2.373819233027568,0-2,10,30.850000000000023,30850,,,,,0,6.693876398217059,13.63105985910209,2.373819233027568,4.723815285036127,3.0623837587563246e-05,negative_hard,10.0,1,0,0,1,0,0,0,0,0,0,-1,0,0,0,1,1,0,1,0,0
sim_0005_n3_seed47,47,0.001,3,390.8,2,body_2,8.648712297334397,4.926411902220734,5.161347361794112e-05,0.00011493740321680344,7.437017698369661,16.25341126111426,0,2.2532295586528326,4.940285836759944,-70.90155435579626,-4.170474625897125e-07,182.16787061503425,-4.992618614370867e-15,2.2532295586528326,0-2,10,31.350000000000023,31350,,,,,0,7.437017698369661,16.328105539146573,2.2532295586528326,4.940285836759944,3.0583690898230115e-05,negative_hard,10.0,1,1,0,1,0,0,0,0,0,0,-1,0,0,0,1,1,0,1,0,0
sim_0005_n3_seed47,47,0.001,3,391.0,2,body_2,8.648712297334397,4.926411902220734,5.4679724129543616e-05,0.00011480821011850814,7.0257231569080805,14.755525511825944,0,2.318613921821117,4.821459156044277,-70.90154844699782,-3.3370936146528245e-07,182.1678706150345,-3.5884446290790605e-15,2.318613921821117,0-2,10,31.55000000000001,31550,,,,,0,7.0257231569080805,14.812052606683839,2.318613921821117,4.821459156044277,3.2404722696140775e-05,negative_baseline,20.0,1,0,0,1,0,0,0,0,0,0,-1,0,0,0,1,1,0,1,0,0
sim_0005_n3_seed47,47,0.001,3,392.0,2,body_2,8.648712297334397,4.926411902220734,7.678794180160276e-05,9.354773698761001e-05,4.1330913591169836,5.296994098182704,0,3.023732019428079,3.7301585067429097,-70.90152603359059,-1.7589118574210296e-08,182.16787061503467,-2.652328638884523e-15,3.023732019428079,0-2,10,32.55000000000001,32550,,,,,0,4.1330913591169836,5.297908752713818,3.023732019428079,3.7301585067429097,4.549409073780022e-05,negative_baseline,20.0,0,0,0,0,0,0,0,0,0,0,-1,0,0,0,1,1,0,1,0,0
sim_0005_n3_seed47,47,0.001,3,392.8,2,body_2,8.648712297334397,4.926411902220734,8.373081371244581e-05,8.527189930356967e-05,3.4918264971939785,3.5939524456318828,0,3.2876787523927757,3.3833781720730136,-70.90152436344793,5.966688677639469e-09,182.16787061503462,-2.9643673022827025e-15,3.2876787523927757,0-2,10,33.35000000000002,33350,,,,,0,3.4918264971939785,3.592628441683439,3.2876787523927757,3.3833781720730136,4.9593263200042216e-05,negative_hard,10.0,0,0,0,0,0,0,0,0,0,0,-1,0,0,0,1,1,0,1,0,0
sim_0005_n3_seed47,47,0.001,3,393.0,2,body_2,8.648712297334397,4.926411902220734,8.323991696017301e-05,8.568376835638435e-05,3.517243898381844,3.6628534127027033,0,3.275018224889302,3.399529663029745,-70.90152441884004,5.185434578124543e-09,182.1678706150347,-2.4963093071854337e-15,3.275018224889302,0-2,10,33.55000000000001,33550,,,,,0,3.517243898381844,3.661058874343,3.275018224889302,3.399529663029745,4.929961312068398e-05,negative_baseline,20.0,0,0,0,0,0,0,0,0,0,0,-1,0,0,0,1,1,0,1,0,0
sim_0005_n3_seed47,47,0.001,3,393.3,2,body_2,8.648712297334397,4.926411902220734,8.088214717683755e-05,8.819473739537239e-05,3.6903736027447165,4.118281485526107,0,3.1961567146676386,3.5010739151647545,-70.90152481066067,-3.4083070014957826e-10,182.16787061503467,-2.652328638884523e-15,3.1961567146676386,0-2,10,33.85000000000002,33850,,,,,0,3.6903736027447165,4.11559222962421,3.1961567146676386,3.5010739151647545,4.789933343785582e-05,negative_hard,10.0,0,0,0,0,0,0,0,0,0,0,-1,0,0,0,1,1,0,1,0,0
sim_0005_n3_seed47,47,0.001,3,394.0,2,body_2,8.648712297334397,4.926411902220734,6.919616211485756e-05,0.00010262297943029074,4.897943054103966,7.6038358092047975,0,2.7732040280509964,4.0852400138307505,-70.90152935891261,-6.448968998842951e-08,182.16787061503487,-1.560193316990896e-15,2.7732040280509964,0-2,10,34.55000000000001,34550,,,,,0,4.897943054103966,7.601133598133441,2.7732040280509964,4.0852400138307505,4.0973910759940374e-05,negative_baseline,20.0,0,0,0,0,0,0,0,0,0,0,-1,0,0,0,1,1,0,1,0,0
sim_0005_n3_seed47,47,0.001,3,394.7,2,body_2,8.648712297334397,4.926411902220734,5.767217130815968e-05,0.00012438716721144548,7.164753132548922,15.291433195357143,0,2.2944232028399076,4.8648527488984605,-70.90155047112212,-3.6225775030991824e-07,182.1678706150349,-1.4041739852918063e-15,2.2944232028399076,0-2,10,35.25,35250,,,,,0,7.164753132548922,15.34529767403076,2.2944232028399076,4.8648527488984605,3.416028130290058e-05,negative_hard,10.0,1,0,0,1,0,0,0,0,0,0,-1,0,0,0,1,1,0,1,0,0
sim_0005_n3_seed47,47,0.001,3,395.0,2,body_2,8.648712297334397,4.926411902220734,5.815953896868218e-05,0.000130036704152034,7.4718578230668955,16.386398152870225,0,2.24771983561726,4.95039781436793,-70.90155490558554,-4.2480172850812634e-07,182.16787061503476,-2.1842706437872543e-15,2.24771983561726,0-2,10,35.55000000000001,35550,,,,,0,7.4718578230668955,16.462331342393263,2.24771983561726,4.95039781436793,3.4458053118174404e-05,negative_baseline,20.0,1,1,0,1,0,0,0,0,0,0,-1,0,0,0,1,1,0,1,0,0
sim_0005_n3_seed47,47,0.001,3,395.2,2,body_2,8.648712297334397,4.926411902220734,6.103214512931568e-05,0.00013014912631928753,7.137864165754512,15.16028477635168,0,2.300303064820897,4.854288870060269,-70.90154996183895,-3.550747853446421e-07,182.167870615035,-7.80096658495448e-16,2.300303064820897,0-2,10,35.75,35750,,,,,0,7.137864165754512,15.221620380427131,2.300303064820897,4.854288870060269,3.6163956985260336e-05,negative_hard,10.0,1,0,0,1,0,0,0,0,0,0,-1,0,0,0,1,1,0,1,0,0
sim_0005_n3_seed47,47,0.001,3,396.0,2,body_2,8.648712297334397,4.926411902220734,8.096891112186108e-05,0.00011113277113435191,4.6246553667508525,6.7133028845839435,0,2.8597761328649507,3.9594795950364823,-70.90152792113119,-4.421112157454018e-08,182.16787061503447,-3.744463960778151e-15,2.8597761328649507,0-2,10,36.55000000000001,36550,,,,,0,4.6246553667508525,6.7167280842740835,2.8597761328649507,3.9594795950364823,4.797120938657847e-05,negative_baseline,20.0,0,0,0,0,0,0,0,0,0,0,-1,0,0,0,1,1,0,1,0,0
sim_0005_n3_seed47,47,0.001,3,397.0,2,body_2,8.648712297334397,4.926411902220734,9.402555348504912e-05,9.593951339088417e-05,3.4982648463853465,3.597929654611613,0,3.286828805180948,3.3840463835609196,-70.90152435477846,6.088963537787575e-09,182.16787061503422,-5.148637946069957e-15,3.286828805180948,0-2,10,37.55000000000001,37550,,,,,0,3.4982648463853465,3.596686130095186,3.286828805180948,3.3840463835609196,5.569078015567584e-05,negative_baseline,20.0,0,0,0,0,0,0,0,0,0,0,-1,0,0,0,1,1,0,1,0,0
sim_0005_n3_seed47,47,0.001,3,397.6,2,body_2,8.648712297334397,4.926411902220734,9.026060420260529e-05,0.00010014318514653774,3.747102290293234,4.261292647485798,0,3.1726728553507404,3.5309980600976627,-70.90152492025702,-1.8865850826942983e-09,182.16787061503408,-5.928734604565405e-15,3.1726728553507404,0-2,10,38.150000000000034,38150,,,,,0,3.747102290293234,4.258372779898734,3.1726728553507404,3.5309980600976627,5.34547994453554e-05,negative_hard,10.0,0,0,0,0,0,0,0,0,0,0,-1,0,0,0,1,1,0,1,0,0
sim_0005_n3_seed47,47,0.001,3,398.0,2,body_2,8.648712297334397,4.926411902220734,8.340407243990367e-05,0.00010859895132278428,4.332568867693586,5.906424802596197,0,2.9483257451481704,3.833966505135189,-70.90152676449479,-2.7897841932648707e-08,182.16787061503433,-4.524560619273598e-15,2.9483257451481704,0-2,10,38.55000000000001,38550,,,,,0,4.332568867693586,5.902413196422019,2.9483257451481704,3.833966505135189,4.939188172882401e-05,negative_baseline,20.0,0,0,0,0,0,0,0,0,0,0,-1,0,0,0,1,1,0,1,0,0
sim_0005_n3_seed47,47,0.001,3,398.1,2,body_2,8.648712297334397,4.926411902220734,8.128513508161907e-05,0.0001113857910119333,4.546359060689907,6.540234767672547,0,2.8777320787158973,3.9335829287481787,-70.90152764256467,-4.0282200183249855e-08,182.16787061503436,-4.368541287574509e-15,2.8777320787158973,0-2,10,38.650000000000034,38650,,,,,0,4.546359060689907,6.53637485202438,2.8777320787158973,3.9335829287481787,4.81368290858882e-05,negative_hard,10.0,0,0,0,0,0,0,0,0,0,0,-1,0,0,0,1,1,0,1,0,0
sim_0005_n3_seed47,47,0.001,3,398.95,2,body_2,8.648712297334397,4.926411902220734,6.494875824569333e-05,0.0001402797573592363,7.192930861115801,15.429135959816433,0,2.2886868669452105,4.875451628430024,-70.90155094910034,-3.689991881029955e-07,182.1678706150345,-3.5884446290790605e-15,2.2886868669452105,0-2,10,39.5,39500,,,,,0,7.192930861115801,15.484910477647295,2.2886868669452105,4.875451628430024,3.847307351861988e-05,negative_hard,10.0,1,0,0,1,0,0,0,0,0,0,-1,0,0,0,1,1,0,1,0,0
sim_0005_n3_seed47,47,0.001,3,399.0,2,body_2,8.648712297334397,4.926411902220734,6.465086202538632e-05,0.0001416298585668879,7.303338584473285,15.824045604253387,0,2.2715811309466236,4.906551517186975,-70.90155251566082,-3.9109406532328777e-07,182.16787061503456,-3.2764059656808815e-15,2.2715811309466236,0-2,10,39.55000000000001,39550,,,,,0,7.303338584473285,15.886291975666417,2.2715811309466236,4.906551517186975,3.829795336930155e-05,negative_baseline,20.0,1,0,0,1,0,0,0,0,0,0,-1,0,0,0,1,1,0,1,0,0
sim_0005_n3_seed47,47,0.001,3,399.45,2,body_2,8.648712297334397,4.926411902220734,6.835464801452603e-05,0.000145223069010121,7.114129491451915,15.076002802072273,0,2.3042219810230082,4.84688190581971,-70.90154955928256,-3.493971021560031e-07,182.16787061503425,-4.992618614370867e-15,2.3042219810230082,0-2,10,40.0,40000,,,,,0,7.114129491451915,15.136156236871022,2.3042219810230082,4.84688190581971,4.050078369144102e-05,negative_hard,10.0,1,0,0,1,0,0,0,0,0,0,-1,0,0,0,1,1,0,1,0,0
sim_0005_n3_seed47,47,0.001,3,399.95,2,body_2,8.648712297334397,4.926411902220734,8.161134611980007e-05,0.00013253741723320156,5.4450698446925445,9.26825497127414,0,2.6368480817283837,4.29239011515984,-70.90153251916954,-1.0906217179644449e-07,182.16787061503427,-4.836599282671778e-15,2.6368480817283837,0-2,10,40.5,40500,,,,,0,5.4450698446925445,9.28034421086683,2.6368480817283837,4.29239011515984,4.835214047516401e-05,negative_hard,10.0,0,0,0,0,0,0,0,0,0,0,-1,0,0,0,1,1,0,1,0,0
sim_0005_n3_seed47,47,0.001,3,400.0,2,body_2,8.648712297334397,4.926411902220734,8.30630079514614e-05,0.00013089737183478566,5.287043472491241,8.755036375940369,0,2.676231609756468,4.23178885713864,-70.90153145923927,-9.4112842103362e-08,182.16787061503422,-5.148637946069957e-15,2.676231609756468,0-2,10,40.55000000000001,40550,,,,,0,5.287043472491241,8.76488096285849,2.676231609756468,4.23178885713864,4.921145546110696e-05,negative_baseline,20.0,0,0,0,0,0,0,0,0,0,0,-1,0,0,0,1,1,0,1,0,0
sim_0005_n3_seed47,47,0.001,3,401.0,2,body_2,8.648712297334397,4.926411902220734,0.00010306164019172551,0.00010762955533473086,3.5820203731989335,3.7804948066614745,0,3.254768194377626,3.4258326010861486,-70.90152447084144,4.452003285598008e-09,182.16787061503456,-3.2764059656808815e-15,3.254768194377626,0-2,10,41.55000000000001,41550,,,,,0,3.5820203731989335,3.7797410274406604,3.254768194377626,3.4258326010861486,6.1042421944802e-05,negative_baseline,20.0,0,0,0,0,0,0,0,0,0,0,-1,0,0,0,1,1,0,1,0,0
sim_0005_n3_seed47,47,0.001,3,402.0,2,body_2,8.648712297334397,4.926411902220734,9.783189944002606e-05,0.00011473604128284927,3.93600453752505,4.739332270575384,0,3.0985808780510125,3.6250999043164795,-70.90152524618557,-6.483503900181437e-09,182.16787061503462,-2.9643673022827025e-15,3.0985808780510125,0-2,10,42.55000000000001,42550,,,,,0,3.93600453752505,4.735688017147755,3.0985808780510125,3.6250999043164795,5.7938121223826706e-05,negative_baseline,20.0,0,0,0,0,0,0,0,0,0,0,-1,0,0,0,1,1,0,1,0,0
sim_0005_n3_seed47,47,0.001,3,402.40000000000003,2,body_2,8.648712297334397,4.926411902220734,8.954782563928002e-05,0.000126642595982427,4.694295865260899,6.984304483397557,0,2.8309143331632525,3.9990514374206447,-70.90152809031596,-4.659731528994267e-08,182.16787061503473,-2.3402899754863442e-15,2.8309143331632525,0-2,10,42.950000000000045,42950,,,,,0,4.694295865260899,6.980367645053237,2.8309143331632525,3.9990514374206447,5.303323435367767e-05,negative_hard,10.0,0,0,0,0,0,0,0,0,0,0,-1,0,0,0,1,1,0,1,0,0
sim_0005_n3_seed47,47,0.001,3,402.90000000000003,2,body_2,8.648712297334397,4.926411902220734,7.785470446381576e-05,0.00014696306560778408,6.28822251869651,12.399091007414127,0,2.4387085673864455,4.616413975491335,-70.9015403031535,-2.1884801891253137e-07,182.16787061503453,-3.4324252973799714e-15,2.4387085673864455,0-2,10,43.450000000000045,43450,,,,,0,6.28822251869651,12.418447498695553,2.4387085673864455,4.616413975491335,4.6114484791897855e-05,negative_hard,10.0,1,0,0,0,0,0,0,0,0,0,-1,0,0,0,1,1,0,1,0,0
sim_0005_n3_seed47,47,0.001,3,403.0,2,body_2,8.648712297334397,4.926411902220734,7.592804410075005e-05,0.0001510731419705204,6.643113103715296,13.685771086438574,0,2.372154322782281,4.73095059621156,-70.90154437692269,-2.763047407911395e-07,182.16787061503462,-2.9643673022827025e-15,2.372154322782281,0-2,10,43.55000000000001,43550,,,,,0,6.643113103715296,13.717709613456378,2.372154322782281,4.73095059621156,4.497586971014712e-05,negative_baseline,20.0,1,0,0,1,0,0,0,0,0,0,-1,0,0,0,1,1,0,1,0,0
sim_0005_n3_seed47,47,0.001,3,403.40000000000003,2,body_2,8.648712297334397,4.926411902220734,7.24941056854062e-05,0.00016223727824095675,7.501570917759756,16.720157787181055,0,2.23605313595466,4.9720017206817175,-70.90155582004975,-4.376993948418031e-07,182.1678706150347,-2.4963093071854337e-15,2.23605313595466,0-2,10,43.950000000000045,43950,,,,,0,7.501570917759756,16.798901491526173,2.23605313595466,4.9720017206817175,4.295444905942411e-05,negative_hard,10.0,1,1,0,1,0,0,0,0,0,0,-1,0,0,0,1,1,0,1,0,0
sim_0005_n3_seed47,47,0.001,3,403.90000000000003,2,body_2,8.648712297334397,4.926411902220734,8.079472739382845e-05,0.00015562623324642753,6.440100796695915,12.608457375978963,0,2.425367424955221,4.629828812068955,-70.9015405999395,-2.2303390912205006e-07,182.16787061503445,-3.90048329247724e-15,2.425367424955221,0-2,10,44.450000000000045,44450,,,,,0,6.440100796695915,12.641849813266253,2.425367424955221,4.629828812068955,4.787582830470039e-05,negative_hard,10.0,1,0,0,1,0,0,0,0,0,0,-1,0,0,0,1,1,0,1,0,0
sim_0005_n3_seed47,47,0.001,3,404.0,2,body_2,8.648712297334397,4.926411902220734,8.365666725519776e-05,0.0001521981670306231,6.0908114908594735,11.36814369215187,0,2.4962998425308323,4.5121227320077395,-70.90153707202393,-1.7327594443206945e-07,182.16787061503427,-4.836599282671778e-15,2.4962998425308323,0-2,10,44.55000000000001,44550,,,,,0,6.0908114908594735,11.391871748147434,2.4962998425308323,4.5121227320077395,4.957038045456637e-05,negative_baseline,20.0,0,0,0,0,0,0,0,0,0,0,-1,0,0,0,1,1,0,1,0,0
sim_0005_n3_seed47,47,0.001,3,404.40000000000003,2,body_2,8.648712297334397,4.926411902220734,9.57814730088966e-05,0.00013692551708208948,4.851335941889756,7.289802754487487,0,2.806504544156544,4.043919159749212,-70.90152839128936,-5.084226486221415e-08,182.16787061503385,-7.176889258158121e-15,2.806504544156544,0-2,10,44.950000000000045,44950,,,,,0,4.851335941889756,7.294747489280982,2.806504544156544,4.043919159749212,5.6749478891475e-05,negative_hard,10.0,0,0,0,0,0,0,0,0,0,0,-1,0,0,0,0,0,0,1,0,0
sim_0005_n3_seed47,47,0.001,3,404.90000000000003,2,body_2,8.648712297334397,4.926411902220734,0.00010757508193776232,0.00012110891114946715,3.905653495985222,4.573831517852783,0,3.1392787815362944,3.6057826404544935,-70.9015248168792,-4.285372471321856e-10,182.16787061503396,-6.552811931361763e-15,3.1392787815362944,0-2,10,45.450000000000045,45450,,,,,0,3.905653495985222,4.574388863345551,3.1392787815362944,3.6057826404544935,6.372775045594159e-05,negative_hard,10.0,0,0,0,0,0,0,0,0,0,0,-1,0,0,0,0,0,0,1,0,0
sim_0005_n3_seed47,47,0.001,3,405.0,2,body_2,8.648712297334397,4.926411902220734,0.00010913922390942822,0.00011882021098756621,3.7870489953972983,4.258964278575314,0,3.1902870242195704,3.542325462165864,-70.9015245079432,3.928717553089543e-09,182.16787061503393,-6.7088312630608525e-15,3.1902870242195704,0-2,10,45.55000000000001,45550,,,,,0,3.7870489953972983,4.259259635503623,3.1902870242195704,3.542325462165864,6.465076700050135e-05,negative_baseline,20.0,0,0,0,0,0,0,0,0,0,0,-1,0,0,0,0,0,0,1,0,0
sim_0005_n3_seed47,47,0.001,3,405.40000000000003,2,body_2,8.648712297334397,4.926411902220734,0.00011244548357135665,0.00011314918542884929,3.4919848503408195,3.4844572250208468,0,3.331737314648459,3.3617988105427217,-70.90152389993435,1.2504116300240645e-08,182.16787061503396,-6.552811931361763e-15,3.331737314648459,0-2,10,45.950000000000045,45950,,,,,0,3.4919848503408195,3.4840623512459032,3.331737314648459,3.3617988105427217,6.658589376317167e-05,negative_hard,10.0,0,0,0,0,0,0,0,0,0,0,-1,0,0,0,0,0,0,1,0,0
sim_0005_n3_seed47,47,0.001,3,405.90000000000003,2,body_2,8.648712297334397,4.926411902220734,0.00011049980607149121,0.00011482263256344415,3.468826105234107,3.343909223238887,0,3.355492452194497,3.2858436447159223,-70.90152430851666,6.741443204710893e-09,182.16787061503405,-6.0847539362644945e-15,3.355492452194497,0-2,10,46.450000000000045,46450,,,,,0,3.468826105234107,3.3422779975246852,3.355492452194497,3.2858436447159223,6.540212761847756e-05,negative_hard,10.0,0,0,0,0,0,0,0,0,0,0,-1,0,0,0,0,0,0,1,0,0
sim_0005_n3_seed47,47,0.001,3,406.0,2,body_2,8.648712297334397,4.926411902220734,0.00010948299606007504,0.00011651036039353216,3.5107644381935956,3.425243880376946,0,3.3380010876461235,3.291368961768929,-70.90152459650731,2.6796030716080916e-09,182.16787061503408,-5.928734604565405e-15,3.3380010876461235,0-2,10,46.55000000000001,46550,,,,,0,3.5107644381935956,3.4231678020653273,3.3380010876461235,3.291368961768929,6.480027003628371e-05,negative_baseline,20.0,0,0,0,0,0,0,0,0,0,0,-1,0,0,0,0,0,0,1,0,0
sim_0005_n3_seed47,47,0.001,3,407.0,2,body_2,8.648712297334397,4.926411902220734,0.00010294435291534576,0.00018112703771495857,5.539060958930853,9.51111921470739,0,2.6603408173952667,4.063237563099434,-70.90153449911517,-1.3698746173539256e-07,182.16787061503442,-4.05650262417633e-15,2.6603408173952667,0-2,10,47.55000000000001,47550,,,,,0,5.539060958930853,9.491714686216401,2.6603408173952667,4.063237563099434,6.171626927090291e-05,negative_baseline,20.0,0,0,0,0,0,0,0,0,0,0,-1,0,0,0,0,0,0,1,0,0
sim_0005_n3_seed47,47,0.001,3,407.6,2,body_2,8.648712297334397,4.926411902220734,0.00013625008544535945,0.0003574531680173052,10.617751162689169,31.629072648481834,0,1.9021203327568674,5.459303010941045,-70.9015819259134,-8.058982979336174e-07,182.16787061503476,-2.1842706437872543e-15,1.9021203327568674,0-2,10,48.150000000000034,48150,,,,,0,10.617751162689169,31.788855694389486,1.9021203327568674,5.459303010941045,8.332553621801653e-05,negative_hard,10.0,1,1,1,1,0,0,1,0,0,0,-1,0,0,0,0,0,0,1,0,0
sim_0005_n3_seed47,47,0.001,3,408.0,2,body_2,8.648712297334397,4.926411902220734,0.000176983855005518,0.00047964848229038867,12.287269191029376,40.162389863630345,0,1.754757826921617,5.795586733556684,-70.90161963233842,-1.3377123193148705e-06,182.16787061503447,-3.744463960778151e-15,1.754757826921617,0-2,10,48.55000000000001,48550,,,,,0,12.287269191029376,40.64719598433442,1.754757826921617,5.795586733556684,0.00010900256900188678,negative_baseline,20.0,1,1,0,1,0,0,1,0,0,0,-1,0,0,0,0,0,0,1,0,0
sim_0005_n3_seed47,47,0.001,3,408.1,2,body_2,8.648712297334397,4.926411902220734,0.00018346132247471655,0.00046537540127538973,11.405478201111807,36.06204387725393,0,1.815590067921747,5.644595819289782,-70.90159819234094,-1.0353211147979383e-06,182.16787061503447,-3.744463960778151e-15,1.815590067921747,0-2,10,48.650000000000034,48650,,,,,0,11.405478201111807,36.40608250027401,1.815590067921747,5.644595819289782,0.00011335077021235137,negative_hard,10.0,1,1,1,1,0,0,1,0,0,0,-1,0,0,0,0,0,0,1,0,0
sim_0005_n3_seed47,47,0.001,3,408.6,2,body_2,8.648712297334397,4.926411902220734,0.00018640194850929462,0.0002889364734464445,6.157915847048561,13.58598289277689,0,2.4110658301727876,4.453171822874131,-70.90153123907649,-9.100765112496052e-08,182.1678706150347,-2.4963093071854337e-15,2.4110658301727876,0-2,10,49.150000000000034,49150,,,,,0,6.157915847048561,13.591991254231662,2.4110658301727876,4.453171822874131,0.00011888311003976293,negative_hard,10.0,0,0,0,1,0,0,0,0,0,0,-1,0,0,0,0,0,0,1,0,0
sim_0005_n3_seed47,47,0.001,3,409.0,2,body_2,8.648712297334397,4.926411902220734,0.0001687168386555642,0.00020621704096505177,4.311728401125957,6.168385246663804,0,2.887706506328244,3.671794042277433,-70.90152334074317,2.0390987286146202e-08,182.167870615035,-7.80096658495448e-16,2.887706506328244,0-2,10,49.55000000000001,49550,,,,,0,4.311728401125957,6.163722703067818,2.887706506328244,3.671794042277433,0.00011301357633929367,negative_baseline,20.0,0,0,0,0,0,0,0,0,0,0,-1,0,0,0,0,0,0,1,0,0
sim_0005_n3_seed47,47,0.001,3,410.0,2,body_2,8.648712297334397,4.926411902220734,0.00011639519061677809,0.00015599451866506395,3.6453327852265964,3.559430863438644,0,3.2166104278845307,3.133821618939414,-70.90152233018746,3.4643934732818596e-08,182.16787061503476,-2.1842706437872543e-15,3.2166104278845307,0-2,10,50.55000000000001,50550,,,,,0,3.6453327852265964,3.553428683601683,3.2166104278845307,3.133821618939414,0.00010003220074051264,negative_baseline,20.0,0,0,0,0,0,0,0,0,0,0,-1,0,0,0,0,0,0,1,0,0
sim_0005_n3_seed47,47,0.001,3,411.0,2,body_2,8.648712297334397,4.926411902220734,0.00012953296378363522,0.00031496849652719913,8.446141984571984,22.583077000404515,0,2.118105428270261,4.984748137442284,-70.9015392665998,-2.0422839400167757e-07,182.16787061503499,-9.361159901945377e-16,2.118105428270261,0-2,10,51.55000000000001,51550,,,,,0,8.446141984571984,22.54555862878433,2.118105428270261,4.984748137442284,0.000119440788533619,negative_baseline,20.0,1,1,1,1,0,0,0,0,0,0,-1,0,0,0,1,1,0,1,0,0
sim_0005_n3_seed47,47,0.001,3,411.25,2,body_2,8.648712297334397,4.926411902220734,0.00016284070794930398,0.00048042356611717983,12.255921858811888,42.44583054516911,0,1.7573847989281255,5.817526108669963,-70.90160395034798,-1.1165324434973918e-06,182.16787061503473,-2.3402899754863442e-15,1.7573847989281255,0-2,10,51.80000000000001,51800,,,,,0,12.255921858811888,42.789516417518925,1.7573847989281255,5.817526108669963,0.00013646913714643303,negative_hard,10.0,1,1,1,1,0,0,1,0,0,0,-1,0,0,0,1,1,0,1,0,0
sim_0005_n3_seed47,47,0.001,3,411.75,2,body_2,8.648712297334397,4.926411902220734,0.0002194374645890916,0.0005591008143312181,11.511003653685243,38.59502107267836,0,1.810218295265434,5.681185892106265,-70.9015868740249,-8.756868040419253e-07,182.16787061503476,-2.1842706437872543e-15,1.810218295265434,0-2,10,52.30000000000001,52300,,,,,0,11.511003653685243,38.90183263291069,1.810218295265434,5.681185892106265,0.0001661266332338741,negative_hard,10.0,1,1,1,1,0,0,1,0,0,0,-1,0,0,0,1,1,0,1,0,0
sim_0005_n3_seed47,47,0.001,3,412.0,2,body_2,8.648712297334397,4.926411902220734,0.00021889457015458874,0.00041319140033994135,7.880486879339047,20.172969532602263,0,2.1843620361326304,4.8489668872171725,-70.90153507860074,-1.4516056625128495e-07,182.16787061503496,-1.0921353218936272e-15,2.1843620361326304,0-2,10,52.55000000000001,52550,,,,,0,7.880486879339047,20.181461506367427,2.1843620361326304,4.8489668872171725,0.00016715574051269738,negative_baseline,20.0,1,1,1,1,0,0,0,0,0,0,-1,0,0,0,1,1,0,1,0,0
sim_0005_n3_seed47,47,0.001,3,413.0,2,body_2,8.648712297334397,4.926411902220734,0.00018060694174446156,0.00019410774056582134,3.5632306788250685,3.510523670862352,0,3.2425363616093708,3.110274140875391,-70.90152264524889,3.020028660871312e-08,182.1678706150342,-5.304657277769046e-15,3.2425363616093708,0-2,10,53.55000000000001,53550,,,,,0,3.5632306788250685,3.5073857865385136,3.2425363616093708,3.110274140875391,0.0001585629424692565,negative_baseline,20.0,0,0,0,0,0,0,0,0,0,0,-1,0,0,0,1,1,0,1,0,0
sim_0005_n3_seed47,47,0.001,3,414.0,2,body_2,8.648712297334397,4.926411902220734,0.00014382071865687675,0.00021236794528099937,4.562868733667268,6.526099378583415,0,2.876184464254589,3.6456976261309437,-70.90152278978894,2.8161683726042376e-08,182.16787061503427,-4.836599282671778e-15,2.876184464254589,0-2,10,54.55000000000001,54550,,,,,0,4.562868733667268,6.507684625909232,2.876184464254589,3.6456976261309437,0.00015671913977816866,negative_baseline,20.0,0,0,0,0,0,0,0,0,0,0,-1,0,0,0,1,1,0,1,0,0
sim_0005_n3_seed47,47,0.001,3,414.40000000000003,2,body_2,8.648712297334397,4.926411902220734,0.00014629850705561516,0.00030316521658181253,6.931716295112805,15.734227595022736,0,2.33481734645002,4.558158609555808,-70.90152854021537,-5.294272752783567e-08,182.16787061503408,-5.928734604565405e-15,2.33481734645002,0-2,10,54.950000000000045,54950,,,,,0,6.931716295112805,15.684421794484722,2.33481734645002,4.558158609555808,0.00016309506749813808,negative_hard,10.0,1,0,1,1,0,0,0,0,0,0,-1,0,0,0,1,1,0,1,0,0
sim_0005_n3_seed47,47,0.001,3,414.90000000000003,2,body_2,8.648712297334397,4.926411902220734,0.00019423710806861844,0.0006473900546883868,13.983285930263168,52.17455677174879,0,1.6436240755240776,6.123043165172612,-70.90165561681619,-1.845239877718517e-06,182.16787061503396,-6.552811931361763e-15,1.6436240755240776,0-2,10,55.450000000000045,55450,,,,,0,13.983285930263168,52.97418140756976,1.6436240755240776,6.123043165172612,0.00018734254825790585,negative_hard,10.0,1,1,1,1,0,0,1,0,0,0,-1,0,0,0,1,1,0,1,0,0
sim_0005_n3_seed47,47,0.001,3,415.0,2,body_2,8.648712297334397,4.926411902220734,0.00020806498352780915,0.0007064435901994124,14.682287917928758,55.9838710527896,0,1.6038636462097655,6.236125860120454,-70.90168184954135,-2.2152280442760646e-06,182.16787061503388,-7.020869926459032e-15,1.6038636462097655,0-2,10,55.55000000000001,55550,,,,,0,14.682287917928758,57.056591651053886,1.6038636462097655,6.236125860120454,0.0001937742441755051,negative_baseline,20.0,1,1,0,1,0,0,1,0,0,0,-1,0,0,0,1,1,0,1,0,0
sim_0005_n3_seed47,47,0.001,3,415.40000000000003,2,body_2,8.648712297334397,4.926411902220734,0.0002369026788801321,0.000550517552963361,9.730838422582924,29.30459596179407,0,1.9687818562691837,5.307029389484632,-70.90155408794791,-4.1326971097536273e-07,182.16787061503393,-6.7088312630608525e-15,1.9687818562691837,0-2,10,55.950000000000045,55950,,,,,0,9.730838422582924,29.399680361334386,1.9687818562691837,5.307029389484632,0.00020714424177680792,negative_hard,10.0,1,1,1,1,0,0,1,0,0,0,-1,0,0,0,1,1,0,1,0,0
sim_0005_n3_seed47,47,0.001,3,416.0,2,body_2,8.648712297334397,4.926411902220734,0.00023309853262946034,0.0002919437976988998,4.659208868115483,6.924219159777749,0,2.8412413601042568,3.7020375378928363,-70.901522915124,2.6393949342412402e-08,182.16787061503402,-6.240773267963584e-15,2.8412413601042568,0-2,10,56.55000000000001,56550,,,,,0,4.659208868115483,6.916973122934594,2.8412413601042568,3.7020375378928363,0.00020778162975686648,negative_baseline,20.0,0,0,0,0,0,0,0,0,0,0,-1,0,0,0,1,1,0,1,0,0
sim_0005_n3_seed47,47,0.001,3,417.0,2,body_2,8.648712297334397,4.926411902220734,0.00020012061334722409,0.00021119412520350072,3.546146972937307,3.4201823628325076,0,3.258651754770304,3.0849134624875902,-70.90152263809148,3.0301235222804314e-08,182.16787061503408,-5.928734604565405e-15,3.258651754770304,0-2,10,57.55000000000001,57550,,,,,0,3.546146972937307,3.4150333304926064,3.258651754770304,3.0849134624875902,0.00020333507609217994,negative_baseline,20.0,0,0,0,0,0,0,0,0,0,0,-1,0,0,0,1,1,0,1,0,0
sim_0005_n3_seed47,47,0.001,3,418.0,2,body_2,8.648712297334397,4.926411902220734,0.00017823602372124986,0.00038029643271944363,7.591773442837081,18.748942375629607,0,2.2302270801777344,4.758489100885848,-70.90153224666776,-1.0521878788919784e-07,182.16787061503436,-4.368541287574509e-15,2.2302270801777344,0-2,10,58.55000000000001,58550,,,,,0,7.591773442837081,18.69754524177576,2.2302270801777344,4.758489100885848,0.00020835174734920594,negative_baseline,20.0,1,1,1,1,0,0,0,0,0,0,-1,0,0,0,1,1,0,1,0,0
sim_0005_n3_seed47,47,0.001,3,418.1,2,body_2,8.648712297334397,4.926411902220734,0.00018163239869702224,0.00043855968482895476,8.812970564664976,24.614723295986284,0,2.070007912114806,5.0856403460400115,-70.90154257698109,-2.509182402097856e-07,182.16787061503442,-4.05650262417633e-15,2.070007912114806,0-2,10,58.650000000000034,58650,,,,,0,8.812970564664976,24.583819549864867,2.070007912114806,5.0856403460400115,0.0002109921940855576,negative_hard,10.0,1,1,1,1,0,0,0,0,0,0,-1,0,0,0,1,1,0,1,0,0
sim_0005_n3_seed47,47,0.001,3,418.6,2,body_2,8.648712297334397,4.926411902220734,0.00022881769851066427,0.0008020028321790964,14.58593389419878,55.5605490285836,0,1.608814913442493,6.221838819065013,-70.90167773929468,-2.157256841593326e-06,182.16787061503422,-5.148637946069957e-15,1.608814913442493,0-2,10,59.150000000000034,59150,,,,,0,14.58593389419878,56.617835295576064,1.608814913442493,6.221838819065013,0.00023425433254572767,negative_hard,10.0,1,1,0,1,0,0,1,0,0,0,-1,0,0,0,1,1,0,1,0,0
sim_0005_n3_seed47,47,0.001,3,419.0,2,body_2,8.648712297334397,4.926411902220734,0.00025548978969222206,0.000562020092338557,8.781959892675506,24.507571277205113,0,2.0725329435961353,5.0801835074750405,-70.90154235349901,-2.477662335895471e-07,182.16787061503402,-6.240773267963584e-15,2.0725329435961353,0-2,10,59.55000000000001,59550,,,,,0,8.781959892675506,24.543715413797823,2.0725329435961353,5.0801835074750405,0.00024478383218605373,negative_baseline,20.0,1,1,1,1,0,0,0,0,0,0,-1,0,0,0,1,1,0,1,0,0
sim_0005_n3_seed47,47,0.001,3,419.1,2,body_2,8.648712297334397,4.926411902220734,0.00025833712861464224,0.0004972827540576778,7.56493553020339,18.672420875882818,0,2.2327118353876303,4.753686885453354,-70.90153214524787,-1.0378835481842383e-07,182.1678706150339,-6.864850594759943e-15,2.2327118353876303,0-2,10,59.650000000000034,59650,,,,,0,7.56493553020339,18.671162032279202,2.2327118353876303,4.753686885453354,0.0002458323839906651,negative_hard,10.0,1,1,1,1,0,0,0,0,0,0,-1,0,0,0,1,1,0,1,0,0
sim_0005_n3_seed47,47,0.001,3,420.0,2,body_2,8.648712297334397,4.926411902220734,0.00025486043408676586,0.0002561696937769307,3.6296248509367968,3.6664206127912093,0,3.2208083398746012,3.139166666339422,-70.90152263388697,3.036053590433167e-08,182.1678706150338,-7.488927921556301e-15,3.2208083398746012,0-2,10,60.55000000000001,60550,,,,,0,3.6296248509367968,3.663195365966899,3.2208083398746012,3.139166666339422,0.0002475509397126671,negative_baseline,20.0,0,0,0,0,0,0,0,0,0,0,-1,0,0,0,1,1,0,1,0,0
sim_0005_n3_seed47,47,0.001,3,421.0,2,body_2,8.648712297334397,4.926411902220734,0.00022046221843838288,0.00027219665264824376,4.336925739229568,5.811602870435216,0,2.949093009079378,3.5360275802158405,-70.90152268713038,2.9609587153682848e-08,182.16787061503356,-8.737082575149017e-15,2.949093009079378,0-2,10,61.55000000000001,61550,,,,,0,4.336925739229568,5.796250228482499,2.949093009079378,3.5360275802158405,0.00024432968553439097,negative_baseline,20.0,0,0,0,0,0,0,0,0,0,0,-1,0,0,0,1,1,0,1,0,0
sim_0005_n3_seed47,47,0.001,3,421.8,2,body_2,8.648712297334397,4.926411902220734,0.0002146976511038362,0.0006385352622945183,11.421963099867503,38.280684216287,0,1.8180520971056529,5.6635207568501,-70.90158334328086,-8.258889463921302e-07,182.16787061503373,-7.80096658495448e-15,1.8180520971056529,0-2,10,62.35000000000002,62350,,,,,0,11.421963099867503,38.46960199646316,1.8180520971056529,5.6635207568501,0.0002542774012024844,negative_hard,10.0,1,1,1,1,0,0,1,0,0,0,-1,0,0,0,1,1,0,1,0,0
sim_0005_n3_seed47,47,0.001,3,422.0,2,body_2,8.648712297334397,4.926411902220734,0.00022981105148989228,0.0008311592764535228,14.371658523639434,54.426552555693334,0,1.6207279684353766,6.187739417281365,-70.90166935025917,-2.0389373055957926e-06,182.16787061503393,-6.7088312630608525e-15,1.6207279684353766,0-2,10,62.55000000000001,62550,,,,,0,14.371658523639434,55.363124222846444,1.6207279684353766,6.187739417281365,0.000262613752420668,negative_baseline,20.0,1,1,1,1,0,0,1,0,0,0,-1,0,0,0,1,1,0,1,0,0
sim_0005_n3_seed47,47,0.001,3,422.3,2,body_2,8.648712297334397,4.926411902220734,0.00025752395785358904,0.0008091956045796392,12.514245055610145,44.26016969437649,0,1.7366313223178904,5.870850190935738,-70.90160975495937,-1.1984010832500319e-06,182.16787061503345,-9.361159901945377e-15,1.7366313223178904,0-2,10,62.85000000000002,62850,,,,,0,12.514245055610145,44.74529573112483,1.7366313223178904,5.870850190935738,0.00027412433454617694,negative_hard,10.0,1,1,1,1,0,0,1,0,0,0,-1,0,0,0,1,1,0,1,0,0
sim_0005_n3_seed47,47,0.001,3,423.0,2,body_2,8.648712297334397,4.926411902220734,0.0002890609694692137,0.0003803862492837723,4.933349958655009,7.847547418943708,0,2.7642205727951263,3.8223006323865283,-70.90152309381797,2.3873637306405215e-08,182.16787061503342,-9.517179233644466e-15,2.7642205727951263,0-2,10,63.55000000000001,63550,,,,,0,4.933349958655009,7.838914816563863,2.7642205727951263,3.8223006323865283,0.00028432881800260915,negative_baseline,20.0,0,0,0,0,0,0,0,0,0,0,-1,0,0,0,1,1,0,1,0,0
sim_0005_n3_seed47,47,0.001,3,424.0,2,body_2,8.648712297334397,4.926411902220734,0.00027750645507264565,0.0002678810146984055,3.5063824457636343,3.3033070023836744,0,3.278561477900591,3.0569116494713664,-70.9015226441194,3.021621705516008e-08,182.1678706150335,-9.049121238547196e-15,3.278561477900591,0-2,10,64.55000000000001,64550,,,,,0,3.5063824457636343,3.2987360803602335,3.278561477900591,3.0569116494713664,0.0002846395864213198,negative_baseline,20.0,0,0,0,0,0,0,0,0,0,0,-1,0,0,0,1,1,0,1,0,0
sim_0005_n3_seed47,47,0.001,3,424.95,2,body_2,8.648712297334397,4.926411902220734,0.00024053303384400393,0.0004194228470026903,6.486348378418057,13.875409368349985,0,2.4121566856874574,4.416631939481048,-70.90152657540347,-2.5230884846724292e-08,182.167870615033,-1.185746920913081e-14,2.4121566856874574,0-2,10,65.5,65500,,,,,0,6.486348378418057,13.828795260937252,2.4121566856874574,4.416631939481048,0.00028262009528855106,negative_hard,10.0,1,0,0,1,0,0,0,0,0,0,-1,0,0,0,1,1,0,0,0,0
sim_0005_n3_seed47,47,0.001,3,425.0,2,body_2,8.648712297334397,4.926411902220734,0.00023914618443135114,0.00044334239866472986,6.9242293435254805,15.763058269626121,0,2.334692156946635,4.5588166199247695,-70.90152843787094,-5.149925462470684e-08,182.167870615033,-1.185746920913081e-14,2.334692156946635,0-2,10,65.55000000000001,65550,,,,,0,6.9242293435254805,15.712585230481055,2.334692156946635,4.5588166199247695,0.00028296318746020595,negative_baseline,20.0,1,0,1,1,0,0,0,0,0,0,-1,0,0,0,1,1,0,0,0,0
sim_0005_n3_seed47,47,0.001,3,425.45,2,body_2,8.648712297334397,4.926411902220734,0.00024225354110859185,0.0008328999558490581,13.363670110920719,48.926111938238684,0,1.680670132790643,6.0205087939275845,-70.90163445738514,-1.5468058016309014e-06,182.1678706150335,-9.049121238547196e-15,1.680670132790643,0-2,10,66.0,66000,,,,,0,13.363670110920719,49.52901771645957,1.680670132790643,6.0205087939275845,0.0002923895236326233,negative_hard,10.0,1,1,1,1,0,0,1,0,0,0,-1,0,0,0,1,1,0,0,0,0
sim_0005_n3_seed47,47,0.001,3,425.95,2,body_2,8.648712297334397,4.926411902220734,0.0002819291103781294,0.0007756429967395709,10.531970866234438,33.53307297619922,0,1.8928919043277572,5.482446120039915,-70.9015661973822,-5.840620079911215e-07,182.1678706150329,-1.2325527204228079e-14,1.8928919043277572,0-2,10,66.5,66500,,,,,0,10.531970866234438,33.70074280335901,1.8928919043277572,5.482446120039915,0.0003087418973468303,negative_hard,10.0,1,1,1,1,0,0,1,0,0,0,-1,0,0,0,1,1,0,0,0,0
sim_0005_n3_seed47,47,0.001,3,426.0,2,body_2,8.648712297334397,4.926411902220734,0.0002859541384646894,0.0007299935394043417,9.736635494205471,29.358532331407147,0,1.9686292799907965,5.307702309085035,-70.90155380350303,-4.0925788075096606e-07,182.167870615033,-1.185746920913081e-14,1.9686292799907965,0-2,10,66.55000000000001,66550,,,,,0,9.736635494205471,29.452137884257755,1.9686292799907965,5.307702309085035,0.0003098771067220017,negative_baseline,20.0,1,1,1,1,0,0,1,0,0,0,-1,0,0,0,1,1,0,0,0,0
sim_0005_n3_seed47,47,0.001,3,427.0,2,body_2,8.648712297334397,4.926411902220734,0.00032254078916888287,0.0003213938584117648,3.708391565952804,3.8860958174156184,0,3.1881413186132717,3.185551516453578,-70.90152261809502,3.0583266719478026e-08,182.16787061503308,-1.138941121403354e-14,3.1881413186132717,0-2,10,67.55000000000001,67550,,,,,0,3.708391565952804,3.8827034403141143,3.1881413186132717,3.185551516453578,0.00032138378918100663,negative_baseline,20.0,0,0,0,0,0,0,0,0,0,0,-1,0,0,0,1,1,0,0,0,0
sim_0005_n3_seed47,47,0.001,3,428.0,2,body_2,8.648712297334397,4.926411902220734,0.000295137554384609,0.0003298087448115369,4.155568168037654,5.235596730871443,0,3.0127541479560276,3.4409568032845903,-70.90152263375177,3.036244280368493e-08,182.1678706150337,-7.95698591665357e-15,3.0127541479560276,0-2,10,68.55000000000001,68550,,,,,0,4.155568168037654,5.222701855930774,3.0127541479560276,3.4409568032845903,0.0003182867874302698,negative_baseline,20.0,0,0,0,0,0,0,0,0,0,0,-1,0,0,0,1,1,0,0,0,0
sim_0005_n3_seed47,47,0.001,3,428.65000000000003,2,body_2,8.648712297334397,4.926411902220734,0.00026562974708822996,0.0005663365878734261,8.18286870540585,21.5693304630772,0,2.1476446443874564,4.923815005601288,-70.90153659970753,-1.6661436130641165e-07,182.1678706150336,-8.581063243449928e-15,2.1476446443874564,0-2,10,69.20000000000005,69200,,,,,0,8.18286870540585,21.52292359733794,2.1476446443874564,4.923815005601288,0.00031770209499382336,negative_hard,10.0,1,1,1,1,1,0,0,0,0,0,-1,0,0,0,1,1,0,0,0,0
sim_0005_n3_seed47,47,0.001,3,429.0,2,body_2,8.648712297334397,4.926411902220734,0.00026313470615705025,0.000927030898571404,13.61697765820559,50.328929079637945,0,1.6649022881273114,6.063760190477932,-70.90164262075831,-1.661942580301924e-06,182.16787061503345,-9.361159901945377e-15,1.6649022881273114,0-2,10,69.55000000000001,69550,,,,,0,13.61697765820559,51.00659231132622,1.6649022881273114,6.063760190477932,0.0003243676039301666,negative_baseline,20.0,1,1,1,1,0,0,1,0,0,0,-1,0,0,0,1,1,0,0,0,0
sim_0005_n3_seed47,47,0.001,3,429.15000000000003,2,body_2,8.648712297334397,4.926411902220734,0.00026969979384628627,0.0010386057230665736,14.761212265921609,56.57950150303858,0,1.5990475263882538,6.250110871268614,-70.9016843763234,-2.250865952802155e-06,182.16787061503334,-9.985237228741735e-15,1.5990475263882538,0-2,10,69.70000000000005,69700,,,,,0,14.761212265921609,57.68569255002777,1.5990475263882538,6.250110871268614,0.00032907379409384356,negative_hard,10.0,1,1,0,1,0,0,1,1,0,0,-1,0,0,0,1,1,0,0,0,0
sim_0005_n3_seed47,47,0.001,3,429.65000000000003,2,body_2,8.648712297334397,4.926411902220734,0.0003135595048687408,0.000684978853324577,8.124325223403883,21.30028531140901,0,2.1550412727433432,4.90873560646822,-70.90153613719065,-1.6009099130415306e-07,182.16787061503302,-1.170144987743172e-14,2.1550412727433432,0-2,10,70.20000000000005,70200,,,,,0,8.124325223403883,21.311479986457655,2.1550412727433432,4.90873560646822,0.00034274118804642015,negative_hard,10.0,1,1,1,1,0,0,0,0,0,0,-1,0,0,0,1,1,0,0,0,0
sim_0005_n3_seed47,47,0.001,3,430.0,2,body_2,8.648712297334397,4.926411902220734,0.0003386653498165067,0.00047836108505678975,5.24824973245901,8.978510634203838,0,2.680766123396467,3.956526480512808,-70.901523462332,1.867609008915775e-08,182.16787061503314,-1.1077372550635361e-14,2.680766123396467,0-2,10,70.55000000000001,70550,,,,,0,5.24824973245901,8.968425361432825,2.680766123396467,3.956526480512808,0.00034951836726553737,negative_baseline,20.0,0,0,0,0,0,0,0,0,0,0,-1,0,0,0,1,1,0,0,0,0
sim_0005_n3_seed47,47,0.001,3,431.0,2,body_2,8.648712297334397,4.926411902220734,0.0003505176362967466,0.00032471912689784564,3.482038941499607,3.231607570170761,0,3.2906397210866745,3.039868380006084,-70.90152264625593,3.0186083275123746e-08,182.16787061503285,-1.2637565867626258e-14,3.2906397210866745,0-2,10,71.55000000000001,71550,,,,,0,3.482038941499607,3.2274962890792978,3.2906397210866745,3.039868380006084,0.0003550026278621226,negative_baseline,20.0,0,0,0,0,0,0,0,0,0,0,-1,0,0,0,1,1,0,0,0,0
sim_0005_n3_seed47,47,0.001,3,432.0,2,body_2,8.648712297334397,4.926411902220734,0.0003043112351625708,0.0005014307958047241,6.360796960831198,13.353291242061456,0,2.435705670849505,4.374388495551008,-70.90152611364773,-1.8718250122609494e-08,182.1678706150325,-1.4509797848015333e-14,2.435705670849505,0-2,10,72.55000000000001,72550,,,,,0,6.360796960831198,13.30803426694644,2.435705670849505,4.374388495551008,0.0003492243732284329,negative_baseline,20.0,1,0,0,1,0,0,0,0,0,0,-1,0,0,0,1,1,0,0,0,0
sim_0005_n3_seed47,47,0.001,3,432.3,2,body_2,8.648712297334397,4.926411902220734,0.0002890830288848738,0.0007276866925760817,9.811372613724977,29.74127497965069,0,1.9613207079505037,5.32426118466818,-70.90155479145349,-4.231920022020607e-07,182.1678706150324,-1.513387517481169e-14,1.9613207079505037,0-2,10,72.85000000000002,72850,,,,,0,9.811372613724977,29.758991455909673,1.9613207079505037,5.32426118466818,0.0003501749054552609,negative_hard,10.0,1,1,1,1,0,0,1,0,0,0,-1,0,0,0,1,1,0,0,0,0
sim_0005_n3_seed47,47,0.001,3,432.8,2,body_2,8.648712297334397,4.926411902220734,0.0002937153375266908,0.0011026063021497977,13.986230787800645,52.36496305476804,0,1.642694976693385,6.12553965393596,-70.90165523463949,-1.8398496312464128e-06,182.16787061503328,-1.0297275892139914e-14,1.642694976693385,0-2,10,73.35000000000002,73350,,,,,0,13.986230787800645,53.23250715974703,1.642694976693385,6.12553965393596,0.00036122856493818516,negative_hard,10.0,1,1,1,1,0,0,1,0,0,0,-1,0,0,0,1,1,0,0,0,0
sim_0005_n3_seed47,47,0.001,3,433.0,2,body_2,8.648712297334397,4.926411902220734,0.0003127937345729151,0.000919048026007093,10.789020155738182,34.90924932841471,0,1.8702313280566147,5.5363643196344885,-70.90157073438459,-6.480522029911494e-07,182.16787061503274,-1.3261643194422615e-14,1.8702313280566147,0-2,10,73.55000000000001,73550,,,,,0,10.789020155738182,35.106431544142254,1.8702313280566147,5.5363643196344885,0.000366744530803552,negative_baseline,20.0,1,1,1,1,0,0,1,0,0,0,-1,0,0,0,1,1,0,0,0,0
sim_0005_n3_seed47,47,0.001,3,433.3,2,body_2,8.648712297334397,4.926411902220734,0.00034434069604902305,0.0006456406193955776,6.878199692519635,15.575448514424854,0,2.3420596481723313,4.545152289584775,-70.90152821943339,-4.841839635550068e-08,182.16787061503302,-1.170144987743172e-14,2.3420596481723313,0-2,10,73.85000000000002,73850,,,,,0,6.878199692519635,15.565484742329414,2.3420596481723313,4.545152289584775,0.0003746030074324228,negative_hard,10.0,1,0,1,1,0,0,0,0,0,0,-1,0,0,0,1,1,0,0,0,0
sim_0005_n3_seed47,47,0.001,3,434.0,2,body_2,8.648712297334397,4.926411902220734,0.0003850901580374761,0.00039023681599922963,3.804027515243904,4.164167285793611,0,3.148483747208839,3.242487576474969,-70.90152260862837,3.07167849500403e-08,182.16787061503328,-1.0297275892139914e-14,3.148483747208839,0-2,10,74.55000000000001,74550,,,,,0,3.804027515243904,4.160507144799354,3.148483747208839,3.242487576474969,0.000386135093279117,negative_baseline,20.0,0,0,0,0,0,0,0,0,0,0,-1,0,0,0,1,1,0,0,0,0
sim_0005_n3_seed47,47,0.001,3,435.0,2,body_2,8.648712297334397,4.926411902220734,0.0003681624543607217,0.00038526241640650746,4.0032023011311635,4.762302883560556,0,3.0696164433242243,3.3571080140532934,-70.90152261083885,3.068560812772581e-08,182.16787061503294,-1.2169507872528989e-14,3.0696164433242243,0-2,10,75.55000000000001,75550,,,,,0,4.0032023011311635,4.751403741080975,3.0696164433242243,3.3571080140532934,0.00038446876333149074,negative_baseline,20.0,0,0,0,0,0,0,0,0,0,0,-1,0,0,0,1,1,0,0,0,0
sim_0005_n3_seed47,47,0.001,3,435.95,2,body_2,8.648712297334397,4.926411902220734,0.0003093057007938645,0.0009312278350720871,11.755051195484782,40.126600258184496,0,1.7918352386211842,5.7290315752551555,-70.9015906658864,-9.291674804242881e-07,182.1678706150325,-1.4509797848015333e-14,1.7918352386211842,0-2,10,76.5,76500,,,,,0,11.755051195484782,40.3679132232215,1.7918352386211842,5.7290315752551555,0.00038078407273208447,negative_hard,10.0,1,1,1,1,0,0,1,0,0,0,-1,0,0,0,1,1,0,0,0,0
sim_0005_n3_seed47,47,0.001,3,436.0,2,body_2,8.648712297334397,4.926411902220734,0.00030710821543193504,0.0009968750914542913,12.605173150223802,44.78048896713242,0,1.7303615398408523,5.887372719347169,-70.90161205876959,-1.230894181626483e-06,182.16787061503234,-1.544591383820987e-14,1.7303615398408523,0-2,10,76.55000000000001,76550,,,,,0,12.605173150223802,45.18946212908432,1.7303615398408523,5.887372719347169,0.0003814386237429891,negative_baseline,20.0,1,1,1,1,0,0,1,0,0,0,-1,0,0,0,1,1,0,0,0,0
sim_0005_n3_seed47,47,0.001,3,436.45,2,body_2,8.648712297334397,4.926411902220734,0.0003200752227571167,0.0010768370327568283,12.199475645093063,42.55989527439151,0,1.7588307528974811,5.813191065543412,-70.90160140423953,-1.0806219541912875e-06,182.1678706150314,-2.0594551784279827e-14,1.7588307528974811,0-2,10,77.0,77000,,,,,0,12.199475645093063,42.97959614668159,1.7588307528974811,5.813191065543412,0.00039155258105347116,negative_hard,10.0,1,1,1,1,0,0,1,0,0,0,-1,0,0,0,1,1,0,0,0,0
sim_0005_n3_seed47,47,0.001,3,437.0,2,body_2,8.648712297334397,4.926411902220734,0.00038264403458515735,0.0005874303509264837,5.616167376003698,10.364717113068233,0,2.5917724970840657,4.103925568744757,-70.90152409053246,9.815907328114278e-09,182.1678706150308,-2.3870957749960708e-14,2.5917724970840657,0-2,10,77.55000000000001,77550,,,,,0,5.616167376003698,10.35324916715016,2.5917724970840657,4.103925568744757,0.000406985882731174,negative_baseline,20.0,0,0,0,0,0,0,0,0,0,0,-1,0,0,0,1,1,0,0,0,0
sim_0005_n3_seed47,47,0.001,3,438.0,2,body_2,8.648712297334397,4.926411902220734,0.0004200429245760041,0.00038211632553415047,3.4713635739928397,3.199771994395839,0,3.296038514550468,3.032249177500497,-70.90152264703435,3.017510427303488e-08,182.16787061503013,-2.761542171073886e-14,3.296038514550468,0-2,10,78.55000000000001,78550,,,,,0,3.4713635739928397,3.1960208083844344,3.296038514550468,3.032249177500497,0.0004183933011085658,negative_baseline,20.0,0,0,0,0,0,0,0,0,0,0,-1,0,0,0,1,1,0,0,0,0
sim_0005_n3_seed47,47,0.001,3,439.0,2,body_2,8.648712297334397,4.926411902220734,0.00037170024839550017,0.0005552321178994438,5.882490160621987,11.404170361267665,0,2.5327000161617628,4.204384291515338,-70.90152468776427,1.3925087430225442e-09,182.16787061503106,-2.24667837646689e-14,2.5327000161617628,0-2,10,79.55000000000001,79550,,,,,0,5.882490160621987,11.365264481652613,2.5327000161617628,4.204384291515338,0.00041018846026634356,negative_baseline,20.0,0,0,0,0,0,0,0,0,0,0,-1,0,0,0,1,1,0,0,0,0
sim_0005_n3_seed47,47,0.001,3,439.15000000000003,2,body_2,8.648712297334397,4.926411902220734,0.0003598400896137087,0.0006453152139540229,7.10685342626476,16.581146589260566,0,2.304323741504244,4.615956443983324,-70.90152933694341,-6.417983487799502e-08,182.16787061503112,-2.2154745101270722e-14,2.304323741504244,0-2,10,79.70000000000005,79700,,,,,0,7.10685342626476,16.529558935309577,2.304323741504244,4.615956443983324,0.000408907219667933,negative_hard,10.0,1,1,1,1,0,0,0,0,0,0,-1,0,0,0,1,1,0,0,0,0
sim_0005_n3_seed47,47,0.001,3,439.65000000000003,2,body_2,8.648712297334397,4.926411902220734,0.00032432554379875904,0.0012153751034707713,14.258033473997811,53.856746952738014,0,1.626957503637461,6.1699750973204495,-70.90166499699262,-1.9775385337026613e-06,182.16787061503143,-2.0438532452580736e-14,1.626957503637461,0-2,10,80.20000000000005,80200,,,,,0,14.258033473997811,54.749771062592,1.626957503637461,6.1699750973204495,0.00041044222376401243,negative_hard,10.0,1,1,1,1,0,0,1,0,0,0,-1,0,0,0,1,1,0,0,0,0
sim_0005_n3_seed47,47,0.001,3,440.0,2,body_2,8.648712297334397,4.926411902220734,0.0003382528520121373,0.0011271049914453712,11.902652903809503,40.93849699195392,0,1.780614828258425,5.757423834382621,-70.90159412647509,-9.77975862150097e-07,182.1678706150316,-1.95024164623862e-14,1.780614828258425,0-2,10,80.55000000000001,80550,,,,,0,11.902652903809503,41.30237488543301,1.780614828258425,5.757423834382621,0.000418017529698967,negative_baseline,20.0,1,1,1,1,0,0,1,0,0,0,-1,0,0,0,1,1,0,0,0,0
sim_0005_n3_seed47,47,0.001,3,440.15000000000003,2,body_2,8.648712297334397,4.926411902220734,0.0003573084388254707,0.000947512281478058,9.44653125583342,27.868158955116037,0,1.998673033397836,5.240586329325102,-70.90154986787766,-3.53749548819943e-07,182.167870615032,-1.7318145818598947e-14,1.998673033397836,0-2,10,80.70000000000005,80700,,,,,0,9.44653125583342,27.940611693654763,1.998673033397836,5.240586329325102,0.0004225326006033874,negative_hard,10.0,1,1,1,1,0,0,1,0,0,0,-1,0,0,0,1,1,0,0,0,0
sim_0005_n3_seed47,47,0.001,3,441.0,2,body_2,8.648712297334397,4.926411902220734,0.0004430312841629552,0.0004633866100218809,3.9189110578595967,4.506607477754029,0,3.1023364037426595,3.3093494950862663,-70.90152260612989,3.075202370448567e-08,182.16787061503194,-1.7630184481997126e-14,3.1023364037426595,0-2,10,81.55000000000001,81550,,,,,0,3.9189110578595967,4.502562111863406,3.1023364037426595,3.3093494950862663,0.0004444946755008218,negative_baseline,20.0,0,0,0,0,0,0,0,0,0,0,-1,0,0,0,1,1,0,0,0,0
sim_0005_n3_seed47,47,0.001,3,442.0,2,body_2,8.648712297334397,4.926411902220734,0.00043969280315107797,0.0004390491358050669,3.8750138186641556,4.372703719516967,0,3.120036296214818,3.283586000954902,-70.90152260480212,3.07707505625131e-08,182.16787061503254,-1.4353778516316242e-14,3.120036296214818,0-2,10,82.55000000000001,82550,,,,,0,3.8750138186641556,4.363429540353593,3.120036296214818,3.283586000954902,0.00044545017544881955,negative_baseline,20.0,0,0,0,0,0,0,0,0,0,0,-1,0,0,0,1,1,0,0,0,0
sim_0005_n3_seed47,47,0.001,3,442.8,2,body_2,8.648712297334397,4.926411902220734,0.00037870430328211725,0.0007973886519541676,8.425866063797987,22.75487952151542,0,2.1163229210475176,4.988333841752633,-70.90153871051626,-1.9638535344014344e-07,182.1678706150326,-1.4041739852918064e-14,2.1163229210475176,0-2,10,83.35000000000002,83350,,,,,0,8.425866063797987,22.712848457387246,2.1163229210475176,4.988333841752633,0.0004360331725206685,negative_hard,10.0,1,1,1,1,1,0,0,0,0,0,-1,0,0,0,1,1,0,0,0,0
sim_0005_n3_seed47,47,0.001,3,443.0,2,body_2,8.648712297334397,4.926411902220734,0.00035963155683313913,0.0010462125459123196,11.49366299138817,38.70964886156846,0,1.8120515918948747,5.678393573454561,-70.90158481912691,-8.467043809329551e-07,182.16787061503254,-1.4353778516316242e-14,1.8120515918948747,0-2,10,83.55000000000001,83550,,,,,0,11.49366299138817,38.90882210578419,1.8120515918948747,5.678393573454561,0.0004354056747985186,negative_baseline,20.0,1,1,1,1,0,0,1,0,0,0,-1,0,0,0,1,1,0,0,0,0
sim_0005_n3_seed47,47,0.001,3,443.3,2,body_2,8.648712297334397,4.926411902220734,0.0003411661119338787,0.0013668714672826394,14.740039485996352,56.48414051861292,0,1.600115568121748,6.247004213455104,-70.90168348710188,-2.238324311031606e-06,182.16787061503194,-1.7630184481997126e-14,1.600115568121748,0-2,10,83.85000000000002,83850,,,,,0,14.740039485996352,57.58872898471667,1.600115568121748,6.247004213455104,0.0004379442271343012,negative_hard,10.0,1,1,0,1,0,0,1,1,0,0,-1,0,0,0,1,1,0,0,0,0
sim_0005_n3_seed47,47,0.001,3,443.8,2,body_2,8.648712297334397,4.926411902220734,0.00039285684769668197,0.0008758858576077742,7.893838817035105,20.203020729026044,0,2.186366216664618,4.845528952291775,-70.90153431069392,-1.343299553661283e-07,182.1678706150317,-1.9034358467288933e-14,2.186366216664618,0-2,10,84.35000000000002,84350,,,,,0,7.893838817035105,20.208040804544797,2.186366216664618,4.845528952291775,0.00045180364756570887,negative_hard,10.0,1,1,1,1,0,0,0,0,0,0,-1,0,0,0,1,1,0,0,0,0
sim_0005_n3_seed47,47,0.001,3,444.0,2,body_2,8.648712297334397,4.926411902220734,0.0004214127349402409,0.000709588604546109,6.04753624378774,12.069707527519117,0,2.4977787054277725,4.264871005263017,-70.9015251279605,-4.8160492928098e-09,182.16787061503166,-1.919037779898802e-14,2.4977787054277725,0-2,10,84.55000000000001,84550,,,,,0,6.04753624378774,12.057371419690277,2.4977787054277725,4.264871005263017,0.0004586891402794029,negative_baseline,20.0,0,0,0,0,0,0,0,0,0,0,-1,0,0,0,1,1,0,0,0,0
sim_0005_n3_seed47,47,0.001,3,445.0,2,body_2,8.648712297334397,4.926411902220734,0.00048639115111298944,0.00044057463250478027,3.4739946197754676,3.206089975941004,0,3.295003485098383,3.033695220337324,-70.90152264590768,3.019099503416841e-08,182.1678706150316,-1.95024164623862e-14,3.295003485098383,0-2,10,85.55000000000001,85550,,,,,0,3.4739946197754676,3.202609703115773,3.295003485098383,3.033695220337324,0.0004767463373627987,negative_baseline,20.0,0,0,0,0,0,0,0,0,0,0,-1,0,0,0,1,1,0,0,0,0
sim_0005_n3_seed47,47,0.001,3,446.0,2,body_2,8.648712297334397,4.926411902220734,0.00044034201534365525,0.0006055333777113235,5.475733345169162,9.823495147566517,0,2.625028835454335,4.048289127752264,-70.90152381678972,1.3676793861598401e-08,182.16787061503106,-2.24667837646689e-14,2.625028835454335,0-2,10,86.55000000000001,86550,,,,,0,5.475733345169162,9.79073525086064,2.625028835454335,4.048289127752264,0.000467497998315113,negative_baseline,20.0,0,0,0,0,0,0,0,0,0,0,-1,0,0,0,1,1,0,0,0,0
sim_0005_n3_seed47,47,0.001,3,446.45,2,body_2,8.648712297334397,4.926411902220734,0.00039401266288747013,0.000994490843182106,10.11737745484417,31.34823302861945,0,1.931342067610967,5.392771886163887,-70.90155932725236,-4.871652225107783e-07,182.16787061503086,-2.355891908656253e-14,1.931342067610967,0-2,10,87.0,87000,,,,,0,10.11737745484417,31.388648113984182,1.931342067610967,5.392771886163887,0.0004618302309538551,negative_hard,10.0,1,1,1,1,0,0,1,0,0,0,-1,0,0,0,1,1,0,0,0,0
sim_0005_n3_seed47,47,0.001,3,446.95,2,body_2,8.648712297334397,4.926411902220734,0.0003617546677957623,0.0013984889384983205,13.738656120301677,51.01866037793034,0,1.6573835806840485,6.084549587834074,-70.90164666349813,-1.7189616617638786e-06,182.16787061503115,-2.1998725769571634e-14,1.6573835806840485,0-2,10,87.5,87500,,,,,0,13.738656120301677,51.81247693299707,1.6573835806840485,6.084549587834074,0.0004644646565625526,negative_hard,10.0,1,1,1,1,0,0,1,0,0,0,-1,0,0,0,1,1,0,0,0,0
sim_0005_n3_seed47,47,0.001,3,447.0,2,body_2,8.648712297334397,4.926411902220734,0.0003652323313011643,0.0013473073163364467,12.995218580338534,46.933367678428255,0,1.7041248843816004,5.957052691507,-70.90162315735972,-1.3874294630500813e-06,182.16787061503098,-2.293484175976617e-14,1.7041248843816004,0-2,10,87.55000000000001,87550,,,,,0,12.995218580338534,47.52824906698214,1.7041248843816004,5.957052691507,0.00046555930084229237,negative_baseline,20.0,1,1,1,1,0,0,1,0,0,0,-1,0,0,0,1,1,0,0,0,0
sim_0005_n3_seed47,47,0.001,3,447.45,2,body_2,8.648712297334397,4.926411902220734,0.00043127991736241017,0.000816287801785166,6.703236527170848,14.812923433706374,0,2.3725480709663436,4.488820553639548,-70.90152742770115,-3.725175027933111e-08,182.1678706150309,-2.340289975486344e-14,2.3725480709663436,0-2,10,88.0,88000,,,,,0,6.703236527170848,14.801851752002458,2.3725480709663436,4.488820553639548,0.00048091785009397967,negative_hard,10.0,1,0,1,1,0,0,0,0,0,0,-1,0,0,0,1,1,0,0,0,0
sim_0005_n3_seed47,47,0.001,3,448.0,2,body_2,8.648712297334397,4.926411902220734,0.0004965615634680081,0.0005416732260148927,4.055522420028701,4.923495057718315,0,3.0498430898333804,3.386202635623659,-70.90152261497668,3.062724786786815e-08,182.167870615031,-2.277882242806708e-14,3.0498430898333804,0-2,10,88.55000000000001,88550,,,,,0,4.055522420028701,4.918927471991812,3.0498430898333804,3.386202635623659,0.0004979355456725343,negative_baseline,20.0,0,0,0,0,0,0,0,0,0,0,-1,0,0,0,1,1,0,0,0,0
sim_0005_n3_seed47,47,0.001,3,449.0,2,body_2,8.648712297334397,4.926411902220734,0.0005097042340244077,0.0004916861300465348,3.767964679243669,4.053433559379013,0,3.1640974430181865,3.2199305662552793,-70.90152260773229,3.0729423319350694e-08,182.16787061503157,-1.965843579408529e-14,3.1640974430181865,0-2,10,89.55000000000001,89550,,,,,0,3.767964679243669,4.045485700080071,3.1640974430181865,3.2199305662552793,0.000502626678275963,negative_baseline,20.0,0,0,0,0,0,0,0,0,0,0,-1,0,0,0,1,1,0,0,0,0
sim_0005_n3_seed47,47,0.001,3,450.0,2,body_2,8.648712297334397,4.926411902220734,0.0004184487674645644,0.0010812672493336548,10.397552608500948,32.82707969978457,0,1.9051351684564612,5.4536906962471186,-70.90156383215351,-5.507026593949075e-07,182.16787061503172,-1.887833913558984e-14,1.9051351684564612,0-2,10,90.55000000000001,90550,,,,,0,10.397552608500948,32.89201343824885,1.9051351684564612,5.4536906962471186,0.00048725662067655603,negative_baseline,20.0,1,1,1,1,0,0,1,0,0,0,-1,0,0,0,1,1,0,0,0,0
sim_0005_n3_seed47,47,0.001,3,450.15000000000003,2,body_2,8.648712297334397,4.926411902220734,0.0003991779847891441,0.001315945140311374,12.926685386102111,46.55614350822975,0,1.7086464878118144,5.944951921106237,-70.90162113908272,-1.3589635448966571e-06,182.16787061503186,-1.8098242477094393e-14,1.7086464878118144,0-2,10,90.70000000000005,90700,,,,,0,12.926685386102111,47.041771053479295,1.7086464878118144,5.944951921106237,0.0004862099365116893,negative_hard,10.0,1,1,1,1,0,0,1,0,0,0,-1,0,0,0,1,1,0,0,0,0
sim_0005_n3_seed47,47,0.001,3,450.65000000000003,2,body_2,8.648712297334397,4.926411902220734,0.00039599281889948296,0.0012606889317847607,11.010664516632321,36.103004052373436,0,1.851312937867589,5.581969393757412,-70.9015748955409,-7.06741438864374e-07,182.16787061503086,-2.355891908656253e-14,1.851312937867589,0-2,10,91.20000000000005,91200,,,,,0,11.010664516632321,36.32818646230064,1.851312937867589,5.581969393757412,0.0004923191511305056,negative_hard,10.0,1,1,1,1,0,0,1,0,0,0,-1,0,0,0,1,1,0,0,0,0
sim_0005_n3_seed47,47,0.001,3,451.0,2,body_2,8.648712297334397,4.926411902220734,0.00045538400059455514,0.0008472352018030723,6.553938605386682,14.172785740904416,0,2.3994267973226178,4.439764751527382,-70.90152681942368,-2.867256278733298e-08,182.16787061503052,-2.5431151066951606e-14,2.3994267973226178,0-2,10,91.55000000000001,91550,,,,,0,6.553938605386682,14.16107243459829,2.3994267973226178,4.439764751527382,0.0005058847891186885,negative_baseline,20.0,1,0,1,1,0,0,0,0,0,0,-1,0,0,0,1,1,0,0,0,0
sim_0005_n3_seed47,47,0.001,3,452.0,2,body_2,8.648712297334397,4.926411902220734,0.0005496358242370524,0.000500626831603544,3.4899434947858237,3.2503807512328424,0,3.2876121697643663,3.0441011415446586,-70.90152264264124,3.0237065073147104e-08,182.16787061503007,-2.7927460374137038e-14,3.2876121697643663,0-2,10,92.55000000000001,92550,,,,,0,3.4899434947858237,3.2470883909073245,3.2876121697643663,3.0441011415446586,0.0005311803489781258,negative_baseline,20.0,0,0,0,0,0,0,0,0,0,0,-1,0,0,0,1,1,0,0,0,0
sim_0005_n3_seed47,47,0.001,3,453.0,2,body_2,8.648712297334397,4.926411902220734,0.0005096124070038753,0.0006530467195504482,5.1293135166664126,8.536749311362819,0,2.7121881792270783,3.905511643676413,-70.90152328943194,2.1114684452754052e-08,182.1678706150296,-3.042376968132247e-14,2.7121881792270783,0-2,10,93.55000000000001,93550,,,,,0,5.1293135166664126,8.509422980491916,2.7121881792270783,3.905511643676413,0.0005221459168515874,negative_baseline,20.0,0,0,0,0,0,0,0,0,0,0,-1,0,0,0,1,1,0,0,0,0
sim_0005_n3_seed47,47,0.001,3,453.3,2,body_2,8.648712297334397,4.926411902220734,0.0004764321799738902,0.0008556724133523926,7.301872827177988,17.4604113730166,0,2.273308701517507,4.67508652505473,-70.90153040551017,-7.925097423116266e-08,182.1678706150297,-2.9955711686225206e-14,2.273308701517507,0-2,10,93.85000000000002,93850,,,,,0,7.301872827177988,17.408232876120994,2.273308701517507,4.67508652505473,0.0005160809946927882,negative_hard,10.0,1,1,1,1,0,0,0,0,0,0,-1,0,0,0,1,1,0,0,0,0
sim_0005_n3_seed47,47,0.001,3,453.8,2,body_2,8.648712297334397,4.926411902220734,0.0004075565966119742,0.001552822635109164,14.441214192673955,54.863291872350395,0,1.616564308657934,6.199606431614773,-70.90167185231755,-2.074226509695205e-06,182.16787061503013,-2.761542171073886e-14,1.616564308657934,0-2,10,94.35000000000002,94350,,,,,0,14.441214192673955,55.82588470399122,1.616564308657934,6.199606431614773,0.0005098218293204577,negative_hard,10.0,1,1,1,1,0,0,1,0,0,0,-1,0,0,0,1,1,0,0,0,0
sim_0005_n3_seed47,47,0.001,3,454.0,2,body_2,8.648712297334397,4.926411902220734,0.0003969957463969934,0.001566553193539524,13.936948027235594,52.10780167402736,0,1.6455420648675176,6.117559499690966,-70.90165347197592,-1.8149889025421519e-06,182.16787061502998,-2.8395518369234308e-14,1.6455420648675176,0-2,10,94.55000000000001,94550,,,,,0,13.936948027235594,52.96039420182407,1.6455420648675176,6.117559499690966,0.0005108333207996137,negative_baseline,20.0,1,1,1,1,0,0,1,0,0,0,-1,0,0,0,1,1,0,0,0,0
sim_0005_n3_seed47,47,0.001,3,454.3,2,body_2,8.648712297334397,4.926411902220734,0.00043322710657745184,0.0011552036536344157,9.161658234855732,26.417644987617237,0,2.029516027304962,5.172856447682101,-70.90154636650928,-3.043660074457736e-07,182.16787061503013,-2.761542171073886e-14,2.029516027304962,0-2,10,94.85000000000002,94850,,,,,0,9.161658234855732,26.47242570119927,2.029516027304962,5.172856447682101,0.0005195028757039002,negative_hard,10.0,1,1,1,1,0,0,0,0,0,0,-1,0,0,0,1,1,0,0,0,0
sim_0005_n3_seed47,47,0.001,3,455.0,2,body_2,8.648712297334397,4.926411902220734,0.0005457457724234446,0.0006260639899330743,4.216811245173744,5.428444357224743,0,2.9910829979222293,3.4733073788490603,-70.90152264329134,3.022789596186757e-08,182.16787061502978,-2.948765369112793e-14,2.9910829979222293,0-2,10,95.55000000000001,95550,,,,,0,4.216811245173744,5.423194890385699,2.9910829979222293,3.4733073788490603,0.0005473849936345004,negative_baseline,20.0,0,0,0,0,0,0,0,0,0,0,-1,0,0,0,1,1,0,0,0,0
sim_0005_n3_seed47,47,0.001,3,456.0,2,body_2,8.648712297334397,4.926411902220734,0.0005780823866683249,0.000543676926857158,3.6797877011406093,3.794521499077592,0,3.2018258171806635,3.1658332092342967,-70.90152261490086,3.0628317367021924e-08,182.1678706150291,-3.3232117651906086e-14,3.2018258171806635,0-2,10,96.55000000000001,96550,,,,,0,3.6797877011406093,3.7876584841725,3.2018258171806635,3.1658332092342967,0.0005568559056888021,negative_baseline,20.0,0,0,0,0,0,0,0,0,0,0,-1,0,0,0,1,1,0,0,0,0
sim_0005_n3_seed47,47,0.001,3,456.95,2,body_2,8.648712297334397,4.926411902220734,0.0004891968698734051,0.001038850191806175,8.6816769236824,24.014038284763178,0,2.084875520111077,5.054178783949359,-70.9015411560764,-2.3087770250195404e-07,182.16787061502913,-3.3076098320206995e-14,2.084875520111077,0-2,10,97.5,97500,,,,,0,8.6816769236824,23.97838512899673,2.084875520111077,5.054178783949359,0.0005386351500987809,negative_hard,10.0,1,1,1,1,0,0,0,0,0,0,-1,0,0,0,1,1,0,0,0,0
sim_0005_n3_seed47,47,0.001,3,457.0,2,body_2,8.648712297334397,4.926411902220734,0.00048168893654145645,0.0011073365877928708,9.383873802063842,27.547332072091663,0,2.0053654093842925,5.225796302743227,-70.90154906002464,-3.4235553395815885e-07,182.16787061502913,-3.3076098320206995e-14,2.0053654093842925,0-2,10,97.55000000000001,97550,,,,,0,9.383873802063842,27.539471906115363,2.0053654093842925,5.225796302743227,0.0005376397468776257,negative_baseline,20.0,1,1,1,1,0,0,0,0,0,0,-1,0,0,0,1,1,0,0,0,0
sim_0005_n3_seed47,47,0.001,3,457.45,2,body_2,8.648712297334397,4.926411902220734,0.000417541902145072,0.0016900310628332085,14.669871604602879,56.1083210764325,0,1.6039091294897494,6.236016223236252,-70.90168070571983,-2.199095506583836e-06,182.167870615029,-3.3856194978702444e-14,1.6039091294897494,0-2,10,98.0,98000,,,,,0,14.669871604602879,57.192844345529,1.6039091294897494,6.236016223236252,0.0005327328239440451,negative_hard,10.0,1,1,0,1,0,0,1,0,0,0,-1,0,0,0,1,1,0,0,0,0
sim_0005_n3_seed47,47,0.001,3,457.95,2,body_2,8.648712297334397,4.926411902220734,0.00047506564916971754,0.0010592101986952797,7.671630323473756,19.16028450764528,0,2.217830789443019,4.783016484752769,-70.90153272331207,-1.1194141223810927e-07,182.1678706150289,-3.432425297379971e-14,2.217830789443019,0-2,10,98.5,98500,,,,,0,7.671630323473756,19.160483685029146,2.217830789443019,4.783016484752769,0.0005471768234874503,negative_hard,10.0,1,1,1,1,0,0,0,0,0,0,-1,0,0,0,1,1,0,0,0,0
sim_0005_n3_seed47,47,0.001,3,458.0,2,body_2,8.648712297334397,4.926411902220734,0.0004851170501273864,0.0010031381653052363,7.148182962839032,16.76895357412612,0,2.2975803705408855,4.62875402738084,-70.90152955356507,-6.723508168901765e-08,182.167870615029,-3.3856194978702444e-14,2.2975803705408855,0-2,10,98.55000000000001,98550,,,,,0,7.148182962839032,16.761344067469572,2.2975803705408855,4.62875402738084,0.0005495114065503309,negative_baseline,20.0,1,1,1,1,0,0,0,0,0,0,-1,0,0,0,1,1,0,0,0,0
sim_0005_n3_seed47,47,0.001,3,459.0,2,body_2,8.648712297334397,4.926411902220734,0.0006097395095932428,0.0005628339132769829,3.5194826493454494,3.333545900804375,0,3.2738941204305143,3.0634534669807625,-70.9015226372731,3.031277763608532e-08,182.16787061502873,-3.526036896399425e-14,3.2738941204305143,0-2,10,99.55000000000001,99550,,,,,0,3.5194826493454494,3.330361272642359,3.2738941204305143,3.0634534669807625,0.0005824172215075886,negative_baseline,20.0,0,0,0,0,0,0,0,0,0,0,-1,0,0,0,1,1,0,0,0,0
sim_0005_n3_seed47,47,0.001,3,460.0,2,body_2,8.648712297334397,4.926411902220734,0.0005790400461258772,0.0006983965333447512,4.833896729175551,7.484710509270224,0,2.7938096231413008,3.775418555409509,-70.90152297476902,2.5552711893806826e-08,182.1678706150277,-4.087706490516147e-14,2.7938096231413008,0-2,10,100.55000000000001,100550,,,,,0,4.833896729175551,7.461982646142222,2.7938096231413008,3.775418555409509,0.0005747851312580746,negative_baseline,20.0,0,0,0,0,0,0,0,0,0,0,-1,0,0,0,1,1,0,0,0,0
sim_0005_n3_seed47,47,0.001,3,460.65000000000003,2,body_2,8.648712297334397,4.926411902220734,0.0004890636174152091,0.001360183314026088,11.270785744402396,37.50642809489465,0,1.829830573486984,5.634421645479841,-70.9015801015784,-7.80167751139572e-07,182.16787061502802,-3.916085225647149e-14,1.829830573486984,0-2,10,101.20000000000005,101200,,,,,0,11.270785744402396,37.67295254874524,1.829830573486984,5.634421645479841,0.0005591799639716832,negative_hard,10.0,1,1,1,1,0,0,1,0,0,0,-1,0,0,0,1,1,0,0,0,0
sim_0005_n3_seed47,47,0.001,3,461.0,2,body_2,8.648712297334397,4.926411902220734,0.00043637397295693517,0.0017662811868018756,14.571057423183078,55.57176698972513,0,1.6093337409781014,6.220364345070574,-70.9016768429355,-2.144614529807603e-06,182.16787061502978,-2.948765369112793e-14,1.6093337409781014,0-2,10,101.55000000000001,101550,,,,,0,14.571057423183078,56.62502565587138,1.6093337409781014,6.220364345070574,0.0005550077459323965,negative_baseline,20.0,1,1,0,1,0,0,1,0,0,0,-1,0,0,0,1,1,0,0,0,0
sim_0005_n3_seed47,47,0.001,3,461.15000000000003,2,body_2,8.648712297334397,4.926411902220734,0.0004379654715550422,0.0016141989768255125,12.676632982600717,45.184240640648646,0,1.7253892348391489,5.900472094305974,-70.90161402924424,-1.2586858922034518e-06,182.16787061503007,-2.7927460374137038e-14,1.7253892348391489,0-2,10,101.70000000000005,101700,,,,,0,12.676632982600717,45.704353318787575,1.7253892348391489,5.900472094305974,0.0005566410355990126,negative_hard,10.0,1,1,1,1,0,0,1,0,0,0,-1,0,0,0,1,1,0,0,0,0
sim_0005_n3_seed47,47,0.001,3,462.0,2,body_2,8.648712297334397,4.926411902220734,0.0005905983811585378,0.0007176837181367829,4.406370626537127,6.0392128405911825,0,2.9261336248065533,3.571029305482719,-70.90152270446345,2.9365120411769255e-08,182.16787061502953,-3.089182767641974e-14,2.9261336248065533,0-2,10,102.55000000000001,102550,,,,,0,4.406370626537127,6.033098302148444,2.9261336248065533,3.571029305482719,0.0005934941333053463,negative_baseline,20.0,0,0,0,0,0,0,0,0,0,0,-1,0,0,0,1,1,0,0,0,0
sim_0005_n3_seed47,47,0.001,3,463.0,2,body_2,8.648712297334397,4.926411902220734,0.0006446670323278492,0.0005955099754824039,3.6087279089216264,3.588452721578521,0,3.2332328109361104,3.121067926492011,-70.90152262343906,3.050789388687445e-08,182.1678706150293,-3.2139982330012455e-14,3.2332328109361104,0-2,10,103.55000000000001,103550,,,,,0,3.6087279089216264,3.5824779202639188,3.2332328109361104,3.121067926492011,0.0006087124800503862,negative_baseline,20.0,0,0,0,0,0,0,0,0,0,0,-1,0,0,0,1,1,0,0,0,0
sim_0005_n3_seed47,47,0.001,3,463.8,2,body_2,8.648712297334397,4.926411902220734,0.000578428825521214,0.0009074712920651983,6.411771073936735,13.57060490992923,0,2.4259244943472282,4.391951057066394,-70.9015262865116,-2.1156333988764897e-08,182.1678706150306,-2.4963093071854336e-14,2.4259244943472282,0-2,10,104.35000000000002,104350,,,,,0,6.411771073936735,13.524701041234474,2.4259244943472282,4.391951057066394,0.0005925631283312069,negative_hard,10.0,1,0,0,1,0,0,0,0,0,0,-1,0,0,0,1,1,0,0,0,0
sim_0005_n3_seed47,47,0.001,3,464.0,2,body_2,8.648712297334397,4.926411902220734,0.0005479495878687869,0.0011282695760740644,8.481899710654094,23.031511698708734,0,2.109270598189669,5.003009894915647,-70.90153922664206,-2.0366482727517885e-07,182.1678706150307,-2.4495035076757066e-14,2.109270598189669,0-2,10,104.55000000000001,104550,,,,,0,8.481899710654094,22.990708587909392,2.109270598189669,5.003009894915647,0.0005870082434095228,negative_baseline,20.0,1,1,1,1,1,0,0,0,0,0,-1,0,0,0,1,1,0,0,0,0
sim_0005_n3_seed47,47,0.001,3,464.3,2,body_2,8.648712297334397,4.926411902220734,0.0004922252728763754,0.0016450322377850766,13.235641183317323,48.25789729546818,0,1.6885623930160945,5.999017548140578,-70.90163041336777,-1.4897687014332038e-06,182.16787061503047,-2.5743189730349785e-14,1.6885623930160945,0-2,10,104.85000000000002,104850,,,,,0,13.235641183317323,48.82470902287329,1.6885623930160945,5.999017548140578,0.0005798289274631284,negative_hard,10.0,1,1,1,1,0,0,1,0,0,0,-1,0,0,0,1,1,0,0,0,0
sim_0005_n3_seed47,47,0.001,3,464.8,2,body_2,8.648712297334397,4.926411902220734,0.00047099479856462233,0.0014889885231606894,10.682152277890664,34.34294613487527,0,1.8795571508862559,5.514109572397966,-70.90156875906574,-6.201921695372058e-07,182.1678706150313,-2.1218629111076185e-14,1.8795571508862559,0-2,10,105.35000000000002,105350,,,,,0,10.682152277890664,34.5272115269411,1.8795571508862559,5.514109572397966,0.0005814230112423151,negative_hard,10.0,1,1,1,1,0,0,1,0,0,0,-1,0,0,0,1,1,0,0,0,0
sim_0005_n3_seed47,47,0.001,3,465.0,2,body_2,8.648712297334397,4.926411902220734,0.0005114485030592655,0.0011803164417496111,7.843434393800988,19.964506243628097,0,2.1934208040184764,4.831434899662612,-70.90153393259298,-1.2899719367181588e-07,182.16787061503155,-1.9814455125784378e-14,2.1934208040184764,0-2,10,105.55000000000001,105550,,,,,0,7.843434393800988,19.968326840597108,2.1934208040184764,4.831434899662612,0.0005903735691149143,negative_baseline,20.0,1,1,1,1,0,0,0,0,0,0,-1,0,0,0,1,1,0,0,0,0
sim_0005_n3_seed47,47,0.001,3,466.0,2,body_2,8.648712297334397,4.926411902220734,0.0006666077351851285,0.0006277920071001856,3.563134429118183,3.457511202511591,0,3.2538614513556094,3.091790351854494,-70.90152263008974,3.04140922369559e-08,182.16787061503217,-1.6382029828404407e-14,3.2538614513556094,0-2,10,106.55000000000001,106550,,,,,0,3.563134429118183,3.4543538482426492,3.2538614513556094,3.091790351854494,0.0006309642176931367,negative_baseline,20.0,0,0,0,0,0,0,0,0,0,0,-1,0,0,0,1,1,0,0,0,0
sim_0005_n3_seed47,47,0.001,3,467.0,2,body_2,8.648712297334397,4.926411902220734,0.0006482344370220115,0.0007421330160825457,4.581769484862258,6.620874896938469,0,2.869630931363895,3.6573864439907378,-70.90152279146876,2.8137991393495532e-08,182.16787061503217,-1.6382029828404407e-14,2.869630931363895,0-2,10,107.55000000000001,107550,,,,,0,4.581769484862258,6.601952575475387,2.869630931363895,3.6573864439907378,0.0006258740389858372,negative_baseline,20.0,0,0,0,0,0,0,0,0,0,0,-1,0,0,0,1,1,0,0,0,0
sim_0005_n3_seed47,47,0.001,3,467.45,2,body_2,8.648712297334397,4.926411902220734,0.0005902344449145435,0.0010745873491230058,7.506940345147815,18.397671954363148,0,2.2420326283955645,4.7355827274439735,-70.90153164334376,-9.67094645876102e-08,182.16787061503288,-1.2481546535927168e-14,2.2420326283955645,0-2,10,108.0,108000,,,,,0,7.506940345147815,18.34551870824316,2.2420326283955645,4.7355827274439735,0.0006129396380924702,negative_hard,10.0,1,1,1,1,0,0,0,0,0,0,-1,0,0,0,1,1,0,0,0,0
sim_0005_n3_seed47,47,0.001,3,467.95,2,body_2,8.648712297334397,4.926411902220734,0.0004931313566700314,0.0018926126148698843,14.585821880961714,55.652667551131366,0,1.6085125473490596,6.222728795676647,-70.90167742106439,-2.1527684995886355e-06,182.16787061503226,-1.591397183330714e-14,1.6085125473490596,0-2,10,108.5,108500,,,,,0,14.585821880961714,56.67372214681697,1.6085125473490596,6.222728795676647,0.000599736755269285,negative_hard,10.0,1,1,1,1,0,0,1,0,0,0,-1,0,0,0,1,1,0,0,0,0
sim_0005_n3_seed47,47,0.001,3,468.0,2,body_2,8.648712297334397,4.926411902220734,0.00048483431454242554,0.0019271460807359442,14.76595373783601,56.630935112033434,0,1.5986718157809041,6.251189352925284,-70.90168452894932,-2.253018599249763e-06,182.1678706150325,-1.4509797848015333e-14,1.5986718157809041,0-2,10,108.55000000000001,108550,,,,,0,14.76595373783601,57.73608173690147,1.5986718157809041,6.251189352925284,0.0005989470986854059,negative_baseline,20.0,1,1,0,1,0,0,1,1,0,0,-1,0,0,0,1,1,0,0,0,0
sim_0005_n3_seed47,47,0.001,3,468.45,2,body_2,8.648712297334397,4.926411902220734,0.0005125251952947547,0.0013536470176151371,8.88644495868362,25.032921376915457,0,2.0607057404289417,5.105549358047376,-70.90154327822472,-2.6080862885396746e-07,182.16787061503334,-9.985237228741735e-15,2.0607057404289417,0-2,10,109.0,109000,,,,,0,8.88644495868362,25.07315174114277,2.0607057404289417,5.105549358047376,0.0006075074412742225,negative_hard,10.0,1,1,1,1,0,0,0,0,0,0,-1,0,0,0,1,1,0,0,0,0
sim_0005_n3_seed47,47,0.001,3,469.0,2,body_2,8.648712297334397,4.926411902220734,0.0006311314707549609,0.0008178472041200356,4.628596135236916,6.778755047441253,0,2.855095926771408,3.679815995331849,-70.90152282006999,2.773459779888254e-08,182.16787061503325,-1.0453295223839003e-14,2.855095926771408,0-2,10,109.55000000000001,109550,,,,,0,4.628596135236916,6.771574086667859,2.855095926771408,3.679815995331849,0.0006367687381885356,negative_baseline,20.0,0,0,0,0,0,0,0,0,0,0,-1,0,0,0,1,1,0,0,0,0
sim_0005_n3_seed47,47,0.001,3,470.0,2,body_2,8.648712297334397,4.926411902220734,0.0007092732930430655,0.0006476640894679156,3.5534295854875393,3.4296099029281746,0,3.258325986594119,3.0854659534462647,-70.90152263162162,3.039248659025799e-08,182.16787061503274,-1.3261643194422615e-14,3.258325986594119,0-2,10,110.55000000000001,110550,,,,,0,3.5534295854875393,3.424361466027155,3.258325986594119,3.0854659534462647,0.000658609321984457,negative_baseline,20.0,0,0,0,0,0,0,0,0,0,0,-1,0,0,0,1,1,0,0,0,0
sim_0005_n3_seed47,47,0.001,3,471.0,2,body_2,8.648712297334397,4.926411902220734,0.0006162048439717932,0.0011466038540664345,7.697241035318956,19.279391409295535,0,2.2141461183682747,4.790290492961881,-70.90153289790871,-1.1440393524225509e-07,182.1678706150318,-1.841028114049257e-14,2.2141461183682747,0-2,10,111.55000000000001,111550,,,,,0,7.697241035318956,19.227903952106253,2.2141461183682747,4.790290492961881,0.0006356992320723892,negative_baseline,20.0,1,1,1,1,0,0,0,0,0,0,-1,0,0,0,1,1,0,0,0,0
sim_0005_n3_seed47,47,0.001,3,471.15000000000003,2,body_2,8.648712297334397,4.926411902220734,0.0005881095048563194,0.0013749741421211575,9.677503347940737,29.05830721301577,0,1.9746927573776152,5.294102290657543,-70.90155291530239,-3.967306375336795e-07,182.1678706150319,-1.7942223145395305e-14,1.9746927573776152,0-2,10,111.70000000000005,111700,,,,,0,9.677503347940737,29.067186721300803,1.9746927573776152,5.294102290657543,0.0006308096477371428,negative_hard,10.0,1,1,1,1,0,0,1,0,0,0,-1,0,0,0,1,1,0,0,0,0
sim_0005_n3_seed47,47,0.001,3,471.65000000000003,2,body_2,8.648712297334397,4.926411902220734,0.0004934761271804312,0.001968926478180226,14.092682730754976,52.96217545872809,0,1.636409913343693,6.143218724360913,-70.90165899241012,-1.8928494875868045e-06,182.1678706150308,-2.3870957749960708e-14,1.636409913343693,0-2,10,112.20000000000005,112200,,,,,0,14.092682730754976,53.86255829690004,1.636409913343693,6.143218724360913,0.0006192518480000304,negative_hard,10.0,1,1,1,1,0,0,1,0,0,0,-1,0,0,0,1,1,0,0,0,0
sim_0005_n3_seed47,47,0.001,3,472.0,2,body_2,8.648712297334397,4.926411902220734,0.0005356299590911919,0.0013817271034677794,8.651000144382717,23.862939459143007,0,2.0885571687590425,5.04641569369867,-70.90154085189147,-2.2658745715517742e-07,182.1678706150305,-2.5587170398650694e-14,2.0885571687590425,0-2,10,112.55000000000001,112550,,,,,0,8.651000144382717,23.89251243766499,2.0885571687590425,5.04641569369867,0.0006292460536622603,negative_baseline,20.0,1,1,1,1,0,0,0,0,0,0,-1,0,0,0,1,1,0,0,0,0
sim_0005_n3_seed47,47,0.001,3,472.15000000000003,2,body_2,8.648712297334397,4.926411902220734,0.0005716560568107569,0.0011719382387702481,6.9596202634345135,15.930169796334976,0,2.328514809370792,4.570446617610719,-70.90152859061283,-5.365353678869264e-08,182.16787061503047,-2.5743189730349785e-14,2.328514809370792,0-2,10,112.70000000000005,112700,,,,,0,6.9596202634345135,15.92077808042336,2.328514809370792,4.570446617610719,0.0006375681062525294,negative_hard,10.0,1,0,1,1,0,0,0,0,0,0,-1,0,0,0,1,1,0,0,0,0
sim_0005_n3_seed47,47,0.001,3,473.0,2,body_2,8.648712297334397,4.926411902220734,0.0007201166348121871,0.0006961426684151875,3.621684949980178,3.6253134154264792,0,3.22751942437157,3.129190713817177,-70.90152262172296,3.0532097919447454e-08,182.16787061503103,-2.2622803096367992e-14,3.22751942437157,0-2,10,113.55000000000001,113550,,,,,0,3.621684949980178,3.6220994914286666,3.22751942437157,3.129190713817177,0.0006772066289314126,negative_baseline,20.0,0,0,0,0,0,0,0,0,0,0,-1,0,0,0,1,1,0,0,0,0
sim_0005_n3_seed47,47,0.001,3,474.0,2,body_2,8.648712297334397,4.926411902220734,0.0007168531252477247,0.00078474898795367,4.366599146764068,5.908968976995112,0,2.93946918755001,3.5508353725543302,-70.90152268892082,2.958433466719804e-08,182.16787061503106,-2.24667837646689e-14,2.93946918755001,0-2,10,114.55000000000001,114550,,,,,0,4.366599146764068,5.893161026982448,2.93946918755001,3.5508353725543302,0.0006757536935195309,negative_baseline,20.0,0,0,0,0,0,0,0,0,0,0,-1,0,0,0,1,1,0,0,0,0
sim_0005_n3_seed47,47,0.001,3,474.8,2,body_2,8.648712297334397,4.926411902220734,0.0005895042259757226,0.0016672553347131117,11.606581700091102,39.328945059142285,0,1.8031522278611396,5.700596776610813,-70.90158730936538,-8.818268762504807e-07,182.1678706150304,-2.6055228393747964e-14,1.8031522278611396,0-2,10,115.35000000000002,115350,,,,,0,11.606581700091102,39.54584454293756,1.8031522278611396,5.700596776610813,0.0006494039857820366,negative_hard,10.0,1,1,1,1,0,0,1,0,0,0,-1,0,0,0,1,1,0,0,0,0
sim_0005_n3_seed47,47,0.001,3,475.0,2,body_2,8.648712297334397,4.926411902220734,0.0005420735666811093,0.002036282655604262,14.476798177607149,55.059588835185245,0,1.6145517843500643,6.205370013154686,-70.90167322358712,-2.0935669904569477e-06,182.16787061503143,-2.0438532452580736e-14,1.6145517843500643,0-2,10,115.55000000000001,115550,,,,,0,14.476798177607149,56.0363749663524,1.6145517843500643,6.205370013154686,0.0006432016748643517,negative_baseline,20.0,1,1,1,1,0,0,1,0,0,0,-1,0,0,0,1,1,0,0,0,0
sim_0005_n3_seed47,47,0.001,3,475.3,2,body_2,8.648712297334397,4.926411902220734,0.0005147405238198404,0.0018687911211589935,12.347792027109433,43.37910124396521,0,1.748204765095162,5.840708053366563,-70.90160518845782,-1.1339948302300666e-06,182.16787061503095,-2.3090861091465262e-14,1.748204765095162,0-2,10,115.85000000000002,115850,,,,,0,12.347792027109433,43.828528292497495,1.748204765095162,5.840708053366563,0.0006409639236973136,negative_hard,10.0,1,1,1,1,0,0,1,0,0,0,-1,0,0,0,1,1,0,0,0,0
sim_0005_n3_seed47,47,0.001,3,476.0,2,body_2,8.648712297334397,4.926411902220734,0.000667392767695011,0.0009281010856705982,4.888861332682587,7.67664499378114,0,2.7781128438645806,3.8001862159539987,-70.90152302469554,2.4848544912176994e-08,182.1678706150313,-2.1218629111076185e-14,2.7781128438645806,0-2,10,116.55000000000001,116550,,,,,0,4.888861332682587,7.668197612891865,2.7781128438645806,3.8001862159539987,0.0006776433303336893,negative_baseline,20.0,0,0,0,0,0,0,0,0,0,0,-1,0,0,0,1,1,0,0,0,0
sim_0005_n3_seed47,47,0.001,3,477.0,2,body_2,8.648712297334397,4.926411902220734,0.00077170246810612,0.0007006152480637099,3.51287015512258,3.313891464531646,0,3.277111653969502,3.0589030972013598,-70.9015226384286,3.029648040113548e-08,182.16787061503092,-2.324688042316435e-14,3.277111653969502,0-2,10,117.55000000000001,117550,,,,,0,3.51287015512258,3.309234172929399,3.277111653969502,3.0589030972013598,0.0007068633781260516,negative_baseline,20.0,0,0,0,0,0,0,0,0,0,0,-1,0,0,0,1,1,0,0,0,0
sim_0005_n3_seed47,47,0.001,3,477.95,2,body_2,8.648712297334397,4.926411902220734,0.0006942369859187897,0.0011071733606924429,6.573582098054678,14.255613405157641,0,2.3958816880101623,4.446209226541933,-70.90152689519124,-2.974119367455084e-08,182.1678706150306,-2.4963093071854336e-14,2.3958816880101623,0-2,10,118.5,118500,,,,,0,6.573582098054678,14.207954431596738,2.3958816880101623,4.446209226541933,0.0006858548940575452,negative_hard,10.0,1,0,0,1,0,0,0,0,0,0,-1,0,0,0,1,1,0,0,0,0
sim_0005_n3_seed47,47,0.001,3,478.0,2,body_2,8.648712297334397,4.926411902220734,0.0006856917504418439,0.0011639142157594915,7.023127284158151,16.211376719831495,0,2.317949699958344,4.590270832232953,-70.90152890555503,-5.809550329774936e-08,182.1678706150307,-2.4495035076757066e-14,2.317949699958344,0-2,10,118.55000000000001,118550,,,,,0,7.023127284158151,16.16016624658935,2.317949699958344,4.590270832232953,0.0006839784463966635,negative_baseline,20.0,1,1,1,1,0,0,0,0,0,0,-1,0,0,0,1,1,0,0,0,0
sim_0005_n3_seed47,47,0.001,3,478.45,2,body_2,8.648712297334397,4.926411902220734,0.0005861661673212476,0.0019827863420104693,13.52774688030003,49.864256562528055,0,1.6702203897776557,6.049093643348245,-70.90163968241896,-1.6205000392781584e-06,182.16787061503103,-2.2622803096367992e-14,1.6702203897776557,0-2,10,119.0,119000,,,,,0,13.52774688030003,50.51491888571699,1.6702203897776557,6.049093643348245,0.0006672358970362478,negative_hard,10.0,1,1,1,1,0,0,1,0,0,0,-1,0,0,0,1,1,0,0,0,0
sim_0005_n3_seed47,47,0.001,3,478.95,2,body_2,8.648712297334397,4.926411902220734,0.000549501920548435,0.001706325472923681,10.359720222365178,32.62882969614134,0,1.9085785599496228,5.445632008674962,-70.90156320887132,-5.419118443569949e-07,182.1678706150315,-2.0126493789182557e-14,1.9085785599496228,0-2,10,119.5,119500,,,,,0,10.359720222365178,32.777807612113676,1.9085785599496228,5.445632008674962,0.000664762893181635,negative_hard,10.0,1,1,1,1,0,0,1,0,0,0,-1,0,0,0,1,1,0,0,0,0
sim_0005_n3_seed47,47,0.001,3,479.0,2,body_2,8.648712297334397,4.926411902220734,0.0005594602273603705,0.0016095836364659122,9.575845868753708,28.53309619572869,0,1.9851527646076594,5.270672862452154,-70.90155154353245,-3.773830996007964e-07,182.1678706150315,-2.0126493789182557e-14,1.9851527646076594,0-2,10,119.55000000000001,119550,,,,,0,9.575845868753708,28.614409915110812,1.9851527646076594,5.270672862452154,0.0006669378891195765,negative_baseline,20.0,1,1,1,1,0,0,1,0,0,0,-1,0,0,0,1,1,0,0,0,0
sim_0005_n3_seed47,47,0.001,3,480.0,2,body_2,8.648712297334397,4.926411902220734,0.0007701298054718157,0.00076858568878857,3.6962114971386004,3.8412794327045687,0,3.194871520797891,3.1757729706801943,-70.90152261326136,3.0651440876742974e-08,182.16787061503095,-2.3090861091465262e-14,3.194871520797891,0-2,10,120.55000000000001,120550,,,,,0,3.6962114971386004,3.837918400122134,3.194871520797891,3.1757729706801943,0.0007214612873092786,negative_baseline,20.0,0,0,0,0,0,0,0,0,0,0,-1,0,0,0,1,1,0,0,0,0
sim_0005_n3_seed47,47,0.001,3,481.0,2,body_2,8.648712297334397,4.926411902220734,0.0007845841721663948,0.0008266950653037121,4.183209787072491,5.320790049338747,0,3.003199577185294,3.455246300011183,-70.90152263553271,3.0337324205025225e-08,182.16787061503092,-2.324688042316435e-14,3.003199577185294,0-2,10,121.55000000000001,121550,,,,,0,4.183209787072491,5.307518686291828,3.003199577185294,3.455246300011183,0.0007246930984111446,negative_baseline,20.0,0,0,0,0,0,0,0,0,0,0,-1,0,0,0,1,1,0,0,0,0
sim_0005_n3_seed47,47,0.001,3,481.6,2,body_2,8.648712297334397,4.926411902220734,0.0007021897482404772,0.0013024641123613229,7.72195420448839,19.39487105831115,0,2.210593528326705,4.79731490464784,-70.90153306989228,-1.1682960341780322e-07,182.16787061503067,-2.4651054408456157e-14,2.210593528326705,0-2,10,122.15000000000003,122150,,,,,0,7.72195420448839,19.34352502827361,2.210593528326705,4.79731490464784,0.0007040289725672158,negative_hard,10.0,1,1,1,1,0,0,0,0,0,0,-1,0,0,0,1,1,0,0,0,0
sim_0005_n3_seed47,47,0.001,3,482.0,2,body_2,8.648712297334397,4.926411902220734,0.0006064492396576444,0.002092325514672671,13.769654516023364,51.19243606960527,0,1.6554828137402142,6.089826776471075,-70.90164772641336,-1.733953091561581e-06,182.16787061502995,-2.85515377009334e-14,1.6554828137402142,0-2,10,122.55000000000001,122550,,,,,0,13.769654516023364,51.91797536583829,1.6554828137402142,6.089826776471075,0.0006880617350125792,negative_baseline,20.0,1,1,1,1,0,0,1,0,0,0,-1,0,0,0,1,1,0,0,0,0
sim_0005_n3_seed47,47,0.001,3,482.1,2,body_2,8.648712297334397,4.926411902220734,0.0005806951512017884,0.0022323751507729844,14.689342587770692,56.21545613491695,0,1.6028252094975446,6.239149398184117,-70.90168149383308,-2.2102111103318572e-06,182.1678706150299,-2.8863576364331575e-14,1.6028252094975446,0-2,10,122.65000000000003,122650,,,,,0,14.689342587770692,57.281461133150145,1.6028252094975446,6.239149398184117,0.0006845066676087816,negative_hard,10.0,1,1,0,1,0,0,1,0,0,0,-1,0,0,0,1,1,0,0,0,0
sim_0005_n3_seed47,47,0.001,3,482.6,2,body_2,8.648712297334397,4.926411902220734,0.0005944280000083913,0.001543348647222745,8.621696461590096,23.717995132395494,0,2.092107238109692,5.038943414597892,-70.90154056439152,-2.2253253810065014e-07,182.16787061503027,-2.683532505224341e-14,2.092107238109692,0-2,10,123.15000000000003,123150,,,,,0,8.621696461590096,23.746355214068856,2.092107238109692,5.038943414597892,0.0006905964708697265,negative_hard,10.0,1,1,1,1,0,0,0,0,0,0,-1,0,0,0,1,1,0,0,0,0
sim_0005_n3_seed47,47,0.001,3,483.0,2,body_2,8.648712297334397,4.926411902220734,0.0006995046568434294,0.0010502737117834811,5.1937138369345,8.770881033535082,0,2.695389402876773,3.9327161492558353,-70.90152337371845,1.992590166922556e-08,182.16787061503106,-2.24667837646689e-14,2.695389402876773,0-2,10,123.55000000000001,123550,,,,,0,5.1937138369345,8.761018127195841,2.695389402876773,3.9327161492558353,0.0007165296897347717,negative_baseline,20.0,0,0,0,0,0,0,0,0,0,0,-1,0,0,0,1,1,0,0,0,0
sim_0005_n3_seed47,47,0.001,3,484.0,2,body_2,8.648712297334397,4.926411902220734,0.0008317480143957786,0.0007548436373020532,3.486316612553045,3.2384403971629236,0,3.289595177602867,3.041291939019743,-70.90152264325212,3.0228449151085034e-08,182.16787061503186,-1.8098242477094393e-14,3.289595177602867,0-2,10,124.55000000000001,124550,,,,,0,3.486316612553045,3.234259071817681,3.289595177602867,3.041291939019743,0.0007537353315848754,negative_baseline,20.0,0,0,0,0,0,0,0,0,0,0,-1,0,0,0,1,1,0,0,0,0
sim_0005_n3_seed47,47,0.001,3,485.0,2,body_2,8.648712297334397,4.926411902220734,0.0007558209617562285,0.0011811452075937345,6.447591139077212,13.721407771735493,0,2.4191699245120075,4.404094287514397,-70.90152641741766,-2.3002642086086476e-08,182.16787061503166,-1.919037779898802e-14,2.4191699245120075,0-2,10,125.55000000000001,125550,,,,,0,6.447591139077212,13.675101480702063,2.4191699245120075,4.404094287514397,0.0007320675788090353,negative_baseline,20.0,1,0,0,1,0,0,0,0,0,0,-1,0,0,0,1,1,0,0,0,0
sim_0005_n3_seed47,47,0.001,3,485.2,2,body_2,8.648712297334397,4.926411902220734,0.0007168464296876928,0.0014626413814893316,8.539178933114645,23.31278249072789,0,2.102167227054935,5.017842915902973,-70.9015397699439,-2.1132759389314556e-07,182.1678706150322,-1.622601049670532e-14,2.102167227054935,0-2,10,125.75,125750,,,,,0,8.539178933114645,23.27336220812354,2.102167227054935,5.017842915902973,0.0007236195683176036,negative_hard,10.0,1,1,1,1,0,0,0,0,0,0,-1,0,0,0,1,1,0,0,0,0
sim_0005_n3_seed47,47,0.001,3,485.7,2,body_2,8.648712297334397,4.926411902220734,0.0005887112598145152,0.002337345964673517,14.713469080071254,56.34621439343073,0,1.6015101852038092,6.242956883122537,-70.90168245236973,-2.2237303773504247e-06,182.16787061503254,-1.4353778516316242e-14,1.6015101852038092,0-2,10,126.25,126250,,,,,0,14.713469080071254,57.443874759420126,1.6015101852038092,6.242956883122537,0.0007032745303980249,negative_hard,10.0,1,1,0,1,0,0,1,1,0,0,-1,0,0,0,1,1,0,0,0,0
sim_0005_n3_seed47,47,0.001,3,486.0,2,body_2,8.648712297334397,4.926411902220734,0.0005853575797762866,0.0018640726203967939,10.608672346950998,33.95068438849788,0,1.8860530720424442,5.498675017149944,-70.9015674577696,-6.018385989838069e-07,182.16787061503155,-1.9814455125784378e-14,1.8860530720424442,0-2,10,126.55000000000001,126550,,,,,0,10.608672346950998,34.1265166267649,1.8860530720424442,5.498675017149944,0.0007043260083192852,negative_baseline,20.0,1,1,1,1,0,0,1,0,0,0,-1,0,0,0,1,1,0,0,0,0
sim_0005_n3_seed47,47,0.001,3,486.2,2,body_2,8.648712297334397,4.926411902220734,0.0006317119174250544,0.0014820955636275857,7.7929580544879995,19.72645250129558,0,2.2005277000377697,4.817280827654937,-70.90153356907435,-1.238701017156319e-07,182.16787061503095,-2.3090861091465262e-14,2.2005277000377697,0-2,10,126.75,126750,,,,,0,7.7929580544879995,19.729153821075062,2.2005277000377697,4.817280827654937,0.0007147718703114251,negative_hard,10.0,1,1,1,1,0,0,0,0,0,0,-1,0,0,0,1,1,0,0,0,0
sim_0005_n3_seed47,47,0.001,3,487.0,2,body_2,8.648712297334397,4.926411902220734,0.0008165108537208385,0.0008458946975520915,3.7881221997082384,4.111291115179634,0,3.1559230055512275,3.2316977736856147,-70.90152260654226,3.0746207601328964e-08,182.16787061503118,-2.1842706437872543e-14,3.1559230055512275,0-2,10,127.55000000000001,127550,,,,,0,3.7881221997082384,4.107682103210638,3.1559230055512275,3.2316977736856147,0.0007640113316457287,negative_baseline,20.0,0,0,0,0,0,0,0,0,0,0,-1,0,0,0,1,1,0,0,0,0
sim_0005_n3_seed47,47,0.001,3,488.0,2,body_2,8.648712297334397,4.926411902220734,0.0008511356528978865,0.000868392333403902,4.027383966165267,4.834442856113418,0,3.060739306223031,3.370167689421021,-70.90152261156524,3.067536310350447e-08,182.16787061503035,-2.6367267057146143e-14,3.060739306223031,0-2,10,128.55,128550,,,,,0,4.027383966165267,4.823235332581359,3.060739306223031,3.370167689421021,0.0007729183905105426,negative_baseline,20.0,0,0,0,0,0,0,0,0,0,0,-1,0,0,0,1,1,0,0,0,0
sim_0005_n3_seed47,47,0.001,3,488.8,2,body_2,8.648712297334397,4.926411902220734,0.0007295290610046513,0.0016468845848436808,9.481701604272404,28.04968850802893,0,1.9949618397851387,5.248829888679302,-70.90155031387779,-3.60039965431092e-07,182.1678706150303,-2.6679305720544322e-14,1.9949618397851387,0-2,10,129.35000000000002,129350,,,,,0,9.481701604272404,28.04708015256062,1.9949618397851387,5.248829888679302,0.0007428045500166025,negative_hard,10.0,1,1,1,1,0,0,1,0,0,0,-1,0,0,0,1,1,0,0,0,0
sim_0005_n3_seed47,47,0.001,3,489.0,2,body_2,8.648712297334397,4.926411902220734,0.0006758453122546668,0.0021043717844509233,12.786505943154006,45.788862463123095,0,1.7179400267276956,5.920194313498936,-70.90161713009246,-1.3024204695278964e-06,182.16787061503035,-2.6367267057146143e-14,1.7179400267276956,0-2,10,129.55,129550,,,,,0,12.786505943154006,46.24029316215479,1.7179400267276956,5.920194313498936,0.000733666911741868,negative_baseline,20.0,1,1,1,1,0,0,1,0,0,0,-1,0,0,0,1,1,0,0,0,0
sim_0005_n3_seed47,47,0.001,3,489.3,2,body_2,8.648712297334397,4.926411902220734,0.000599382170616545,0.0023755233194884345,14.23406016899593,53.73484036524795,0,1.6282555649325576,6.166282225428104,-70.90166413817778,-1.965425749868646e-06,182.16787061503,-2.8239499037535217e-14,1.6282555649325576,0-2,10,129.85000000000002,129850,,,,,0,14.23406016899593,54.6797050356379,1.6282555649325576,6.166282225428104,0.0007221879110876783,negative_hard,10.0,1,1,0,1,0,0,1,0,0,0,-1,0,0,0,1,1,0,0,0,0
sim_0005_n3_seed47,47,0.001,3,489.8,2,body_2,8.648712297334397,4.926411902220734,0.0006707687494464604,0.0014274960154471326,7.0836540910006915,16.4794237661158,0,2.308059328806057,4.608914132910536,-70.90152921437159,-6.24510734764592e-08,182.16787061503132,-2.1062609779377097e-14,2.308059328806057,0-2,10,130.35000000000002,130350,,,,,0,7.0836540910006915,16.47115314225442,2.308059328806057,4.608914132910536,0.0007394357448314775,negative_hard,10.0,1,1,1,1,0,0,0,0,0,0,-1,0,0,0,1,1,0,0,0,0
sim_0005_n3_seed47,47,0.001,3,490.0,2,body_2,8.648712297334397,4.926411902220734,0.0007277108788353569,0.001186530168715776,5.551080116122322,10.110056462670274,0,2.607218154080015,4.078013361083619,-70.90152395593864,1.1714227839023067e-08,182.1678706150314,-2.0594551784279827e-14,2.607218154080015,0-2,10,130.55,130550,,,,,0,5.551080116122322,10.098790738994014,2.607218154080015,4.078013361083619,0.0007538534934018215,negative_baseline,20.0,0,0,0,0,0,0,0,0,0,0,-1,0,0,0,1,1,0,0,0,0
sim_0005_n3_seed47,47,0.001,3,491.0,2,body_2,8.648712297334397,4.926411902220734,0.0008891992182792914,0.0008108407709489408,3.4732963877445844,3.201455208870372,0,3.2957807132351014,3.032576641513927,-70.90152264577486,3.0192868261134516e-08,182.16787061503194,-1.7630184481997126e-14,3.2957807132351014,0-2,10,131.55,131550,,,,,0,3.4732963877445844,3.1976493588462254,3.2957807132351014,3.032576641513927,0.0007994562192177423,negative_baseline,20.0,0,0,0,0,0,0,0,0,0,0,-1,0,0,0,1,1,0,0,0,0
sim_0005_n3_seed47,47,0.001,3,492.0,2,body_2,8.648712297334397,4.926411902220734,0.0008261154946793208,0.0011988587294677001,5.957425048796692,11.704580568838711,0,2.5167030806943465,4.232012955681303,-70.90152487958551,-1.3129513145920493e-09,182.16787061503302,-1.170144987743172e-14,2.5167030806943465,0-2,10,132.55,132550,,,,,0,5.957425048796692,11.664586984871464,2.5167030806943465,4.232012955681303,0.0007801629334468496,negative_baseline,20.0,0,0,0,0,0,0,0,0,0,0,-1,0,0,0,1,1,0,0,0,0
sim_0005_n3_seed47,47,0.001,3,492.40000000000003,2,body_2,8.648712297334397,4.926411902220734,0.000740083901779857,0.0018558773346137652,10.541520302459814,33.59404234927431,0,1.8920305573654181,5.4845254544504005,-70.90156629145922,-5.853888768248739e-07,182.16787061503302,-1.170144987743172e-14,1.8920305573654181,0-2,10,132.95000000000005,132950,,,,,0,10.541520302459814,33.67310078785784,1.8920305573654181,5.4845254544504005,0.0007616269330491382,negative_hard,10.0,1,1,1,1,0,0,1,0,0,0,-1,0,0,0,1,1,0,0,0,0
sim_0005_n3_seed47,47,0.001,3,492.90000000000003,2,body_2,8.648712297334397,4.926411902220734,0.00061434328846037,0.0023526334813822217,13.363430927687679,48.96032029830866,0,1.680457478242804,6.021061629431519,-70.90163442100186,-1.5462926492826164e-06,182.16787061503203,-1.7162126486899856e-14,1.680457478242804,0-2,10,133.45000000000005,133450,,,,,0,13.363430927687679,49.649579521452914,1.680457478242804,6.021061629431519,0.0007416240385498177,negative_hard,10.0,1,1,1,1,0,0,1,0,0,0,-1,0,0,0,1,1,0,0,0,0
sim_0005_n3_seed47,47,0.001,3,493.0,2,body_2,8.648712297334397,4.926411902220734,0.000616263719925265,0.002141283847183317,11.713965979046057,39.912575022223415,0,1.7948723501996975,5.721376780242334,-70.90158973392784,-9.160230724582564e-07,182.16787061503155,-1.9814455125784378e-14,1.7948723501996975,0-2,10,133.55,133550,,,,,0,11.713965979046057,40.24357700239541,1.7948723501996975,5.721376780242334,0.0007423524904728575,negative_baseline,20.0,1,1,1,1,0,0,1,0,0,0,-1,0,0,0,1,1,0,0,0,0
sim_0005_n3_seed47,47,0.001,3,493.40000000000003,2,body_2,8.648712297334397,4.926411902220734,0.0007111371812469445,0.0013799994056556302,6.480999021650898,13.861358950009848,0,2.4129718199941155,4.415261909628097,-70.90152654053142,-2.4739047119505403e-08,182.16787061503197,-1.7474165150298035e-14,2.4129718199941155,0-2,10,133.95000000000005,133950,,,,,0,6.480999021650898,13.84941837313653,2.4129718199941155,4.415261909628097,0.0007645525202229067,negative_hard,10.0,1,0,1,1,0,0,0,0,0,0,-1,0,0,0,1,1,0,0,0,0
sim_0005_n3_seed47,47,0.001,3,494.0,2,body_2,8.648712297334397,4.926411902220734,0.0008591348904634959,0.0009289361550583388,3.8992092734182364,4.443146506718546,0,3.1106844159663884,3.29717269817058,-70.90152260457411,3.077396647591683e-08,182.1678706150318,-1.841028114049257e-14,3.1106844159663884,0-2,10,134.55,134550,,,,,0,3.8992092734182364,4.439174337677012,3.1106844159663884,3.29717269817058,0.0008051316703417637,negative_baseline,20.0,0,0,0,0,0,0,0,0,0,0,-1,0,0,0,1,1,0,0,0,0
sim_0005_n3_seed47,47,0.001,3,495.0,2,body_2,8.648712297334397,4.926411902220734,0.0009162287771301033,0.0009102427185928001,3.8956948895236216,4.43294807012247,0,3.1120355837392077,3.2952155600394226,-70.90152260467205,3.077258510632016e-08,182.1678706150316,-1.95024164623862e-14,3.1120355837392077,0-2,10,135.55,135550,,,,,0,3.8956948895236216,4.423421522738088,3.1120355837392077,3.2952155600394226,0.0008206335230242197,negative_baseline,20.0,0,0,0,0,0,0,0,0,0,0,-1,0,0,0,1,1,0,0,0,0
sim_0005_n3_seed47,47,0.001,3,495.95,2,body_2,8.648712297334397,4.926411902220734,0.0007628184235952319,0.001961619291172441,10.830617229655779,35.13747269191201,0,1.8666088991787697,5.5450686181070585,-70.90157148336205,-6.586158327341032e-07,182.1678706150318,-1.841028114049257e-14,1.8666088991787697,0-2,10,136.5,136500,,,,,0,10.830617229655779,35.24787630252945,1.8666088991787697,5.5450686181070585,0.0007826625498619704,negative_hard,10.0,1,1,1,1,0,0,1,0,0,0,-1,0,0,0,1,1,0,0,0,0
sim_0005_n3_seed47,47,0.001,3,496.0,2,body_2,8.648712297334397,4.926411902220734,0.000748359423672822,0.0020864464180310144,11.682132146528946,39.74013251917449,0,1.7972992358210156,5.715272892713681,-70.90158901720031,-9.059142979394558e-07,182.16787061503177,-1.8566300472191663e-14,1.7972992358210156,0-2,10,136.55,136550,,,,,0,11.682132146528946,39.96938317692399,1.7972992358210156,5.715272892713681,0.0007801121029805267,negative_baseline,20.0,1,1,1,1,0,0,1,0,0,0,-1,0,0,0,1,1,0,0,0,0
sim_0005_n3_seed47,47,0.001,3,496.45,2,body_2,8.648712297334397,4.926411902220734,0.0006346485882837709,0.00239376401260617,13.095628327126459,47.48753697563865,0,1.697552005804534,5.974719165431267,-70.90162616526271,-1.4298531344570224e-06,182.16787061503183,-1.8254261808793484e-14,1.697552005804534,0-2,10,137.0,137000,,,,,0,13.095628327126459,48.10740815098813,1.697552005804534,5.974719165431267,0.0007617591832717516,negative_hard,10.0,1,1,1,1,0,0,1,0,0,0,-1,0,0,0,1,1,0,0,0,0
sim_0005_n3_seed47,47,0.001,3,496.95,2,body_2,8.648712297334397,4.926411902220734,0.0007373143395729325,0.0014017763392346545,6.340947589733221,13.27300196338716,0,2.439472639927548,4.367709749200033,-70.9015260399668,-1.7679049102191827e-08,182.1678706150311,-2.2310764432969813e-14,2.439472639927548,0-2,10,137.5,137500,,,,,0,6.340947589733221,13.260763811556679,2.439472639927548,4.367709749200033,0.000786200952758612,negative_hard,10.0,1,0,1,0,0,0,0,0,0,0,-1,0,0,0,1,1,0,0,0,0
sim_0005_n3_seed47,47,0.001,3,497.0,2,body_2,8.648712297334397,4.926411902220734,0.0007524362991524907,0.0013394252289863026,5.9704430492806,11.755740662152277,0,2.5140129669070665,4.236667724513625,-70.90152491369045,-1.7939697831301625e-09,182.16787061503112,-2.2154745101270722e-14,2.5140129669070665,0-2,10,137.55,137550,,,,,0,5.9704430492806,11.743479574308711,2.5140129669070665,4.236667724513625,0.0007900857961798414,negative_baseline,20.0,0,0,0,0,0,0,0,0,0,0,-1,0,0,0,1,1,0,0,0,0
sim_0005_n3_seed47,47,0.001,3,498.0,2,body_2,8.648712297334397,4.926411902220734,0.0009438438576201307,0.0008691168709006505,3.473579209036036,3.202069190803241,0,3.2956709279529544,3.032729625335748,-70.90152264586145,3.0191647035807696e-08,182.167870615032,-1.7318145818598947e-14,3.2956709279529544,0-2,10,138.55,138550,,,,,0,3.473579209036036,3.198548609226842,3.2956709279529544,3.032729625335748,0.0008442473222107752,negative_baseline,20.0,0,0,0,0,0,0,0,0,0,0,-1,0,0,0,1,1,0,0,0,0
sim_0005_n3_seed47,47,0.001,3,499.0,2,body_2,8.648712297334397,4.926411902220734,0.0008961706688375801,0.0012173981885274523,5.540095500105652,10.068732810844162,0,2.6097509496782614,4.07378198518589,-70.9015239362716,1.1991613147562668e-08,182.16787061503166,-1.919037779898802e-14,2.6097509496782614,0-2,10,139.55,139550,,,,,0,5.540095500105652,10.034976446327327,2.6097509496782614,4.07378198518589,0.0008284497922819724,negative_baseline,20.0,0,0,0,0,0,0,0,0,0,0,-1,0,0,0,1,1,0,0,0,0
sim_0005_n3_seed47,47,0.001,3,499.5,2,body_2,8.648712297334397,4.926411902220734,0.000785322896888627,0.0020705713230951203,11.124276431413557,36.71610229328782,0,1.841807429966142,5.60508928932743,-70.90157714561163,-7.384765916487297e-07,182.16787061503115,-2.1998725769571634e-14,1.841807429966142,0-2,10,140.05,140050,,,,,0,11.124276431413557,36.86284913995301,1.841807429966142,5.60508928932743,0.0008036834345733101,negative_hard,10.0,1,1,1,1,0,0,1,0,0,0,-1,0,0,0,1,1,0,0,0,0
sim_0005_n3_seed47,47,0.001,3,500.0,2,body_2,8.648712297334397,4.926411902220734,0.0006552456340095044,0.002430561245945575,12.816228556484225,45.95091340999072,0,1.715955100643778,5.925468841939418,-70.9016179787714,-1.3143902958392493e-06,182.167870615032,-1.7318145818598947e-14,1.715955100643778,0-2,10,140.55,140550,,,,,0,12.816228556484225,46.50313928612564,1.715955100643778,5.925468841939418,0.0007819715875435798,negative_hard,10.0,1,1,1,1,0,0,1,0,0,0,-1,0,0,0,1,1,0,0,0,0
sim_0005_n3_seed47,47,0.001,3,500.5,2,body_2,8.648712297334397,4.926411902220734,0.0007636946058555655,0.0014230264338665677,6.206783710605101,12.716851646038622,0,2.465696039748298,4.321162831831324,-70.90152559996586,-1.14732455878869e-08,182.16787061503305,-1.1545430545732631e-14,2.465696039748298,0-2,10,141.05,141050,,,,,0,6.206783710605101,12.704487108484471,2.465696039748298,4.321162831831324,0.0008079595712545167,negative_hard,10.0,0,0,0,0,0,0,0,0,0,0,-1,0,0,0,1,1,0,0,0,0
sim_0005_n3_seed47,47,0.001,3,501.0,2,body_2,8.648712297334397,4.926411902220734,0.0008979010947747753,0.0010186925888219722,4.031718183965189,4.847039635169399,0,3.0591756829276093,3.3724578676008203,-70.90152261223693,3.0665889537724446e-08,182.16787061503305,-1.1545430545732631e-14,3.0591756829276093,0-2,10,141.55,141550,,,,,0,4.031718183965189,4.842570719153596,3.0591756829276093,3.3724578676008203,0.0008451100798919324,negative_baseline,20.0,0,0,0,0,0,0,0,0,0,0,-1,0,0,0,1,1,0,0,0,0
sim_0005_n3_seed47,47,0.001,3,502.0,2,body_2,8.648712297334397,4.926411902220734,0.0009795930567371026,0.0009526375322526223,3.7853683463349435,4.103164756629556,0,3.15705668765167,3.2300698266867967,-70.90152260715183,3.073761011890747e-08,182.16787061503416,-5.460676609468136e-15,3.15705668765167,0-2,10,142.55,142550,,,,,0,3.7853683463349435,4.095010118259499,3.15705668765167,3.2300698266867967,0.0008680365233771597,negative_baseline,20.0,0,0,0,0,0,0,0,0,0,0,-1,0,0,0,1,1,0,0,0,0
sim_0005_n3_seed47,47,0.001,3,503.0,2,body_2,8.648712297334397,4.926411902220734,0.0008225717663719494,0.002052018679650416,10.577873098273662,33.7873096924117,0,1.888771961433857,5.492231946895241,-70.90156692867109,-5.943761570133703e-07,182.16787061503354,-8.893101906848107e-15,1.888771961433857,0-2,10,143.55,143550,,,,,0,10.577873098273662,33.87011125638315,1.888771961433857,5.492231946895241,0.0008275099899576898,negative_baseline,20.0,1,1,1,1,0,0,1,0,0,0,-1,0,0,0,1,1,0,0,0,0
sim_0005_n3_seed47,47,0.001,3,503.05,2,body_2,8.648712297334397,4.926411902220734,0.0008076133439281819,0.0021826003802929385,11.421223504918238,38.322015741027236,0,1.8177073722440262,5.664347630173284,-70.90158328170429,-8.250204661784422e-07,182.16787061503334,-9.985237228741735e-15,1.8177073722440262,0-2,10,143.60000000000002,143600,,,,,0,11.421223504918238,38.5104162113554,1.8177073722440262,5.664347630173284,0.0008247379703972135,negative_hard,10.0,1,1,1,1,0,0,1,0,0,0,-1,0,0,0,1,1,0,0,0,0
sim_0005_n3_seed47,47,0.001,3,503.55,2,body_2,8.648712297334397,4.926411902220734,0.0006761471944899545,0.0024632819956012155,12.528106943437546,44.367508423047234,0,1.735573997403925,5.873675250970878,-70.90160998297509,-1.2016170327313143e-06,182.16787061503445,-3.90048329247724e-15,1.735573997403925,0-2,10,144.10000000000002,144100,,,,,0,12.528106943437546,44.85499470432959,1.735573997403925,5.873675250970878,0.0008023134558204682,negative_hard,10.0,1,1,1,1,0,0,1,0,0,0,-1,0,0,0,1,1,0,0,0,0
sim_0005_n3_seed47,47,0.001,3,504.0,2,body_2,8.648712297334397,4.926411902220734,0.0007743641209124607,0.0015119375301184072,6.462910738959817,13.784584548994234,0,2.4163544794576204,4.4091634007192,-70.90152647441379,-2.3806519419856224e-08,182.1678706150341,-5.7727152728663156e-15,2.4163544794576204,0-2,10,144.55,144550,,,,,0,6.462910738959817,13.772599042002279,2.4163544794576204,4.4091634007192,0.0008257727562079209,negative_baseline,20.0,1,0,1,1,0,0,0,0,0,0,-1,0,0,0,1,1,0,0,0,0
sim_0005_n3_seed47,47,0.001,3,504.05,2,body_2,8.648712297334397,4.926411902220734,0.0007902587645956641,0.0014437935355221376,6.078263822353124,12.19110155668886,0,2.491626172846731,4.275617111057331,-70.9015252134017,-6.021117886728214e-09,182.16787061503402,-6.240773267963584e-15,2.491626172846731,0-2,10,144.60000000000002,144600,,,,,0,6.078263822353124,12.178746666298139,2.491626172846731,4.275617111057331,0.000829869385536354,negative_hard,10.0,0,0,0,0,0,0,0,0,0,0,-1,0,0,0,1,1,0,0,0,0
sim_0005_n3_seed47,47,0.001,3,505.0,2,body_2,8.648712297334397,4.926411902220734,0.000995470589228629,0.000930208785406962,3.4871683072974813,3.240291326873026,0,3.289266902950002,3.0417498585606157,-70.90152264351123,3.0224794694924857e-08,182.16787061503393,-6.7088312630608525e-15,3.289266902950002,0-2,10,145.55,145550,,,,,0,3.4871683072974813,3.236972371944403,3.289266902950002,3.0417498585606157,0.0008883368425349786,negative_baseline,20.0,0,0,0,0,0,0,0,0,0,0,-1,0,0,0,1,1,0,0,0,0
sim_0005_n3_seed47,47,0.001,3,506.0,2,body_2,8.648712297334397,4.926411902220734,0.0009656280500592045,0.0012369905166028396,5.184515280580261,8.737540395417666,0,2.697740973573972,3.928906433536727,-70.9015233630659,2.0076145856381217e-08,182.1678706150324,-1.513387517481169e-14,2.697740973573972,0-2,10,146.55,146550,,,,,0,5.184515280580261,8.7093538154843,2.697740973573972,3.928906433536727,0.0008771148833542591,negative_baseline,20.0,0,0,0,0,0,0,0,0,0,0,-1,0,0,0,1,1,0,0,0,0
sim_0005_n3_seed47,47,0.001,3,506.55,2,body_2,8.648712297334397,4.926411902220734,0.0008453146177399898,0.0021617308934355167,10.867601335205375,35.335466730890204,0,1.8634257658267328,5.552718562433143,-70.90157217999217,-6.684411520957187e-07,182.16787061503248,-1.4665817179714424e-14,1.8634257658267328,0-2,10,147.10000000000002,147100,,,,,0,10.867601335205375,35.45023037117704,1.8634257658267328,5.552718562433143,0.0008487730656230639,negative_hard,10.0,1,1,1,1,0,0,1,0,0,0,-1,0,0,0,1,1,0,0,0,0
sim_0005_n3_seed47,47,0.001,3,507.0,2,body_2,8.648712297334397,4.926411902220734,0.000704754917032861,0.002712494520037796,13.792837979499044,51.31771038063884,0,1.6540903380439838,6.093699324123444,-70.90164853257338,-1.7453232280909654e-06,182.1678706150314,-2.0594551784279827e-14,1.6540903380439838,0-2,10,147.55,147550,,,,,0,13.792837979499044,52.12757458700698,1.6540903380439838,6.093699324123444,0.0008240396029190887,negative_baseline,20.0,1,1,1,1,0,0,1,0,0,0,-1,0,0,0,1,1,0,0,0,0
sim_0005_n3_seed47,47,0.001,3,507.05,2,body_2,8.648712297334397,4.926411902220734,0.0006990088628193283,0.0026113701541228386,13.060117411235364,47.29148888170187,0,1.6998571683837445,5.968514187497811,-70.90162510816624,-1.414943772885333e-06,182.16787061503118,-2.1842706437872543e-14,1.6998571683837445,0-2,10,147.60000000000002,147600,,,,,0,13.060117411235364,47.90253241543032,1.6998571683837445,5.968514187497811,0.0008230485337635438,negative_hard,10.0,1,1,1,1,0,0,1,0,0,0,-1,0,0,0,1,1,0,0,0,0
sim_0005_n3_seed47,47,0.001,3,507.55,2,body_2,8.648712297334397,4.926411902220734,0.0008007738279202363,0.0015316810657615965,6.323619902250043,13.200421139206888,0,2.4428209797900573,4.361739052570882,-70.90152598196889,-1.6861042594256784e-08,182.16787061503143,-2.0438532452580736e-14,2.4428209797900573,0-2,10,148.10000000000002,148100,,,,,0,6.323619902250043,13.188161873054682,2.4428209797900573,4.361739052570882,0.0008477456792300556,negative_hard,10.0,1,0,1,0,0,0,0,0,0,0,-1,0,0,0,1,1,0,0,0,0
sim_0005_n3_seed47,47,0.001,3,508.0,2,body_2,8.648712297334397,4.926411902220734,0.00093274813772947,0.0011162910662242235,4.188435747932367,5.336191847026301,0,3.0014314097036543,3.457871714096816,-70.90152263736232,3.031151933104645e-08,182.167870615031,-2.277882242806708e-14,3.0014314097036543,0-2,10,148.55,148550,,,,,0,4.188435747932367,5.331070597349855,3.0014314097036543,3.457871714096816,0.0008842668548164301,negative_baseline,20.0,0,0,0,0,0,0,0,0,0,0,-1,0,0,0,1,1,0,0,0,0
sim_0005_n3_seed47,47,0.001,3,509.0,2,body_2,8.648712297334397,4.926411902220734,0.0010409626989453765,0.0009959646568880752,3.694171381065786,3.8349641886729953,0,3.195785337082361,3.1744687394083706,-70.90152261421605,3.0637975930500396e-08,182.16787061503072,-2.4339015745057978e-14,3.195785337082361,0-2,10,149.55,149550,,,,,0,3.694171381065786,3.827931522492711,3.195785337082361,3.1744687394083706,0.0009153337682582144,negative_baseline,20.0,0,0,0,0,0,0,0,0,0,0,-1,0,0,0,1,1,0,0,0,0
sim_0005_n3_seed47,47,0.001,3,510.0,2,body_2,8.648712297334397,4.926411902220734,0.0008975161133377044,0.002011212773713551,9.547843168166034,28.389349157975534,0,1.9880306190375714,5.26425187375828,-70.9015511853582,-3.7233138528755704e-07,182.1678706150305,-2.5587170398650694e-14,1.9880306190375714,0-2,10,150.55,150550,,,,,0,9.547843168166034,28.390517758662735,1.9880306190375714,5.26425187375828,0.0008760132881877741,negative_hard,10.0,1,1,1,1,0,0,1,0,0,0,-1,0,0,0,1,1,0,0,0,0
sim_0005_n3_seed47,47,0.001,3,510.5,2,body_2,8.648712297334397,4.926411902220734,0.0007338390618753265,0.002842426678698387,14.185756463572758,53.46922667958197,0,1.6310213140711638,6.158443132644567,-70.90166239065186,-1.940778523741143e-06,182.16787061503163,-1.934639713068711e-14,1.6310213140711638,0-2,10,151.05,151050,,,,,0,14.185756463572758,54.39889996785893,1.6310213140711638,6.158443132644567,0.0008461975381493178,negative_hard,10.0,1,1,1,1,0,0,1,0,0,0,-1,0,0,0,1,1,0,0,0,0
sim_0005_n3_seed47,47,0.001,3,511.0,2,body_2,8.648712297334397,4.926411902220734,0.0007945322361419153,0.0017074498197598308,7.04100958883607,16.28897028781782,0,2.3150509919907067,4.59572757675416,-70.90152899841482,-5.9405204224827036e-08,182.16787061503032,-2.652328638884523e-14,2.3150509919907067,0-2,10,151.55,151550,,,,,0,7.04100958883607,16.28030272621072,2.3150509919907067,4.59572757675416,0.0008615649542076741,negative_hard,10.0,1,1,1,1,0,0,0,0,0,0,-1,0,0,0,1,1,0,0,0,0
sim_0005_n3_seed47,47,0.001,3,512.0,2,body_2,8.648712297334397,4.926411902220734,0.0010438715750504,0.0009946887971044494,3.5143002102006236,3.317006045071507,0,3.276568304229819,3.0596626498868,-70.9015226388752,3.029018145999874e-08,182.16787061503106,-2.24667837646689e-14,3.276568304229819,0-2,10,152.55,152550,,,,,0,3.5143002102006236,3.3138083620394756,3.276568304229819,3.0596626498868,0.0009319755818767871,negative_baseline,20.0,0,0,0,0,0,0,0,0,0,0,-1,0,0,0,1,1,0,0,0,0
sim_0005_n3_seed47,47,0.001,3,513.0,2,body_2,8.648712297334397,4.926411902220734,0.0010341581612573138,0.0012578071328551905,4.881234184126379,7.649765786560566,0,2.780265907022979,3.79678978084367,-70.90152301961291,2.4920230618387614e-08,182.16787061503152,-1.997047445748347e-14,2.780265907022979,0-2,10,153.55,153550,,,,,0,4.881234184126379,7.6263177842686405,2.780265907022979,3.79678978084367,0.0009263584619836301,negative_baseline,20.0,0,0,0,0,0,0,0,0,0,0,-1,0,0,0,1,1,0,0,0,0
sim_0005_n3_seed47,47,0.001,3,513.4,2,body_2,8.648712297334397,4.926411902220734,0.0009604068808649429,0.0017744836052071902,7.79716442901807,19.746925510911417,0,2.199892724220789,4.8185455744024726,-70.90153360648087,-1.243976858887048e-07,182.16787061503118,-2.1842706437872543e-14,2.199892724220789,0-2,10,153.95,153950,,,,,0,7.79716442901807,19.69609687161357,2.199892724220789,4.8185455744024726,0.0009064350956769748,negative_hard,10.0,1,1,1,1,1,0,0,0,0,0,-1,0,0,0,1,1,0,0,0,0
sim_0005_n3_seed47,47,0.001,3,513.9,2,body_2,8.648712297334397,4.926411902220734,0.0007988608256366195,0.0029645343684876414,14.71283494333475,56.34074903642292,0,1.6015353326606163,6.242883056526801,-70.9016824587739,-2.22382070232637e-06,182.16787061503135,-2.0906590447678006e-14,1.6015353326606163,0-2,10,154.45,154450,,,,,0,14.71283494333475,57.418049503248554,1.6015353326606163,6.242883056526801,0.0008752024074992665,negative_hard,10.0,1,1,0,1,0,0,1,1,0,0,-1,0,0,0,1,1,0,0,0,0
sim_0005_n3_seed47,47,0.001,3,514.0,2,body_2,8.648712297334397,4.926411902220734,0.0007657720034393834,0.0029601022363816573,14.488770146204784,55.122239562193656,0,1.613874932268014,6.207310781572681,-70.90167371792316,-2.1005391400222187e-06,182.1678706150315,-2.0126493789182557e-14,1.613874932268014,0-2,10,154.55,154550,,,,,0,14.488770146204784,56.14911496426757,1.613874932268014,6.207310781572681,0.0008691737139534521,negative_baseline,20.0,1,1,0,1,0,0,1,0,0,0,-1,0,0,0,1,1,0,0,0,0
sim_0005_n3_seed47,47,0.001,3,514.4,2,body_2,8.648712297334397,4.926411902220734,0.000774814511378652,0.0020234799642930446,8.534292660239647,23.28668759264171,0,2.1028025284452823,5.016516156058653,-70.9015397273385,-2.1072668448929723e-07,182.1678706150306,-2.4963093071854336e-14,2.1028025284452823,0-2,10,154.95,154950,,,,,0,8.534292660239647,23.3115811468846,2.1028025284452823,5.016516156058653,0.0008725560101862093,negative_hard,10.0,1,1,1,1,0,0,0,0,0,0,-1,0,0,0,1,1,0,0,0,0
sim_0005_n3_seed47,47,0.001,3,515.0,2,body_2,8.648712297334397,4.926411902220734,0.0009636743779591646,0.0012230380003108807,4.3728005618149695,5.9276785235936655,0,2.9375078558337413,3.553795954843201,-70.90152269248054,2.953412813580264e-08,182.16787061502987,-2.9019595696030666e-14,2.9375078558337413,0-2,10,155.55,155550,,,,,0,4.3728005618149695,5.921725844875609,2.9375078558337413,3.553795954843201,0.0009229750056581194,negative_baseline,20.0,0,0,0,0,0,0,0,0,0,0,-1,0,0,0,1,1,0,0,0,0
sim_0005_n3_seed47,47,0.001,3,516.0,2,body_2,8.648712297334397,4.926411902220734,0.001100073750647217,0.0010406147807339669,3.6203238876130497,3.6205994233205145,0,3.228213786735496,3.12820256671913,-70.90152262289757,3.051553110496953e-08,182.16787061502993,-2.8707557032632484e-14,3.228213786735496,0-2,10,156.55,156550,,,,,0,3.6203238876130497,3.6144854085614377,3.228213786735496,3.12820256671913,0.0009627539687774541,negative_baseline,20.0,0,0,0,0,0,0,0,0,0,0,-1,0,0,0,1,1,0,0,0,0
sim_0005_n3_seed47,47,0.001,3,516.8,2,body_2,8.648712297334397,4.926411902220734,0.0010187348327593286,0.001595914587699371,6.502394504296262,13.952780298583908,0,2.408944111725963,4.422539233647001,-70.90152662518881,-2.5933060748032988e-08,182.1678706150307,-2.4495035076757066e-14,2.408944111725963,0-2,10,157.34999999999997,157350,,,,,0,6.502394504296262,13.90588862192725,2.408944111725963,4.422539233647001,0.0009370376428724891,negative_hard,10.0,1,0,0,1,0,0,0,0,0,0,-1,0,0,0,1,1,0,0,0,0
sim_0005_n3_seed47,47,0.001,3,517.0,2,body_2,8.648712297334397,4.926411902220734,0.0009725455115444582,0.001970461998502956,8.626523653970114,23.742311929139955,0,2.091484037803893,5.040255530972639,-70.90154062307023,-2.2336014665055665e-07,182.16787061503064,-2.4807073740155245e-14,2.091484037803893,0-2,10,157.55,157550,,,,,0,8.626523653970114,23.7051987207087,2.091484037803893,5.040255530972639,0.000925818467307325,negative_baseline,20.0,1,1,1,1,0,0,0,0,0,0,-1,0,0,0,1,1,0,0,0,0
sim_0005_n3_seed47,47,0.001,3,517.3,2,body_2,8.648712297334397,4.926411902220734,0.0008763210211475193,0.0027960361648917543,13.400880306290999,49.165368269395614,0,1.6780913102417412,6.027520485165055,-70.90163563506985,-1.5634159480616076e-06,182.1678706150302,-2.7147363715641592e-14,1.6780913102417412,0-2,10,157.84999999999997,157850,,,,,0,13.400880306290999,49.779062397606374,1.6780913102417412,6.027520485165055,0.0009068868584757274,negative_hard,10.0,1,1,1,1,0,0,1,0,0,0,-1,0,0,0,1,1,0,0,0,0
sim_0005_n3_seed47,47,0.001,3,517.8,2,body_2,8.648712297334397,4.926411902220734,0.0007676660794957562,0.0024193876485848476,10.498455722049417,33.362600911104835,0,1.895929572461517,5.475327389769328,-70.90156555606474,-5.750168223204248e-07,182.16787061502998,-2.8395518369234308e-14,1.895929572461517,0-2,10,158.34999999999997,158350,,,,,0,10.498455722049417,33.5262702094389,1.895929572461517,5.475327389769328,0.0008871504257667352,negative_hard,10.0,1,1,1,1,0,0,1,0,0,0,-1,0,0,0,1,1,0,0,0,0
sim_0005_n3_seed47,47,0.001,3,518.0,2,body_2,8.648712297334397,4.926411902220734,0.0008144431733111089,0.0019296062178078893,7.717882438103939,19.373706748895945,0,2.211218732072334,4.79607997613083,-70.90153304584406,-1.1649042567108714e-07,182.16787061502956,-3.073580834472065e-14,2.211218732072334,0-2,10,158.55,158550,,,,,0,7.717882438103939,19.37484987861942,2.211218732072334,4.79607997613083,0.0008982456991975507,negative_baseline,20.0,1,1,1,1,0,0,0,0,0,0,-1,0,0,0,1,1,0,0,0,0
sim_0005_n3_seed47,47,0.001,3,518.3,2,body_2,8.648712297334397,4.926411902220734,0.0009148028786943845,0.0014637272321078067,5.329519051359657,9.271752177416003,0,2.6608833655880555,3.989057833959739,-70.90152357360188,1.710673196451333e-08,182.1678706150294,-3.167192433491519e-14,2.6608833655880555,0-2,10,158.84999999999997,158850,,,,,0,5.329519051359657,9.261319374734784,2.6608833655880555,3.989057833959739,0.0009244834256755504,negative_hard,10.0,0,0,0,0,0,0,0,0,0,0,-1,0,0,0,1,1,0,0,0,0
sim_0005_n3_seed47,47,0.001,3,519.0,2,body_2,8.648712297334397,4.926411902220734,0.0010888457864553685,0.0010631747158385873,3.5554529819807015,3.4340314034781683,0,3.257573877271334,3.086520866594442,-70.90152263229035,3.038305471410015e-08,182.1678706150292,-3.2764059656808813e-14,3.257573877271334,0-2,10,159.55,159550,,,,,0,3.5554529819807015,3.430874858331909,3.257573877271334,3.086520866594442,0.000975453274007253,negative_baseline,20.0,0,0,0,0,0,0,0,0,0,0,-1,0,0,0,1,1,0,0,0,0
sim_0005_n3_seed47,47,0.001,3,520.0,2,body_2,8.648712297334397,4.926411902220734,0.0011014485155858686,0.0012799994476590118,4.622362143008215,6.757109360371347,0,2.857038981490527,3.6768198397334606,-70.90152281837649,2.7758482945931996e-08,182.16787061502956,-3.073580834472065e-14,2.857038981490527,0-2,10,160.55,160550,,,,,0,4.622362143008215,6.737593718098946,2.857038981490527,3.6768198397334606,0.0009764071838865041,negative_baseline,20.0,0,0,0,0,0,0,0,0,0,0,-1,0,0,0,1,1,0,0,0,0
sim_0005_n3_seed47,47,0.001,3,520.7,2,body_2,8.648712297334397,4.926411902220734,0.0009518891715635528,0.0024797526248521553,11.199294432811717,37.12016646291979,0,1.83562131320663,5.6202108332657,-70.90157866872566,-7.599586971642147e-07,182.16787061502978,-2.948765369112793e-14,1.83562131320663,0-2,10,161.25000000000006,161250,,,,,0,11.199294432811717,37.27705134709235,1.83562131320663,5.6202108332657,0.0009390253359945349,negative_hard,10.0,1,1,1,1,0,0,1,0,0,0,-1,0,0,0,1,1,0,0,0,0
sim_0005_n3_seed47,47,0.001,3,521.0,2,body_2,8.648712297334397,4.926411902220734,0.0008373358284762738,0.003145560825298825,14.763723718180062,56.61584388801513,0,1.598773429738514,6.250892474892462,-70.90168449486353,-2.2525378509620455e-06,182.1678706150305,-2.5587170398650694e-14,1.598773429738514,0-2,10,161.55,161550,,,,,0,14.763723718180062,57.72425437378217,1.598773429738514,6.250892474892462,0.0009176566351720629,negative_baseline,20.0,1,1,0,1,0,0,1,1,0,0,-1,0,0,0,1,1,0,0,0,0
sim_0005_n3_seed47,47,0.001,3,521.2,2,body_2,8.648712297334397,4.926411902220734,0.00078627813649209,0.0028570052652744323,12.742424245616416,45.54344478782784,0,1.7209169170375047,5.912301577077541,-70.9016159025948,-1.2851077577586896e-06,182.16787061503086,-2.355891908656253e-14,1.7209169170375047,0-2,10,161.75000000000006,161750,,,,,0,12.742424245616416,46.07868079268852,1.7209169170375047,5.912301577077541,0.0009078754836497103,negative_hard,10.0,1,1,1,1,0,0,1,0,0,0,-1,0,0,0,1,1,0,0,0,0
sim_0005_n3_seed47,47,0.001,3,521.7,2,body_2,8.648712297334397,4.926411902220734,0.000890483195811368,0.0016784257983754626,6.17365295585939,12.579987247861043,0,2.4723193954489724,4.309484767774333,-70.90152549922779,-1.0052428789676542e-08,182.16787061502973,-2.9799692354526115e-14,2.4723193954489724,0-2,10,162.25000000000006,162250,,,,,0,6.17365295585939,12.567620983441506,2.4723193954489724,4.309484767774333,0.0009338737452441637,negative_hard,10.0,0,0,0,0,0,0,0,0,0,0,-1,0,0,0,1,1,0,0,0,0
sim_0005_n3_seed47,47,0.001,3,522.0,2,body_2,8.648712297334397,4.926411902220734,0.0009907651545208935,0.0013404613518351108,4.589038956651145,6.643504975768412,0,2.8674923059219135,3.6606784607737657,-70.90152279761828,2.8051258138846266e-08,182.16787061502978,-2.948765369112793e-14,2.8674923059219135,0-2,10,162.55,162550,,,,,0,4.589038956651145,6.6365221920937225,2.8674923059219135,3.6606784607737657,0.000961682605662446,negative_baseline,20.0,0,0,0,0,0,0,0,0,0,0,-1,0,0,0,1,1,0,0,0,0
sim_0005_n3_seed47,47,0.001,3,523.0,2,body_2,8.648712297334397,4.926411902220734,0.0011566616964622794,0.0010869870366054138,3.562429421098509,3.454225711928656,0,3.2543402128238172,3.0911072516293805,-70.90152263139336,3.0395705910986607e-08,182.16787061503032,-2.652328638884523e-14,3.2543402128238172,0-2,10,163.55,163550,,,,,0,3.562429421098509,3.4488633035334297,3.2543402128238172,3.0911072516293805,0.0010105632830187446,negative_baseline,20.0,0,0,0,0,0,0,0,0,0,0,-1,0,0,0,1,1,0,0,0,0
sim_0005_n3_seed47,47,0.001,3,524.0,2,body_2,8.648712297334397,4.926411902220734,0.0010472040917601955,0.0019333125701188358,7.822593388499498,19.866268172664373,0,2.1963097915953376,4.825679113112528,-70.90153379235774,-1.2701930611179454e-07,182.16787061503015,-2.745940237903977e-14,2.1963097915953376,0-2,10,164.55,164550,,,,,0,7.822593388499498,19.815643631264976,2.1963097915953376,4.825679113112528,0.0009771677599613533,negative_baseline,20.0,1,1,1,1,1,0,0,0,0,0,-1,0,0,0,1,1,0,0,0,0
sim_0005_n3_seed47,47,0.001,3,524.05,2,body_2,8.648712297334397,4.926411902220734,0.0010345946611592326,0.00204463812045952,8.428810350110405,22.772107137052565,0,2.115865387941361,4.9892951393470115,-70.90153875059852,-1.9695067634197673e-07,182.16787061503044,-2.5899209062048873e-14,2.115865387941361,0-2,10,164.59999999999997,164600,,,,,0,8.428810350110405,22.730197455212394,2.115865387941361,4.9892951393470115,0.0009742132336417273,negative_hard,10.0,1,1,1,1,1,0,0,0,0,0,-1,0,0,0,1,1,0,0,0,0
sim_0005_n3_seed47,47,0.001,3,524.55,2,body_2,8.648712297334397,4.926411902220734,0.0008565755320805925,0.0032274040547884807,14.736478424338507,56.46752849523549,0,1.600251138901068,6.2466052223870525,-70.90168341064535,-2.237245962854663e-06,182.16787061503052,-2.5431151066951606e-14,1.600251138901068,0-2,10,165.09999999999997,165100,,,,,0,14.736478424338507,57.57138751725473,1.600251138901068,6.2466052223870525,0.0009394014960005089,negative_hard,10.0,1,1,0,1,0,0,1,1,0,0,-1,0,0,0,1,1,0,0,0,0
sim_0005_n3_seed47,47,0.001,3,525.0,2,body_2,8.648712297334397,4.926411902220734,0.0008361662038371859,0.0021819206053529613,8.505325011811763,23.144072595854922,0,2.1063841723460563,5.009034175848131,-70.90153945627722,-2.0690361745821647e-07,182.16787061503092,-2.324688042316435e-14,2.1063841723460563,0-2,10,165.55,165550,,,,,0,8.505325011811763,23.167864771186146,2.1063841723460563,5.009034175848131,0.0009367551397666883,negative_baseline,20.0,1,1,1,1,0,0,0,0,0,0,-1,0,0,0,1,1,0,0,0,0
sim_0005_n3_seed47,47,0.001,3,525.05,2,body_2,8.648712297334397,4.926411902220734,0.0008502891103106036,0.0020648819898759947,7.8910638152499955,20.186854890209037,0,2.186825274836556,4.844622729424127,-70.90153429160446,-1.3406071637010856e-07,182.1678706150304,-2.6055228393747964e-14,2.186825274836556,0-2,10,165.59999999999997,165600,,,,,0,7.8910638152499955,20.191819510125853,2.186825274836556,4.844622729424127,0.0009402011797842738,negative_hard,10.0,1,1,1,1,0,0,0,0,0,0,-1,0,0,0,1,1,0,0,0,0
sim_0005_n3_seed47,47,0.001,3,526.0,2,body_2,8.648712297334397,4.926411902220734,0.0011302034757371445,0.0011363417240377394,3.6113632650068004,3.594237453778564,0,3.2322823264704295,3.1224074811434384,-70.90152262434479,3.049511942499933e-08,182.1678706150308,-2.3870957749960708e-14,3.2322823264704295,0-2,10,166.55,166550,,,,,0,3.6113632650068004,3.5910390674580577,3.2322823264704295,3.1224074811434384,0.0010191170681494062,negative_baseline,20.0,0,0,0,0,0,0,0,0,0,0,-1,0,0,0,1,1,0,0,0,0
sim_0005_n3_seed47,47,0.001,3,527.0,2,body_2,8.648712297334397,4.926411902220734,0.0011671947702267449,0.0013037191870110504,4.401388423525507,6.021813622483652,0,2.927860876856257,3.568415957857605,-70.90152270473087,2.9361348703546677e-08,182.16787061503112,-2.2154745101270722e-14,2.927860876856257,0-2,10,167.55,167550,,,,,0,4.401388423525507,6.005520501417033,2.927860876856257,3.568415957857605,0.0010275289473452476,negative_baseline,20.0,0,0,0,0,0,0,0,0,0,0,-1,0,0,0,1,1,0,0,0,0
sim_0005_n3_seed47,47,0.001,3,527.4,2,body_2,8.648712297334397,4.926411902220734,0.001106249081430253,0.0017353286193748868,6.52094833200614,14.031364685455085,0,2.4055095806074944,4.42875183644546,-70.90152669749924,-2.6952932014348528e-08,182.16787061503183,-1.8254261808793484e-14,2.4055095806074944,0-2,10,167.95,167950,,,,,0,6.52094833200614,13.984282477712215,2.4055095806074944,4.42875183644546,0.0010091754611196752,negative_hard,10.0,1,0,0,1,0,0,0,0,0,0,-1,0,0,0,1,1,0,0,0,0
sim_0005_n3_seed47,47,0.001,3,527.9,2,body_2,8.648712297334397,4.926411902220734,0.0009589554834704535,0.0030285685972214747,13.433175674641435,49.341857880950286,0,1.6760709438475463,6.033045714070278,-70.9016366766152,-1.5781059755202046e-06,182.1678706150317,-1.9034358467288933e-14,1.6760709438475463,0-2,10,168.45,168450,,,,,0,13.433175674641435,49.96499798971979,1.6760709438475463,6.033045714070278,0.0009774224616525941,negative_hard,10.0,1,1,1,1,0,0,1,0,0,0,-1,0,0,0,1,1,0,0,0,0
sim_0005_n3_seed47,47,0.001,3,528.0,2,body_2,8.648712297334397,4.926411902220734,0.0009168664956963069,0.003250856898696095,14.55498579037564,55.48143047741313,0,1.6101927752648595,6.2178890677192475,-70.90167628839941,-2.136793314565007e-06,182.16787061503126,-2.1374648442775276e-14,1.6101927752648595,0-2,10,168.55,168550,,,,,0,14.55498579037564,56.490345880479055,1.6101927752648595,6.2178890677192475,0.0009694774183214318,negative_baseline,20.0,1,1,1,1,0,0,1,0,0,0,-1,0,0,0,1,1,0,0,0,0
sim_0005_n3_seed47,47,0.001,3,528.4,2,body_2,8.648712297334397,4.926411902220734,0.0008312239324352896,0.0026025059176670133,10.461727814686304,33.16679550322341,0,1.8992569119170861,5.467494130573229,-70.90156493504458,-5.662579110676135e-07,182.1678706150314,-2.0594551784279827e-14,1.8992569119170861,0-2,10,168.95,168950,,,,,0,10.461727814686304,33.326536543091215,1.8992569119170861,5.467494130573229,0.0009529282193900412,negative_hard,10.0,1,1,1,1,0,0,1,0,0,0,-1,0,0,0,1,1,0,0,0,0
sim_0005_n3_seed47,47,0.001,3,528.95,2,body_2,8.648712297334397,4.926411902220734,0.0009971975361254726,0.0015217386642983565,5.0655703733959205,8.303964503825185,0,2.7293243964635514,3.8779282071004237,-70.90152321436886,2.2173379179730327e-08,182.1678706150316,-1.95024164623862e-14,2.7293243964635514,0-2,10,169.50000000000006,169500,,,,,0,5.0655703733959205,8.294688894908402,2.7293243964635514,3.8779282071004237,0.0009961000599494317,negative_hard,10.0,0,0,0,0,0,0,0,0,0,0,-1,0,0,0,1,1,0,0,0,0
sim_0005_n3_seed47,47,0.001,3,529.0,2,body_2,8.648712297334397,4.926411902220734,0.0010142301472980124,0.0014703609368709482,4.842328222211556,7.511990395104343,0,2.791515727152702,3.7790319373052434,-70.90152298476309,2.5411754871716606e-08,182.16787061503166,-1.919037779898802e-14,2.791515727152702,0-2,10,169.55,169550,,,,,0,4.842328222211556,7.503775604130841,2.791515727152702,3.7790319373052434,0.0010009387929778945,negative_baseline,20.0,0,0,0,0,0,0,0,0,0,0,-1,0,0,0,1,1,0,0,0,0
sim_0005_n3_seed47,47,0.001,3,530.0,2,body_2,8.648712297334397,4.926411902220734,0.0012104593139642876,0.0011354943656742935,3.519422001133618,3.33153765188731,0,3.274166077995513,3.06305851897149,-70.9015226386144,3.029385996786403e-08,182.167870615032,-1.7318145818598947e-14,3.274166077995513,0-2,10,170.55,170550,,,,,0,3.519422001133618,3.3267876651991215,3.274166077995513,3.06305851897149,0.001059083002429082,negative_baseline,20.0,0,0,0,0,0,0,0,0,0,0,-1,0,0,0,1,1,0,0,0,0
sim_0005_n3_seed47,47,0.001,3,531.0,2,body_2,8.648712297334397,4.926411902220734,0.00112113748611281,0.0019014199486827204,7.130779434977836,16.690440156561046,0,2.300364968654909,4.623479674578466,-70.90152947042813,-6.606251256076375e-08,182.16787061503234,-1.544591383820987e-14,2.300364968654909,0-2,10,171.55,171550,,,,,0,7.130779434977836,16.63877427500621,2.300364968654909,4.623479674578466,0.0010303568163789543,negative_baseline,20.0,1,1,1,1,0,0,0,0,0,0,-1,0,0,0,1,1,0,0,0,0
sim_0005_n3_seed47,47,0.001,3,531.25,2,body_2,8.648712297334397,4.926411902220734,0.0010541685248790398,0.0025280522646077127,10.401321456940014,32.84859285754549,0,1.904722486859877,5.454659355501302,-70.90156392746255,-5.520469045834455e-07,182.16787061503234,-1.544591383820987e-14,1.904722486859877,0-2,10,171.8,171800,,,,,0,10.401321456940014,32.9140991104713,1.904722486859877,5.454659355501302,0.001015098162019602,negative_hard,10.0,1,1,1,1,0,0,1,0,0,0,-1,0,0,0,1,1,0,0,0,0
sim_0005_n3_seed47,47,0.001,3,531.75,2,body_2,8.648712297334397,4.926411902220734,0.0008642746809800161,0.0032014471395251194,13.486909094731322,49.63528130012434,0,1.6727454932304222,6.042160248596265,-70.90163839993687,-1.6024118233704044e-06,182.1678706150319,-1.7942223145395305e-14,1.6727454932304222,0-2,10,172.3,172300,,,,,0,13.486909094731322,50.358206221377095,1.6727454932304222,6.042160248596265,0.0009780583636656355,negative_hard,10.0,1,1,1,1,0,0,1,0,0,0,-1,0,0,0,1,1,0,0,0,0
sim_0005_n3_seed47,47,0.001,3,532.0,2,body_2,8.648712297334397,4.926411902220734,0.000862381827730949,0.0024669287418039197,9.409758066187614,27.67764763942729,0,2.0026063974657062,5.23189578859586,-70.90154940390914,-3.472057048037118e-07,182.1678706150309,-2.340289975486344e-14,2.0026063974657062,0-2,10,172.55,172550,,,,,0,9.409758066187614,27.74769075874971,2.0026063974657062,5.23189578859586,0.0009782032405613477,negative_baseline,20.0,1,1,1,1,0,0,0,0,0,0,-1,0,0,0,1,1,0,0,0,0
sim_0005_n3_seed47,47,0.001,3,532.25,2,body_2,8.648712297334397,4.926411902220734,0.0009351979921605446,0.0018905666701824278,6.552106483462697,14.161619002215412,0,2.3998730765838783,4.438962838970716,-70.90152681626931,-2.862807334624159e-08,182.16787061503084,-2.371493841826162e-14,2.3998730765838783,0-2,10,172.8,172800,,,,,0,6.552106483462697,14.149918537477129,2.3998730765838783,4.438962838970716,0.0009964917932803715,negative_hard,10.0,1,0,1,1,0,0,0,0,0,0,-1,0,0,0,1,1,0,0,0,0
sim_0005_n3_seed47,47,0.001,3,533.0,2,body_2,8.648712297334397,4.926411902220734,0.0011677724390585693,0.001214936521552868,3.6830529545509294,3.801729403738475,0,3.2006936627230624,3.167439311811549,-70.90152261608179,3.061166136080422e-08,182.16787061503112,-2.2154745101270722e-14,3.2006936627230624,0-2,10,173.55,173550,,,,,0,3.6830529545509294,3.798400105197504,3.2006936627230624,3.167439311811549,0.0010633937965208618,negative_baseline,20.0,0,0,0,0,0,0,0,0,0,0,-1,0,0,0,1,1,0,0,0,0
sim_0005_n3_seed47,47,0.001,3,534.0,2,body_2,8.648712297334397,4.926411902220734,0.00123109354224076,0.0013291299051264856,4.21297665422055,5.414488904079608,0,2.992595469948389,3.4710527865750747,-70.90152264457629,3.02097730020692e-08,182.1678706150307,-2.4495035076757066e-14,2.992595469948389,0-2,10,174.55,174550,,,,,0,4.21297665422055,5.400821814405271,2.992595469948389,3.4710527865750747,0.001080051107604972,negative_baseline,20.0,0,0,0,0,0,0,0,0,0,0,-1,0,0,0,1,1,0,0,0,0
sim_0005_n3_seed47,47,0.001,3,534.55,2,body_2,8.648712297334397,4.926411902220734,0.001146630718943329,0.0019847227871275025,7.305222697285617,17.475973058540728,0,2.272735623226315,4.676197655244597,-70.90153043682645,-7.969266114676965e-08,182.16787061503155,-1.9814455125784378e-14,2.272735623226315,0-2,10,175.09999999999997,175100,,,,,0,7.305222697285617,17.42384488457854,2.272735623226315,4.676197655244597,0.0010548925237386629,negative_hard,10.0,1,1,1,1,0,0,0,0,0,0,-1,0,0,0,1,1,0,0,0,0
sim_0005_n3_seed47,47,0.001,3,535.0,2,body_2,8.648712297334397,4.926411902220734,0.0010011406471561659,0.0032754140482819482,13.910715326161279,51.96193944299757,0,1.6470528673703042,6.113328687321178,-70.90165262902735,-1.8030998977767636e-06,182.16787061503157,-1.965843579408529e-14,1.6470528673703042,0-2,10,175.55,175550,,,,,0,13.910715326161279,52.73400289853403,1.6470528673703042,6.113328687321178,0.001024518178007569,negative_baseline,20.0,1,1,1,1,0,0,1,0,0,0,-1,0,0,0,1,1,0,0,0,0
sim_0005_n3_seed47,47,0.001,3,535.05,2,body_2,8.648712297334397,4.926411902220734,0.0009789554473286553,0.0033855786480550833,14.439448827168151,54.85147406594464,0,1.616620253260596,6.199441922031513,-70.90167186665224,-2.0744286871257518e-06,182.16787061503157,-1.965843579408529e-14,1.616620253260596,0-2,10,175.59999999999997,175600,,,,,0,14.439448827168151,55.814145064885906,1.616620253260596,6.199441922031513,0.001020249957839336,negative_hard,10.0,1,1,1,1,0,0,1,0,0,0,-1,0,0,0,1,1,0,0,0,0
sim_0005_n3_seed47,47,0.001,3,535.55,2,body_2,8.648712297334397,4.926411902220734,0.0008866763395537731,0.002475575538660199,9.15668487319504,26.38929828626209,0,2.0300921082014445,5.171609624822253,-70.9015463231053,-3.0375383462842347e-07,182.16787061503155,-1.9814455125784378e-14,2.0300921082014445,0-2,10,176.09999999999997,176100,,,,,0,9.15668487319504,26.44386696605695,2.0300921082014445,5.171609624822253,0.0010024782445769043,negative_hard,10.0,1,1,1,1,0,0,0,0,0,0,-1,0,0,0,1,1,0,0,0,0
sim_0005_n3_seed47,47,0.001,3,536.0,2,body_2,8.648712297334397,4.926411902220734,0.00103445452050894,0.001614866433878789,5.138984710401766,8.56950931920593,0,2.709769942720879,3.909425045280432,-70.90152330509353,2.089379219003228e-08,182.16787061503157,-1.965843579408529e-14,2.709769942720879,0-2,10,176.55,176550,,,,,0,5.138984710401766,8.559900283956523,2.709769942720879,3.909425045280432,0.001041425036496827,negative_baseline,20.0,0,0,0,0,0,0,0,0,0,0,-1,0,0,0,1,1,0,0,0,0
sim_0005_n3_seed47,47,0.001,3,536.1,2,body_2,8.648712297334397,4.926411902220734,0.0010695536387225148,0.001509337880192382,4.702202762981401,7.027282750758344,0,2.832801460776876,3.7143970230308727,-70.90152287290512,2.698940742729816e-08,182.1678706150314,-2.0594551784279827e-14,2.832801460776876,0-2,10,176.65000000000003,176650,,,,,0,4.702202762981401,7.019751291205823,2.832801460776876,3.7143970230308727,0.0010514518480439934,negative_hard,10.0,0,0,0,0,0,0,0,0,0,0,-1,0,0,0,1,1,0,0,0,0
sim_0005_n3_seed47,47,0.001,3,537.0,2,body_2,8.648712297334397,4.926411902220734,0.0012611945988714973,0.0011865688565739193,3.490526276630078,3.2494986720698136,0,3.2876942517693313,3.043966759712271,-70.90152264392754,3.0218923072415526e-08,182.16787061503112,-2.2154745101270722e-14,3.2876942517693313,0-2,10,177.55,177550,,,,,0,3.490526276630078,3.24524296937941,3.2876942517693313,3.043966759712271,0.001108711552704038,negative_baseline,20.0,0,0,0,0,0,0,0,0,0,0,-1,0,0,0,1,1,0,0,0,0
sim_0005_n3_seed47,47,0.001,3,538.0,2,body_2,8.648712297334397,4.926411902220734,0.0011940381051048787,0.0018753422700647116,6.539665974056933,14.110784436685595,0,2.4020579706476264,4.435004423948389,-70.90152677151768,-2.7996893268068684e-08,182.16787061503018,-2.730338304734068e-14,2.4020579706476264,0-2,10,178.55,178550,,,,,0,6.539665974056933,14.063514179085653,2.4020579706476264,4.435004423948389,0.0010857502137649765,negative_baseline,20.0,1,0,0,1,0,0,0,0,0,0,-1,0,0,0,1,1,0,0,0,0
sim_0005_n3_seed47,47,0.001,3,538.35,2,body_2,8.648712297334397,4.926411902220734,0.001101654531326262,0.0027679405126692235,10.97927852058596,35.933592711401964,0,1.853914898427566,5.575669016809759,-70.90157432563817,-6.987034913018851e-07,182.16787061502976,-2.9643673022827024e-14,1.853914898427566,0-2,10,178.90000000000003,178900,,,,,0,10.97927852058596,36.06199701205874,1.853914898427566,5.575669016809759,0.0010644560757574382,negative_hard,10.0,1,1,1,1,0,0,1,0,0,0,-1,0,0,0,1,1,0,0,0,0
sim_0005_n3_seed47,47,0.001,3,538.85,2,body_2,8.648712297334397,4.926411902220734,0.0009052539810121163,0.0032582107037551484,12.95174158695676,46.692068934708935,0,1.7069562787906092,5.94947050742026,-70.90162192864554,-1.3700995933957437e-06,182.16787061502797,-3.9472890919869666e-14,1.7069562787906092,0-2,10,179.40000000000003,179400,,,,,0,12.95174158695676,47.276664911873794,1.7069562787906092,5.94947050742026,0.001025553408290645,negative_hard,10.0,1,1,1,1,0,0,1,0,0,0,-1,0,0,0,1,1,0,0,0,0
sim_0005_n3_seed47,47,0.001,3,539.0,2,body_2,8.648712297334397,4.926411902220734,0.0008962815191773424,0.0027845993144396133,10.424968295319706,32.97088576186942,0,1.9026057235487948,5.459626771117842,-70.9015643198543,-5.57581224978191e-07,182.1678706150275,-4.1969200227055104e-14,1.9026057235487948,0-2,10,179.55,179550,,,,,0,10.424968295319706,33.126757137084404,1.9026057235487948,5.459626771117842,0.0010238598636339198,negative_baseline,20.0,1,1,1,1,0,0,1,0,0,0,-1,0,0,0,1,1,0,0,0,0
sim_0005_n3_seed47,47,0.001,3,539.45,2,body_2,8.648712297334397,4.926411902220734,0.0010250705246399735,0.001760717507462416,5.589254872448299,10.255082665977437,0,2.598352081734571,4.092872746401283,-70.90152403450895,1.0606066771876067e-08,182.16787061502737,-4.274929688555055e-14,2.598352081734571,0-2,10,180.00000000000006,180000,,,,,0,5.589254872448299,10.243705359568349,2.598352081734571,4.092872746401283,0.0010572588435280726,negative_hard,10.0,0,0,0,0,0,0,0,0,0,0,-1,0,0,0,1,1,0,0,0,0
sim_0005_n3_seed47,47,0.001,3,540.0,2,body_2,8.648712297334397,4.926411902220734,0.0012014069369891776,0.001299794397018915,3.7718668241114974,4.062104447744807,0,3.1628111388024847,3.221771769577015,-70.90152260921661,3.070848831436353e-08,182.1678706150271,-4.415347087084236e-14,3.1628111388024847,0-2,10,180.55,180550,,,,,0,3.7718668241114974,4.058545516959855,3.1628111388024847,3.221771769577015,0.001108818090224775,negative_baseline,20.0,0,0,0,0,0,0,0,0,0,0,-1,0,0,0,1,1,0,0,0,0
sim_0005_n3_seed47,47,0.001,3,541.0,2,body_2,8.648712297334397,4.926411902220734,0.0012928358514912531,0.0013564135273525428,4.052771303776806,4.912304116049784,0,3.0511520303570174,3.3842701321976456,-70.90152261658466,3.060456891382983e-08,182.16787061502595,-5.055026347050503e-14,3.0511520303570174,0-2,10,181.55,181550,,,,,0,4.052771303776806,4.900773684086409,3.0511520303570174,3.3842701321976456,0.0011343839869810515,negative_baseline,20.0,0,0,0,0,0,0,0,0,0,0,-1,0,0,0,1,1,0,0,0,0
sim_0005_n3_seed47,47,0.001,3,541.7,2,body_2,8.648712297334397,4.926411902220734,0.0011853453843308774,0.0022823322374172445,8.265308023703726,21.977555500297544,0,2.1366786476578232,4.946310523311521,-70.90153730459818,-1.7655618772885954e-07,182.1678706150251,-5.523084342147772e-14,2.1366786476578232,0-2,10,182.25000000000006,182250,,,,,0,8.265308023703726,21.93248021249272,2.1366786476578232,4.946310523311521,0.0011030442006920254,negative_hard,10.0,1,1,1,1,1,0,0,0,0,0,-1,0,0,0,1,1,0,0,0,0
sim_0005_n3_seed47,47,0.001,3,542.0,2,body_2,8.648712297334397,4.926411902220734,0.0010872950127546958,0.0032346598444140456,12.964101100696732,46.76152050900659,0,1.7061182066795095,5.951711065414633,-70.90162230530143,-1.3754119740760098e-06,182.16787061502455,-5.819521072376042e-14,1.7061182066795095,0-2,10,182.55,182550,,,,,0,12.964101100696732,47.25716650596955,1.7061182066795095,5.951711065414633,0.00108278067726509,negative_baseline,20.0,1,1,1,1,0,0,1,0,0,0,-1,0,0,0,1,1,0,0,0,0
sim_0005_n3_seed47,47,0.001,3,542.2,2,body_2,8.648712297334397,4.926411902220734,0.0009960455139550867,0.003631700454132191,14.758048574349077,56.58177366660658,0,1.5990804346068128,6.250001510637297,-70.90168429659994,-2.249741527571153e-06,182.1678706150245,-5.85072493871586e-14,1.5990804346068128,0-2,10,182.75000000000006,182750,,,,,0,14.758048574349077,57.68968521049794,1.5990804346068128,6.250001510637297,0.0010648810764586933,negative_hard,10.0,1,1,0,1,0,0,1,1,0,0,-1,0,0,0,1,1,0,0,0,0
sim_0005_n3_seed47,47,0.001,3,542.7,2,body_2,8.648712297334397,4.926411902220734,0.0009484039121407079,0.0023560900348026325,8.043552934991169,20.909734571828096,0,2.166008539739128,4.886519909515465,-70.90153546705116,-1.506392977438937e-07,182.16787061502455,-5.819521072376042e-14,2.166008539739128,0-2,10,183.25000000000006,183250,,,,,0,8.043552934991169,20.918589753927762,2.166008539739128,4.886519909515465,0.0010565119286758897,negative_hard,10.0,1,1,1,1,0,0,0,0,0,0,-1,0,0,0,1,1,0,0,0,0
sim_0005_n3_seed47,47,0.001,3,543.0,2,body_2,8.648712297334397,4.926411902220734,0.0010520682617095886,0.0017765001739223328,5.486664841868956,9.862594765232515,0,2.622530988598573,4.0524604577573475,-70.90152384058979,1.3341116038837191e-08,182.16787061502458,-5.803919139206133e-14,2.622530988598573,0-2,10,183.55,183550,,,,,0,5.486664841868956,9.85156628045222,2.622530988598573,4.0524604577573475,0.0010839935997093402,negative_baseline,20.0,0,0,0,0,0,0,0,0,0,0,-1,0,0,0,1,1,0,0,0,0
sim_0005_n3_seed47,47,0.001,3,543.3,2,body_2,8.648712297334397,4.926411902220734,0.0011581250422979814,0.0014646705142689204,4.258628903364328,5.558636501166397,0,2.9766449314300885,3.494885733537995,-70.90152265664756,3.00395189988495e-08,182.16787061502438,-5.913132671395496e-14,2.9766449314300885,0-2,10,183.84999999999997,183850,,,,,0,4.258628903364328,5.553208767288792,2.9766449314300885,3.494885733537995,0.0011145297721503655,negative_hard,10.0,0,0,0,0,0,0,0,0,0,0,-1,0,0,0,1,1,0,0,0,0
sim_0005_n3_seed47,47,0.001,3,544.0,2,body_2,8.648712297334397,4.926411902220734,0.0013085886143820128,0.0012406673391756613,3.475229017958982,3.206146516634554,0,3.294927730923564,3.033772919325379,-70.90152264699594,3.017564603769242e-08,182.16787061502407,-6.084753936264495e-14,3.294927730923564,0-2,10,184.55,184550,,,,,0,3.475229017958982,3.2022824770320772,3.294927730923564,3.033772919325379,0.001159953204455187,negative_baseline,20.0,0,0,0,0,0,0,0,0,0,0,-1,0,0,0,1,1,0,0,0,0
sim_0005_n3_seed47,47,0.001,3,545.0,2,body_2,8.648712297334397,4.926411902220734,0.0012656132233324774,0.00185506704506561,6.036099228662975,12.021139157902546,0,2.5002234899277664,4.260625576405352,-70.90152510073436,-4.432049991040974e-09,182.16787061502407,-6.084753936264495e-14,2.5002234899277664,0-2,10,185.55,185550,,,,,0,6.036099228662975,11.980069676260534,2.5002234899277664,4.260625576405352,0.001143806050662534,negative_baseline,20.0,0,0,0,0,0,0,0,0,0,0,-1,0,0,0,1,1,0,0,0,0
sim_0005_n3_seed47,47,0.001,3,545.45,2,body_2,8.648712297334397,4.926411902220734,0.0011493476961004269,0.0030207866889670177,11.572727629384307,39.14212965619778,0,1.8057581219579255,5.694080845723197,-70.90158660663758,-8.719155548060513e-07,182.16787061502518,-5.476278542638045e-14,1.8057581219579255,0-2,10,186.00000000000006,186000,,,,,0,11.572727629384307,39.35401202437021,1.8057581219579255,5.694080845723197,0.0011168964345983593,negative_hard,10.0,1,1,1,1,0,0,1,0,0,0,-1,0,0,0,1,1,0,0,0,0
sim_0005_n3_seed47,47,0.001,3,545.95,2,body_2,8.648712297334397,4.926411902220734,0.0009473064079643744,0.0032960237480395343,12.375952386725904,43.52799712762845,0,1.7462150222230672,5.84588367169211,-70.90160597078352,-1.145028805898279e-06,182.1678706150244,-5.897530738225587e-14,1.7462150222230672,0-2,10,186.50000000000006,186500,,,,,0,12.375952386725904,43.98347288347278,1.7462150222230672,5.84588367169211,0.0010763554456157077,negative_hard,10.0,1,1,1,1,0,0,1,0,0,0,-1,0,0,0,1,1,0,0,0,0
sim_0005_n3_seed47,47,0.001,3,546.0,2,body_2,8.648712297334397,4.926411902220734,0.0009412135897567381,0.003129763420085453,11.520830761182852,38.857419166392795,0,1.8098608387043396,5.6838486375390085,-70.90158545494272,-8.556719709926345e-07,182.16787061502416,-6.037948136754768e-14,1.8098608387043396,0-2,10,186.55,186550,,,,,0,11.520830761182852,39.15694806833694,1.8098608387043396,5.6838486375390085,0.0010751064781997224,negative_baseline,20.0,1,1,1,1,0,0,1,0,0,0,-1,0,0,0,1,1,0,0,0,0
sim_0005_n3_seed47,47,0.001,3,546.5500000000001,2,body_2,8.648712297334397,4.926411902220734,0.001079037607318136,0.001792118795092172,5.388363169044989,9.49105541621122,0,2.6463441248697723,4.012994231638915,-70.90152367091562,1.573421219274373e-08,182.1678706150243,-5.959938470905223e-14,2.6463441248697723,0-2,10,187.10000000000008,187100,,,,,0,5.388363169044989,9.480395990924618,2.6463441248697723,4.012994231638915,0.0011116078051923684,negative_hard,10.0,0,0,0,0,0,0,0,0,0,0,-1,0,0,0,1,1,0,0,0,0
sim_0005_n3_seed47,47,0.001,3,547.0,2,body_2,8.648712297334397,4.926411902220734,0.0012310005458627754,0.00139185996815483,3.879522927701422,4.382797013945193,0,3.1186439436329403,3.2856043505999115,-70.90152260654112,3.0746223635799035e-08,182.16787061502393,-6.16276360211404e-14,3.1186439436329403,0-2,10,187.55,187550,,,,,0,3.879522927701422,4.3788961852695465,3.1186439436329403,3.2856043505999115,0.0011560692182602137,negative_baseline,20.0,0,0,0,0,0,0,0,0,0,0,-1,0,0,0,1,1,0,0,0,0
sim_0005_n3_seed47,47,0.001,3,548.0,2,body_2,8.648712297334397,4.926411902220734,0.0013521003032762504,0.0013857741814650767,3.9172290852036276,4.49754568480946,0,3.1034721288892624,3.307674733570438,-70.90152260739876,3.073412743200793e-08,182.16787061502427,-5.975540404075131e-14,3.1034721288892624,0-2,10,188.55,188550,,,,,0,3.9172290852036276,4.487755098188631,3.1034721288892624,3.307674733570438,0.0011910524939830977,negative_baseline,20.0,0,0,0,0,0,0,0,0,0,0,-1,0,0,0,1,1,0,0,0,0
sim_0005_n3_seed47,47,0.001,3,548.7,2,body_2,8.648712297334397,4.926411902220734,0.001261025093720629,0.002226180359616951,7.51112297961707,18.416436755472937,0,2.241362894671322,4.7368942611984135,-70.9015316870266,-9.732557046003796e-08,182.16787061502455,-5.819521072376042e-14,2.241362894671322,0-2,10,189.25000000000006,189250,,,,,0,7.51112297961707,18.364379060725113,2.241362894671322,4.7368942611984135,0.001163372254127403,negative_hard,10.0,1,1,1,1,0,0,0,0,0,0,-1,0,0,0,1,1,0,0,0,0
sim_0005_n3_seed47,47,0.001,3,549.0,2,body_2,8.648712297334397,4.926411902220734,0.0011733375342385327,0.00315145073960978,11.871610887246126,40.769930879583605,0,1.7828836575632645,5.751667978974521,-70.90159343856466,-9.682735259713453e-07,182.16787061502401,-6.115957802604313e-14,1.7828836575632645,0-2,10,189.55,189550,,,,,0,11.871610887246126,41.03183621418559,1.7828836575632645,5.751667978974521,0.0011445338589561596,negative_baseline,20.0,1,1,1,1,0,0,1,0,0,0,-1,0,0,0,1,1,0,0,0,0
sim_0005_n3_seed47,47,0.001,3,549.2,2,body_2,8.648712297334397,4.926411902220734,0.0010849272068494153,0.003738327345796689,14.582167011884065,55.62578382660078,0,1.6086907277260962,6.222213472068961,-70.90167737390675,-2.152103384959727e-06,182.1678706150242,-6.00674427041495e-14,1.6086907277260962,0-2,10,189.75000000000006,189750,,,,,0,14.582167011884065,56.64626333097667,1.6086907277260962,6.222213472068961,0.0011272483686064838,negative_hard,10.0,1,1,1,1,0,0,1,0,0,0,-1,0,0,0,1,1,0,0,0,0
sim_0005_n3_seed47,47,0.001,3,549.7,2,body_2,8.648712297334397,4.926411902220734,0.0009747354364336573,0.0026453622540909337,8.880893044792177,25.00110023311718,0,2.0613793112374266,5.104113453146197,-70.90154323913676,-2.602573294992279e-07,182.1678706150267,-4.64937608463287e-14,2.0613793112374266,0-2,10,190.25000000000006,190250,,,,,0,8.880893044792177,25.041157332733267,2.0613793112374266,5.104113453146197,0.001105254842402033,negative_hard,10.0,1,1,1,1,0,0,0,0,0,0,-1,0,0,0,1,1,0,0,0,0
sim_0005_n3_seed47,47,0.001,3,550.0,2,body_2,8.648712297334397,4.926411902220734,0.0010680381138275321,0.001958236296839908,5.894546762350635,11.450281420230992,0,2.53019089018854,4.208730906206131,-70.901524722562,9.017190688537057e-10,182.16787061502623,-4.899007015351413e-14,2.53019089018854,0-2,10,190.55,190550,,,,,0,5.894546762350635,11.438151327716005,2.53019089018854,4.208730906206131,0.001129715715433919,negative_baseline,20.0,0,0,0,0,0,0,0,0,0,0,-1,0,0,0,1,1,0,0,0,0
sim_0005_n3_seed47,47,0.001,3,550.35,2,body_2,8.648712297334397,4.926411902220734,0.001196692593805661,0.001543379820392824,4.30168721443636,5.6966281526951486,0,2.961721733770001,3.5172791605558693,-70.90152266994025,2.985203796184669e-08,182.16787061502646,-4.7741915499921416e-14,2.961721733770001,0-2,10,190.90000000000003,190900,,,,,0,4.30168721443636,5.691006957896504,2.961721733770001,3.5172791605558693,0.0011664017760098717,negative_hard,10.0,0,0,0,0,0,0,0,0,0,0,-1,0,0,0,1,1,0,0,0,0
sim_0005_n3_seed47,47,0.001,3,551.0,2,body_2,8.648712297334397,4.926411902220734,0.0013523530770963529,0.001298277476977535,3.47326045251254,3.2004646809460104,0,3.295868857827526,3.0324455449934264,-70.90152264765254,3.01663853295026e-08,182.16787061502643,-4.789793483162051e-14,3.295868857827526,0-2,10,191.55,191550,,,,,0,3.47326045251254,3.196900662549662,3.295868857827526,3.0324455449934264,0.0012134570156316052,negative_baseline,20.0,0,0,0,0,0,0,0,0,0,0,-1,0,0,0,1,1,0,0,0,0
sim_0005_n3_seed47,47,0.001,3,552.0,2,body_2,8.648712297334397,4.926411902220734,0.0013355655283500338,0.001840326317851826,5.607371613067523,10.32687844206926,0,2.5940168020375958,4.10016430228005,-70.9015240741091,1.0047543487507492e-08,182.16787061502583,-5.117434079730139e-14,2.5940168020375958,0-2,10,192.55,192550,,,,,0,5.607371613067523,10.29210895455726,2.5940168020375958,4.10016430228005,0.0012051120346086655,negative_baseline,20.0,0,0,0,0,0,0,0,0,0,0,-1,0,0,0,1,1,0,0,0,0
sim_0005_n3_seed47,47,0.001,3,552.5,2,body_2,8.648712297334397,4.926411902220734,0.0012159352261166523,0.003100873955956063,11.312672682412432,37.73096370601467,0,1.8263909168935573,5.64288811870387,-70.90158102815467,-7.932362467130823e-07,182.16787061502575,-5.1642398792398655e-14,1.8263909168935573,0-2,10,193.05,193050,,,,,0,11.312672682412432,37.90383281809898,1.8263909168935573,5.64288811870387,0.0011768894287833267,negative_hard,10.0,1,1,1,1,0,0,1,0,0,0,-1,0,0,0,1,1,0,0,0,0
sim_0005_n3_seed47,47,0.001,3,553.0,2,body_2,8.648712297334397,4.926411902220734,0.0010000124484639186,0.003488769175638036,12.629526193224054,44.91886722472021,0,1.7285981404673418,5.892010297021396,-70.90161278876695,-1.241190114889438e-06,182.16787061502617,-4.9302108816912314e-14,1.7285981404673418,0-2,10,193.55,193550,,,,,0,12.629526193224054,45.428775763641866,1.7285981404673418,5.892010297021396,0.0011333383166895333,negative_hard,10.0,1,1,1,1,0,0,1,0,0,0,-1,0,0,0,1,1,0,0,0,0
sim_0005_n3_seed47,47,0.001,3,553.65,2,body_2,8.648712297334397,4.926411902220734,0.0011327852111174422,0.0018229531789953656,5.203886985026732,8.806006618037369,0,2.692840793356956,3.936854420434238,-70.90152339306019,1.9653104423866054e-08,182.16787061502615,-4.9458128148611405e-14,2.692840793356956,0-2,10,194.2,194200,,,,,0,5.203886985026732,8.796114697532719,2.692840793356956,3.936854420434238,0.001169895555558625,negative_hard,10.0,0,0,0,0,0,0,0,0,0,0,-1,0,0,0,1,1,0,0,0,0
sim_0005_n3_seed47,47,0.001,3,554.0,2,body_2,8.648712297334397,4.926411902220734,0.0012565048722340928,0.0014922124342827386,4.008178120337377,4.773534639137468,0,3.068210898399179,3.3591865044458307,-70.90152261257714,3.0661091222555536e-08,182.1678706150261,-4.977016681200958e-14,3.068210898399179,0-2,10,194.55,194550,,,,,0,4.008178120337377,4.769162031314199,3.068210898399179,3.3591865044458307,0.0012060209587424083,negative_baseline,20.0,0,0,0,0,0,0,0,0,0,0,-1,0,0,0,1,1,0,0,0,0
sim_0005_n3_seed47,47,0.001,3,555.0,2,body_2,8.648712297334397,4.926411902220734,0.0014085450871368411,0.0014174406570871493,3.803478264518836,4.156496162140006,0,3.149519988538079,3.240937528621254,-70.90152260868271,3.071601850237088e-08,182.16787061502538,-5.367065010448682e-14,3.149519988538079,0-2,10,195.55,195550,,,,,0,3.803478264518836,4.148125019104549,3.149519988538079,3.240937528621254,0.0012507402284386204,negative_baseline,20.0,0,0,0,0,0,0,0,0,0,0,-1,0,0,0,1,1,0,0,0,0
sim_0005_n3_seed47,47,0.001,3,555.7,2,body_2,8.648712297334397,4.926411902220734,0.0013351749166149102,0.0021781777719007966,6.864524544100372,15.512125889109978,0,2.344524332292633,4.540595001721715,-70.9015281550272,-4.7510006947097206e-08,182.16787061502643,-4.789793483162051e-14,2.344524332292633,0-2,10,196.25000000000006,196250,,,,,0,6.864524544100372,15.461985104659398,2.344524332292633,4.540595001721715,0.0012275543480482526,negative_hard,10.0,1,0,1,1,0,0,0,0,0,0,-1,0,0,0,1,1,0,0,0,0
sim_0005_n3_seed47,47,0.001,3,556.0,2,body_2,8.648712297334397,4.926411902220734,0.0012581317687994842,0.003047371506550874,10.76188445903568,34.76660018330887,0,1.8725375205410895,5.530862530835741,-70.90157025544165,-6.412971587476312e-07,182.16787061502623,-4.899007015351413e-14,1.8725375205410895,0-2,10,196.55,196550,,,,,0,10.76188445903568,34.86945613170716,1.8725375205410895,5.530862530835741,0.0012103616085360122,negative_baseline,20.0,1,1,1,1,0,0,1,0,0,0,-1,0,0,0,1,1,0,0,0,0
sim_0005_n3_seed47,47,0.001,3,556.2,2,body_2,8.648712297334397,4.926411902220734,0.0011775793015350092,0.0037527689293769483,13.964537759115123,52.253413306183425,0,1.6438743577016277,6.122229546138541,-70.9016545414546,-1.8300729037450565e-06,182.16787061502697,-4.49335675293378e-14,1.6438743577016277,0-2,10,196.75000000000006,196750,,,,,0,13.964537759115123,53.043803954337584,1.6438743577016277,6.122229546138541,0.0011947028584497268,negative_hard,10.0,1,1,1,1,0,0,1,0,0,0,-1,0,0,0,1,1,0,0,0,0
sim_0005_n3_seed47,47,0.001,3,556.7,2,body_2,8.648712297334397,4.926411902220734,0.0010097658848449906,0.002970253556076234,9.83446753137066,29.86698494921282,0,1.9589013059724043,5.329754868702109,-70.90155514431582,-4.281687968569069e-07,182.16787061502836,-3.7288620276082416e-14,1.9589013059724043,0-2,10,197.25000000000006,197250,,,,,0,9.83446753137066,29.968105216048677,1.9589013059724043,5.329754868702109,0.001160487989047404,negative_hard,10.0,1,1,1,1,0,0,1,0,0,0,-1,0,0,0,1,1,0,0,0,0
sim_0005_n3_seed47,47,0.001,3,557.0,2,body_2,8.648712297334397,4.926411902220734,0.0010837846013196472,0.002163536776452754,6.373419879490512,13.406273615797858,0,2.433300771990994,4.378738863842327,-70.9015261608836,-1.9384468123490115e-08,182.1678706150288,-3.494833030059607e-14,2.433300771990994,0-2,10,197.55,197550,,,,,0,6.373419879490512,13.39411961826671,2.433300771990994,4.378738863842327,0.0011799430758127468,negative_baseline,20.0,1,0,1,1,0,0,0,0,0,0,-1,0,0,0,1,1,0,0,0,0
sim_0005_n3_seed47,47,0.001,3,557.35,2,body_2,8.648712297334397,4.926411902220734,0.001215850920058999,0.001669032988402313,4.505558975160687,6.363394715128776,0,2.893966491668126,3.620025808840671,-70.90152275421212,2.866346162212037e-08,182.16787061502976,-2.9643673022827024e-14,2.893966491668126,0-2,10,197.90000000000003,197900,,,,,0,4.505558975160687,6.356820004745598,2.893966491668126,3.620025808840671,0.0012170118995576196,negative_hard,10.0,0,0,0,0,0,0,0,0,0,0,-1,0,0,0,1,1,0,0,0,0
sim_0005_n3_seed47,47,0.001,3,558.0,2,body_2,8.648712297334397,4.926411902220734,0.0013921874106939643,0.0013599245740205023,3.4845844553334837,3.232314246805545,0,3.2905189798368273,3.0399790828067057,-70.9015226458961,3.019115838533226e-08,182.16787061502976,-2.9643673022827024e-14,3.2905189798368273,0-2,10,198.55,198550,,,,,0,3.4845844553334837,3.2289657772009783,3.2905189798368273,3.0399790828067057,0.0012700715283629077,negative_baseline,20.0,0,0,0,0,0,0,0,0,0,0,-1,0,0,0,1,1,0,0,0,0
sim_0005_n3_seed47,47,0.001,3,559.0,2,body_2,8.648712297334397,4.926411902220734,0.0014035790744155476,0.0018307719607206891,5.242139899988163,8.949039565663176,0,2.6828303724155838,3.9531584964978483,-70.90152344887639,1.8865868865721812e-08,182.16787061502902,-3.3700175647003353e-14,2.6828303724155838,0-2,10,199.55,199550,,,,,0,5.242139899988163,8.919966217732517,2.6828303724155838,3.9531584964978483,0.001270437959434383,negative_baseline,20.0,0,0,0,0,0,0,0,0,0,0,-1,0,0,0,1,1,0,0,0,0
sim_0005_n3_seed47,47,0.001,3,559.4,2,body_2,8.648712297334397,4.926411902220734,0.0013277946294785502,0.0026594575166927936,8.745988581686321,24.332247258173226,0,2.0771291186406966,5.070574695044123,-70.90154183978487,-2.4052077387630533e-07,182.16787061502927,-3.2296001661711546e-14,2.0771291186406966,0-2,10,199.95,199950,,,,,0,8.745988581686321,24.29868887848961,2.0771291186406966,5.070574695044123,0.0012508944260964877,negative_hard,10.0,1,1,1,1,0,0,0,0,0,0,-1,0,0,0,1,1,0,0,0,0
sim_0005_n3_seed47,47,0.001,3,559.9,2,body_2,8.648712297334397,4.926411902220734,0.001121327053741575,0.004022351954444554,14.637950508469107,55.92586670077418,0,1.605631460445765,6.231037899698091,-70.90167956645607,-2.183027251883847e-06,182.1678706150288,-3.494833030059607e-14,1.605631460445765,0-2,10,200.45,200450,,,,,0,14.637950508469107,57.00070738392193,1.605631460445765,6.231037899698091,0.001209740180119156,negative_hard,10.0,1,1,0,1,0,0,1,0,0,0,-1,0,0,0,1,1,0,0,0,0
sim_0005_n3_seed47,47,0.001,3,560.0,2,body_2,8.648712297334397,4.926411902220734,0.0010741157849509578,0.003836781468056332,13.636421117898426,50.451488019737305,0,1.6635560316926812,6.067459849746739,-70.90164333057407,-1.671953870854754e-06,182.167870615029,-3.3856194978702444e-14,1.6635560316926812,0-2,10,200.55,200550,,,,,0,13.636421117898426,51.21638963428536,1.6635560316926812,6.067459849746739,0.001199831281139473,negative_baseline,20.0,1,1,1,1,0,0,1,0,0,0,-1,0,0,0,1,1,0,0,0,0
sim_0005_n3_seed47,47,0.001,3,560.4,2,body_2,8.648712297334397,4.926411902220734,0.0010611504804396426,0.0025161750639583194,7.618717781318817,18.909644192752335,0,2.225591086978187,4.7677531861890685,-70.90153238407004,-1.0715671915324789e-07,182.16787061502964,-3.026775034962338e-14,2.225591086978187,0-2,10,200.95,200950,,,,,0,7.618717781318817,18.908910056534772,2.225591086978187,4.7677531861890685,0.0011990720097439496,negative_hard,10.0,1,1,1,1,0,0,0,0,0,0,-1,0,0,0,1,1,0,0,0,0
sim_0005_n3_seed47,47,0.001,3,561.0,2,body_2,8.648712297334397,4.926411902220734,0.001277957082830169,0.0016020961822094976,4.1605114886019825,5.246935422163849,0,3.0115454987198045,3.442823330240898,-70.90152263459632,3.035053119673053e-08,182.16787061502936,-3.182794366661428e-14,3.0115454987198045,0-2,10,201.55,201550,,,,,0,4.1605114886019825,5.241939857731885,3.0115454987198045,3.442823330240898,0.001259811310552857,negative_baseline,20.0,0,0,0,0,0,0,0,0,0,0,-1,0,0,0,1,1,0,0,0,0
sim_0005_n3_seed47,47,0.001,3,561.1,2,body_2,8.648712297334397,4.926411902220734,0.0013106748860299096,0.0015340696970726373,3.936828218880233,4.555596465605735,0,3.095883925739313,3.3187138795107107,-70.90152260862484,3.071683465689752e-08,182.1678706150294,-3.167192433491519e-14,3.095883925739313,0-2,10,201.65000000000003,201650,,,,,0,3.936828218880233,4.551493643031187,3.095883925739313,3.3187138795107107,0.0012695947580004345,negative_hard,10.0,0,0,0,0,0,0,0,0,0,0,-1,0,0,0,1,1,0,0,0,0
sim_0005_n3_seed47,47,0.001,3,562.0,2,body_2,8.648712297334397,4.926411902220734,0.0014617975515176858,0.0014516682441721837,3.709204294773368,3.878572158946854,0,3.1892753555724638,3.1837885802424943,-70.90152261524969,3.062339739031134e-08,182.16787061502876,-3.510434963229516e-14,3.1892753555724638,0-2,10,202.55,202550,,,,,0,3.709204294773368,3.8713614916633294,3.1892753555724638,3.1837885802424943,0.001314353169146846,negative_baseline,20.0,0,0,0,0,0,0,0,0,0,0,-1,0,0,0,1,1,0,0,0,0
sim_0005_n3_seed47,47,0.001,3,563.0,2,body_2,8.648712297334397,4.926411902220734,0.0013411266822650953,0.002938303160339224,9.716809268544695,29.259586044129442,0,1.9706474405893328,5.303204886866293,-70.90155350132792,-4.0499598214253635e-07,182.16787061502865,-3.572842695909152e-14,1.9706474405893328,0-2,10,203.55,203550,,,,,0,9.716809268544695,29.271255342130466,1.9706474405893328,5.303204886866293,0.0012811724972687224,negative_baseline,20.0,1,1,1,1,0,0,1,0,0,0,-1,0,0,0,1,1,0,0,0,0
sim_0005_n3_seed47,47,0.001,3,563.1,2,body_2,8.648712297334397,4.926411902220734,0.0013097922148186314,0.0033098942619292884,11.350813078842714,37.93639811255687,0,1.8233163053587609,5.650472524406923,-70.9015818389361,-8.046715639646001e-07,182.16787061502882,-3.479231096889698e-14,1.8233163053587609,0-2,10,203.65000000000003,203650,,,,,0,11.350813078842714,38.11483654947921,1.8233163053587609,5.650472524406923,0.001275033147071544,negative_hard,10.0,1,1,1,1,0,0,1,0,0,0,-1,0,0,0,1,1,0,0,0,0
sim_0005_n3_seed47,47,0.001,3,563.6,2,body_2,8.648712297334397,4.926411902220734,0.0010771833484063357,0.003697035398717129,12.591059082220283,44.7055294536859,0,1.7312416368968597,5.8850530471406595,-70.90161174574018,-1.2264791933137525e-06,182.16787061503086,-2.355891908656253e-14,1.7312416368968597,0-2,10,204.15000000000003,204150,,,,,0,12.591059082220283,45.20699424804284,1.7312416368968597,5.8850530471406595,0.0012281752606302242,negative_hard,10.0,1,1,1,1,0,0,1,0,0,0,-1,0,0,0,1,1,0,0,0,0
sim_0005_n3_seed47,47,0.001,3,564.0,2,body_2,8.648712297334397,4.926411902220734,0.0011013206632245174,0.0023963235242567193,6.9355323780860125,15.819903189578985,0,2.3326288797701396,4.562757389546415,-70.90152848839301,-5.221182146391453e-08,182.16787061503103,-2.2622803096367992e-14,2.3326288797701396,0-2,10,204.55,204550,,,,,0,6.9355323780860125,15.810374523377147,2.3326288797701396,4.562757389546415,0.0012363883250460816,negative_baseline,20.0,1,0,1,1,0,0,0,0,0,0,-1,0,0,0,1,1,0,0,0,0
sim_0005_n3_seed47,47,0.001,3,564.3000000000001,2,body_2,8.648712297334397,4.926411902220734,0.0012124796744521918,0.0018684962258238413,4.954940413076552,7.907298294826232,0,2.7596586100923375,3.829450515792814,-70.90152309609142,2.3841572374879635e-08,182.16787061503098,-2.293484175976617e-14,2.7596586100923375,0-2,10,204.85000000000008,204850,,,,,0,4.954940413076552,7.898551073861334,2.7596586100923375,3.829450515792814,0.0012669478223976067,negative_hard,10.0,0,0,0,0,0,0,0,0,0,0,-1,0,0,0,1,1,0,0,0,0
sim_0005_n3_seed47,47,0.001,3,565.0,2,body_2,8.648712297334397,4.926411902220734,0.0014277748918402385,0.0014261793045891767,3.509397054147693,3.3024234757771063,0,3.278878535621925,3.056393449605935,-70.90152264186969,3.024794706669204e-08,182.16787061503075,-2.4182996413358887e-14,3.278878535621925,0-2,10,205.55,205550,,,,,0,3.509397054147693,3.2992099263136003,3.278878535621925,3.056393449605935,0.0013309242910642418,negative_baseline,20.0,0,0,0,0,0,0,0,0,0,0,-1,0,0,0,1,1,0,0,0,0
sim_0005_n3_seed47,47,0.001,3,566.0,2,body_2,8.648712297334397,4.926411902220734,0.0014693058844260174,0.0018260670639984997,4.930688023513662,7.824005882430926,0,2.766230404643839,3.819025163757568,-70.90152307302009,2.4166972102324983e-08,182.16787061502964,-3.026775034962338e-14,2.766230404643839,0-2,10,206.55,206550,,,,,0,4.930688023513662,7.79980915141278,2.766230404643839,3.819025163757568,0.0013408135832145085,negative_baseline,20.0,0,0,0,0,0,0,0,0,0,0,-1,0,0,0,1,1,0,0,0,0
sim_0005_n3_seed47,47,0.001,3,566.25,2,body_2,8.648712297334397,4.926411902220734,0.0014347152606290626,0.0022174434529666776,6.451982625893529,13.739410428941927,0,2.418287610632914,4.405689310502652,-70.90152644852276,-2.3441350598877672e-08,182.16787061502953,-3.089182767641974e-14,2.418287610632914,0-2,10,206.8,206800,,,,,0,6.451982625893529,13.693119660032876,2.418287610632914,4.405689310502652,0.001330925250523385,negative_hard,10.0,1,0,0,1,0,0,0,0,0,0,-1,0,0,0,1,1,0,0,0,0
sim_0005_n3_seed47,47,0.001,3,566.75,2,body_2,8.648712297334397,4.926411902220734,0.0012958647203043401,0.003829568556251236,13.304116148967394,48.62695272358451,0,1.6841743883302651,6.010934268801714,-70.90163264841908,-1.5212920194261195e-06,182.16787061502987,-2.9019595696030666e-14,1.6841743883302651,0-2,10,207.3,207300,,,,,0,13.304116148967394,49.21364719774814,1.6841743883302651,6.010934268801714,0.0013023776858754315,negative_hard,10.0,1,1,1,1,0,0,1,0,0,0,-1,0,0,0,1,1,0,0,0,0
sim_0005_n3_seed47,47,0.001,3,567.0,2,body_2,8.648712297334397,4.926411902220734,0.0011628269108832823,0.0041388797812159095,14.389992287788937,54.57427532460054,0,1.619410565924741,6.191464834154558,-70.9016700390327,-2.048651814943792e-06,182.1678706150291,-3.3232117651906086e-14,1.619410565924741,0-2,10,207.55,207550,,,,,0,14.389992287788937,55.56941410282645,1.619410565924741,6.191464834154558,0.0012756448310594418,negative_baseline,20.0,1,1,0,1,0,0,1,0,0,0,-1,0,0,0,1,1,0,0,0,0
sim_0005_n3_seed47,47,0.001,3,567.25,2,body_2,8.648712297334397,4.926411902220734,0.0010799078223563245,0.0033272065095274386,10.59889721290756,33.89147662439887,0,1.8869470701040094,5.496559757285415,-70.90156732872103,-6.000184890058426e-07,182.16787061502905,-3.354415631530426e-14,1.8869470701040094,0-2,10,207.8,207800,,,,,0,10.59889721290756,34.0664202447575,1.8869470701040094,5.496559757285415,0.0012584977237698844,negative_hard,10.0,1,1,1,1,0,0,1,0,0,0,-1,0,0,0,1,1,0,0,0,0
sim_0005_n3_seed47,47,0.001,3,567.95,2,body_2,8.648712297334397,4.926411902220734,0.0012769619786521347,0.0017709708692304983,4.498138725547205,6.338394653634076,0,2.8963656794122588,3.616354348141299,-70.90152275155467,2.8700942596774364e-08,182.16787061502933,-3.198396299831337e-14,2.8963656794122588,0-2,10,208.50000000000006,208500,,,,,0,4.498138725547205,6.331857656432829,2.8963656794122588,3.616354348141299,0.0013135373871287048,negative_hard,10.0,0,0,0,0,0,0,0,0,0,0,-1,0,0,0,1,1,0,0,0,0
sim_0005_n3_seed47,47,0.001,3,568.0,2,body_2,8.648712297334397,4.926411902220734,0.0012955210008169194,0.0017229575365713186,4.339828693370029,5.8192872717067905,0,2.948702792671768,3.5368802493688283,-70.9015226842176,2.9650669269884035e-08,182.16787061502922,-3.260804032510973e-14,2.948702792671768,0-2,10,208.55,208550,,,,,0,4.339828693370029,5.813494352900184,2.948702792671768,3.5368802493688283,0.0013189434182871295,negative_baseline,20.0,0,0,0,0,0,0,0,0,0,0,-1,0,0,0,1,1,0,0,0,0
sim_0005_n3_seed47,47,0.001,3,569.0,2,body_2,8.648712297334397,4.926411902220734,0.0015114394955931562,0.001488740429580606,3.632558564526342,3.6556655709350285,0,3.2227282231313423,3.1360109927758333,-70.90152262389336,3.050148651263386e-08,182.16787061502862,-3.588444629079061e-14,3.2227282231313423,0-2,10,209.55,209550,,,,,0,3.632558564526342,3.6494049615603497,3.2227282231313423,3.1360109927758333,0.001383115006469841,negative_baseline,20.0,0,0,0,0,0,0,0,0,0,0,-1,0,0,0,1,1,0,0,0,0
sim_0005_n3_seed47,47,0.001,3,569.85,2,body_2,8.648712297334397,4.926411902220734,0.0014534008960074417,0.002412612055690261,7.0494608343180145,16.327548016686446,0,2.3135517774369343,4.598557610327428,-70.90152906012584,-6.027558071503189e-08,182.16787061502836,-3.7288620276082416e-14,2.3135517774369343,0-2,10,210.40000000000003,210400,,,,,0,7.0494608343180145,16.276303406951946,2.3135517774369343,4.598557610327428,0.0013651557920978186,negative_hard,10.0,1,1,1,1,0,0,0,0,0,0,-1,0,0,0,1,1,0,0,0,0
sim_0005_n3_seed47,47,0.001,3,570.0,2,body_2,8.648712297334397,4.926411902220734,0.0014220762016874547,0.0028339770658286742,8.776639492687542,24.484092775327625,0,2.07348916501205,5.07830059451697,-70.90154216263709,-2.450743038186406e-07,182.16787061502805,-3.90048329247724e-14,2.07348916501205,0-2,10,210.55,210550,,,,,0,8.776639492687542,24.451530318212892,2.07348916501205,5.07830059451697,0.0013582403812253474,negative_baseline,20.0,1,1,1,1,0,0,0,0,0,0,-1,0,0,0,1,1,0,0,0,0
sim_0005_n3_seed47,47,0.001,3,570.35,2,body_2,8.648712297334397,4.926411902220734,0.0012963828880763557,0.004118779495777639,14.189078022837974,53.4784168198548,0,1.6308175014349486,6.159019406495313,-70.90166260615419,-1.943817983413795e-06,182.16787061502708,-4.4309490202541444e-14,1.6308175014349486,0-2,10,210.90000000000003,210900,,,,,0,14.189078022837974,54.34753189966471,1.6308175014349486,6.159019406495313,0.0013343859294228325,negative_hard,10.0,1,1,1,1,0,0,1,0,0,0,-1,0,0,0,1,1,0,0,0,0
sim_0005_n3_seed47,47,0.001,3,570.85,2,body_2,8.648712297334397,4.926411902220734,0.0011018048296732542,0.0031396762339446676,9.5341069325151,28.311408030554034,0,1.9895312418637476,5.260912914661975,-70.90155102811207,-3.701135749540095e-07,182.16787061502654,-4.727385750482415e-14,1.9895312418637476,0-2,10,211.40000000000003,211400,,,,,0,9.5341069325151,28.389956223779304,1.9895312418637476,5.260912914661975,0.001295068299862733,negative_hard,10.0,1,1,1,1,0,0,1,0,0,0,-1,0,0,0,1,1,0,0,0,0
sim_0005_n3_seed47,47,0.001,3,571.0,2,body_2,8.648712297334397,4.926411902220734,0.0011233951462025669,0.0026608069783345166,7.593908000577456,18.79364942379733,0,2.2292374008813622,4.760598406679801,-70.90153222408432,-1.0490026955501457e-07,182.16787061502663,-4.680579950972688e-14,2.2292374008813622,0-2,10,211.55,211550,,,,,0,7.593908000577456,18.792478818489027,2.2292374008813622,4.760598406679801,0.0013012344916522316,negative_baseline,20.0,1,1,1,1,0,0,0,0,0,0,-1,0,0,0,1,1,0,0,0,0
sim_0005_n3_seed47,47,0.001,3,571.6,2,body_2,8.648712297334397,4.926411902220734,0.0013395899792730671,0.001698613551253328,4.154999425836805,5.22928352454481,0,3.013554102140915,3.439837280498875,-70.90152263448219,3.0352140857094836e-08,182.16787061502723,-4.3529393544045995e-14,3.013554102140915,0-2,10,212.15000000000003,212150,,,,,0,4.154999425836805,5.224313048982193,3.013554102140915,3.439837280498875,0.001361827501572546,negative_hard,10.0,0,0,0,0,0,0,0,0,0,0,-1,0,0,0,1,1,0,0,0,0
sim_0005_n3_seed47,47,0.001,3,572.0,2,body_2,8.648712297334397,4.926411902220734,0.0014587772657353496,0.0014976664708629974,3.5481331190525327,3.412434352191407,0,3.260947602394039,3.081734824077102,-70.90152263589073,3.033227474996882e-08,182.16787061502723,-4.3529393544045995e-14,3.260947602394039,0-2,10,212.55,212550,,,,,0,3.5481331190525327,3.409275867636392,3.260947602394039,3.081734824077102,0.00139754185491574,negative_baseline,20.0,0,0,0,0,0,0,0,0,0,0,-1,0,0,0,1,1,0,0,0,0
sim_0005_n3_seed47,47,0.001,3,573.0,2,body_2,8.648712297334397,4.926411902220734,0.001532349216690709,0.0018259301877588936,4.664882162733195,6.901492983705833,0,2.8439094207150615,3.6971553178035657,-70.90152285168617,2.728868099007068e-08,182.167870615027,-4.477754819763872e-14,2.8439094207150615,0-2,10,213.55,213550,,,,,0,4.664882162733195,6.881356395657876,2.8439094207150615,3.6971553178035657,0.0014176481508414542,negative_baseline,20.0,0,0,0,0,0,0,0,0,0,0,-1,0,0,0,1,1,0,0,0,0
sim_0005_n3_seed47,47,0.001,3,573.5,2,body_2,8.648712297334397,4.926411902220734,0.0014617407344460003,0.002785294024819501,8.350423575234851,22.389208445916296,0,2.125733307899192,4.968859052861719,-70.90153806760688,-1.873177151018673e-07,182.1678706150267,-4.64937608463287e-14,2.125733307899192,0-2,10,214.05,214050,,,,,0,8.350423575234851,22.345819823621643,2.125733307899192,4.968859052861719,0.0013996453567806208,negative_hard,10.0,1,1,1,1,1,0,0,0,0,0,-1,0,0,0,1,1,0,0,0,0
sim_0005_n3_seed47,47,0.001,3,574.0,2,body_2,8.648712297334397,4.926411902220734,0.0012632219464295581,0.004358227848041153,14.743521592870984,56.49490308287365,0,1.5998737487874166,6.247701128025115,-70.90168377670253,-2.2424088585799318e-06,182.16787061502717,-4.384143220744418e-14,1.5998737487874166,0-2,10,214.55,214550,,,,,0,14.743521592870984,57.59987961504768,1.5998737487874166,6.247701128025115,0.0013616967648509718,negative_hard,10.0,1,1,0,1,0,0,1,1,0,0,-1,0,0,0,1,1,0,0,0,0
sim_0005_n3_seed47,47,0.001,3,574.5,2,body_2,8.648712297334397,4.926411902220734,0.001137223041890674,0.002806225915564471,7.96308419844302,20.52394350620839,0,2.17695793444008,4.86442992930875,-70.90153485223001,-1.4196781784647252e-07,182.16787061502674,-4.6181722182930525e-14,2.17695793444008,0-2,10,215.05,215050,,,,,0,7.96308419844302,20.530746980972104,2.17695793444008,4.86442992930875,0.0013376559528712668,negative_hard,10.0,1,1,1,1,0,0,0,0,0,0,-1,0,0,0,1,1,0,0,0,0
sim_0005_n3_seed47,47,0.001,3,575.0,2,body_2,8.648712297334397,4.926411902220734,0.0013095495356586976,0.0018564879286678954,4.550189802074592,6.511557028763321,0,2.8797687992221497,3.6417852750825235,-70.90152277998126,2.830001189676436e-08,182.16787061502623,-4.899007015351413e-14,2.8797687992221497,0-2,10,215.55,215550,,,,,0,4.550189802074592,6.504771957357218,2.8797687992221497,3.6417852750825235,0.0013854377101628567,negative_baseline,20.0,0,0,0,0,0,0,0,0,0,0,-1,0,0,0,1,1,0,0,0,0
sim_0005_n3_seed47,47,0.001,3,575.25,2,body_2,8.648712297334397,4.926411902220734,0.0013995583472319589,0.0016474311924577422,3.8995345576570726,4.442425694796526,0,3.110657796045034,3.2971978547035197,-70.90152260875313,3.071502536738082e-08,182.16787061502623,-4.899007015351413e-14,3.110657796045034,0-2,10,215.8,215800,,,,,0,3.8995345576570726,4.438457760671315,3.110657796045034,3.2971978547035197,0.0014117778483749973,negative_hard,10.0,0,0,0,0,0,0,0,0,0,0,-1,0,0,0,1,1,0,0,0,0
sim_0005_n3_seed47,47,0.001,3,576.0,2,body_2,8.648712297334397,4.926411902220734,0.0015569849709928044,0.0015289706811011004,3.5720867976625468,3.481641795492737,0,3.2498749246517162,3.0974346478821233,-70.90152263265404,3.0377925287124266e-08,182.1678706150265,-4.7585896168222325e-14,3.2498749246517162,0-2,10,216.55,216550,,,,,0,3.5720867976625468,3.4761586866813627,3.2498749246517162,3.0974346478821233,0.0014587155758784916,negative_baseline,20.0,0,0,0,0,0,0,0,0,0,0,-1,0,0,0,1,1,0,0,0,0
sim_0005_n3_seed47,47,0.001,3,577.0,2,body_2,8.648712297334397,4.926411902220734,0.0015008448261597713,0.002739404413110701,7.953528441987253,20.483696324914646,0,2.1781104393563195,4.862112430015169,-70.90153479004519,-1.4109075879043447e-07,182.16787061502666,-4.664978017802779e-14,2.1781104393563195,0-2,10,217.55,217550,,,,,0,7.953528441987253,20.434385794281923,2.1781104393563195,4.862112430015169,0.0014433218236948903,negative_baseline,20.0,1,1,1,1,1,0,0,0,0,0,-1,0,0,0,1,1,0,0,0,0
sim_0005_n3_seed47,47,0.001,3,577.0500000000001,2,body_2,8.648712297334397,4.926411902220734,0.0014906927352743762,0.0028954326108802863,8.574873830160874,23.48624527340191,0,2.0977277518209725,5.027144785921718,-70.90154015185911,-2.1671415243713328e-07,182.16787061502683,-4.571366418783325e-14,2.0977277518209725,0-2,10,217.60000000000008,217600,,,,,0,8.574873830160874,23.447959382158867,2.0977277518209725,5.027144785921718,0.0014412985218895328,negative_hard,10.0,1,1,1,1,0,0,0,0,0,0,-1,0,0,0,1,1,0,0,0,0
sim_0005_n3_seed47,47,0.001,3,577.5500000000001,2,body_2,8.648712297334397,4.926411902220734,0.0012859119694323274,0.004432702680836183,14.693305238620807,56.22100768904958,0,1.6026085311943565,6.239777903662496,-70.90168178817464,-2.214362524025552e-06,182.1678706150259,-5.086230213390321e-14,1.6026085311943565,0-2,10,218.10000000000008,218100,,,,,0,14.693305238620807,57.31271698654406,1.6026085311943565,6.239777903662496,0.0014027161552021003,negative_hard,10.0,1,1,0,1,0,0,1,0,0,0,-1,0,0,0,1,1,0,0,0,0
sim_0005_n3_seed47,47,0.001,3,578.0,2,body_2,8.648712297334397,4.926411902220734,0.0011536016295977326,0.002961026283780758,8.360613958165972,22.432957567010686,0,2.124581061914055,4.971241692404606,-70.90153815075918,-1.8849050089589804e-07,182.1678706150254,-5.3514630772787735e-14,2.124581061914055,0-2,10,218.55,218550,,,,,0,8.360613958165972,22.45160024334081,2.124581061914055,4.971241692404606,0.0013772923632364008,negative_baseline,20.0,1,1,1,1,0,0,0,0,0,0,-1,0,0,0,1,1,0,0,0,0
sim_0005_n3_seed47,47,0.001,3,578.0500000000001,2,body_2,8.648712297334397,4.926411902220734,0.001161707879641834,0.0028054101317650953,7.762037889718559,19.575647478046122,0,2.2049758516004587,4.808450565411291,-70.90153337342326,-1.211106253365329e-07,182.1678706150253,-5.413870809958409e-14,2.2049758516004587,0-2,10,218.60000000000008,218600,,,,,0,7.762037889718559,19.577787940166132,2.2049758516004587,4.808450565411291,0.0013796578332357333,negative_hard,10.0,1,1,1,1,0,0,0,0,0,0,-1,0,0,0,1,1,0,0,0,0
sim_0005_n3_seed47,47,0.001,3,578.85,2,body_2,8.648712297334397,4.926411902220734,0.0014409790436816707,0.001639532817224123,3.7853061608780734,4.101072770064007,0,3.1572189127310026,3.229813387039701,-70.90152261104834,3.068265357618425e-08,182.16787061502532,-5.3982688767885e-14,3.1572189127310026,0-2,10,219.40000000000003,219400,,,,,0,3.7853061608780734,4.097476738051722,3.1572189127310026,3.229813387039701,0.0014589124087155678,negative_hard,10.0,0,0,0,0,0,0,0,0,0,0,-1,0,0,0,1,1,0,0,0,0
sim_0005_n3_seed47,47,0.001,3,579.0,2,body_2,8.648712297334397,4.926411902220734,0.0014848267860963188,0.001575074641975688,3.6014814877817938,3.5650066994738654,0,3.2367270048161183,3.116077490483669,-70.90152262852517,3.0436159075099235e-08,182.16787061502538,-5.367065010448682e-14,3.2367270048161183,0-2,10,219.55,219550,,,,,0,3.6014814877817938,3.5618211739341388,3.2367270048161183,3.116077490483669,0.0014720386305415755,negative_baseline,20.0,0,0,0,0,0,0,0,0,0,0,-1,0,0,0,1,1,0,0,0,0
sim_0005_n3_seed47,47,0.001,3,580.0,2,body_2,8.648712297334397,4.926411902220734,0.0015922386967654187,0.0018301548597599302,4.438001606684052,6.142154563248956,0,2.915651020385479,3.58696711863424,-70.90152272569486,2.906567107111858e-08,182.16787061502546,-5.320259210938955e-14,2.915651020385479,0-2,10,220.55,220550,,,,,0,4.438001606684052,6.125350491315873,2.915651020385479,3.58696711863424,0.001502921679133836,negative_baseline,20.0,0,0,0,0,0,0,0,0,0,0,-1,0,0,0,1,1,0,0,0,0
sim_0005_n3_seed47,47,0.001,3,580.6,2,body_2,8.648712297334397,4.926411902220734,0.0015204052049098181,0.003009527888244405,8.807803281923038,24.63869705494969,0,2.0698033874584216,5.086139815934624,-70.90154249644056,-2.4978229100514287e-07,182.16787061502507,-5.538686275317681e-14,2.0698033874584216,0-2,10,221.15000000000003,221150,,,,,0,8.807803281923038,24.60718906972518,2.0698033874584216,5.086139815934624,0.0014859795642560283,negative_hard,10.0,1,1,1,1,0,0,0,0,0,0,-1,0,0,0,1,1,0,0,0,0
sim_0005_n3_seed47,47,0.001,3,581.0,2,body_2,8.648712297334397,4.926411902220734,0.0013709739400774282,0.004469966436503213,14.617758239119727,55.81039435375257,0,1.6067351609229295,6.227852202513212,-70.90167883173723,-2.1726647266649616e-06,182.16787061502515,-5.491880475807954e-14,1.6067351609229295,0-2,10,221.55,221550,,,,,0,14.617758239119727,56.84661395790368,1.6067351609229295,6.227852202513212,0.00145914111695526,negative_baseline,20.0,1,1,0,1,0,0,1,0,0,0,-1,0,0,0,1,1,0,0,0,0
sim_0005_n3_seed47,47,0.001,3,581.1,2,body_2,8.648712297334397,4.926411902220734,0.0013089327653524692,0.004498568772796769,14.608916998520225,55.76112733563271,0,1.6072343165140708,6.226414349454496,-70.90167847725809,-2.167665128388072e-06,182.16787061502492,-5.616695941167226e-14,1.6072343165140708,0-2,10,221.65000000000003,221650,,,,,0,14.608916998520225,56.82685137888224,1.6072343165140708,6.226414349454496,0.0014467462125586292,negative_hard,10.0,1,1,0,1,0,0,1,0,0,0,-1,0,0,0,1,1,0,0,0,0
sim_0005_n3_seed47,47,0.001,3,581.6,2,body_2,8.648712297334397,4.926411902220734,0.0011861174226276807,0.0028044522020126967,7.568944735177798,18.676798332335743,0,2.232930877960899,4.753364426330559,-70.90153206569141,-1.0266628505107502e-07,182.16787061502512,-5.5074824089778627e-14,2.232930877960899,0-2,10,222.15000000000003,222150,,,,,0,7.568944735177798,18.675203316093,2.232930877960899,4.753364426330559,0.001424719657279017,negative_hard,10.0,1,1,1,1,0,0,0,0,0,0,-1,0,0,0,1,1,0,0,0,0
sim_0005_n3_seed47,47,0.001,3,582.0,2,body_2,8.648712297334397,4.926411902220734,0.001320681765700152,0.002004672410248765,4.796561281049193,7.350679113807563,0,2.80487350068714,3.7580265692418964,-70.9015229514676,2.5881356797563778e-08,182.1678706150251,-5.523084342147772e-14,2.80487350068714,0-2,10,222.55,222550,,,,,0,4.796561281049193,7.342700467903581,2.80487350068714,3.7580265692418964,0.0014620725071950405,negative_baseline,20.0,0,0,0,0,0,0,0,0,0,0,-1,0,0,0,1,1,0,0,0,0
sim_0005_n3_seed47,47,0.001,3,582.4,2,body_2,8.648712297334397,4.926411902220734,0.0014658050922820398,0.0016608871430967447,3.7592536208686758,4.0240290719242084,0,3.16813531610049,3.214099799457861,-70.90152261285083,3.065723112431669e-08,182.1678706150253,-5.413870809958409e-14,3.16813531610049,0-2,10,222.95,222950,,,,,0,3.7592536208686758,4.020508570800469,3.16813531610049,3.214099799457861,0.0015041753601878437,negative_hard,10.0,0,0,0,0,0,0,0,0,0,0,-1,0,0,0,1,1,0,0,0,0
sim_0005_n3_seed47,47,0.001,3,583.0,2,body_2,8.648712297334397,4.926411902220734,0.0015978446973807787,0.0015727043605941635,3.526674008241587,3.3519592063205237,0,3.270715249503162,3.0679302819312912,-70.90152264035783,3.0269270506716687e-08,182.16787061502492,-5.616695941167226e-14,3.270715249503162,0-2,10,223.55,223550,,,,,0,3.526674008241587,3.3471101849698126,3.270715249503162,3.0679302819312912,0.0015435526903475366,negative_baseline,20.0,0,0,0,0,0,0,0,0,0,0,-1,0,0,0,1,1,0,0,0,0
sim_0005_n3_seed47,47,0.001,3,584.0,2,body_2,8.648712297334397,4.926411902220734,0.001577296820744275,0.002656586319470239,7.243960583580606,17.198493565349803,0,2.2822545109750996,4.657964103322112,-70.901530109451,-7.507533525922244e-08,182.16787061502552,-5.289055344599138e-14,2.2822545109750996,0-2,10,224.55,224550,,,,,0,7.243960583580606,17.146580125698407,2.2822545109750996,4.657964103322112,0.0015388935033208541,negative_baseline,20.0,1,1,1,1,0,0,0,0,0,0,-1,0,0,0,1,1,0,0,0,0
sim_0005_n3_seed47,47,0.001,3,584.0500000000001,2,body_2,8.648712297334397,4.926411902220734,0.0015694519713404455,0.0027980832300039437,7.779042263792072,19.66079956818823,0,2.202381656714658,4.81360332747664,-70.9015335080651,-1.2300962310337134e-07,182.16787061502558,-5.2578514782593195e-14,2.202381656714658,0-2,10,224.60000000000008,224600,,,,,0,7.779042263792072,19.61000874939954,2.202381656714658,4.81360332747664,0.0015373933017084687,negative_hard,10.0,1,1,1,1,0,0,0,0,0,0,-1,0,0,0,1,1,0,0,0,0
sim_0005_n3_seed47,47,0.001,3,584.5500000000001,2,body_2,8.648712297334397,4.926411902220734,0.0013966817429490047,0.004574432011215428,14.69753605891921,56.241833687623675,0,1.602372118597059,6.240461622980919,-70.90168198254008,-2.2171038676237395e-06,182.16787061502544,-5.3358611441088644e-14,1.602372118597059,0-2,10,225.10000000000008,225100,,,,,0,14.69753605891921,57.31361309452119,1.602372118597059,6.240461622980919,0.0015070572347540053,negative_hard,10.0,1,1,0,1,0,0,1,0,0,0,-1,0,0,0,1,1,0,0,0,0
sim_0005_n3_seed47,47,0.001,3,585.0,2,body_2,8.648712297334397,4.926411902220734,0.001196385405029413,0.0032998612993141484,9.243139144643353,26.82130348020197,0,2.020626542207919,5.192269949382291,-70.90154737720681,-3.186209551925874e-07,182.16787061502478,-5.69470560701677e-14,2.020626542207919,0-2,10,225.55,225550,,,,,0,9.243139144643353,26.881057931080257,2.020626542207919,5.192269949382291,0.0014682452740327882,negative_baseline,20.0,1,1,1,1,0,0,0,0,0,0,-1,0,0,0,1,1,0,0,0,0
sim_0005_n3_seed47,47,0.001,3,585.0500000000001,2,body_2,8.648712297334397,4.926411902220734,0.001197009959702614,0.0031197406502173454,8.555002088738473,23.381530623224677,0,2.100320567781744,5.021715246878055,-70.90153995429824,-2.1392774035305373e-07,182.1678706150248,-5.6791036738468616e-14,2.100320567781744,0-2,10,225.60000000000008,225600,,,,,0,8.555002088738473,23.40737023604068,2.100320567781744,5.021715246878055,0.0014690016087724918,negative_hard,10.0,1,1,1,1,0,0,0,0,0,0,-1,0,0,0,1,1,0,0,0,0
sim_0005_n3_seed47,47,0.001,3,585.85,2,body_2,8.648712297334397,4.926411902220734,0.001457057780703823,0.0017396157090569964,3.8955516101663674,4.430049761823515,0,3.1122602799604877,3.294862195189817,-70.90152260980115,3.0700243991145364e-08,182.16787061502495,-5.6010940079973167e-14,3.1122602799604877,0-2,10,226.40000000000003,226400,,,,,0,3.8955516101663674,4.4260970589100515,3.1122602799604877,3.294862195189817,0.0015431156990898046,negative_hard,10.0,0,0,0,0,0,0,0,0,0,0,-1,0,0,0,1,1,0,0,0,0
sim_0005_n3_seed47,47,0.001,3,586.0,2,body_2,8.648712297334397,4.926411902220734,0.0015055138676205477,0.0016591658467590106,3.6704091167915487,3.7639820276449307,0,3.206220200854584,3.1595263834424103,-70.90152262076322,3.054563421908185e-08,182.1678706150249,-5.632297874337135e-14,3.206220200854584,0-2,10,226.55,226550,,,,,0,3.6704091167915487,3.7606819497780806,3.206220200854584,3.1595263834424103,0.0015574292383307852,negative_baseline,20.0,0,0,0,0,0,0,0,0,0,0,-1,0,0,0,1,1,0,0,0,0
sim_0005_n3_seed47,47,0.001,3,587.0,2,body_2,8.648712297334397,4.926411902220734,0.0016483893113417858,0.001838617666504569,4.24453620359076,5.51536112389966,0,2.9813035115987354,3.4879339521077237,-70.90152265810033,3.001902895040683e-08,182.16787061502455,-5.819521072376042e-14,2.9813035115987354,0-2,10,227.55,227550,,,,,0,4.24453620359076,5.501274260026338,2.9813035115987354,3.4879339521077237,0.001599506763836445,negative_baseline,20.0,0,0,0,0,0,0,0,0,0,0,-1,0,0,0,1,1,0,0,0,0
sim_0005_n3_seed47,47,0.001,3,587.5,2,body_2,8.648712297334397,4.926411902220734,0.0016145961535267742,0.0026197272100871053,6.9285374896515775,15.793062888228478,0,2.333601389596127,4.560949621480292,-70.90152847195905,-5.1980035783087896e-08,182.16787061502487,-5.6478998075070434e-14,2.333601389596127,0-2,10,228.05,228050,,,,,0,6.9285374896515775,15.74255230240867,2.333601389596127,4.560949621480292,0.0015916854013889186,negative_hard,10.0,1,0,1,1,0,0,0,0,0,0,-1,0,0,0,1,1,0,0,0,0
sim_0005_n3_seed47,47,0.001,3,588.0,2,body_2,8.648712297334397,4.926411902220734,0.0014817740148667321,0.0044722084809688725,14.042244014703106,52.669839342502954,0,1.6393198782502543,6.1350219541760005,-70.90165736532018,-1.8699008987014836e-06,182.16787061502464,-5.772715272866315e-14,1.6393198782502543,0-2,10,228.55,228550,,,,,0,14.042244014703106,53.48745163943363,1.6393198782502543,6.1350219541760005,0.0015700635020906477,negative_hard,10.0,1,1,1,1,0,0,1,0,0,0,-1,0,0,0,1,1,0,0,0,0
sim_0005_n3_seed47,47,0.001,3,588.5,2,body_2,8.648712297334397,4.926411902220734,0.0012240779324066344,0.0034839104834239356,9.727367172075157,29.305070460691393,0,1.9696990038559379,5.305349543686575,-70.9015536572103,-4.071945579266478e-07,182.16787061502401,-6.115957802604313e-14,1.9696990038559379,0-2,10,229.05,229050,,,,,0,9.727367172075157,29.397863818611395,1.9696990038559379,5.305349543686575,0.00152079414968504,negative_hard,10.0,1,1,1,1,0,0,1,0,0,0,-1,0,0,0,1,1,0,0,0,0
sim_0005_n3_seed47,47,0.001,3,589.0,2,body_2,8.648712297334397,4.926411902220734,0.0013299988660981734,0.002169838998072635,5.084987621172577,8.371156688097148,0,2.724208977913105,3.8861413073391917,-70.90152324591362,2.1728469736500715e-08,182.16787061502365,-6.318782933813129e-14,2.724208977913105,0-2,10,229.55,229550,,,,,0,5.084987621172577,8.361813707158385,2.724208977913105,3.8861413073391917,0.00155278715517032,negative_baseline,20.0,0,0,0,0,0,0,0,0,0,0,-1,0,0,0,1,1,0,0,0,0
sim_0005_n3_seed47,47,0.001,3,589.35,2,body_2,8.648712297334397,4.926411902220734,0.001463156690607905,0.0017931609460473204,3.9584988606976497,4.62053629407827,0,3.0874385414443157,3.3310263786173757,-70.9015226124187,3.066332582639088e-08,182.16787061502367,-6.30318100064322e-14,3.0874385414443157,0-2,10,229.90000000000003,229900,,,,,0,3.9584988606976497,4.616357143285058,3.0874385414443157,3.3310263786173757,0.0015907060460798547,negative_hard,10.0,0,0,0,0,0,0,0,0,0,0,-1,0,0,0,1,1,0,0,0,0
sim_0005_n3_seed47,47,0.001,3,589.85,2,body_2,8.648712297334397,4.926411902220734,0.001605779046635819,0.0016142833643355123,3.4747055357418475,3.204215690523939,0,3.295123111588892,3.033482929130264,-70.9015226499697,3.013370387260277e-08,182.167870615024,-6.131559735774221e-14,3.295123111588892,0-2,10,230.40000000000003,230400,,,,,0,3.4747055357418475,3.200682260358449,3.295123111588892,3.033482929130264,0.0016329444036353078,negative_hard,10.0,0,0,0,0,0,0,0,0,0,0,-1,0,0,0,1,1,0,0,0,0
sim_0005_n3_seed47,47,0.001,3,590.0,2,body_2,8.648712297334397,4.926411902220734,0.0016332653893119543,0.0016203204369916095,3.4955035708037734,3.2633836913326446,0,3.2852503372155506,3.047404214241862,-70.90152264632135,3.0185160491371125e-08,182.16787061502438,-5.913132671395496e-14,3.2852503372155506,0-2,10,230.55,230550,,,,,0,3.4955035708037734,3.259047426999225,3.2852503372155506,3.047404214241862,0.001641148027634118,negative_baseline,20.0,0,0,0,0,0,0,0,0,0,0,-1,0,0,0,1,1,0,0,0,0
sim_0005_n3_seed47,47,0.001,3,591.0,2,body_2,8.648712297334397,4.926411902220734,0.0016512353158687674,0.0025858545313511916,6.637230688439464,14.527637310956655,0,2.384232817266544,4.467446796397287,-70.90152718007786,-3.3759254292724667e-08,182.16787061502447,-5.86632687188577e-14,2.384232817266544,0-2,10,231.55,231550,,,,,0,6.637230688439464,14.479475757748178,2.384232817266544,4.467446796397287,0.0016485907569818575,negative_baseline,20.0,1,0,0,1,0,0,0,0,0,0,-1,0,0,0,1,1,0,0,0,0
sim_0005_n3_seed47,47,0.001,3,591.45,2,body_2,8.648712297334397,4.926411902220734,0.001559025236033081,0.004238767997985257,12.862540903479891,46.19368514985308,0,1.712826852438757,5.933793918474976,-70.90161944683742,-1.3350960002880175e-06,182.1678706150243,-5.959938470905223e-14,1.712826852438757,0-2,10,232.00000000000006,232000,,,,,0,12.862540903479891,46.66471808622805,1.712826852438757,5.933793918474976,0.0016352878210469653,negative_hard,10.0,1,1,1,1,0,0,1,0,0,0,-1,0,0,0,1,1,0,0,0,0
sim_0005_n3_seed47,47,0.001,3,591.95,2,body_2,8.648712297334397,4.926411902220734,0.0012715846783471854,0.0038900444135240393,11.06410843554764,36.376650621980225,0,1.8468865490208617,5.592730113931338,-70.90157602164942,-7.226241510947913e-07,182.16787061502401,-6.115957802604313e-14,1.8468865490208617,0-2,10,232.50000000000006,232500,,,,,0,11.06410843554764,36.609393625472734,1.8468865490208617,5.592730113931338,0.0015814849001272908,negative_hard,10.0,1,1,1,1,0,0,1,0,0,0,-1,0,0,0,1,1,0,0,0,0
sim_0005_n3_seed47,47,0.001,3,592.0,2,body_2,8.648712297334397,4.926411902220734,0.0012568716113769693,0.003677181267708917,10.237749254493353,31.97151476192626,0,1.9199813965921273,5.419072539385001,-70.90156129196058,-5.148756028482192e-07,182.16787061502393,-6.16276360211404e-14,1.9199813965921273,0-2,10,232.55,232550,,,,,0,10.237749254493353,32.10865789828085,1.9199813965921273,5.419072539385001,0.0015790695879114983,negative_baseline,20.0,1,1,1,1,0,0,1,0,0,0,-1,0,0,0,1,1,0,0,0,0
sim_0005_n3_seed47,47,0.001,3,592.8000000000001,2,body_2,8.648712297334397,4.926411902220734,0.0014494063675535704,0.0018907357037092824,4.144039530724874,5.19383417173188,0,3.017581337971425,3.43384790666565,-70.90152263512041,3.034313930602755e-08,182.16787061502433,-5.944336537735313e-14,3.017581337971425,0-2,10,233.35000000000008,233350,,,,,0,4.144039530724874,5.188914763222833,3.017581337971425,3.43384790666565,0.0016375875566449663,negative_hard,10.0,0,0,0,0,0,0,0,0,0,0,-1,0,0,0,1,1,0,0,0,0
sim_0005_n3_seed47,47,0.001,3,593.0,2,body_2,8.648712297334397,4.926411902220734,0.0015203672482012893,0.0017507826851175898,3.756195086450588,4.014610587558203,0,3.1694363961370065,3.2122196066070448,-70.90152261424352,3.063758849761729e-08,182.16787061502453,-5.835123005545951e-14,3.1694363961370065,0-2,10,233.55,233550,,,,,0,3.756195086450588,4.011099637323373,3.1694363961370065,3.2122196066070448,0.0016581771206140667,negative_baseline,20.0,0,0,0,0,0,0,0,0,0,0,-1,0,0,0,1,1,0,0,0,0
sim_0005_n3_seed47,47,0.001,3,593.3000000000001,2,body_2,8.648712297334397,4.926411902220734,0.001606638813249918,0.0016508587954618269,3.493471954953987,3.256991667012492,0,3.286288769105803,3.045924436692699,-70.90152264691753,3.0176752015265605e-08,182.16787061502447,-5.86632687188577e-14,3.286288769105803,0-2,10,233.85000000000008,233850,,,,,0,3.493471954953987,3.2537046371733176,3.286288769105803,3.045924436692699,0.001683740672829514,negative_hard,10.0,0,0,0,0,0,0,0,0,0,0,-1,0,0,0,1,1,0,0,0,0
sim_0005_n3_seed47,47,0.001,3,594.0,2,body_2,8.648712297334397,4.926411902220734,0.001700028196216132,0.001851283643335974,4.079992184487599,4.9973352683392385,0,3.0407596133651666,3.3995982292943374,-70.90152262580675,3.047449989821082e-08,182.16787061502447,-5.86632687188577e-14,3.0407596133651666,0-2,10,234.55,234550,,,,,0,4.079992184487599,4.985459001589369,3.0407596133651666,3.3995982292943374,0.0017117438107074525,negative_baseline,20.0,0,0,0,0,0,0,0,0,0,0,-1,0,0,0,1,1,0,0,0,0
sim_0005_n3_seed47,47,0.001,3,594.8000000000001,2,body_2,8.648712297334397,4.926411902220734,0.0016501431373519698,0.0035069276672414934,9.82310761858792,29.808819434939533,0,1.9599146507106118,5.327457761004496,-70.90155504162998,-4.267205086019847e-07,182.16787061502578,-5.148637946069957e-14,1.9599146507106118,0-2,10,235.35000000000008,235350,,,,,0,9.82310761858792,29.82784934387031,1.9599146507106118,5.327457761004496,0.001706137334821217,negative_hard,10.0,1,1,1,1,0,0,1,0,0,0,-1,0,0,0,1,1,0,0,0,0
sim_0005_n3_seed47,47,0.001,3,595.0,2,body_2,8.648712297334397,4.926411902220734,0.0015925864954540706,0.004385357041067136,13.139373673860009,47.71364593036994,0,1.6946896129287168,5.982438272770721,-70.9016276491345,-1.4507817645397483e-06,182.1678706150259,-5.086230213390321e-14,1.6946896129287168,0-2,10,235.55,235550,,,,,0,13.139373673860009,48.25582209058918,1.6946896129287168,5.982438272770721,0.0016984270216760043,negative_baseline,20.0,1,1,1,1,0,0,1,0,0,0,-1,0,0,0,1,1,0,0,0,0
sim_0005_n3_seed47,47,0.001,3,595.3000000000001,2,body_2,8.648712297334397,4.926411902220734,0.0014062498748731308,0.004674865548544862,13.965120603682232,52.240275427955694,0,1.6438873268343603,6.122201537086278,-70.90165463831894,-1.8314390850908068e-06,182.1678706150263,-4.8678031490115956e-14,1.6438873268343603,0-2,10,235.85000000000008,235850,,,,,0,13.965120603682232,53.102145780377306,1.6438873268343603,6.122201537086278,0.0016644084306877062,negative_hard,10.0,1,1,1,1,0,0,1,0,0,0,-1,0,0,0,1,1,0,0,0,0
sim_0005_n3_seed47,47,0.001,3,595.8000000000001,2,body_2,8.648712297334397,4.926411902220734,0.0012819734715934826,0.00280017870576478,6.871667879065474,15.535280194338704,0,2.3435282606956815,4.542446266907901,-70.90152819932123,-4.813473315106631e-08,182.16787061502575,-5.1642398792398655e-14,2.3435282606956815,0-2,10,236.35000000000008,236350,,,,,0,6.871667879065474,15.52532517332617,2.3435282606956815,4.542446266907901,0.001646802026918301,negative_hard,10.0,1,0,1,1,0,0,0,0,0,0,-1,0,0,0,1,1,0,0,0,0
sim_0005_n3_seed47,47,0.001,3,596.0,2,body_2,8.648712297334397,4.926411902220734,0.0013392867086570932,0.002354695875755138,5.422765632119841,9.616944976180474,0,2.638055215643309,4.026688759230129,-70.9015237387879,1.4776936891986124e-08,182.16787061502595,-5.055026347050503e-14,2.638055215643309,0-2,10,236.55,236550,,,,,0,5.422765632119841,9.606183152645972,2.638055215643309,4.026688759230129,0.0016634065435671478,negative_baseline,20.0,0,0,0,0,0,0,0,0,0,0,-1,0,0,0,1,1,0,0,0,0
sim_0005_n3_seed47,47,0.001,3,596.7,2,body_2,8.648712297334397,4.926411902220734,0.001588991449712737,0.001709851376992278,3.5697863316227614,3.4736842082857424,0,3.251040407049281,3.0957475240138033,-70.90152263484445,3.034703147320654e-08,182.1678706150263,-4.8678031490115956e-14,3.251040407049281,0-2,10,237.25000000000006,237250,,,,,0,3.5697863316227614,3.4705237287888973,3.251040407049281,3.0957475240138033,0.0017350189462040828,negative_hard,10.0,0,0,0,0,0,0,0,0,0,0,-1,0,0,0,1,1,0,0,0,0
sim_0005_n3_seed47,47,0.001,3,597.0,2,body_2,8.648712297334397,4.926411902220734,0.0016622189228618302,0.0016722317399726714,3.4780288836527804,3.2137795844730603,0,3.2934812091921533,3.035793802462148,-70.90152265018595,3.013065391596429e-08,182.16787061502637,-4.820997349501869e-14,3.2934812091921533,0-2,10,237.55,237550,,,,,0,3.4780288836527804,3.2098510993449096,3.2934812091921533,3.035793802462148,0.001756911566126717,negative_baseline,20.0,0,0,0,0,0,0,0,0,0,0,-1,0,0,0,1,1,0,0,0,0
sim_0005_n3_seed47,47,0.001,3,598.0,2,body_2,8.648712297334397,4.926411902220734,0.0017223568905925478,0.0025267577484917383,6.120346042727312,12.364390511671893,0,2.4827937700599594,4.29109961892143,-70.90152536373652,-8.141450668093273e-09,182.16787061502671,-4.633774151462961e-14,2.4827937700599594,0-2,10,238.55,238550,,,,,0,6.120346042727312,12.322244478317149,2.4827937700599594,4.29109961892143,0.0017780354440071586,negative_baseline,20.0,0,0,0,0,0,0,0,0,0,0,-1,0,0,0,1,1,0,0,0,0
sim_0005_n3_seed47,47,0.001,3,598.15,2,body_2,8.648712297334397,4.926411902220734,0.0017119542974544176,0.0029111172025664835,7.449018669042184,18.131247612327098,0,2.2505688118046323,4.719000120540108,-70.90153133116023,-9.23064065219056e-08,182.16787061502635,-4.8365992826717774e-14,2.2505688118046323,0-2,10,238.7,238700,,,,,0,7.449018669042184,18.079259828623393,2.2505688118046323,4.719000120540108,0.0017773791546887437,negative_hard,10.0,1,1,1,1,0,0,0,0,0,0,-1,0,0,0,1,1,0,0,0,0
sim_0005_n3_seed47,47,0.001,3,598.65,2,body_2,8.648712297334397,4.926411902220734,0.0015752683256354638,0.0048449744372072445,14.533264494379313,55.342170389997975,0,1.6114017259347442,6.2144152763383085,-70.90167561964986,-2.127361224747857e-06,182.16787061502578,-5.148637946069957e-14,1.6114017259347442,0-2,10,239.2,239200,,,,,0,14.533264494379313,56.34381341126943,1.6114017259347442,6.2144152763383085,0.0017597355823920063,negative_hard,10.0,1,1,1,1,0,0,1,0,0,0,-1,0,0,0,1,1,0,0,0,0
sim_0005_n3_seed47,47,0.001,3,599.0,2,body_2,8.648712297334397,4.926411902220734,0.0013404964872342458,0.004086824104840035,11.318905720886288,37.74858173788349,0,1.8259995239222977,5.643867063624445,-70.9015812048969,-7.957290313721632e-07,182.16787061502646,-4.7741915499921416e-14,1.8259995239222977,0-2,10,239.55,239550,,,,,0,11.318905720886288,38.017462591554754,1.8259995239222977,5.643867063624445,0.0017168432607507444,negative_baseline,20.0,1,1,1,1,0,0,1,0,0,0,-1,0,0,0,1,1,0,0,0,0
sim_0005_n3_seed47,47,0.001,3,599.15,2,body_2,8.648712297334397,4.926411902220734,0.0012957430060117992,0.0034505442887400634,8.961290014565828,25.39421354749211,0,2.0522051996980295,5.1237939274851785,-70.90154414601514,-2.730480048291978e-07,182.1678706150269,-4.5245606192735984e-14,2.0522051996980295,0-2,10,239.7,239700,,,,,0,8.961290014565828,25.438432941296874,2.0522051996980295,5.1237939274851785,0.0017105839078882597,negative_hard,10.0,1,1,1,1,0,0,0,0,0,0,-1,0,0,0,1,1,0,0,0,0
sim_0005_n3_seed47,47,0.001,3,600.0,2,body_2,8.648712297334397,4.926411902220734,0.0015288216143974267,0.0018508448781917662,3.8604752276494554,4.3238436093808845,0,3.1263959160306936,3.274329280242777,-70.9015226116338,3.0674396224959154e-08,182.1678706150269,-4.5245606192735984e-14,3.1263959160306936,0-2,10,240.55,240550,,,,,0,3.8604752276494554,4.32001300501235,3.1263959160306936,3.274329280242777,0.0017812329581307516,negative_baseline,20.0,0,0,0,0,0,0,0,0,0,0,-1,0,0,0,1,1,0,0,0,0
sim_0005_n3_seed47,47,0.001,3,600.1,2,body_2,8.648712297334397,4.926411902220734,0.0015632227651641273,0.0017930246358136117,3.7084213580846423,3.874077521256345,0,3.1897811280172608,3.1830173804311324,-70.90152261883583,3.0572818257917655e-08,182.167870615027,-4.477754819763872e-14,3.1897811280172608,0-2,10,240.65000000000003,240650,,,,,0,3.7084213580846423,3.8706922492686813,3.1897811280172608,3.1830173804311324,0.0017912507617166204,negative_hard,10.0,0,0,0,0,0,0,0,0,0,0,-1,0,0,0,1,1,0,0,0,0
sim_0005_n3_seed47,47,0.001,3,600.6,2,body_2,8.648712297334397,4.926411902220734,0.001694060059644437,0.0017077157600437673,3.4967735172212175,3.2670071454996847,0,3.2845867636615753,3.0483314958288488,-70.90152264735966,3.017051620985478e-08,182.16787061502697,-4.49335675293378e-14,3.2845867636615753,0-2,10,241.15000000000003,241150,,,,,0,3.4967735172212175,3.26265271700159,3.2845867636615753,3.0483314958288488,0.0018303066465588762,negative_hard,10.0,0,0,0,0,0,0,0,0,0,0,-1,0,0,0,1,1,0,0,0,0
sim_0005_n3_seed47,47,0.001,3,601.0,2,body_2,8.648712297334397,4.926411902220734,0.0017460524171598484,0.0018682168769451727,3.940724077793339,4.569666081836672,0,3.093939559515153,3.321578304063399,-70.90152261436634,3.0635856173556936e-08,182.16787061502717,-4.384143220744418e-14,3.093939559515153,0-2,10,241.55,241550,,,,,0,3.940724077793339,4.559588686294029,3.093939559515153,3.321578304063399,0.0018465501029391097,negative_baseline,20.0,0,0,0,0,0,0,0,0,0,0,-1,0,0,0,1,1,0,0,0,0
sim_0005_n3_seed47,47,0.001,3,602.0,2,body_2,8.648712297334397,4.926411902220734,0.001702213525384296,0.004241032400635088,12.065671564333023,41.82042608327387,0,1.7684560957897095,5.788455194553874,-70.90159822734523,-1.0358148177348883e-06,182.16787061502757,-4.165716156365692e-14,1.7684560957897095,0-2,10,242.55,242550,,,,,0,12.065671564333023,42.118736700312006,1.7684560957897095,5.788455194553874,0.0018514200163529846,negative_hard,10.0,1,1,1,1,0,0,1,0,0,0,-1,0,0,0,1,1,0,0,0,0
sim_0005_n3_seed47,47,0.001,3,602.5,2,body_2,8.648712297334397,4.926411902220734,0.001392668912773121,0.004299202755090525,11.874649197083327,40.76686407101315,0,1.7827662072366446,5.751982551557635,-70.90159357723552,-9.702293492988246e-07,182.16787061502717,-4.384143220744418e-14,1.7827662072366446,0-2,10,243.05,243050,,,,,0,11.874649197083327,41.12630224601087,1.7827662072366446,5.751982551557635,0.0017990149077491736,negative_hard,10.0,1,1,1,1,0,0,1,0,0,0,-1,0,0,0,1,1,0,0,0,0
sim_0005_n3_seed47,47,0.001,3,603.0,2,body_2,8.648712297334397,4.926411902220734,0.0013515113719777796,0.0025623212374114883,5.8185755658491205,11.14340727090874,0,2.5468181072426646,4.180194217703491,-70.90152455054954,3.3277947203725267e-09,182.1678706150272,-4.3685412875745087e-14,2.5468181072426646,0-2,10,243.55,243550,,,,,0,5.8185755658491205,11.131470098135773,2.5468181072426646,4.180194217703491,0.0018030612059436793,negative_baseline,20.0,0,0,0,0,0,0,0,0,0,0,-1,0,0,0,1,1,0,0,0,0
sim_0005_n3_seed47,47,0.001,3,603.45,2,body_2,8.648712297334397,4.926411902220734,0.0015120639097877695,0.0019428160281678567,4.022341418770845,4.814749626414978,0,3.0629181191690913,3.3669196704531306,-70.90152261970496,3.0560559905547955e-08,182.1678706150275,-4.1969200227055104e-14,3.0629181191690913,0-2,10,244.00000000000006,244000,,,,,0,4.022341418770845,4.810330271546983,3.0629181191690913,3.3669196704531306,0.0018491695738016792,negative_hard,10.0,0,0,0,0,0,0,0,0,0,0,-1,0,0,0,1,1,0,0,0,0
sim_0005_n3_seed47,47,0.001,3,603.95,2,body_2,8.648712297334397,4.926411902220734,0.0016709513762926472,0.001731475148076606,3.4795808798309453,3.2176336028976307,0,3.2927783236087653,3.03676288298363,-70.90152265073598,3.0122896238912794e-08,182.16787061502743,-4.243725822215237e-14,3.2927783236087653,0-2,10,244.50000000000006,244500,,,,,0,3.4795808798309453,3.214203931573011,3.2927783236087653,3.03676288298363,0.0018959611002669233,negative_hard,10.0,0,0,0,0,0,0,0,0,0,0,-1,0,0,0,1,1,0,0,0,0
sim_0005_n3_seed47,47,0.001,3,604.0,2,body_2,8.648712297334397,4.926411902220734,0.0016831820727763495,0.0017288792800817575,3.4739577030538618,3.2019622617136774,0,3.2954079902639224,3.033063171392101,-70.9015226517949,3.010796113219553e-08,182.1678706150273,-4.306133554894873e-14,3.2954079902639224,0-2,10,244.55,244550,,,,,0,3.4739577030538618,3.198348232196417,3.2954079902639224,3.033063171392101,0.0018996706948574027,negative_baseline,20.0,0,0,0,0,0,0,0,0,0,0,-1,0,0,0,1,1,0,0,0,0
sim_0005_n3_seed47,47,0.001,3,605.0,2,body_2,8.648712297334397,4.926411902220734,0.0017901859093814503,0.002478617442225988,5.680525968305201,10.612194542192327,0,2.5770041459377118,4.128879825571251,-70.90152424636084,7.618093181331237e-09,182.16787061502657,-4.711783817312506e-14,2.5770041459377118,0-2,10,245.55,245550,,,,,0,5.680525968305201,10.576369770302414,2.5770041459377118,4.128879825571251,0.0019365213027099253,negative_baseline,20.0,0,0,0,0,0,0,0,0,0,0,-1,0,0,0,1,1,0,0,0,0
sim_0005_n3_seed47,47,0.001,3,605.2,2,body_2,8.648712297334397,4.926411902220734,0.001787468845595384,0.002966095028835195,7.293525966143089,17.423636645392527,0,2.274366701808028,4.673085309727341,-70.90153041484412,-7.938262083820583e-08,182.16787061502635,-4.8365992826717774e-14,2.274366701808028,0-2,10,245.75000000000006,245750,,,,,0,7.293525966143089,17.371737403176333,2.274366701808028,4.673085309727341,0.0019391807213357632,negative_hard,10.0,1,1,1,1,0,0,0,0,0,0,-1,0,0,0,1,1,0,0,0,0
sim_0005_n3_seed47,47,0.001,3,605.7,2,body_2,8.648712297334397,4.926411902220734,0.001677965135747854,0.004968675091404627,14.415215196114149,54.6945649232621,0,1.6179839808296606,6.1955436568845155,-70.90167115126346,-2.064338794398046e-06,182.1678706150263,-4.8678031490115956e-14,1.6179839808296606,0-2,10,246.25000000000006,246250,,,,,0,14.415215196114149,55.64959412941604,1.6179839808296606,6.1955436568845155,0.0019310968571146258,negative_hard,10.0,1,1,1,1,0,0,1,0,0,0,-1,0,0,0,1,1,0,0,0,0
sim_0005_n3_seed47,47,0.001,3,606.0,2,body_2,8.648712297334397,4.926411902220734,0.0014526310117758503,0.004512566024688522,12.425720308508952,43.77939260339243,0,1.7427937772669084,5.8548126079612235,-70.90160738494812,-1.1649742810455518e-06,182.1678706150263,-4.8678031490115956e-14,1.7427937772669084,0-2,10,246.55,246550,,,,,0,12.425720308508952,44.245702789396645,1.7427937772669084,5.8548126079612235,0.0018924963166659006,negative_baseline,20.0,1,1,1,1,0,0,1,0,0,0,-1,0,0,0,1,1,0,0,0,0
sim_0005_n3_seed47,47,0.001,3,606.2,2,body_2,8.648712297334397,4.926411902220734,0.0013550554322928421,0.0036221094190127708,9.172419270242742,26.454375856724806,0,2.0284918953703106,5.175112170962685,-70.90154656022654,-3.0709820899085e-07,182.16787061502677,-4.6025702851231433e-14,2.0284918953703106,0-2,10,246.75000000000006,246750,,,,,0,9.172419270242742,26.510097264994,2.0284918953703106,5.175112170962685,0.001878345352630532,negative_hard,10.0,1,1,1,1,0,0,0,0,0,0,-1,0,0,0,1,1,0,0,0,0
sim_0005_n3_seed47,47,0.001,3,607.0,2,body_2,8.648712297334397,4.926411902220734,0.0015301668927874942,0.00196030977484987,3.98529715461044,4.700678357178495,0,3.0771405401786365,3.3460564096056356,-70.90152261724795,3.059521380269746e-08,182.16787061502703,-4.4621528865939627e-14,3.0771405401786365,0-2,10,247.55,247550,,,,,0,3.98529715461044,4.696403197562502,3.0771405401786365,3.3460564096056356,0.0019381986085455114,negative_baseline,20.0,0,0,0,0,0,0,0,0,0,0,-1,0,0,0,1,1,0,0,0,0
sim_0005_n3_seed47,47,0.001,3,607.2,2,body_2,8.648712297334397,4.926411902220734,0.0016008255107403649,0.0018359336017431502,3.665737483346522,3.749219774660232,0,3.208301533369043,3.1565151911080567,-70.90152262411463,3.049836560346531e-08,182.16787061502689,-4.5401625524435076e-14,3.208301533369043,0-2,10,247.75000000000006,247750,,,,,0,3.665737483346522,3.7459307399160897,3.208301533369043,3.1565151911080567,0.001958858126154976,negative_hard,10.0,0,0,0,0,0,0,0,0,0,0,-1,0,0,0,1,1,0,0,0,0
sim_0005_n3_seed47,47,0.001,3,607.7,2,body_2,8.648712297334397,4.926411902220734,0.0017358826806454818,0.0017719355733173624,3.5125142266600644,3.311805085874155,0,3.2771316079998387,3.058843262320174,-70.90152264576587,3.019299513387896e-08,182.1678706150268,-4.586968351953234e-14,3.2771316079998387,0-2,10,248.25000000000006,248250,,,,,0,3.5125142266600644,3.3071849698207716,3.2771316079998387,3.058843262320174,0.0019998846680934646,negative_hard,10.0,0,0,0,0,0,0,0,0,0,0,-1,0,0,0,1,1,0,0,0,0
sim_0005_n3_seed47,47,0.001,3,608.0,2,body_2,8.648712297334397,4.926411902220734,0.0017847221033575507,0.0018896095961527697,3.8238012527818355,4.218167628591694,0,3.1407740654409255,3.2535749440015183,-70.90152261474701,3.063048723168435e-08,182.16787061502723,-4.3529393544045995e-14,3.1407740654409255,0-2,10,248.55,248550,,,,,0,3.8238012527818355,4.209555924354934,3.1407740654409255,3.2535749440015183,0.0020157790928714454,negative_baseline,20.0,0,0,0,0,0,0,0,0,0,0,-1,0,0,0,1,1,0,0,0,0
sim_0005_n3_seed47,47,0.001,3,608.9,2,body_2,8.648712297334397,4.926411902220734,0.0018220760041938546,0.0036208951123689434,9.370706644315142,27.477037147535707,0,2.0065830546631496,5.223126187809813,-70.90154901739234,-3.4175424513866246e-07,182.1678706150277,-4.087706490516147e-14,2.0065830546631496,0-2,10,249.45,249450,,,,,0,9.370706644315142,27.469279526136493,2.0065830546631496,5.223126187809813,0.002040773425998371,negative_hard,10.0,1,1,1,1,0,0,0,0,0,0,-1,0,0,0,1,1,0,0,0,0
sim_0005_n3_seed47,47,0.001,3,609.0,2,body_2,8.648712297334397,4.926411902220734,0.0018113365859627664,0.004069934591691891,10.956673903162697,35.80346159805316,0,1.8557416276238188,5.571257258279247,-70.90157402668137,-6.944869840734884e-07,182.1678706150273,-4.306133554894873e-14,1.8557416276238188,0-2,10,249.55,249550,,,,,0,10.956673903162697,35.93007590384977,1.8557416276238188,5.571257258279247,0.0020420556046390455,negative_baseline,20.0,1,1,1,1,0,0,1,0,0,0,-1,0,0,0,1,1,0,0,0,0
sim_0005_n3_seed47,47,0.001,3,609.4,2,body_2,8.648712297334397,4.926411902220734,0.0016049295430285435,0.0050608252712737774,14.28816603224633,53.99322818626556,0,1.625221754617685,6.174912845399728,-70.90166637816927,-1.997018744448672e-06,182.16787061502723,-4.3529393544045995e-14,1.625221754617685,0-2,10,249.95,249950,,,,,0,14.28816603224633,54.95603321712528,1.625221754617685,6.174912845399728,0.0020138799074208833,negative_hard,10.0,1,1,0,1,0,0,1,0,0,0,-1,0,0,0,1,1,0,0,0,0
sim_0005_n3_seed47,47,0.001,3,609.9,2,body_2,8.648712297334397,4.926411902220734,0.0013627612603055075,0.003073616326736695,7.157352798460349,16.79511959097965,0,2.2964066835378327,4.631005037540539,-70.90152964315773,-6.849870275600371e-08,182.1678706150275,-4.1969200227055104e-14,2.2964066835378327,0-2,10,250.45,250450,,,,,0,7.157352798460349,16.787780207806964,2.2964066835378327,4.631005037540539,0.0019820853844025326,negative_hard,10.0,1,1,1,1,0,0,0,0,0,0,-1,0,0,0,1,1,0,0,0,0
sim_0005_n3_seed47,47,0.001,3,610.0,2,body_2,8.648712297334397,4.926411902220734,0.0013717844494861799,0.0027960049917463456,6.282453494094014,13.018656202096302,0,2.4510893814539685,4.347035807340059,-70.90152587251437,-1.531728851185349e-08,182.16787061502757,-4.165716156365692e-14,2.4510893814539685,0-2,10,250.55,250550,,,,,0,6.282453494094014,13.006452232768853,2.4510893814539685,4.347035807340059,0.001987298014872282,negative_baseline,20.0,1,0,0,0,0,0,0,0,0,0,-1,0,0,0,1,1,0,0,0,0
sim_0005_n3_seed47,47,0.001,3,610.95,2,body_2,8.648712297334397,4.926411902220734,0.0016794778557382172,0.0017974005482217382,3.4991345560711453,3.2722370211813416,0,3.283602630073822,3.04966454564176,-70.90152264828248,3.0157500629635956e-08,182.16787061502782,-4.0252987578365115e-14,3.283602630073822,0-2,10,251.50000000000006,251500,,,,,0,3.4991345560711453,3.2689740926408684,3.283602630073822,3.04966454564176,0.0020807212551339606,negative_hard,10.0,0,0,0,0,0,0,0,0,0,0,-1,0,0,0,1,1,0,0,0,0
sim_0005_n3_seed47,47,0.001,3,611.0,2,body_2,8.648712297334397,4.926411902220734,0.0016936482540078845,0.0017907035899867444,3.4832535133540343,3.22759198902174,0,3.2910305985921835,3.0391967687774106,-70.90152265110845,3.0117642945655604e-08,182.16787061502785,-4.009696824666603e-14,3.2910305985921835,0-2,10,251.55,251550,,,,,0,3.4832535133540343,3.224206796943885,3.2910305985921835,3.0391967687774106,0.002085091552118723,negative_baseline,20.0,0,0,0,0,0,0,0,0,0,0,-1,0,0,0,1,1,0,0,0,0
sim_0005_n3_seed47,47,0.001,3,611.45,2,body_2,8.648712297334397,4.926411902220734,0.0017924871794742787,0.0018755028321188552,3.7034079291601336,3.862754784398561,0,3.191369058980191,3.18078603687001,-70.90152262217242,3.052575869170467e-08,182.1678706150279,-3.978492958326785e-14,3.191369058980191,0-2,10,252.00000000000006,252000,,,,,0,3.7034079291601336,3.855626264269879,3.191369058980191,3.18078603687001,0.0021168888660247167,negative_hard,10.0,0,0,0,0,0,0,0,0,0,0,-1,0,0,0,1,1,0,0,0,0
sim_0005_n3_seed47,47,0.001,3,612.0,2,body_2,8.648712297334397,4.926411902220734,0.0018539231287407673,0.002440939867432242,5.306322700150047,9.190193838221738,0,2.666138591304068,3.9804897829438564,-70.90152356555826,1.7220179648456173e-08,182.1678706150284,-3.7132600944383325e-14,2.666138591304068,0-2,10,252.55,252550,,,,,0,5.306322700150047,9.160162834278852,2.666138591304068,3.9804897829438564,0.0021408619122328235,negative_baseline,20.0,0,0,0,0,0,0,0,0,0,0,-1,0,0,0,1,1,0,0,0,0
sim_0005_n3_seed47,47,0.001,3,612.6,2,body_2,8.648712297334397,4.926411902220734,0.0018518792301693405,0.004462926882275732,12.107984289628167,42.047564784481494,0,1.7653304458740364,5.796476166884499,-70.90159934088003,-1.051520189327607e-06,182.1678706150283,-3.760065893948059e-14,1.7653304458740364,0-2,10,253.15000000000003,253150,,,,,0,12.107984289628167,42.354486345469056,1.7653304458740364,5.796476166884499,0.002159922138379012,negative_hard,10.0,1,1,1,1,0,0,1,0,0,0,-1,0,0,0,1,1,0,0,0,0
sim_0005_n3_seed47,47,0.001,3,613.0,2,body_2,8.648712297334397,4.926411902220734,0.0015988847409898477,0.004924583618298741,13.451482029390712,49.40519698424691,0,1.6750434388900726,6.035882644262953,-70.90163744330735,-1.5889194545762441e-06,182.16787061502873,-3.526036896399425e-14,1.6750434388900726,0-2,10,253.55,253550,,,,,0,13.451482029390712,50.11910412357246,1.6750434388900726,6.035882644262953,0.002125109927175016,negative_baseline,20.0,1,1,1,1,0,0,1,0,0,0,-1,0,0,0,1,1,0,0,0,0
sim_0005_n3_seed47,47,0.001,3,613.1,2,body_2,8.648712297334397,4.926411902220734,0.0015157358112976324,0.004488147991694706,11.826285991942596,40.4923695902658,0,1.7864710868245424,5.742608846987729,-70.90159247580078,-9.5469463778228e-07,182.16787061502902,-3.3700175647003353e-14,1.7864710868245424,0-2,10,253.65000000000003,253650,,,,,0,11.826285991942596,40.84340771744886,1.7864710868245424,5.742608846987729,0.002112576316621383,negative_hard,10.0,1,1,1,1,0,0,1,0,0,0,-1,0,0,0,1,1,0,0,0,0
sim_0005_n3_seed47,47,0.001,3,614.0,2,body_2,8.648712297334397,4.926411902220734,0.001523490522632298,0.0020800031636057726,4.13318150615174,5.1564749366529075,0,3.021757423723941,3.4276061549640917,-70.90152263796617,3.0303002622267954e-08,182.1678706150292,-3.2764059656808813e-14,3.021757423723941,0-2,10,254.55,254550,,,,,0,4.13318150615174,5.151611353365161,3.021757423723941,3.4276061549640917,0.002150459686509768,negative_baseline,20.0,0,0,0,0,0,0,0,0,0,0,-1,0,0,0,1,1,0,0,0,0
sim_0005_n3_seed47,47,0.001,3,614.2,2,body_2,8.648712297334397,4.926411902220734,0.001595571621554783,0.0019292792744770582,3.750421435685118,3.9952724818345815,0,3.172013499277937,3.2084466977083737,-70.901522618216,3.058156025100066e-08,182.16787061502885,-3.4636291637197893e-14,3.172013499277937,0-2,10,254.75000000000006,254750,,,,,0,3.750421435685118,3.9917811217133146,3.172013499277937,3.2084466977083737,0.0021722308904857856,negative_hard,10.0,0,0,0,0,0,0,0,0,0,0,-1,0,0,0,1,1,0,0,0,0
sim_0005_n3_seed47,47,0.001,3,614.7,2,body_2,8.648712297334397,4.926411902220734,0.0017482473922324617,0.0018208749205399076,3.4876392368289606,3.240855694570625,0,3.2887668728990738,3.0423880668958594,-70.90152265107805,3.0118071667299145e-08,182.16787061502865,-3.572842695909152e-14,3.2887668728990738,0-2,10,255.25000000000006,255250,,,,,0,3.4876392368289606,3.2366991808063736,3.2887668728990738,3.0423880668958594,0.0022200418981573222,negative_hard,10.0,0,0,0,0,0,0,0,0,0,0,-1,0,0,0,1,1,0,0,0,0
sim_0005_n3_seed47,47,0.001,3,615.0,2,body_2,8.648712297334397,4.926411902220734,0.00181289656028321,0.0019158662343414607,3.726922936295098,3.9320416884103926,0,3.1811797313871097,3.195386343253388,-70.90152262119926,3.053948419808591e-08,182.1678706150289,-3.432425297379971e-14,3.1811797313871097,0-2,10,255.55,255550,,,,,0,3.726922936295098,3.9246251831258623,3.1811797313871097,3.195386343253388,0.0022419607436453427,negative_baseline,20.0,0,0,0,0,0,0,0,0,0,0,-1,0,0,0,1,1,0,0,0,0
sim_0005_n3_seed47,47,0.001,3,615.7,2,body_2,8.648712297334397,4.926411902220734,0.0019044858294237587,0.0028413205847743323,6.410838073790872,13.57114244667438,0,2.425614485148354,4.392573147606544,-70.90152634219871,-2.1941748832832514e-08,182.1678706150295,-3.104784700811883e-14,2.425614485148354,0-2,10,256.25000000000006,256250,,,,,0,6.410838073790872,13.525463938275054,2.425614485148354,4.392573147606544,0.0022800206730435387,negative_hard,10.0,1,0,0,1,0,0,0,0,0,0,-1,0,0,0,1,1,0,0,0,0
sim_0005_n3_seed47,47,0.001,3,616.0,2,body_2,8.648712297334397,4.926411902220734,0.0019227536845143665,0.00389554392248253,9.902865164968436,30.22330460451149,0,1.9518697736170025,5.345754308722208,-70.90155628274647,-4.442253012967961e-07,182.16787061502927,-3.2296001661711546e-14,1.9518697736170025,0-2,10,256.55,256550,,,,,0,9.902865164968436,30.24852952743638,1.9518697736170025,5.345754308722208,0.0022957009361908227,negative_baseline,20.0,1,1,1,1,0,0,1,0,0,0,-1,0,0,0,1,1,0,0,0,0
sim_0005_n3_seed47,47,0.001,3,616.2,2,body_2,8.648712297334397,4.926411902220734,0.0018946787099412884,0.004851369209364953,13.21277955166096,48.10391285468142,0,1.6899404286608124,5.995286360298136,-70.90163004579571,-1.484584439776565e-06,182.1678706150295,-3.104784700811883e-14,1.6899404286608124,0-2,10,256.75000000000006,256750,,,,,0,13.21277955166096,48.66716727263723,1.6899404286608124,5.995286360298136,0.0023002369499039222,negative_hard,10.0,1,1,1,1,0,0,1,0,0,0,-1,0,0,0,1,1,0,0,0,0
sim_0005_n3_seed47,47,0.001,3,616.7,2,body_2,8.648712297334397,4.926411902220734,0.0015153258627870734,0.0042293325089998255,10.679276973484155,34.29368788117333,0,1.8800318912960048,5.513025836202501,-70.90156884017463,-6.2133613497473e-07,182.16787061503032,-2.652328638884523e-14,1.8800318912960048,0-2,10,257.25000000000006,257250,,,,,0,10.679276973484155,34.47826007589924,1.8800318912960048,5.513025836202501,0.002250239551151817,negative_hard,10.0,1,1,1,1,0,0,1,0,0,0,-1,0,0,0,1,1,0,0,0,0
sim_0005_n3_seed47,47,0.001,3,617.0,2,body_2,8.648712297334397,4.926411902220734,0.0014097077611908216,0.0030586026365856645,6.825296452613839,15.322221746243448,0,2.351755909012098,4.527202901222281,-70.90152800420356,-4.5382779944894015e-08,182.1678706150306,-2.4963093071854336e-14,2.351755909012098,0-2,10,257.55,257550,,,,,0,6.825296452613839,15.312032169889518,2.351755909012098,4.527202901222281,0.0022460052775078094,negative_baseline,20.0,1,0,1,1,0,0,0,0,0,0,-1,0,0,0,1,1,0,0,0,0
sim_0005_n3_seed47,47,0.001,3,617.85,2,body_2,8.648712297334397,4.926411902220734,0.0016397859224073809,0.0019016097216958691,3.6109602080144283,3.5891463848173233,0,3.2326216109662127,3.1217863689188174,-70.90152263231873,3.038265445364099e-08,182.16787061502953,-3.089182767641974e-14,3.2326216109662127,0-2,10,258.40000000000003,258400,,,,,0,3.6109602080144283,3.5859494886557184,3.2326216109662127,3.1217863689188174,0.0023287974226943787,negative_hard,10.0,0,0,0,0,0,0,0,0,0,0,-1,0,0,0,1,1,0,0,0,0
sim_0005_n3_seed47,47,0.001,3,618.0,2,body_2,8.648712297334397,4.926411902220734,0.0016888684374715395,0.0018580143186373095,3.506175711333453,3.291039544206907,0,3.280355735135154,3.0541780477414213,-70.90152264798844,3.0161647744889084e-08,182.1678706150295,-3.104784700811883e-14,3.280355735135154,0-2,10,258.55,258550,,,,,0,3.506175711333453,3.2878017763936014,3.280355735135154,3.0541780477414213,0.002344636546814848,negative_baseline,20.0,0,0,0,0,0,0,0,0,0,0,-1,0,0,0,1,1,0,0,0,0
sim_0005_n3_seed47,47,0.001,3,618.35,2,body_2,8.648712297334397,4.926411902220734,0.0017867064758522546,0.0018736999063075563,3.544216075995615,3.402372742726582,0,3.262217002564406,3.0798826965637964,-70.90152264245864,3.023964040947147e-08,182.16787061502976,-2.9643673022827024e-14,3.262217002564406,0-2,10,258.90000000000003,258900,,,,,0,3.544216075995615,3.397286475796199,3.262217002564406,3.0798826965637964,0.002377618251718478,negative_hard,10.0,0,0,0,0,0,0,0,0,0,0,-1,0,0,0,1,1,0,0,0,0
sim_0005_n3_seed47,47,0.001,3,619.0,2,body_2,8.648712297334397,4.926411902220734,0.0019119946872793228,0.002414015979514031,4.988079324685325,8.034054063104278,0,2.7495422511498746,3.8456650978210827,-70.90152315699717,2.2982553500688214e-08,182.16787061502984,-2.9175615027729757e-14,2.7495422511498746,0-2,10,259.55,259550,,,,,0,4.988079324685325,8.009006350131665,2.7495422511498746,3.8456650978210827,0.0024257571621834053,negative_baseline,20.0,0,0,0,0,0,0,0,0,0,0,-1,0,0,0,1,1,0,0,0,0
sim_0005_n3_seed47,47,0.001,3,619.25,2,body_2,8.648712297334397,4.926411902220734,0.0019502772778392577,0.0029354167858878545,6.5565579902378746,14.18971416722779,0,2.398380473623761,4.441757159375836,-70.90152690133681,-2.982787120941661e-08,182.16787061502953,-3.089182767641974e-14,2.398380473623761,0-2,10,259.8,259800,,,,,0,6.5565579902378746,14.142496747027472,2.398380473623761,4.441757159375836,0.0024432809647536463,negative_hard,10.0,1,0,0,1,0,0,0,0,0,0,-1,0,0,0,1,1,0,0,0,0
sim_0005_n3_seed47,47,0.001,3,619.75,2,body_2,8.648712297334397,4.926411902220734,0.001959736495874622,0.005002204413379183,13.474030758053651,49.53356553201975,0,1.673470783597581,6.040176245907925,-70.90163833702348,-1.601524488624221e-06,182.16787061502927,-3.2296001661711546e-14,1.673470783597581,0-2,10,260.3,260300,,,,,0,13.474030758053651,50.17148463775732,1.673470783597581,6.040176245907925,0.0024726597198504443,negative_hard,10.0,1,1,1,1,0,0,1,0,0,0,-1,0,0,0,1,1,0,0,0,0
sim_0005_n3_seed47,47,0.001,3,620.0,2,body_2,8.648712297334397,4.926411902220734,0.001788144865536907,0.00527997346517703,14.249650974837616,53.76268516261012,0,1.627472502662633,6.168530978308956,-70.90166504809719,-1.978259316003041e-06,182.16787061502944,-3.135988567151701e-14,1.627472502662633,0-2,10,260.55,260550,,,,,0,14.249650974837616,54.71340637434662,1.627472502662633,6.168530978308956,0.0024542795216026133,negative_baseline,20.0,1,1,0,1,0,0,1,0,0,0,-1,0,0,0,1,1,0,0,0,0
sim_0005_n3_seed47,47,0.001,3,620.25,2,body_2,8.648712297334397,4.926411902220734,0.0015556061502085864,0.004203660165776121,10.387651353809494,32.73729764726307,0,1.9063188578620738,5.450985259758159,-70.90156380513577,-5.503215992115027e-07,182.16787061502887,-3.44802723054988e-14,1.9063188578620738,0-2,10,260.8,260800,,,,,0,10.387651353809494,32.889792441218574,1.9063188578620738,5.450985259758159,0.0024260364919733877,negative_hard,10.0,1,1,1,1,0,0,1,0,0,0,-1,0,0,0,1,1,0,0,0,0
sim_0005_n3_seed47,47,0.001,3,621.0,2,body_2,8.648712297334397,4.926411902220734,0.001507801993393671,0.002209884120074777,4.307170635264511,5.7048235928037885,0,2.960452347487515,3.5190883961538457,-70.90152268445593,2.9647307843664412e-08,182.16787061502927,-3.2296001661711546e-14,2.960452347487515,0-2,10,261.55,261550,,,,,0,4.307170635264511,5.699209048599418,2.960452347487515,3.5190883961538457,0.0024638591092804142,negative_baseline,20.0,0,0,0,0,0,0,0,0,0,0,-1,0,0,0,1,1,0,0,0,0
sim_0005_n3_seed47,47,0.001,3,621.5,2,body_2,8.648712297334397,4.926411902220734,0.0016778214433857655,0.0018936526821041874,3.5229481495319703,3.33714637378695,0,3.2726696287866592,3.064958609005086,-70.9015226451952,3.020104383656225e-08,182.16787061502978,-2.948765369112793e-14,3.2726696287866592,0-2,10,262.05,262050,,,,,0,3.5229481495319703,3.3339521569090422,3.2726696287866592,3.064958609005086,0.0025224786938529576,negative_hard,10.0,0,0,0,0,0,0,0,0,0,0,-1,0,0,0,1,1,0,0,0,0
sim_0005_n3_seed47,47,0.001,3,622.0,2,body_2,8.648712297334397,4.926411902220734,0.0018236862373195773,0.0019478804021202402,3.648446917620398,3.703317593216393,0,3.215004489312128,3.146948282467412,-70.90152262924836,3.042595914782497e-08,182.1678706150297,-2.9955711686225206e-14,3.215004489312128,0-2,10,262.55,262550,,,,,0,3.648446917620398,3.6968732027813815,3.215004489312128,3.146948282467412,0.0025753171977007426,negative_hard,10.0,0,0,0,0,0,0,0,0,0,0,-1,0,0,0,1,1,0,0,0,0
sim_0005_n3_seed47,47,0.001,3,622.85,2,body_2,8.648712297334397,4.926411902220734,0.0020135529857577654,0.003183951614950043,7.176485593648668,16.905732955015413,0,2.292314818469416,4.638887346630515,-70.90152981975956,-7.098950715803086e-08,182.16787061502936,-3.182794366661428e-14,2.292314818469416,0-2,10,263.40000000000003,263400,,,,,0,7.176485593648668,16.854330139956915,2.292314818469416,4.638887346630515,0.0026550910625761106,negative_hard,10.0,1,1,1,1,0,0,0,0,0,0,-1,0,0,0,1,1,0,0,0,0
sim_0005_n3_seed47,47,0.001,3,623.0,2,body_2,8.648712297334397,4.926411902220734,0.0020432376000666976,0.003734709601098285,8.952653722681728,25.368699339736096,0,2.0525563123299313,5.123103704019139,-70.90154419953686,-2.7380287881812015e-07,182.16787061502913,-3.3076098320206995e-14,2.0525563123299313,0-2,10,263.55,263550,,,,,0,8.952653722681728,25.343087898501828,2.0525563123299313,5.123103704019139,0.0026704639851245307,negative_baseline,20.0,1,1,1,1,0,0,0,0,0,0,-1,0,0,0,1,1,0,0,0,0
sim_0005_n3_seed47,47,0.001,3,623.35,2,body_2,8.648712297334397,4.926411902220734,0.0020173062027316418,0.0053233994076543325,14.295615992375266,54.017529831338265,0,1.6247126944874504,6.17635439551021,-70.90166690856154,-2.00449943364605e-06,182.1678706150292,-3.2764059656808813e-14,1.6247126944874504,0-2,10,263.90000000000003,263900,,,,,0,14.295615992375266,54.92909901632818,1.6247126944874504,6.17635439551021,0.0026919612754248055,negative_hard,10.0,1,1,1,1,0,0,1,0,0,0,-1,0,0,0,1,1,0,0,0,0
sim_0005_n3_seed47,47,0.001,3,623.85,2,body_2,8.648712297334397,4.926411902220734,0.0015666931588765249,0.003942869809053852,9.338939877299698,27.27473629631932,0,2.0106827553468833,5.214189822975034,-70.90154861336612,-3.360558313845297e-07,182.16787061502953,-3.089182767641974e-14,2.0106827553468833,0-2,10,264.40000000000003,264400,,,,,0,9.338939877299698,27.34070359342459,2.0106827553468833,5.214189822975034,0.002649440978378393,negative_hard,10.0,1,1,1,1,0,0,0,0,0,0,-1,0,0,0,1,1,0,0,0,0
sim_0005_n3_seed47,47,0.001,3,624.0,2,body_2,8.648712297334397,4.926411902220734,0.001486891347841358,0.0033498454084846243,7.4568733760843005,18.133917229749763,0,2.2502708643443503,4.719669878045716,-70.90153139583775,-9.321862275702252e-08,182.1678706150296,-3.042376968132247e-14,2.2502708643443503,0-2,10,264.55,264550,,,,,0,7.4568733760843005,18.13066719652071,2.2502708643443503,4.719669878045716,0.0026487077672314725,negative_baseline,20.0,1,1,1,1,0,0,0,0,0,0,-1,0,0,0,1,1,0,0,0,0
sim_0005_n3_seed47,47,0.001,3,625.0,2,body_2,8.648712297334397,4.926411902220734,0.0016577745336896228,0.0019302554629136272,3.5434857976061642,3.3927870206606796,0,3.2634478756906393,3.0778644918334885,-70.90152264074425,3.0263820390339365e-08,182.1678706150293,-3.2139982330012455e-14,3.2634478756906393,0-2,10,265.55,265550,,,,,0,3.5434857976061642,3.389615941161951,3.2634478756906393,3.0778644918334885,0.0027554107604405974,negative_baseline,20.0,0,0,0,0,0,0,0,0,0,0,-1,0,0,0,1,1,0,0,0,0
sim_0005_n3_seed47,47,0.001,3,625.2,2,body_2,8.648712297334397,4.926411902220734,0.0017243569310294328,0.0019038463518603064,3.476532490025245,3.2058670752630154,0,3.2942184465956497,3.034446875850122,-70.90152265162614,3.0110341449277646e-08,182.16787061502936,-3.182794366661428e-14,3.2942184465956497,0-2,10,265.75000000000006,265750,,,,,0,3.476532490025245,3.2022176616357267,3.2942184465956497,3.034446875850122,0.0027814131253660647,negative_hard,10.0,0,0,0,0,0,0,0,0,0,0,-1,0,0,0,1,1,0,0,0,0
sim_0005_n3_seed47,47,0.001,3,625.7,2,body_2,8.648712297334397,4.926411902220734,0.0018753004008528365,0.0020822879067216027,3.892475764329909,4.427877935178831,0,3.112074392070853,3.295141196011601,-70.90152261827393,3.0580743294750514e-08,182.16787061502885,-3.4636291637197893e-14,3.112074392070853,0-2,10,266.25000000000006,266250,,,,,0,3.892475764329909,4.418409781501931,3.112074392070853,3.295141196011601,0.002843383780910918,negative_hard,10.0,0,0,0,0,0,0,0,0,0,0,-1,0,0,0,1,1,0,0,0,0
sim_0005_n3_seed47,47,0.001,3,626.0,2,body_2,8.648712297334397,4.926411902220734,0.0019602289347981756,0.0024010834628782358,4.7183596571648945,7.096480109686625,0,2.826299599278445,3.72471679075166,-70.90152291691923,2.6368629310722423e-08,182.16787061502905,-3.354415631530426e-14,2.826299599278445,0-2,10,266.55,266550,,,,,0,4.7183596571648945,7.075558723644894,2.826299599278445,3.72471679075166,0.0028799713213836014,negative_baseline,20.0,0,0,0,0,0,0,0,0,0,0,-1,0,0,0,1,1,0,0,0,0
sim_0005_n3_seed47,47,0.001,3,626.4,2,body_2,8.648712297334397,4.926411902220734,0.0020814128400481386,0.0032983664684344376,7.359720912083747,17.742250660330335,0,2.2632715210420065,4.694617427080895,-70.9015308990651,-8.621210691290909e-08,182.16787061502885,-3.4636291637197893e-14,2.2632715210420065,0-2,10,266.95,266950,,,,,0,7.359720912083747,17.690659463143845,2.2632715210420065,4.694617427080895,0.002933132905700708,negative_hard,10.0,1,1,1,1,0,0,0,0,0,0,-1,0,0,0,1,1,0,0,0,0
sim_0005_n3_seed47,47,0.001,3,626.9,2,body_2,8.648712297334397,4.926411902220734,0.0021178562331697864,0.005445962741975208,14.444647810447899,54.81647935253357,0,1.6163070015418544,6.200344391788203,-70.90167262209974,-2.0850835708417607e-06,182.1678706150292,-3.2764059656808813e-14,1.6163070015418544,0-2,10,267.45,267450,,,,,0,14.444647810447899,55.7863434594039,1.6163070015418544,6.200344391788203,0.002988608728808922,negative_hard,10.0,1,1,1,1,0,0,1,0,0,0,-1,0,0,0,1,1,0,0,0,0
sim_0005_n3_seed47,47,0.001,3,627.0,2,body_2,8.648712297334397,4.926411902220734,0.002046512022000111,0.005531452752541046,14.670836756274419,56.03047518303516,0,1.6039446941257893,6.235930985571684,-70.90168130415373,-2.2075358596167194e-06,182.16787061502905,-3.354415631530426e-14,1.6039446941257893,0-2,10,267.55,267550,,,,,0,14.670836756274419,57.11464835145686,1.6039446941257893,6.235930985571684,0.002985985165839442,negative_baseline,20.0,1,1,0,1,0,0,1,0,0,0,-1,0,0,0,1,1,0,0,0,0
sim_0005_n3_seed47,47,0.001,3,627.4,2,body_2,8.648712297334397,4.926411902220734,0.001627280707165418,0.003907698783189767,9.078381517854263,25.939501117562276,0,2.039606045969206,5.151153782288623,-70.90154551316432,-2.9233037125976774e-07,182.16787061502913,-3.3076098320206995e-14,2.039606045969206,0-2,10,267.95,267950,,,,,0,9.078381517854263,25.990191654729678,2.039606045969206,5.151153782288623,0.00295823692286604,negative_hard,10.0,1,1,1,1,0,0,0,0,0,0,-1,0,0,0,1,1,0,0,0,0
sim_0005_n3_seed47,47,0.001,3,628.0,2,body_2,8.648712297334397,4.926411902220734,0.00148450369206452,0.002344689375547514,4.510795071413911,6.358275324362163,0,2.89389375713837,3.6200228357487982,-70.90152277061323,2.8432139337478805e-08,182.16787061502959,-3.0579789013021564e-14,2.89389375713837,0-2,10,268.55,268550,,,,,0,4.510795071413911,6.351740212616748,2.89389375713837,3.6200228357487982,0.003005482066335843,negative_baseline,20.0,0,0,0,0,0,0,0,0,0,0,-1,0,0,0,1,1,0,0,0,0
sim_0005_n3_seed47,47,0.001,3,628.85,2,body_2,8.648712297334397,4.926411902220734,0.001744103183043814,0.0019452585928973547,3.4978362907214744,3.2647418161421378,0,3.2840326776909885,3.048534082501289,-70.90152264093217,3.026116989243654e-08,182.16787061503013,-2.761542171073886e-14,3.2840326776909885,0-2,10,269.40000000000003,269400,,,,,0,3.4978362907214744,3.2604228986565245,3.2840326776909885,3.048534082501289,0.0031391306830460294,negative_hard,10.0,0,0,0,0,0,0,0,0,0,0,-1,0,0,0,1,1,0,0,0,0
sim_0005_n3_seed47,47,0.001,3,629.0,2,body_2,8.648712297334397,4.926411902220734,0.0017961849920207324,0.0019882493722279512,3.588027188963324,3.526021641469338,0,3.2418751383277797,3.1083298285436456,-70.90152262736214,3.0452562538413304e-08,182.16787061503032,-2.652328638884523e-14,3.2418751383277797,0-2,10,269.55,269550,,,,,0,3.588027188963324,3.5203526665392566,3.2418751383277797,3.1083298285436456,0.0031638658707734994,negative_baseline,20.0,0,0,0,0,0,0,0,0,0,0,-1,0,0,0,1,1,0,0,0,0
sim_0005_n3_seed47,47,0.001,3,629.35,2,body_2,8.648712297334397,4.926411902220734,0.0019201461402521423,0.0022266257602223936,4.147671309554029,5.219332590857895,0,3.0140052346499147,3.4392415075352494,-70.90152264286246,3.023394496570206e-08,182.1678706150304,-2.6055228393747964e-14,3.0140052346499147,0-2,10,269.90000000000003,269900,,,,,0,4.147671309554029,5.206542808771193,3.0140052346499147,3.4392415075352494,0.003222772234554529,negative_hard,10.0,0,0,0,0,0,0,0,0,0,0,-1,0,0,0,1,1,0,0,0,0
sim_0005_n3_seed47,47,0.001,3,629.9,2,body_2,8.648712297334397,4.926411902220734,0.0021467411840760168,0.0032606371579387023,7.046509340908901,16.35290577121648,0,2.3121923817644983,4.601580045745376,-70.90152920957647,-6.23834426872988e-08,182.1678706150306,-2.4963093071854336e-14,2.3121923817644983,0-2,10,270.45,270450,,,,,0,7.046509340908901,16.302221170719072,2.3121923817644983,4.601580045745376,0.003326158609919714,negative_hard,10.0,1,1,1,1,0,0,0,0,0,0,-1,0,0,0,1,1,0,0,0,0
sim_0005_n3_seed47,47,0.001,3,630.0,2,body_2,8.648712297334397,4.926411902220734,0.0021929940780737824,0.003609622981930354,8.129477266521775,21.36142586510829,0,2.1529093497367313,4.913507605120995,-70.90153643030294,-1.6422506732622082e-07,182.16787061503067,-2.4651054408456157e-14,2.1529093497367313,0-2,10,270.55,270550,,,,,0,8.129477266521775,21.31544433646679,2.1529093497367313,4.913507605120995,0.0033472784615650106,negative_baseline,20.0,1,1,1,1,0,0,0,0,0,0,-1,0,0,0,1,1,0,0,0,0
sim_0005_n3_seed47,47,0.001,3,630.4,2,body_2,8.648712297334397,4.926411902220734,0.0022821962162757393,0.005431482846129729,14.14699259313082,53.190217092682616,0,1.633068785585272,6.152645661902639,-70.9016617801939,-1.9321685825364095e-06,182.16787061503052,-2.5431151066951606e-14,1.633068785585272,0-2,10,270.95,270950,,,,,0,14.14699259313082,54.050435273245114,1.633068785585272,6.152645661902639,0.0034214761027086178,negative_hard,10.0,1,1,1,1,0,0,1,0,0,0,-1,0,0,0,1,1,0,0,0,0
sim_0005_n3_seed47,47,0.001,3,630.9,2,body_2,8.648712297334397,4.926411902220734,0.0017728654575573444,0.004082061979024309,9.530785850805199,28.212481135324598,0,1.991063233466735,5.25788823626454,-70.90155106651137,-3.7065516142850326e-07,182.16787061503032,-2.652328638884523e-14,1.991063233466735,0-2,10,271.45,271450,,,,,0,9.530785850805199,28.29126475052631,1.991063233466735,5.25788823626454,0.0034207718988154058,negative_hard,10.0,1,1,1,1,0,0,1,0,0,0,-1,0,0,0,1,1,0,0,0,0
sim_0005_n3_seed47,47,0.001,3,631.0,2,body_2,8.648712297334397,4.926411902220734,0.0016751268887445893,0.0036492431447045746,8.176660849383598,21.473085778371324,0,2.14987258158199,4.919774322837562,-70.90153661364485,-1.6681093428880679e-07,182.1678706150304,-2.6055228393747964e-14,2.14987258158199,0-2,10,271.55,271550,,,,,0,8.176660849383598,21.486180678728243,2.14987258158199,4.919774322837562,0.003424409819778846,negative_baseline,20.0,1,1,1,1,0,0,0,0,0,0,-1,0,0,0,1,1,0,0,0,0
sim_0005_n3_seed47,47,0.001,3,632.0,2,body_2,8.648712297334397,4.926411902220734,0.0015635509112585989,0.001998818514662274,3.5980448164621808,3.5270373154403427,0,3.2410885316353895,3.1085787294463785,-70.90152260665408,3.0744630410766546e-08,182.16787061502993,-2.8707557032632484e-14,3.2410885316353895,0-2,10,272.55,272550,,,,,0,3.5980448164621808,3.5238491536412853,3.2410885316353895,3.1085787294463785,0.0035944264014482284,negative_baseline,20.0,0,0,0,0,0,0,0,0,0,0,-1,0,0,0,1,1,0,0,0,0
sim_0005_n3_seed47,47,0.001,3,632.45,2,body_2,8.648712297334397,4.926411902220734,0.0017234167168094772,0.0019967641037834695,3.5331160227811185,3.3556438224330107,0,3.268115769532301,3.0700093452905395,-70.90152260115421,3.08222009679243e-08,182.16787061502978,-2.948765369112793e-14,3.268115769532301,0-2,10,273.00000000000006,273000,,,,,0,3.5331160227811185,3.350758613766496,3.268115769532301,3.0700093452905395,0.003703130064254354,negative_hard,10.0,0,0,0,0,0,0,0,0,0,0,-1,0,0,0,1,1,0,0,0,0
sim_0005_n3_seed47,47,0.001,3,632.95,2,body_2,8.648712297334397,4.926411902220734,0.0019521466827129026,0.002361597240154576,4.337555081921504,5.834877755715948,0,2.94577454222882,3.5413812708118795,-70.90152265995981,2.9992802770726924e-08,182.1678706150293,-3.2139982330012455e-14,2.94577454222882,0-2,10,273.50000000000006,273500,,,,,0,4.337555081921504,5.819404741001914,2.94577454222882,3.5413812708118795,0.00383796087831638,negative_hard,10.0,0,0,0,0,0,0,0,0,0,0,-1,0,0,0,1,1,0,0,0,0
sim_0005_n3_seed47,47,0.001,3,633.0,2,body_2,8.648712297334397,4.926411902220734,0.001978887971562285,0.0024260834477852675,4.494984026520044,6.356885928042541,0,2.8933899084728925,3.6212057653985097,-70.90152273438703,2.894307612286167e-08,182.16787061502933,-3.198396299831337e-14,2.8933899084728925,0-2,10,273.55,273550,,,,,0,4.494984026520044,6.339151636223104,2.8933899084728925,3.6212057653985097,0.003852565770559121,negative_baseline,20.0,0,0,0,0,0,0,0,0,0,0,-1,0,0,0,1,1,0,0,0,0
sim_0005_n3_seed47,47,0.001,3,633.45,2,body_2,8.648712297334397,4.926411902220734,0.002264858279677706,0.00341628254723854,7.240926854857427,17.285082342953697,0,2.278776242855178,4.665999116026569,-70.90153037734424,-7.885372003470919e-08,182.16787061502964,-3.026775034962338e-14,2.278776242855178,0-2,10,274.00000000000006,274000,,,,,0,7.240926854857427,17.234017425931324,2.278776242855178,4.665999116026569,0.0039978805564274515,negative_hard,10.0,1,1,1,1,0,0,0,0,0,0,-1,0,0,0,1,1,0,0,0,0
sim_0005_n3_seed47,47,0.001,3,633.95,2,body_2,8.648712297334397,4.926411902220734,0.002521472111146178,0.0055645646829646945,14.322485065627843,54.13582554075377,0,1.6227327097727513,6.181862431338231,-70.90166866726616,-2.029304325114319e-06,182.1678706150294,-3.167192433491519e-14,1.6227327097727513,0-2,10,274.50000000000006,274500,,,,,0,14.322485065627843,55.06519835374751,1.6227327097727513,6.181862431338231,0.004171595299356174,negative_hard,10.0,1,1,1,1,0,0,1,0,0,0,-1,0,0,0,1,1,0,0,0,0
sim_0005_n3_seed47,47,0.001,3,634.0,2,body_2,8.648712297334397,4.926411902220734,0.0025055717123504627,0.005650074899122263,14.629268784908302,55.770226937918,0,1.6059238312375115,6.22999243889094,-70.90168023441237,-2.1924481536495045e-06,182.1678706150294,-3.167192433491519e-14,1.6059238312375115,0-2,10,274.55,274550,,,,,0,14.629268784908302,56.82345754326299,1.6059238312375115,6.22999243889094,0.0041836017109290104,negative_baseline,20.0,1,1,0,1,0,0,1,0,0,0,-1,0,0,0,1,1,0,0,0,0
sim_0005_n3_seed47,47,0.001,3,634.45,2,body_2,8.648712297334397,4.926411902220734,0.001977441000500945,0.003974656124071682,9.233070056350293,26.622624391522972,0,2.0244380636408916,5.1851749628823836,-70.90154722448042,-3.164668916986872e-07,182.16787061502907,-3.338813698360518e-14,2.0244380636408916,0-2,10,275.00000000000006,275000,,,,,0,9.233070056350293,26.68211985810482,2.0244380636408916,5.1851749628823836,0.004248569761242654,negative_hard,10.0,1,1,1,1,0,0,0,0,0,0,-1,0,0,0,1,1,0,0,0,0
sim_0005_n3_seed47,47,0.001,3,634.95,2,body_2,8.648712297334397,4.926411902220734,0.0015328305619338413,0.0024928958924109704,4.955608857176615,7.8145819942610055,0,2.7668369585118167,3.8198950832510334,-70.9015230326751,2.473600057019181e-08,182.16787061502913,-3.3076098320206995e-14,2.7668369585118167,0-2,10,275.50000000000006,275500,,,,,0,4.955608857176615,7.806078648207965,2.7668369585118167,3.8198950832510334,0.004379258207719215,negative_hard,10.0,0,0,0,0,0,0,0,0,0,0,-1,0,0,0,1,1,0,0,0,0
sim_0005_n3_seed47,47,0.001,3,635.0,2,body_2,8.648712297334397,4.926411902220734,0.0015103668512041213,0.002414489280291207,4.747788418929875,7.090367451773717,0,2.827004083222589,3.725028189065468,-70.9015228393691,2.746240184615072e-08,182.16787061502916,-3.2920078988507904e-14,2.827004083222589,0-2,10,275.55,275550,,,,,0,4.747788418929875,7.0828378841464525,2.827004083222589,3.725028189065468,0.0043965644495410315,negative_baseline,20.0,0,0,0,0,0,0,0,0,0,0,-1,0,0,0,1,1,0,0,0,0
sim_0005_n3_seed47,47,0.001,3,635.45,2,body_2,8.648712297334397,4.926411902220734,0.0014418846411017997,0.002019797994653064,3.690928496632111,3.738358986351589,0,3.2076153646542185,3.154530565827024,-70.90152248134139,3.251204931619786e-08,182.1678706150296,-3.042376968132247e-14,3.2076153646542185,0-2,10,276.00000000000006,276000,,,,,0,3.690928496632111,3.735059353959776,3.2076153646542185,3.154530565827024,0.004577784841260774,negative_hard,10.0,0,0,0,0,0,0,0,0,0,0,-1,0,0,0,1,1,0,0,0,0
sim_0005_n3_seed47,47,0.001,3,635.95,2,body_2,8.648712297334397,4.926411902220734,0.001574787191955593,0.0020309339743958058,3.529167053347627,3.274197932894877,0,3.277545799942574,3.049601078999227,-70.9015223806764,3.39318352984135e-08,182.1678706150297,-2.9955711686225206e-14,3.277545799942574,0-2,10,276.50000000000006,276500,,,,,0,3.529167053347627,3.269499441673062,3.277545799942574,3.049601078999227,0.004828158121783234,negative_hard,10.0,0,0,0,0,0,0,0,0,0,0,-1,0,0,0,1,1,0,0,0,0
sim_0005_n3_seed47,47,0.001,3,636.0,2,body_2,8.648712297334397,4.926411902220734,0.0015979702111044588,0.0020534447534508423,3.5574818524445364,3.3564764024764893,0,3.2638437950259656,3.0687616142429417,-70.90152235825649,3.424804727450785e-08,182.16787061502964,-3.026775034962338e-14,3.2638437950259656,0-2,10,276.55,276550,,,,,0,3.5574818524445364,3.3513246941331105,3.2638437950259656,3.0687616142429417,0.00485615598267374,negative_baseline,20.0,0,0,0,0,0,0,0,0,0,0,-1,0,0,0,1,1,0,0,0,0
sim_0005_n3_seed47,47,0.001,3,636.45,2,body_2,8.648712297334397,4.926411902220734,0.0018897844170762208,0.0024550042122266566,4.269933057979107,5.562427594304629,0,2.9700386451586445,3.499840154498189,-70.90152216856607,3.692345392486734e-08,182.1678706150293,-3.2139982330012455e-14,2.9700386451586445,0-2,10,277.00000000000006,277000,,,,,0,4.269933057979107,5.547599475609381,2.9700386451586445,3.499840154498189,0.005136520166458131,negative_hard,8.0,0,0,0,0,0,0,0,0,0,0,-1,0,0,0,0,0,0,0,1,0
sim_0005_n3_seed47,47,0.001,3,636.85,2,body_2,8.648712297334397,4.926411902220734,0.0022945847357485664,0.0032709216222126195,6.154826987399472,12.721594485714814,0,2.462114492007194,4.333672438074017,-70.90152516705788,-5.367481533220108e-09,182.1678706150296,-3.042376968132247e-14,2.462114492007194,0-2,10,277.40000000000003,277400,,,,,0,6.154826987399472,12.677470666149604,2.462114492007194,4.333672438074017,0.005437965934725792,negative_hard,8.0,0,0,0,0,0,0,0,0,0,0,-1,0,0,0,0,0,0,0,1,0
sim_0005_n3_seed47,47,0.001,3,637.0,2,body_2,8.648712297334397,4.926411902220734,0.0024857058196527185,0.0037746168965599393,7.502861281300914,18.832793549197074,0,2.2266165152569806,4.775321322925992,-70.90153223806371,-1.0509743581280236e-07,182.16787061502964,-3.026775034962338e-14,2.2266165152569806,0-2,10,277.55,277550,,,,,0,7.502861281300914,18.781681989774373,2.2266165152569806,4.775321322925992,0.00556691001034694,negative_baseline,20.0,1,1,1,1,1,0,0,0,0,0,-1,0,0,0,1,1,0,0,0,0
sim_0005_n3_seed47,47,0.001,3,637.25,2,body_2,8.648712297334397,4.926411902220734,0.0028297516016784225,0.004912050585694113,11.006753294657836,36.883739090882415,0,1.8390401255475892,5.6201171805829535,-70.90157933027288,-7.692892048052748e-07,182.16787061502964,-3.026775034962338e-14,1.8390401255475892,0-2,10,277.8,277800,,,,,0,11.006753294657836,37.04922178815868,1.8390401255475892,5.6201171805829535,0.0058028073001976386,negative_hard,8.0,1,1,1,1,0,0,1,0,0,0,-1,0,0,0,1,1,0,0,0,0
sim_0005_n3_seed47,47,0.001,3,637.65,2,body_2,8.648712297334397,4.926411902220734,0.0030635711289294294,0.005489471406247457,14.011220431277566,52.0882643908191,0,1.6418391646341794,6.1228322360266105,-70.90165604524867,-1.8512825190752838e-06,182.16787061502978,-2.948765369112793e-14,1.6418391646341794,0-2,10,278.2,278200,,,,,0,14.011220431277566,52.95927370330261,1.6418391646341794,6.1228322360266105,0.006195883723026515,negative_hard,8.0,1,1,0,1,0,0,1,0,0,0,-1,0,0,0,1,1,0,0,0,0
sim_0005_n3_seed47,47,0.001,3,638.0,2,body_2,8.648712297334397,4.926411902220734,0.0026958759264633075,0.00356735372111186,8.832923230302018,24.27532805865507,0,2.07867470084906,5.075585987024876,-70.90154167071361,-2.381361812027395e-07,182.16787061502967,-3.011173101792429e-14,2.07867470084906,0-2,10,278.55,278550,,,,,0,8.832923230302018,24.313929252519877,2.07867470084906,5.075585987024876,0.006533563286729532,negative_baseline,20.0,1,1,1,1,0,0,0,0,0,0,-1,0,0,0,0,0,0,0,0,0
sim_0005_n3_seed47,47,0.001,3,638.0500000000001,2,body_2,8.648712297334397,4.926411902220734,0.002630040578016923,0.0033233133562575153,8.206264090582101,21.238143845974378,0,2.1580802880744234,4.914847848128976,-70.90153585386469,-1.5609494240563171e-07,182.16787061502959,-3.0579789013021564e-14,2.1580802880744234,0-2,10,278.6000000000001,278600,,,,,0,8.206264090582101,21.253398420784027,2.1580802880744234,4.914847848128976,0.006586034142619759,negative_hard,8.0,1,1,1,1,0,0,0,0,0,0,-1,0,0,0,0,0,0,0,0,0
sim_0005_n3_seed47,47,0.001,3,638.45,2,body_2,8.648712297334397,4.926411902220734,0.0021118944662330353,0.002016941923546326,5.09098503557481,8.18486560007407,0,2.7556176158135384,3.8844224909483493,-70.9015228655056,2.7093770782221967e-08,182.16787061502964,-3.026775034962338e-14,2.7556176158135384,0-2,10,279.00000000000006,279000,,,,,0,5.09098503557481,8.176994859075336,2.7556176158135384,3.8844224909483493,0.0070559312941672865,negative_hard,8.0,0,0,0,0,0,0,0,0,0,0,-1,0,0,0,0,0,0,0,1,0
sim_0005_n3_seed47,47,0.001,3,638.85,2,body_2,8.648712297334397,4.926411902220734,0.0016019342701207118,0.0015783944075506563,3.854683478680129,4.217276194789706,0,3.1869961443027317,3.2550177361439596,-70.90152385571344,1.3127811086922398e-08,182.16787061502953,-3.089182767641974e-14,3.1869961443027317,0-2,10,279.40000000000003,279400,,,,,0,3.854683478680129,4.214002828069506,3.1869961443027317,3.2550177361439596,0.0075804070345605835,negative_hard,8.0,0,0,0,0,0,0,0,0,0,0,-1,0,0,0,0,0,0,0,1,0
sim_0005_n3_seed47,47,0.001,3,639.0,2,body_2,8.648712297334397,4.926411902220734,0.0014029260419845457,0.0015816157225567035,3.6195839538390837,3.558006399192884,0,3.29712425801892,3.0974930641447225,-70.90152511141238,-4.58265355075711e-09,182.16787061502959,-3.0579789013021564e-14,3.29712425801892,0-2,10,279.55,279550,,,,,0,3.6195839538390837,3.555256812766484,3.29712425801892,3.0974930641447225,0.007767196527132371,negative_baseline,20.0,0,0,0,0,0,0,0,0,0,0,-1,0,0,0,0,0,0,0,1,0
sim_0005_n3_seed47,47,0.001,3,639.25,2,body_2,8.648712297334397,4.926411902220734,0.001059790384513588,0.001746069455227179,3.399915815344631,2.9888062808791105,0,3.415399209939469,2.9241430338111387,-70.90152793152623,-4.435773395422463e-08,182.16787061502964,-3.026775034962338e-14,3.415399209939469,0-2,10,279.8,279800,,,,,0,3.399915815344631,2.9862837893407552,3.415399209939469,2.9241430338111387,0.008017871120453069,negative_hard,8.0,0,0,0,0,0,0,0,0,0,0,-1,0,0,0,0,0,0,0,1,0
sim_0005_n3_seed47,47,0.001,3,639.65,2,body_2,8.648712297334397,4.926411902220734,0.0006612418411845994,0.0023722050892277546,3.396051466860957,3.0304292877373373,0,3.428203936055954,2.9124945890921006,-70.90153124454227,-9.1084740848447e-08,182.16787061502973,-2.9799692354526115e-14,3.428203936055954,0-2,10,280.2,280200,,,,,0,3.396051466860957,3.0273143885872527,3.428203936055954,2.9124945890921006,0.008101485787153643,negative_hard,8.0,0,0,0,0,0,0,0,0,0,0,-1,0,0,0,0,0,0,0,1,0
sim_0005_n3_seed47,47,0.001,3,640.0,2,body_2,8.648712297334397,4.926411902220734,0.0012136345480613674,0.0034341584129498667,3.738499128598215,3.92985942347776,0,3.2574269007497145,3.1982908859073946,-70.90152935798238,-6.447656998372433e-08,182.16787061502959,-3.0579789013021564e-14,3.2574269007497145,0-2,10,280.55,280550,,,,,0,3.738499128598215,3.923101941145454,3.2574269007497145,3.1982908859073946,0.007780464797306606,negative_baseline,20.0,0,0,0,0,0,0,0,0,0,0,-1,0,0,0,0,0,0,0,1,0
sim_0005_n3_seed47,47,0.001,3,640.0500000000001,2,body_2,8.648712297334397,4.926411902220734,0.0013695653843658325,0.0036517839774170965,3.8204618189152995,4.15397888964682,0,3.219645004064673,3.259809516952099,-70.901528865503,-5.75306067123891e-08,182.16787061502959,-3.0579789013021564e-14,3.219645004064673,0-2,10,280.6000000000001,280600,,,,,0,3.8204618189152995,4.146382667717718,3.219645004064673,3.259809516952099,0.00771393718279542,negative_hard,8.0,0,0,0,0,0,0,0,0,0,0,-1,0,0,0,0,0,0,0,1,0
sim_0005_n3_seed47,47,0.001,3,640.45,2,body_2,8.648712297334397,4.926411902220734,0.003253305118446201,0.00658163470617323,4.928962763629459,7.574401022514741,0,2.8130960724884044,3.9073420080644676,-70.90152672084706,-2.7282231324915277e-08,182.16787061502947,-3.120386633981792e-14,2.8130960724884044,0-2,10,281.00000000000006,281000,,,,,0,4.928962763629459,7.557735653148473,2.8130960724884044,3.9073420080644676,0.007212708912599842,negative_hard,8.0,0,0,0,0,0,0,0,0,0,0,-1,0,0,0,0,0,0,0,1,0
sim_0005_n3_seed47,47,0.001,3,640.85,2,body_2,8.648712297334397,4.926411902220734,0.00691882295619503,0.014386982648878688,7.335612298993958,16.679702495564737,0,2.290899255241746,4.7892299846941695,-70.90153894071958,-1.9963215684959933e-07,182.1678706150292,-3.2764059656808813e-14,2.290899255241746,0-2,10,281.40000000000003,281400,,,,,0,7.335612298993958,16.67878274121928,2.290899255241746,4.7892299846941695,0.007451339129943024,negative_hard,8.0,1,1,0,1,0,0,0,0,0,0,-1,0,0,0,0,0,0,0,0,0
sim_0005_n3_seed47,47,0.001,3,641.0,2,body_2,8.648712297334397,4.926411902220734,0.009048477891796736,0.019919857842903677,8.653529710718708,22.31092616212145,0,2.1051790384342146,5.142673843664373,-70.90155453214095,-4.1953464019504034e-07,182.16787061502893,-3.416823364210062e-14,2.1051790384342146,0-2,10,281.55,281550,,,,,0,8.653529710718708,22.36961214609128,2.1051790384342146,5.142673843664373,0.008031605579360586,negative_baseline,20.0,1,1,1,1,0,0,0,0,0,0,-1,0,0,0,0,0,0,0,0,0
sim_0005_n3_seed47,47,0.001,3,641.2,2,body_2,8.648712297334397,4.926411902220734,0.012591232920203501,0.029814879768693407,10.37029656286367,30.015850194622885,0,1.9187362793031064,5.5295818512593975,-70.90158632503213,-8.679437720736744e-07,182.1678706150289,-3.432425297379971e-14,1.9187362793031064,0-2,10,281.75000000000006,281750,,,,,0,10.37029656286367,30.251277651031227,1.9187362793031064,5.5295818512593975,0.009385180406250054,negative_pre_failure,1.0,1,1,0,1,0,0,1,0,0,0,-1,0,0,0,0,0,0,0,0,0
sim_0005_n3_seed47,47,0.001,3,641.25,2,body_2,8.648712297334397,4.926411902220734,0.01356078862824109,0.032473384754843945,10.68243454126925,31.44193416062806,0,1.8894877770251568,5.593069103490619,-70.9015936877795,-9.717884692138974e-07,182.1678706150289,-3.432425297379971e-14,1.8894877770251568,0-2,10,281.8,281800,,,,,0,10.68243454126925,31.7258995668663,1.8894877770251568,5.593069103490619,0.009811264303488701,negative_pre_failure,1.0,1,1,0,1,0,0,1,0,0,0,-1,0,0,0,0,0,0,0,0,0
sim_0005_n3_seed47,47,0.001,3,641.3000000000001,2,body_2,8.648712297334397,4.926411902220734,0.01453840429460952,0.035040666688631976,10.907526709833578,33.675526377489106,0,1.8688836520104835,5.637651066765054,-70.90159934128991,-1.0515259703553604e-06,182.16787061502896,-3.4012214310401535e-14,1.8688836520104835,0-2,11,0.0,0,0.010258243393469434,281.8500000000001,0.01453840429460952,0.035040666688631976,1,10.907526709833578,32.79970179592474,1.8688836520104835,5.637651066765054,0.010258243393469434,correction,1.0,1,1,0,1,0,0,1,0,0,0,-1,0,0,0,0,0,0,0,0,0
sim_0005_n3_seed47,47,0.001,3,641.5500000000001,2,body_2,8.648712297334397,4.926411902220734,1.232031829939146e-06,3.877723762788329e-06,10.464446701469313,30.64600690691715,0,1.9017689814489875,5.547502760467106,-70.90151310016242,1.6482484509734385e-07,182.1678706150351,-3.120386633981792e-16,1.9017689814489875,0-2,11,0.25,250,,,,,0,10.464446701469313,30.924676278038895,1.9017689814489875,5.547502760467106,7.291424340031854e-07,negative_hard,10.0,1,1,0,1,0,0,1,0,0,0,-1,0,0,0,1,1,0,0,0,0
sim_0005_n3_seed47,47,0.001,3,642.0,2,body_2,8.648712297334397,4.926411902220734,3.6711125417478792e-06,1.1540906973860032e-05,6.593033055140099,14.449401812023655,0,2.3713671359170205,4.613144849255579,-70.9014589291254,9.288568907346935e-07,182.1678706150351,-3.120386633981792e-16,2.3713671359170205,0-2,11,0.6999999999999318,700,,,,,0,6.593033055140099,14.466330966321882,2.3713671359170205,4.613144849255579,2.173121947167935e-06,negative_baseline,20.0,1,0,0,1,0,0,0,0,0,0,-1,0,0,0,0,0,0,0,0,0
sim_0005_n3_seed47,47,0.001,3,642.0500000000001,2,body_2,8.648712297334397,4.926411902220734,4.160879586301705e-06,1.2193827731107065e-05,6.242622421768958,13.11916588990226,0,2.4340641360529345,4.505718253256407,-70.90145659475746,9.617809772270272e-07,182.16787061503516,0.0,2.4340641360529345,0-2,11,0.75,750,,,,,0,6.242622421768958,13.129782014014099,2.4340641360529345,4.505718253256407,2.4631073972598013e-06,negative_hard,10.0,1,0,0,1,0,0,0,0,0,0,-1,0,0,0,0,0,0,0,0,0
sim_0005_n3_seed47,47,0.001,3,643.0,2,body_2,8.648712297334397,4.926411902220734,1.7000122332948618e-05,2.0002655274243814e-05,3.385641483711147,3.387506818349517,0,3.3086111853847973,3.2101383358844777,-70.90144703960607,1.0965474920860955e-06,182.16787061503535,1.0921353218936272e-15,3.3086111853847973,0-2,11,1.6999999999999318,1700,,,,,0,3.385641483711147,3.3855734650264457,3.3086111853847973,3.2101383358844777,1.0065104245207516e-05,negative_baseline,20.0,0,0,0,0,0,0,0,0,0,0,-1,0,0,0,0,0,0,0,1,0
sim_0005_n3_seed47,47,0.001,3,644.0,2,body_2,8.648712297334397,4.926411902220734,3.095927188603219e-05,3.372691377544314e-05,3.821552814897566,4.438681429561425,0,3.14313336307471,3.4176246842468347,-70.90144730579338,1.0927931678346746e-06,182.16787061503513,-1.560193316990896e-16,3.14313336307471,0-2,11,2.699999999999932,2700,,,,,0,3.821552814897566,4.430748838218855,3.14313336307471,3.4176246842468347,1.8330022442738002e-05,negative_baseline,20.0,0,0,0,0,0,0,0,0,0,0,-1,0,0,0,1,1,0,0,0,0
sim_0005_n3_seed47,47,0.001,3,645.0,2,body_2,8.648712297334397,4.926411902220734,4.3201020822685734e-05,9.451299522155857e-05,9.655540601225336,27.50936273898821,0,1.9795027844900868,5.391808248744042,-70.9014946993058,4.2435179706887036e-07,182.16787061503558,2.3402899754863442e-15,1.9795027844900868,0-2,11,3.699999999999932,3700,,,,,0,9.655540601225336,27.641833071119834,1.9795027844900868,5.391808248744042,2.5597890396847242e-05,negative_baseline,20.0,1,1,1,1,0,0,1,0,0,0,-1,0,0,0,1,1,0,0,0,0
sim_0005_n3_seed47,47,0.001,3,645.1,2,body_2,8.648712297334397,4.926411902220734,4.37043709470665e-05,0.00010386542344738014,10.605903544233175,31.94943387885371,0,1.8885185443767185,5.59732781727481,-70.90151514931156,1.3592350409447704e-07,182.16787061503564,2.652328638884523e-15,1.8885185443767185,0-2,11,3.7999999999999545,3800,,,,,0,10.605903544233175,32.20815207021695,1.8885185443767185,5.59732781727481,2.5899943289079873e-05,negative_hard,10.0,1,1,1,1,0,0,1,0,0,0,-1,0,0,0,1,1,0,0,0,0
sim_0005_n3_seed47,47,0.001,3,645.6,2,body_2,8.648712297334397,4.926411902220734,4.084619820418485e-05,0.00010170417546706271,9.497166002369791,26.849710943706135,0,1.993987610725878,5.358840848058609,-70.90149199852776,4.624437569872755e-07,182.16787061503592,4.212521955875419e-15,1.993987610725878,0-2,11,4.2999999999999545,4300,,,,,0,9.497166002369791,27.015296221545547,1.993987610725878,5.358840848058609,2.421894923818977e-05,negative_hard,10.0,1,1,1,1,0,0,1,0,0,0,-1,0,0,0,1,1,0,0,0,0
sim_0005_n3_seed47,47,0.001,3,646.0,2,body_2,8.648712297334397,4.926411902220734,3.9939498313592374e-05,7.585865964479368e-05,5.99259078342933,11.853527450591022,0,2.507040918549446,4.381515682137085,-70.90145331436018,1.0080479269141435e-06,182.16787061503575,3.2764059656808815e-15,2.507040918549446,0-2,11,4.699999999999932,4700,,,,,0,5.99259078342933,11.855539650759649,2.507040918549446,4.381515682137085,2.367483792114863e-05,negative_baseline,20.0,0,0,0,0,0,0,0,0,0,0,-1,0,0,0,1,1,0,0,0,0
sim_0005_n3_seed47,47,0.001,3,647.0,2,body_2,8.648712297334397,4.926411902220734,5.165628894202634e-05,5.88399577643366e-05,3.314849443192733,3.138018177125391,0,3.3652658423536885,3.1262903467294847,-70.90144712796928,1.0953012112963374e-06,182.16787061503567,2.8083479705836126e-15,3.3652658423536885,0-2,11,5.699999999999932,5700,,,,,0,3.314849443192733,3.13595670204955,3.3652658423536885,3.1262903467294847,3.05871446861192e-05,negative_baseline,20.0,0,0,0,0,0,0,0,0,0,0,-1,0,0,0,1,1,0,0,0,0
sim_0005_n3_seed47,47,0.001,3,648.0,2,body_2,8.648712297334397,4.926411902220734,6.742995308846726e-05,8.267699452221753e-05,4.067006252580211,5.215053019913841,0,3.0444855460547915,3.5587973991437076,-70.90144767057552,1.087648255368884e-06,182.16787061503595,4.368541287574509e-15,3.0444855460547915,0-2,11,6.699999999999932,6700,,,,,0,4.067006252580211,5.204844391964353,3.0444855460547915,3.5587973991437076,3.992489228923506e-05,negative_baseline,20.0,0,0,0,0,0,0,0,0,0,0,-1,0,0,0,1,1,0,0,0,0
sim_0005_n3_seed47,47,0.001,3,648.7,2,body_2,8.648712297334397,4.926411902220734,8.106738354695583e-05,0.00015685506291673483,7.834384982171323,19.365299238319977,0,2.1957095889737825,4.944512116270595,-70.90146768922212,8.053038818888555e-07,182.1678706150357,2.9643673022827025e-15,2.1957095889737825,0-2,11,7.399999999999977,7400,,,,,0,7.834384982171323,19.371936227255595,2.1957095889737825,4.944512116270595,4.802993022804641e-05,negative_hard,10.0,1,1,1,1,0,0,0,0,0,0,-1,0,0,0,1,1,0,0,0,0
sim_0005_n3_seed47,47,0.001,3,649.0,2,body_2,8.648712297334397,4.926411902220734,8.618472622976748e-05,0.00021094762415094735,10.766210569562379,32.780318406534576,0,1.8731305512935679,5.632739029757664,-70.90151924397705,7.817205943613354e-08,182.1678706150357,2.9643673022827025e-15,1.8731305512935679,0-2,11,7.699999999999932,7700,,,,,0,10.766210569562379,33.06645702510953,1.8731305512935679,5.632739029757664,5.108579412427639e-05,negative_baseline,20.0,1,1,1,1,0,0,1,0,0,0,-1,0,0,0,1,1,0,0,0,0
sim_0005_n3_seed47,47,0.001,3,649.2,2,body_2,8.648712297334397,4.926411902220734,8.63991346670701e-05,0.00022655454348654652,11.511500090710156,36.285570261816545,0,1.8113882304944326,5.780638767993557,-70.90153941880041,-2.063750419540314e-07,182.16787061503575,3.2764059656808815e-15,1.8113882304944326,0-2,11,7.899999999999977,7900,,,,,0,11.511500090710156,36.73070358757298,1.8113882304944326,5.780638767993557,5.122840629631701e-05,negative_hard,10.0,1,1,0,1,0,0,1,0,0,0,-1,0,0,0,1,1,0,0,0,0
sim_0005_n3_seed47,47,0.001,3,649.7,2,body_2,8.648712297334397,4.926411902220734,7.878983938581546e-05,0.0001620076618142398,7.360718407463656,17.35513540479264,0,2.2643323014598886,4.813162705477548,-70.9014629225497,8.725333587288597e-07,182.16787061503584,3.744463960778151e-15,2.2643323014598886,0-2,11,8.399999999999977,8400,,,,,0,7.360718407463656,17.384716208136677,2.2643323014598886,4.813162705477548,4.6725724690674715e-05,negative_hard,10.0,1,1,1,1,0,0,0,0,0,0,-1,0,0,0,1,1,0,0,0,0
sim_0005_n3_seed47,47,0.001,3,650.0,2,body_2,8.648712297334397,4.926411902220734,7.718870008146974e-05,0.0001285572434962847,5.320803605745258,9.348336288947188,0,2.6620667756519576,4.128601423966467,-70.90145043179776,1.0487037863707056e-06,182.167870615036,4.6805799509726884e-15,2.6620667756519576,0-2,11,8.699999999999932,8700,,,,,0,5.320803605745258,9.345856791147055,2.6620667756519576,4.128601423966467,4.576263837536415e-05,negative_baseline,20.0,0,0,0,0,0,0,0,0,0,0,-1,0,0,0,1,1,0,0,0,0
sim_0005_n3_seed47,47,0.001,3,651.0,2,body_2,8.648712297334397,4.926411902220734,8.749122545943616e-05,9.76796625886027e-05,3.2697788541363266,2.9989507709298437,0,3.3925553602332466,3.0897087330418027,-70.90144711035666,1.0955496209144417e-06,182.16787061503584,3.744463960778151e-15,3.3925553602332466,0-2,11,9.699999999999932,9700,,,,,0,3.2697788541363266,2.9967063683780424,3.3925553602332466,3.0897087330418027,5.1814093275327175e-05,negative_baseline,20.0,0,0,0,0,0,0,0,0,0,0,-1,0,0,0,1,1,0,0,0,0
sim_0005_n3_seed47,47,0.001,3,652.0,2,body_2,8.648712297334397,4.926411902220734,0.00010507322651284559,0.00013906247986742376,4.401609839041365,6.248501662422639,0,2.926790635551921,3.727455715785978,-70.90144815618903,1.0807991288722209e-06,182.16787061503572,3.120386633981792e-15,2.926790635551921,0-2,11,10.699999999999932,10700,,,,,0,4.401609839041365,6.235269462592127,2.926790635551921,3.727455715785978,6.221990946766136e-05,negative_baseline,20.0,0,0,0,0,0,0,0,0,0,0,-1,0,0,0,1,1,0,0,0,0
sim_0005_n3_seed47,47,0.001,3,652.75,2,body_2,8.648712297334397,4.926411902220734,0.0001256587013453083,0.00028300694308566304,9.533239688288175,27.041532489359216,0,1.9900850232620753,5.367952398488065,-70.9014926525162,4.532198589299654e-07,182.16787061503518,1.560193316990896e-16,1.9900850232620753,0-2,11,11.449999999999932,11450,,,,,0,9.533239688288175,27.162307099696587,1.9900850232620753,5.367952398488065,7.447382483674847e-05,negative_hard,10.0,1,1,1,1,0,0,1,0,0,0,-1,0,0,0,1,1,0,0,0,0
sim_0005_n3_seed47,47,0.001,3,653.0,2,body_2,8.648712297334397,4.926411902220734,0.00012970586817965578,0.00033538861602928135,11.445612082554293,35.99013505976784,0,1.8163123316057332,5.768528656846363,-70.90153761255998,-1.808997021908152e-07,182.16787061503473,-2.3402899754863442e-15,1.8163123316057332,0-2,11,11.699999999999932,11700,,,,,0,11.445612082554293,36.41199911774185,1.8163123316057332,5.768528656846363,7.690680926150237e-05,negative_baseline,20.0,1,1,0,1,0,0,1,0,0,0,-1,0,0,0,1,1,0,0,0,0
sim_0005_n3_seed47,47,0.001,3,653.25,2,body_2,8.648712297334397,4.926411902220734,0.00012633651271629981,0.0003171855553323423,10.580183937430524,31.92805114606341,0,1.8890843423075867,5.595342922079716,-70.90151481898909,1.4058239513663633e-07,182.16787061503481,-1.8722319803890754e-15,1.8890843423075867,0-2,11,11.949999999999932,11950,,,,,0,10.580183937430524,32.22625190974804,1.8890843423075867,5.595342922079716,7.493555204144263e-05,negative_hard,10.0,1,1,0,1,0,0,1,0,0,0,-1,0,0,0,1,1,0,0,0,0
sim_0005_n3_seed47,47,0.001,3,654.0,2,body_2,8.648712297334397,4.926411902220734,0.00011342666095127525,0.00017253138632065658,4.78666762553348,7.497226221640064,0,2.8070510089206895,3.90462826828613,-70.9014489153994,1.0700911734654457e-06,182.16787061503462,-2.9643673022827025e-15,2.8070510089206895,0-2,11,12.699999999999932,12700,,,,,0,4.78666762553348,7.493811509068634,2.8070510089206895,3.90462826828613,6.725906557304713e-05,negative_baseline,20.0,0,0,0,0,0,0,0,0,0,0,-1,0,0,0,1,1,0,0,0,0
sim_0005_n3_seed47,47,0.001,3,655.0,2,body_2,8.648712297334397,4.926411902220734,0.00012350748942825175,0.0001368439637524202,3.256958303282002,2.957532980829093,0,3.400720747528571,3.0788605442890713,-70.9014471059576,1.0956116654946598e-06,182.1678706150344,-4.212521955875419e-15,3.400720747528571,0-2,11,13.699999999999932,13700,,,,,0,3.256958303282002,2.954982679891032,3.400720747528571,3.0788605442890713,7.315464606109405e-05,negative_baseline,20.0,0,0,0,0,0,0,0,0,0,0,-1,0,0,0,1,1,0,0,0,0
sim_0005_n3_seed47,47,0.001,3,656.0,2,body_2,8.648712297334397,4.926411902220734,0.00014397801955840387,0.00020523534887457645,4.8318590924590055,7.649620812789961,0,2.7937550790418157,3.9248145067135125,-70.90144902876905,1.0684922000754409e-06,182.16787061503433,-4.524560619273598e-15,2.7937550790418157,0-2,11,14.699999999999932,14700,,,,,0,4.8318590924590055,7.632692513253269,2.7937550790418157,3.9248145067135125,8.526821190484856e-05,negative_baseline,20.0,0,0,0,0,0,0,0,0,0,0,-1,0,0,0,1,1,0,0,0,0
sim_0005_n3_seed47,47,0.001,3,656.3000000000001,2,body_2,8.648712297334397,4.926411902220734,0.0001539187683174843,0.0002680427085026587,6.492539095477286,13.776613278121637,0,2.4107520444230044,4.547469474607554,-70.90145612537182,9.68401224691426e-07,182.16787061503422,-5.148637946069957e-15,2.4107520444230044,0-2,11,15.0,15000,,,,,0,6.492539095477286,13.755874161086373,2.4107520444230044,4.547469474607554,9.117990352101657e-05,negative_hard,10.0,1,0,0,1,0,0,0,0,0,0,-1,0,0,0,1,1,0,0,0,0
sim_0005_n3_seed47,47,0.001,3,656.8000000000001,2,body_2,8.648712297334397,4.926411902220734,0.00017177214685507402,0.00043184360004489485,11.04879053538135,34.13141837063187,0,1.848455330753192,5.690953393508517,-70.90152671469,-2.719539164147091e-08,182.16787061503453,-3.4324252973799714e-15,1.848455330753192,0-2,11,15.5,15500,,,,,0,11.04879053538135,34.47000505749626,1.848455330753192,5.690953393508517,0.00010184218301635787,negative_hard,10.0,1,1,0,1,0,0,1,0,0,0,-1,0,0,0,1,1,0,0,0,0
sim_0005_n3_seed47,47,0.001,3,657.0,2,body_2,8.648712297334397,4.926411902220734,0.00017185306427147068,0.0004469760590429398,11.403542740266374,35.79578793750892,0,1.8195185908917209,5.760679714871665,-70.90153648816535,-1.6504116272575422e-07,182.16787061503496,-1.0921353218936272e-15,1.8195185908917209,0-2,11,15.699999999999932,15700,,,,,0,11.403542740266374,36.22556696443551,1.8195185908917209,5.760679714871665,0.00010192931891786037,negative_baseline,20.0,1,1,0,1,0,0,1,0,0,0,-1,0,0,0,1,1,0,0,0,0
sim_0005_n3_seed47,47,0.001,3,657.3000000000001,2,body_2,8.648712297334397,4.926411902220734,0.00016225009927614255,0.00036566291154034505,8.900045496414865,24.137892879512446,0,2.0595229187156394,5.219496444700013,-70.90148191536339,6.046574033030324e-07,182.16787061503484,-1.7162126486899857e-15,2.0595229187156394,0-2,11,16.0,16000,,,,,0,8.900045496414865,24.25060652264632,2.0595229187156394,5.219496444700013,9.626888140187326e-05,negative_hard,10.0,1,1,1,1,0,0,0,0,0,0,-1,0,0,0,1,1,0,0,0,0
sim_0005_n3_seed47,47,0.001,3,658.0,2,body_2,8.648712297334397,4.926411902220734,0.00014900554222825626,0.0002106555190623197,4.368294577331886,6.13850436855679,0,2.938538891785373,3.7104776034875866,-70.9014481053914,1.0815155822665432e-06,182.1678706150349,-1.4041739852918063e-15,2.938538891785373,0-2,11,16.699999999999932,16700,,,,,0,4.368294577331886,6.135269171275659,2.938538891785373,3.7104776034875866,8.837311919642542e-05,negative_baseline,20.0,0,0,0,0,0,0,0,0,0,0,-1,0,0,0,1,1,0,0,0,0
sim_0005_n3_seed47,47,0.001,3,659.0,2,body_2,8.648712297334397,4.926411902220734,0.0001596909176117592,0.00017728129185988386,3.277157507874836,3.006372296438584,0,3.390935608363896,3.0915531566600296,-70.90144711458242,1.0954900203883239e-06,182.1678706150349,-1.4041739852918063e-15,3.390935608363896,0-2,11,17.699999999999932,17700,,,,,0,3.277157507874836,3.0033687270424525,3.390935608363896,3.0915531566600296,9.460053191106487e-05,negative_baseline,20.0,0,0,0,0,0,0,0,0,0,0,-1,0,0,0,1,1,0,0,0,0
sim_0005_n3_seed47,47,0.001,3,660.0,2,body_2,8.648712297334397,4.926411902220734,0.0001845260313280861,0.0002846204439528305,5.380660197447435,9.555512168929694,0,2.647672975116324,4.151693518987261,-70.901450652817,1.045586515623845e-06,182.1678706150348,-2.028251312088165e-15,2.647672975116324,0-2,11,18.699999999999932,18700,,,,,0,5.380660197447435,9.534811045040554,2.647672975116324,4.151693518987261,0.00010929699010919181,negative_baseline,20.0,0,0,0,0,0,0,0,0,0,0,-1,0,0,0,1,1,0,0,0,0
sim_0005_n3_seed47,47,0.001,3,660.4,2,body_2,8.648712297334397,4.926411902220734,0.00020289359296810737,0.00042239728785404976,8.401495189609625,21.895829821667792,0,2.1194285862382634,5.096019255882681,-70.90147475436453,7.056566255890981e-07,182.16787061503484,-1.7162126486899857e-15,2.1194285862382634,0-2,11,19.09999999999991,19100,,,,,0,8.401495189609625,21.92913990205119,2.1194285862382634,5.096019255882681,0.0001202336929206175,negative_hard,10.0,1,1,1,1,0,0,0,0,0,0,-1,0,0,0,1,1,0,0,0,0
sim_0005_n3_seed47,47,0.001,3,660.9,2,body_2,8.648712297334397,4.926411902220734,0.00021428822531220388,0.0005544441178708976,11.318841814463063,35.39692002109996,0,1.8262403339331081,5.744345880207763,-70.90153415039988,-1.3206915721961159e-07,182.1678706150353,7.80096658495448e-16,1.8262403339331081,0-2,11,19.59999999999991,19600,,,,,0,11.318841814463063,35.812909050486155,1.8262403339331081,5.744345880207763,0.0001271173356911628,negative_hard,10.0,1,1,0,1,0,0,1,0,0,0,-1,0,0,0,1,1,0,0,0,0
sim_0005_n3_seed47,47,0.001,3,661.0,2,body_2,8.648712297334397,4.926411902220734,0.000211008477812371,0.0005279789592466275,10.659952634513024,32.30193259914267,0,1.8818433767456788,5.612177723381327,-70.90151685632067,1.1184772984456187e-07,182.16787061503535,1.0921353218936272e-15,1.8818433767456788,0-2,11,19.699999999999932,19700,,,,,0,10.659952634513024,32.61232146460571,1.8818433767456788,5.612177723381327,0.00012519519227615692,negative_baseline,20.0,1,1,0,1,0,0,1,0,0,0,-1,0,0,0,1,1,0,0,0,0
sim_0005_n3_seed47,47,0.001,3,661.4,2,body_2,8.648712297334397,4.926411902220734,0.00019334490978082337,0.00036872350619631853,6.8665029721489805,15.283164936872518,0,2.344582912500165,4.665407666333865,-70.90145876157574,9.312200226730847e-07,182.1678706150352,3.120386633981792e-16,2.344582912500165,0-2,11,20.09999999999991,20100,,,,,0,6.8665029721489805,15.298977449122225,2.344582912500165,4.665407666333865,0.00011475371662887689,negative_hard,10.0,1,0,1,1,0,0,0,0,0,0,-1,0,0,0,1,1,0,0,0,0
sim_0005_n3_seed47,47,0.001,3,662.0,2,body_2,8.648712297334397,4.926411902220734,0.00018420385976463888,0.00024503510519013655,4.042206653175317,5.13779875292094,0,3.0548148218593436,3.544880698897765,-70.9014476637975,1.0877438530798815e-06,182.1678706150351,-3.120386633981792e-16,3.0548148218593436,0-2,11,20.699999999999932,20700,,,,,0,4.042206653175317,5.134987093171016,3.0548148218593436,3.544880698897765,0.00010927069317061753,negative_baseline,20.0,0,0,0,0,0,0,0,0,0,0,-1,0,0,0,1,1,0,0,0,0
sim_0005_n3_seed47,47,0.001,3,663.0,2,body_2,8.648712297334397,4.926411902220734,0.00019613203939096682,0.00022005074313863617,3.3316272834645533,3.1473079591742787,0,3.3634964430231675,3.127417655291301,-70.90144713783215,1.0951621046520935e-06,182.1678706150351,-3.120386633981792e-16,3.3634964430231675,0-2,11,21.699999999999932,21700,,,,,0,3.3316272834645533,3.143671677380716,3.3634964430231675,3.127417655291301,0.00011620562065724423,negative_baseline,20.0,0,0,0,0,0,0,0,0,0,0,-1,0,0,0,1,1,0,0,0,0
sim_0005_n3_seed47,47,0.001,3,664.0,2,body_2,8.648712297334397,4.926411902220734,0.00022719796136182847,0.000381646700642986,6.076424072103792,12.145944573065055,0,2.491648474438036,4.408027637102846,-70.90145371050421,1.0024606841496343e-06,182.16787061503507,-4.680579950972688e-16,2.491648474438036,0-2,11,22.699999999999932,22700,,,,,0,6.076424072103792,12.123617660928549,2.491648474438036,4.408027637102846,0.00013459266237254681,negative_baseline,20.0,0,0,0,0,0,0,0,0,0,0,-1,0,0,0,1,1,0,0,0,0
sim_0005_n3_seed47,47,0.001,3,664.45,2,body_2,8.648712297334397,4.926411902220734,0.00025272376712528154,0.0005980941074993199,10.117286114789561,29.7644613081284,0,1.9314412551844222,5.498174727862083,-70.9015044877522,2.862948732594176e-07,182.16787061503518,1.560193316990896e-16,1.9314412551844222,0-2,11,23.149999999999977,23150,,,,,0,10.117286114789561,29.954496607781884,1.9314412551844222,5.498174727862083,0.00014981644468276182,negative_hard,10.0,1,1,1,1,0,0,1,0,0,0,-1,0,0,0,1,1,0,0,0,0
sim_0005_n3_seed47,47,0.001,3,664.95,2,body_2,8.648712297334397,4.926411902220734,0.00024956477102555517,0.0006004839556029701,10.017622164970842,29.291663652130737,0,1.9412029976208178,5.476215828912195,-70.90150233599165,3.166434526602787e-07,182.1678706150353,7.80096658495448e-16,1.9412029976208178,0-2,11,23.649999999999977,23650,,,,,0,10.017622164970842,29.515405147471434,1.9412029976208178,5.476215828912195,0.00014811265236629848,negative_hard,10.0,1,1,1,1,0,0,1,0,0,0,-1,0,0,0,1,1,0,0,0,0
sim_0005_n3_seed47,47,0.001,3,665.0,2,body_2,8.648712297334397,4.926411902220734,0.00024672914095678406,0.0005753607517241841,9.515937947000065,26.96047159629368,0,1.9917162427894546,5.364405917651135,-70.90149244480716,4.561494015085534e-07,182.16787061503516,0.0,1.9917162427894546,0-2,11,23.699999999999932,23700,,,,,0,9.515937947000065,27.128412583924057,1.9917162427894546,5.364405917651135,0.0001464422077458868,negative_baseline,20.0,1,1,1,1,0,0,1,0,0,0,-1,0,0,0,1,1,0,0,0,0
sim_0005_n3_seed47,47,0.001,3,666.0,2,body_2,8.648712297334397,4.926411902220734,0.00021922535841546078,0.0002772460396485885,3.7898891339399485,4.3995093380433525,0,3.1548679031407696,3.4063484716489034,-70.90144741768506,1.0912150398570553e-06,182.16787061503544,1.560193316990896e-15,3.1548679031407696,0-2,11,24.699999999999932,24700,,,,,0,3.7898891339399485,4.397078579329222,3.1548679031407696,3.4063484716489034,0.0001300738364850038,negative_baseline,20.0,0,0,0,0,0,0,0,0,0,0,-1,0,0,0,1,1,0,0,0,0
sim_0005_n3_seed47,47,0.001,3,667.0,2,body_2,8.648712297334397,4.926411902220734,0.00023296672205092944,0.0002663440963418397,3.422990614947863,3.3890839304123843,0,3.318545852260038,3.186579517544841,-70.90144718120514,1.0945503689744837e-06,182.16787061503544,1.560193316990896e-15,3.318545852260038,0-2,11,25.699999999999932,25700,,,,,0,3.422990614947863,3.3845863484631336,3.318545852260038,3.186579517544841,0.00013805080783922815,negative_baseline,20.0,0,0,0,0,0,0,0,0,0,0,-1,0,0,0,1,1,0,0,0,0
sim_0005_n3_seed47,47,0.001,3,668.0,2,body_2,8.648712297334397,4.926411902220734,0.00027246881655784575,0.000501534972610418,6.946758611203636,15.623409458645177,0,2.33046892782848,4.691031413081306,-70.90145943713672,9.216918639319481e-07,182.16787061503558,2.3402899754863442e-15,2.33046892782848,0-2,11,26.699999999999932,26700,,,,,0,6.946758611203636,15.607893225737456,2.33046892782848,4.691031413081306,0.00016143931596222978,negative_baseline,20.0,1,0,0,1,0,0,0,0,0,0,-1,0,0,0,1,1,0,0,0,0
sim_0005_n3_seed47,47,0.001,3,668.0500000000001,2,body_2,8.648712297334397,4.926411902220734,0.0002758156665802097,0.0005278804274631898,7.3657184380088685,17.377823908725553,0,2.2632834840708353,4.815331615262314,-70.90146305867846,8.706133892781838e-07,182.1678706150355,1.8722319803890754e-15,2.2632834840708353,0-2,11,26.75,26750,,,,,0,7.3657184380088685,17.370678612800912,2.2632834840708353,4.815331615262314,0.00016343184582150841,negative_hard,10.0,1,1,1,1,0,0,0,0,0,0,-1,0,0,0,1,1,0,0,0,0
sim_0005_n3_seed47,47,0.001,3,668.5500000000001,2,body_2,8.648712297334397,4.926411902220734,0.0003017272198337819,0.0007826435102755947,11.487299664374346,36.182839592143104,0,1.8126842667303265,5.777281234685412,-70.90153909543123,-2.0181422073729285e-07,182.16787061503584,3.744463960778151e-15,1.8126842667303265,0-2,11,27.25,27250,,,,,0,11.487299664374346,36.618434195634485,1.8126842667303265,5.777281234685412,0.00017897204351929183,negative_hard,10.0,1,1,0,1,0,0,1,0,0,0,-1,0,0,0,1,1,0,0,0,0
sim_0005_n3_seed47,47,0.001,3,669.0,2,body_2,8.648712297334397,4.926411902220734,0.0002796389058212772,0.0005978377817298261,8.298236398976869,21.422669973008865,0,2.132827767341867,5.069025021800075,-70.90147340701586,7.24659724264342e-07,182.1678706150352,3.120386633981792e-16,2.132827767341867,0-2,11,27.699999999999932,27700,,,,,0,8.298236398976869,21.494805548261382,2.132827767341867,5.069025021800075,0.00016604093197977005,negative_baseline,20.0,1,1,1,1,0,0,0,0,0,0,-1,0,0,0,1,1,0,0,0,0
sim_0005_n3_seed47,47,0.001,3,669.0500000000001,2,body_2,8.648712297334397,4.926411902220734,0.0002763857197249989,0.0005692121647488402,7.819202276143608,19.313920041833423,0,2.197180592667867,4.941758500900997,-70.90146765483337,8.057889031624161e-07,182.16787061503527,6.240773267963584e-16,2.197180592667867,0-2,11,27.75,27750,,,,,0,7.819202276143608,19.361490667117877,2.197180592667867,4.941758500900997,0.00016411980082323342,negative_hard,10.0,1,1,1,1,0,0,0,0,0,0,-1,0,0,0,1,1,0,0,0,0
sim_0005_n3_seed47,47,0.001,3,670.0,2,body_2,8.648712297334397,4.926411902220734,0.00025421640447482113,0.00030851934512351185,3.597510291938567,3.8578463201264097,0,3.238097245401812,3.293554242903667,-70.90144727772662,1.093189023424476e-06,182.1678706150352,3.120386633981792e-16,3.238097245401812,0-2,11,28.699999999999932,28700,,,,,0,3.597510291938567,3.855674720770026,3.238097245401812,3.293554242903667,0.00015087107453800276,negative_baseline,20.0,0,0,0,0,0,0,0,0,0,0,-1,0,0,0,1,1,0,0,0,0
sim_0005_n3_seed47,47,0.001,3,671.0,2,body_2,8.648712297334397,4.926411902220734,0.0002703767733776833,0.0003175582204348054,3.555614794365112,3.7481314975313005,0,3.2562234404997463,3.2694534876540073,-70.90144725611188,1.093493879187573e-06,182.16787061503544,1.560193316990896e-15,3.2562234404997463,0-2,11,29.699999999999932,29700,,,,,0,3.555614794365112,3.7424718102927508,3.2562234404997463,3.2694534876540073,0.00016024437579372153,negative_baseline,20.0,0,0,0,0,0,0,0,0,0,0,-1,0,0,0,1,1,0,0,0,0
sim_0005_n3_seed47,47,0.001,3,672.0,2,body_2,8.648712297334397,4.926411902220734,0.00032060457876281263,0.0006490901526164316,8.001933008301213,20.124816482352774,0,2.1714871488067433,4.992012582593539,-70.90146979628865,7.755856700193965e-07,182.16787061503547,1.7162126486899857e-15,2.1714871488067433,0-2,11,30.699999999999932,30700,,,,,0,8.001933008301213,20.138953990518612,2.1714871488067433,4.992012582593539,0.0001899989956408197,negative_baseline,20.0,1,1,1,1,0,0,0,0,0,0,-1,0,0,0,1,1,0,0,0,0
sim_0005_n3_seed47,47,0.001,3,672.15,2,body_2,8.648712297334397,4.926411902220734,0.0003323673346187964,0.0007551121029834613,9.509215532421413,26.935457977791714,0,1.9921066324671557,5.363496831388098,-70.90149242301092,4.5645681717479737e-07,182.16787061503555,2.1842706437872543e-15,1.9921066324671557,0-2,11,30.84999999999991,30850,,,,,0,9.509215532421413,27.055033316187473,1.9921066324671557,5.363496831388098,0.00019702050555569294,negative_hard,10.0,1,1,1,1,0,0,1,0,0,0,-1,0,0,0,1,1,0,0,0,0
sim_0005_n3_seed47,47,0.001,3,672.65,2,body_2,8.648712297334397,4.926411902220734,0.00033693510903425164,0.0008350746630531668,10.56987612931993,31.870167403429022,0,1.8897655171409993,5.593715698241399,-70.90151480300031,1.4080790191941383e-07,182.16787061503558,2.3402899754863442e-15,1.8897655171409993,0-2,11,31.34999999999991,31350,,,,,0,10.56987612931993,32.167776956957304,1.8897655171409993,5.593715698241399,0.00020000222781911808,negative_hard,10.0,1,1,0,1,0,0,1,0,0,0,-1,0,0,0,1,1,0,0,0,0
sim_0005_n3_seed47,47,0.001,3,673.0,2,body_2,8.648712297334397,4.926411902220734,0.00031075622188104775,0.000606343689424453,7.198778257618584,16.65760759105961,0,2.2898980236276327,4.765642265075572,-70.90146152579382,8.922333000402355e-07,182.16787061503547,1.7162126486899857e-15,2.2898980236276327,0-2,11,31.699999999999932,31700,,,,,0,7.198778257618584,16.68230399071408,2.2898980236276327,4.765642265075572,0.000184596961615192,negative_baseline,20.0,1,1,1,1,0,0,0,0,0,0,-1,0,0,0,1,1,0,0,0,0
sim_0005_n3_seed47,47,0.001,3,674.0,2,body_2,8.648712297334397,4.926411902220734,0.0002892838956428628,0.000339874550438385,3.4550096144651428,3.468320471117149,0,3.304151834749885,3.2054389183865823,-70.9014471972093,1.0943246453254984e-06,182.16787061503575,3.2764059656808815e-15,3.304151834749885,0-2,11,32.69999999999993,32700,,,,,0,3.4550096144651428,3.4662744667817376,3.304151834749885,3.2054389183865823,0.00017172812605410813,negative_baseline,20.0,0,0,0,0,0,0,0,0,0,0,-1,0,0,0,1,1,0,0,0,0
sim_0005_n3_seed47,47,0.001,3,675.0,2,body_2,8.648712297334397,4.926411902220734,0.00030860207201396185,0.0003753957395431059,3.7360284806230233,4.250849767292587,0,3.176735798897869,3.3767161281846008,-70.9014473842862,1.0916860997170938e-06,182.1678706150353,7.80096658495448e-16,3.176735798897869,0-2,11,33.69999999999993,33700,,,,,0,3.7360284806230233,4.243627012204997,3.176735798897869,3.3767161281846008,0.00018292920143770974,negative_baseline,20.0,0,0,0,0,0,0,0,0,0,0,-1,0,0,0,1,1,0,0,0,0
sim_0005_n3_seed47,47,0.001,3,675.7,2,body_2,8.648712297334397,4.926411902220734,0.00034527849513335513,0.0006085609510546365,6.4842295168112996,13.744075013215296,0,2.4120011082457906,4.545373308580219,-70.90145613600365,9.682512727324874e-07,182.1678706150356,2.4963093071854337e-15,2.4120011082457906,0-2,11,34.39999999999998,34400,,,,,0,6.4842295168112996,13.723530733346902,2.4120011082457906,4.545373308580219,0.00020460354321944648,negative_hard,10.0,1,0,0,1,0,0,0,0,0,0,-1,0,0,0,1,1,0,0,0,0
sim_0005_n3_seed47,47,0.001,3,676.0,2,body_2,8.648712297334397,4.926411902220734,0.00037127158838758556,0.0008251491229868333,9.197721383227382,25.499747366155407,0,2.025501756686797,5.291435986971835,-70.90148693491231,5.33861338797977e-07,182.16787061503513,-1.560193316990896e-16,2.025501756686797,0-2,11,34.69999999999993,34700,,,,,0,9.197721383227382,25.59010877031247,2.025501756686797,5.291435986971835,0.0002200813351615382,negative_baseline,20.0,1,1,1,1,0,0,1,0,0,0,-1,0,0,0,1,1,0,0,0,0
sim_0005_n3_seed47,47,0.001,3,676.2,2,body_2,8.648712297334397,4.926411902220734,0.0003852311374809697,0.0009679931247210022,11.019946547651209,33.98567464742564,0,1.8506178888846672,5.68573890147105,-70.90152621318663,-2.012215356135751e-08,182.1678706150354,1.4041739852918063e-15,1.8506178888846672,0-2,11,34.89999999999998,34900,,,,,0,11.019946547651209,34.32057366817648,1.8506178888846672,5.68573890147105,0.00022846371963164712,negative_hard,10.0,1,1,0,1,0,0,1,0,0,0,-1,0,0,0,1,1,0,0,0,0
sim_0005_n3_seed47,47,0.001,3,676.7,2,body_2,8.648712297334397,4.926411902220734,0.0003645956326958428,0.0008122581352747942,8.90264935337275,24.13815531382771,0,2.0591560942228644,5.2202803065930246,-70.9014820779361,6.023644666668587e-07,182.16787061503555,2.1842706437872543e-15,2.0591560942228644,0-2,11,35.39999999999998,35400,,,,,0,8.90264935337275,24.25153007908258,2.0591560942228644,5.2202803065930246,0.00021656566693770566,negative_hard,10.0,1,1,1,1,0,0,0,0,0,0,-1,0,0,0,1,1,0,0,0,0
sim_0005_n3_seed47,47,0.001,3,677.0,2,body_2,8.648712297334397,4.926411902220734,0.0003409984881145449,0.0006088915446779365,6.282397407946588,12.929392472703842,0,2.4512085638529935,4.477178020006206,-70.90145486396761,9.861921567137124e-07,182.16787061503564,2.652328638884523e-15,2.4512085638529935,0-2,11,35.69999999999993,35700,,,,,0,6.282397407946588,12.934708531294458,2.4512085638529935,4.477178020006206,0.00020265746994341133,negative_baseline,20.0,1,0,0,0,0,0,0,0,0,0,-1,0,0,0,1,1,0,0,0,0
sim_0005_n3_seed47,47,0.001,3,678.0,2,body_2,8.648712297334397,4.926411902220734,0.000324511515426807,0.0003722161491150403,3.3552762778199474,3.201479282019248,0,3.35283193008823,3.141220209012133,-70.90144715148921,1.0949694845674326e-06,182.16787061503516,0.0,3.35283193008823,0-2,11,36.69999999999993,36700,,,,,0,3.3552762778199474,3.199430077076891,3.35283193008823,3.141220209012133,0.00019269773098976858,negative_baseline,20.0,0,0,0,0,0,0,0,0,0,0,-1,0,0,0,1,1,0,0,0,0
sim_0005_n3_seed47,47,0.001,3,679.0,2,body_2,8.648712297334397,4.926411902220734,0.000347956466488414,0.00044199928283816055,3.9734925884563665,4.937344174622577,0,3.0804262600684527,3.5093110658026094,-70.90144760663156,1.0885501253621871e-06,182.16787061503535,1.0921353218936272e-15,3.0804262600684527,0-2,11,37.69999999999993,37700,,,,,0,3.9734925884563665,4.928030513679066,3.0804262600684527,3.5093110658026094,0.00020629223636199758,negative_baseline,20.0,0,0,0,0,0,0,0,0,0,0,-1,0,0,0,1,1,0,0,0,0
sim_0005_n3_seed47,47,0.001,3,679.8000000000001,2,body_2,8.648712297334397,4.926411902220734,0.0004046198000578186,0.0008457344010572876,8.384016323079916,21.81398718383058,0,2.1214069590775253,5.092029436913921,-70.90147464074178,7.072591686530026e-07,182.16787061503516,0.0,2.1214069590775253,0-2,11,38.5,38500,,,,,0,8.384016323079916,21.846968295418176,2.1214069590775253,5.092029436913921,0.00023983730279883975,negative_hard,10.0,1,1,1,1,0,0,0,0,0,0,-1,0,0,0,1,1,0,0,0,0
sim_0005_n3_seed47,47,0.001,3,680.0,2,body_2,8.648712297334397,4.926411902220734,0.00042297519351623176,0.0010195456151631075,10.377282971203304,30.970458817362527,0,1.9069857065879172,5.553896510068755,-70.90151041106063,2.027521223895865e-07,182.1678706150353,7.80096658495448e-16,1.9069857065879172,0-2,11,38.69999999999993,38700,,,,,0,10.377282971203304,31.197803998641938,1.9069857065879172,5.553896510068755,0.0002508120116106609,negative_baseline,20.0,1,1,1,1,0,0,1,0,0,0,-1,0,0,0,1,1,0,0,0,0
sim_0005_n3_seed47,47,0.001,3,680.3000000000001,2,body_2,8.648712297334397,4.926411902220734,0.00042846188167876395,0.001102583539041712,11.30123862852065,35.295759464496065,0,1.8275411436308449,5.741159599502929,-70.90153389229928,-1.2842888855898016e-07,182.16787061503513,-1.560193316990896e-16,1.8275411436308449,0-2,11,39.0,39000,,,,,0,11.30123862852065,35.70932162855697,1.8275411436308449,5.741159599502929,0.00025431255320958245,negative_hard,10.0,1,1,0,1,0,0,1,0,0,0,-1,0,0,0,1,1,0,0,0,0
sim_0005_n3_seed47,47,0.001,3,680.8000000000001,2,body_2,8.648712297334397,4.926411902220734,0.00038453528406924786,0.0007270199455578866,6.875256165040038,15.309258122236008,0,2.343190313136916,4.667976968592777,-70.90145888361096,9.294988295414227e-07,182.16787061503612,5.304657277769046e-15,2.343190313136916,0-2,11,39.5,39500,,,,,0,6.875256165040038,15.325446566243905,2.343190313136916,4.667976968592777,0.00022859535919442757,negative_hard,10.0,1,0,1,1,0,0,0,0,0,0,-1,0,0,0,1,1,0,0,0,0
sim_0005_n3_seed47,47,0.001,3,681.0,2,body_2,8.648712297334397,4.926411902220734,0.0003710199742425405,0.0006101451419007975,5.546776460423914,10.13875230789197,0,2.6086765955267466,4.214313360143882,-70.9014512896475,1.0366046143987646e-06,182.16787061503595,4.368541287574509e-15,2.6086765955267466,0-2,11,39.69999999999993,39700,,,,,0,5.546776460423914,10.137341102900379,2.6086765955267466,4.214313360143882,0.0002206154499631234,negative_baseline,20.0,0,0,0,0,0,0,0,0,0,0,-1,0,0,0,1,1,0,0,0,0
sim_0005_n3_seed47,47,0.001,3,682.0,2,body_2,8.648712297334397,4.926411902220734,0.0003599743486524447,0.0004064068058875373,3.293531313732205,3.038625725491481,0,3.3840272184431806,3.1003667914225423,-70.9014471276476,1.0953057482496441e-06,182.16787061503587,3.90048329247724e-15,3.3840272184431806,0-2,11,40.69999999999993,40700,,,,,0,3.293531313732205,3.036448264939832,3.3840272184431806,3.1003667914225423,0.00021382863483678126,negative_baseline,20.0,0,0,0,0,0,0,0,0,0,0,-1,0,0,0,1,1,0,0,0,0
sim_0005_n3_seed47,47,0.001,3,683.0,2,body_2,8.648712297334397,4.926411902220734,0.00038884442551876666,0.0005201282492900904,4.280757299043342,5.86695608151168,0,2.967872559293911,3.6684339335179676,-70.90144800067586,1.0829924974621766e-06,182.16787061503575,3.2764059656808815e-15,2.967872559293911,0-2,11,41.69999999999993,41700,,,,,0,4.280757299043342,5.854893816948778,2.967872559293911,3.6684339335179676,0.0002305745052199666,negative_baseline,20.0,0,0,0,0,0,0,0,0,0,0,-1,0,0,0,1,1,0,0,0,0
sim_0005_n3_seed47,47,0.001,3,683.5,2,body_2,8.648712297334397,4.926411902220734,0.00042601059147620416,0.000774228096407313,6.780800578437301,14.939892834005382,0,2.3586358762033677,4.640120192226882,-70.90145821803114,9.388862132517043e-07,182.16787061503544,1.560193316990896e-15,2.3586358762033677,0-2,11,42.19999999999993,42200,,,,,0,6.780800578437301,14.922314599089294,2.3586358762033677,4.640120192226882,0.00025251715205525923,negative_hard,10.0,1,0,0,1,0,0,0,0,0,0,-1,0,0,0,1,1,0,0,0,0
sim_0005_n3_seed47,47,0.001,3,684.0,2,body_2,8.648712297334397,4.926411902220734,0.00047272282150046056,0.0012039791404854935,11.241948499747433,35.018117394371416,0,1.8322482639682443,5.729762075534301,-70.90153230944594,-1.0610421573602798e-07,182.1678706150353,7.80096658495448e-16,1.8322482639682443,0-2,11,42.69999999999993,42700,,,,,0,11.241948499747433,35.39799375544619,1.8322482639682443,5.729762075534301,0.00028043314253373516,negative_hard,10.0,1,1,0,1,0,0,1,0,0,0,-1,0,0,0,1,1,0,0,0,0
sim_0005_n3_seed47,47,0.001,3,684.5,2,body_2,8.648712297334397,4.926411902220734,0.00044101600906192484,0.0009528837862818483,8.500820811963273,22.316779750949433,0,2.107293225270726,5.120766032190365,-70.90147619811476,6.852938725995774e-07,182.16787061503487,-1.560193316990896e-15,2.107293225270726,0-2,11,43.19999999999993,43200,,,,,0,8.500820811963273,22.401623420913175,2.107293225270726,5.120766032190365,0.00026214051162432885,negative_hard,10.0,1,1,1,1,0,0,0,0,0,0,-1,0,0,0,1,1,0,0,0,0
sim_0005_n3_seed47,47,0.001,3,685.0,2,body_2,8.648712297334397,4.926411902220734,0.00040122781591878093,0.0006125237258737851,4.9658536401175954,8.083948422089614,0,2.7570283842225525,3.9807959084280355,-70.90144939118474,1.0633806641608278e-06,182.1678706150347,-2.4963093071854337e-15,2.7570283842225525,0-2,11,43.69999999999993,43700,,,,,0,4.9658536401175954,8.080746180810596,2.7570283842225525,3.9807959084280355,0.0002387197695939184,negative_baseline,20.0,0,0,0,0,0,0,0,0,0,0,-1,0,0,0,1,1,0,0,0,0
sim_0005_n3_seed47,47,0.001,3,685.5500000000001,2,body_2,8.648712297334397,4.926411902220734,0.0003912612179693033,0.00047112500771351117,3.5618874114499293,3.7552594002416577,0,3.254651128662446,3.271327477712861,-70.9014472626736,1.0934013322349377e-06,182.16787061503462,-2.9643673022827025e-15,3.254651128662446,0-2,11,44.25,44250,,,,,0,3.5618874114499293,3.7531327279709714,3.254651128662446,3.271327477712861,0.00023269540318334754,negative_hard,10.0,0,0,0,0,0,0,0,0,0,0,-1,0,0,0,1,1,0,0,0,0
sim_0005_n3_seed47,47,0.001,3,686.0,2,body_2,8.648712297334397,4.926411902220734,0.00039575249068698516,0.0004433282723927831,3.2669069680686507,2.969039728397701,0,3.397678579255243,3.0825654944078478,-70.9014471193228,1.0954231618593282e-06,182.16787061503476,-2.1842706437872543e-15,3.397678579255243,0-2,11,44.69999999999993,44700,,,,,0,3.2669069680686507,2.966605591724654,3.397678579255243,3.0825654944078478,0.00023517418406329636,negative_baseline,20.0,0,0,0,0,0,0,0,0,0,0,-1,0,0,0,1,1,0,0,0,0
sim_0005_n3_seed47,47,0.001,3,687.0,2,body_2,8.648712297334397,4.926411902220734,0.0004317741236428893,0.0006133808146878045,4.674959094376614,7.125872616489118,0,2.8400362970771496,3.8554405576393136,-70.90144871493936,1.0729184756529473e-06,182.16787061503462,-2.9643673022827025e-15,2.8400362970771496,0-2,11,45.69999999999993,45700,,,,,0,4.674959094376614,7.110364142964808,2.8400362970771496,3.8554405576393136,0.0002560791370038124,negative_baseline,20.0,0,0,0,0,0,0,0,0,0,0,-1,0,0,0,1,1,0,0,0,0
sim_0005_n3_seed47,47,0.001,3,687.5,2,body_2,8.648712297334397,4.926411902220734,0.00047852889295875244,0.000953975331024149,7.802471647579092,19.249743423586402,0,2.198898624018242,4.9384014799975375,-70.90146759972531,8.065661510495837e-07,182.16787061503456,-3.2764059656808815e-15,2.198898624018242,0-2,11,46.19999999999993,46200,,,,,0,7.802471647579092,19.256392402973635,2.198898624018242,4.9384014799975375,0.0002837058420622275,negative_hard,10.0,1,1,1,1,0,0,0,0,0,0,-1,0,0,0,1,1,0,0,0,0
sim_0005_n3_seed47,47,0.001,3,688.0,2,body_2,8.648712297334397,4.926411902220734,0.0005167840438178899,0.0013376713851346975,11.465705368713671,36.05770428084592,0,1.8143500650692141,5.77319698033317,-70.90153868826985,-1.960715885246129e-07,182.16787061503473,-2.3402899754863442e-15,1.8143500650692141,0-2,11,46.69999999999993,46700,,,,,0,11.465705368713671,36.49647864184476,1.8143500650692141,5.77319698033317,0.0003067516122674009,negative_hard,10.0,1,1,0,1,0,0,1,0,0,0,-1,0,0,0,1,1,0,0,0,0
sim_0005_n3_seed47,47,0.001,3,688.5,2,body_2,8.648712297334397,4.926411902220734,0.000467058411141603,0.0009222945638504568,7.376573155274606,17.398476036956197,0,2.2622371761803,4.81736467780894,-70.90146319373409,8.68708555365101e-07,182.1678706150347,-2.4963093071854337e-15,2.2622371761803,0-2,11,47.19999999999993,47200,,,,,0,7.376573155274606,17.428983879437254,2.2622371761803,4.81736467780894,0.00027784565945080265,negative_hard,10.0,1,1,1,1,0,0,0,0,0,0,-1,0,0,0,1,1,0,0,0,0
sim_0005_n3_seed47,47,0.001,3,689.0,2,body_2,8.648712297334397,4.926411902220734,0.00043184585589200455,0.0006172238875222011,4.510225089354833,6.574709214104602,0,2.8929218383698423,3.777027043834868,-70.90144837507073,1.0777120063364197e-06,182.16787061503481,-1.8722319803890754e-15,2.8929218383698423,0-2,11,47.69999999999993,47700,,,,,0,4.510225089354833,6.571411136036856,2.8929218383698423,3.777027043834868,0.0002571140797251855,negative_baseline,20.0,0,0,0,0,0,0,0,0,0,0,-1,0,0,0,1,1,0,0,0,0
sim_0005_n3_seed47,47,0.001,3,689.65,2,body_2,8.648712297334397,4.926411902220734,0.00042640770541807043,0.0004894326996009145,3.3515646106533783,3.1888558051446942,0,3.354933458299658,3.1384084619030097,-70.9014471545501,1.094926313560643e-06,182.16787061503476,-2.1842706437872543e-15,3.354933458299658,0-2,11,48.34999999999991,48350,,,,,0,3.3515646106533783,3.1868006104632904,3.354933458299658,3.1384084619030097,0.000253695036694847,negative_hard,10.0,0,0,0,0,0,0,0,0,0,0,-1,0,0,0,1,1,0,0,0,0
sim_0005_n3_seed47,47,0.001,3,690.0,2,body_2,8.648712297334397,4.926411902220734,0.0004319445094019614,0.00048393885607970615,3.274195886190812,2.9883495303601375,0,3.3937556983864874,3.087696256431534,-70.9014471242291,1.0953539630994257e-06,182.16787061503496,-1.0921353218936272e-15,3.3937556983864874,0-2,11,48.69999999999993,48700,,,,,0,3.274195886190812,2.9855170260885022,3.3937556983864874,3.087696256431534,0.00025680120099718246,negative_baseline,20.0,0,0,0,0,0,0,0,0,0,0,-1,0,0,0,1,1,0,0,0,0
sim_0005_n3_seed47,47,0.001,3,691.0,2,body_2,8.648712297334397,4.926411902220734,0.0004773574648537692,0.0007264357206703244,5.178398752150908,8.836216136238097,0,2.6984960969662506,4.07157953534944,-70.90145003579828,1.0542889903523453e-06,182.16787061503453,-3.4324252973799714e-15,2.6984960969662506,0-2,11,49.69999999999993,49700,,,,,0,5.178398752150908,8.816900006905907,2.6984960969662506,4.07157953534944,0.00028317195637883,negative_baseline,20.0,0,0,0,0,0,0,0,0,0,0,-1,0,0,0,1,1,0,0,0,0
sim_0005_n3_seed47,47,0.001,3,691.45,2,body_2,8.648712297334397,4.926411902220734,0.0005276253101598622,0.0011103398405374488,8.473608708608307,22.210345802569826,0,2.110061518203873,5.115072604992368,-70.90147593091544,6.890624703353943e-07,182.16787061503462,-2.9643673022827025e-15,2.110061518203873,0-2,11,50.14999999999998,50150,,,,,0,8.473608708608307,22.24882878407069,2.110061518203873,5.115072604992368,0.00031288593638924034,negative_hard,10.0,1,1,1,1,0,0,0,0,0,0,-1,0,0,0,1,1,0,0,0,0
sim_0005_n3_seed47,47,0.001,3,691.95,2,body_2,8.648712297334397,4.926411902220734,0.000556692704091407,0.0014252330865968696,11.24394411305673,35.01032643388823,0,1.8322020676648645,5.7298978381799985,-70.90153241634562,-1.0761193615513212e-07,182.1678706150345,-3.5884446290790605e-15,1.8322020676648645,0-2,11,50.64999999999998,50650,,,,,0,11.24394411305673,35.41457143854562,1.8322020676648645,5.7298978381799985,0.00033061306037520294,negative_hard,10.0,1,1,0,1,0,0,1,0,0,0,-1,0,0,0,1,1,0,0,0,0
sim_0005_n3_seed47,47,0.001,3,692.0,2,body_2,8.648712297334397,4.926411902220734,0.0005527466821968202,0.0013933754012111807,10.94856716858679,33.62378789183834,0,1.856783541138263,5.671113121480739,-70.90152445514791,4.673345916497916e-09,182.16787061503462,-2.9643673022827025e-15,1.856783541138263,0-2,11,50.69999999999993,50700,,,,,0,10.94856716858679,33.979705052791054,1.856783541138263,5.671113121480739,0.00032835490871458675,negative_baseline,20.0,1,1,0,1,0,0,1,0,0,0,-1,0,0,0,1,1,0,0,0,0
sim_0005_n3_seed47,47,0.001,3,692.45,2,body_2,8.648712297334397,4.926411902220734,0.000497726905496264,0.0009329795713194011,6.801506478996626,14.999059462440101,0,2.355995549136216,4.644897610673783,-70.90145835575696,9.369437187779027e-07,182.16787061503476,-2.1842706437872543e-15,2.355995549136216,0-2,11,51.14999999999998,51150,,,,,0,6.801506478996626,15.013671786185451,2.355995549136216,4.644897610673783,0.00029632075208876397,negative_hard,10.0,1,0,0,1,0,0,0,0,0,0,-1,0,0,0,1,1,0,0,0,0
sim_0005_n3_seed47,47,0.001,3,693.0,2,body_2,8.648712297334397,4.926411902220734,0.00046297394349197616,0.0006248548690343372,4.154337672115495,5.462954576720321,0,3.014273242832361,3.6020395863819386,-70.90144782205604,1.0855117636498733e-06,182.16787061503487,-1.560193316990896e-15,3.014273242832361,0-2,11,51.69999999999993,51700,,,,,0,4.154337672115495,5.460022738410423,3.014273242832361,3.6020395863819386,0.00027587389447787837,negative_baseline,20.0,0,0,0,0,0,0,0,0,0,0,-1,0,0,0,1,1,0,0,0,0
sim_0005_n3_seed47,47,0.001,3,693.65,2,body_2,8.648712297334397,4.926411902220734,0.00046155822893267836,0.0005221593209238768,3.292641040323766,3.0337306133018966,0,3.384670941943174,3.099455916475998,-70.901447131867,1.0952462375165588e-06,182.16787061503464,-2.8083479705836126e-15,3.384670941943174,0-2,11,52.34999999999991,52350,,,,,0,3.292641040323766,3.0315362901035092,3.384670941943174,3.099455916475998,0.00027479007934443376,negative_hard,10.0,0,0,0,0,0,0,0,0,0,0,-1,0,0,0,1,1,0,0,0,0
sim_0005_n3_seed47,47,0.001,3,694.0,2,body_2,8.648712297334397,4.926411902220734,0.000468681785255801,0.0005293354300970653,3.315748358387265,3.0978645548930714,0,3.3722458793146983,3.115823220680271,-70.90144714329699,1.0950850281570448e-06,182.16787061503456,-3.2764059656808815e-15,3.3722458793146983,0-2,11,52.69999999999993,52700,,,,,0,3.315748358387265,3.0944660728687845,3.3722458793146983,3.115823220680271,0.00027880007327520665,negative_baseline,20.0,0,0,0,0,0,0,0,0,0,0,-1,0,0,0,1,1,0,0,0,0
sim_0005_n3_seed47,47,0.001,3,695.0,2,body_2,8.648712297334397,4.926411902220734,0.0005262761654552211,0.0008652009142688796,5.818364898622903,11.162720120635948,0,2.545809884878443,4.317360178749726,-70.90145251215125,1.0193623370458103e-06,182.1678706150348,-2.028251312088165e-15,2.545809884878443,0-2,11,53.69999999999993,53700,,,,,0,5.818364898622903,11.140727155856387,2.545809884878443,4.317360178749726,0.0003122626039219305,negative_baseline,20.0,0,0,0,0,0,0,0,0,0,0,-1,0,0,0,1,1,0,0,0,0
sim_0005_n3_seed47,47,0.001,3,695.2,2,body_2,8.648712297334397,4.926411902220734,0.0005505771000056036,0.0010469575800521784,7.264388408342713,16.94542942777751,0,2.2786664414739763,4.786566941133171,-70.90146224722992,8.820581155567396e-07,182.16787061503453,-3.4324252973799714e-15,2.2786664414739763,0-2,11,53.89999999999998,53900,,,,,0,7.264388408342713,16.93645461636979,2.2786664414739763,4.786566941133171,0.0003265906311566029,negative_hard,10.0,1,1,0,1,0,0,0,0,0,0,-1,0,0,0,1,1,0,0,0,0
sim_0005_n3_seed47,47,0.001,3,695.7,2,body_2,8.648712297334397,4.926411902220734,0.000603968632231967,0.0015549549459812433,11.434340410220788,35.90043715346801,0,1.8167929430988323,5.76722087283161,-70.90153789236886,-1.8484614605099973e-07,182.16787061503442,-4.05650262417633e-15,1.8167929430988323,0-2,11,54.39999999999998,54400,,,,,0,11.434340410220788,36.325542633538184,1.8167929430988323,5.76722087283161,0.00035854576127452285,negative_hard,10.0,1,1,0,1,0,0,1,0,0,0,-1,0,0,0,1,1,0,0,0,0
sim_0005_n3_seed47,47,0.001,3,696.0,2,body_2,8.648712297334397,4.926411902220734,0.0005810063011333048,0.0013778978539938384,9.913032135355527,28.771235458758692,0,1.9514578661061734,5.453245537471806,-70.90150040559243,3.4386993654223444e-07,182.1678706150347,-2.4963093071854337e-15,1.9514578661061734,0-2,11,54.69999999999993,54700,,,,,0,9.913032135355527,28.983303440111147,1.9514578661061734,5.453245537471806,0.00034549558202246454,negative_baseline,20.0,1,1,1,1,0,0,1,0,0,0,-1,0,0,0,1,1,0,0,0,0
sim_0005_n3_seed47,47,0.001,3,696.2,2,body_2,8.648712297334397,4.926411902220734,0.0005524180551574312,0.0011397268596670495,7.920915261868811,19.73613295118897,0,2.1832160731080856,4.96906268822472,-70.90146890929688,7.880958631833633e-07,182.16787061503467,-2.652328638884523e-15,2.1832160731080856,0-2,11,54.89999999999998,54900,,,,,0,7.920915261868811,19.788754211654776,2.1832160731080856,4.96906268822472,0.0003288863155660021,negative_hard,10.0,1,1,1,1,0,0,0,0,0,0,-1,0,0,0,1,1,0,0,0,0
sim_0005_n3_seed47,47,0.001,3,697.0,2,body_2,8.648712297334397,4.926411902220734,0.0004946304204779168,0.0006357828698732262,3.8780255279254012,4.641938140874715,0,3.119796601026083,3.4544751241682343,-70.90144751474891,1.0898460446622384e-06,182.167870615034,-6.3967925996626735e-15,3.119796601026083,0-2,11,55.69999999999993,55700,,,,,0,3.8780255279254012,4.6394037735900495,3.119796601026083,3.4544751241682343,0.0002950353628988366,negative_baseline,20.0,0,0,0,0,0,0,0,0,0,0,-1,0,0,0,1,1,0,0,0,0
sim_0005_n3_seed47,47,0.001,3,697.5,2,body_2,8.648712297334397,4.926411902220734,0.0004946891031698005,0.0005621890759806789,3.3052890568061963,3.0655364573925854,0,3.378322357974274,3.1077018627407353,-70.90144713836202,1.0951546313864547e-06,182.16787061503402,-6.240773267963584e-15,3.378322357974274,0-2,11,56.19999999999993,56200,,,,,0,3.3052890568061963,3.0633880137009686,3.378322357974274,3.1077018627407353,0.00029486192535069846,negative_hard,10.0,0,0,0,0,0,0,0,0,0,0,-1,0,0,0,1,1,0,0,0,0
sim_0005_n3_seed47,47,0.001,3,698.0,2,body_2,8.648712297334397,4.926411902220734,0.0005061450732258013,0.0005808286787282131,3.3935090850669476,3.304812652068109,0,3.333151093103271,3.167207186316868,-70.90144718098523,1.0945534706422882e-06,182.16787061503408,-5.928734604565405e-15,3.333151093103271,0-2,11,56.69999999999993,56700,,,,,0,3.3935090850669476,3.300638139325536,3.333151093103271,3.167207186316868,0.00030129756993448666,negative_hard,10.0,0,0,0,0,0,0,0,0,0,0,-1,0,0,0,1,1,0,0,0,0
sim_0005_n3_seed47,47,0.001,3,699.0,2,body_2,8.648712297334397,4.926411902220734,0.0005791710454103964,0.0010365224756910692,6.623756622102305,14.30373305459625,0,2.386063531522795,4.591207873365699,-70.90145716096559,9.537951386858079e-07,182.167870615034,-6.3967925996626735e-15,2.386063531522795,0-2,11,57.69999999999993,57700,,,,,0,6.623756622102305,14.284718278954141,2.386063531522795,4.591207873365699,0.00034374156230021117,negative_baseline,20.0,1,0,0,1,0,0,0,0,0,0,-1,0,0,0,1,1,0,0,0,0
sim_0005_n3_seed47,47,0.001,3,699.4,2,body_2,8.648712297334397,4.926411902220734,0.0006356265681411724,0.0015255414316987805,10.35242547567535,30.83547264574629,0,1.9091546771192047,5.5489017648432775,-70.9015100623339,2.0767058825222256e-07,182.16787061503408,-5.928734604565405e-15,1.9091546771192047,0-2,11,58.09999999999991,58100,,,,,0,10.35242547567535,31.060546338653477,1.9091546771192047,5.5489017648432775,0.0003772116282912842,negative_hard,10.0,1,1,1,1,0,0,1,0,0,0,-1,0,0,0,1,1,0,0,0,0
sim_0005_n3_seed47,47,0.001,3,699.9,2,body_2,8.648712297334397,4.926411902220734,0.0006196046251207856,0.0014498371021805223,9.712298421404526,27.83127275611246,0,1.9715857909987236,5.408577862870721,-70.90149641993062,4.000839857877124e-07,182.1678706150341,-5.7727152728663156e-15,1.9715857909987236,0-2,11,58.59999999999991,58600,,,,,0,9.712298421404526,28.02069971174459,1.9715857909987236,5.408577862870721,0.00036867453519080014,negative_hard,10.0,1,1,1,1,0,0,1,0,0,0,-1,0,0,0,1,1,0,0,0,0
sim_0005_n3_seed47,47,0.001,3,700.0,2,body_2,8.648712297334397,4.926411902220734,0.0006040138916044808,0.001320507867306743,8.70032523338715,23.195076227949077,0,2.083167036407827,5.170353256498223,-70.90147913264956,6.439049913307682e-07,182.16787061503413,-5.616695941167225e-15,2.083167036407827,0-2,11,58.69999999999993,58700,,,,,0,8.70032523338715,23.29375766614559,2.083167036407827,5.170353256498223,0.0003596541172385416,negative_baseline,20.0,1,1,1,1,0,0,0,0,0,0,-1,0,0,0,1,1,0,0,0,0
sim_0005_n3_seed47,47,0.001,3,701.0,2,body_2,8.648712297334397,4.926411902220734,0.000526777673424893,0.0006503101462123693,3.666087977689725,4.03735464059993,0,3.208701981209936,3.3330246922758757,-70.90144734025984,1.0923070506050846e-06,182.1678706150338,-7.488927921556301e-15,3.208701981209936,0-2,11,59.69999999999993,59700,,,,,0,3.666087977689725,4.035116692309883,3.208701981209936,3.3330246922758757,0.0003146175089351235,negative_baseline,20.0,0,0,0,0,0,0,0,0,0,0,-1,0,0,0,1,1,0,0,0,0
sim_0005_n3_seed47,47,0.001,3,701.25,2,body_2,8.648712297334397,4.926411902220734,0.0005266708564951666,0.0006111301892912085,3.3831502757741236,3.268385282395459,0,3.3396381746340578,3.1583778797806987,-70.90144717349497,1.0946591137483546e-06,182.16787061503376,-7.644947253255391e-15,3.3396381746340578,0-2,11,59.94999999999993,59950,,,,,0,3.3831502757741236,3.266347557807584,3.3396381746340578,3.1583778797806987,0.00031445374086208757,negative_hard,10.0,0,0,0,0,0,0,0,0,0,0,-1,0,0,0,1,1,0,0,0,0
sim_0005_n3_seed47,47,0.001,3,701.75,2,body_2,8.648712297334397,4.926411902220734,0.0005358710770502973,0.0006065288494305241,3.3127882769794796,3.0888614398035568,0,3.3736810401365416,3.1138629529969384,-70.90144714538272,1.0950556109173896e-06,182.16787061503334,-9.985237228741735e-15,3.3736810401365416,0-2,11,60.44999999999993,60450,,,,,0,3.3127882769794796,3.0855145928004215,3.3736810401365416,3.1138629529969384,0.00031954792216632187,negative_hard,10.0,0,0,0,0,0,0,0,0,0,0,-1,0,0,0,1,1,0,0,0,0
sim_0005_n3_seed47,47,0.001,3,702.0,2,body_2,8.648712297334397,4.926411902220734,0.0005445854883806524,0.0006400433402428422,3.5112014294943434,3.623539542605931,0,3.2764904135066004,3.2423444010524087,-70.9014472469586,1.093622977716891e-06,182.16787061503334,-9.985237228741735e-15,3.2764904135066004,0-2,11,60.69999999999993,60700,,,,,0,3.5112014294943434,3.618314777874363,3.2764904135066004,3.2423444010524087,0.0003244753972966454,negative_baseline,20.0,0,0,0,0,0,0,0,0,0,0,-1,0,0,0,1,1,0,0,0,0
sim_0005_n3_seed47,47,0.001,3,703.0,2,body_2,8.648712297334397,4.926411902220734,0.0006363768314094523,0.0012465738989446663,7.613319505597538,18.43221538749672,0,2.2256482258646817,4.886851454827487,-70.90146569412529,8.334428652147558e-07,182.1678706150337,-7.95698591665357e-15,2.2256482258646817,0-2,11,61.69999999999993,61700,,,,,0,7.613319505597538,18.432970168908863,2.2256482258646817,4.886851454827487,0.00037782885598240846,negative_hard,10.0,1,1,1,1,0,0,0,0,0,0,-1,0,0,0,1,1,0,0,0,0
sim_0005_n3_seed47,47,0.001,3,703.5,2,body_2,8.648712297334397,4.926411902220734,0.0006909669709704016,0.0017792644991108438,11.455473634551003,35.979448705461074,0,1.8151673348720212,5.7711747704516085,-70.90153861693679,-1.9506550209221785e-07,182.16787061503368,-8.11300524835266e-15,1.8151673348720212,0-2,11,62.19999999999993,62200,,,,,0,11.455473634551003,36.41451404863756,1.8151673348720212,5.7711747704516085,0.0004105478305357403,negative_hard,10.0,1,1,0,1,0,0,1,0,0,0,-1,0,0,0,1,1,0,0,0,0
sim_0005_n3_seed47,47,0.001,3,704.0,2,body_2,8.648712297334397,4.926411902220734,0.0006244858020609826,0.0012492479858456924,7.5533370047792765,18.132264927754576,0,2.235958803393335,4.867219060549007,-70.90146497842039,8.435372165272962e-07,182.16787061503376,-7.644947253255391e-15,2.235958803393335,0-2,11,62.69999999999993,62700,,,,,0,7.5533370047792765,18.169313756277866,2.235958803393335,4.867219060549007,0.0003724932210105125,negative_hard,10.0,1,1,1,1,0,0,0,0,0,0,-1,0,0,0,1,1,0,0,0,0
sim_0005_n3_seed47,47,0.001,3,705.0,2,body_2,8.648712297334397,4.926411902220734,0.0005593304433149813,0.0006687729527911904,3.5074057575765494,3.5984910019725276,0,3.2804997723727944,3.236600014796131,-70.90144723923615,1.0937318956630387e-06,182.16787061503447,-3.744463960778151e-15,3.2804997723727944,0-2,11,63.69999999999993,63700,,,,,0,3.5074057575765494,3.596418686930135,3.2804997723727944,3.236600014796131,0.00033464249939549746,negative_baseline,20.0,0,0,0,0,0,0,0,0,0,0,-1,0,0,0,1,1,0,0,0,0
sim_0005_n3_seed47,47,0.001,3,705.4,2,body_2,8.648712297334397,4.926411902220734,0.0005634041368295513,0.0006358885181312379,3.271952333722602,2.9770115094778773,0,3.395317611828967,3.0853689144822947,-70.90144712795365,1.0953014317703008e-06,182.16787061503416,-5.460676609468136e-15,3.395317611828967,0-2,11,64.09999999999991,64100,,,,,0,3.271952333722602,2.9745720506953983,3.395317611828967,3.0853689144822947,0.00033682400143291997,negative_hard,10.0,0,0,0,0,0,0,0,0,0,0,-1,0,0,0,1,1,0,0,0,0
sim_0005_n3_seed47,47,0.001,3,705.9,2,body_2,8.648712297334397,4.926411902220734,0.0005794518122168856,0.0006853008574845566,3.536030674231233,3.691981128418457,0,3.2646795248323994,3.258092342785877,-70.90144726449792,1.0933756019212448e-06,182.16787061503436,-4.368541287574509e-15,3.2646795248323994,0-2,11,64.59999999999991,64600,,,,,0,3.536030674231233,3.6865442428844784,3.2646795248323994,3.258092342785877,0.00034582309853190555,negative_hard,10.0,0,0,0,0,0,0,0,0,0,0,-1,0,0,0,1,1,0,0,0,0
sim_0005_n3_seed47,47,0.001,3,706.0,2,body_2,8.648712297334397,4.926411902220734,0.0005843547959205086,0.000709063544955773,3.6746886095333546,4.077902374807562,0,3.2023012958664903,3.3420433565548087,-70.90144735991557,1.0920298248395222e-06,182.1678706150343,-4.6805799509726884e-15,3.2023012958664903,0-2,11,64.69999999999993,64700,,,,,0,3.6746886095333546,4.071261508291474,3.2023012958664903,3.3420433565548087,0.0003486019538374861,negative_baseline,20.0,0,0,0,0,0,0,0,0,0,0,-1,0,0,0,1,1,0,0,0,0
sim_0005_n3_seed47,47,0.001,3,707.0,2,body_2,8.648712297334397,4.926411902220734,0.0006973983840872973,0.0014961581484092192,8.766223603446223,23.52363196787741,0,2.074194504518453,5.188883494798892,-70.9014803367502,6.269222727638204e-07,182.16787061503473,-2.3402899754863442e-15,2.074194504518453,0-2,11,65.69999999999993,65700,,,,,0,8.766223603446223,23.581914476598982,2.074194504518453,5.188883494798892,0.00041427729539583307,negative_hard,10.0,1,1,1,1,0,0,0,0,0,0,-1,0,0,0,1,1,0,0,0,0
sim_0005_n3_seed47,47,0.001,3,707.5,2,body_2,8.648712297334397,4.926411902220734,0.0007265170337832569,0.0018326627745298986,11.051794196044074,34.06836391579887,0,1.848222629797585,5.691468031392575,-70.90152738510895,-3.665102687533561e-08,182.1678706150348,-2.028251312088165e-15,1.848222629797585,0-2,11,66.19999999999993,66200,,,,,0,11.051794196044074,34.441255588402,1.848222629797585,5.691468031392575,0.00043229932148784115,negative_hard,10.0,1,1,0,1,0,0,1,0,0,0,-1,0,0,0,1,1,0,0,0,0
sim_0005_n3_seed47,47,0.001,3,708.0,2,body_2,8.648712297334397,4.926411902220734,0.0006443353864672425,0.0011807634524902224,6.575155334721105,14.059158241170195,0,2.396871042873059,4.572195817220075,-70.90145679207879,9.589979436057917e-07,182.16787061503447,-3.744463960778151e-15,2.396871042873059,0-2,11,66.69999999999993,66700,,,,,0,6.575155334721105,14.069376952891716,2.396871042873059,4.572195817220075,0.00038525299536911156,negative_hard,10.0,1,0,0,1,0,0,0,0,0,0,-1,0,0,0,1,1,0,0,0,0
sim_0005_n3_seed47,47,0.001,3,709.0,2,body_2,8.648712297334397,4.926411902220734,0.000592138009418755,0.0006916104975461252,3.3941326703762265,3.291341653437797,0,3.3348725812545124,3.1643668995875274,-70.90144717950584,1.0945743360977613e-06,182.1678706150343,-4.6805799509726884e-15,3.3348725812545124,0-2,11,67.69999999999993,67700,,,,,0,3.3941326703762265,3.2893037023094753,3.3348725812545124,3.1643668995875274,0.00035516265024645484,negative_baseline,20.0,0,0,0,0,0,0,0,0,0,0,-1,0,0,0,1,1,0,0,0,0
sim_0005_n3_seed47,47,0.001,3,709.5500000000001,2,body_2,8.648712297334397,4.926411902220734,0.0006035970959122957,0.0006890259848647659,3.3360577953275987,3.1488457480226573,0,3.3615972647168504,3.129475471669199,-70.90144715649419,1.094898894015528e-06,182.16787061503476,-2.1842706437872543e-15,3.3615972647168504,0-2,11,68.25,68250,,,,,0,3.3360577953275987,3.145260445122905,3.3615972647168504,3.129475471669199,0.0003615074920096111,negative_hard,10.0,0,0,0,0,0,0,0,0,0,0,-1,0,0,0,1,1,0,0,0,0
sim_0005_n3_seed47,47,0.001,3,710.0,2,body_2,8.648712297334397,4.926411902220734,0.0006259600175380543,0.0007906691741550883,3.8925780533865595,4.705495655277701,0,3.1106152011355857,3.4675842907276113,-70.90144755548938,1.0892714382030955e-06,182.16787061503476,-2.1842706437872543e-15,3.1106152011355857,0-2,11,68.69999999999993,68700,,,,,0,3.8925780533865595,4.69695051724948,3.1106152011355857,3.4675842907276113,0.0003741004047020499,negative_baseline,20.0,0,0,0,0,0,0,0,0,0,0,-1,0,0,0,1,1,0,0,0,0
sim_0005_n3_seed47,47,0.001,3,710.0500000000001,2,body_2,8.648712297334397,4.926411902220734,0.0006294776084116158,0.0008097698924577744,4.001206276377307,5.02612200935048,0,3.068009439799793,3.526856706694713,-70.90144767246888,1.087621551361996e-06,182.1678706150349,-1.4041739852918063e-15,3.068009439799793,0-2,11,68.75,68750,,,,,0,4.001206276377307,5.016615572290872,3.068009439799793,3.526856706694713,0.0003760966294727793,negative_hard,10.0,0,0,0,0,0,0,0,0,0,0,-1,0,0,0,1,1,0,0,0,0
sim_0005_n3_seed47,47,0.001,3,711.0,2,body_2,8.648712297334397,4.926411902220734,0.0007601152720872514,0.0017709296540371958,9.967895301357514,29.033108508619364,0,1.945233315710711,5.4670721721502895,-70.90150195199368,3.2205938655386834e-07,182.16787061503464,-2.8083479705836126e-15,1.945233315710711,0-2,11,69.69999999999993,69700,,,,,0,9.967895301357514,29.207776511823816,1.945233315710711,5.4670721721502895,0.00045193566768784006,negative_hard,10.0,1,1,1,1,0,0,1,0,0,0,-1,0,0,0,1,1,0,0,0,0
sim_0005_n3_seed47,47,0.001,3,711.5,2,body_2,8.648712297334397,4.926411902220734,0.0007515278263910763,0.001790323652625807,10.07530288264082,29.476213572477974,0,1.9360761871963308,5.487823595485958,-70.90150396573617,2.9365742348777157e-07,182.16787061503447,-3.744463960778151e-15,1.9360761871963308,0-2,11,70.19999999999993,70200,,,,,0,10.07530288264082,29.70825843433906,1.9360761871963308,5.487823595485958,0.000448233538492511,negative_hard,10.0,1,1,1,1,0,0,1,0,0,0,-1,0,0,0,1,1,0,0,0,0
sim_0005_n3_seed47,47,0.001,3,712.0,2,body_2,8.648712297334397,4.926411902220734,0.0006644654453755117,0.001121986307524926,5.781597142364139,10.96851734506262,0,2.5567579355518135,4.299493205755446,-70.9014523424681,1.0217555598720305e-06,182.16787061503425,-4.992618614370867e-15,2.5567579355518135,0-2,11,70.69999999999993,70700,,,,,0,5.781597142364139,10.968815064446721,2.5567579355518135,4.299493205755446,0.00039870143853099386,negative_baseline,20.0,0,0,0,0,0,0,0,0,0,0,-1,0,0,0,1,1,0,0,0,0
sim_0005_n3_seed47,47,0.001,3,713.0,2,body_2,8.648712297334397,4.926411902220734,0.0006249003311499425,0.0007194554240362262,3.321177132419454,3.093454375727076,0,3.37160133853297,3.1156506715941936,-70.90144714089239,1.0951189428651239e-06,182.16787061503436,-4.368541287574509e-15,3.37160133853297,0-2,11,71.69999999999993,71700,,,,,0,3.321177132419454,3.09132105491213,3.37160133853297,3.1156506715941936,0.00037632062655185286,negative_baseline,20.0,0,0,0,0,0,0,0,0,0,0,-1,0,0,0,1,1,0,0,0,0
sim_0005_n3_seed47,47,0.001,3,713.15,2,body_2,8.648712297334397,4.926411902220734,0.0006275689876528655,0.0007136329756379033,3.277252213417962,2.9820304234697916,0,3.3933227672671356,3.08725314290012,-70.90144712248832,1.0953785150799993e-06,182.1678706150346,-3.120386633981792e-15,3.3933227672671356,0-2,11,71.84999999999991,71850,,,,,0,3.277252213417962,2.979604074301208,3.3933227672671356,3.08725314290012,0.0003778165963944245,negative_hard,10.0,0,0,0,0,0,0,0,0,0,0,-1,0,0,0,1,1,0,0,0,0
sim_0005_n3_seed47,47,0.001,3,713.65,2,body_2,8.648712297334397,4.926411902220734,0.0006459563158473607,0.0007668691122426022,3.5281221327354886,3.670426038639953,0,3.2674386157728845,3.2541071836451603,-70.90144725528623,1.0935055242214626e-06,182.16787061503445,-3.90048329247724e-15,3.2674386157728845,0-2,11,72.34999999999991,72350,,,,,0,3.5281221327354886,3.665058276217258,3.2674386157728845,3.2541071836451603,0.00038810083715930634,negative_hard,10.0,0,0,0,0,0,0,0,0,0,0,-1,0,0,0,1,1,0,0,0,0
sim_0005_n3_seed47,47,0.001,3,714.0,2,body_2,8.648712297334397,4.926411902220734,0.0006702072514284434,0.0008888180126476198,4.177240327951472,5.565697040053761,0,3.001293335798043,3.62117484851975,-70.90144790240021,1.0843785839990737e-06,182.16787061503484,-1.7162126486899857e-15,3.001293335798043,0-2,11,72.69999999999993,72700,,,,,0,4.177240327951472,5.5546141230639945,3.001293335798043,3.62117484851975,0.00040174664686185377,negative_baseline,20.0,0,0,0,0,0,0,0,0,0,0,-1,0,0,0,1,1,0,0,0,0
sim_0005_n3_seed47,47,0.001,3,714.15,2,body_2,8.648712297334397,4.926411902220734,0.0006850474177790721,0.0009737069315034155,4.6460962917154465,7.0574731009870755,0,2.845549721282561,3.847955410887511,-70.90144873298905,1.0726639015828242e-06,182.16787061503527,6.240773267963584e-16,2.845549721282561,0-2,11,72.84999999999991,72850,,,,,0,4.6460962917154465,7.042313426766264,2.845549721282561,3.847955410887511,0.00041015672782199317,negative_hard,10.0,0,0,0,0,0,0,0,0,0,0,-1,0,0,0,1,1,0,0,0,0
sim_0005_n3_seed47,47,0.001,3,714.9,2,body_2,8.648712297334397,4.926411902220734,0.000807890822192228,0.0019001235405212743,10.155550230808593,29.903452402068716,0,1.9268504957707298,5.5084832066749545,-70.90150617534525,2.6249294450834285e-07,182.1678706150359,4.05650262417633e-15,1.9268504957707298,0-2,11,73.59999999999991,73600,,,,,0,10.155550230808593,30.10404418538989,1.9268504957707298,5.5084832066749545,0.0004811620613379406,negative_hard,10.0,1,1,1,1,0,0,1,0,0,0,-1,0,0,0,1,1,0,0,0,0
sim_0005_n3_seed47,47,0.001,3,715.0,2,body_2,8.648712297334397,4.926411902220734,0.0008201556811813052,0.0020291153003885168,10.956506542213152,33.61991518858072,0,1.8555335167671347,5.673832314460152,-70.90152533025787,-7.6692653886867e-09,182.1678706150359,4.05650262417633e-15,1.8555335167671347,0-2,11,73.69999999999993,73700,,,,,0,10.956506542213152,33.94837485452746,1.8555335167671347,5.673832314460152,0.0004884835870469587,negative_baseline,20.0,1,1,0,1,0,0,1,0,0,0,-1,0,0,0,1,1,0,0,0,0
sim_0005_n3_seed47,47,0.001,3,715.4,2,body_2,8.648712297334397,4.926411902220734,0.0007899617327866016,0.0018514426486304142,9.859643855610239,28.43751930770785,0,1.9575800593967783,5.4397244246346865,-70.90149951362747,3.564502718942367e-07,182.1678706150358,3.5884446290790605e-15,1.9575800593967783,0-2,11,74.09999999999991,74100,,,,,0,9.859643855610239,28.643792410152837,1.9575800593967783,5.4397244246346865,0.0004723199455878879,negative_hard,10.0,1,1,1,1,0,0,1,0,0,0,-1,0,0,0,1,1,0,0,0,0
sim_0005_n3_seed47,47,0.001,3,716.0,2,body_2,8.648712297334397,4.926411902220734,0.0006847486424392589,0.0010741452440833,5.152789011499979,8.675160159567453,0,2.7098890595663785,4.054427180815297,-70.90144996496375,1.055288045469183e-06,182.16787061503575,3.2764059656808815e-15,2.7098890595663785,0-2,11,74.69999999999993,74700,,,,,0,5.152789011499979,8.672470361372977,2.7098890595663785,4.054427180815297,0.0004133788959727099,negative_baseline,20.0,0,0,0,0,0,0,0,0,0,0,-1,0,0,0,1,1,0,0,0,0
sim_0005_n3_seed47,47,0.001,3,717.0,2,body_2,8.648712297334397,4.926411902220734,0.0006568273710542694,0.0007533990190534975,3.286367506100753,2.9882117199654634,0,3.3906885927726838,3.089215615611994,-70.90144709589725,1.0957535573263554e-06,182.1678706150357,2.9643673022827025e-15,3.3906885927726838,0-2,11,75.69999999999993,75700,,,,,0,3.286367506100753,2.985843570141445,3.3906885927726838,3.089215615611994,0.0003985726472604001,negative_baseline,20.0,0,0,0,0,0,0,0,0,0,0,-1,0,0,0,1,1,0,0,0,0
sim_0005_n3_seed47,47,0.001,3,717.25,2,body_2,8.648712297334397,4.926411902220734,0.0006644384361507958,0.0007632809496212294,3.314287825997817,3.071815202033254,0,3.3740278390880643,3.1110927063376637,-70.90144710105919,1.0956807530154263e-06,182.1678706150357,2.9643673022827025e-15,3.3740278390880643,0-2,11,75.94999999999993,75950,,,,,0,3.314287825997817,3.0685132529282284,3.3740278390880643,3.1110927063376637,0.00040295259451115064,negative_hard,10.0,0,0,0,0,0,0,0,0,0,0,-1,0,0,0,1,1,0,0,0,0
sim_0005_n3_seed47,47,0.001,3,717.75,2,body_2,8.648712297334397,4.926411902220734,0.0006939072721013532,0.0008808371822633849,3.8803267815787716,4.678437957024491,0,3.1125431147468245,3.4647413515740704,-70.90144750755503,1.0899475075819572e-06,182.167870615036,4.6805799509726884e-15,3.1125431147468245,0-2,11,76.44999999999993,76450,,,,,0,3.8803267815787716,4.669930706898128,3.1125431147468245,3.4647413515740704,0.00041954299465011283,negative_hard,10.0,0,0,0,0,0,0,0,0,0,0,-1,0,0,0,1,1,0,0,0,0
sim_0005_n3_seed47,47,0.001,3,718.0,2,body_2,8.648712297334397,4.926411902220734,0.0007188693042351625,0.0010102400036579495,4.547106062205646,6.760961722426714,0,2.8729816643200548,3.8081293171248114,-70.90144853171105,1.0755027403711115e-06,182.1678706150361,5.148637946069957e-15,2.8729816643200548,0-2,11,76.69999999999993,76700,,,,,0,4.547106062205646,6.746561834339633,2.8729816643200548,3.8081293171248114,0.0004335568848402801,negative_baseline,20.0,0,0,0,0,0,0,0,0,0,0,-1,0,0,0,1,1,0,0,0,0
sim_0005_n3_seed47,47,0.001,3,718.25,2,body_2,8.648712297334397,4.926411902220734,0.0007540089747962262,0.0012182206532600664,5.663876394796782,10.683834693205993,0,2.573439869148663,4.2741777516093675,-70.90145210177481,1.0251503147398527e-06,182.16787061503587,3.90048329247724e-15,2.573439869148663,0-2,11,76.94999999999993,76950,,,,,0,5.663876394796782,10.662731601017365,2.573439869148663,4.2741777516093675,0.00045337575021552783,negative_hard,10.0,0,0,0,0,0,0,0,0,0,0,-1,0,0,0,1,1,0,0,0,0
sim_0005_n3_seed47,47,0.001,3,718.85,2,body_2,8.648712297334397,4.926411902220734,0.0008646005224102378,0.0020991388822035,10.735112524521512,32.59035757932307,0,1.8735112712835498,5.631133678161493,-70.90152023075137,6.425452624562055e-08,182.1678706150359,4.05650262417633e-15,1.8735112712835498,0-2,11,77.54999999999995,77550,,,,,0,10.735112524521512,32.883344539508414,1.8735112712835498,5.631133678161493,0.0005168663838912111,negative_hard,10.0,1,1,0,1,0,0,1,0,0,0,-1,0,0,0,1,1,0,0,0,0
sim_0005_n3_seed47,47,0.001,3,719.0,2,body_2,8.648712297334397,4.926411902220734,0.0008715096134746488,0.0022007751286341683,11.36115270020505,35.428411910651775,0,1.8225336610166742,5.7523511853337626,-70.90153656836915,-1.6617236272079264e-07,182.16787061503584,3.744463960778151e-15,1.8225336610166742,0-2,11,77.69999999999993,77700,,,,,0,11.36115270020505,35.84637777736412,1.8225336610166742,5.7523511853337626,0.0005212827514635704,negative_baseline,20.0,1,1,0,1,0,0,1,0,0,0,-1,0,0,0,1,1,0,0,0,0
sim_0005_n3_seed47,47,0.001,3,719.35,2,body_2,8.648712297334397,4.926411902220734,0.000816347127901924,0.0018127669642320867,9.115485719910897,24.92512708076071,0,2.03756564074529,5.266413282417083,-70.9014857387062,5.507327124013008e-07,182.16787061503638,6.7088312630608525e-15,2.03756564074529,0-2,11,78.04999999999995,78050,,,,,0,9.115485719910897,25.056669396021935,2.03756564074529,5.266413282417083,0.0004913538620960426,negative_hard,10.0,1,1,1,1,0,0,1,0,0,0,-1,0,0,0,1,1,0,0,0,0
sim_0005_n3_seed47,47,0.001,3,719.85,2,body_2,8.648712297334397,4.926411902220734,0.0007199021243547022,0.0011464023339843312,5.292308838061621,9.110544074891388,0,2.678253241580356,4.106785684577791,-70.90145036534761,1.049641003751989e-06,182.1678706150365,7.332908589857212e-15,2.678253241580356,0-2,11,78.54999999999995,78550,,,,,0,5.292308838061621,9.10842245363187,2.678253241580356,4.106785684577791,0.00043915220812799796,negative_hard,10.0,0,0,0,0,0,0,0,0,0,0,-1,0,0,0,1,1,0,0,0,0
sim_0005_n3_seed47,47,0.001,3,720.0,2,body_2,8.648712297334397,4.926411902220734,0.0007032093755518686,0.0010335186500538974,4.66180172377748,6.967093820655964,0,2.85464217461113,3.836804929595032,-70.90144863185465,1.0740903081977324e-06,182.16787061503663,8.11300524835266e-15,2.85464217461113,0-2,11,78.69999999999993,78700,,,,,0,4.66180172377748,6.963978189699193,2.85464217461113,3.836804929595032,0.0004304652426033475,negative_baseline,20.0,0,0,0,0,0,0,0,0,0,0,-1,0,0,0,1,1,0,0,0,0
sim_0005_n3_seed47,47,0.001,3,721.0,2,body_2,8.648712297334397,4.926411902220734,0.0006845789276183095,0.0007966509233301647,3.294337322570608,2.936014725047385,0,3.395909048792053,3.073126599571448,-70.90144686863667,1.0989588563117545e-06,182.16787061503652,7.488927921556301e-15,3.395909048792053,0-2,11,79.69999999999993,79700,,,,,0,3.294337322570608,2.9332270204821502,3.395909048792053,3.073126599571448,0.00042423163099625103,negative_baseline,20.0,0,0,0,0,0,0,0,0,0,0,-1,0,0,0,0,0,0,0,1,0
sim_0005_n3_seed47,47,0.001,3,721.35,2,body_2,8.648712297334397,4.926411902220734,0.0007032073137789975,0.000846856732643227,3.4873098278607686,3.460938232922746,0,3.294703602282576,3.2050833755200774,-70.90144681412457,1.0997276987292796e-06,182.16787061503658,7.80096658495448e-15,3.294703602282576,0-2,11,80.04999999999995,80050,,,,,0,3.4873098278607686,3.4558693027940257,3.294703602282576,3.2050833755200774,0.00043587756321078415,negative_hard,10.0,0,0,0,0,0,0,0,0,0,0,-1,0,0,0,0,0,0,0,1,0
sim_0005_n3_seed47,47,0.001,3,721.85,2,body_2,8.648712297334397,4.926411902220734,0.0007576023293137625,0.0010626299549437014,4.487704833034984,6.541684771885416,0,2.887063360241361,3.7859705679846023,-70.90144776630136,1.086298131542756e-06,182.16787061503655,7.644947253255391e-15,2.887063360241361,0-2,11,80.54999999999995,80550,,,,,0,4.487704833034984,6.527053311121811,2.887063360241361,3.7859705679846023,0.00046752542062421834,negative_hard,10.0,0,0,0,0,0,0,0,0,0,0,-1,0,0,0,0,0,0,0,1,0
sim_0005_n3_seed47,47,0.001,3,722.0,2,body_2,8.648712297334397,4.926411902220734,0.0007823963665184213,0.0011794422396166882,5.063631852820483,8.576858580962181,0,2.7107121177914286,4.059402783485914,-70.90144930081448,1.0646552526049118e-06,182.16787061503666,8.269024580051749e-15,2.7107121177914286,0-2,11,80.69999999999993,80700,,,,,0,5.063631852820483,8.557386511344093,2.7107121177914286,4.059402783485914,0.00048156687294265973,negative_baseline,20.0,0,0,0,0,0,0,0,0,0,0,-1,0,0,0,0,0,0,0,1,0
sim_0005_n3_seed47,47,0.001,3,722.35,2,body_2,8.648712297334397,4.926411902220734,0.0008544629524075759,0.0016076414571424428,7.288393992540122,17.769373422683067,0,2.248489749418613,4.861154913496147,-70.90146482552622,8.45693646508548e-07,182.16787061503663,8.11300524835266e-15,2.248489749418613,0-2,11,81.04999999999995,81050,,,,,0,7.288393992540122,17.769786509481087,2.248489749418613,4.861154913496147,0.0005218856973425206,negative_hard,10.0,1,1,0,1,0,0,0,0,0,0,-1,0,0,0,0,0,0,0,0,0
sim_0005_n3_seed47,47,0.001,3,722.85,2,body_2,8.648712297334397,4.926411902220734,0.0009153235589629204,0.0022644900590621546,11.140338536237588,34.42681525799208,0,1.8352635266661592,5.71813803930282,-70.90153252471265,-1.091403522647576e-07,182.16787061503663,8.11300524835266e-15,1.8352635266661592,0-2,11,81.54999999999995,81550,,,,,0,11.140338536237588,34.81784512085507,1.8352635266661592,5.71813803930282,0.0005563144745468356,negative_hard,10.0,1,1,0,1,0,0,1,0,0,0,-1,0,0,0,1,1,0,0,0,0
sim_0005_n3_seed47,47,0.001,3,723.0,2,body_2,8.648712297334397,4.926411902220734,0.0008961357484509936,0.0021682938222034468,10.737508432853017,32.16688489475389,0,1.876084012053695,5.6159762079093865,-70.90151911786131,7.995080448993077e-08,182.16787061503666,8.269024580051749e-15,1.876084012053695,0-2,11,81.69999999999993,81700,,,,,0,10.737508432853017,32.48619011095986,1.876084012053695,5.6159762079093865,0.0005466133796367279,negative_baseline,20.0,1,1,0,1,0,0,1,0,0,0,-1,0,0,0,1,1,0,0,0,0
sim_0005_n3_seed47,47,0.001,3,723.35,2,body_2,8.648712297334397,4.926411902220734,0.0008155399164823568,0.0016011316585428342,7.765560057334304,18.52584382737718,0,2.2202270924175314,4.899823595730627,-70.90146660020847,8.206634055957392e-07,182.16787061503643,7.020869926459032e-15,2.2202270924175314,0-2,11,82.04999999999995,82050,,,,,0,7.765560057334304,18.570475671658187,2.2202270924175314,4.899823595730627,0.0005068265123087336,negative_hard,10.0,1,1,1,1,0,0,0,0,0,0,-1,0,0,0,0,0,0,0,0,0
sim_0005_n3_seed47,47,0.001,3,723.85,2,body_2,8.648712297334397,4.926411902220734,0.0007283735904641226,0.0010316137592637764,4.804180453685113,7.290319342063103,0,2.8470594803430314,3.905318019969918,-70.90145066313052,1.0454410531160953e-06,182.16787061503655,7.644947253255391e-15,2.8470594803430314,0-2,11,82.54999999999995,82550,,,,,0,4.804180453685113,7.288195975456048,2.8470594803430314,3.905318019969918,0.00046878879132771113,negative_hard,10.0,0,0,0,0,0,0,0,0,0,0,-1,0,0,0,0,0,0,0,1,0
sim_0005_n3_seed47,47,0.001,3,724.0,2,body_2,8.648712297334397,4.926411902220734,0.0007112555102801947,0.0009343369757774745,4.324750726838481,5.819174630090284,0,3.0092960873644663,3.69069493676443,-70.9014508077413,1.0434014526889552e-06,182.1678706150365,7.332908589857212e-15,3.0092960873644663,0-2,11,82.69999999999993,82700,,,,,0,4.324750726838481,5.816903826510335,3.0092960873644663,3.69069493676443,0.0004618126046816873,negative_baseline,20.0,0,0,0,0,0,0,0,0,0,0,-1,0,0,0,0,0,0,0,1,0
sim_0005_n3_seed47,47,0.001,3,725.0,2,body_2,8.648712297334397,4.926411902220734,0.000634287861916965,0.0006701586062531376,3.1808253028625826,2.925942870455072,0,3.55203010567832,3.2065715033838122,-70.90145466923624,9.889386614069544e-07,182.16787061503663,8.11300524835266e-15,3.55203010567832,0-2,11,83.69999999999993,83700,,,,,0,3.1808253028625826,2.925252755303666,3.55203010567832,3.2065715033838122,0.0004070406391166368,negative_baseline,20.0,0,0,0,0,0,0,0,0,0,0,-1,0,0,0,0,0,0,0,1,0
sim_0005_n3_seed47,47,0.001,3,726.0,2,body_2,8.648712297334397,4.926411902220734,0.0005785675637742444,0.0006559350448443671,3.4857353285487407,3.7995882811756347,0,3.3507473553809577,3.721620007335371,-70.9014506980212,1.0449489526239982e-06,182.16787061503675,8.737082575149017e-15,3.3507473553809577,0-2,11,84.69999999999993,84700,,,,,0,3.4857353285487407,3.8007872973267602,3.3507473553809577,3.721620007335371,0.00039655212587894095,negative_baseline,20.0,0,0,0,0,0,0,0,0,0,0,-1,0,0,0,0,0,0,0,1,0
sim_0005_n3_seed47,47,0.001,3,727.0,2,body_2,8.648712297334397,4.926411902220734,0.0005013936717414593,0.0005672114470098089,3.816623047803116,4.717928951013289,0,3.180202705215856,3.9773274741192677,-70.90145229472483,1.0224289342573348e-06,182.1678706150369,9.517179233644466e-15,3.180202705215856,0-2,11,85.69999999999993,85700,,,,,0,3.816623047803116,4.723335231404784,3.180202705215856,3.9773274741192677,0.0004616592957230043,negative_baseline,20.0,0,0,0,0,0,0,0,0,0,0,-1,0,0,0,0,0,0,0,1,0
sim_0005_n3_seed47,47,0.001,3,728.0,2,body_2,8.648712297334397,4.926411902220734,0.0004111601266820859,0.0003724491034816584,3.3471760678232143,3.6849855935737073,0,3.3845281560516156,3.718396710389429,-70.90144980926364,1.0574840505268803e-06,182.16787061503703,1.0297275892139914e-14,3.3845281560516156,0-2,11,86.69999999999993,86700,,,,,0,3.3471760678232143,3.6873229094805784,3.3845281560516156,3.718396710389429,0.0005599039771607808,negative_baseline,20.0,0,0,0,0,0,0,0,0,0,0,-1,0,0,0,0,0,0,0,1,0
sim_0005_n3_seed47,47,0.001,3,729.0,2,body_2,8.648712297334397,4.926411902220734,0.0003589617052040423,0.0002643743918781417,2.916994664292698,2.795096497694237,0,3.6107814579740567,3.4595481364289227,-70.90144835664087,1.0779719423333347e-06,182.16787061503715,1.0921353218936272e-14,3.6107814579740567,0-2,11,87.69999999999993,87700,,,,,0,2.916994664292698,2.795628305830863,3.6107814579740567,3.4595481364289227,0.0006801046205121555,negative_baseline,20.0,0,0,0,0,0,0,0,0,0,0,-1,0,0,0,0,0,0,0,1,0
sim_0005_n3_seed47,47,0.001,3,730.0,2,body_2,8.648712297334397,4.926411902220734,0.00025640549246464374,0.00031517297977157904,2.926115177331259,2.878763296032254,0,3.584982917316123,3.4915591008307527,-70.90144856550911,1.0750260502073383e-06,182.16787061503723,1.138941121403354e-14,3.584982917316123,0-2,11,88.69999999999993,88700,,,,,0,2.926115177331259,2.8789608503513913,3.584982917316123,3.4915591008307527,0.0007895292987461778,negative_baseline,20.0,0,0,0,0,0,0,0,0,0,0,-1,0,0,0,0,0,0,0,1,0
sim_0005_n3_seed47,47,0.001,3,731.0,2,body_2,8.648712297334397,4.926411902220734,0.00019009457600405175,0.00044497548736089184,3.3388998269394534,3.8330242717133434,0,3.3440951791721476,3.7583365071294073,-70.9014503621095,1.049686674332232e-06,182.16787061503786,1.4821836511413512e-14,3.3440951791721476,0-2,11,89.69999999999993,89700,,,,,0,3.3388998269394534,3.8345171261582505,3.3440951791721476,3.7583365071294073,0.0008908391673635066,negative_baseline,20.0,0,0,0,0,0,0,0,0,0,0,-1,0,0,0,0,0,0,0,1,0
sim_0005_n3_seed47,47,0.001,3,732.0,2,body_2,8.648712297334397,4.926411902220734,0.00042300840750677176,0.00046414668106747864,3.780665512926719,4.765964050429738,0,3.1544939068150764,3.9677325847833727,-70.90145250465439,1.019468073352234e-06,182.16787061503788,1.4977855843112603e-14,3.1544939068150764,0-2,11,90.69999999999993,90700,,,,,0,3.780665512926719,4.7705124817954605,3.1544939068150764,3.9677325847833727,0.000996150496396647,negative_baseline,20.0,0,0,0,0,0,0,0,0,0,0,-1,0,0,0,1,1,0,0,0,0
sim_0005_n3_seed47,47,0.001,3,733.0,2,body_2,8.648712297334397,4.926411902220734,0.0005075999799222653,0.0003542367849000083,3.6123089581387076,4.302434823951157,0,3.24210237624018,3.8661967421885737,-70.90145135361418,1.035702423916491e-06,182.16787061503769,1.3885720521218975e-14,3.24210237624018,0-2,11,91.69999999999993,91700,,,,,0,3.6123089581387076,4.306184083452116,3.24210237624018,3.8661967421885737,0.0010699033214642227,negative_baseline,20.0,0,0,0,0,0,0,0,0,0,0,-1,0,0,0,1,1,0,0,0,0
sim_0005_n3_seed47,47,0.001,3,734.0,2,body_2,8.648712297334397,4.926411902220734,0.0004143735922037613,0.00025595081406382017,3.1223016044928267,3.215074314521686,0,3.4943907210886143,3.5987138111738086,-70.90144920525891,1.066002974868285e-06,182.16787061503786,1.4821836511413512e-14,3.4943907210886143,0-2,11,92.69999999999993,92700,,,,,0,3.1223016044928267,3.216558710086253,3.4943907210886143,3.5987138111738086,0.0011098991032023181,negative_baseline,20.0,0,0,0,0,0,0,0,0,0,0,-1,0,0,0,0,0,0,0,1,0
sim_0005_n3_seed47,47,0.001,3,735.0,2,body_2,8.648712297334397,4.926411902220734,0.0003214714333799769,0.0002072961590719835,2.8513619827285943,2.6486057094209685,0,3.657674788236924,3.4256132868776317,-70.90144828215713,1.0790224660947933e-06,182.1678706150379,1.513387517481169e-14,3.657674788236924,0-2,11,93.69999999999993,93700,,,,,0,2.8513619827285943,2.6490573150213463,3.657674788236924,3.4256132868776317,0.0011397473225376667,negative_baseline,20.0,0,0,0,0,0,0,0,0,0,0,-1,0,0,0,0,0,0,0,1,0
sim_0005_n3_seed47,47,0.001,3,736.0,2,body_2,8.648712297334397,4.926411902220734,0.0002480972660119592,0.0002541111553532284,2.9626645692924662,2.875249760339689,0,3.58002567620607,3.49167366938847,-70.90144852510633,1.0755958938275774e-06,182.16787061503814,1.6382029828404407e-14,3.58002567620607,0-2,11,94.69999999999993,94700,,,,,0,2.9626645692924662,2.8753468090459338,3.58002567620607,3.49167366938847,0.0011574780056609205,negative_baseline,20.0,0,0,0,0,0,0,0,0,0,0,-1,0,0,0,0,0,0,0,1,0
sim_0005_n3_seed47,47,0.001,3,736.6,2,body_2,8.648712297334397,4.926411902220734,0.00024540794015559086,0.0002879773331214487,3.2233537226389055,3.4701080702035294,0,3.4177012018777355,3.6655318330635454,-70.90144949642973,1.061896281512051e-06,182.16787061503797,1.544591383820987e-14,3.4177012018777355,0-2,11,95.29999999999995,95300,,,,,0,3.2233537226389055,3.4706797267881826,3.4177012018777355,3.6655318330635454,0.001163321330434043,negative_hard,10.0,0,0,0,0,0,0,0,0,0,0,-1,0,0,0,0,0,0,0,1,0
sim_0005_n3_seed47,47,0.001,3,737.0,2,body_2,8.648712297334397,4.926411902220734,0.00028164115073416366,0.0002892209248696677,3.446508806143885,4.0491571457288,0,3.2893361552569593,3.815867622163354,-70.9014507134626,1.0447311660376984e-06,182.1678706150377,1.4041739852918064e-14,3.2893361552569593,0-2,11,95.69999999999993,95700,,,,,0,3.446508806143885,4.050882340471623,3.2893361552569593,3.815867622163354,0.0011662375669364228,negative_baseline,20.0,0,0,0,0,0,0,0,0,0,0,-1,0,0,0,0,0,0,0,1,0
sim_0005_n3_seed47,47,0.001,3,737.1,2,body_2,8.648712297334397,4.926411902220734,0.00029435656603301073,0.0002851063453696812,3.501770293812714,4.206316375451484,0,3.2586776665700192,3.8532332523698667,-70.90145108798205,1.0394489177344524e-06,182.16787061503766,1.3729701189519885e-14,3.2586776665700192,0-2,11,95.79999999999995,95800,,,,,0,3.501770293812714,4.20848460743237,3.2586776665700192,3.8532332523698667,0.001166816494924876,negative_hard,10.0,0,0,0,0,0,0,0,0,0,0,-1,0,0,0,0,0,0,0,1,0
sim_0005_n3_seed47,47,0.001,3,738.0,2,body_2,8.648712297334397,4.926411902220734,0.0003982074312148139,0.00017377964910637866,3.7822022439540914,5.0177351202304585,0,3.1195400968227256,4.019391930203991,-70.90145322115308,1.009362526371828e-06,182.16787061503743,1.2481546535927168e-14,3.1195400968227256,0-2,11,96.69999999999993,96700,,,,,0,3.7822022439540914,5.023828512810776,3.1195400968227256,4.019391930203991,0.0011639927978305759,negative_baseline,20.0,0,0,0,0,0,0,0,0,0,0,-1,0,0,0,0,0,0,0,1,0
sim_0005_n3_seed47,47,0.001,3,739.0,2,body_2,8.648712297334397,4.926411902220734,0.0003545812283515099,0.00020674361696424592,3.4634870583084143,3.927435581433826,0,3.310268164771831,3.768438453430711,-70.90145026119788,1.0511099387922988e-06,182.1678706150373,1.170144987743172e-14,3.310268164771831,0-2,11,97.69999999999993,97700,,,,,0,3.4634870583084143,3.930010775399863,3.310268164771831,3.768438453430711,0.001133099654090044,negative_baseline,20.0,0,0,0,0,0,0,0,0,0,0,-1,0,0,0,0,0,0,0,1,0
sim_0005_n3_seed47,47,0.001,3,739.1,2,body_2,8.648712297334397,4.926411902220734,0.0003428117209799357,0.000211417608435749,3.416306316239853,3.809268071913675,0,3.3368365565321065,3.739198259266704,-70.90145001187801,1.0546263634194548e-06,182.16787061503734,1.20134885408299e-14,3.3368365565321065,0-2,11,97.79999999999995,97800,,,,,0,3.416306316239853,3.811573183325112,3.3368365565321065,3.739198259266704,0.0011289651145063345,negative_hard,10.0,0,0,0,0,0,0,0,0,0,0,-1,0,0,0,0,0,0,0,1,0
sim_0005_n3_seed47,47,0.001,3,739.6,2,body_2,8.648712297334397,4.926411902220734,0.0002818203674657488,0.00020707156542379356,3.2025669597221813,3.321127115185081,0,3.4610195358781373,3.6191967014672475,-70.90144912954914,1.0670707908035614e-06,182.16787061503743,1.2481546535927168e-14,3.4610195358781373,0-2,11,98.29999999999995,98300,,,,,0,3.2025669597221813,3.3225861322182157,3.4610195358781373,3.6191967014672475,0.0011074330482475033,negative_hard,10.0,0,0,0,0,0,0,0,0,0,0,-1,0,0,0,0,0,0,0,1,0
sim_0005_n3_seed47,47,0.001,3,740.0,2,body_2,8.648712297334397,4.926411902220734,0.00024251866734692644,0.0001799138757442635,3.0710416506566593,3.0526513540828866,0,3.5425037229896765,3.5570745720464827,-70.90144874992762,1.0724249988020254e-06,182.16787061503737,1.2169507872528989e-14,3.5425037229896765,0-2,11,98.69999999999993,98700,,,,,0,3.0710416506566593,3.053855030821307,3.5425037229896765,3.5570745720464827,0.0010891452075726526,negative_baseline,20.0,0,0,0,0,0,0,0,0,0,0,-1,0,0,0,0,0,0,0,1,0
sim_0005_n3_seed47,47,0.001,3,740.1,2,body_2,8.648712297334397,4.926411902220734,0.00023558584468040786,0.00017246007577547716,3.0435179076918115,2.999067926130964,0,3.5602710761968663,3.545258705671806,-70.90144868379275,1.073357769624327e-06,182.16787061503757,1.3261643194422615e-14,3.5602710761968663,0-2,11,98.79999999999995,98800,,,,,0,3.0435179076918115,3.0002415941038536,3.5602710761968663,3.545258705671806,0.0010843219278560742,negative_hard,10.0,0,0,0,0,0,0,0,0,0,0,-1,0,0,0,0,0,0,0,1,0
sim_0005_n3_seed47,47,0.001,3,740.6,2,body_2,8.648712297334397,4.926411902220734,0.00022804963899081696,0.00015387733715892864,2.9302743026361884,2.782613586363857,0,3.637188554913147,3.496527910124788,-70.90144843650805,1.0768454901448844e-06,182.16787061503712,1.0765333887237182e-14,3.637188554913147,0-2,11,99.29999999999995,99300,,,,,0,2.9302743026361884,2.783715101096121,3.637188554913147,3.496527910124788,0.0010577771865690054,negative_hard,10.0,0,0,0,0,0,0,0,0,0,0,-1,0,0,0,0,0,0,0,1,0
sim_0005_n3_seed47,47,0.001,3,741.0,2,body_2,8.648712297334397,4.926411902220734,0.0002613585989588891,0.00017441046979337936,2.8605067771764703,2.642253554196078,0,3.6893571291167873,3.4552338937514024,-70.90144825681679,1.0793798680189e-06,182.16787061503734,1.20134885408299e-14,3.6893571291167873,0-2,11,99.69999999999993,99700,,,,,0,2.8605067771764703,2.6432601159830016,3.6893571291167873,3.4552338937514024,0.001032765329934975,negative_baseline,20.0,0,0,0,0,0,0,0,0,0,0,-1,0,0,0,0,0,0,0,1,0
sim_0005_n3_seed47,47,0.001,3,742.0,2,body_2,8.648712297334397,4.926411902220734,0.0004362322243971281,0.00023500841179367824,2.7853588811290955,2.4420019031946216,0,3.7739267115864195,3.3096163201062394,-70.90144837434792,1.0777222008520602e-06,182.16787061503686,9.361159901945377e-15,3.7739267115864195,0-2,11,100.69999999999993,100700,,,,,0,2.7853588811290955,2.4421407501346852,3.7739267115864195,3.3096163201062394,0.0009556929084751949,negative_baseline,20.0,0,0,0,0,0,0,0,0,0,0,-1,0,0,0,0,0,0,0,1,0
sim_0005_n3_seed47,47,0.001,3,743.0,2,body_2,8.648712297334397,4.926411902220734,0.0005238498334170998,0.00011498213925707937,2.9996126684968885,2.847649378451777,0,3.669447182689925,3.421973286154864,-70.90146262588053,8.767176011961476e-07,182.16787061503655,7.644947253255391e-15,2.90268588091722,0-1,11,101.69999999999993,101700,,,,,0,2.9996126684968885,2.8489321929257505,3.669447182689925,3.421973286154864,0.0009007597385044126,negative_baseline,20.0,0,0,0,0,0,0,0,0,0,0,-1,0,0,0,0,0,0,0,1,0
sim_0005_n3_seed47,47,0.001,3,744.0,2,body_2,8.648712297334397,4.926411902220734,0.0006351586901619528,0.0007080955471943428,2.8045847244399447,2.7521162247557625,0,3.7751612938943278,3.648629811048023,-70.90145160263276,1.0321902486243349e-06,182.16787061503672,8.581063243449928e-15,3.478201408084472,0-1,11,102.69999999999993,102700,,,,,0,2.8045847244399447,2.754893111427962,3.7751612938943278,3.648629811048023,0.0011462022370957,negative_baseline,20.0,0,0,0,0,0,0,0,0,0,0,-1,0,0,0,0,0,0,0,1,0
sim_0005_n3_seed47,47,0.001,3,745.0,2,body_2,8.648712297334397,4.926411902220734,0.0018912419780791293,0.0019329452989026966,2.0855534536972677,1.6614103366804134,0,4.364329979911102,3.2716629412975573,-70.90144654521417,1.1035204295451394e-06,182.16787061503663,8.11300524835266e-15,4.364329979911102,0-2,11,103.69999999999993,103700,,,,,0,2.0855534536972677,1.662040115130808,4.364329979911102,3.2716629412975573,0.0021047812400529797,negative_baseline,20.0,0,0,0,0,0,0,0,0,0,0,-1,0,0,0,0,0,0,0,1,0
sim_0005_n3_seed47,47,0.001,3,746.0,2,body_2,8.648712297334397,4.926411902220734,0.004014795507349035,0.003156409385762178,1.6100403991335537,0.9952093875069374,0,4.958372436910308,2.934842996326037,-70.9014459845516,1.1114280531439351e-06,182.1678706150367,8.425043911750838e-15,4.958372436910308,0-2,11,104.69999999999993,104700,,,,,0,1.6100403991335537,0.9953901491323571,4.958372436910308,2.934842996326037,0.0036766925641149154,negative_baseline,20.0,0,0,0,0,0,0,0,0,0,0,-1,0,0,0,0,0,0,0,1,0
sim_0005_n3_seed47,47,0.001,3,746.7,2,body_2,8.648712297334397,4.926411902220734,0.00591028982348,0.00406428229534396,1.4130157685639788,0.7608664394303097,0,5.29058697262677,2.7822248996119443,-70.90144587528147,1.1129692066357237e-06,182.16787061503715,1.0921353218936272e-14,5.29058697262677,0-2,11,105.39999999999998,105400,,,,,0,1.4130157685639788,0.760973417192824,5.29058697262677,2.7822248996119443,0.005124450740507766,negative_hard,8.0,0,0,0,0,0,0,0,0,0,0,-1,0,0,0,0,0,0,0,1,0
sim_0005_n3_seed47,47,0.001,3,747.0,2,body_2,8.648712297334397,4.926411902220734,0.006829480323579689,0.004491723850576991,1.3506278063013106,0.6932843955830635,0,5.411591684320039,2.732266867975181,-70.90144584716253,1.1133657980072705e-06,182.16787061503703,1.0297275892139914e-14,5.411591684320039,0-2,11,105.69999999999993,105700,,,,,0,1.3506278063013106,0.6933761098992027,5.411591684320039,2.732266867975181,0.005852746175445217,negative_baseline,20.0,0,0,0,0,0,0,0,0,0,0,-1,0,0,0,0,0,0,0,1,0
sim_0005_n3_seed47,47,0.001,3,747.1,2,body_2,8.648712297334397,4.926411902220734,0.007151226694864822,0.004641439323183869,1.3320876135783926,0.6738111985997294,0,5.4493547338090575,2.7171017292142476,-70.90144583885022,1.1134830354382148e-06,182.16787061503703,1.0297275892139914e-14,5.4493547338090575,0-2,11,105.79999999999995,105800,,,,,0,1.3320876135783926,0.6738989599792807,5.4493547338090575,2.7171017292142476,0.006112725452668343,negative_hard,8.0,0,0,0,0,0,0,0,0,0,0,-1,0,0,0,0,0,0,0,1,0
sim_0005_n3_seed47,47,0.001,3,747.5,2,body_2,8.648712297334397,4.926411902220734,0.008521256255677848,0.00528503588340827,1.267312199878667,0.6077486725666819,0,5.588797833402684,2.6618019755880296,-70.90144580765366,1.1139230339241232e-06,182.16787061503712,1.0765333887237182e-14,5.588797833402684,0-2,11,106.19999999999993,106200,,,,,0,1.267312199878667,0.6078243202266047,5.588797833402684,2.6618019755880296,0.007253518775918817,negative_hard,8.0,0,0,0,0,0,0,0,0,0,0,-1,0,0,0,0,0,0,0,1,0
sim_0005_n3_seed47,47,0.001,3,747.9,2,body_2,8.648712297334397,4.926411902220734,0.010039278511468873,0.006017437572175103,1.2148705652301242,0.5559260577100945,0,5.711904243782636,2.611548932263324,-70.90144577497686,1.1143839096909265e-06,182.16787061503706,1.0453295223839003e-14,5.711904243782636,0-2,11,106.59999999999991,106600,,,,,0,1.2148705652301242,0.555993094222536,5.711904243782636,2.611548932263324,0.008590871793758321,negative_hard,8.0,0,0,0,0,0,0,0,0,0,0,-1,0,0,0,0,0,0,0,1,0
sim_0005_n3_seed47,47,0.001,3,748.0,2,body_2,8.648712297334397,4.926411902220734,0.010444830534006758,0.006217411296545422,1.2033519355670326,0.5446227007950758,0,5.740452350592319,2.5992601439352376,-70.90144576587682,1.1145122574061834e-06,182.16787061503712,1.0765333887237182e-14,5.740452350592319,0-2,11,106.69999999999993,106700,,,,,0,1.2033519355670326,0.5446878401549609,5.740452350592319,2.5992601439352376,0.008962797522316055,negative_baseline,20.0,0,0,0,0,0,0,0,0,0,0,-1,0,0,0,0,0,0,0,1,0
sim_0005_n3_seed47,47,0.001,3,748.2,2,body_2,8.648712297334397,4.926411902220734,0.011290572332230988,0.0066407922101460555,1.1819895832435587,0.5236020050575318,0,5.795132156807876,2.574578063411668,-70.90144574587922,1.1147943049373273e-06,182.16787061503723,1.138941121403354e-14,5.689252125613185,0-1,11,106.89999999999998,106900,,,,,0,1.1819895832435587,0.5236634337402611,5.795132156807876,2.574578063411668,0.009759946293880408,negative_pre_failure,1.0,0,0,0,0,0,0,0,0,0,0,-1,0,0,0,0,0,0,1,0,0
sim_0005_n3_seed47,47,0.001,3,748.25,2,body_2,8.648712297334397,4.926411902220734,0.011509629194546187,0.006751884436668577,1.1769785038997742,0.518644360859551,0,5.808321323041014,2.5683442828622414,-70.90144574042796,1.1148711898204585e-06,182.16787061503723,1.138941121403354e-14,5.66305696119387,0-1,11,106.94999999999993,106950,,,,,0,1.1769785038997742,0.5187048574042215,5.808321323041014,2.5683442828622414,0.009971348518184583,negative_pre_failure,1.0,0,0,0,0,0,0,0,0,0,0,-1,0,0,0,0,0,0,1,0,0
sim_0005_n3_seed47,47,0.001,3,748.3000000000001,2,body_2,8.648712297334397,4.926411902220734,0.011731884190914858,0.00686520748511553,1.1720934492593718,0.49356127393164945,0,5.821325055882548,2.562071711616351,-70.90144573476778,1.1149510214383273e-06,182.16787061503723,1.138941121403354e-14,5.635786926521978,0-1,12,0.0,0,0.010187977729589032,107.0,0.011731884190914858,0.00686520748511553,1,1.1720934492593718,0.5138554332850159,5.821325055882548,2.562071711616351,0.010187977729589032,correction,1.0,0,0,0,0,0,0,0,0,0,0,-1,0,0,0,0,0,0,1,0,0
sim_0005_n3_seed47,47,0.001,3,749.0,2,body_2,8.648712297334397,4.926411902220734,5.674479941442255e-08,8.116031181335882e-09,1.1120709449956407,0.4531320325730053,0,5.9962221835890475,2.4655381962536262,-70.9015246726501,1.6056800075431154e-09,182.16787061503524,4.680579950972688e-16,5.12156816931326,0-1,12,0.6999999999999318,700,,,,,0,1.1120709449956407,0.45317563817551715,5.9962221835890475,2.4655381962536262,5.2914881480403014e-08,negative_baseline,20.0,0,0,0,0,0,0,0,0,0,0,-1,0,0,0,0,0,0,1,0,0
sim_0005_n3_seed47,47,0.001,3,750.0,2,body_2,8.648712297334397,4.926411902220734,1.2053218106407688e-07,2.5303724869255135e-08,1.0694824098253706,0.4034266513815127,0,6.17850880805477,2.298769911067671,-70.90152442006918,5.168098710375813e-09,182.16787061503518,1.560193316990896e-16,3.988238702144491,0-1,12,1.6999999999999318,1700,,,,,0,1.0694824098253706,0.4033949533650059,6.17850880805477,2.298769911067671,1.6783637341069327e-07,negative_baseline,20.0,0,0,0,0,0,0,0,0,0,0,-1,0,0,0,0,0,0,1,0,0
sim_0005_n3_seed47,47,0.001,3,751.0,2,body_2,8.648712297334397,4.926411902220734,1.6631460307042852e-07,6.891241722106721e-08,1.0971286134530989,0.5037890375044326,0,6.280773624156622,2.4121495286543464,-70.90154069871076,-2.244269858861749e-07,182.16787061503453,-3.4324252973799714e-15,2.467652659238019,0-1,12,2.699999999999932,2700,,,,,0,1.0971286134530989,0.5035698635483457,6.280773624156622,2.4121495286543464,6.835727601367014e-07,negative_baseline,20.0,0,0,0,0,0,0,0,0,0,0,-1,0,0,0,0,0,0,1,0,0
sim_0005_n3_seed47,47,0.001,3,751.3000000000001,2,body_2,8.648712297334397,4.926411902220734,1.8423296795165072e-07,9.028307733674391e-08,1.1290961088016849,0.5828311692931251,0,6.2886509008955915,2.7769621244689047,-70.90156668516413,-5.909417180347063e-07,182.1678706150347,-2.4963093071854337e-15,2.1808210521409492,0-1,12,3.0,3000,,,,,0,1.1290961088016849,0.5829850576661686,6.2886509008955915,2.7769621244689047,1.11429274147241e-06,negative_hard,10.0,0,0,0,0,0,0,0,0,0,0,-1,0,0,0,0,0,0,1,0,0
sim_0005_n3_seed47,47,0.001,3,751.8000000000001,2,body_2,8.648712297334397,4.926411902220734,2.337554978794353e-07,1.495967185078299e-07,1.1987746732806852,0.6205230184363437,1,5.568827313353864,3.998223965659335,-70.90154544469357,-2.913646550131027e-07,182.1678706150349,-1.4041739852918063e-15,2.3976152849458994,0-1,12,3.5,3500,,,,,0,1.1987746732806852,0.6206595348825561,5.568827313353864,3.998223965659335,2.236234113512304e-06,negative_hard,10.0,0,0,0,0,0,0,0,0,0,0,-1,0,0,0,0,0,0,1,0,0
sim_0005_n3_seed47,47,0.001,3,752.0,2,body_2,8.648712297334397,4.926411902220734,2.634936061425957e-07,1.913029385309246e-07,1.2234171226098556,0.6160530264523216,1,5.352253190657917,3.1104478973784917,-70.90153325893633,-1.1949589367020353e-07,182.1678706150348,-2.028251312088165e-15,2.6717012201053976,0-1,12,3.699999999999932,3700,,,,,0,1.2234171226098556,0.6160684810295961,5.352253190657917,3.1104478973784917,2.7687092533576786e-06,negative_baseline,20.0,0,0,0,0,0,0,0,0,0,0,-1,0,0,0,0,0,0,1,0,0
sim_0005_n3_seed47,47,0.001,3,753.0,2,body_2,8.648712297334397,4.926411902220734,5.895799246837866e-07,6.46075326515975e-07,1.353004394311246,0.6801265736856938,1,4.181339477224191,1.8366146187179548,-70.90152459884396,2.6466468239774116e-09,182.16787061503481,-1.8722319803890754e-15,4.108087231709061,0-1,12,4.699999999999932,4700,,,,,0,1.353004394311246,0.6796169664233138,4.181339477224191,1.8366146187179548,4.865087463461096e-06,negative_baseline,20.0,0,0,0,0,1,0,0,0,0,0,-1,0,0,0,0,0,0,1,0,0
sim_0005_n3_seed47,47,0.001,3,753.4,2,body_2,8.648712297334397,4.926411902220734,9.219821329327155e-07,1.1477365825255341e-06,1.5178151879215918,0.9855444113344074,1,3.4042971081611664,2.433985552866677,-70.9015236734337,1.5698697044120507e-08,182.16787061503453,-3.4324252973799714e-15,3.4042971081611664,1-2,12,5.099999999999909,5100,,,,,0,1.5178151879215918,0.9814497442905049,3.4042971081611664,2.433985552866677,5.3125610185441e-06,negative_hard,10.0,0,0,0,0,1,0,0,0,0,0,-1,0,0,0,0,0,0,1,0,0
sim_0005_n3_seed47,47,0.001,3,753.9,2,body_2,8.648712297334397,4.926411902220734,1.950385140889191e-06,3.2890133643088134e-06,2.5103867058745672,5.104888808302953,1,2.115423739788395,3.593192246027521,-70.90151578493729,1.2695859499819352e-07,182.16787061503462,-2.9643673022827025e-15,2.115423739788395,1-2,12,5.599999999999909,5600,,,,,0,2.5103867058745672,5.026247380657716,2.115423739788395,3.593192246027521,5.627265393560224e-06,negative_hard,10.0,0,0,0,1,1,0,0,0,0,0,-1,0,0,0,0,0,0,1,0,0
sim_0005_n3_seed47,47,0.001,3,754.0,2,body_2,8.648712297334397,4.926411902220734,2.375101624627855e-06,4.483514972865597e-06,3.1430239088987255,8.759330733337938,1,1.8126538714528253,3.9525499777963207,-70.90150960300616,2.1414897835903643e-07,182.16787061503456,-3.2764059656808815e-15,1.8126538714528253,1-2,12,5.699999999999932,5700,,,,,0,3.1430239088987255,8.57911783913162,1.8126538714528253,3.9525499777963207,5.7067694175896294e-06,negative_baseline,20.0,0,0,0,1,1,0,0,0,0,0,-1,0,0,0,0,0,0,1,0,0
sim_0005_n3_seed47,47,0.001,3,754.4,2,body_2,8.648712297334397,4.926411902220734,7.584755900978838e-06,5.168467349042773e-05,17.24083785638497,139.2452275940591,1,0.6795069784967496,6.7240883885767255,-70.90208281926348,-7.87053268467355e-06,182.16787061503422,-5.148637946069957e-15,0.6795069784967496,1-2,12,6.099999999999909,6100,,,,,0,17.24083785638497,166.20213245643677,0.6795069784967496,6.7240883885767255,7.953512927482834e-06,negative_hard,10.0,1,1,1,1,0,0,1,1,0,0,-1,0,0,0,1,1,0,1,0,0
sim_0005_n3_seed47,47,0.001,3,754.9,2,body_2,8.648712297334397,4.926411902220734,1.8291137436087598e-05,2.4989288167808006e-05,0.5185199042786933,7.306358024964921,1,1.9821087256535466,3.8834245289019353,-70.90151200660765,1.8024841709191222e-07,182.167870615034,-6.3967925996626735e-15,1.9821087256535466,1-2,12,6.599999999999909,6600,,,,,0,0.5185199042786933,7.236738776435842,1.9821087256535466,3.8834245289019353,1.4556416028928619e-05,negative_hard,10.0,0,0,0,1,0,1,0,0,0,0,-1,0,0,0,0,0,0,1,0,0
sim_0005_n3_seed47,47,0.001,3,755.0,2,body_2,8.648712297334397,4.926411902220734,1.992113683755906e-05,2.1429081733548523e-05,0.12030369517839568,4.887959470722797,1,2.28834156291438,3.6554185965920496,-70.90151639466092,1.1835901085854087e-07,182.16787061503396,-6.552811931361763e-15,2.28834156291438,1-2,12,6.699999999999932,6700,,,,,0,0.12030369517839568,4.857380420886224,2.28834156291438,3.6554185965920496,1.5945220989158268e-05,negative_baseline,20.0,0,0,0,1,0,1,0,0,0,0,-1,0,0,0,0,0,0,1,0,0
sim_0005_n3_seed47,47,0.001,3,756.0,2,body_2,8.648712297334397,4.926411902220734,2.793722338152589e-05,1.551560311792056e-05,2.637103493314441,3.4557983288845024,0,3.65307924078803,3.4943982759312777,-70.90152288835252,2.6771536259168743e-08,182.16787061503416,-5.460676609468136e-15,3.65307924078803,0-2,12,7.699999999999932,7700,,,,,0,2.637103493314441,3.448643699422261,3.65307924078803,3.4943982759312777,2.570204756888059e-05,negative_baseline,20.0,0,0,0,0,0,0,0,0,0,0,-1,0,0,0,0,0,0,1,0,0
sim_0005_n3_seed47,47,0.001,3,756.45,2,body_2,8.648712297334397,4.926411902220734,3.0145723926278983e-05,3.129471310611645e-05,4.4573599105332935,8.3023498590286,0,2.8876453292646063,4.314536321771817,-70.90152466373078,1.7314786429203194e-09,182.16787061503413,-5.616695941167225e-15,2.8876453292646063,0-2,12,8.149999999999977,8150,,,,,0,4.4573599105332935,8.280315392615517,2.8876453292646063,4.314536321771817,2.9222992488646103e-05,negative_hard,10.0,0,0,0,0,1,0,0,0,0,0,-1,0,0,0,0,0,0,1,0,0
sim_0005_n3_seed47,47,0.001,3,756.95,2,body_2,8.648712297334397,4.926411902220734,4.1142091193634844e-05,7.154333066850564e-05,8.989852012540934,25.93783772645382,0,2.0515113129821207,5.624387273918059,-70.90157435624758,-6.991352085852943e-07,182.16787061503416,-5.460676609468136e-15,2.0515113129821207,0-2,12,8.649999999999977,8650,,,,,0,8.989852012540934,26.112869063343194,2.0515113129821207,5.624387273918059,3.624634256827078e-05,negative_hard,10.0,1,1,1,1,0,0,1,0,0,0,-1,0,0,0,1,1,0,1,0,0
sim_0005_n3_seed47,47,0.001,3,757.0,2,body_2,8.648712297334397,4.926411902220734,4.265103081059488e-05,7.617188290248403e-05,9.50154387037156,28.09707000013344,0,1.9961359626977109,5.735534190554038,-70.90158648724045,-8.702315694617594e-07,182.16787061503416,-5.460676609468136e-15,1.9961359626977109,0-2,12,8.699999999999932,8700,,,,,0,9.50154387037156,28.34658441232905,1.9961359626977109,5.735534190554038,3.7135572767723945e-05,negative_baseline,20.0,1,1,1,1,0,0,1,0,0,0,-1,0,0,0,1,1,0,1,0,0
sim_0005_n3_seed47,47,0.001,3,757.45,2,body_2,8.648712297334397,4.926411902220734,4.471413277677663e-05,6.851446618705043e-05,8.832854595655304,25.30021682634124,0,2.073766747880621,5.589940338939143,-70.90157075169566,-6.482963594660671e-07,182.16787061503433,-4.524560619273598e-15,2.073766747880621,0-2,12,9.149999999999977,9150,,,,,0,8.832854595655304,25.501895070102414,2.073766747880621,5.589940338939143,4.073191903273773e-05,negative_hard,10.0,1,1,1,1,0,0,1,0,0,0,-1,0,0,0,1,1,0,1,0,0
sim_0005_n3_seed47,47,0.001,3,758.0,2,body_2,8.648712297334397,4.926411902220734,2.7337330204082633e-05,2.928878843536817e-05,4.173608415366743,7.129791127192915,0,3.021898837233156,4.144514212419902,-70.90152398183383,1.1349000291797877e-08,182.16787061503413,-5.616695941167225e-15,3.021898837233156,0-2,12,9.699999999999932,9700,,,,,0,4.173608415366743,7.125080839922493,3.021898837233156,4.144514212419902,3.826400968758043e-05,negative_baseline,20.0,0,0,0,0,0,0,0,0,0,0,-1,0,0,0,0,0,0,1,0,0
sim_0005_n3_seed47,47,0.001,3,759.0,2,body_2,8.648712297334397,4.926411902220734,1.9919724370370327e-05,1.979660138672238e-05,1.947407917577787,1.3705404009490836,0,4.4288306530380455,2.6976549884310934,-70.90152408479076,9.896888617487126e-09,182.16787061503402,-6.240773267963584e-15,4.4288306530380455,0-2,12,10.699999999999932,10700,,,,,0,1.947407917577787,1.3700877189372693,4.4288306530380455,2.6976549884310934,4.141515530776564e-05,negative_baseline,20.0,0,0,0,0,0,0,0,0,0,0,-1,0,0,0,0,0,0,1,0,0
sim_0005_n3_seed47,47,0.001,3,760.0,2,body_2,8.648712297334397,4.926411902220734,3.358249700416399e-05,1.337613450423844e-05,1.5775005702349656,0.7272227832000148,0,4.9109827033728575,2.274104564033668,-70.90152439973738,5.454859774428001e-09,182.1678706150338,-7.488927921556301e-15,4.9109827033728575,0-2,12,11.699999999999932,11700,,,,,0,1.5775005702349656,0.7268597157395426,4.9109827033728575,2.274104564033668,4.829914848331238e-05,negative_baseline,20.0,0,0,0,0,0,0,0,0,0,0,-1,0,0,0,0,0,0,1,0,0
sim_0005_n3_seed47,47,0.001,3,761.0,2,body_2,8.648712297334397,4.926411902220734,3.926729126727156e-05,6.537501285532766e-06,1.869325310378803,1.2767295917856925,0,4.488419744622821,2.646964522451232,-70.90152416097553,8.822373480614759e-09,182.16787061503348,-9.205140570246286e-15,4.488419744622821,0-2,12,12.699999999999932,12700,,,,,0,1.869325310378803,1.2749795797789574,4.488419744622821,2.646964522451232,5.322374109472535e-05,negative_baseline,20.0,0,0,0,0,0,0,0,0,0,0,-1,0,0,0,0,0,0,1,0,0
sim_0005_n3_seed47,47,0.001,3,762.0,2,body_2,8.648712297334397,4.926411902220734,3.250522081684541e-05,2.089510642615278e-05,3.7750222183622584,6.1149381796128965,0,3.145190034169864,3.9931879965878165,-70.90152368703923,1.5506803721815754e-08,182.16787061503368,-8.11300524835266e-15,3.145190034169864,0-2,12,13.699999999999932,13700,,,,,0,3.7750222183622584,6.0974122753812345,3.145190034169864,3.9931879965878165,5.453450545529613e-05,negative_baseline,20.0,0,0,0,0,1,0,0,0,0,0,-1,0,0,0,0,0,0,1,0,0
sim_0005_n3_seed47,47,0.001,3,762.0500000000001,2,body_2,8.648712297334397,4.926411902220734,3.212798962723136e-05,2.2376836820593282e-05,3.998519120887581,6.8175249020464115,0,3.056161265545611,4.099798198367219,-70.90152396273743,1.161833729851594e-08,182.16787061503373,-7.80096658495448e-15,3.056161265545611,0-2,12,13.75,13750,,,,,0,3.998519120887581,6.797894088948661,3.056161265545611,4.099798198367219,5.457111373876283e-05,negative_hard,10.0,0,0,0,0,1,0,0,0,0,0,-1,0,0,0,0,0,0,1,0,0
sim_0005_n3_seed47,47,0.001,3,762.5500000000001,2,body_2,8.648712297334397,4.926411902220734,3.5401924275039814e-05,4.518748229137595e-05,7.960343048349466,21.9952375771617,0,2.1714168817270845,5.401137742578995,-70.90155566908767,-4.355702152420069e-07,182.16787061503388,-7.020869926459032e-15,2.1714168817270845,0-2,12,14.25,14250,,,,,0,7.960343048349466,22.067295070337607,2.1714168817270845,5.401137742578995,5.61733377670687e-05,negative_hard,10.0,1,1,1,1,0,0,1,0,0,0,-1,0,0,0,1,1,0,1,0,0
sim_0005_n3_seed47,47,0.001,3,763.0,2,body_2,8.648712297334397,4.926411902220734,4.1232064829274443e-05,5.534534931272841e-05,10.12966919831473,30.95150044869919,0,1.9309721680303338,5.870484559602715,-70.90160410718346,-1.1187444619799184e-06,182.1678706150339,-6.864850594759943e-15,1.9309721680303338,0-2,12,14.699999999999932,14700,,,,,0,10.12966919831473,31.34893854026396,1.9309721680303338,5.870484559602715,5.846765844906322e-05,negative_baseline,20.0,1,1,0,1,0,0,1,0,0,0,-1,0,0,0,1,1,0,1,0,0
sim_0005_n3_seed47,47,0.001,3,763.0500000000001,2,body_2,8.648712297334397,4.926411902220734,4.052307074073343e-05,5.2119093106651085e-05,9.736730960176091,29.27728593705416,0,1.970129047555883,5.788660993546095,-70.90159280880482,-9.59391349729859e-07,182.16787061503402,-6.240773267963584e-15,1.970129047555883,0-2,12,14.75,14750,,,,,0,9.736730960176091,29.607372869339446,1.970129047555883,5.788660993546095,5.842620155439052e-05,negative_hard,10.0,1,1,0,1,0,0,1,0,0,0,-1,0,0,0,1,1,0,1,0,0
sim_0005_n3_seed47,47,0.001,3,764.0,2,body_2,8.648712297334397,4.926411902220734,3.13919642420811e-05,2.1759321775945247e-05,3.0451953539326677,3.847472261933013,0,3.540983607794723,3.5621278735284347,-70.90152343011327,1.913050516710753e-08,182.1678706150341,-5.7727152728663156e-15,3.540983607794723,0-2,12,15.699999999999932,15700,,,,,0,3.0451953539326677,3.844860547583266,3.540983607794723,3.5621278735284347,5.752896106829663e-05,negative_baseline,20.0,0,0,0,0,0,0,0,0,0,0,-1,0,0,0,0,0,0,1,0,0
sim_0005_n3_seed47,47,0.001,3,765.0,2,body_2,8.648712297334397,4.926411902220734,4.683511138188259e-05,2.0798146686912525e-05,1.7466938308752333,1.0211625100578903,0,4.6947524126675235,2.4975233800533787,-70.90152426242229,7.391561395054425e-09,182.1678706150341,-5.7727152728663156e-15,4.6947524126675235,0-2,12,16.699999999999932,16700,,,,,0,1.7466938308752333,1.0209199663036317,4.6947524126675235,2.4975233800533787,6.0784487441897365e-05,negative_baseline,20.0,0,0,0,0,0,0,0,0,0,0,-1,0,0,0,0,0,0,1,0,0
sim_0005_n3_seed47,47,0.001,3,766.0,2,body_2,8.648712297334397,4.926411902220734,5.5897033409596464e-05,1.7566379531671767e-05,1.5606265448120105,0.6981151897962362,0,4.977563911577799,2.2398102494836567,-70.90152437129572,5.856002931166451e-09,182.16787061503413,-5.616695941167225e-15,4.977563911577799,0-2,12,17.699999999999932,17700,,,,,0,1.5606265448120105,0.6976991207608126,4.977563911577799,2.2398102494836567,6.24830497150379e-05,negative_baseline,20.0,0,0,0,0,0,0,0,0,0,0,-1,0,0,0,0,0,0,1,0,0
sim_0005_n3_seed47,47,0.001,3,767.0,2,body_2,8.648712297334397,4.926411902220734,5.203626130800295e-05,1.903613708657061e-05,2.0034612894920154,1.476379106146211,0,4.389626838540199,2.709326437988218,-70.9015238777385,1.2817168082714771e-08,182.16787061503388,-7.020869926459032e-15,4.389626838540199,0-2,12,18.699999999999932,18700,,,,,0,2.0034612894920154,1.4739656990312737,4.389626838540199,2.709326437988218,5.954020075785266e-05,negative_baseline,20.0,0,0,0,0,0,0,0,0,0,0,-1,0,0,0,0,0,0,1,0,0
sim_0005_n3_seed47,47,0.001,3,767.7,2,body_2,8.648712297334397,4.926411902220734,3.8110893931160966e-05,2.6743675470355045e-05,3.3175088259015104,4.636950078431564,0,3.397375021579174,3.658008488934053,-70.90152207030344,3.830935686708216e-08,182.1678706150339,-6.864850594759943e-15,3.397375021579174,0-2,12,19.399999999999977,19400,,,,,0,3.3175088259015104,4.621691605783514,3.397375021579174,3.658008488934053,5.359324158633665e-05,negative_hard,10.0,0,0,0,0,1,0,0,0,0,0,-1,0,0,0,0,0,0,1,0,0
sim_0005_n3_seed47,47,0.001,3,768.0,2,body_2,8.648712297334397,4.926411902220734,2.9574220825139663e-05,3.176529434968104e-05,4.792444965545026,9.518441653533941,0,2.8165408958181186,4.358870317081281,-70.90152154581594,4.570676483078642e-08,182.16787061503393,-6.7088312630608525e-15,2.8165408958181186,0-2,12,19.699999999999932,19700,,,,,0,4.792444965545026,9.479295420758001,2.8165408958181186,4.358870317081281,5.0377161373138135e-05,negative_baseline,20.0,0,0,0,0,1,0,0,0,0,0,-1,0,0,0,0,0,0,1,0,0
sim_0005_n3_seed47,47,0.001,3,768.2,2,body_2,8.648712297334397,4.926411902220734,2.568118800862771e-05,3.567627757167107e-05,6.578431645259166,16.868423044417046,0,2.3957891205515334,4.982495745362456,-70.90152732366975,-3.5784484226924865e-08,182.16787061503368,-8.11300524835266e-15,2.3957891205515334,0-2,12,19.899999999999977,19900,,,,,0,6.578431645259166,16.814935470736184,2.3957891205515334,4.982495745362456,4.856924387912325e-05,negative_hard,10.0,1,1,1,1,1,0,0,0,0,0,-1,0,0,0,0,0,0,1,0,0
sim_0005_n3_seed47,47,0.001,3,768.7,2,body_2,8.648712297334397,4.926411902220734,3.7742412582594464e-05,5.348510175732692e-05,12.936726169378144,49.12547412498861,0,1.6915244850218139,6.419510950962988,-70.90168035043865,-2.1940845963891726e-06,182.16787061503396,-6.552811931361763e-15,1.6915244850218139,0-2,12,20.399999999999977,20400,,,,,0,12.936726169378144,50.22483500945542,1.6915244850218139,6.419510950962988,4.8067189364434485e-05,negative_hard,10.0,1,1,0,1,0,0,1,0,0,0,-1,0,0,0,0,0,0,1,0,0
sim_0005_n3_seed47,47,0.001,3,769.0,2,body_2,8.648712297334397,4.926411902220734,3.634078747804305e-05,3.590941835396921e-05,9.154324779856088,29.50256686733344,0,2.01997054121468,5.662568059642042,-70.90155883141679,-4.801719234794831e-07,182.16787061503373,-7.80096658495448e-15,2.01997054121468,0-2,12,20.699999999999932,20700,,,,,0,9.154324779856088,29.66526024545099,2.01997054121468,5.662568059642042,4.559890089453391e-05,negative_baseline,20.0,1,1,1,1,0,0,1,0,0,0,-1,0,0,0,0,0,0,1,0,0
sim_0005_n3_seed47,47,0.001,3,769.2,2,body_2,8.648712297334397,4.926411902220734,3.3747656959605356e-05,2.9043795577529795e-05,6.4483407647967335,16.20947287085315,0,2.422671288351704,4.924469738073137,-70.901526671967,-2.6592823672124556e-08,182.16787061503362,-8.425043911750838e-15,2.422671288351704,0-2,12,20.899999999999977,20900,,,,,0,6.4483407647967335,16.202351185209537,2.422671288351704,4.924469738073137,4.332405820884901e-05,negative_hard,10.0,1,1,1,1,0,1,0,0,0,0,-1,0,0,0,0,0,0,1,0,0
sim_0005_n3_seed47,47,0.001,3,770.0,2,body_2,8.648712297334397,4.926411902220734,4.278743827243876e-05,2.8183562215819982e-05,2.640736512048748,2.6614794357092704,0,3.874121574584196,3.1756316472025725,-70.90152510384765,-4.475959986470155e-09,182.16787061503373,-7.80096658495448e-15,3.874121574584196,0-2,12,21.699999999999932,21700,,,,,0,2.640736512048748,2.659512985343701,3.874121574584196,3.1756316472025725,3.920488864077567e-05,negative_baseline,20.0,0,0,0,0,0,0,0,0,0,0,-1,0,0,0,0,0,0,1,0,0
sim_0005_n3_seed47,47,0.001,3,771.0,2,body_2,8.648712297334397,4.926411902220734,5.6608434257803955e-05,2.5075511298451264e-05,1.821612034305747,1.0600038738427207,0,4.77086694501081,2.5537746138213393,-70.90152812319906,-4.7061100711771387e-08,182.16787061503368,-8.11300524835266e-15,4.293206214062701,0-1,12,22.699999999999932,22700,,,,,0,1.821612034305747,1.059586432213466,4.77086694501081,2.5537746138213393,3.761952081799513e-05,negative_baseline,20.0,0,0,0,0,0,0,0,0,0,0,-1,0,0,0,0,0,1,1,0,0
sim_0005_n3_seed47,47,0.001,3,772.0,2,body_2,8.648712297334397,4.926411902220734,5.750896712643789e-05,2.2677670718178693e-05,1.8748569410446043,1.2166099799348102,1,4.548999329142242,4.370798423367297,-70.90152593972567,-1.6265241371711496e-08,182.16787061503373,-7.80096658495448e-15,4.548999329142242,1-2,12,23.699999999999932,23700,,,,,0,1.8748569410446043,1.216487218786094,4.548999329142242,4.370798423367297,3.4472748933624025e-05,negative_baseline,20.0,0,0,0,0,0,0,0,0,0,0,-1,0,0,0,0,0,1,1,0,0
sim_0005_n3_seed47,47,0.001,3,773.0,2,body_2,8.648712297334397,4.926411902220734,4.046369085328867e-05,2.9410058287826027e-05,2.7540513232325976,2.8545261066309116,0,3.718300802373766,3.462426591386797,-70.90152450743304,3.935912821103274e-09,182.16787061503362,-8.425043911750838e-15,3.718300802373766,0-2,12,24.699999999999932,24700,,,,,0,2.7540513232325976,2.8472445360255674,3.718300802373766,3.462426591386797,2.4426573042238216e-05,negative_baseline,20.0,0,0,0,0,0,0,0,0,0,0,-1,0,0,0,0,0,0,1,0,0
sim_0005_n3_seed47,47,0.001,3,773.3000000000001,2,body_2,8.648712297334397,4.926411902220734,3.127921680282564e-05,3.2330120258794416e-05,3.5859082485349605,5.0735753885733095,0,3.254714803201743,3.9317481865742887,-70.90152444238774,4.85331620728834e-09,182.16787061503354,-8.893101906848107e-15,3.254714803201743,0-2,12,25.0,25000,,,,,0,3.5859082485349605,5.060361002843,3.254714803201743,3.9317481865742887,1.980625256573987e-05,negative_hard,10.0,0,0,0,0,1,0,0,0,0,0,-1,0,0,0,0,0,0,1,0,0
sim_0005_n3_seed47,47,0.001,3,773.8000000000001,2,body_2,8.648712297334397,4.926411902220734,1.8329816904055994e-05,3.192868220189077e-05,6.528027456698135,15.106086664744412,0,2.4158957443376865,5.047196016929855,-70.90154109140583,-2.299655842775354e-07,182.16787061503373,-7.80096658495448e-15,2.4158957443376865,0-2,12,25.5,25500,,,,,0,6.528027456698135,15.121200066977691,2.4158957443376865,5.047196016929855,1.5206067407102518e-05,negative_hard,10.0,1,0,0,1,0,0,0,0,0,0,-1,0,0,0,0,0,0,1,0,0
sim_0005_n3_seed47,47,0.001,3,774.0,2,body_2,8.648712297334397,4.926411902220734,2.0810942867533316e-05,2.9013024425613345e-05,8.22558022057164,21.680813207790635,0,2.1524637412539214,5.503829342852423,-70.90156897040345,-6.231728911377991e-07,182.1678706150335,-9.049121238547196e-15,2.1524637412539214,0-2,12,25.699999999999932,25700,,,,,0,8.22558022057164,21.823524774653713,2.1524637412539214,5.503829342852423,1.723621935819592e-05,negative_baseline,20.0,1,1,0,1,0,0,1,0,0,0,-1,0,0,0,0,0,0,1,0,0
sim_0005_n3_seed47,47,0.001,3,774.3000000000001,2,body_2,8.648712297334397,4.926411902220734,2.690627653959395e-05,2.499095022879461e-05,9.144760934365591,25.31342368157093,0,2.041704175778891,5.72464924871132,-70.90159195529031,-9.473533222030729e-07,182.16787061503362,-8.425043911750838e-15,2.041704175778891,0-2,12,26.0,26000,,,,,0,9.144760934365591,25.602863160920695,2.041704175778891,5.72464924871132,2.1356984545555516e-05,negative_hard,10.0,1,1,0,1,0,0,1,0,0,0,-1,0,0,0,1,1,0,1,0,0
sim_0005_n3_seed47,47,0.001,3,775.0,2,body_2,8.648712297334397,4.926411902220734,1.7715410509793922e-05,2.505020641425538e-05,4.202947237111716,7.199531102552972,0,3.0167968154994567,4.235927268856311,-70.9015250714719,-4.019330147341742e-09,182.16787061503348,-9.205140570246286e-15,3.0167968154994567,0-2,12,26.699999999999932,26700,,,,,0,4.202947237111716,7.197898655562204,3.0167968154994567,4.235927268856311,2.1923927782486064e-05,negative_baseline,20.0,0,0,0,0,0,0,0,0,0,0,-1,0,0,0,0,0,0,1,0,0
sim_0005_n3_seed47,47,0.001,3,776.0,2,body_2,8.648712297334397,4.926411902220734,3.3693632485932454e-05,2.1741297217972192e-05,1.9194016554746742,1.3875154153503053,0,4.465108417899713,2.7762652853624945,-70.90152404976035,1.0390959946386984e-08,182.16787061503342,-9.517179233644466e-15,4.465108417899713,0-2,12,27.699999999999932,27700,,,,,0,1.9194016554746742,1.3870834989213185,4.465108417899713,2.7762652853624945,3.285641877132257e-05,negative_baseline,20.0,0,0,0,0,0,0,0,0,0,0,-1,0,0,0,0,0,0,1,0,0
sim_0005_n3_seed47,47,0.001,3,777.0,2,body_2,8.648712297334397,4.926411902220734,4.881474622545411e-05,1.096897712033055e-05,1.4782410623116895,0.6697141364223387,0,5.064893580564319,2.293297128846153,-70.90152442154343,5.147305810879658e-09,182.16787061503334,-9.985237228741735e-15,5.064893580564319,0-2,12,28.699999999999932,28700,,,,,0,1.4782410623116895,0.6694737969159902,5.064893580564319,2.293297128846153,4.4442484448070085e-05,negative_baseline,20.0,0,0,0,0,0,0,0,0,0,0,-1,0,0,0,0,0,0,1,0,0
sim_0005_n3_seed47,47,0.001,3,778.0,2,body_2,8.648712297334397,4.926411902220734,5.062234265573217e-05,5.130533277844108e-06,1.5871343771676405,0.9092527261737507,0,4.84382984696183,2.5066275410330983,-70.9015244115154,5.288741862763263e-09,182.16787061503322,-1.0609314555538093e-14,4.84382984696183,0-2,12,29.699999999999932,29700,,,,,0,1.5871343771676405,0.908419926553599,4.84382984696183,2.5066275410330983,5.177886719750915e-05,negative_baseline,20.0,0,0,0,0,0,0,0,0,0,0,-1,0,0,0,0,0,0,1,0,0
sim_0005_n3_seed47,47,0.001,3,779.0,2,body_2,8.648712297334397,4.926411902220734,4.684943814789569e-05,2.785618642359184e-05,2.4780220983463024,2.731360084530368,0,3.8508215363369405,3.3821907541742418,-70.90152438578814,5.651600918328009e-09,182.16787061503322,-1.0609314555538093e-14,3.8508215363369405,0-2,12,30.699999999999932,30700,,,,,0,2.4780220983463024,2.7267922502195256,3.8508215363369405,3.3821907541742418,5.808503772682123e-05,negative_baseline,20.0,0,0,0,0,0,0,0,0,0,0,-1,0,0,0,0,0,0,1,0,0
sim_0005_n3_seed47,47,0.001,3,780.0,2,body_2,8.648712297334397,4.926411902220734,9.265820467340297e-05,0.00011026504652249899,6.433044607011207,14.451564225279727,0,2.4139414746251524,5.072055034547889,-70.90154857437565,-3.355059071860296e-07,182.1678706150334,-9.673198565343556e-15,2.4139414746251524,0-2,12,31.699999999999932,31700,,,,,0,6.433044607011207,14.498959246947615,2.4139414746251524,5.072055034547889,8.089280501487081e-05,negative_baseline,20.0,1,0,0,1,0,0,0,0,0,0,-1,0,0,0,1,1,0,1,0,0
sim_0005_n3_seed47,47,0.001,3,780.1,2,body_2,8.648712297334397,4.926411902220734,9.958403218191607e-05,0.00012461804871254187,6.998722668729796,16.336978161741282,0,2.31720417788302,5.226226210299097,-70.90155747177525,-4.609954452819408e-07,182.16787061503348,-9.205140570246286e-15,2.31720417788302,0-2,12,31.799999999999955,31800,,,,,0,6.998722668729796,16.420494152537618,2.31720417788302,5.226226210299097,8.440564104261457e-05,negative_hard,10.0,1,1,0,1,0,0,0,0,0,0,-1,0,0,0,1,1,0,1,0,0
sim_0005_n3_seed47,47,0.001,3,780.6,2,body_2,8.648712297334397,4.926411902220734,0.000109941261579553,0.00013754334699749807,7.016821630661183,16.20861113100037,0,2.3244650368277138,5.2134564185275725,-70.90155667693686,-4.4978498982664173e-07,182.16787061503348,-9.205140570246286e-15,2.3244650368277138,0-2,12,32.299999999999955,32300,,,,,0,7.016821630661183,16.30683667457219,2.3244650368277138,5.2134564185275725,9.325914856703738e-05,negative_hard,10.0,1,1,0,1,0,0,0,0,0,0,-1,0,0,0,1,1,0,1,0,0
sim_0005_n3_seed47,47,0.001,3,781.0,2,body_2,8.648712297334397,4.926411902220734,8.933624367156953e-05,8.99943564381414e-05,4.777665361163127,8.6980913658428,0,2.8244848516555465,4.491917437611766,-70.90153074225938,-8.400050833306729e-08,182.16787061503362,-8.425043911750838e-15,2.8244848516555465,0-2,12,32.69999999999993,32700,,,,,0,4.777665361163127,8.708397443974611,2.8244848516555465,4.491917437611766,8.988172517360337e-05,negative_baseline,20.0,0,0,0,0,0,0,0,0,0,0,-1,0,0,0,0,0,0,1,0,0
sim_0005_n3_seed47,47,0.001,3,782.0,2,body_2,8.648712297334397,4.926411902220734,3.857808175044337e-05,3.6738102829442294e-05,2.1536957461747903,1.8279928157167185,0,4.234512449125844,3.0543624587073204,-70.90152424911284,7.579278740059918e-09,182.16787061503368,-8.11300524835266e-15,4.234512449125844,0-2,12,33.69999999999993,33700,,,,,0,2.1536957461747903,1.8276490588161485,4.234512449125844,3.0543624587073204,8.96626599146738e-05,negative_baseline,20.0,0,0,0,0,0,0,0,0,0,0,-1,0,0,0,0,0,0,1,0,0
sim_0005_n3_seed47,47,0.001,3,783.0,2,body_2,8.648712297334397,4.926411902220734,2.8626927780888628e-05,2.3098124719110834e-05,1.5374773765883503,0.7582610197941748,0,5.043629882400096,2.399758568489618,-70.9015243063322,6.772252837660745e-09,182.16787061503368,-8.11300524835266e-15,5.043629882400096,0-2,12,34.69999999999993,34700,,,,,0,1.5374773765883503,0.7581476336096589,5.043629882400096,2.399758568489618,0.00010552292879406374,negative_baseline,20.0,0,0,0,0,0,0,0,0,0,0,-1,0,0,0,0,0,0,1,0,0
sim_0005_n3_seed47,47,0.001,3,784.0,2,body_2,8.648712297334397,4.926411902220734,4.097311570556896e-05,2.4250904439352415e-05,1.479773901041812,0.6528649445367605,0,5.170349261822976,2.2566269340182235,-70.90152414780003,9.008201564184072e-09,182.16787061503376,-7.644947253255391e-15,5.170349261822976,0-2,12,35.69999999999993,35700,,,,,0,1.479773901041812,0.6525490268097026,5.170349261822976,2.2566269340182235,0.0001338205222274394,negative_baseline,20.0,0,0,0,0,0,0,0,0,0,0,-1,0,0,0,0,0,0,1,0,0
sim_0005_n3_seed47,47,0.001,3,784.8000000000001,2,body_2,8.648712297334397,4.926411902220734,6.224885598885649e-05,4.660595502981499e-05,1.737985131884359,1.012533739025235,0,4.788658852784828,2.4574217951961126,-70.90152436631918,5.92619242088852e-09,182.1678706150335,-9.049121238547196e-15,4.563977528940691,0-1,12,36.5,36500,,,,,0,1.737985131884359,1.0116139125362669,4.788658852784828,2.4574217951961126,0.00017438905133576244,negative_hard,10.0,0,0,0,0,0,0,0,0,0,0,-1,0,0,0,0,0,0,1,0,0
sim_0005_n3_seed47,47,0.001,3,785.0,2,body_2,8.648712297334397,4.926411902220734,7.188334951505264e-05,5.7474804528524095e-05,1.8649615508081194,1.2033351290169152,0,4.626250233313007,2.5485699948491463,-70.90152485096742,-9.093198085293711e-10,182.1678706150336,-8.581063243449928e-15,4.247696315655142,0-1,12,36.69999999999993,36700,,,,,0,1.8649615508081194,1.202075589928736,4.626250233313007,2.5485699948491463,0.0001892456497434938,negative_baseline,20.0,0,0,0,0,0,0,0,0,0,0,-1,0,0,0,0,0,0,1,0,0
sim_0005_n3_seed47,47,0.001,3,786.0,2,body_2,8.648712297334397,4.926411902220734,0.00018562908369864674,0.00022795725642468353,3.473092387586891,4.564979578123455,0,3.3881336949614984,3.4232042497982995,-70.9015328470155,-1.1368613395029255e-07,182.16787061503388,-7.020869926459032e-15,3.247345277759015,0-1,12,37.69999999999993,37700,,,,,0,3.473092387586891,4.5512234237959355,3.3881336949614984,3.4232042497982995,0.00030845601817009653,negative_baseline,20.0,0,0,0,0,1,0,0,0,0,0,-1,0,0,0,0,0,0,1,0,0
sim_0005_n3_seed47,47,0.001,3,786.45,2,body_2,8.648712297334397,4.926411902220734,0.000327567211511232,0.0005791539549564934,6.089649073679202,13.768709791016228,0,2.5369946743931058,4.488741638190833,-70.9015283813932,-5.070268880885885e-08,182.16787061503373,-7.80096658495448e-15,2.5369946743931058,0-2,12,38.14999999999998,38150,,,,,0,6.089649073679202,13.695617361982787,2.5369946743931058,4.488741638190833,0.00039371611901879933,negative_hard,10.0,0,0,1,0,1,0,0,0,0,0,-1,0,0,0,0,0,0,1,0,0
sim_0005_n3_seed47,47,0.001,3,786.95,2,body_2,8.648712297334397,4.926411902220734,0.000715009782454136,0.002241790034968226,15.957610109401791,68.49847678345097,0,1.5482642266418705,6.553193681791043,-70.90170349977194,-2.5205843911020377e-06,182.16787061503325,-1.0453295223839003e-14,1.5482642266418705,0-2,12,38.64999999999998,38650,,,,,0,15.957610109401791,69.90700880979541,1.5482642266418705,6.553193681791043,0.0005827672329551986,negative_hard,10.0,1,1,1,1,0,0,1,1,0,0,-1,0,0,0,0,0,0,1,0,0
sim_0005_n3_seed47,47,0.001,3,787.0,2,body_2,8.648712297334397,4.926411902220734,0.0007664932127867112,0.0024762034228103316,16.94303298089552,74.20967111238664,0,1.5013601378763461,6.6887379018225,-70.90174900013363,-3.162324633367619e-06,182.16787061503322,-1.0609314555538093e-14,1.5013601378763461,0-2,12,38.69999999999993,38700,,,,,0,16.94303298089552,76.17397334695573,1.5013601378763461,6.6887379018225,0.0006086856184750026,negative_baseline,20.0,1,1,1,1,0,0,1,1,0,0,-1,0,0,0,0,0,0,1,0,0
sim_0005_n3_seed47,47,0.001,3,787.45,2,body_2,8.648712297334397,4.926411902220734,0.0009520643180370151,0.0019782014634666858,9.655095819177516,31.957568200214144,0,1.9690515193909761,5.463461610331295,-70.90154273373335,-2.5312908496910316e-07,182.16787061503314,-1.1077372550635361e-14,1.9690515193909761,0-2,12,39.14999999999998,39150,,,,,0,9.655095819177516,31.993498296446646,1.9690515193909761,5.463461610331295,0.0007291698506750699,negative_hard,10.0,1,1,1,1,0,0,1,0,0,0,-1,0,0,0,0,0,0,1,0,0
sim_0005_n3_seed47,47,0.001,3,788.0,2,body_2,8.648712297334397,4.926411902220734,0.0009101172934828242,0.0009533769949659377,3.743670877866457,6.440744774519249,0,3.040641853325128,3.7554705524128225,-70.9015223007998,3.505842037253446e-08,182.16787061503294,-1.2169507872528989e-14,3.040641853325128,0-2,12,39.69999999999993,39700,,,,,0,3.743670877866457,6.43188034424322,3.040641853325128,3.7554705524128225,0.0007809605824170053,negative_baseline,20.0,0,0,0,0,0,0,0,0,0,0,-1,0,0,0,0,0,0,1,0,0
sim_0005_n3_seed47,47,0.001,3,789.0,2,body_2,8.648712297334397,4.926411902220734,0.0007269742625718909,0.0006000539477617354,1.888309643684457,1.27183799745903,0,4.1995053973078615,2.517051808370741,-70.90152399934803,1.1101978857940136e-08,182.167870615033,-1.185746920913081e-14,4.1995053973078615,0-2,12,40.69999999999993,40700,,,,,0,1.888309643684457,1.2711407367715724,4.1995053973078615,2.517051808370741,0.0008358091155687212,negative_baseline,20.0,0,0,0,0,0,0,0,0,0,0,-1,0,0,0,0,0,0,1,0,0
sim_0005_n3_seed47,47,0.001,3,790.0,2,body_2,8.648712297334397,4.926411902220734,0.0006077596364143617,0.0007165812862556432,1.9772018062994086,1.1558873573815156,0,4.286229741480751,2.36000709356373,-70.90152389439895,1.2582187934588136e-08,182.16787061503354,-8.893101906848107e-15,4.286229741480751,0-2,12,41.69999999999993,41700,,,,,0,1.9772018062994086,1.1541635182790881,4.286229741480751,2.36000709356373,0.0009057226677702042,negative_baseline,20.0,0,0,0,0,0,0,0,0,0,0,-1,0,0,0,0,0,0,1,0,0
sim_0005_n3_seed47,47,0.001,3,791.0,2,body_2,8.648712297334397,4.926411902220734,0.0011295667426012939,0.001596984166572268,3.9312284173390526,6.383153015274011,0,3.094354466626884,3.705965390524198,-70.90151940038096,7.596612783887678e-08,182.16787061503442,-4.05650262417633e-15,3.094354466626884,0-2,12,42.69999999999993,42700,,,,,0,3.9312284173390526,6.35080118468929,3.094354466626884,3.705965390524198,0.001164794464530001,negative_baseline,20.0,0,0,0,0,1,0,0,0,0,0,-1,0,0,0,1,1,0,1,0,0
sim_0005_n3_seed47,47,0.001,3,791.0500000000001,2,body_2,8.648712297334397,4.926411902220734,0.0011864996585758487,0.001723036421163163,4.2005592907550255,7.321130822330953,0,2.9946456836248547,3.8381202155438885,-70.9015186679486,8.629640453155448e-08,182.16787061503447,-3.744463960778151e-15,2.9946456836248547,0-2,12,42.75,42750,,,,,0,4.2005592907550255,7.281094697512971,2.9946456836248547,3.8381202155438885,0.0011900429900321753,negative_hard,10.0,0,0,0,0,1,0,0,0,0,0,-1,0,0,0,1,1,0,1,0,0
sim_0005_n3_seed47,47,0.001,3,791.5500000000001,2,body_2,8.648712297334397,4.926411902220734,0.0021441977822567056,0.005405660535785518,11.530045151658289,46.37865219085548,0,1.8108374092618975,5.9165804605540595,-70.90154277370118,-2.536927940015238e-07,182.1678706150341,-5.7727152728663156e-15,1.8108374092618975,0-2,12,43.25,43250,,,,,0,11.530045151658289,46.209445595938504,1.8108374092618975,5.9165804605540595,0.001645387182657231,negative_hard,10.0,1,1,1,1,1,0,1,0,0,0,-1,0,0,0,1,1,0,1,0,0
sim_0005_n3_seed47,47,0.001,3,792.0,2,body_2,8.648712297334397,4.926411902220734,0.002982455688795307,0.009801246420166446,17.354479929226677,85.82036416759837,0,1.4755777122927505,6.830121594497461,-70.90170900097002,-2.5981736685036006e-06,182.16787061503436,-4.368541287574509e-15,1.4755777122927505,0-2,12,43.69999999999993,43700,,,,,0,17.354479929226677,87.85362947396229,1.4755777122927505,6.830121594497461,0.0021093439623184026,negative_baseline,20.0,1,1,1,1,0,0,1,1,0,0,-1,0,0,0,1,1,0,1,0,0
sim_0005_n3_seed47,47,0.001,3,792.0500000000001,2,body_2,8.648712297334397,4.926411902220734,0.0029126550512895643,0.00877362274930373,15.289689123226825,71.803262769686,0,1.571916423348829,6.541698233580794,-70.90162886224789,-1.4678915995750823e-06,182.16787061503445,-3.90048329247724e-15,1.571916423348829,0-2,12,43.75,43750,,,,,0,15.289689123226825,72.77018908671543,1.571916423348829,6.541698233580794,0.002076895178917732,negative_hard,10.0,1,1,1,1,0,0,1,1,0,0,-1,0,0,0,1,1,0,1,0,0
sim_0005_n3_seed47,47,0.001,3,792.5500000000001,2,body_2,8.648712297334397,4.926411902220734,0.0021370705210053058,0.0030861282870845016,4.880253105719833,10.001851280976926,0,2.775039085445418,4.148189234252153,-70.90151693619472,1.107211806475677e-07,182.1678706150343,-4.6805799509726884e-15,2.775039085445418,0-2,12,44.25,44250,,,,,0,4.880253105719833,9.9692843794532,2.775039085445418,4.148189234252153,0.0017352886413816765,negative_hard,10.0,0,0,1,0,0,1,0,0,0,0,-1,0,0,0,1,1,0,1,0,0
sim_0005_n3_seed47,47,0.001,3,793.0,2,body_2,8.648712297334397,4.926411902220734,0.0017360235680898937,0.0019220097606334166,2.870200457901259,3.249505099322946,0,3.604528868669921,3.0903989524960123,-70.90152226627822,3.554531507349204e-08,182.16787061503433,-4.524560619273598e-15,3.604528868669921,0-2,12,44.69999999999993,44700,,,,,0,2.870200457901259,3.245188371175043,3.604528868669921,3.0903989524960123,0.0016075158551353546,negative_baseline,20.0,0,0,0,0,0,0,0,0,0,0,-1,0,0,0,1,1,0,1,0,0
sim_0005_n3_seed47,47,0.001,3,794.0,2,body_2,8.648712297334397,4.926411902220734,0.001424891459139486,0.001400939245248236,1.9177739490616128,1.0034501650584728,0,4.391545626055759,2.2335245446502703,-70.90152421657227,8.038233176486955e-09,182.16787061503467,-2.652328638884523e-15,4.391545626055759,0-2,12,45.69999999999993,45700,,,,,0,1.9177739490616128,1.0027205298626478,4.391545626055759,2.2335245446502703,0.0016124953155829895,negative_baseline,20.0,0,0,0,0,0,0,0,0,0,0,-1,0,0,0,0,0,0,1,0,0
sim_0005_n3_seed47,47,0.001,3,795.0,2,body_2,8.648712297334397,4.926411902220734,0.0018828502277440824,0.001896503744893912,2.47886057735511,2.2318353991278888,0,3.882241862915579,2.780507565959344,-70.90152318047723,2.265138918082127e-08,182.16787061503496,-1.0921353218936272e-15,3.882241862915579,0-2,12,46.69999999999993,46700,,,,,0,2.47886057735511,2.226129812971764,3.882241862915579,2.780507565959344,0.0018930612728243396,negative_baseline,20.0,0,0,0,0,0,0,0,0,0,0,-1,0,0,0,1,1,0,1,0,0
sim_0005_n3_seed47,47,0.001,3,795.75,2,body_2,8.648712297334397,4.926411902220734,0.003094085449011393,0.004654852299238213,5.730395262738943,13.583422037042908,0,2.5645720038366933,4.470174939490295,-70.90151530173246,1.3377374926311594e-07,182.16787061503487,-1.560193316990896e-15,2.5645720038366933,0-2,12,47.44999999999993,47450,,,,,0,5.730395262738943,13.48539417195947,2.5645720038366933,4.470174939490295,0.002475652553506475,negative_hard,10.0,0,0,1,0,1,0,0,0,0,0,-1,0,0,0,1,1,0,1,0,0
sim_0005_n3_seed47,47,0.001,3,796.0,2,body_2,8.648712297334397,4.926411902220734,0.003914769906176062,0.00840571309519312,9.963661166265704,36.50659423521556,0,1.9463612609271597,5.6100494919865795,-70.90152627272103,-2.0961830856025127e-08,182.1678706150348,-2.028251312088165e-15,1.9463612609271597,0-2,12,47.69999999999993,47700,,,,,0,9.963661166265704,36.275987626708584,1.9463612609271597,5.6100494919865795,0.002893605046172135,negative_baseline,20.0,1,1,1,1,1,0,1,0,0,0,-1,0,0,0,1,1,0,1,0,0
sim_0005_n3_seed47,47,0.001,3,796.25,2,body_2,8.648712297334397,4.926411902220734,0.004961650688933984,0.01689238676690305,18.918115360253154,95.96454380469544,0,1.4129125249097279,7.033773510426879,-70.90179181186832,-3.7661442947365216e-06,182.1678706150347,-2.4963093071854337e-15,1.4129125249097279,0-2,12,47.94999999999993,47950,,,,,0,18.918115360253154,98.90124021365703,1.4129125249097279,7.033773510426879,0.00347218639900525,negative_hard,10.0,1,1,1,1,0,0,1,1,0,0,-1,0,0,0,1,1,0,1,0,0
sim_0005_n3_seed47,47,0.001,3,796.75,2,body_2,8.648712297334397,4.926411902220734,0.003962910450738637,0.008918283247753721,9.031214073715306,30.872565261008187,0,2.044612744295146,5.402090416916202,-70.90151989679384,6.896468630324836e-08,182.1678706150347,-2.4963093071854337e-15,2.044612744295146,0-2,12,48.44999999999993,48450,,,,,0,9.031214073715306,30.777083580382076,2.044612744295146,5.402090416916202,0.003085426676158501,negative_hard,10.0,1,1,1,1,0,1,1,0,0,0,-1,0,0,0,1,1,0,1,0,0
sim_0005_n3_seed47,47,0.001,3,797.0,2,body_2,8.648712297334397,4.926411902220734,0.003261374012257435,0.0054136682446966075,5.351184484202909,11.90059790872582,0,2.654771793658906,4.330322975710446,-70.90151599722427,1.2396448481552144e-07,182.16787061503462,-2.9643673022827025e-15,2.654771793658906,0-2,12,48.69999999999993,48700,,,,,0,5.351184484202909,11.858258701603155,2.654771793658906,4.330322975710446,0.0027951690727765735,negative_baseline,20.0,0,0,1,0,0,1,0,0,0,0,-1,0,0,0,1,1,0,1,0,0
sim_0005_n3_seed47,47,0.001,3,798.0,2,body_2,8.648712297334397,4.926411902220734,0.0021834341471278656,0.0023501071355312474,2.1610589000647153,1.4735589937458515,0,4.1629090624797405,2.4720210284463,-70.9015238473501,1.324576806471111e-08,182.1678706150348,-2.028251312088165e-15,4.1629090624797405,0-2,12,49.69999999999993,49700,,,,,0,2.1610589000647153,1.472617978719649,4.1629090624797405,2.4720210284463,0.0025111244070905817,negative_baseline,20.0,0,0,0,0,0,0,0,0,0,0,-1,0,0,0,1,1,0,1,0,0
sim_0005_n3_seed47,47,0.001,3,799.0,2,body_2,8.648712297334397,4.926411902220734,0.0024764647966650584,0.00230903375680243,2.0330016297622207,1.2025714314160212,0,4.287952308283129,2.3396779526765594,-70.9015240745687,1.0041061352550194e-08,182.16787061503453,-3.4324252973799714e-15,4.287952308283129,0-2,12,50.69999999999993,50700,,,,,0,2.0330016297622207,1.2007991501156134,4.287952308283129,2.3396779526765594,0.002753656284922833,negative_baseline,20.0,0,0,0,0,0,0,0,0,0,0,-1,0,0,0,1,1,0,1,0,0
sim_0005_n3_seed47,47,0.001,3,799.85,2,body_2,8.648712297334397,4.926411902220734,0.003691801205529762,0.003918181787441728,3.346829476294875,4.55757123583039,0,3.350492329904122,3.3934869029955097,-70.90152114489712,5.136135156787263e-08,182.16787061503445,-3.90048329247724e-15,3.350492329904122,0-2,12,51.549999999999955,51550,,,,,0,3.346829476294875,4.538958526256334,3.350492329904122,3.3934869029955097,0.003319076349924773,negative_hard,10.0,0,0,0,0,1,0,0,0,0,0,-1,0,0,0,1,1,0,1,0,0
sim_0005_n3_seed47,47,0.001,3,800.0,2,body_2,8.648712297334397,4.926411902220734,0.004056641589306121,0.004700333985831306,3.9834473944617432,6.615283062022755,0,3.072890814639225,3.7435236152176112,-70.90151944812409,7.52927554578811e-08,182.1678706150343,-4.6805799509726884e-15,3.072890814639225,0-2,12,51.69999999999993,51700,,,,,0,3.9834473944617432,6.581635923193558,3.072890814639225,3.7435236152176112,0.003488212310521634,negative_baseline,20.0,0,0,0,0,1,0,0,0,0,0,-1,0,0,0,1,1,0,1,0,0
sim_0005_n3_seed47,47,0.001,3,800.35,2,body_2,8.648712297334397,4.926411902220734,0.005264054363173411,0.008716560118436563,7.196724376410683,20.674064735441714,0,2.28888439930801,4.9345063107114875,-70.9015150096711,1.3789300282061868e-07,182.16787061503456,-3.2764059656808815e-15,2.28888439930801,0-2,12,52.049999999999955,52050,,,,,0,7.196724376410683,20.512065415859603,2.28888439930801,4.9345063107114875,0.004069977744801966,negative_hard,10.0,1,1,1,1,1,0,0,0,0,0,-1,0,0,0,1,1,0,1,0,0
sim_0005_n3_seed47,47,0.001,3,800.8000000000001,2,body_2,8.648712297334397,4.926411902220734,0.007420570461722176,0.02650099297466282,20.46241181130391,105.11344143660648,0,1.358380211836318,7.219147630683283,-70.90189429239871,-5.2115367696611675e-06,182.1678706150346,-3.120386633981792e-15,1.358380211836318,0-2,12,52.5,52500,,,,,0,20.46241181130391,109.61170992790247,1.358380211836318,7.219147630683283,0.005254569280917177,negative_hard,8.0,1,1,1,1,0,0,1,1,0,0,-1,0,0,0,1,1,0,1,0,0
sim_0005_n3_seed47,47,0.001,3,801.0,2,body_2,8.648712297334397,4.926411902220734,0.006807049876136399,0.02248458136876365,16.76543130129836,81.36661303483638,0,1.5008177107614546,6.755383780932942,-70.90168991923173,-2.3290435144666937e-06,182.1678706150346,-3.120386633981792e-15,1.5008177107614546,0-2,12,52.69999999999993,52700,,,,,0,16.76543130129836,83.11106225103977,1.5008177107614546,6.755383780932942,0.0050392533381407,negative_baseline,20.0,1,1,1,1,0,0,1,1,0,0,-1,0,0,0,1,1,0,1,0,0
sim_0005_n3_seed47,47,0.001,3,801.2,2,body_2,8.648712297334397,4.926411902220734,0.005564103568185478,0.013559749585003682,9.897047052708364,35.98106329551588,0,1.953350131991618,5.595738001769882,-70.90152668125731,-2.6723854755947856e-08,182.16787061503487,-1.560193316990896e-15,1.953350131991618,0-2,12,52.89999999999998,52900,,,,,0,9.897047052708364,35.91470383677229,1.953350131991618,5.595738001769882,0.004506658104448047,negative_hard,10.0,1,1,1,1,0,1,1,0,0,0,-1,0,0,0,1,1,0,1,0,0
sim_0005_n3_seed47,47,0.001,3,801.8000000000001,2,body_2,8.648712297334397,4.926411902220734,0.0034803591133407003,0.004948709103909422,3.482095661173147,4.929728158035815,0,3.2905266963087385,3.4651326284886577,-70.90152081662407,5.599133727083394e-08,182.167870615035,-7.80096658495448e-16,3.2905266963087385,0-2,12,53.5,53500,,,,,0,3.482095661173147,4.9202419347766675,3.2905266963087385,3.4651326284886577,0.0037661851931461137,negative_hard,10.0,0,0,0,0,0,0,0,0,0,0,-1,0,0,0,1,1,0,1,0,0
sim_0005_n3_seed47,47,0.001,3,802.0,2,body_2,8.648712297334397,4.926411902220734,0.0031602164184525634,0.004139521542800496,2.8816047732694363,3.194834318514536,0,3.6155530857440024,3.077895243138063,-70.90152234682549,3.440927086461412e-08,182.1678706150349,-1.4041739852918063e-15,3.6155530857440024,0-2,12,53.69999999999993,53700,,,,,0,2.8816047732694363,3.190666515581683,3.6155530857440024,3.077895243138063,0.003694265608082283,negative_baseline,20.0,0,0,0,0,0,0,0,0,0,0,-1,0,0,0,1,1,0,1,0,0
sim_0005_n3_seed47,47,0.001,3,803.0,2,body_2,8.648712297334397,4.926411902220734,0.002920400173402349,0.0029370017864017244,1.9545515421939235,1.0089677222182383,0,4.380489933824894,2.237333116790466,-70.90152422084307,7.97799748492355e-09,182.16787061503496,-1.0921353218936272e-15,4.380489933824894,0-2,12,54.69999999999993,54700,,,,,0,1.9545515421939235,1.008191074280518,4.380489933824894,2.237333116790466,0.0038050014876735284,negative_baseline,20.0,0,0,0,0,0,0,0,0,0,0,-1,0,0,0,1,1,0,1,0,0
sim_0005_n3_seed47,47,0.001,3,804.0,2,body_2,8.648712297334397,4.926411902220734,0.004259527962174086,0.003943656009217673,2.5525604547808736,2.375919501171102,0,3.83396490706583,2.833754741421375,-70.90152311382684,2.3591430833576847e-08,182.167870615035,-7.80096658495448e-16,3.83396490706583,0-2,12,55.69999999999993,55700,,,,,0,2.5525604547808736,2.3696162880512017,3.83396490706583,2.833754741421375,0.0044166137509992695,negative_baseline,20.0,0,0,0,0,0,0,0,0,0,0,-1,0,0,0,1,1,0,1,0,0
sim_0005_n3_seed47,47,0.001,3,804.65,2,body_2,8.648712297334397,4.926411902220734,0.0062606416568477775,0.008074579416170895,5.1077982245066,10.872432262344526,0,2.71509689611521,4.241932206439781,-70.9015168740542,1.1159761496056557e-07,182.1678706150347,-2.4963093071854337e-15,2.71509689611521,0-2,12,56.34999999999991,56350,,,,,0,5.1077982245066,10.802082001229683,2.71509689611521,4.241932206439781,0.005302545882189735,negative_hard,8.0,0,0,0,0,1,0,0,0,0,0,-1,0,0,0,1,1,0,1,0,0
sim_0005_n3_seed47,47,0.001,3,805.0,2,body_2,8.648712297334397,4.926411902220734,0.008254001273135695,0.01749590433310677,10.79701941148606,41.532056550093884,0,1.869182042700264,5.783883308165289,-70.90153703858246,-1.728042836802651e-07,182.16787061503487,-1.560193316990896e-15,1.869182042700264,0-2,12,56.69999999999993,56700,,,,,0,10.79701941148606,41.35019072679045,1.869182042700264,5.783883308165289,0.006264849707777139,negative_baseline,20.0,1,1,1,1,1,0,1,0,0,0,-1,0,0,0,1,1,0,1,0,0
sim_0005_n3_seed47,47,0.001,3,805.0500000000001,2,body_2,8.648712297334397,4.926411902220734,0.008606892998227231,0.02008982528187596,12.333688230213653,51.441570408902,0,1.7490350040091382,6.071454316620448,-70.90156034882179,-5.01573508295748e-07,182.16787061503493,-1.2481546535927168e-15,1.7490350040091382,0-2,12,56.75,56750,,,,,0,12.333688230213653,51.41054896934485,1.7490350040091382,6.071454316620448,0.0064467873279354096,negative_hard,8.0,1,1,1,1,1,0,1,0,0,0,-1,0,0,0,1,1,0,1,0,0
sim_0005_n3_seed47,47,0.001,3,805.45,2,body_2,8.648712297334397,4.926411902220734,0.009092208679796168,0.030751221143585406,17.858023762483885,88.16497840815173,0,1.4541344200139588,6.900907802615952,-70.90174474255215,-3.102275410264433e-06,182.1678706150355,1.8722319803890754e-15,1.4541344200139588,0-2,12,57.14999999999998,57150,,,,,0,17.858023762483885,90.63817966617293,1.4541344200139588,6.900907802615952,0.006915477575500735,negative_hard,8.0,1,1,1,1,0,0,1,1,0,0,-1,0,0,0,1,1,0,1,0,0
sim_0005_n3_seed47,47,0.001,3,805.85,2,body_2,8.648712297334397,4.926411902220734,0.005918329926609032,0.011888907354470462,6.713312110717116,18.11813496285748,0,2.3718648575334456,4.788927048561971,-70.9015151588808,1.3578853895342168e-07,182.16787061503544,1.560193316990896e-15,2.3718648575334456,0-2,12,57.549999999999955,57550,,,,,0,6.713312110717116,18.047877688846032,2.3718648575334456,4.788927048561971,0.00569846741247726,negative_hard,8.0,1,1,1,1,0,1,0,0,0,0,-1,0,0,0,1,1,0,1,0,0
sim_0005_n3_seed47,47,0.001,3,806.0,2,body_2,8.648712297334397,4.926411902220734,0.005156387925419979,0.00908693229108201,5.098085907568068,10.766737924156775,0,2.7215876739580898,4.231512463814445,-70.90151691543493,1.1101397828874006e-07,182.1678706150355,1.8722319803890754e-15,2.7215876739580898,0-2,12,57.69999999999993,57700,,,,,0,5.098085907568068,10.731402196236669,2.7215876739580898,4.231512463814445,0.00545863106883414,negative_baseline,20.0,0,0,1,0,0,1,0,0,0,0,-1,0,0,0,1,1,0,1,0,0
sim_0005_n3_seed47,47,0.001,3,806.25,2,body_2,8.648712297334397,4.926411902220734,0.004276790608949438,0.0065194298839631355,3.619879316497781,5.342141975478534,0,3.229038801187121,3.5420622681325824,-70.90152053532907,5.995874139029599e-08,182.16787061503533,9.361159901945377e-16,3.229038801187121,0-2,12,57.94999999999993,57950,,,,,0,3.619879316497781,5.331269909702129,3.229038801187121,3.5420622681325824,0.005232923982729618,negative_hard,8.0,0,0,0,0,0,0,0,0,0,0,-1,0,0,0,1,1,0,1,0,0
sim_0005_n3_seed47,47,0.001,3,806.65,2,body_2,8.648712297334397,4.926411902220734,0.0035316005384158655,0.004692257068072109,2.56158364136901,2.359750231844358,0,3.8361711406878514,2.8280888715216412,-70.9015231191553,2.351627787364413e-08,182.1678706150351,-3.120386633981792e-16,3.8361711406878514,0-2,12,58.34999999999991,58350,,,,,0,2.56158364136901,2.3574702394019273,3.8361711406878514,2.8280888715216412,0.005124266500914827,negative_hard,8.0,0,0,0,0,0,0,0,0,0,0,-1,0,0,0,1,1,0,1,0,0
sim_0005_n3_seed47,47,0.001,3,807.0,2,body_2,8.648712297334397,4.926411902220734,0.0033397357150898943,0.004012890259473853,2.1595555377308475,1.4322558934368534,0,4.175229410047714,2.4568490617149426,-70.90152390405319,1.244602381603318e-08,182.16787061503476,-2.1842706437872543e-15,4.175229410047714,0-2,12,58.69999999999993,58700,,,,,0,2.1595555377308475,1.4313591105490764,4.175229410047714,2.4568490617149426,0.005168027527513355,negative_baseline,20.0,0,0,0,0,0,0,0,0,0,0,-1,0,0,0,1,1,0,1,0,0
sim_0005_n3_seed47,47,0.001,3,807.0500000000001,2,body_2,8.648712297334397,4.926411902220734,0.0033403282407370055,0.003953843410705752,2.123669425931757,1.3541110152620315,0,4.20994367367174,2.4193664570448763,-70.90152396615674,1.1570111024174374e-08,182.16787061503473,-2.3402899754863442e-15,4.20994367367174,0-2,12,58.75,58750,,,,,0,2.123669425931757,1.3532867688431698,4.20994367367174,2.4193664570448763,0.005181475964111408,negative_hard,8.0,0,0,0,0,0,0,0,0,0,0,-1,0,0,0,1,1,0,1,0,0
sim_0005_n3_seed47,47,0.001,3,807.45,2,body_2,8.648712297334397,4.926411902220734,0.0035518825034370908,0.0037164734354467807,1.96835714683095,1.0230810157763768,0,4.369583533964887,2.2478615436599387,-70.90152421814257,8.01608556470063e-09,182.16787061503493,-1.2481546535927168e-15,4.369583533964887,0-2,12,59.14999999999998,59150,,,,,0,1.96835714683095,1.022320678430491,4.369583533964887,2.2478615436599387,0.0053403755802233005,negative_hard,8.0,0,0,0,0,0,0,0,0,0,0,-1,0,0,0,1,1,0,1,0,0
sim_0005_n3_seed47,47,0.001,3,807.85,2,body_2,8.648712297334397,4.926411902220734,0.004069751170417224,0.003834598582690049,2.00802402439132,1.1150994753788503,0,4.323763991756063,2.2985458862126924,-70.9015241575309,8.870956722346294e-09,182.16787061503493,-1.2481546535927168e-15,4.323763991756063,0-2,12,59.549999999999955,59550,,,,,0,2.00802402439132,1.1136626509519565,4.323763991756063,2.2985458862126924,0.005581639027700186,negative_hard,8.0,0,0,0,0,0,0,0,0,0,0,-1,0,0,0,1,1,0,1,0,0
sim_0005_n3_seed47,47,0.001,3,808.0,2,body_2,8.648712297334397,4.926411902220734,0.004333148190044569,0.003975767110888122,2.074356177946577,1.2611204542419503,0,4.25354351788461,2.374747014909384,-70.9015240510624,1.0372595868244915e-08,182.16787061503496,-1.0921353218936272e-15,4.25354351788461,0-2,12,59.69999999999993,59700,,,,,0,2.074356177946577,1.2591694704128966,4.25354351788461,2.374747014909384,0.005693833560817122,negative_baseline,20.0,0,0,0,0,0,0,0,0,0,0,-1,0,0,0,1,1,0,1,0,0
sim_0005_n3_seed47,47,0.001,3,808.25,2,body_2,8.648712297334397,4.926411902220734,0.0048580736553260695,0.004365243119998105,2.2648454367443196,1.6864951697657955,0,4.0704889003469615,2.5734900161588032,-70.90152371792237,1.507122573887515e-08,182.16787061503513,-1.560193316990896e-16,4.0704889003469615,0-2,12,59.94999999999993,59950,,,,,0,2.2648454367443196,1.683045014452044,4.0704889003469615,2.5734900161588032,0.005911587493409506,negative_hard,8.0,0,0,0,0,0,0,0,0,0,0,-1,0,0,0,1,1,0,1,0,0
sim_0005_n3_seed47,47,0.001,3,808.65,2,body_2,8.648712297334397,4.926411902220734,0.005968803027701572,0.005642373380189917,2.9023894428343073,3.268040730913182,0,3.597006390831138,3.1023423152042175,-70.90152236571754,3.414281605389142e-08,182.16787061503476,-2.1842706437872543e-15,3.597006390831138,0-2,12,60.34999999999991,60350,,,,,0,2.9023894428343073,3.2573537880799592,3.597006390831138,3.1023423152042175,0.006367427634507027,negative_hard,8.0,0,0,0,0,0,0,0,0,0,0,-1,0,0,0,1,1,0,1,0,0
sim_0005_n3_seed47,47,0.001,3,809.0,2,body_2,8.648712297334397,4.926411902220734,0.0073584368766687926,0.008277725352705169,4.220354006454202,7.428837981711865,0,2.985236969192133,3.861066485605202,-70.90151905914993,8.077887383042096e-08,182.16787061503513,-1.560193316990896e-16,2.985236969192133,0-2,12,60.69999999999993,60700,,,,,0,4.220354006454202,7.389215719340971,2.985236969192133,3.861066485605202,0.006949063344009988,negative_baseline,20.0,0,0,0,0,1,0,0,0,0,0,-1,0,0,0,1,1,0,1,0,0
sim_0005_n3_seed47,47,0.001,3,809.0500000000001,2,body_2,8.648712297334397,4.926411902220734,0.007605347152437741,0.008897222229648359,4.529205196848653,8.568897620690697,0,2.882052007656921,4.002483472772462,-70.90151831368016,9.129303101984691e-08,182.16787061503518,1.560193316990896e-16,2.882052007656921,0-2,12,60.75,60750,,,,,0,4.529205196848653,8.519729558181222,2.882052007656921,4.002483472772462,0.007054776477079035,negative_hard,8.0,0,0,0,0,1,0,0,0,0,0,-1,0,0,0,1,1,0,1,0,0
sim_0005_n3_seed47,47,0.001,3,809.45,2,body_2,8.648712297334397,4.926411902220734,0.01027190518103649,0.020031552447415217,10.010110062799336,36.54675314928137,0,1.9408214692694588,5.62359173997672,-70.90152989992234,-7.212012850913058e-08,182.16787061503535,1.0921353218936272e-15,1.9408214692694588,0-2,12,61.14999999999998,61150,,,,,0,10.010110062799336,36.34616975243597,1.9408214692694588,5.62359173997672,0.00826159922588434,negative_hard,8.0,1,1,1,1,1,0,1,0,0,0,-1,0,0,0,1,1,0,1,0,0
sim_0005_n3_seed47,47,0.001,3,809.85,2,body_2,8.648712297334397,4.926411902220734,0.01203017147907232,0.04164682876165085,19.942420754671343,100.71842275515266,0,1.3759592260820146,7.15881311279687,-70.90187146400314,-4.889563502642606e-06,182.16787061503504,-6.240773267963584e-16,1.3759592260820146,0-2,12,61.549999999999955,61550,,,,,0,19.942420754671343,104.91552810166662,1.3759592260820146,7.15881311279687,0.00932223642445391,negative_hard,8.0,1,1,1,1,0,0,1,1,0,0,-1,0,0,0,1,1,0,1,0,0
sim_0005_n3_seed47,47,0.001,3,810.0,2,body_2,8.648712297334397,4.926411902220734,0.010492648853577232,0.03181206799866608,15.012132996112758,68.9447716562922,0,1.5861279159924346,6.505097351949391,-70.9016305921613,-1.4922904176879275e-06,182.1678706150349,-1.4041739852918063e-15,1.5861279159924346,0-2,12,61.69999999999993,61700,,,,,0,15.012132996112758,69.90124310709028,1.5861279159924346,6.505097351949391,0.008767093150922311,negative_baseline,20.0,1,1,1,1,0,0,1,1,0,0,-1,0,0,0,1,1,0,1,0,0
sim_0005_n3_seed47,47,0.001,3,810.25,2,body_2,8.648712297334397,4.926411902220734,0.007789197096416294,0.01709151602832402,7.966480257075009,24.584411128920546,0,2.1777521268336733,5.140540540694007,-70.9015175226301,1.0245005561225005e-07,182.1678706150346,-3.120386633981792e-15,2.1777521268336733,0-2,12,61.94999999999993,61950,,,,,0,7.966480257075009,24.499533365219197,2.1777521268336733,5.140540540694007,0.007836875609766652,negative_hard,8.0,1,1,1,1,0,1,0,0,0,0,-1,0,0,0,1,1,0,1,0,0
sim_0005_n3_seed47,47,0.001,3,810.65,2,body_2,8.648712297334397,4.926411902220734,0.0052739941428087125,0.008675830995877603,3.9936363117023053,6.555939728522339,0,3.0758678905109984,3.738968043705115,-70.90151966802688,7.21912313623541e-08,182.16787061503462,-2.9643673022827025e-15,3.0758678905109984,0-2,12,62.34999999999991,62350,,,,,0,3.9936363117023053,6.540479829302868,3.0758678905109984,3.738968043705115,0.00720338781509327,negative_hard,8.0,0,0,0,0,0,0,0,0,0,0,-1,0,0,0,1,1,0,1,0,0
sim_0005_n3_seed47,47,0.001,3,811.0,2,body_2,8.648712297334397,4.926411902220734,0.004200906334186518,0.006192913555345038,2.816314203495856,2.9860839181449736,0,3.6618548484867284,3.024660785294122,-70.90152259885019,3.085469702626393e-08,182.1678706150347,-2.4963093071854337e-15,3.6618548484867284,0-2,12,62.69999999999993,62700,,,,,0,2.816314203495856,2.982493351189404,3.6618548484867284,3.024660785294122,0.007079780999526393,negative_baseline,20.0,0,0,0,0,0,0,0,0,0,0,-1,0,0,0,1,1,0,1,0,0
sim_0005_n3_seed47,47,0.001,3,811.0500000000001,2,body_2,8.648712297334397,4.926411902220734,0.004105671890297273,0.005978535441303953,2.713796314472373,2.7215615529174073,0,3.7301774589418484,2.946873542322844,-70.90152282919365,2.7605916967509976e-08,182.1678706150347,-2.4963093071854337e-15,3.7301774589418484,0-2,12,62.75,62750,,,,,0,2.713796314472373,2.7185666590959117,3.7301774589418484,2.946873542322844,0.007079340733720781,negative_hard,8.0,0,0,0,0,0,0,0,0,0,0,-1,0,0,0,1,1,0,1,0,0
sim_0005_n3_seed47,47,0.001,3,811.45,2,body_2,8.648712297334397,4.926411902220734,0.0037577447039535542,0.0049044932694572805,2.193033541328896,1.4897372311996375,0,4.147146249837981,2.486340015035067,-70.90152386974174,1.292995494605979e-08,182.1678706150351,-3.120386633981792e-16,4.147146249837981,0-2,12,63.14999999999998,63150,,,,,0,2.193033541328896,1.4887834163211409,4.147146249837981,2.486340015035067,0.007173412955197293,negative_hard,8.0,0,0,0,0,0,0,0,0,0,0,-1,0,0,0,1,1,0,1,0,0
sim_0005_n3_seed47,47,0.001,3,811.85,2,body_2,8.648712297334397,4.926411902220734,0.0039994411989856095,0.0045201801362127125,1.9930313883981703,1.0591908795843379,0,4.347045347506553,2.270581052663609,-70.9015241973842,8.308862962354537e-09,182.16787061503499,-9.361159901945377e-16,4.347045347506553,0-2,12,63.549999999999955,63550,,,,,0,1.9930313883981703,1.0584679876945169,4.347045347506553,2.270581052663609,0.007391738233695032,negative_hard,8.0,0,0,0,0,0,0,0,0,0,0,-1,0,0,0,1,1,0,1,0,0
sim_0005_n3_seed47,47,0.001,3,812.0,2,body_2,8.648712297334397,4.926411902220734,0.004204378687260386,0.004494315281043683,1.9722926565312566,1.0169873323487215,0,4.368537891449907,2.247741065051856,-70.90152422832128,7.872524344239916e-09,182.1678706150351,-3.120386633981792e-16,4.368537891449907,0-2,12,63.69999999999993,63700,,,,,0,1.9722926565312566,1.0161502431495784,4.368537891449907,2.247741065051856,0.007498463274838154,negative_baseline,20.0,0,0,0,0,0,0,0,0,0,0,-1,0,0,0,1,1,0,1,0,0
sim_0005_n3_seed47,47,0.001,3,812.25,2,body_2,8.648712297334397,4.926411902220734,0.004656765165857436,0.004580705525440259,1.9959634729538405,1.0731755813437507,0,4.34043007736954,2.2789829262264503,-70.90152419151141,8.39169322655751e-09,182.1678706150352,3.120386633981792e-16,4.34043007736954,0-2,12,63.94999999999993,63950,,,,,0,1.9959634729538405,1.0719209973219312,4.34043007736954,2.2789829262264503,0.007704517178772597,negative_hard,8.0,0,0,0,0,0,0,0,0,0,0,-1,0,0,0,1,1,0,1,0,0
sim_0005_n3_seed47,47,0.001,3,812.65,2,body_2,8.648712297334397,4.926411902220734,0.005641332205593112,0.0051076921939136,2.204535075666606,1.53834620425314,0,4.127329003025551,2.510977488384519,-70.90152384618182,1.3262245687449262e-08,182.16787061503524,4.680579950972688e-16,4.127329003025551,0-2,12,64.34999999999991,64350,,,,,0,2.204535075666606,1.5354473994164974,4.127329003025551,2.510977488384519,0.00811316695787032,negative_hard,8.0,0,0,0,0,0,0,0,0,0,0,-1,0,0,0,1,1,0,1,0,0
sim_0005_n3_seed47,47,0.001,3,813.0,2,body_2,8.648712297334397,4.926411902220734,0.006793116964537858,0.006182300548280346,2.6500667767901076,2.600921824801981,0,3.7635259442961067,2.912768624388268,-70.9015229692562,2.563046504349252e-08,182.16787061503555,2.1842706437872543e-15,3.7635259442961067,0-2,12,64.69999999999993,64700,,,,,0,2.6500667767901076,2.5936497345909713,3.7635259442961067,2.912768624388268,0.008574047321283699,negative_baseline,20.0,0,0,0,0,0,0,0,0,0,0,-1,0,0,0,1,1,0,1,0,0
sim_0005_n3_seed47,47,0.001,3,813.0500000000001,2,body_2,8.648712297334397,4.926411902220734,0.006985493093488544,0.0064116796561415135,2.7458834555337184,2.8465135521053604,0,3.6972931727886795,2.9877335603601964,-70.90152276030452,2.85775340995922e-08,182.1678706150355,1.8722319803890754e-15,3.6972931727886795,0-2,12,64.75,64750,,,,,0,2.7458834555337184,2.8380575373044428,3.6972931727886795,2.9877335603601964,0.008650580062925397,negative_hard,8.0,0,0,0,0,0,0,0,0,0,0,-1,0,0,0,1,1,0,1,0,0
sim_0005_n3_seed47,47,0.001,3,813.45,2,body_2,8.648712297334397,4.926411902220734,0.00889207175789448,0.009621394568355025,4.0906102415128505,6.965207116574129,0,3.0306435204764783,3.8011608983166556,-70.90151949565804,7.46223334193786e-08,182.16787061503558,2.3402899754863442e-15,3.0306435204764783,0-2,12,65.14999999999998,65150,,,,,0,4.0906102415128505,6.929626226390999,3.0306435204764783,3.8011608983166556,0.009413057934310604,negative_hard,8.0,0,0,0,0,1,0,0,0,0,0,-1,0,0,0,1,1,0,1,0,0
sim_0005_n3_seed47,47,0.001,3,813.6,2,body_2,8.648712297334397,4.926411902220734,0.009846355162838003,0.01202289612105324,5.0957172195065334,10.805483100752793,0,2.7163976559240393,4.24135941211234,-70.90151730467727,1.0552407738471033e-07,182.16787061503558,2.3402899754863442e-15,2.7163976559240393,0-2,12,65.29999999999995,65300,,,,,0,5.0957172195065334,10.737272483636039,2.7163976559240393,4.24135941211234,0.009802236631493532,negative_pre_failure,1.0,0,0,0,0,1,0,0,0,0,0,-1,0,0,0,1,1,0,1,0,0
sim_0005_n3_seed47,47,0.001,3,813.65,2,body_2,8.648712297334397,4.926411902220734,0.010205552931862047,0.013100548739867447,5.5459514059697375,12.714331548251195,0,2.6041925811302127,4.411352298632056,-70.90151659139585,1.1558424781696829e-07,182.16787061503555,2.1842706437872543e-15,2.6041925811302127,0-2,12,65.34999999999991,65350,,,,,0,5.5459514059697375,12.628883244826698,2.6041925811302127,4.411352298632056,0.009950802044015113,negative_pre_failure,1.0,0,0,1,0,1,0,0,0,0,0,-1,0,0,0,1,1,0,1,0,0
sim_0005_n3_seed47,47,0.001,3,813.7,2,body_2,8.648712297334397,4.926411902220734,0.010588467799663983,0.014368669415237442,6.07505089277554,14.667896056036176,0,2.4885998897960033,4.594994672051546,-70.90151607126634,1.2292019024525468e-07,182.16787061503558,2.3402899754863442e-15,2.4885998897960033,0-2,13,0.0,0,0.010110654756843187,65.39999999999998,0.010588467799663983,0.01436866941523744,1,6.07505089277554,14.987201844110572,2.4885998897960033,4.594994672051546,0.010110654756843187,correction,1.0,0,0,1,0,1,0,0,0,0,0,-1,0,0,0,1,1,0,1,0,0
sim_0005_n3_seed47,47,0.001,3,813.95,2,body_2,8.648712297334397,4.926411902220734,8.48108522544873e-07,2.5749177250729117e-06,10.58023895344646,39.95518030458724,0,1.887325510234854,5.7433568266083395,-70.90154604661956,-2.998542607268434e-07,182.16787061503524,4.680579950972688e-16,1.887325510234854,0-2,13,0.25,250,,,,,0,10.58023895344646,39.78921615996053,1.887325510234854,5.7433568266083395,5.02363293446226e-07,negative_hard,10.0,1,1,1,1,1,0,1,0,0,0,-1,0,0,0,1,1,0,1,0,0
sim_0005_n3_seed47,47,0.001,3,814.0,2,body_2,8.648712297334397,4.926411902220734,1.1132237984398463e-06,3.7436009689428325e-06,12.048659632285538,49.2546234967916,0,1.7688685855378325,6.023024791692831,-70.90156786423165,-6.075713677926532e-07,182.1678706150353,7.80096658495448e-16,1.7688685855378325,0-2,13,0.2999999999999545,300,,,,,0,12.048659632285538,49.225002559845386,1.7688685855378325,6.023024791692831,6.59398610222679e-07,negative_baseline,20.0,1,1,1,1,1,0,1,0,0,0,-1,0,0,0,1,1,0,1,0,0
sim_0005_n3_seed47,47,0.001,3,814.45,2,body_2,8.648712297334397,4.926411902220734,6.835316188375333e-06,3.595529120048265e-05,15.940036682416709,74.68601569923827,0,1.5393943406322024,6.6405770301996,-70.90167632295413,-2.137280676670767e-06,182.16787061503507,-4.680579950972688e-16,1.5393943406322024,0-2,13,0.75,750,,,,,0,15.940036682416709,76.08863110983606,1.5393943406322024,6.6405770301996,4.0487101750389195e-06,negative_hard,10.0,1,1,1,1,0,0,1,1,0,0,-1,0,0,0,1,1,0,1,0,0
sim_0005_n3_seed47,47,0.001,3,815.0,2,body_2,8.648712297334397,4.926411902220734,1.8506498128565904e-05,2.703553377740793e-05,4.789614861260949,9.444007688563044,0,2.810613033812373,4.103189536265716,-70.90152664092884,-2.615505918875882e-08,182.1678706150348,-2.028251312088165e-15,2.810613033812373,0-2,13,1.2999999999999545,1300,,,,,0,4.789614861260949,9.416112295741065,2.810613033812373,4.103189536265716,1.0961734751055912e-05,negative_baseline,20.0,0,0,0,0,0,1,0,0,0,0,-1,0,0,0,1,1,0,1,0,0
sim_0005_n3_seed47,47,0.001,3,816.0,2,body_2,8.648712297334397,4.926411902220734,2.899573477272126e-05,1.5583309679061694e-05,2.152996902159642,1.3766704635114089,0,4.191938301159638,2.4360179193408817,-70.90153264495257,-1.1083622436257528e-07,182.16787061503499,-9.361159901945377e-16,4.191938301159638,0-2,13,2.2999999999999545,2300,,,,,0,2.152996902159642,1.3758252775711364,4.191938301159638,2.4360179193408817,1.7174735827434755e-05,negative_baseline,20.0,0,0,0,0,0,0,0,0,0,0,-1,0,0,0,1,1,0,1,0,0
sim_0005_n3_seed47,47,0.001,3,816.35,2,body_2,8.648712297334397,4.926411902220734,2.993494349957881e-05,1.4270948377409833e-05,2.0027413052286924,1.0537721637848572,0,4.344045680262329,2.2708128686218925,-70.90153287842513,-1.1412913749632329e-07,182.16787061503487,-1.560193316990896e-15,4.344045680262329,0-2,13,2.6499999999999773,2650,,,,,0,2.0027413052286924,1.0530267496608938,4.344045680262329,2.2708128686218925,1.773103633346421e-05,negative_hard,10.0,0,0,0,0,0,0,0,0,0,0,-1,0,0,0,1,1,0,1,0,0
sim_0005_n3_seed47,47,0.001,3,816.85,2,body_2,8.648712297334397,4.926411902220734,2.9115049170697334e-05,1.4449644469705306e-05,2.051544947808361,1.1707669510362035,0,4.286819696970143,2.3340240958917504,-70.9015327900138,-1.1288217804761945e-07,182.1678706150349,-1.4041739852918063e-15,4.286819696970143,0-2,13,3.1499999999999773,3150,,,,,0,2.051544947808361,1.1691412914348844,4.286819696970143,2.3340240958917504,1.724520695967044e-05,negative_hard,10.0,0,0,0,0,0,0,0,0,0,0,-1,0,0,0,1,1,0,1,0,0
sim_0005_n3_seed47,47,0.001,3,817.0,2,body_2,8.648712297334397,4.926411902220734,2.8368283863918743e-05,1.4955131182342878e-05,2.1287549401188537,1.3438751498160264,0,4.206439907821009,2.4218773156921647,-70.90153266038821,-1.1105392977437034e-07,182.16787061503481,-1.8722319803890754e-15,4.206439907821009,0-2,13,3.2999999999999545,3300,,,,,0,2.1287549401188537,1.3416483021231937,4.206439907821009,2.4218773156921647,1.6802760396280023e-05,negative_baseline,20.0,0,0,0,0,0,0,0,0,0,0,-1,0,0,0,1,1,0,1,0,0
sim_0005_n3_seed47,47,0.001,3,817.35,2,body_2,8.648712297334397,4.926411902220734,2.5668932103239698e-05,1.689241127318908e-05,2.4694880698128485,2.1360609981185643,0,3.9010850533518417,2.7579059744390633,-70.9015320246885,-1.020879772349469e-07,182.16787061503484,-1.7162126486899857e-15,3.9010850533518417,0-2,13,3.6499999999999773,3650,,,,,0,2.4694880698128485,2.130846141044527,3.9010850533518417,2.7579059744390633,1.5203433849428097e-05,negative_hard,10.0,0,0,0,0,0,0,0,0,0,0,-1,0,0,0,1,1,0,1,0,0
sim_0005_n3_seed47,47,0.001,3,817.85,2,body_2,8.648712297334397,4.926411902220734,1.916383232011624e-05,2.1330528647460745e-05,3.7586367737104984,5.839479172966776,0,3.1585493112583145,3.636217045220786,-70.90152903404265,-5.990770166774949e-08,182.1678706150347,-2.4963093071854337e-15,3.1585493112583145,0-2,13,4.149999999999977,4150,,,,,0,3.7586367737104984,5.812524700827522,3.1585493112583145,3.636217045220786,1.1349277543310314e-05,negative_hard,10.0,0,0,0,0,1,0,0,0,0,0,-1,0,0,0,1,1,0,1,0,0
sim_0005_n3_seed47,47,0.001,3,818.0,2,body_2,8.648712297334397,4.926411902220734,1.648198174682217e-05,2.2896394102005552e-05,4.581824241178421,8.787259134001806,0,2.86082403167122,4.035419874478352,-70.90152713251888,-3.308847909501884e-08,182.16787061503481,-1.8722319803890754e-15,2.86082403167122,0-2,13,4.2999999999999545,4300,,,,,0,4.581824241178421,8.737101036010609,2.86082403167122,4.035419874478352,9.76038363581174e-06,negative_baseline,20.0,0,0,0,0,1,0,0,0,0,0,-1,0,0,0,1,1,0,1,0,0
sim_0005_n3_seed47,47,0.001,3,818.35,2,body_2,8.648712297334397,4.926411902220734,8.595099861997044e-06,2.4824869150970343e-05,8.951372847226496,30.22349003002465,0,2.0490270481814803,5.397418174406446,-70.901532691352,-1.1149064520253164e-07,182.167870615035,-7.80096658495448e-16,2.0490270481814803,0-2,13,4.649999999999977,4650,,,,,0,8.951372847226496,30.03359873277544,2.0490270481814803,5.397418174406446,5.088202473086241e-06,negative_hard,10.0,1,1,1,1,1,0,1,0,0,0,-1,0,0,0,1,1,0,1,0,0
sim_0005_n3_seed47,47,0.001,3,818.85,2,body_2,8.648712297334397,4.926411902220734,6.810523888154028e-06,5.0544381372638415e-05,18.082001985566237,87.94065250413621,0,1.4453678279009448,6.9300411739662815,-70.90178033173038,-3.6042276367088006e-06,182.16787061503516,0.0,1.4453678279009448,0-2,13,5.149999999999977,5150,,,,,0,18.082001985566237,90.68753869350188,1.4453678279009448,6.9300411739662815,4.03951078935712e-06,negative_hard,10.0,1,1,1,1,0,0,1,1,0,0,-1,0,0,0,1,1,0,1,0,0
sim_0005_n3_seed47,47,0.001,3,819.0,2,body_2,8.648712297334397,4.926411902220734,1.3139816361513268e-05,5.9198944463647296e-05,12.850262603933293,53.9845326140239,0,1.7156326730211287,6.1582720711956975,-70.90158530251887,-8.535221744716513e-07,182.16787061503524,4.680579950972688e-16,1.7156326730211287,0-2,13,5.2999999999999545,5300,,,,,0,12.850262603933293,54.32773427258731,1.7156326730211287,6.1582720711956975,7.788000263807899e-06,negative_baseline,20.0,1,1,1,1,0,1,1,0,0,0,-1,0,0,0,1,1,0,1,0,0
sim_0005_n3_seed47,47,0.001,3,819.35,2,body_2,8.648712297334397,4.926411902220734,2.8454981509263648e-05,5.216202541620861e-05,5.832694502734167,13.741587566595893,0,2.5505649820107634,4.498650274555342,-70.90152523235632,-6.288455194597481e-09,182.16787061503516,0.0,2.5505649820107634,0-2,13,5.649999999999977,5650,,,,,0,5.832694502734167,13.694650173801968,2.5505649820107634,4.498650274555342,1.6858302864130212e-05,negative_hard,10.0,0,0,1,0,0,1,0,0,0,0,-1,0,0,0,1,1,0,1,0,0
sim_0005_n3_seed47,47,0.001,3,820.0,2,body_2,8.648712297334397,4.926411902220734,4.7467213184402624e-05,3.582366221359867e-05,2.7399543765261076,2.710045903622891,0,3.7315304456572878,2.949243921665573,-70.90153149973688,-9.468402319883594e-08,182.16787061503487,-1.560193316990896e-15,3.7315304456572878,0-2,13,6.2999999999999545,6300,,,,,0,2.7399543765261076,2.7071232381670045,3.7315304456572878,2.949243921665573,2.8117254803944276e-05,negative_baseline,20.0,0,0,0,0,0,0,0,0,0,0,-1,0,0,0,0,0,0,1,0,0
sim_0005_n3_seed47,47,0.001,3,821.0,2,body_2,8.648712297334397,4.926411902220734,5.7247662676933377e-05,2.7075409938166153e-05,2.01302413729062,1.003684605375636,0,4.365398667102887,2.2310028401430078,-70.90153276197185,-1.1248667241012729e-07,182.16787061503496,-1.0921353218936272e-15,4.365398667102887,0-2,13,7.2999999999999545,7300,,,,,0,2.01302413729062,1.0027587846235702,4.365398667102887,2.2310028401430078,3.391107900749991e-05,negative_baseline,20.0,0,0,0,0,0,0,0,0,0,0,-1,0,0,0,0,0,0,1,0,0
sim_0005_n3_seed47,47,0.001,3,822.0,2,body_2,8.648712297334397,4.926411902220734,4.736968649683381e-05,3.700329780746282e-05,2.8632296846321283,3.032412950064792,0,3.651848982611883,3.010654461873254,-70.9015306584867,-8.281897272914939e-08,182.16787061503467,-2.652328638884523e-15,3.651848982611883,0-2,13,8.299999999999955,8300,,,,,0,2.8632296846321283,3.0224181796805096,3.651848982611883,3.010654461873254,2.8074225571481218e-05,negative_baseline,20.0,0,0,0,0,0,0,0,0,0,0,-1,0,0,0,0,0,0,1,0,0
sim_0005_n3_seed47,47,0.001,3,822.5500000000001,2,body_2,8.648712297334397,4.926411902220734,3.2078532739034887e-05,5.138299872470745e-05,5.571079719005744,12.956168808913324,0,2.597801382204237,4.418384624041804,-70.90152214953375,3.7191887188766e-08,182.1678706150349,-1.4041739852918063e-15,2.597801382204237,0-2,13,8.850000000000023,8850,,,,,0,5.571079719005744,12.857993611876452,2.597801382204237,4.418384624041804,1.903202247607274e-05,negative_hard,10.0,0,0,1,0,1,0,0,0,0,0,-1,0,0,0,0,0,0,1,0,0
sim_0005_n3_seed47,47,0.001,3,823.0,2,body_2,8.648712297334397,4.926411902220734,1.1808660788936848e-05,5.89321094603888e-05,16.867171628912388,86.162110503822,0,1.4832543205555206,6.828293021904756,-70.90170122307228,-2.4884736619230415e-06,182.16787061503507,-4.680579950972688e-16,1.4832543205555206,0-2,13,9.299999999999955,9300,,,,,0,16.867171628912388,87.70016684829655,1.4832543205555206,6.828293021904756,7.088138427076675e-06,negative_baseline,20.0,1,1,1,1,1,0,1,1,0,0,-1,0,0,0,1,1,0,1,0,0
sim_0005_n3_seed47,47,0.001,3,823.0500000000001,2,body_2,8.648712297334397,4.926411902220734,9.386338025864421e-06,5.831608630160854e-05,19.002061441837114,100.70299195952458,0,1.3985383768413449,7.099120252367807,-70.90180908868803,-4.009817752488995e-06,182.1678706150349,-1.4041739852918063e-15,1.3985383768413449,0-2,13,9.350000000000023,9350,,,,,0,19.002061441837114,103.8682028837909,1.3985383768413449,7.099120252367807,5.688259434084967e-06,negative_hard,10.0,1,1,1,1,0,0,1,1,0,0,-1,0,0,0,1,1,0,1,0,0
sim_0005_n3_seed47,47,0.001,3,823.5500000000001,2,body_2,8.648712297334397,4.926411902220734,2.391352057775221e-05,7.839306651331193e-05,9.223169151301285,31.6504410614796,0,2.036940292682563,5.425671616378867,-70.90152624731343,-2.0603480292582746e-08,182.1678706150348,-2.028251312088165e-15,2.036940292682563,0-2,13,9.850000000000023,9850,,,,,0,9.223169151301285,31.540243526918644,2.036940292682563,5.425671616378867,1.4320015217452439e-05,negative_hard,10.0,1,1,1,1,0,1,1,0,0,0,-1,0,0,0,0,0,0,1,0,0
sim_0005_n3_seed47,47,0.001,3,824.0,2,body_2,8.648712297334397,4.926411902220734,4.780827274901081e-05,5.9876336329970026e-05,4.0760780663235465,6.7476375849936625,0,3.101040613847013,3.8099282135038073,-70.90153057460802,-8.16359419108973e-08,182.16787061503476,-2.1842706437872543e-15,3.101040613847013,0-2,13,10.299999999999955,10300,,,,,0,4.0760780663235465,6.731588172375413,3.101040613847013,3.8099282135038073,2.8470272343519342e-05,negative_baseline,20.0,0,0,0,0,0,0,0,0,0,0,-1,0,0,0,0,0,0,1,0,0
sim_0005_n3_seed47,47,0.001,3,825.0,2,body_2,8.648712297334397,4.926411902220734,7.449365010061256e-05,3.0443986892666865e-05,1.9841228804236903,1.3718357730690536,0,4.5575426525676095,2.5908534691380036,-70.90153845494939,-1.9278082060252957e-07,182.1678706150347,-2.4963093071854337e-15,3.7578102497537844,0-1,13,11.299999999999955,11300,,,,,0,1.9841228804236903,1.371341882319799,4.5575426525676095,2.5908534691380036,4.4889177065404104e-05,negative_baseline,20.0,0,0,0,0,0,0,0,0,0,0,-1,0,0,0,0,0,0,1,0,0
sim_0005_n3_seed47,47,0.001,3,826.0,2,body_2,8.648712297334397,4.926411902220734,7.342714913709272e-05,1.6752414071758823e-05,1.6918531672279602,0.8665903251751584,0,4.9393727645086525,2.452077723248502,-70.90153385451603,-1.278959909633873e-07,182.1678706150349,-1.4041739852918063e-15,4.9393727645086525,0-2,13,12.299999999999955,12300,,,,,0,1.6918531672279602,0.8663538919708323,4.9393727645086525,2.452077723248502,4.9995032826834626e-05,negative_baseline,20.0,0,0,0,0,0,0,0,0,0,0,-1,0,1,1,0,0,1,1,0,0
sim_0005_n3_seed47,47,0.001,3,827.0,2,body_2,8.648712297334397,4.926411902220734,5.640436954176374e-05,3.29335652048321e-05,2.0281834668171763,1.4064101400538775,0,4.400643497853229,2.9661146661553226,-70.90153324445868,-1.1929169990504515e-07,182.16787061503484,-1.7162126486899857e-15,4.400643497853229,0-2,13,13.299999999999955,13300,,,,,0,2.0281834668171763,1.4045589055860397,4.400643497853229,2.9661146661553226,5.438309333121081e-05,negative_baseline,20.0,0,0,0,0,0,0,0,0,0,0,-1,0,0,0,0,0,0,1,0,0
sim_0005_n3_seed47,47,0.001,3,828.0,2,body_2,8.648712297334397,4.926411902220734,9.839838469089344e-05,0.00010991806766608099,3.7356478716029247,5.358106256086631,0,3.2073130638225495,4.145295497342076,-70.90153705723785,-1.7306740051518065e-07,182.16787061503422,-5.148637946069957e-15,3.2073130638225495,0-2,13,14.299999999999955,14300,,,,,0,3.7356478716029247,5.355147621801918,3.2073130638225495,4.145295497342076,8.469994893831831e-05,negative_baseline,20.0,0,0,0,0,0,0,0,0,0,0,-1,0,0,0,0,0,0,1,0,0
sim_0005_n3_seed47,47,0.001,3,829.0,2,body_2,8.648712297334397,4.926411902220734,0.00021491793125123727,0.0002925042569661023,5.638618671776005,10.670498918287285,0,2.6026603628712515,4.909469952294902,-70.90155531958192,-4.306407619591852e-07,182.16787061503433,-4.524560619273598e-15,2.6026603628712515,0-2,13,15.299999999999955,15300,,,,,0,5.638618671776005,10.71978626239795,2.6026603628712515,4.909469952294902,0.0001525709099276313,negative_baseline,20.0,0,0,0,0,0,0,0,0,0,0,-1,0,0,0,0,0,0,1,0,0
sim_0005_n3_seed47,47,0.001,3,830.0,2,body_2,8.648712297334397,4.926411902220734,0.00020180101287520778,0.00019514032418785061,2.7496715421746334,3.069170566276338,0,3.7253585143649808,3.616399224079884,-70.90153399485376,-1.2987532403088557e-07,182.16787061503462,-2.9643673022827025e-15,3.7253585143649808,0-2,13,16.299999999999955,16300,,,,,0,2.7496715421746334,3.0695202981478533,3.7253585143649808,3.616399224079884,0.00016009697221792325,negative_baseline,20.0,0,0,0,0,0,0,0,0,0,0,-1,0,0,0,0,0,0,1,0,0
sim_0005_n3_seed47,47,0.001,3,831.0,2,body_2,8.648712297334397,4.926411902220734,0.00017525940880901597,0.0001441274468340352,1.6774937545092,1.047009829125749,0,4.755956205723054,2.7647008335092322,-70.90153326177342,-1.195359082915597e-07,182.16787061503453,-3.4324252973799714e-15,4.755956205723054,0-2,13,17.299999999999955,17300,,,,,0,1.6774937545092,1.0469219972678858,4.755956205723054,2.7647008335092322,0.0001700011820867679,negative_baseline,20.0,0,0,0,0,0,0,0,0,0,0,-1,0,0,0,0,0,0,1,0,0
sim_0005_n3_seed47,47,0.001,3,832.0,2,body_2,8.648712297334397,4.926411902220734,0.00018563554472715652,0.00013113927705795216,1.388965338615017,0.6500989420898953,0,5.19973177650684,2.4815197382163254,-70.9015332965181,-1.2002594955683797e-07,182.16787061503425,-4.992618614370867e-15,5.19973177650684,0-2,13,18.299999999999955,18300,,,,,0,1.388965338615017,0.649960649911041,5.19973177650684,2.4815197382163254,0.00020326506994944375,negative_baseline,20.0,0,0,0,0,0,0,0,0,0,0,-1,0,0,0,0,0,0,1,0,0
sim_0005_n3_seed47,47,0.001,3,833.0,2,body_2,8.648712297334397,4.926411902220734,0.00022595249355339587,0.00013607227289827168,1.4310491847636024,0.7578477840392341,0,5.070811459786242,2.6388284355545957,-70.90153332157595,-1.203793673159937e-07,182.16787061503436,-4.368541287574509e-15,5.070811459786242,0-2,13,19.299999999999955,19300,,,,,0,1.4310491847636024,0.7575262814872079,5.070811459786242,2.6388284355545957,0.00025150306519263106,negative_baseline,20.0,0,0,0,0,0,0,0,0,0,0,-1,0,0,0,0,0,0,1,0,0
sim_0005_n3_seed47,47,0.001,3,834.0,2,body_2,8.648712297334397,4.926411902220734,0.00027258613263206306,0.0001684279790100785,1.7498911745068135,1.3529512199301525,0,4.476313190369782,3.145942512358289,-70.90153367297877,-1.2533557691816204e-07,182.16787061503402,-6.240773267963584e-15,4.476313190369782,0-2,13,20.299999999999955,20300,,,,,0,1.7498911745068135,1.3524019845380006,4.476313190369782,3.145942512358289,0.00030214021647329725,negative_baseline,20.0,0,0,0,0,0,0,0,0,0,0,-1,0,0,0,0,0,0,1,0,0
sim_0005_n3_seed47,47,0.001,3,835.0,2,body_2,8.648712297334397,4.926411902220734,0.0003104439137991439,0.00034401378423908486,2.2775745525314384,2.9583914787172767,1,3.487072112851679,2.114703182952759,-70.90153617106472,-1.605687535726814e-07,182.16787061503427,-4.836599282671778e-15,3.487072112851679,1-2,13,21.299999999999955,21300,,,,,0,2.2775745525314384,2.9595287758113042,3.487072112851679,2.114703182952759,0.00035221479448616853,negative_baseline,20.0,0,0,0,0,0,0,0,0,0,0,-1,0,0,0,0,0,0,1,0,0
sim_0005_n3_seed47,47,0.001,3,836.0,2,body_2,8.648712297334397,4.926411902220734,0.0007532049525960927,0.0010986276791789304,3.22088783905201,4.329351908268171,1,2.4213955401967415,3.084545835581037,-70.90153841686013,-1.922436071288861e-07,182.16787061503422,-5.148637946069957e-15,2.4213955401967415,1-2,13,22.299999999999955,22300,,,,,0,3.22088783905201,4.331626585824849,2.4213955401967415,3.084545835581037,0.0007008180405943486,negative_hard,10.0,0,0,0,1,0,0,0,0,0,0,-1,0,0,0,0,0,0,1,0,0
sim_0005_n3_seed47,47,0.001,3,836.5,2,body_2,8.648712297334397,4.926411902220734,0.001388119870118174,0.0018179620227173005,4.176039857782388,3.6931506466331188,1,2.0050934406731686,3.876354559070309,-70.90155068581123,-3.652857403256971e-07,182.16787061503416,-5.460676609468136e-15,2.0050934406731686,1-2,13,22.799999999999955,22800,,,,,0,4.176039857782388,3.7141443741273608,2.0050934406731686,3.876354559070309,0.0012169820252504629,negative_hard,10.0,0,0,0,1,0,0,0,0,0,0,-1,0,0,0,0,0,0,1,0,0
sim_0005_n3_seed47,47,0.001,3,837.0,2,body_2,8.648712297334397,4.926411902220734,0.0019976281758188183,0.002550413823758735,5.560283569347032,13.24049941640512,1,2.141086295266833,4.807397759182647,-70.9015400057819,-2.1465386934747881e-07,182.16787061503416,-5.460676609468136e-15,2.141086295266833,1-2,13,23.299999999999955,23300,,,,,0,5.560283569347032,13.148611480990064,2.141086295266833,4.807397759182647,0.0017704293025626711,negative_hard,10.0,0,0,0,1,0,0,0,0,0,0,-1,0,0,0,0,0,0,1,0,0
sim_0005_n3_seed47,47,0.001,3,837.5,2,body_2,8.648712297334397,4.926411902220734,0.001435915469232346,0.004003007703122072,21.549485951390626,122.39176983082861,0,1.3173461332043046,6.946819583085074,-70.90177245987397,-3.493202430482824e-06,182.16787061503388,-7.020869926459032e-15,1.3173461332043046,0-2,13,23.799999999999955,23800,,,,,0,21.549485951390626,124.85108172364149,1.3173461332043046,6.946819583085074,0.0018774382533289654,negative_hard,10.0,1,1,1,1,1,0,1,1,0,0,-1,0,0,0,0,0,0,1,0,0
sim_0005_n3_seed47,47,0.001,3,838.0,2,body_2,8.648712297334397,4.926411902220734,0.0009724930988340035,0.0023542243756235876,12.38250152799943,48.60956594805318,0,1.75468768524081,5.557040739542537,-70.901537922095,-1.8526540555331763e-07,182.16787061503402,-6.240773267963584e-15,1.75468768524081,0-2,13,24.299999999999955,24300,,,,,0,12.38250152799943,48.408100453394546,1.75468768524081,5.557040739542537,0.002163316770191184,negative_hard,10.0,1,1,1,1,0,1,1,0,0,0,-1,0,0,0,1,1,0,1,0,0
sim_0005_n3_seed47,47,0.001,3,839.0,2,body_2,8.648712297334397,4.926411902220734,0.0011598618092860205,0.002491970510915802,4.067134783590122,3.8079106045250555,0,3.0603582835100194,2.856232172233585,-70.90153280697609,-1.1312141534755008e-07,182.16787061503396,-6.552811931361763e-15,3.0603582835100194,0-2,13,25.299999999999955,25300,,,,,0,4.067134783590122,3.800350403966528,3.0603582835100194,2.856232172233585,0.0027965984034736286,negative_baseline,20.0,0,0,0,0,0,0,0,0,0,0,-1,0,0,0,0,0,0,1,0,0
sim_0005_n3_seed47,47,0.001,3,839.9,2,body_2,8.648712297334397,4.926411902220734,0.002331979497706274,0.001763248078598014,7.630749437875718,19.72034350478797,0,2.2208047169618896,4.428716646393006,-70.9015241285691,9.279436050004228e-09,182.16787061503427,-4.836599282671778e-15,2.2208047169618896,0-2,13,26.199999999999932,26200,,,,,0,7.630749437875718,19.53705890945691,2.2208047169618896,4.428716646393006,0.003459850611454776,negative_hard,10.0,1,1,1,1,1,0,0,0,0,0,-1,0,0,0,1,1,0,1,0,0
sim_0005_n3_seed47,47,0.001,3,840.0,2,body_2,8.648712297334397,4.926411902220734,0.0024284179421533033,0.0017368769918855102,9.36989731244092,29.879598123942618,0,2.003569209781068,4.914582963743664,-70.90152236197176,3.4195646826744904e-08,182.16787061503422,-5.148637946069957e-15,2.003569209781068,0-2,13,26.299999999999955,26300,,,,,0,9.36989731244092,29.5545616872688,2.003569209781068,4.914582963743664,0.003530032689916256,negative_baseline,20.0,1,1,1,1,1,0,0,0,0,0,-1,0,0,0,1,1,0,1,0,0
sim_0005_n3_seed47,47,0.001,3,840.4,2,body_2,8.648712297334397,4.926411902220734,0.00220016514323835,0.009111863683192216,29.00566112894703,187.6568971439256,0,1.1400000305261435,7.696194221673348,-70.9022068756525,-9.62023255905155e-06,182.16787061503427,-4.836599282671778e-15,1.1400000305261435,0-2,13,26.699999999999932,26700,,,,,0,29.00566112894703,199.3521060040297,1.1400000305261435,7.696194221673348,0.0036991303855562277,negative_hard,10.0,1,1,1,1,0,0,1,1,0,0,-1,0,0,0,1,1,0,1,0,0
sim_0005_n3_seed47,47,0.001,3,840.9,2,body_2,8.648712297334397,4.926411902220734,0.0008741540260748788,0.0022348754734493074,9.465938039095365,30.128727062145455,0,1.9994054329425535,4.926056336859057,-70.90152255581646,3.146164781757347e-08,182.16787061503408,-5.928734604565405e-15,1.9994054329425535,0-2,13,27.199999999999932,27200,,,,,0,9.465938039095365,29.93463229035911,1.9994054329425535,4.926056336859057,0.003795432132588106,negative_hard,10.0,1,1,1,1,0,1,0,0,0,0,-1,0,0,0,1,1,0,1,0,0
sim_0005_n3_seed47,47,0.001,3,841.0,2,body_2,8.648712297334397,4.926411902220734,0.0007732708837419725,0.001631449924797549,7.70213955574066,19.8793364439669,0,2.217085196182848,4.440030395311154,-70.90152428936082,7.011618413351948e-09,182.16787061503413,-5.616695941167225e-15,2.217085196182848,0-2,13,27.299999999999955,27300,,,,,0,7.70213955574066,19.770793908417108,2.217085196182848,4.440030395311154,0.0038363412271846674,negative_baseline,20.0,1,1,1,1,0,0,0,0,0,0,-1,0,0,0,1,1,0,1,0,0
sim_0005_n3_seed47,47,0.001,3,842.0,2,body_2,8.648712297334397,4.926411902220734,0.0012096347225783227,0.0025840988444889622,4.068184254062777,3.9183801323765195,0,3.0497871033512203,2.876127851970786,-70.90153322471633,-1.1901325251329418e-07,182.16787061503442,-4.05650262417633e-15,3.0497871033512203,0-2,13,28.299999999999955,28300,,,,,0,4.068184254062777,3.9078833051890376,3.0497871033512203,2.876127851970786,0.004288662874858909,negative_baseline,20.0,0,0,0,0,0,0,0,0,0,0,-1,0,0,0,1,1,0,1,0,0
sim_0005_n3_seed47,47,0.001,3,842.8000000000001,2,body_2,8.648712297334397,4.926411902220734,0.003151602465554639,0.00379880037116207,9.420794669414661,30.101086091268435,0,2.0006004448410346,4.921884677475702,-70.90152201391794,3.9104621886545605e-08,182.16787061503496,-1.0921353218936272e-15,2.0006004448410346,0-2,13,29.100000000000023,29100,,,,,0,9.420794669414661,29.76929096939391,2.0006004448410346,4.921884677475702,0.004908511805649673,negative_hard,10.0,1,1,1,1,1,0,0,0,0,0,-1,0,0,0,1,1,0,1,0,0
sim_0005_n3_seed47,47,0.001,3,843.0,2,body_2,8.648712297334397,4.926411902220734,0.0035102774448911626,0.00787112903626826,16.473297804220984,82.75347170742458,0,1.5128115525068606,6.259412361425319,-70.90157772654314,-7.466700898058135e-07,182.1678706150352,3.120386633981792e-16,1.5128115525068606,0-2,13,29.299999999999955,29300,,,,,0,16.473297804220984,82.30690108409536,1.5128115525068606,6.259412361425319,0.005079802225259723,negative_baseline,20.0,1,1,1,1,1,0,1,1,0,0,-1,0,0,0,1,1,0,1,0,0
sim_0005_n3_seed47,47,0.001,3,843.2,2,body_2,8.648712297334397,4.926411902220734,0.0036342072423875224,0.016262580757499027,29.358237957397147,191.2035068070619,0,1.1334668498923925,7.7267264939040965,-70.90222731248576,-9.908475066233287e-06,182.16787061503524,4.680579950972688e-16,1.1334668498923925,0-2,13,29.5,29500,,,,,0,29.358237957397147,203.4499564578488,1.1334668498923925,7.7267264939040965,0.005219585876101861,negative_hard,8.0,1,1,1,1,0,0,1,1,0,0,-1,0,0,0,1,1,0,1,0,0
sim_0005_n3_seed47,47,0.001,3,843.6,2,body_2,8.648712297334397,4.926411902220734,0.001984458704659672,0.006156663363762379,12.091967685615035,48.06494464222477,0,1.7673807701809854,5.508873635790194,-70.90152807005029,-4.631148683075602e-08,182.1678706150352,3.120386633981792e-16,1.7673807701809854,0-2,13,29.899999999999977,29900,,,,,0,12.091967685615035,47.76223049450461,1.7673807701809854,5.508873635790194,0.005093826405441254,negative_hard,8.0,1,1,1,1,0,1,1,0,0,0,-1,0,0,0,1,1,0,1,0,0
sim_0005_n3_seed47,47,0.001,3,844.0,2,body_2,8.648712297334397,4.926411902220734,0.0009959178149381075,0.00268207091008054,5.657305399312287,10.049733547363166,0,2.585205205193504,3.707671462581772,-70.9015291682374,-6.180039367880141e-08,182.1678706150353,7.80096658495448e-16,2.585205205193504,0-2,13,30.299999999999955,30300,,,,,0,5.657305399312287,10.014563157575017,2.585205205193504,3.707671462581772,0.0051444986309856205,negative_hard,8.0,0,0,0,0,0,0,0,0,0,0,-1,0,0,0,1,1,0,1,0,0
sim_0005_n3_seed47,47,0.001,3,844.4,2,body_2,8.648712297334397,4.926411902220734,0.0008115762626468482,0.0027497844043554627,4.1824836699435,4.335752561116687,0,3.00688813906378,2.9517307412029523,-70.90153299844553,-1.1582191353840104e-07,182.16787061503555,2.1842706437872543e-15,3.00688813906378,0-2,13,30.699999999999932,30700,,,,,0,4.1824836699435,4.327624632811259,3.00688813906378,2.9517307412029523,0.005272194736846876,negative_hard,8.0,0,0,0,0,0,0,0,0,0,0,-1,0,0,0,1,1,0,1,0,0
sim_0005_n3_seed47,47,0.001,3,844.8000000000001,2,body_2,8.648712297334397,4.926411902220734,0.0016998550666600621,0.003063407719452997,4.059523830828373,3.911938164094034,0,3.051234724736565,2.874113237976582,-70.90153326202359,-1.1953943667669895e-07,182.1678706150358,3.5884446290790605e-15,3.051234724736565,0-2,13,31.100000000000023,31100,,,,,0,4.059523830828373,3.9013962314282966,3.051234724736565,2.874113237976582,0.005475346188725447,negative_hard,8.0,0,0,0,0,0,0,0,0,0,0,-1,0,0,0,1,1,0,1,0,0
sim_0005_n3_seed47,47,0.001,3,845.0,2,body_2,8.648712297334397,4.926411902220734,0.0022654590740233582,0.003220937045551324,4.386786361222349,5.075644314068491,0,2.9345302021721853,3.0770381176377137,-70.90153249721487,-1.0875252172679604e-07,182.16787061503584,3.744463960778151e-15,2.9345302021721853,0-2,13,31.299999999999955,31300,,,,,0,4.386786361222349,5.0564699012997325,2.9345302021721853,3.0770381176377137,0.005609604834538951,negative_baseline,20.0,0,0,0,0,0,0,0,0,0,0,-1,0,0,0,1,1,0,1,0,0
sim_0005_n3_seed47,47,0.001,3,845.2,2,body_2,8.648712297334397,4.926411902220734,0.0028541637716902025,0.003493574431073177,5.09551088164417,7.762328027497785,0,2.7220969696382102,3.4546339542246973,-70.9015306575002,-8.280505901817567e-08,182.16787061503584,3.744463960778151e-15,2.7220969696382102,0-2,13,31.5,31500,,,,,0,5.09551088164417,7.720806832490659,2.7220969696382102,3.4546339542246973,0.00576567114829183,negative_hard,8.0,0,0,0,0,0,0,0,0,0,0,-1,0,0,0,1,1,0,1,0,0
sim_0005_n3_seed47,47,0.001,3,845.6,2,body_2,8.648712297334397,4.926411902220734,0.00405726326919087,0.006319420500115048,9.473924450146196,30.42751390853945,0,1.9954350883887852,4.9342279989998605,-70.9015218663975,4.1185260335094166e-08,182.1678706150357,2.9643673022827025e-15,1.9954350883887852,0-2,13,31.899999999999977,31900,,,,,0,9.473924450146196,30.08986746039217,1.9954350883887852,4.9342279989998605,0.006145443200205389,negative_hard,8.0,1,1,1,1,1,0,0,0,0,0,-1,0,0,0,1,1,0,1,0,0
sim_0005_n3_seed47,47,0.001,3,846.0,2,body_2,8.648712297334397,4.926411902220734,0.0051503419961069965,0.024064854519804647,29.550938314237,192.94585864071507,0,1.1298782886502072,7.743540993185604,-70.90224100883106,-1.0101649265701285e-05,182.16787061503587,3.90048329247724e-15,1.1298782886502072,0-2,13,32.299999999999955,32300,,,,,0,29.550938314237,205.54070213311613,1.1298782886502072,7.743540993185604,0.006616873183561961,negative_hard,8.0,1,1,1,1,0,0,1,1,0,0,-1,0,0,0,1,1,0,1,0,0
sim_0005_n3_seed47,47,0.001,3,846.4,2,body_2,8.648712297334397,4.926411902220734,0.0031273317528550055,0.009214999302979495,11.998899290233684,47.46133554844463,0,1.773859161710473,5.4913959384075515,-70.9015273164369,-3.568247152531355e-08,182.16787061503584,3.744463960778151e-15,1.773859161710473,0-2,13,32.69999999999993,32700,,,,,0,11.998899290233684,47.15690403279751,1.773859161710473,5.4913959384075515,0.006320755706048099,negative_hard,8.0,1,1,1,1,0,1,1,0,0,0,-1,0,0,0,1,1,0,1,0,0
sim_0005_n3_seed47,47,0.001,3,846.8000000000001,2,body_2,8.648712297334397,4.926411902220734,0.0018770043638961327,0.0040900954726711385,5.630857314229798,9.958674995471798,0,2.590297520463434,3.6977933735310424,-70.90152919781647,-6.22175789219847e-08,182.16787061503587,3.90048329247724e-15,2.590297520463434,0-2,13,33.10000000000002,33100,,,,,0,5.630857314229798,9.923932902072936,2.590297520463434,3.6977933735310424,0.00627277996859929,negative_hard,8.0,0,0,0,0,0,0,0,0,0,0,-1,0,0,0,1,1,0,1,0,0
sim_0005_n3_seed47,47,0.001,3,847.0,2,body_2,8.648712297334397,4.926411902220734,0.0016242153630673932,0.0036411619806530054,4.656215643390371,6.062674648485422,0,2.84872889392385,3.228729893482984,-70.90153183809427,-9.945623926124203e-08,182.1678706150359,4.05650262417633e-15,2.84872889392385,0-2,13,33.299999999999955,33300,,,,,0,4.656215643390371,6.048496671982808,2.84872889392385,3.228729893482984,0.006309318369760463,negative_baseline,20.0,0,0,0,0,0,0,0,0,0,0,-1,0,0,0,1,1,0,1,0,0
sim_0005_n3_seed47,47,0.001,3,847.2,2,body_2,8.648712297334397,4.926411902220734,0.0016470070757173215,0.0035734498747426813,4.171934565798778,4.311964918957879,0,3.009544787551213,2.9468701382576157,-70.90153301283446,-1.1602485601360122e-07,182.16787061503604,4.836599282671778e-15,3.009544787551213,0-2,13,33.5,33500,,,,,0,4.171934565798778,4.303879862873416,3.009544787551213,2.9468701382576157,0.006371064955809195,negative_hard,8.0,0,0,0,0,0,0,0,0,0,0,-1,0,0,0,1,1,0,1,0,0
sim_0005_n3_seed47,47,0.001,3,847.6,2,body_2,8.648712297334397,4.926411902220734,0.0023932946338448948,0.003828622744776921,4.057302025410798,3.914579847471729,0,3.0512687488667045,2.87415562284954,-70.90153326390278,-1.1956594085400373e-07,182.16787061503564,2.652328638884523e-15,3.0512687488667045,0-2,13,33.89999999999998,33900,,,,,0,4.057302025410798,3.9039758617850135,3.0512687488667045,2.87415562284954,0.006568502906279463,negative_hard,8.0,0,0,0,0,0,0,0,0,0,0,-1,0,0,0,1,1,0,1,0,0
sim_0005_n3_seed47,47,0.001,3,848.0,2,body_2,8.648712297334397,4.926411902220734,0.0035947035267566985,0.0046631704465123994,5.105183479068621,7.807977476494094,0,2.719304379284676,3.459924688506209,-70.90153062342912,-8.232451817641481e-08,182.1678706150355,1.8722319803890754e-15,2.719304379284676,0-2,13,34.299999999999955,34300,,,,,0,5.105183479068621,7.765990357789496,2.719304379284676,3.459924688506209,0.006871183436468528,negative_hard,8.0,0,0,0,0,0,0,0,0,0,0,-1,0,0,0,1,1,0,1,0,0
sim_0005_n3_seed47,47,0.001,3,848.4,2,body_2,8.648712297334397,4.926411902220734,0.005046604175008738,0.008940992483614107,9.531316394140202,30.788757671609396,0,1.9895714190666283,4.948161296382596,-70.90152179234425,4.222971244402939e-08,182.16787061503578,3.4324252973799714e-15,1.9895714190666283,0-2,13,34.69999999999993,34700,,,,,0,9.531316394140202,30.445407170795406,1.9895714190666283,4.948161296382596,0.007310240647207653,negative_hard,8.0,1,1,1,1,1,0,0,0,0,0,-1,0,0,0,1,1,0,1,0,0
sim_0005_n3_seed47,47,0.001,3,848.8000000000001,2,body_2,8.648712297334397,4.926411902220734,0.0067070686087731006,0.03208942831795743,29.699141059621144,194.19924424392562,0,1.1271075207847896,7.756565127684292,-70.902252791193,-1.026782851202008e-05,182.16787061503544,1.560193316990896e-15,1.1271075207847896,0-2,13,35.10000000000002,35100,,,,,0,29.699141059621144,207.0853664809313,1.1271075207847896,7.756565127684292,0.007957614862953277,negative_hard,8.0,1,1,1,1,0,0,1,1,0,0,-1,0,0,0,1,1,0,1,0,0
sim_0005_n3_seed47,47,0.001,3,849.0,2,body_2,8.648712297334397,4.926411902220734,0.005728127181183186,0.024166931547346386,22.40804410598625,133.94164317126607,0,1.297726440271807,7.024431501594734,-70.90176093892518,-3.330710173462263e-06,182.1678706150353,7.80096658495448e-16,1.297726440271807,0-2,13,35.299999999999955,35300,,,,,0,22.40804410598625,136.8425229706371,1.297726440271807,7.024431501594734,0.007766560678868525,negative_baseline,20.0,1,1,1,1,0,0,1,1,0,0,-1,0,0,0,1,1,0,1,0,0
sim_0005_n3_seed47,47,0.001,3,849.2,2,body_2,8.648712297334397,4.926411902220734,0.004304724730625748,0.0123030475801076,11.906580869269868,46.82671498838328,0,1.7805591011972957,5.47343946599661,-70.901526753846,-2.7747650659244283e-08,182.16787061503516,0.0,1.7805591011972957,0-2,13,35.5,35500,,,,,0,11.906580869269868,46.522777473999284,1.7805591011972957,5.47343946599661,0.0074896036023333916,negative_hard,8.0,1,1,1,1,0,1,1,0,0,0,-1,0,0,0,1,1,0,1,0,0
sim_0005_n3_seed47,47,0.001,3,849.6,2,body_2,8.648712297334397,4.926411902220734,0.002795793291050625,0.0055562358682536795,5.608498769301472,9.874430515554305,0,2.5949700024457196,3.688934630089824,-70.90152923723001,-6.277347014809102e-08,182.1678706150351,-3.120386633981792e-16,2.5949700024457196,0-2,13,35.89999999999998,35900,,,,,0,5.608498769301472,9.840148964518704,2.5949700024457196,3.688934630089824,0.007344063632600813,negative_hard,8.0,0,0,0,0,0,0,0,0,0,0,-1,0,0,0,1,1,0,1,0,0
sim_0005_n3_seed47,47,0.001,3,850.0,2,body_2,8.648712297334397,4.926411902220734,0.002480192129101592,0.004539830260921907,4.164447172038457,4.292698668632037,0,3.0116514602833977,2.9431048525550154,-70.90153302244467,-1.1616039899687177e-07,182.16787061503524,4.680579950972688e-16,3.0116514602833977,0-2,13,36.299999999999955,36300,,,,,0,4.164447172038457,4.284653691917096,3.0116514602833977,2.9431048525550154,0.007413012362207234,negative_hard,8.0,0,0,0,0,0,0,0,0,0,0,-1,0,0,0,1,1,0,1,0,0
sim_0005_n3_seed47,47,0.001,3,850.4,2,body_2,8.648712297334397,4.926411902220734,0.0031434674884574586,0.004742248239340934,4.057396806130326,3.9205170007460164,0,3.0507963509283917,2.875004389702192,-70.90153325951033,-1.1950398947414265e-07,182.16787061503513,-1.560193316990896e-16,3.0507963509283917,0-2,13,36.69999999999993,36700,,,,,0,4.057396806130326,3.909844350654441,3.0507963509283917,2.875004389702192,0.007606564382035202,negative_hard,8.0,0,0,0,0,0,0,0,0,0,0,-1,0,0,0,1,1,0,1,0,0
sim_0005_n3_seed47,47,0.001,3,850.8000000000001,2,body_2,8.648712297334397,4.926411902220734,0.00438645014448105,0.005951898587759772,5.116791765221212,7.858320037356576,0,2.7160851913788018,3.4658561134610433,-70.90153058502068,-8.178280282486786e-08,182.16787061503513,-1.560193316990896e-16,2.7160851913788018,0-2,13,37.10000000000002,37100,,,,,0,5.116791765221212,7.815840776037112,2.7160851913788018,3.4658561134610433,0.00792636588659864,negative_hard,8.0,0,0,0,0,0,0,0,0,0,0,-1,0,0,0,1,1,0,1,0,0
sim_0005_n3_seed47,47,0.001,3,851.0,2,body_2,8.648712297334397,4.926411902220734,0.005160802080414259,0.007655347591951382,6.548995534081147,14.157955664059555,0,2.4005125435844015,4.062292195775044,-70.90152659499871,-2.5507257578478875e-08,182.16787061503513,-1.560193316990896e-16,2.4005125435844015,0-2,13,37.299999999999955,37300,,,,,0,6.548995534081147,14.046194627802985,2.4005125435844015,4.062292195775044,0.008146710995286589,negative_baseline,20.0,1,0,1,1,1,0,0,0,0,0,-1,0,0,0,1,1,0,1,0,0
sim_0005_n3_seed47,47,0.001,3,851.2,2,body_2,8.648712297334397,4.926411902220734,0.006078772249675203,0.011619223859406199,9.59134126682884,31.16866646503441,0,1.9834044115380165,4.962822677412999,-70.90152175290285,4.278599671508335e-08,182.167870615035,-7.80096658495448e-16,1.9834044115380165,0-2,13,37.5,37500,,,,,0,9.59134126682884,30.819609217263725,1.9834044115380165,4.962822677412999,0.008433096205812838,negative_hard,8.0,1,1,1,1,1,0,0,0,0,0,-1,0,0,0,1,1,0,1,0,0
sim_0005_n3_seed47,47,0.001,3,851.6,2,body_2,8.648712297334397,4.926411902220734,0.008289023353867655,0.040234304773987165,29.826817369249902,195.23757567805944,0,1.1247209808870524,7.767815643620909,-70.90226357186071,-1.0419879793573483e-05,182.16787061503527,6.240773267963584e-16,1.1247209808870524,0-2,13,37.89999999999998,37900,,,,,0,29.826817369249902,208.38709312570813,1.1247209808870524,7.767815643620909,0.00926840792944865,negative_hard,8.0,1,1,1,1,0,0,1,1,0,0,-1,0,0,0,1,1,0,1,0,0
sim_0005_n3_seed47,47,0.001,3,852.0,2,body_2,8.648712297334397,4.926411902220734,0.0054947991169438624,0.015372425090800196,11.81496149561854,46.18491242900128,0,1.787360993398426,5.455295707903301,-70.9015262780683,-2.103724918643753e-08,182.167870615035,-7.80096658495448e-16,1.787360993398426,0-2,13,38.299999999999955,38300,,,,,0,11.81496149561854,45.882402812844795,1.787360993398426,5.455295707903301,0.008623984907945793,negative_hard,8.0,1,1,1,1,0,1,1,0,0,0,-1,0,0,0,1,1,0,1,0,0
sim_0005_n3_seed47,47,0.001,3,852.4,2,body_2,8.648712297334397,4.926411902220734,0.0037201112444721404,0.007038136561456625,5.587859300680617,9.793061149633983,0,2.5994766504204763,3.68046562659267,-70.9015292815387,-6.339840299629317e-08,182.16787061503496,-1.0921353218936272e-15,2.5994766504204763,0-2,13,38.69999999999993,38700,,,,,0,5.587859300680617,9.759248837839579,2.5994766504204763,3.68046562659267,0.008379956500574775,negative_hard,8.0,0,0,0,0,0,0,0,0,0,0,-1,0,0,0,1,1,0,1,0,0
sim_0005_n3_seed47,47,0.001,3,852.8000000000001,2,body_2,8.648712297334397,4.926411902220734,0.0033051263785628996,0.0055736781234114905,4.15829462534452,4.275321758056341,0,3.0135212623694287,2.939802964028054,-70.90153303133532,-1.162857933631723e-07,182.16787061503496,-1.0921353218936272e-15,3.0135212623694287,0-2,13,39.10000000000002,39100,,,,,0,4.15829462534452,4.267315246852525,3.0135212623694287,2.939802964028054,0.008418763949975167,negative_hard,8.0,0,0,0,0,0,0,0,0,0,0,-1,0,0,0,1,1,0,1,0,0
sim_0005_n3_seed47,47,0.001,3,853.0,2,body_2,8.648712297334397,4.926411902220734,0.0035013532434107217,0.005522299934872541,3.9859500035097235,3.673835018079241,0,3.077907673177028,2.8281084034031596,-70.90153341490085,-1.216956281452085e-07,182.16787061503504,-6.240773267963584e-16,3.077907673177028,0-2,13,39.299999999999955,39300,,,,,0,3.9859500035097235,3.6663609249018374,3.077907673177028,2.8281084034031596,0.008496503788556235,negative_baseline,20.0,0,0,0,0,0,0,0,0,0,0,-1,0,0,0,1,1,0,1,0,0
sim_0005_n3_seed47,47,0.001,3,853.2,2,body_2,8.648712297334397,4.926411902220734,0.003911096647840462,0.005734262319607634,4.058569880136695,3.9280331702414384,0,3.0500869180871977,2.8762448477395033,-70.90153325353462,-1.1941970768953645e-07,182.16787061503499,-9.361159901945377e-16,3.0500869180871977,0-2,13,39.5,39500,,,,,0,4.058569880136695,3.9172882006057708,3.0500869180871977,2.8762448477395033,0.008609114478091803,negative_hard,8.0,0,0,0,0,0,0,0,0,0,0,-1,0,0,0,1,1,0,1,0,0
sim_0005_n3_seed47,47,0.001,3,853.6,2,body_2,8.648712297334397,4.926411902220734,0.005202219638435616,0.007301199273040893,5.129422430052,7.911316673026709,0,2.7126506772163523,3.4721345976554328,-70.90153054542924,-8.122440240462621e-08,182.16787061503496,-1.0921353218936272e-15,2.7126506772163523,0-2,13,39.89999999999998,39900,,,,,0,5.129422430052,7.86832824913311,2.7126506772163523,3.4721345976554328,0.00894897608718176,negative_hard,8.0,0,0,0,0,0,0,0,0,0,0,-1,0,0,0,1,1,0,1,0,0
sim_0005_n3_seed47,47,0.001,3,854.0,2,body_2,8.648712297334397,4.926411902220734,0.007135822650874646,0.014343399778663923,9.653189036542237,31.561516775834665,0,1.9770762761788863,4.977900845503156,-70.90152173386048,4.3054571683611264e-08,182.1678706150349,-1.4041739852918063e-15,1.9770762761788863,0-2,13,40.299999999999955,40300,,,,,0,9.653189036542237,31.206706182255573,1.9770762761788863,4.977900845503156,0.009529653889832032,negative_hard,8.0,1,1,1,1,1,0,0,0,0,0,-1,0,0,0,1,1,0,1,0,0
sim_0005_n3_seed47,47,0.001,3,854.1,2,body_2,8.648712297334397,4.926411902220734,0.007796488973253092,0.01906133313043605,12.528171358775674,51.43154770196876,0,1.7354238545677065,5.595838737344741,-70.90152988112465,-7.185500455942382e-08,182.16787061503496,-1.0921353218936272e-15,1.7354238545677065,0-2,13,40.39999999999998,40400,,,,,0,12.528171358775674,50.850581640672196,1.7354238545677065,5.595838737344741,0.009751487920784958,negative_pre_failure,1.0,1,1,1,1,1,0,1,0,0,0,-1,0,0,0,1,1,0,1,0,0
sim_0005_n3_seed47,47,0.001,3,854.15,2,body_2,8.648712297334397,4.926411902220734,0.00816691188133727,0.02242047362948475,14.54933333873165,67.02852982986462,0,1.6103682633236411,5.955223331351346,-70.90154748459824,-3.20135611321721e-07,182.16787061503481,-1.8722319803890754e-15,1.6103682633236411,0-2,13,40.44999999999993,40450,,,,,0,14.54933333873165,66.40623213294924,1.6103682633236411,5.955223331351346,0.009881243876836268,negative_pre_failure,1.0,1,1,1,1,1,0,1,0,0,0,-1,0,0,0,1,1,0,1,0,0
sim_0005_n3_seed47,47,0.001,3,854.6,2,body_2,8.648712297334397,4.926411902220734,1.202554529078757e-05,8.107282056202944e-05,21.901155165279132,129.6039175524426,0,1.312641304039307,6.966297690542901,-70.90167263334217,-2.0852421349145746e-06,182.16787061503607,4.992618614370867e-15,1.312641304039307,0-2,14,0.39999999999997726,400,,,,,0,21.901155165279132,132.08131857442842,1.312641304039307,6.966297690542901,7.122969753590569e-06,negative_hard,10.0,1,1,1,1,0,1,1,1,0,0,-1,0,0,0,1,1,0,1,0,0
sim_0005_n3_seed47,47,0.001,3,855.0,2,body_2,8.648712297334397,4.926411902220734,3.3866958850814134e-05,6.729901483156682e-05,7.44870139871545,18.688887816862366,0,2.2511855914647763,4.366390857841849,-70.90145904828178,9.271763008898701e-07,182.1678706150362,5.7727152728663156e-15,2.2511855914647763,0-2,14,0.7999999999999545,800,,,,,0,7.44870139871545,18.58786900222124,2.2511855914647763,4.366390857841849,2.0060079044928454e-05,negative_baseline,20.0,1,1,1,1,0,0,0,0,0,0,-1,0,0,0,1,1,0,1,0,0
sim_0005_n3_seed47,47,0.001,3,856.0,2,body_2,8.648712297334397,4.926411902220734,5.355022185654712e-05,4.9435761893278024e-05,4.062793593255476,3.94406982424065,0,3.048321071429658,2.879067140709557,-70.90146794112565,8.01751017124584e-07,182.1678706150368,9.049121238547196e-15,3.048321071429658,0-2,14,1.7999999999999545,1800,,,,,0,4.062793593255476,3.933193296279955,3.048321071429658,2.879067140709557,3.171887737340705e-05,negative_baseline,20.0,0,0,0,0,0,0,0,0,0,0,-1,0,0,0,1,1,0,1,0,0
sim_0005_n3_seed47,47,0.001,3,856.5500000000001,2,body_2,8.648712297334397,4.926411902220734,4.601331408417703e-05,7.100559588393492e-05,6.154127472724895,12.307248180427704,0,2.4763484128306477,3.913797530398792,-70.90146236531163,8.803926828960441e-07,182.16787061503658,7.80096658495448e-15,2.4763484128306477,0-2,14,2.3500000000000227,2350,,,,,0,6.154127472724895,12.217758378058107,2.4763484128306477,3.913797530398792,2.7254628181391196e-05,negative_hard,10.0,0,0,0,0,1,0,0,0,0,0,-1,0,0,0,1,1,0,1,0,0
sim_0005_n3_seed47,47,0.001,3,857.0,2,body_2,8.648712297334397,4.926411902220734,3.2172580581939136e-05,0.00012841995480482985,17.359912554653786,90.26772419703443,0,1.474276368283598,6.386010256656576,-70.90152844363485,-5.1580549187538715e-08,182.16787061503695,9.829217897042645e-15,1.474276368283598,0-2,14,2.7999999999999545,2800,,,,,0,17.359912554653786,89.95632851665573,1.474276368283598,6.386010256656576,1.9056487402771943e-05,negative_baseline,20.0,1,1,1,1,1,0,1,1,0,0,-1,0,0,0,1,1,0,1,0,0
sim_0005_n3_seed47,47,0.001,3,857.0500000000001,2,body_2,8.648712297334397,4.926411902220734,3.093453762535197e-05,0.00014161564298298426,20.517884772880635,117.5689055485277,0,1.3560839993202647,6.801874016491105,-70.90161839209708,-1.3202198697546895e-06,182.16787061503697,9.985237228741735e-15,1.3560839993202647,0-2,14,2.8500000000000227,2850,,,,,0,20.517884772880635,118.45657141643478,1.3560839993202647,6.801874016491105,1.8323165434097418e-05,negative_hard,10.0,1,1,1,1,1,0,1,1,0,0,-1,0,0,0,1,1,0,1,0,0
sim_0005_n3_seed47,47,0.001,3,857.5500000000001,2,body_2,8.648712297334397,4.926411902220734,5.3652530861435886e-05,0.00018782253637676967,13.341878512116404,57.55297364066344,0,1.6818649468655613,5.7458190480922235,-70.90147021169307,7.697267774762922e-07,182.1678706150356,2.4963093071854337e-15,1.6818649468655613,0-2,14,3.3500000000000227,3350,,,,,0,13.341878512116404,57.24051615501653,1.6818649468655613,5.7458190480922235,3.1779437309158546e-05,negative_hard,10.0,1,1,1,1,0,1,1,0,0,0,-1,0,0,0,1,1,0,1,0,0
sim_0005_n3_seed47,47,0.001,3,858.0,2,body_2,8.648712297334397,4.926411902220734,8.518020073212623e-05,0.00012194877404976109,5.536457301670686,9.581209774053884,0,2.611214164744311,3.65836741364722,-70.90146411128511,8.557673524387169e-07,182.16787061503567,2.8083479705836126e-15,2.611214164744311,0-2,14,3.7999999999999545,3800,,,,,0,5.536457301670686,9.548660380308412,2.611214164744311,3.65836741364722,5.045392942303945e-05,negative_baseline,20.0,0,0,0,0,0,0,0,0,0,0,-1,0,0,0,1,1,0,1,0,0
sim_0005_n3_seed47,47,0.001,3,859.0,2,body_2,8.648712297334397,4.926411902220734,9.972633694495622e-05,0.00010833518564753113,4.418308380187257,5.208835077122085,0,2.9228521119651627,3.09762258681325,-70.90146710298058,8.135722730470259e-07,182.1678706150359,4.05650262417633e-15,2.9228521119651627,0-2,14,4.7999999999999545,4800,,,,,0,4.418308380187257,5.188591672327594,2.9228521119651627,3.09762258681325,5.906994471078523e-05,negative_baseline,20.0,0,0,0,0,0,0,0,0,0,0,-1,0,0,0,1,1,0,1,0,0
sim_0005_n3_seed47,47,0.001,3,859.45,2,body_2,8.648712297334397,4.926411902220734,8.316829971820438e-05,0.00015540229639986918,7.2282356377196715,17.550453746291904,0,2.284884965824407,4.296170228112121,-70.9014595357817,9.203005683970174e-07,182.16787061503615,5.460676609468136e-15,2.284884965824407,0-2,14,5.25,5250,,,,,0,7.2282356377196715,17.39453059648246,2.284884965824407,4.296170228112121,4.926231979514473e-05,negative_hard,10.0,1,1,1,1,1,0,0,0,0,0,-1,0,0,0,1,1,0,1,0,0
sim_0005_n3_seed47,47,0.001,3,859.95,2,body_2,8.648712297334397,4.926411902220734,6.017910554189204e-05,0.00034942969817221205,27.837149422670596,179.8136124366694,0,1.1642544184953163,7.585308171393266,-70.90202740573915,-7.088976512177808e-06,182.16787061503618,5.616695941167225e-15,1.1642544184953163,0-2,14,5.75,5750,,,,,0,27.837149422670596,188.99858909967702,1.1642544184953163,7.585308171393266,3.564530918659385e-05,negative_hard,10.0,1,1,1,1,0,0,1,1,0,0,-1,0,0,0,1,1,0,1,0,0
sim_0005_n3_seed47,47,0.001,3,860.0,2,body_2,8.648712297334397,4.926411902220734,6.050107452546328e-05,0.0003799301871105957,30.211273682266054,198.23440637573037,0,1.1175787719278178,7.801582166498802,-70.90223286814074,-9.986832407578854e-06,182.16787061503678,8.893101906848107e-15,1.1175787719278178,0-2,14,5.7999999999999545,5800,,,,,0,30.211273682266054,212.22629382290782,1.1175787719278178,7.801582166498802,3.583599159170685e-05,negative_baseline,20.0,1,1,1,1,0,0,1,1,0,0,-1,0,0,0,1,1,0,1,0,0
sim_0005_n3_seed47,47,0.001,3,860.45,2,body_2,8.648712297334397,4.926411902220734,9.820019484422707e-05,0.00026006530418976466,10.090458534060799,34.36483148961807,0,1.933980649509208,5.081737358797966,-70.90145662218518,9.61394134813284e-07,182.16787061503643,7.020869926459032e-15,1.933980649509208,0-2,14,6.25,6250,,,,,0,10.090458534060799,34.13024214825066,1.933980649509208,5.081737358797966,5.816586270749709e-05,negative_hard,10.0,1,1,1,1,0,1,0,0,0,0,-1,0,0,0,1,1,0,1,0,0
sim_0005_n3_seed47,47,0.001,3,861.0,2,body_2,8.648712297334397,4.926411902220734,0.0001408925951997669,0.00016343779820648035,4.594299232863969,5.852090305804584,0,2.866456467720764,3.1968915673951948,-70.90146666363957,8.19768768952316e-07,182.167870615037,1.0141256560440824e-14,2.866456467720764,0-2,14,6.7999999999999545,6800,,,,,0,4.594299232863969,5.83873308720571,2.866456467720764,3.1968915673951948,8.345348942483307e-05,negative_baseline,20.0,0,0,0,0,0,0,0,0,0,0,-1,0,0,0,1,1,0,1,0,0
sim_0005_n3_seed47,47,0.001,3,862.0,2,body_2,8.648712297334397,4.926411902220734,0.00013871333090306658,0.00018480564572596273,5.183832486646932,8.132545143421098,0,2.6982344623526067,3.4981969934882504,-70.90146508675781,8.420092181156161e-07,182.1678706150368,9.049121238547196e-15,2.6982344623526067,0-2,14,7.7999999999999545,7800,,,,,0,5.183832486646932,8.087455747298025,2.6982344623526067,3.4981969934882504,8.216278805508742e-05,negative_baseline,20.0,0,0,0,0,0,0,0,0,0,0,-1,0,0,0,1,1,0,1,0,0
sim_0005_n3_seed47,47,0.001,3,862.35,2,body_2,8.648712297334397,4.926411902220734,0.00011523955395836693,0.0002620558467122757,8.836018691966322,26.527390874310488,0,2.066538034411562,4.769382652347544,-70.90145672183834,9.599886197098628e-07,182.16787061503678,8.893101906848107e-15,2.066538034411562,0-2,14,8.149999999999977,8150,,,,,0,8.836018691966322,26.244342876999657,2.066538034411562,4.769382652347544,6.825884881411441e-05,negative_hard,10.0,1,1,1,1,1,0,0,0,0,0,-1,0,0,0,1,1,0,1,0,0
sim_0005_n3_seed47,47,0.001,3,862.85,2,body_2,8.648712297334397,4.926411902220734,9.212644579723007e-05,0.0005796247717408099,30.405841826146496,199.6992257367484,0,1.114009178230735,7.818608482260913,-70.90225124169993,-1.0245974354686907e-05,182.16787061503712,1.0765333887237182e-14,1.114009178230735,0-2,14,8.649999999999977,8650,,,,,0,30.405841826146496,214.3551769069754,1.114009178230735,7.818608482260913,5.456828273534672e-05,negative_hard,10.0,1,1,0,1,0,0,1,1,0,0,-1,0,0,0,1,1,0,1,0,0
sim_0005_n3_seed47,47,0.001,3,863.0,2,body_2,8.648712297334397,4.926411902220734,0.00010357157433048434,0.0005089430634552911,21.254958451327322,124.00190792798102,0,1.3324388388330937,6.890527730724658,-70.90164579751135,-1.7067477244754167e-06,182.16787061503723,1.138941121403354e-14,1.3324388388330937,0-2,14,8.799999999999955,8800,,,,,0,21.254958451327322,125.99875353513303,1.3324388388330937,6.890527730724658,6.134735988163818e-05,negative_baseline,20.0,1,1,1,1,0,1,1,1,0,0,-1,0,0,0,1,1,0,1,0,0
sim_0005_n3_seed47,47,0.001,3,863.35,2,body_2,8.648712297334397,4.926411902220734,0.00014710296408110908,0.0003129265687380342,8.042106049783857,21.92621982797452,0,2.166344772512755,4.54742228827912,-70.90145782054768,9.444923474279901e-07,182.1678706150373,1.170144987743172e-14,2.166344772512755,0-2,14,9.149999999999977,9150,,,,,0,8.042106049783857,21.796992432014033,2.166344772512755,4.54742228827912,8.713189232247477e-05,negative_hard,10.0,1,1,1,1,0,1,0,0,0,0,-1,0,0,0,1,1,0,1,0,0
sim_0005_n3_seed47,47,0.001,3,864.0,2,body_2,8.648712297334397,4.926411902220734,0.00019734850176402632,0.00020202923186453753,4.135299369750981,4.200755399352561,0,3.021286005033354,2.9260074613383,-70.90146777381909,8.041107202919813e-07,182.16787061503695,9.829217897042645e-15,3.021286005033354,0-2,14,9.799999999999955,9800,,,,,0,4.135299369750981,4.192918147251185,3.021286005033354,2.9260074613383,0.00011689346626629762,negative_baseline,20.0,0,0,0,0,0,0,0,0,0,0,-1,0,0,0,1,1,0,1,0,0
sim_0005_n3_seed47,47,0.001,3,865.0,2,body_2,8.648712297334397,4.926411902220734,0.0001671920158810537,0.0002943453760369074,6.719432431002248,14.989534791733538,0,2.369830770204541,4.123330552755335,-70.90146081230884,9.022963414443598e-07,182.16787061503734,1.20134885408299e-14,2.369830770204541,0-2,14,10.799999999999955,10800,,,,,0,6.719432431002248,14.867180359458436,2.369830770204541,4.123330552755335,9.903140296056836e-05,negative_baseline,20.0,1,0,1,1,1,0,0,0,0,0,-1,0,0,0,1,1,0,1,0,0
sim_0005_n3_seed47,47,0.001,3,865.25,2,body_2,8.648712297334397,4.926411902220734,0.00014218168659405075,0.0004029918934212594,11.338083473573537,42.836062563500285,0,1.8243042592338348,5.35796203840215,-70.90145907935886,9.267379876267662e-07,182.16787061503692,9.673198565343556e-15,1.8243042592338348,0-2,14,11.049999999999955,11050,,,,,0,11.338083473573537,42.33539901498031,1.8243042592338348,5.35796203840215,8.421732659080603e-05,negative_hard,10.0,1,1,1,1,1,0,1,0,0,0,-1,0,0,0,1,1,0,1,0,0
sim_0005_n3_seed47,47,0.001,3,865.75,2,body_2,8.648712297334397,4.926411902220734,0.00012962344735816767,0.0007017952712699365,24.672086895198444,153.59025553698598,0,1.2367185219820918,7.271044601758802,-70.9018116047013,-4.045303777303365e-06,182.1678706150381,1.622601049670532e-14,1.2367185219820918,0-2,14,11.549999999999955,11550,,,,,0,24.672086895198444,158.78578214546087,1.2367185219820918,7.271044601758802,7.677834660940817e-05,negative_hard,10.0,1,1,1,1,0,0,1,1,0,0,-1,0,0,0,1,1,0,1,0,0
sim_0005_n3_seed47,47,0.001,3,866.0,2,body_2,8.648712297334397,4.926411902220734,0.00016389092669914112,0.00047443381099459734,11.286628681024126,42.46583520799142,0,1.828570622005863,5.346885122901777,-70.90145891369421,9.290745332111936e-07,182.1678706150383,1.7318145818598947e-14,1.828570622005863,0-2,14,11.799999999999955,11800,,,,,0,11.286628681024126,42.17850541419202,1.828570622005863,5.346885122901777,9.707560378010477e-05,negative_baseline,20.0,1,1,1,1,0,1,1,0,0,0,-1,0,0,0,1,1,0,1,0,0
sim_0005_n3_seed47,47,0.001,3,866.25,2,body_2,8.648712297334397,4.926411902220734,0.0001996906179431823,0.00035460601160653175,6.701838179745962,14.899038087605224,0,2.373110757108238,4.11679436657211,-70.90146086196586,9.015959754338604e-07,182.1678706150384,1.7786203813696214e-14,2.373110757108238,0-2,14,12.049999999999955,12050,,,,,0,6.701838179745962,14.829025388113463,2.373110757108238,4.11679436657211,0.00011828055142000131,negative_hard,10.0,1,0,1,1,0,0,0,0,0,0,-1,0,0,0,1,1,0,1,0,0
sim_0005_n3_seed47,47,0.001,3,867.0,2,body_2,8.648712297334397,4.926411902220734,0.00025106045086812826,0.0002458106961751139,3.980217051128976,3.660190781634567,0,3.079490867528668,2.825080991535245,-70.9014681181661,7.992540264235724e-07,182.1678706150381,1.622601049670532e-14,3.079490867528668,0-2,14,12.799999999999955,12800,,,,,0,3.980217051128976,3.652591107141093,3.079490867528668,2.825080991535245,0.00014870817901374976,negative_baseline,20.0,0,0,0,0,0,0,0,0,0,0,-1,0,0,0,1,1,0,1,0,0
sim_0005_n3_seed47,47,0.001,3,868.0,2,body_2,8.648712297334397,4.926411902220734,0.00018332517431694467,0.00046955796632153695,10.055516848048953,34.15112565988535,0,1.9371728897940002,5.073944908797915,-70.90145656749056,9.62165551564979e-07,182.1678706150381,1.622601049670532e-14,1.9371728897940002,0-2,14,13.799999999999955,13800,,,,,0,10.055516848048953,33.759855162257736,1.9371728897940002,5.073944908797915,0.0001085875651963145,negative_baseline,20.0,1,1,1,1,1,0,0,0,0,0,-1,0,0,0,1,1,0,1,0,0
sim_0005_n3_seed47,47,0.001,3,868.15,2,body_2,8.648712297334397,4.926411902220734,0.00016501851561994413,0.0005986653616941875,15.356048709127213,73.551218138307,0,1.5675662433317696,6.085748001934778,-70.90149243579933,4.5627644862785654e-07,182.16787061503797,1.544591383820987e-14,1.5675662433317696,0-2,14,13.949999999999932,13950,,,,,0,15.356048709127213,72.9616788614991,1.5675662433317696,6.085748001934778,9.774415346899517e-05,negative_hard,10.0,1,1,1,1,1,0,1,1,0,0,-1,0,0,0,1,1,0,1,0,0
sim_0005_n3_seed47,47,0.001,3,868.65,2,body_2,8.648712297334397,4.926411902220734,0.00017417593816305757,0.0007252342756328049,17.61836409914008,92.46762049524119,0,1.4635157952213953,6.422131615328679,-70.90153396522658,-1.2945746012875652e-07,182.16787061503763,1.3573681857820796e-14,1.4635157952213953,0-2,14,14.449999999999932,14450,,,,,0,17.61836409914008,92.72755780241096,1.4635157952213953,6.422131615328679,0.00010316749205289868,negative_hard,10.0,1,1,1,1,0,1,1,1,0,0,-1,0,0,0,1,1,0,1,0,0
sim_0005_n3_seed47,47,0.001,3,869.0,2,body_2,8.648712297334397,4.926411902220734,0.0002334499445344189,0.0004480957783894678,7.244962806421933,17.634457937398217,0,2.282381744747891,4.3013865729010945,-70.90145948763534,9.209796280041165e-07,182.1678706150376,1.3417662526121705e-14,2.282381744747891,0-2,14,14.799999999999955,14800,,,,,0,7.244962806421933,17.542216129999254,2.282381744747891,4.3013865729010945,0.00013827675064888634,negative_baseline,20.0,1,1,1,1,0,0,0,0,0,0,-1,0,0,0,1,1,0,1,0,0
sim_0005_n3_seed47,47,0.001,3,870.0,2,body_2,8.648712297334397,4.926411902220734,0.00029851353256450745,0.00030271227347884716,4.077058471935937,3.9987865332456534,0,3.0425970570240333,2.8889957055145095,-70.90146790291895,8.022898869589859e-07,182.16787061503777,1.4353778516316242e-14,3.0425970570240333,0-2,14,15.799999999999955,15800,,,,,0,4.077058471935937,3.9874680408806222,3.0425970570240333,2.8889957055145095,0.00017681569315890306,negative_baseline,20.0,0,0,0,0,0,0,0,0,0,0,-1,0,0,0,1,1,0,1,0,0
sim_0005_n3_seed47,47,0.001,3,870.5500000000001,2,body_2,8.648712297334397,4.926411902220734,0.00025478341589180436,0.00042166946658883284,6.288098204408765,12.929573512151253,0,2.449769953285994,3.965417804947286,-70.90146197894813,8.858419803128042e-07,182.16787061503766,1.3729701189519885e-14,2.449769953285994,0-2,14,16.350000000000023,16350,,,,,0,6.288098204408765,12.832670211568367,2.449769953285994,3.965417804947286,0.0001509137565398607,negative_hard,10.0,1,0,1,0,1,0,0,0,0,0,-1,0,0,0,1,1,0,1,0,0
sim_0005_n3_seed47,47,0.001,3,871.0,2,body_2,8.648712297334397,4.926411902220734,0.00019153629740785617,0.0007945987533469829,18.275755023637902,98.11493499418667,0,1.4369076999648138,6.5128791916876,-70.90154979210851,-3.5268089548446703e-07,182.16787061503797,1.544591383820987e-14,1.4369076999648138,0-2,14,16.799999999999955,16800,,,,,0,18.275755023637902,98.03778619172792,1.4369076999648138,6.5128791916876,0.00011345127420268653,negative_baseline,20.0,1,1,1,1,1,0,1,1,0,0,-1,0,0,0,1,1,0,1,0,0
sim_0005_n3_seed47,47,0.001,3,871.0500000000001,2,body_2,8.648712297334397,4.926411902220734,0.00018664402941156034,0.0008775830238214785,21.598558561929963,127.02643424670958,0,1.3217647047847925,6.93121262284896,-70.90165952908649,-1.9004188081192265e-06,182.16787061503808,1.6069991165006228e-14,1.3217647047847925,0-2,14,16.850000000000023,16850,,,,,0,21.598558561929963,128.59554428784463,1.3217647047847925,6.93121262284896,0.00011055341535373906,negative_hard,10.0,1,1,1,1,1,0,1,1,0,0,-1,0,0,0,1,1,0,1,0,0
sim_0005_n3_seed47,47,0.001,3,871.5500000000001,2,body_2,8.648712297334397,4.926411902220734,0.00022562881657297708,0.0007202276946363634,12.75121923164069,53.09183044860393,0,1.7203237932189184,5.637499856307333,-70.90146582837605,8.31549383305622e-07,182.16787061503862,1.9034358467288933e-14,1.7203237932189184,0-2,14,17.350000000000023,17350,,,,,0,12.75121923164069,52.773735491637325,1.7203237932189184,5.637499856307333,0.00013364389342435126,negative_hard,10.0,1,1,1,1,0,1,1,0,0,0,-1,0,0,0,1,1,0,1,0,0
sim_0005_n3_seed47,47,0.001,3,872.0,2,body_2,8.648712297334397,4.926411902220734,0.0003058797441689602,0.00043693296040723064,5.438057331023854,9.174385572776918,0,2.634457020256746,3.61524420244037,-70.9014643751233,8.520461604132357e-07,182.16787061503925,2.24667837646689e-14,2.634457020256746,0-2,14,17.799999999999955,17800,,,,,0,5.438057331023854,9.144246527744007,2.634457020256746,3.61524420244037,0.00018117837497994932,negative_baseline,20.0,0,0,0,0,0,0,0,0,0,0,-1,0,0,0,1,1,0,1,0,0
sim_0005_n3_seed47,47,0.001,3,873.0,2,body_2,8.648712297334397,4.926411902220734,0.00033615688680393736,0.0003819156277279525,4.45795765332813,5.356129625261164,0,2.9096158047789533,3.120859361089992,-70.90146699958589,8.150305587940377e-07,182.16787061504027,2.808347970583613e-14,2.9096158047789533,0-2,14,18.799999999999955,18800,,,,,0,4.45795765332813,5.33475703635575,2.9096158047789533,3.120859361089992,0.000199112780560333,negative_baseline,20.0,0,0,0,0,0,0,0,0,0,0,-1,0,0,0,1,1,0,1,0,0
sim_0005_n3_seed47,47,0.001,3,873.45,2,body_2,8.648712297334397,4.926411902220734,0.0002804985517745437,0.0005471727263264762,7.427073775278531,18.591890493242975,0,2.2540817101710533,4.3602866645036675,-70.90145905721215,9.270503463192715e-07,182.16787061504039,2.8707557032632484e-14,2.2540817101710533,0-2,14,19.25,19250,,,,,0,7.427073775278531,18.42172758768879,2.2540817101710533,4.3602866645036675,0.0001661455522648001,negative_hard,10.0,1,1,1,1,1,0,0,0,0,0,-1,0,0,0,1,1,0,1,0,0
sim_0005_n3_seed47,47,0.001,3,873.95,2,body_2,8.648712297334397,4.926411902220734,0.00021172468593429859,0.0012297646921029398,28.75635683646516,187.13657807187735,0,1.1455179535928344,7.670733677700333,-70.90210169401547,-8.136743489645354e-06,182.16787061504118,3.3076098320206995e-14,1.1455179535928344,0-2,14,19.75,19750,,,,,0,28.75635683646516,198.0312744037535,1.1455179535928344,7.670733677700333,0.00012540899690777432,negative_hard,10.0,1,1,1,1,0,0,1,1,0,0,-1,0,0,0,1,1,0,1,0,0
sim_0005_n3_seed47,47,0.001,3,874.0,2,body_2,8.648712297334397,4.926411902220734,0.00021166952400981213,0.0012910324182913299,30.560919896957024,200.8874328543206,0,1.1111856689901312,7.8321301660009555,-70.90226583993396,-1.0451868855197886e-05,182.16787061504104,3.2296001661711546e-14,1.1111856689901312,0-2,14,19.799999999999955,19800,,,,,0,30.560919896957024,215.7054524267883,1.1111856689901312,7.8321301660009555,0.00012537610461710663,negative_baseline,20.0,1,1,1,1,0,0,1,1,0,0,-1,0,0,0,1,1,0,1,0,0
sim_0005_n3_seed47,47,0.001,3,874.45,2,body_2,8.648712297334397,4.926411902220734,0.0002827328058729473,0.0007130231719264486,9.721287705907969,31.992626130599,0,1.970284635689769,4.994017320487101,-70.90145638220343,9.647788539067192e-07,182.16787061504075,3.073580834472065e-14,1.970284635689769,0-2,14,20.25,20250,,,,,0,9.721287705907969,31.77641941979899,1.970284635689769,4.994017320487101,0.0001674675938922502,negative_hard,10.0,1,1,1,1,0,1,0,0,0,0,-1,0,0,0,1,1,0,1,0,0
sim_0005_n3_seed47,47,0.001,3,875.0,2,body_2,8.648712297334397,4.926411902220734,0.0003766964015062044,0.000438974474316158,4.544320733083894,5.6714969697671105,0,2.8819069483193624,3.1696115506755964,-70.90146678386793,8.180730598048005e-07,182.1678706150408,3.104784700811883e-14,2.8819069483193624,0-2,14,20.799999999999955,20800,,,,,0,4.544320733083894,5.658856037194139,2.8819069483193624,3.1696115506755964,0.0002231245613150343,negative_baseline,20.0,0,0,0,0,0,0,0,0,0,0,-1,0,0,0,1,1,0,1,0,0
sim_0005_n3_seed47,47,0.001,3,876.0,2,body_2,8.648712297334397,4.926411902220734,0.00036051607504105254,0.0004964610011417745,5.265349886897367,8.465025819990336,0,2.677176453925008,3.536657422583831,-70.90146485493273,8.452788950974907e-07,182.16787061504158,3.526036896399425e-14,2.677176453925008,0-2,14,21.799999999999955,21800,,,,,0,5.265349886897367,8.41674070252518,2.677176453925008,3.536657422583831,0.00021354147864455998,negative_baseline,20.0,0,0,0,0,0,0,0,0,0,0,-1,0,0,0,1,1,0,1,0,0
sim_0005_n3_seed47,47,0.001,3,876.35,2,body_2,8.648712297334397,4.926411902220734,0.0003002608971887205,0.0007090797897262562,9.141105908046024,28.374028712363405,0,2.0317707898991286,4.849256198685432,-70.90145647123781,9.635231069671235e-07,182.16787061504175,3.6196484954188785e-14,2.0317707898991286,0-2,14,22.149999999999977,22150,,,,,0,9.141105908046024,28.06417010018789,2.0317707898991286,4.849256198685432,0.0001778514290928357,negative_hard,10.0,1,1,1,1,1,0,0,0,0,0,-1,0,0,0,1,1,0,1,0,0
sim_0005_n3_seed47,47,0.001,3,876.85,2,body_2,8.648712297334397,4.926411902220734,0.00024390013125127842,0.0014730965427004685,29.973391091026325,196.49865654433887,0,1.1220280414955945,7.780458084336543,-70.90220974860813,-9.66075292362825e-06,182.16787061504044,2.9019595696030666e-14,1.1220280414955945,0-2,14,22.649999999999977,22650,,,,,0,29.973391091026325,210.2811448890996,1.1220280414955945,7.780458084336543,0.00014446665599389863,negative_hard,10.0,1,1,1,1,0,0,1,1,0,0,-1,0,0,0,1,1,0,1,0,0
sim_0005_n3_seed47,47,0.001,3,877.0,2,body_2,8.648712297334397,4.926411902220734,0.00026258460838246626,0.00119930854441629,20.19345740583911,114.75117541196165,0,1.3670087839664145,6.761564781461648,-70.90160666317172,-1.1547942968438708e-06,182.1678706150404,2.8863576364331575e-14,1.3670087839664145,0-2,14,22.799999999999955,22800,,,,,0,20.19345740583911,116.08239445685524,1.3670087839664145,6.761564781461648,0.00015553328430252192,negative_baseline,20.0,1,1,1,1,0,1,1,1,0,0,-1,0,0,0,1,1,0,1,0,0
sim_0005_n3_seed47,47,0.001,3,877.35,2,body_2,8.648712297334397,4.926411902220734,0.00034402519842205285,0.0007088538774719883,7.803682546117218,20.613199364651486,0,2.1990984725693927,4.476740276604853,-70.90145825359039,9.38384683088189e-07,182.16787061504053,2.948765369112793e-14,2.1990984725693927,0-2,14,23.149999999999977,23150,,,,,0,7.803682546117218,20.495403126524923,2.1990984725693927,4.476740276604853,0.0002037722061586686,negative_hard,10.0,1,1,1,1,0,1,0,0,0,0,-1,0,0,0,1,1,0,1,0,0
sim_0005_n3_seed47,47,0.001,3,878.0,2,body_2,8.648712297334397,4.926411902220734,0.00044213824818806365,0.00045621046036362013,4.112923346878616,4.12503701650772,0,3.029260379546592,2.9121444608169464,-70.90146782080598,8.034480140404773e-07,182.1678706150396,2.4339015745057978e-14,3.029260379546592,0-2,14,23.799999999999955,23800,,,,,0,4.112923346878616,4.117364171149313,3.029260379546592,2.9121444608169464,0.00026188720650979845,negative_baseline,20.0,0,0,0,0,0,0,0,0,0,0,-1,0,0,0,1,1,0,1,0,0
sim_0005_n3_seed47,47,0.001,3,879.0,2,body_2,8.648712297334397,4.926411902220734,0.0003687652765186259,0.0006701704072947637,6.887985440949765,15.824472702468196,0,2.3406361786253567,4.1821309357928005,-70.90146036447837,9.086125733518931e-07,182.16787061504112,3.2764059656808813e-14,2.3406361786253567,0-2,14,24.799999999999955,24800,,,,,0,6.887985440949765,15.691333471196268,2.3406361786253567,4.1821309357928005,0.00021842800452424134,negative_baseline,20.0,1,0,1,1,1,0,0,0,0,0,-1,0,0,0,1,1,0,1,0,0
sim_0005_n3_seed47,47,0.001,3,879.25,2,body_2,8.648712297334397,4.926411902220734,0.0003148037790847259,0.0009268204978522726,11.824069910564385,46.29067713850675,0,1.786437914048486,5.457627005545343,-70.90146085507864,9.016931132557082e-07,182.16787061504087,3.135988567151701e-14,1.786437914048486,0-2,14,25.049999999999955,25050,,,,,0,11.824069910564385,45.75301233634128,1.786437914048486,5.457627005545343,0.00018646571929737134,negative_hard,10.0,1,1,1,1,1,0,1,0,0,0,-1,0,0,0,1,1,0,1,0,0
sim_0005_n3_seed47,47,0.001,3,879.75,2,body_2,8.648712297334397,4.926411902220734,0.0002856249877435407,0.001456412571661564,23.537716046446338,143.88035116440497,0,1.266171886586794,7.15005163107782,-70.90174913938495,-3.1642886434946553e-06,182.1678706150404,2.8863576364331575e-14,1.266171886586794,0-2,14,25.549999999999955,25550,,,,,0,23.537716046446338,147.8183876821425,1.266171886586794,7.15005163107782,0.00016918052818121028,negative_hard,10.0,1,1,1,1,0,0,1,1,0,0,-1,0,0,0,1,1,0,1,0,0
sim_0005_n3_seed47,47,0.001,3,880.0,2,body_2,8.648712297334397,4.926411902220734,0.00034420097668667096,0.000952729132518059,10.836522780431393,39.36048876733724,0,1.8661241338127454,5.250548283239912,-70.90145770071967,9.461824098364391e-07,182.16787061504053,2.948765369112793e-14,1.8661241338127454,0-2,14,25.799999999999955,25800,,,,,0,10.836522780431393,39.090720516442886,1.8661241338127454,5.250548283239912,0.0002038759978373348,negative_baseline,20.0,1,1,1,1,0,1,1,0,0,0,-1,0,0,0,1,1,0,1,0,0
sim_0005_n3_seed47,47,0.001,3,880.25,2,body_2,8.648712297334397,4.926411902220734,0.00040814986584364744,0.0007082916857395078,6.541820921483631,14.127972727976118,0,2.401859372250646,4.059561945546801,-70.90146128110483,8.956844104582947e-07,182.16787061504053,2.948765369112793e-14,2.401859372250646,0-2,14,26.049999999999955,26050,,,,,0,6.541820921483631,14.063900222482793,2.401859372250646,4.059561945546801,0.00024175446963757745,negative_hard,10.0,1,0,1,1,0,0,0,0,0,0,-1,0,0,0,1,1,0,1,0,0
sim_0005_n3_seed47,47,0.001,3,881.0,2,body_2,8.648712297334397,4.926411902220734,0.0004986697465207648,0.0004935197209161555,3.9779699873424725,3.6544709832640994,0,3.0801785729582662,2.823882190267125,-70.90146812027683,7.992242564255758e-07,182.1678706150394,2.324688042316435e-14,3.0801785729582662,0-2,14,26.799999999999955,26800,,,,,0,3.9779699873424725,3.646734600803868,3.0801785729582662,2.823882190267125,0.0002953721526052657,negative_baseline,20.0,0,0,0,0,0,0,0,0,0,0,-1,0,0,0,1,1,0,1,0,0
sim_0005_n3_seed47,47,0.001,3,882.0,2,body_2,8.648712297334397,4.926411902220734,0.00036101437755445173,0.0009582850253262307,10.447612349231306,36.73884481924976,0,1.9004851440514392,5.164245762146038,-70.90145699027258,9.562026047313617e-07,182.16787061504002,2.6679305720544322e-14,1.9004851440514392,0-2,14,27.799999999999955,27800,,,,,0,10.447612349231306,36.31268114261356,1.9004851440514392,5.164245762146038,0.00021383739098272236,negative_baseline,20.0,1,1,1,1,1,0,0,0,0,0,-1,0,0,0,1,1,0,1,0,0
sim_0005_n3_seed47,47,0.001,3,882.15,2,body_2,8.648712297334397,4.926411902220734,0.00032656209079572285,0.0012321178192444585,16.13978543238633,80.01425091745563,0,1.529049260189169,6.207020358303188,-70.90150462330385,2.8438304350704264e-07,182.16787061503908,2.1530667774474364e-14,1.529049260189169,0-2,14,27.949999999999932,27950,,,,,0,16.13978543238633,79.49612944895954,1.529049260189169,6.207020358303188,0.00019343056952302772,negative_hard,10.0,1,1,1,1,1,0,1,1,0,0,-1,0,0,0,1,1,0,1,0,0
sim_0005_n3_seed47,47,0.001,3,882.65,2,body_2,8.648712297334397,4.926411902220734,0.00033875844130967477,0.0013355852475801949,16.74156409101994,85.0438836825573,0,1.5013444603777353,6.296559980700325,-70.90151551881868,1.3071195016632944e-07,182.1678706150383,1.7318145818598947e-14,1.5013444603777353,0-2,14,28.449999999999932,28450,,,,,0,16.74156409101994,85.08398920615203,1.5013444603777353,6.296559980700325,0.00020065207795461195,negative_hard,10.0,1,1,1,1,0,1,1,1,0,0,-1,0,0,0,1,1,0,1,0,0
sim_0005_n3_seed47,47,0.001,3,883.0,2,body_2,8.648712297334397,4.926411902220734,0.000437347243296067,0.0008177438342586496,7.05410913831933,16.658822148154805,0,2.312980263084134,4.238418853227594,-70.90145994400532,9.145429541767952e-07,182.1678706150377,1.4041739852918064e-14,2.312980263084134,0-2,14,28.799999999999955,28800,,,,,0,7.05410913831933,16.57464108160746,2.312980263084134,4.238418853227594,0.00025904841371586767,negative_baseline,20.0,1,1,1,1,0,0,0,0,0,0,-1,0,0,0,1,1,0,1,0,0
sim_0005_n3_seed47,47,0.001,3,884.0,2,body_2,8.648712297334397,4.926411902220734,0.0005427768009978646,0.0005580468904735615,4.094435864619822,4.061175167058255,0,3.0360064435431364,2.9004277868489496,-70.90146786152411,8.028737226586712e-07,182.16787061503845,1.8098242477094393e-14,3.0360064435431364,0-2,14,29.799999999999955,29800,,,,,0,4.094435864619822,4.049376435186443,3.0360064435431364,2.9004277868489496,0.0003214979454378383,negative_baseline,20.0,0,0,0,0,0,0,0,0,0,0,-1,0,0,0,1,1,0,1,0,0
sim_0005_n3_seed47,47,0.001,3,884.5500000000001,2,body_2,8.648712297334397,4.926411902220734,0.0004604617835156486,0.0007830467266624469,6.431658546746753,13.605157644419519,0,2.4222528032865998,4.019302019594418,-70.90146157818934,8.914943099977969e-07,182.16787061503916,2.1998725769571634e-14,2.4222528032865998,0-2,14,30.350000000000023,30350,,,,,0,6.431658546746753,13.500058968805522,2.4222528032865998,4.019302019594418,0.00027274199076340487,negative_hard,10.0,1,0,1,1,1,0,0,0,0,0,-1,0,0,0,1,1,0,1,0,0
sim_0005_n3_seed47,47,0.001,3,885.0,2,body_2,8.648712297334397,4.926411902220734,0.00034844614002466046,0.0015024377087199032,19.249108689408008,106.53744399941256,0,1.4001201129835243,6.6418309888131315,-70.90157652927223,-7.297836983178206e-07,182.16787061503925,2.24667837646689e-14,1.4001201129835243,0-2,14,30.799999999999955,30800,,,,,0,19.249108689408008,106.8041865477015,1.4001201129835243,6.6418309888131315,0.0002063930294557208,negative_baseline,20.0,1,1,1,1,1,0,1,1,0,0,-1,0,0,0,1,1,0,1,0,0
sim_0005_n3_seed47,47,0.001,3,885.0500000000001,2,body_2,8.648712297334397,4.926411902220734,0.00034052369614356225,0.0016590901132760112,22.716279347977597,136.77303558678378,0,1.2888489486396155,7.059330995129452,-70.90170862704633,-2.5928998230643953e-06,182.1678706150391,2.1686687106173455e-14,1.2888489486396155,0-2,14,30.850000000000023,30850,,,,,0,22.716279347977597,139.22597971955466,1.2888489486396155,7.059330995129452,0.0002017001910226597,negative_hard,10.0,1,1,1,1,1,0,1,1,0,0,-1,0,0,0,1,1,0,1,0,0
sim_0005_n3_seed47,47,0.001,3,885.5500000000001,2,body_2,8.648712297334397,4.926411902220734,0.00040164903964453377,0.0012268126489791602,12.19953717426421,49.01092253565673,0,1.7587746461025893,5.531952285823916,-70.90146260407099,8.770252044656914e-07,182.16787061503865,1.919037779898802e-14,1.7587746461025893,0-2,14,31.350000000000023,31350,,,,,0,12.19953717426421,48.698064000586086,1.7587746461025893,5.531952285823916,0.0002379031511461249,negative_hard,10.0,1,1,1,1,0,1,1,0,0,0,-1,0,0,0,1,1,0,1,0,0
sim_0005_n3_seed47,47,0.001,3,886.0,2,body_2,8.648712297334397,4.926411902220734,0.0005295079539693509,0.0007447354750494428,5.34573612648765,8.793860623700132,0,2.6570139942370923,3.5736527791596115,-70.90146462979018,8.484543210634232e-07,182.1678706150393,2.277882242806708e-14,2.6570139942370923,0-2,14,31.799999999999955,31800,,,,,0,5.34573612648765,8.765926238586504,2.6570139942370923,3.5736527791596115,0.0003136372043478302,negative_baseline,20.0,0,0,0,0,0,0,0,0,0,0,-1,0,0,0,1,1,0,1,0,0
sim_0005_n3_seed47,47,0.001,3,887.0,2,body_2,8.648712297334397,4.926411902220734,0.0005709207934147506,0.0006598963420524159,4.501081749199111,5.514747070539631,0,2.895567216718207,3.1455487857289013,-70.90146688987971,8.165778623068222e-07,182.16787061504098,3.198396299831337e-14,2.895567216718207,0-2,14,32.799999999999955,32800,,,,,0,4.501081749199111,5.4921520471983225,2.895567216718207,3.1455487857289013,0.000338168608473993,negative_baseline,20.0,0,0,0,0,0,0,0,0,0,0,-1,0,0,0,1,1,0,1,0,0
sim_0005_n3_seed47,47,0.001,3,887.45,2,body_2,8.648712297334397,4.926411902220734,0.00047439726937593984,0.0009530496927595964,7.639994380302732,19.728351303553833,0,2.2224437970950803,4.426965725561777,-70.9014585837595,9.337279550960422e-07,182.167870615041,3.2139982330012455e-14,2.2224437970950803,0-2,14,33.25,33250,,,,,0,7.639994380302732,19.54243724498194,2.2224437970950803,4.426965725561777,0.0002809966365462385,negative_hard,10.0,1,1,1,1,1,0,0,0,0,0,-1,0,0,0,1,1,0,1,0,0
sim_0005_n3_seed47,47,0.001,3,887.95,2,body_2,8.648712297334397,4.926411902220734,0.0003628340513695874,0.0021390269337535094,29.52953811936894,193.13860560903714,0,1.1304293996125032,7.740870712673702,-70.90216895309166,-9.085370143190058e-06,182.16787061504027,2.808347970583613e-14,1.1304293996125032,0-2,14,33.75,33750,,,,,0,29.52953811936894,205.60866253115745,1.1304293996125032,7.740870712673702,0.00021491437842225688,negative_hard,10.0,1,1,1,1,0,0,1,1,0,0,-1,0,0,0,1,1,0,1,0,0
sim_0005_n3_seed47,47,0.001,3,888.0,2,body_2,8.648712297334397,4.926411902220734,0.00036297085581765546,0.0022057587686041564,30.674588631709067,201.74559547856208,0,1.1091313649268042,7.841995463481596,-70.90227672271234,-1.060536031276694e-05,182.16787061503982,2.5587170398650694e-14,1.1091313649268042,0-2,14,33.799999999999955,33800,,,,,0,30.674588631709067,216.8864904886282,1.1091313649268042,7.841995463481596,0.00021499485487208077,negative_baseline,20.0,1,1,1,1,0,0,1,1,0,0,-1,0,0,0,1,1,0,1,0,0
sim_0005_n3_seed47,47,0.001,3,888.45,2,body_2,8.648712297334397,4.926411902220734,0.0004711612782124735,0.0011472495215265857,9.376280157163968,29.822953370812172,0,2.006179067474487,4.908949897564816,-70.9014563689218,9.649661790085005e-07,182.16787061503985,2.5743189730349785e-14,2.006179067474487,0-2,14,34.25,34250,,,,,0,9.376280157163968,29.62461731483643,2.006179067474487,4.908949897564816,0.00027907648522260896,negative_hard,10.0,1,1,1,1,0,1,0,0,0,0,-1,0,0,0,1,1,0,1,0,0
sim_0005_n3_seed47,47,0.001,3,889.0,2,body_2,8.648712297334397,4.926411902220734,0.0006144225236461121,0.000710244272023159,4.4977782087870235,5.5021867806099305,0,2.8966777415478124,3.1436044816911184,-70.90146689852395,8.164559434119097e-07,182.16787061503985,2.5743189730349785e-14,2.8966777415478124,0-2,14,34.799999999999955,34800,,,,,0,4.4977782087870235,5.490200373899913,2.8966777415478124,3.1436044816911184,0.00036393405715717515,negative_baseline,20.0,0,0,0,0,0,0,0,0,0,0,-1,0,0,0,1,1,0,1,0,0
sim_0005_n3_seed47,47,0.001,3,890.0,2,body_2,8.648712297334397,4.926411902220734,0.0005797398400000215,0.0008156227886343186,5.352195825423447,8.821829848174838,0,2.6553309559907126,3.5767387076805455,-70.9014646100812,8.487322978434775e-07,182.16787061504039,2.8707557032632484e-14,2.6553309559907126,0-2,14,35.799999999999955,35800,,,,,0,5.352195825423447,8.77004918894107,2.6553309559907126,3.5767387076805455,0.00034339284789684153,negative_baseline,20.0,0,0,0,0,0,0,0,0,0,0,-1,0,0,0,1,1,0,1,0,0
sim_0005_n3_seed47,47,0.001,3,890.35,2,body_2,8.648712297334397,4.926411902220734,0.0004816776025761956,0.0011752568296806007,9.468794908948272,30.403396911598357,0,1.996306843439576,4.932184003811157,-70.90145635079213,9.652218811035934e-07,182.1678706150408,3.104784700811883e-14,1.996306843439576,0-2,14,36.14999999999998,36150,,,,,0,9.468794908948272,30.064385083437628,1.996306843439576,4.932184003811157,0.0002853093295777636,negative_hard,10.0,1,1,1,1,1,0,0,0,0,0,-1,0,0,0,1,1,0,1,0,0
sim_0005_n3_seed47,47,0.001,3,890.85,2,body_2,8.648712297334397,4.926411902220734,0.00039634303613927447,0.0023407936285140237,29.33389998392903,191.63713768192025,0,1.134196869556899,7.7232429288211755,-70.90215144016389,-8.838366600994886e-06,182.16787061504374,4.711783817312506e-14,1.134196869556899,0-2,14,36.64999999999998,36650,,,,,0,29.33389998392903,204.15519686756974,1.134196869556899,7.7232429288211755,0.00023476120952159546,negative_hard,10.0,1,1,1,1,0,0,1,1,0,0,-1,0,0,0,1,1,0,1,0,0
sim_0005_n3_seed47,47,0.001,3,891.0,2,body_2,8.648712297334397,4.926411902220734,0.00042419730330433246,0.0018478121115741673,19.17335046077473,105.87694477191165,0,1.402902384376,6.631930801895103,-70.90157425925102,-6.977671624306747e-07,182.16787061504397,4.8365992826717774e-14,1.402902384376,0-2,14,36.799999999999955,36800,,,,,0,19.17335046077473,106.69830543792096,1.402902384376,6.631930801895103,0.0002512586503648169,negative_baseline,20.0,1,1,1,1,0,1,1,1,0,0,-1,0,0,0,1,1,0,1,0,0
sim_0005_n3_seed47,47,0.001,3,891.35,2,body_2,8.648712297334397,4.926411902220734,0.0005445886416450638,0.0010909224876050126,7.579911107572803,19.403825592170012,0,2.2312869699753106,4.408246448517558,-70.90145871254168,9.319116023952775e-07,182.1678706150433,4.477754819763872e-14,2.2312869699753106,0-2,14,37.14999999999998,37150,,,,,0,7.579911107572803,19.29649256185544,2.2312869699753106,4.408246448517558,0.0003225689207759655,negative_hard,10.0,1,1,1,1,0,0,0,0,0,0,-1,0,0,0,1,1,0,1,0,0
sim_0005_n3_seed47,47,0.001,3,892.0,2,body_2,8.648712297334397,4.926411902220734,0.0006878942820213233,0.0007084303528422089,4.092869530510743,4.0559224304064685,0,3.036577206991867,2.899441861567768,-70.90146786459665,8.028303872985632e-07,182.16787061504314,4.384143220744418e-14,3.036577206991867,0-2,14,37.799999999999955,37800,,,,,0,4.092869530510743,4.048386856574935,3.036577206991867,2.899441861567768,0.0004074531970374069,negative_baseline,20.0,0,0,0,0,0,0,0,0,0,0,-1,0,0,0,1,1,0,1,0,0
sim_0005_n3_seed47,47,0.001,3,893.0,2,body_2,8.648712297334397,4.926411902220734,0.0005669902205664935,0.0010585828585736666,7.067634427192152,16.730315878195835,0,2.310687594499161,4.243105154088431,-70.90145990622872,9.150757579707382e-07,182.1678706150437,4.696181884142597e-14,2.310687594499161,0-2,14,38.799999999999955,38800,,,,,0,7.067634427192152,16.585256225331523,2.310687594499161,4.243105154088431,0.00033584165915976006,negative_baseline,20.0,1,1,1,1,1,0,0,0,0,0,-1,0,0,0,1,1,0,1,0,0
sim_0005_n3_seed47,47,0.001,3,893.25,2,body_2,8.648712297334397,4.926411902220734,0.0004839551650874059,0.001477571715994946,12.347720796815953,50.10338666867028,0,1.7481535795974135,5.560841377748681,-70.90146338417716,8.660225330938307e-07,182.16787061504402,4.8678031490115956e-14,1.7481535795974135,0-2,14,39.049999999999955,39050,,,,,0,12.347720796815953,49.53098281676796,1.7481535795974135,5.560841377748681,0.00028665873648259227,negative_hard,10.0,1,1,1,1,1,0,1,0,0,0,-1,0,0,0,1,1,0,1,0,0
sim_0005_n3_seed47,47,0.001,3,893.75,2,body_2,8.648712297334397,4.926411902220734,0.0004436029496477146,0.002165757008465904,22.40559807644225,134.070406202619,0,1.2977679220069724,7.024206383836437,-70.9016942197739,-2.3896986581464873e-06,182.1678706150415,3.479231096889698e-14,1.2977679220069724,0-2,14,39.549999999999955,39550,,,,,0,22.40559807644225,136.9503176865699,1.2977679220069724,7.024206383836437,0.0002627530471518591,negative_hard,10.0,1,1,1,1,0,0,1,1,0,0,-1,0,0,0,1,1,0,1,0,0
sim_0005_n3_seed47,47,0.001,3,894.0,2,body_2,8.648712297334397,4.926411902220734,0.0005282471667510423,0.0014093194617772003,10.41668974888526,36.53059758254804,0,1.9033438135408443,5.157145717174811,-70.90145693787366,9.569416426767795e-07,182.16787061504164,3.557240762739243e-14,1.9033438135408443,0-2,14,39.799999999999955,39800,,,,,0,10.41668974888526,36.279674489061215,1.9033438135408443,5.157145717174811,0.00031288901972610937,negative_baseline,20.0,1,1,1,1,0,1,0,0,0,0,-1,0,0,0,1,1,0,1,0,0
sim_0005_n3_seed47,47,0.001,3,894.25,2,body_2,8.648712297334397,4.926411902220734,0.0006198928768587697,0.0010514655738135044,6.391015708980576,13.41220901109577,0,2.429989421016315,4.00411194328546,-70.90146168906114,8.89930566543279e-07,182.1678706150408,3.104784700811883e-14,2.429989421016315,0-2,14,40.049999999999955,40050,,,,,0,6.391015708980576,13.35352864123163,2.429989421016315,4.00411194328546,0.00036717313827428,negative_hard,10.0,1,0,1,1,0,0,0,0,0,0,-1,0,0,0,1,1,0,1,0,0
sim_0005_n3_seed47,47,0.001,3,895.0,2,body_2,8.648712297334397,4.926411902220734,0.0007463065250158813,0.0007413610591193742,3.9776450647819566,3.6542543754980557,0,3.080224892888432,2.823799205306108,-70.90146811976041,7.992315400836058e-07,182.16787061504064,3.011173101792429e-14,3.080224892888432,0-2,14,40.799999999999955,40800,,,,,0,3.9776450647819566,3.64635855555613,3.080224892888432,2.823799205306108,0.0004420523881612074,negative_baseline,20.0,0,0,0,0,0,0,0,0,0,0,-1,0,0,0,1,1,0,1,0,0
sim_0005_n3_seed47,47,0.001,3,896.0,2,body_2,8.648712297334397,4.926411902220734,0.0005351123485270161,0.00147012636840622,10.869250247225775,39.58959069704744,0,1.8632627279363474,5.257812530966808,-70.90145776167213,9.453227321459586e-07,182.16787061504215,3.838075559797604e-14,1.8632627279363474,0-2,14,41.799999999999955,41800,,,,,0,10.869250247225775,39.12695193390635,1.8632627279363474,5.257812530966808,0.00031696041525459615,negative_baseline,20.0,1,1,1,1,1,0,1,0,0,0,-1,0,0,0,1,1,0,1,0,0
sim_0005_n3_seed47,47,0.001,3,896.15,2,body_2,8.648712297334397,4.926411902220734,0.00048528495708974464,0.0019036517186692343,16.979218077086472,87.05525595832644,0,1.4907795872783491,6.331238383496896,-70.90152018142302,6.495025669082223e-08,182.1678706150429,4.243725822215237e-14,1.4907795872783491,0-2,14,41.94999999999993,41950,,,,,0,16.979218077086472,86.66309253761072,1.4907795872783491,6.331238383496896,0.00028744653795073426,negative_hard,10.0,1,1,1,1,1,0,1,1,0,0,-1,0,0,0,1,1,0,1,0,0
sim_0005_n3_seed47,47,0.001,3,896.65,2,body_2,8.648712297334397,4.926411902220734,0.0005064301985649449,0.001910293666956753,15.917868564782799,78.17154244957794,0,1.5396966084313493,6.17313156249915,-70.90150090185054,3.368706778992754e-07,182.16787061504274,4.165716156365692e-14,1.5396966084313493,0-2,14,42.44999999999993,42450,,,,,0,15.917868564782799,78.06088436580744,1.5396966084313493,6.17313156249915,0.00029996614862122235,negative_hard,10.0,1,1,1,1,0,1,1,1,0,0,-1,0,0,0,1,1,0,1,0,0
sim_0005_n3_seed47,47,0.001,3,897.0,2,body_2,8.648712297334397,4.926411902220734,0.0006446549275498185,0.0011755057757867316,6.874460627261222,15.756563290903712,0,2.3429757911971634,4.177404902264509,-70.90146039603862,9.081674454390088e-07,182.16787061504243,3.994094891496694e-14,2.3429757911971634,0-2,14,42.799999999999955,42800,,,,,0,6.874460627261222,15.679699917103964,2.3429757911971634,4.177404902264509,0.0003818398440764911,negative_baseline,20.0,1,0,1,1,0,0,0,0,0,0,-1,0,0,0,1,1,0,1,0,0
sim_0005_n3_seed47,47,0.001,3,898.0,2,body_2,8.648712297334397,4.926411902220734,0.0007861354527740491,0.0008156342199356542,4.113843539795722,4.1299073113906895,0,3.02877785699077,2.9129719809936505,-70.90146781647913,8.035090402314152e-07,182.1678706150417,3.588444629079061e-14,3.02877785699077,0-2,14,43.799999999999955,43800,,,,,0,4.113843539795722,4.117591278511821,3.02877785699077,2.9129719809936505,0.00046564443094483025,negative_baseline,20.0,0,0,0,0,0,0,0,0,0,0,-1,0,0,0,1,1,0,1,0,0
sim_0005_n3_seed47,47,0.001,3,898.5500000000001,2,body_2,8.648712297334397,4.926411902220734,0.0006629032889224459,0.0011557084312148443,6.584150757876098,14.33468118804917,0,2.3940272619950473,4.075088749844551,-70.90146116129642,8.973741964725659e-07,182.16787061504266,4.1189103568559655e-14,2.3940272619950473,0-2,14,44.35000000000002,44350,,,,,0,6.584150757876098,14.220543196733866,2.3940272619950473,4.075088749844551,0.0003926532268518531,negative_hard,10.0,1,0,1,1,1,0,0,0,0,0,-1,0,0,0,1,1,0,1,0,0
sim_0005_n3_seed47,47,0.001,3,899.0,2,body_2,8.648712297334397,4.926411902220734,0.0005031284308266228,0.002254093416354441,20.275542087557632,115.47993627773965,0,1.364225465793318,6.77179753902757,-70.9016094084345,-1.1935136725481687e-06,182.1678706150413,3.3700175647003353e-14,1.364225465793318,0-2,14,44.799999999999955,44800,,,,,0,20.275542087557632,116.22690602534523,1.364225465793318,6.77179753902757,0.00029801558628127055,negative_baseline,20.0,1,1,1,1,1,0,1,1,0,0,-1,0,0,0,1,1,0,1,0,0
sim_0005_n3_seed47,47,0.001,3,899.0500000000001,2,body_2,8.648712297334397,4.926411902220734,0.0004928415173158776,0.0024863187040115755,23.856165613539343,146.63758677558752,0,1.2576856472512747,7.1845408940023665,-70.90176577380473,-3.3989016483557532e-06,182.16787061504112,3.2764059656808813e-14,1.2576856472512747,0-2,14,44.85000000000002,44850,,,,,0,23.856165613539343,150.19225006971033,1.2576856472512747,7.1845408940023665,0.00029192200129750433,negative_hard,10.0,1,1,1,1,1,0,1,1,0,0,-1,0,0,0,1,1,0,1,0,0
sim_0005_n3_seed47,47,0.001,3,899.5500000000001,2,body_2,8.648712297334397,4.926411902220734,0.0005812809977320991,0.001708395881122269,11.685682730910148,45.29761558232954,0,1.7970201109656518,5.42954157900855,-70.90146026938768,9.09953738920023e-07,182.16787061504098,3.198396299831337e-14,1.7970201109656518,0-2,14,45.35000000000002,45350,,,,,0,11.685682730910148,44.99672426951148,1.7970201109656518,5.42954157900855,0.0003443014088343781,negative_hard,10.0,1,1,1,1,0,1,1,0,0,0,-1,0,0,0,1,1,0,1,0,0
sim_0005_n3_seed47,47,0.001,3,900.0,2,body_2,8.648712297334397,4.926411902220734,0.0007557649758761314,0.0010454597966384025,5.258390056376832,8.43728557425571,0,2.6789460262646263,3.5334314880700965,-70.90146487159649,8.4504386824897e-07,182.16787061504127,3.354415631530426e-14,2.6789460262646263,0-2,14,45.799999999999955,45800,,,,,0,5.258390056376832,8.411359692742732,2.6789460262646263,3.5334314880700965,0.0004476529468425996,negative_baseline,20.0,0,0,0,0,0,0,0,0,0,0,-1,0,0,0,1,1,0,1,0,0
sim_0005_n3_seed47,47,0.001,3,901.0,2,body_2,8.648712297334397,4.926411902220734,0.0008038551680371695,0.0009425426316665153,4.547007612346119,5.683948783249223,0,2.880869919965859,3.1714245616807557,-70.90146677314017,8.182243648725822e-07,182.16787061504175,3.6196484954188785e-14,2.880869919965859,0-2,14,46.799999999999955,46800,,,,,0,4.547007612346119,5.660034667543512,2.880869919965859,3.1714245616807557,0.0004761408881112848,negative_baseline,20.0,0,0,0,0,0,0,0,0,0,0,-1,0,0,0,1,1,0,1,0,0
sim_0005_n3_seed47,47,0.001,3,901.5,2,body_2,8.648712297334397,4.926411902220734,0.000644646420394211,0.0014613736092047175,8.707807776903566,25.76813906887391,0,2.0817149503413583,4.734963861240506,-70.90145682265823,9.585666490311e-07,182.16787061504152,3.494833030059607e-14,2.0817149503413583,0-2,14,47.299999999999955,47300,,,,,0,8.707807776903566,25.495873473761122,2.0817149503413583,4.734963861240506,0.00038184002643292794,negative_hard,10.0,1,1,1,1,1,0,0,0,0,0,-1,0,0,0,1,1,0,1,0,0
sim_0005_n3_seed47,47,0.001,3,902.0,2,body_2,8.648712297334397,4.926411902220734,0.0005145414646196028,0.0031100699761377163,30.551344543261006,200.84340526104148,0,1.1113692757828695,7.83124983394398,-70.9022645472198,-1.0433636325451732e-05,182.16787061504132,3.3856194978702444e-14,1.1113692757828695,0-2,14,47.799999999999955,47800,,,,,0,30.551344543261006,215.78036136687197,1.1113692757828695,7.83124983394398,0.0003047729189016709,negative_hard,10.0,1,1,1,1,0,0,1,1,0,0,-1,0,0,0,1,1,0,1,0,0
sim_0005_n3_seed47,47,0.001,3,902.5,2,body_2,8.648712297334397,4.926411902220734,0.0006857323335020917,0.001469086708408031,8.147658744847611,22.528283657735802,0,2.152122247972103,4.578426980361359,-70.90145761012647,9.474601426401043e-07,182.16787061504047,2.9175615027729757e-14,2.152122247972103,0-2,14,48.299999999999955,48300,,,,,0,8.147658744847611,22.393619852070078,2.152122247972103,4.578426980361359,0.00040617003079287093,negative_hard,10.0,1,1,1,1,0,1,0,0,0,0,-1,0,0,0,1,1,0,1,0,0
sim_0005_n3_seed47,47,0.001,3,903.0,2,body_2,8.648712297334397,4.926411902220734,0.0008538801269792862,0.0009774336319058473,4.45395915423028,5.3430515539725025,0,2.910841514230278,3.1187174565201885,-70.90146700658447,8.149318503958464e-07,182.16787061504058,2.9799692354526115e-14,2.910841514230278,0-2,14,48.799999999999955,48800,,,,,0,4.45395915423028,5.331661495422755,2.910841514230278,3.1187174565201885,0.0005057690337560481,negative_baseline,20.0,0,0,0,0,0,0,0,0,0,0,-1,0,0,0,1,1,0,1,0,0
sim_0005_n3_seed47,47,0.001,3,904.0,2,body_2,8.648712297334397,4.926411902220734,0.0007962458526805221,0.0011426943402332802,5.444046214810933,9.203374437120614,0,2.632817177926092,3.618262592054175,-70.90146435097324,8.523867744476085e-07,182.1678706150429,4.243725822215237e-14,2.632817177926092,0-2,14,49.799999999999955,49800,,,,,0,5.444046214810933,9.14777453111852,2.632817177926092,3.618262592054175,0.00047163461649607757,negative_baseline,20.0,0,0,0,0,0,0,0,0,0,0,-1,0,0,0,1,1,0,1,0,0
sim_0005_n3_seed47,47,0.001,3,904.4,2,body_2,8.648712297334397,4.926411902220734,0.0006378551460515275,0.0017890585918703653,11.137180338500805,41.436648930603745,0,1.8407150169132445,5.315493929168308,-70.90145843065187,9.358873957494809e-07,182.16787061504255,4.05650262417633e-14,1.8407150169132445,0-2,14,50.19999999999993,50200,,,,,0,11.137180338500805,40.95166097315918,1.8407150169132445,5.315493929168308,0.00037781793579031765,negative_hard,10.0,1,1,1,1,1,0,1,0,0,0,-1,0,0,0,1,1,0,1,0,0
sim_0005_n3_seed47,47,0.001,3,904.9,2,body_2,8.648712297334397,4.926411902220734,0.0005584649733806662,0.002954508974072339,25.171575653733008,157.8658668226577,0,1.224389479137925,7.322805055443054,-70.9018410656825,-4.460823490015684e-06,182.1678706150414,3.432425297379971e-14,1.224389479137925,0-2,14,50.69999999999993,50700,,,,,0,25.171575653733008,163.67318267089277,1.224389479137925,7.322805055443054,0.0003307877500846123,negative_hard,10.0,1,1,1,1,0,0,1,1,0,0,-1,0,0,0,1,1,0,1,0,0
sim_0005_n3_seed47,47,0.001,3,905.0,2,body_2,8.648712297334397,4.926411902220734,0.0005885315678005094,0.0024562224789315534,18.203841977653322,97.50035231361939,0,1.4397757413156305,6.502999023287646,-70.90154784521764,-3.252218121723285e-07,182.16787061504186,3.682056228098514e-14,1.4397757413156305,0-2,14,50.799999999999955,50800,,,,,0,18.203841977653322,97.94262934994943,1.4397757413156305,6.502999023287646,0.0003485957788113036,negative_baseline,20.0,1,1,1,1,0,1,1,1,0,0,-1,0,0,0,1,1,0,1,0,0
sim_0005_n3_seed47,47,0.001,3,905.4,2,body_2,8.648712297334397,4.926411902220734,0.0007706257985357962,0.0013847237585929229,6.77166913053397,15.24785977498237,0,2.3606801022292117,4.141710344569005,-70.90146066231031,9.044119310290468e-07,182.1678706150412,3.3232117651906086e-14,2.3606801022292117,0-2,14,51.19999999999993,51200,,,,,0,6.77166913053397,15.175050872438122,2.3606801022292117,4.141710344569005,0.0004564541977120458,negative_hard,10.0,1,0,1,1,0,0,0,0,0,0,-1,0,0,0,1,1,0,1,0,0
sim_0005_n3_seed47,47,0.001,3,906.0,2,body_2,8.648712297334397,4.926411902220734,0.0009344608174561834,0.0009588902623993981,4.074664610588509,3.9928187244366016,0,3.043303913782884,2.8877714353573167,-70.90146790476116,8.022639043028203e-07,182.16787061504206,3.7912697602878774e-14,3.043303913782884,0-2,14,51.799999999999955,51800,,,,,0,4.074664610588509,3.9853945319379074,3.043303913782884,2.8877714353573167,0.0005534992168919982,negative_baseline,20.0,0,0,0,0,0,0,0,0,0,0,-1,0,0,0,1,1,0,1,0,0
sim_0005_n3_seed47,47,0.001,3,907.0,2,body_2,8.648712297334397,4.926411902220734,0.0007617700295172091,0.0014603510836731066,7.258650964831185,17.71210825165016,0,2.280076140270083,4.306153864885824,-70.90145943941728,9.216596987849846e-07,182.16787061503925,2.24667837646689e-14,2.280076140270083,0-2,14,52.799999999999955,52800,,,,,0,7.258650964831185,17.553883318853135,2.280076140270083,4.306153864885824,0.0004512149180086415,negative_baseline,20.0,1,1,1,1,1,0,0,0,0,0,-1,0,0,0,1,1,0,1,0,0
sim_0005_n3_seed47,47,0.001,3,907.3000000000001,2,body_2,8.648712297334397,4.926411902220734,0.0006289297690159001,0.002246815673531538,15.034395889239343,70.94046502094511,0,1.5842742694213099,6.034255392384974,-70.90148792825275,5.198511967216878e-07,182.16787061504016,2.745940237903977e-14,1.5842742694213099,0-2,14,53.10000000000002,53100,,,,,0,15.034395889239343,70.3312746963107,1.5842742694213099,6.034255392384974,0.00037253154603042297,negative_hard,10.0,1,1,1,1,1,0,1,1,0,0,-1,0,0,0,1,1,0,1,0,0
sim_0005_n3_seed47,47,0.001,3,907.8000000000001,2,body_2,8.648712297334397,4.926411902220734,0.0006217439644056145,0.002573314425982159,18.016398525526288,95.890357365281,0,1.4472460716939166,6.477376995012464,-70.90154320704156,-2.5980465656645136e-07,182.16787061503996,2.6367267057146143e-14,1.4472460716939166,0-2,14,53.60000000000002,53600,,,,,0,18.016398525526288,96.27022259437918,1.4472460716939166,6.477376995012464,0.00036826784990915735,negative_hard,10.0,1,1,1,1,0,1,1,1,0,0,-1,0,0,0,1,1,0,1,0,0
sim_0005_n3_seed47,47,0.001,3,908.0,2,body_2,8.648712297334397,4.926411902220734,0.000715966865126275,0.0018456222050016106,10.025134510090922,33.95404478637721,0,1.94014972770603,5.066707849311515,-70.90145651420958,9.62917030054433e-07,182.1678706150405,2.933163435942885e-14,1.94014972770603,0-2,14,53.799999999999955,53800,,,,,0,10.025134510090922,33.722186031455415,1.94014972770603,5.066707849311515,0.0004240777184859641,negative_baseline,20.0,1,1,1,1,0,1,0,0,0,0,-1,0,0,0,1,1,0,1,0,0
sim_0005_n3_seed47,47,0.001,3,909.0,2,body_2,8.648712297334397,4.926411902220734,0.0009938302684962942,0.0009895471234741173,3.978923853578611,3.6591889183160076,0,3.0796874475624003,2.8247284751421704,-70.90146811630291,7.992803049157109e-07,182.1678706150419,3.6976581612684234e-14,3.0796874475624003,0-2,14,54.799999999999955,54800,,,,,0,3.978923853578611,3.6511111631530135,3.0796874475624003,2.8247284751421704,0.0005886656784699663,negative_baseline,20.0,0,0,0,0,0,0,0,0,0,0,-1,0,0,0,1,1,0,1,0,0
sim_0005_n3_seed47,47,0.001,3,909.7,2,body_2,8.648712297334397,4.926411902220734,0.0008435484039148455,0.0013922469482225868,6.227434649954336,12.65014799890203,0,2.4616388990992157,3.9423399031068342,-70.90146213971593,8.83574500201747e-07,182.16787061504084,3.120386633981792e-14,2.4616388990992157,0-2,14,55.5,55500,,,,,0,6.227434649954336,12.556542112011728,2.4616388990992157,3.9423399031068342,0.0004996537262128275,negative_hard,10.0,0,0,0,0,1,0,0,0,0,0,-1,0,0,0,1,1,0,1,0,0
sim_0005_n3_seed47,47,0.001,3,910.0,2,body_2,8.648712297334397,4.926411902220734,0.000705641275768445,0.0020068605646143428,11.322335489144448,42.72875523240394,0,1.8256028926883798,5.354593155966047,-70.90145897796464,9.281680587193783e-07,182.16787061504112,3.2764059656808813e-14,1.8256028926883798,0-2,14,55.799999999999955,55800,,,,,0,11.322335489144448,42.22880887303211,1.8256028926883798,5.354593155966047,0.0004179696590058532,negative_baseline,20.0,1,1,1,1,1,0,1,0,0,0,-1,0,0,0,1,1,0,1,0,0
sim_0005_n3_seed47,47,0.001,3,910.2,2,body_2,8.648712297334397,4.926411902220734,0.0006254602681137014,0.002888152019641992,21.13102734509241,122.95444588774444,0,1.3363274405218115,6.875817435715063,-70.90164067873218,-1.634552109689807e-06,182.1678706150407,3.042376968132247e-14,1.3363274405218115,0-2,14,56.0,56000,,,,,0,21.13102734509241,124.20347659705575,1.3363274405218115,6.875817435715063,0.0003704761557062441,negative_hard,10.0,1,1,1,1,1,0,1,1,0,0,-1,0,0,0,1,1,0,1,0,0
sim_0005_n3_seed47,47,0.001,3,910.7,2,body_2,8.648712297334397,4.926411902220734,0.0007017997003871882,0.002248980617741648,13.0009733844444,54.981666359936135,0,1.7036885474036316,5.6840097369639215,-70.90146748556927,8.081762156829678e-07,182.167870615039,2.1062609779377097e-14,1.7036885474036316,0-2,14,56.5,56500,,,,,0,13.0009733844444,54.66354401695669,1.7036885474036316,5.6840097369639215,0.000415685819404661,negative_hard,10.0,1,1,1,1,0,1,1,0,0,0,-1,0,0,0,1,1,0,1,0,0
sim_0005_n3_seed47,47,0.001,3,911.0,2,body_2,8.648712297334397,4.926411902220734,0.0008552552028374661,0.0015220250043834697,6.705121019440138,14.921528409830719,0,2.37236015584636,4.118286883287616,-70.90146083724238,9.019446770545064e-07,182.16787061503987,2.5899209062048873e-14,2.37236015584636,0-2,14,56.799999999999955,56800,,,,,0,6.705121019440138,14.851290393169046,2.37236015584636,4.118286883287616,0.0005065813895763508,negative_baseline,20.0,1,0,1,1,0,0,0,0,0,0,-1,0,0,0,1,1,0,1,0,0
sim_0005_n3_seed47,47,0.001,3,912.0,2,body_2,8.648712297334397,4.926411902220734,0.0010284575280638017,0.001075709965035538,4.135078372841669,4.2048338680793735,0,3.0209587395024027,2.926547733142243,-70.90146776745149,8.04200529358852e-07,182.16787061504095,3.182794366661428e-14,3.0209587395024027,0-2,14,57.799999999999955,57800,,,,,0,4.135078372841669,4.191961962475916,3.0209587395024027,2.926547733142243,0.0006091769879585767,negative_baseline,20.0,0,0,0,0,0,0,0,0,0,0,-1,0,0,0,1,1,0,1,0,0
sim_0005_n3_seed47,47,0.001,3,912.6,2,body_2,8.648712297334397,4.926411902220734,0.0008387005732481307,0.001624985557735429,7.338388827664768,18.127630905443358,0,2.2676534320809285,4.331957350738464,-70.90145925112617,9.243153696082874e-07,182.16787061504215,3.838075559797604e-14,2.2676534320809285,0-2,14,58.39999999999998,58400,,,,,0,7.338388827664768,17.963763496366443,2.2676534320809285,4.331957350738464,0.0004967829819008647,negative_hard,10.0,1,1,1,1,1,0,0,0,0,0,-1,0,0,0,1,1,0,1,0,0
sim_0005_n3_seed47,47,0.001,3,913.0,2,body_2,8.648712297334397,4.926411902220734,0.0006558670623533475,0.003051295825128554,21.349141598978395,124.86045460667651,0,1.3294840639585919,6.90175326577313,-70.90164923538072,-1.7552356713470072e-06,182.1678706150425,4.0252987578365115e-14,1.3294840639585919,0-2,14,58.799999999999955,58800,,,,,0,21.349141598978395,126.25330161709626,1.3294840639585919,6.90175326577313,0.0003884869531618846,negative_baseline,20.0,1,1,1,1,1,0,1,1,0,0,-1,0,0,0,1,1,0,1,0,0
sim_0005_n3_seed47,47,0.001,3,913.1,2,body_2,8.648712297334397,4.926411902220734,0.0006368446565665362,0.003637551977460949,28.387483375185187,184.25929256030264,0,1.152949010631632,7.636635418351235,-70.90207061960965,-7.698467924783146e-06,182.16787061504348,4.571366418783325e-14,1.152949010631632,0-2,14,58.89999999999998,58900,,,,,0,28.387483375185187,194.43836275096632,1.152949010631632,7.636635418351235,0.0003772178151413845,negative_hard,10.0,1,1,1,1,0,0,1,1,0,0,-1,0,0,0,1,1,0,1,0,0
sim_0005_n3_seed47,47,0.001,3,913.6,2,body_2,8.648712297334397,4.926411902220734,0.0007920809360382041,0.0020147905974104516,9.875959516478835,32.989023951197275,0,1.9547455005984982,5.031351779273248,-70.90145642063976,9.642367453097936e-07,182.1678706150433,4.477754819763872e-14,1.9547455005984982,0-2,14,59.39999999999998,59400,,,,,0,9.875959516478835,32.764698692126935,1.9547455005984982,5.031351779273248,0.00046916099133533315,negative_hard,10.0,1,1,1,1,0,1,0,0,0,0,-1,0,0,0,1,1,0,1,0,0
sim_0005_n3_seed47,47,0.001,3,914.0,2,body_2,8.648712297334397,4.926411902220734,0.0009845245770827764,0.00133947345690592,5.175587746088745,8.102874409836703,0,2.700265611837739,3.494527682889654,-70.90146510020658,8.418195357463033e-07,182.16787061504348,4.571366418783325e-14,2.700265611837739,0-2,14,59.799999999999955,59800,,,,,0,5.175587746088745,8.07877742768622,2.700265611837739,3.494527682889654,0.0005831509195103722,negative_baseline,20.0,0,0,0,0,0,0,0,0,0,0,-1,0,0,0,1,1,0,1,0,0
sim_0005_n3_seed47,47,0.001,3,915.0,2,body_2,8.648712297334397,4.926411902220734,0.0010348354393409731,0.0012301489773790266,4.595649834113407,5.864000180527465,0,2.8655622101283114,3.198430376654878,-70.90146664883443,8.199775816470095e-07,182.16787061504374,4.711783817312506e-14,2.8655622101283114,0-2,14,60.799999999999955,60800,,,,,0,4.595649834113407,5.838662950218696,2.8655622101283114,3.198430376654878,0.0006129558148971276,negative_baseline,20.0,0,0,0,0,0,0,0,0,0,0,-1,0,0,0,1,1,0,1,0,0
sim_0005_n3_seed47,47,0.001,3,915.5,2,body_2,8.648712297334397,4.926411902220734,0.0008254414084204149,0.001929212370832035,9.006177818472267,27.554365829905834,0,2.046940809833932,4.814244629490905,-70.9014565447221,9.624866795091665e-07,182.16787061504334,4.49335675293378e-14,2.046940809833932,0-2,14,61.299999999999955,61300,,,,,0,9.006177818472267,27.256233372601322,2.046940809833932,4.814244629490905,0.0004889300525817574,negative_hard,10.0,1,1,1,1,1,0,0,0,0,0,-1,0,0,0,1,1,0,1,0,0
sim_0005_n3_seed47,47,0.001,3,916.0,2,body_2,8.648712297334397,4.926411902220734,0.0006666062708986811,0.003991130856085963,30.199030145627088,198.2228956331589,0,1.1178350274026336,7.800363173899733,-70.90223062893028,-9.955250428679767e-06,182.16787061504454,5.148637946069957e-14,1.1178350274026336,0-2,14,61.799999999999955,61800,,,,,0,30.199030145627088,212.4564963894007,1.1178350274026336,7.800363173899733,0.0003948434511016197,negative_hard,10.0,1,1,0,1,0,0,1,1,0,0,-1,0,0,0,1,1,0,1,0,0
sim_0005_n3_seed47,47,0.001,3,916.5,2,body_2,8.648712297334397,4.926411902220734,0.0008870991708657165,0.0018470581768759349,7.902994876109351,21.162917751375613,0,2.1851716633782816,4.506666818131262,-70.90145804877437,9.412734223499241e-07,182.16787061504604,5.975540404075131e-14,2.1851716633782816,0-2,14,62.299999999999955,62300,,,,,0,7.902994876109351,21.040264335198376,2.1851716633782816,4.506666818131262,0.0005254422379723723,negative_hard,10.0,1,1,1,1,0,1,0,0,0,0,-1,0,0,0,1,1,0,1,0,0
sim_0005_n3_seed47,47,0.001,3,917.0,2,body_2,8.648712297334397,4.926411902220734,0.0010949447122828358,0.0012408092951920653,4.412617100813808,5.193454122492085,0,2.9244165440171286,3.0949072919487017,-70.90146710803431,8.13500994816786e-07,182.16787061504584,5.86632687188577e-14,2.9244165440171286,0-2,14,62.799999999999955,62800,,,,,0,4.412617100813808,5.18260640124003,2.9244165440171286,3.0949072919487017,0.0006485558074106175,negative_baseline,20.0,0,0,0,0,0,0,0,0,0,0,-1,0,0,0,1,1,0,1,0,0
sim_0005_n3_seed47,47,0.001,3,918.0,2,body_2,8.648712297334397,4.926411902220734,0.0010099227954737632,0.0014781206506422437,5.541019771065993,9.611227555974889,0,2.6096662935019608,3.6612035746026974,-70.90146407677126,8.56254138105278e-07,182.1678706150481,7.098879592308577e-14,2.6096662935019608,0-2,14,63.799999999999955,63800,,,,,0,5.541019771065993,9.551452720029342,2.6096662935019608,3.6612035746026974,0.0005982008138740204,negative_baseline,20.0,0,0,0,0,0,0,0,0,0,0,-1,0,0,0,1,1,0,1,0,0
sim_0005_n3_seed47,47,0.001,3,918.4,2,body_2,8.648712297334397,4.926411902220734,0.0008062667470142627,0.002341654822814033,11.61027363721626,44.762943871478235,0,1.8028237200755386,5.414216092754949,-70.9014599725971,9.141396938687147e-07,182.16787061504792,7.005267993289124e-14,1.8028237200755386,0-2,14,64.19999999999993,64200,,,,,0,11.61027363721626,44.24068516341429,1.8028237200755386,5.414216092754949,0.0004775731505989408,negative_hard,10.0,1,1,1,1,1,0,1,0,0,0,-1,0,0,0,1,1,0,1,0,0
sim_0005_n3_seed47,47,0.001,3,918.9,2,body_2,8.648712297334397,4.926411902220734,0.0007162417677987462,0.0036572675712353577,24.0315359987566,148.147098406697,0,1.2530960650420606,7.203317227804227,-70.9017751688894,-3.531410571160596e-06,182.16787061505008,8.191014914202204e-14,1.2530960650420606,0-2,14,64.69999999999993,64700,,,,,0,24.0315359987566,152.6045049681187,1.2530960650420606,7.203317227804227,0.0004242408505033415,negative_hard,10.0,1,1,1,1,0,0,1,1,0,0,-1,0,0,0,1,1,0,1,0,0
sim_0005_n3_seed47,47,0.001,3,919.0,2,body_2,8.648712297334397,4.926411902220734,0.0007558013868783491,0.003027102522738471,17.288698449619947,89.67718353351543,0,1.4773900973519205,6.375621499062916,-70.90152657762624,-2.526223504174643e-08,182.16787061505033,8.331432312731384e-14,1.4773900973519205,0-2,14,64.79999999999995,64800,,,,,0,17.288698449619947,89.84553316375462,1.4773900973519205,6.375621499062916,0.0004476714835527127,negative_baseline,20.0,1,1,1,1,0,1,1,1,0,0,-1,0,0,0,1,1,0,1,0,0
sim_0005_n3_seed47,47,0.001,3,919.4,2,body_2,8.648712297334397,4.926411902220734,0.0009831589085966944,0.00172481511624924,6.608155196294019,14.450325238794392,0,2.3896954078370416,4.0837016255203435,-70.90146109534241,8.9830441641111e-07,182.16787061504948,7.863374317634116e-14,2.3896954078370416,0-2,14,65.19999999999993,65200,,,,,0,6.608155196294019,14.383755127147486,2.3896954078370416,4.0837016255203435,0.0005823405437825126,negative_hard,10.0,1,0,1,1,0,0,0,0,0,0,-1,0,0,0,1,1,0,1,0,0
sim_0005_n3_seed47,47,0.001,3,920.0,2,body_2,8.648712297334397,4.926411902220734,0.0011817165135775925,0.0012078224127824435,4.0581546549286225,3.935471481287663,0,3.0494592072294857,2.877097208506578,-70.90146794122964,8.017495503714343e-07,182.16787061505133,8.877499973678199e-14,3.0494592072294857,0-2,14,65.79999999999995,65800,,,,,0,4.0581546549286225,3.9281337663133598,3.0494592072294857,2.877097208506578,0.0006999534310614617,negative_baseline,20.0,0,0,0,0,0,0,0,0,0,0,-1,0,0,0,1,1,0,1,0,0
sim_0005_n3_seed47,47,0.001,3,921.0,2,body_2,8.648712297334397,4.926411902220734,0.0009530321029177022,0.0018763235117296119,7.461727103169361,18.776918462556473,0,2.2488321703526966,4.371297730215319,-70.9014589680398,9.283080392422412e-07,182.1678706150523,9.407965701455103e-14,2.2488321703526966,0-2,14,66.79999999999995,66800,,,,,0,7.461727103169361,18.60415747387437,2.2488321703526966,4.371297730215319,0.0005645047279144795,negative_baseline,20.0,1,1,1,1,1,0,0,0,0,0,-1,0,0,0,1,1,0,1,0,0
sim_0005_n3_seed47,47,0.001,3,921.3000000000001,2,body_2,8.648712297334397,4.926411902220734,0.0007867840224853186,0.0029208397555730535,15.797120470430784,77.1780161221606,0,1.5455567521280054,6.15460098464435,-70.90149895441837,3.643373956234767e-07,182.1678706150542,1.0453295223839004e-13,1.5455567521280054,0-2,14,67.10000000000002,67100,,,,,0,15.797120470430784,76.62257861724264,1.5455567521280054,6.15460098464435,0.00046603338353528483,negative_hard,10.0,1,1,1,1,1,0,1,1,0,0,-1,0,0,0,1,1,0,1,0,0
sim_0005_n3_seed47,47,0.001,3,921.8000000000001,2,body_2,8.648712297334397,4.926411902220734,0.0007896256211848147,0.003137014709367506,17.11232525686436,88.18130362938344,0,1.4849841306754632,6.350388885810694,-70.90152286830818,2.705424300746334e-08,182.16787061505545,1.1139780283314997e-13,1.4849841306754632,0-2,14,67.60000000000002,67600,,,,,0,17.11232525686436,88.30539178730628,1.4849841306754632,6.350388885810694,0.00046770592208389693,negative_hard,10.0,1,1,1,1,0,1,1,1,0,0,-1,0,0,0,1,1,0,1,0,0
sim_0005_n3_seed47,47,0.001,3,922.0,2,body_2,8.648712297334397,4.926411902220734,0.0009073495091477638,0.0022630874843279085,9.659765958215788,31.60716928100022,0,1.9764962746570025,4.979180460244473,-70.90145634766682,9.652659606635435e-07,182.16787061505437,1.0546906822858457e-13,1.9764962746570025,0-2,14,67.79999999999995,67800,,,,,0,9.659765958215788,31.393950693990035,1.9764962746570025,4.979180460244473,0.0005374359209131502,negative_baseline,20.0,1,1,1,1,0,1,0,0,0,0,-1,0,0,0,1,1,0,1,0,0
sim_0005_n3_seed47,47,0.001,3,923.0,2,body_2,8.648712297334397,4.926411902220734,0.001241122286269347,0.0012383060093809671,3.981712533215187,3.669181590138564,0,3.078583266086186,2.8266396047526663,-70.9014681097911,7.993721479551102e-07,182.1678706150561,1.1498624746222904e-13,3.078583266086186,0-2,14,68.79999999999995,68800,,,,,0,3.981712533215187,3.6608991671966624,3.078583266086186,2.8266396047526663,0.000735141740707931,negative_baseline,20.0,0,0,0,0,0,0,0,0,0,0,-1,0,0,0,1,1,0,1,0,0
sim_0005_n3_seed47,47,0.001,3,923.7,2,body_2,8.648712297334397,4.926411902220734,0.001045564122923955,0.0017658712810922695,6.368335133527458,13.307338016948368,0,2.4342489278509487,3.995758487851642,-70.90146174795746,8.890998887953699e-07,182.1678706150551,1.095255708527609e-13,2.4342489278509487,0-2,14,69.5,69500,,,,,0,6.368335133527458,13.20585064857752,2.4342489278509487,3.995758487851642,0.0006193129876108473,negative_hard,10.0,1,0,1,1,1,0,0,0,0,0,-1,0,0,0,1,1,0,1,0,0
sim_0005_n3_seed47,47,0.001,3,924.0,2,body_2,8.648712297334397,4.926411902220734,0.0008726548273013213,0.0025704400865405887,11.809282273268252,46.18609750836172,0,1.7875690538104014,5.454618363473286,-70.90146076572731,9.029533306055599e-07,182.1678706150551,1.095255708527609e-13,1.7875690538104014,0-2,14,69.79999999999995,69800,,,,,0,11.809282273268252,45.649200543164376,1.7875690538104014,5.454618363473286,0.0005168968407849252,negative_baseline,20.0,1,1,1,1,1,0,1,0,0,0,-1,0,0,0,1,1,0,1,0,0
sim_0005_n3_seed47,47,0.001,3,924.2,2,body_2,8.648712297334397,4.926411902220734,0.0007768654679740009,0.003722523556969842,22.236070211529842,132.60153749865404,0,1.3027011887359539,7.004911598171855,-70.9016865581846,-2.2816390736602068e-06,182.16787061505477,1.0765333887237182e-13,1.3027011887359539,0-2,14,70.0,70000,,,,,0,22.236070211529842,134.64910938033404,1.3027011887359539,7.004911598171855,0.00046015769224711563,negative_hard,10.0,1,1,1,1,1,0,1,1,0,0,-1,0,0,0,1,1,0,1,0,0
sim_0005_n3_seed47,47,0.001,3,924.7,2,body_2,8.648712297334397,4.926411902220734,0.0008819876752129909,0.0027219988027291867,12.430870757007876,50.716544340871906,0,1.7423158766893143,5.576806581001485,-70.90146383297439,8.596926660742411e-07,182.16787061505204,9.267548302925922e-14,1.7423158766893143,0-2,14,70.5,70500,,,,,0,12.430870757007876,50.40010878163938,1.7423158766893143,5.576806581001485,0.000522413096713384,negative_hard,10.0,1,1,1,1,0,1,1,0,0,0,-1,0,0,0,1,1,0,1,0,0
sim_0005_n3_seed47,47,0.001,3,925.0,2,body_2,8.648712297334397,4.926411902220734,0.0010690599004340865,0.001857959976192453,6.545353132001382,14.147877307248717,0,2.4011287634948175,4.061005960507724,-70.90146126437035,8.959204346508538e-07,182.16787061505158,9.017917372207379e-14,2.4011287634948175,0-2,14,70.79999999999995,70800,,,,,0,6.545353132001382,14.083632427967428,2.4011287634948175,4.061005960507724,0.0006332208953731984,negative_baseline,20.0,1,0,1,1,0,0,0,0,0,0,-1,0,0,0,1,1,0,1,0,0
sim_0005_n3_seed47,47,0.001,3,926.0,2,body_2,8.648712297334397,4.926411902220734,0.0012696266069291,0.001338522463849854,4.158102354801485,4.286035949579684,0,3.012563637765191,2.9411317402630197,-70.9014677142007,8.049515821331255e-07,182.16787061505133,8.877499973678199e-14,3.012563637765191,0-2,14,71.79999999999995,71800,,,,,0,4.158102354801485,4.272567340753213,3.012563637765191,2.9411317402630197,0.0007520266643062149,negative_baseline,20.0,0,0,0,0,0,0,0,0,0,0,-1,0,0,0,1,1,0,0,0,0
sim_0005_n3_seed47,47,0.001,3,926.6,2,body_2,8.648712297334397,4.926411902220734,0.0010285382316643369,0.0020468937904892363,7.546523657614338,19.227907789536175,0,2.2361611061041318,4.397953704067886,-70.90145877948007,9.30967498810391e-07,182.16787061505062,8.487451644430474e-14,2.2361611061041318,0-2,14,72.39999999999998,72400,,,,,0,7.546523657614338,19.048918198108982,2.2361611061041318,4.397953704067886,0.000609229143985614,negative_hard,10.0,1,1,1,1,1,0,0,0,0,0,-1,0,0,0,1,1,0,0,0,0
sim_0005_n3_seed47,47,0.001,3,927.0,2,body_2,8.648712297334397,4.926411902220734,0.0008069707686509933,0.0038949922927572446,22.460921340758293,134.55981066721688,0,1.2961645535997235,7.030498747485307,-70.90169667957906,-2.424391919920018e-06,182.16787061505082,8.596665176619837e-14,1.2961645535997235,0-2,14,72.79999999999995,72800,,,,,0,22.460921340758293,136.79181967915443,1.2961645535997235,7.030498747485307,0.00047798989737062687,negative_baseline,20.0,1,1,1,1,1,0,1,1,0,0,-1,0,0,0,1,1,0,0,0,0
sim_0005_n3_seed47,47,0.001,3,927.1,2,body_2,8.648712297334397,4.926411902220734,0.0007870559396020271,0.004586676230164856,29.22429215650026,190.80530448307198,0,1.136323815670763,7.713325791614621,-70.9021416196588,-8.699857519360009e-06,182.16787061505053,8.440645844920747e-14,1.136323815670763,0-2,14,72.89999999999998,72900,,,,,0,29.22429215650026,202.6337211695117,1.136323815670763,7.713325791614621,0.00046619127160989226,negative_hard,10.0,1,1,1,1,0,0,1,1,0,0,-1,0,0,0,1,1,0,0,0,0
sim_0005_n3_seed47,47,0.001,3,927.6,2,body_2,8.648712297334397,4.926411902220734,0.0009849254713708924,0.002425105928271129,9.520498196382867,30.727663269253032,0,1.9908986753845874,4.944966986968944,-70.9014563383731,9.653970400512078e-07,182.16787061504786,6.974064126949305e-14,1.9908986753845874,0-2,14,73.39999999999998,73400,,,,,0,9.520498196382867,30.521687622433774,1.9908986753845874,4.944966986968944,0.0005833850639000048,negative_hard,10.0,1,1,1,1,0,1,0,0,0,0,-1,0,0,0,1,1,0,0,0,0
sim_0005_n3_seed47,47,0.001,3,928.0,2,body_2,8.648712297334397,4.926411902220734,0.001215678634489003,0.0016271548300746494,5.097035144187357,7.789033364077539,0,2.7209778058664953,3.4569069008981903,-70.90146531593875,8.387768343046647e-07,182.1678706150484,7.270500857177575e-14,2.7209778058664953,0-2,14,73.79999999999995,73800,,,,,0,5.097035144187357,7.766602084519959,2.7209778058664953,3.4569069008981903,0.0007200671309203677,negative_baseline,20.0,0,0,0,0,0,0,0,0,0,0,-1,0,0,0,1,1,0,0,0,0
sim_0005_n3_seed47,47,0.001,3,929.0,2,body_2,8.648712297334397,4.926411902220734,0.0012637489876724628,0.0015230266195230427,4.647054287842103,6.055425836943832,0,2.849656051497363,3.2265556316597275,-70.90146651647571,8.218443781893267e-07,182.16787061504718,6.59961773087149e-14,2.849656051497363,0-2,14,74.79999999999995,74800,,,,,0,4.647054287842103,6.028552489499983,2.849656051497363,3.2265556316597275,0.0007485466754928639,negative_baseline,20.0,0,0,0,0,0,0,0,0,0,0,-1,0,0,0,1,1,0,0,0,0
sim_0005_n3_seed47,47,0.001,3,929.5,2,body_2,8.648712297334397,4.926411902220734,0.0010025665514037082,0.0024169407906404028,9.325296673427271,29.510015808936288,0,2.011611588931133,4.896213351802015,-70.9014563732419,9.649052480222287e-07,182.16787061504678,6.381190666492764e-14,2.011611588931133,0-2,14,75.29999999999995,75300,,,,,0,9.325296673427271,29.18370825694406,2.011611588931133,4.896213351802015,0.0005938465171848421,negative_hard,10.0,1,1,1,1,1,0,0,0,0,0,-1,0,0,0,1,1,0,0,0,0
sim_0005_n3_seed47,47,0.001,3,930.0,2,body_2,8.648712297334397,4.926411902220734,0.0008194113321358821,0.004837691130890379,29.636363215131293,193.9697461179883,0,1.1283976301648122,7.750409016067068,-70.9021783952764,-9.2185433684779e-06,182.1678706150501,8.206616847372113e-14,1.1283976301648122,0-2,14,75.79999999999995,75800,,,,,0,29.636363215131293,207.07744532226272,1.1283976301648122,7.750409016067068,0.0004853521601571447,negative_hard,10.0,1,1,1,1,0,0,1,1,0,0,-1,0,0,0,1,1,0,0,0,0
sim_0005_n3_seed47,47,0.001,3,930.5,2,body_2,8.648712297334397,4.926411902220734,0.0010919459833891728,0.0022115643268977355,7.673270467345174,19.90818270613249,0,2.217634294074292,4.437182769335319,-70.90145850800144,9.347964520954351e-07,182.16787061504957,7.910180117143843e-14,2.217634294074292,0-2,14,76.29999999999995,76300,,,,,0,7.673270467345174,19.796467857523304,2.217634294074292,4.437182769335319,0.000646775624917998,negative_hard,10.0,1,1,1,1,0,0,0,0,0,0,-1,0,0,0,1,1,0,0,0,0
sim_0005_n3_seed47,47,0.001,3,931.0,2,body_2,8.648712297334397,4.926411902220734,0.00133750415794803,0.001500645653642381,4.373609887650311,5.0528785839984245,0,2.93741020183092,3.0721529791557898,-70.90146720311316,8.121599962075757e-07,182.16787061504778,6.927258327439579e-14,2.93741020183092,0-2,14,76.79999999999995,76800,,,,,0,4.373609887650311,5.042523143037018,2.93741020183092,3.0721529791557898,0.0007922280031023471,negative_baseline,20.0,0,0,0,0,0,0,0,0,0,0,-1,0,0,0,1,1,0,0,0,0
sim_0005_n3_seed47,47,0.001,3,932.0,2,body_2,8.648712297334397,4.926411902220734,0.0012206697724194918,0.0018223779849513356,5.643359579671908,10.04739212339938,0,2.5858887482855053,3.7055746693858262,-70.90146378679663,8.603439603929644e-07,182.16787061504883,7.50452985472621e-14,2.5858887482855053,0-2,14,77.79999999999995,77800,,,,,0,5.643359579671908,9.98304961122145,2.5858887482855053,3.7055746693858262,0.0007230316600071391,negative_baseline,20.0,0,0,0,0,0,0,0,0,0,0,-1,0,0,0,1,1,0,0,0,0
sim_0005_n3_seed47,47,0.001,3,932.4,2,body_2,8.648712297334397,4.926411902220734,0.0009712073979430945,0.0029223492658352656,12.118808147442067,48.426732007190594,0,1.7645937323036875,5.516209241854525,-70.90146217796126,8.830350853957935e-07,182.16787061504905,7.629345320085482e-14,1.7645937323036875,0-2,14,78.19999999999993,78200,,,,,0,12.118808147442067,47.868552857030934,1.7645937323036875,5.516209241854525,0.00057527258777208,negative_hard,10.0,1,1,1,1,1,0,1,0,0,0,-1,0,0,0,1,1,0,0,0,0
sim_0005_n3_seed47,47,0.001,3,932.9,2,body_2,8.648712297334397,4.926411902220734,0.0008761198214074438,0.004313263716635735,22.89019225312951,138.29020333763884,0,1.2839574298869896,7.0787262899968955,-70.90171675542598,-2.707543050725072e-06,182.16787061505045,8.393840045411021e-14,1.2839574298869896,0-2,14,78.69999999999993,78700,,,,,0,22.89019225312951,141.5983647296637,1.2839574298869896,7.0787262899968955,0.0005189383332887035,negative_hard,10.0,1,1,1,1,0,0,1,1,0,0,-1,0,0,0,1,1,0,0,0,0
sim_0005_n3_seed47,47,0.001,3,933.0,2,body_2,8.648712297334397,4.926411902220734,0.0009262064270791669,0.003563184522183994,16.429037046702746,82.42890656458111,0,1.5155499135612527,6.250401561211565,-70.90150963505326,2.136969838847748e-07,182.16787061505008,8.191014914202204e-14,1.5155499135612527,0-2,14,78.79999999999995,78800,,,,,0,16.429037046702746,82.40535228399754,1.5155499135612527,6.250401561211565,0.0005486040778804842,negative_baseline,20.0,1,1,1,1,0,1,1,1,0,0,-1,0,0,0,1,1,0,0,0,0
sim_0005_n3_seed47,47,0.001,3,933.4,2,body_2,8.648712297334397,4.926411902220734,0.0011988456172053288,0.0020547031566969893,6.453810951937387,13.7109064920093,0,2.4180932487941913,4.027495027759903,-70.90146151310657,8.924122419202017e-07,182.16787061505,8.144209114692478e-14,2.4180932487941913,0-2,14,79.19999999999993,79200,,,,,0,6.453810951937387,13.649978703893822,2.4180932487941913,4.027495027759903,0.0007100947740419903,negative_hard,10.0,1,0,1,1,0,0,0,0,0,0,-1,0,0,0,1,1,0,0,0,0
sim_0005_n3_seed47,47,0.001,3,934.0,2,body_2,8.648712297334397,4.926411902220734,0.0014295492404417113,0.0014554648455969977,4.043264561639896,3.8837134038236893,0,3.0550504622964882,2.8674045336940703,-70.90146797411376,8.012857505185825e-07,182.16787061505065,8.503053577600383e-14,3.0550504622964882,0-2,14,79.79999999999995,79800,,,,,0,4.043264561639896,3.876438088369946,3.0550504622964882,2.8674045336940703,0.0008467494469835439,negative_baseline,20.0,0,0,0,0,0,0,0,0,0,0,-1,0,0,0,1,1,0,0,0,0
sim_0005_n3_seed47,47,0.001,3,935.0,2,body_2,8.648712297334397,4.926411902220734,0.0011407166647671638,0.0023074227712489713,7.677727335017136,19.933040093768767,0,2.2169709975149936,4.438591969839707,-70.90145849803301,9.349370475402252e-07,182.1678706150513,8.861898040508289e-14,2.2169709975149936,0-2,14,80.79999999999995,80800,,,,,0,7.677727335017136,19.744235371944765,2.2169709975149936,4.438591969839707,0.0006756756535796697,negative_baseline,20.0,1,1,1,1,1,0,0,0,0,0,-1,0,0,0,1,1,0,0,0,0
sim_0005_n3_seed47,47,0.001,3,935.3000000000001,2,body_2,8.648712297334397,4.926411902220734,0.0009419097595496112,0.0036345986916928863,16.613873274924476,83.97944190977933,0,1.5070887794104117,6.277831919525033,-70.90151304006571,1.6567245324133973e-07,182.16787061505116,8.783888374658744e-14,1.5070887794104117,0-2,14,81.10000000000002,81100,,,,,0,16.613873274924476,83.5250711767,1.5070887794104117,6.277831919525033,0.0005579191276716344,negative_hard,10.0,1,1,1,1,1,0,1,1,0,0,-1,0,0,0,1,1,0,0,0,0
sim_0005_n3_seed47,47,0.001,3,935.8000000000001,2,body_2,8.648712297334397,4.926411902220734,0.0009606794470165392,0.0036664663793530036,16.26373750095301,81.04843567141879,0,1.5232322090782073,6.225657171916545,-70.90150669805689,2.5512058338904474e-07,182.16787061505272,9.641994699003738e-14,1.5232322090782073,0-2,14,81.60000000000002,81600,,,,,0,16.26373750095301,80.99455139284059,1.5232322090782073,6.225657171916545,0.0005690227768403619,negative_hard,10.0,1,1,1,1,0,1,1,1,0,0,-1,0,0,0,1,1,0,0,0,0
sim_0005_n3_seed47,47,0.001,3,936.0,2,body_2,8.648712297334397,4.926411902220734,0.001102381586661295,0.0026630687628526033,9.318582837056098,29.467633653025114,0,2.0123507510070637,4.894483845739852,-70.90145637494238,9.648812642631883e-07,182.167870615053,9.798014030702826e-14,2.0123507510070637,0-2,14,81.79999999999995,81800,,,,,0,9.318582837056098,29.27223772676312,2.0123507510070637,4.894483845739852,0.0006529556749706962,negative_baseline,20.0,1,1,1,1,0,1,0,0,0,0,-1,0,0,0,1,1,0,0,0,0
sim_0005_n3_seed47,47,0.001,3,937.0,2,body_2,8.648712297334397,4.926411902220734,0.0014880710898857474,0.001487871254808178,3.985978373129046,3.684212497065296,0,3.076918814369081,2.8295211903718918,-70.90146810023485,7.99506929902345e-07,182.16787061505244,9.485975367304648e-14,3.076918814369081,0-2,14,82.79999999999995,82800,,,,,0,3.985978373129046,3.6757022343344534,3.076918814369081,2.8295211903718918,0.0008814145518573923,negative_baseline,20.0,0,0,0,0,0,0,0,0,0,0,-1,0,0,0,1,1,0,0,0,0
sim_0005_n3_seed47,47,0.001,3,937.7,2,body_2,8.648712297334397,4.926411902220734,0.0012442541181607255,0.002151144322718513,6.5175007387376915,14.0151223431329,0,2.406227867656327,4.0509116896354875,-70.90146133894066,8.948686898644992e-07,182.1678706150538,1.0234868159460278e-13,2.406227867656327,0-2,14,83.5,83500,,,,,0,6.5175007387376915,13.904954059652656,2.406227867656327,4.0509116896354875,0.000737002490667381,negative_hard,10.0,1,0,1,1,1,0,0,0,0,0,-1,0,0,0,1,1,0,0,0,0
sim_0005_n3_seed47,47,0.001,3,938.0,2,body_2,8.648712297334397,4.926411902220734,0.0010362319641118278,0.003162986982643767,12.332764154119687,49.99432609879571,0,1.7492204026846643,5.557931719991315,-70.90146328568937,8.674116116628431e-07,182.16787061505354,1.0094450760931098e-13,1.7492204026846643,0-2,14,83.79999999999995,83800,,,,,0,12.332764154119687,49.42263489032219,1.7492204026846643,5.557931719991315,0.0006137886840054045,negative_baseline,20.0,1,1,1,1,1,0,1,0,0,0,-1,0,0,0,1,1,0,0,0,0
sim_0005_n3_seed47,47,0.001,3,938.2,2,body_2,8.648712297334397,4.926411902220734,0.000926893022322316,0.004603334563182493,23.369265211219975,142.4422533667374,0,1.2707254020210448,7.131670296332056,-70.90174037276384,-3.0406436142280926e-06,182.16787061505326,9.938431429232008e-14,1.2707254020210448,0-2,14,84.0,84000,,,,,0,23.369265211219975,145.4990079179428,1.2707254020210448,7.131670296332056,0.0005490231327641802,negative_hard,10.0,1,1,1,1,1,0,1,1,0,0,-1,0,0,0,1,1,0,0,0,0
sim_0005_n3_seed47,47,0.001,3,938.7,2,body_2,8.648712297334397,4.926411902220734,0.00106579906735182,0.0031712967254569962,11.900486702755028,46.84206636365869,0,1.7807173629978053,5.472892119070708,-70.90146115627354,8.974450395673742e-07,182.16787061505343,1.0032043028251461e-13,1.7807173629978053,0-2,14,84.5,84500,,,,,0,11.900486702755028,46.53528811292316,1.7807173629978053,5.472892119070708,0.0006312864952430868,negative_hard,10.0,1,1,1,1,0,1,1,0,0,0,-1,0,0,0,1,1,0,0,0,0
sim_0005_n3_seed47,47,0.001,3,939.0,2,body_2,8.648712297334397,4.926411902220734,0.0012859842836278079,0.0021839384241522644,6.3945001267705415,13.430266061113532,0,2.4292790689656965,4.005504189699944,-70.90146167558459,8.901206407549541e-07,182.1678706150547,1.0734130020897364e-13,2.4292790689656965,0-2,14,84.79999999999995,84800,,,,,0,6.3945001267705415,13.371441068284524,2.4292790689656965,4.005504189699944,0.0007617082128205743,negative_baseline,20.0,1,0,1,1,0,0,0,0,0,0,-1,0,0,0,1,1,0,0,0,0
sim_0005_n3_seed47,47,0.001,3,940.0,2,body_2,8.648712297334397,4.926411902220734,0.0015095321023969473,0.001604327315654972,4.182927532744671,4.373675194652728,0,3.003597713374048,2.9567173246231406,-70.90146765655517,8.057646187570618e-07,182.1678706150576,1.232552720422808e-13,3.003597713374048,0-2,14,85.79999999999995,85800,,,,,0,4.182927532744671,4.359566369500102,3.003597713374048,2.9567173246231406,0.0008941279621795402,negative_baseline,20.0,0,0,0,0,0,0,0,0,0,0,-1,0,0,0,1,1,0,0,0,0
sim_0005_n3_seed47,47,0.001,3,940.6,2,body_2,8.648712297334397,4.926411902220734,0.0012147773272409494,0.002484319278110041,7.76796301141568,20.423126782657665,0,2.204056220199692,4.466127081370238,-70.90145831208446,9.375596787366529e-07,182.16787061505795,1.2512750402266986e-13,2.204056220199692,0-2,14,86.39999999999998,86400,,,,,0,7.76796301141568,20.227450141804347,2.204056220199692,4.466127081370238,0.0007195439445033348,negative_hard,10.0,1,1,1,1,1,0,0,0,0,0,-1,0,0,0,1,1,0,0,0,0
sim_0005_n3_seed47,47,0.001,3,941.0,2,body_2,8.648712297334397,4.926411902220734,0.0009567619655955714,0.004784974467836634,23.59790047800483,144.41726054926264,0,1.2645547082490487,7.156602576658213,-70.9017520942237,-3.2059638931834306e-06,182.16787061505426,1.0484499090178821e-13,1.2645547082490487,0-2,14,86.79999999999995,86800,,,,,0,23.59790047800483,147.7023172301619,1.2645547082490487,7.156602576658213,0.0005667153121084763,negative_baseline,20.0,1,1,1,1,1,0,1,1,0,0,-1,0,0,0,1,1,0,0,0,0
sim_0005_n3_seed47,47,0.001,3,941.1,2,body_2,8.648712297334397,4.926411902220734,0.0009372047984626835,0.00554834894701939,29.897915854256688,195.959640161963,0,1.1234507000780962,7.773727853897111,-70.90220235724303,-9.556504599992737e-06,182.16787061505386,1.0266072025800096e-13,1.1234507000780962,0-2,14,86.89999999999998,86900,,,,,0,29.897915854256688,209.22478994142494,1.1234507000780962,7.773727853897111,0.0005551274841757319,negative_hard,10.0,1,1,1,1,0,0,1,1,0,0,-1,0,0,0,1,1,0,0,0,0
sim_0005_n3_seed47,47,0.001,3,941.6,2,body_2,8.648712297334397,4.926411902220734,0.0011814114510917048,0.0028184483846003003,9.188458475918923,28.66522884944486,0,2.026548842519115,4.861378021450256,-70.90145642863645,9.64123959448603e-07,182.16787061505457,1.065612035504782e-13,2.026548842519115,0-2,14,87.39999999999998,87400,,,,,0,9.188458475918923,28.476677931664426,2.026548842519115,4.861378021450256,0.000699765971301937,negative_hard,10.0,1,1,1,1,0,1,0,0,0,0,-1,0,0,0,1,1,0,0,0,0
sim_0005_n3_seed47,47,0.001,3,942.0,2,body_2,8.648712297334397,4.926411902220734,0.0014491233749210537,0.0019088734879313563,5.022488886389239,7.494314503444205,0,2.7410858739778265,3.4205404830152384,-70.90146551931137,8.359084528069941e-07,182.16787061505437,1.0546906822858457e-13,2.7410858739778265,0-2,14,87.79999999999995,87800,,,,,0,5.022488886389239,7.4734008808870405,2.7410858739778265,3.4205404830152384,0.0008583401466653938,negative_baseline,20.0,0,0,0,0,0,0,0,0,0,0,-1,0,0,0,1,1,0,0,0,0
sim_0005_n3_seed47,47,0.001,3,943.0,2,body_2,8.648712297334397,4.926411902220734,0.0014904882699047154,0.001821500095751681,4.701313510090298,6.258873690010293,0,2.833155307967384,3.2558046428409155,-70.90146637558057,8.238315729575011e-07,182.1678706150543,1.0515702956518639e-13,2.833155307967384,0-2,14,88.79999999999995,88800,,,,,0,4.701313510090298,6.23034100464215,2.833155307967384,3.2558046428409155,0.0008828497674030599,negative_baseline,20.0,0,0,0,0,0,0,0,0,0,0,-1,0,0,0,1,1,0,0,0,0
sim_0005_n3_seed47,47,0.001,3,943.5,2,body_2,8.648712297334397,4.926411902220734,0.0011760199168453253,0.0029260134509012646,9.66686107374763,31.65358696265245,0,1.9757530705995336,4.980952762466869,-70.90145634650267,9.652823799608966e-07,182.16787061505383,1.0250470092630187e-13,1.9757530705995336,0-2,14,89.29999999999995,89300,,,,,0,9.66686107374763,31.296773856097335,1.9757530705995336,4.980952762466869,0.0006965882459185033,negative_hard,10.0,1,1,1,1,1,0,0,0,0,0,-1,0,0,0,1,1,0,0,0,0
sim_0005_n3_seed47,47,0.001,3,944.0,2,body_2,8.648712297334397,4.926411902220734,0.0009732244179909534,0.005640784594297561,28.891123756770067,188.22021840074382,0,1.1428590525274145,7.683004759709795,-70.90211271824282,-8.292229953174679e-06,182.1678706150516,9.033519305377288e-14,1.1428590525274145,0-2,14,89.79999999999995,89800,,,,,0,28.891123756770067,199.89269594725852,1.1428590525274145,7.683004759709795,0.0005764576396109485,negative_hard,10.0,1,1,1,1,0,0,1,1,0,0,-1,0,0,0,1,1,0,0,0,0
sim_0005_n3_seed47,47,0.001,3,944.5,2,body_2,8.648712297334397,4.926411902220734,0.0013002108825919448,0.002563470770965391,7.457385178189629,18.753629703336426,0,2.249500322135328,4.369897295194328,-70.901458976795,9.281845553830497e-07,182.16787061505073,8.54985937711011e-14,2.249500322135328,0-2,14,90.29999999999995,90300,,,,,0,7.457385178189629,18.65185001707285,2.249500322135328,4.369897295194328,0.0007701335720739253,negative_hard,10.0,1,1,1,1,0,0,0,0,0,0,-1,0,0,0,1,1,0,0,0,0
sim_0005_n3_seed47,47,0.001,3,945.0,2,body_2,8.648712297334397,4.926411902220734,0.0015814503979874454,0.0017572154482633456,4.336831604286337,4.920871348549071,0,2.949826616810722,3.0504405185084256,-70.90146729206829,8.10905366870544e-07,182.16787061504968,7.972587849823478e-14,2.949826616810722,0-2,14,90.79999999999995,90800,,,,,0,4.336831604286337,4.910961741678754,2.949826616810722,3.0504405185084256,0.000936721634735577,negative_baseline,20.0,0,0,0,0,0,0,0,0,0,0,-1,0,0,0,1,1,0,0,0,0
sim_0005_n3_seed47,47,0.001,3,946.0,2,body_2,8.648712297334397,4.926411902220734,0.0014283914830742184,0.002175972311240853,5.751367534649409,10.514171829298876,0,2.5614883059788527,3.7514032374050243,-70.90146348038577,8.646656002299867e-07,182.16787061504994,8.11300524835266e-14,2.5614883059788527,0-2,14,91.79999999999995,91800,,,,,0,5.751367534649409,10.44482704297516,2.5614883059788527,3.7514032374050243,0.0008460706967424746,negative_baseline,20.0,0,0,0,0,0,0,0,0,0,0,-1,0,0,0,1,1,0,0,0,0
sim_0005_n3_seed47,47,0.001,3,946.45,2,body_2,8.648712297334397,4.926411902220734,0.0010966777809162593,0.003855701588252016,14.72485399557169,68.44563030481197,0,1.6008444158156774,5.983823062005336,-70.90148398770151,5.754290034059295e-07,182.1678706150506,8.471849711260566e-14,1.6008444158156774,0-2,14,92.25,92250,,,,,0,14.72485399557169,67.82415381801844,1.6008444158156774,5.983823062005336,0.0006495930226169144,negative_hard,10.0,1,1,1,1,1,0,1,1,0,0,-1,0,0,0,1,1,0,0,0,0
sim_0005_n3_seed47,47,0.001,3,946.95,2,body_2,8.648712297334397,4.926411902220734,0.0010663043544563114,0.0044699438165766445,18.41956552364102,99.36145749296034,0,1.4313180952110127,6.532207390026145,-70.90155333530919,-4.0265444242197433e-07,182.1678706150525,9.517179233644465e-14,1.4313180952110127,0-2,14,92.75,92750,,,,,0,18.41956552364102,99.87933607057047,1.4313180952110127,6.532207390026145,0.0006315856668350336,negative_hard,10.0,1,1,1,1,0,1,1,1,0,0,-1,0,0,0,1,1,0,0,0,0
sim_0005_n3_seed47,47,0.001,3,947.0,2,body_2,8.648712297334397,4.926411902220734,0.0010999205852468058,0.004067195064934747,15.624323759710935,75.75422758618946,0,1.5540881715104524,6.1277736872145585,-70.90149626856945,4.022187942882272e-07,182.16787061505215,9.329956035605558e-14,1.5540881715104524,0-2,14,92.79999999999995,92800,,,,,0,15.624323759710935,75.60117109030341,1.5540881715104524,6.1277736872145585,0.0006514966011974254,negative_baseline,20.0,1,1,1,1,0,1,1,1,0,0,-1,0,0,0,1,1,0,0,0,0
sim_0005_n3_seed47,47,0.001,3,948.0,2,body_2,8.648712297334397,4.926411902220734,0.001677850425150162,0.0017020566838680039,4.029947154787673,3.837414372112034,0,3.060081362710107,2.8586857653421114,-70.90146800344351,8.008720816346859e-07,182.16787061504996,8.128607181522568e-14,3.060081362710107,0-2,14,93.79999999999995,93800,,,,,0,4.029947154787673,3.8301780706586754,3.060081362710107,2.8586857653421114,0.0009938229706865026,negative_baseline,20.0,0,0,0,0,0,0,0,0,0,0,-1,0,0,0,1,1,0,0,0,0
sim_0005_n3_seed47,47,0.001,3,948.9,2,body_2,8.648712297334397,4.926411902220734,0.0014007591433626778,0.0024682220469807096,6.64315863116784,14.62093661826296,0,2.3833598561069262,4.096315798695969,-70.90146099975851,8.996525383336496e-07,182.16787061505107,8.737082575149017e-14,2.3833598561069262,0-2,14,94.69999999999993,94700,,,,,0,6.64315863116784,14.503189414637587,2.3833598561069262,4.096315798695969,0.0008297047917009385,negative_hard,10.0,1,0,1,1,1,0,0,0,0,0,-1,0,0,0,1,1,0,0,0,0
sim_0005_n3_seed47,47,0.001,3,949.0,2,body_2,8.648712297334397,4.926411902220734,0.001324773993544592,0.00275464897769218,7.907636155949002,21.18989036854371,0,2.1845036014085553,4.508106321751216,-70.9014580372893,9.414354085795132e-07,182.1678706150516,9.033519305377288e-14,2.1845036014085553,0-2,14,94.79999999999995,94800,,,,,0,7.907636155949002,20.9833892402566,2.1845036014085553,4.508106321751216,0.0007846982254461393,negative_baseline,20.0,1,1,1,1,1,0,0,0,0,0,-1,0,0,0,1,1,0,0,0,0
sim_0005_n3_seed47,47,0.001,3,949.4,2,body_2,8.648712297334397,4.926411902220734,0.0010461427518702812,0.0053405171902790914,24.285038742098966,150.32517305087578,0,1.246536718066391,7.230306897577959,-70.90178912237789,-3.728211536060685e-06,182.16787061505107,8.737082575149017e-14,1.246536718066391,0-2,14,95.19999999999993,95200,,,,,0,24.285038742098966,154.34829449518188,1.246536718066391,7.230306897577959,0.0006196579164331233,negative_hard,10.0,1,1,1,1,1,0,1,1,0,0,-1,0,0,0,1,1,0,0,0,0
sim_0005_n3_seed47,47,0.001,3,949.9,2,body_2,8.648712297334397,4.926411902220734,0.0012154888697678975,0.0035149209948575036,11.502865287246417,44.00027783287568,0,1.8112322924373636,5.392110246958303,-70.90145957452623,9.197541128552556e-07,182.16787061504832,7.223695057667849e-14,1.8112322924373636,0-2,14,95.69999999999993,95700,,,,,0,11.502865287246417,43.70491449230877,1.8112322924373636,5.392110246958303,0.0007199492968094832,negative_hard,10.0,1,1,1,1,0,1,1,0,0,0,-1,0,0,0,1,1,0,0,0,0
sim_0005_n3_seed47,47,0.001,3,950.0,2,body_2,8.648712297334397,4.926411902220734,0.001301040103591495,0.0030468120325723045,8.999718014368197,27.514993585677512,0,2.047687521682322,4.812528976602057,-70.90145654657269,9.62460578598784e-07,182.1678706150481,7.098879592308577e-14,2.047687521682322,0-2,14,95.79999999999995,95800,,,,,0,8.999718014368197,27.336375500952748,2.047687521682322,4.812528976602057,0.0007706233952934591,negative_baseline,20.0,1,1,1,1,0,1,0,0,0,0,-1,0,0,0,1,1,0,0,0,0
sim_0005_n3_seed47,47,0.001,3,951.0,2,body_2,8.648712297334397,4.926411902220734,0.001734568266580323,0.0017384792428381097,3.9917115744229905,3.7042931982282195,0,3.0746968742594087,2.8333684681597826,-70.90146808753191,7.996860930579982e-07,182.16787061504968,7.972587849823478e-14,3.0746968742594087,0-2,14,96.79999999999995,96800,,,,,0,3.9917115744229905,3.6955313394507137,3.0746968742594087,2.8333684681597826,0.0010274199063253007,negative_baseline,20.0,0,0,0,0,0,0,0,0,0,0,-1,0,0,0,1,1,0,0,0,0
sim_0005_n3_seed47,47,0.001,3,951.8000000000001,2,body_2,8.648712297334397,4.926411902220734,0.001361146488026478,0.0028461232686656773,7.955381292752964,21.454258512544836,0,2.17793826199715,4.522282351271002,-70.90145794714536,9.427068049614677e-07,182.1678706150502,8.25342264688184e-14,2.17793826199715,0-2,14,97.60000000000002,97600,,,,,0,7.955381292752964,21.244006640525395,2.17793826199715,4.522282351271002,0.0008062427425750745,negative_hard,10.0,1,1,1,1,1,0,0,0,0,0,-1,0,0,0,1,1,0,0,0,0
sim_0005_n3_seed47,47,0.001,3,952.0,2,body_2,8.648712297334397,4.926411902220734,0.0011964765907659565,0.003786792630021919,12.8956284185837,54.18845566210126,0,1.7106202653485925,5.664567344499592,-70.9014667395756,8.186977619570645e-07,182.1678706150492,7.707354985935026e-14,1.7106202653485925,0-2,14,97.79999999999995,97800,,,,,0,12.8956284185837,53.58676244361666,1.7106202653485925,5.664567344499592,0.000708706697544633,negative_baseline,20.0,1,1,1,1,1,0,1,0,0,0,-1,0,0,0,1,1,0,0,0,0
sim_0005_n3_seed47,47,0.001,3,952.3000000000001,2,body_2,8.648712297334397,4.926411902220734,0.0010574353237746735,0.006317806039326387,30.297886292743964,198.96888896597574,0,1.1160111184181063,7.809052160357821,-70.90223996281674,-1.0086896207542561e-05,182.16787061504832,7.223695057667849e-14,1.1160111184181063,0-2,14,98.10000000000002,98100,,,,,0,30.297886292743964,213.1423248144976,1.1160111184181063,7.809052160357821,0.0006263422330499006,negative_hard,10.0,1,1,1,1,0,0,1,1,0,0,-1,0,0,0,1,1,0,0,0,0
sim_0005_n3_seed47,47,0.001,3,952.8000000000001,2,body_2,8.648712297334397,4.926411902220734,0.0013412042409765793,0.003121714461362961,8.938468994841413,27.145232114174288,0,2.0546908491211457,4.796458914555515,-70.90145659465907,9.61782365010412e-07,182.16787061504786,6.974064126949305e-14,2.0546908491211457,0-2,14,98.60000000000002,98600,,,,,0,8.938468994841413,26.969832590594596,2.0546908491211457,4.796458914555515,0.0007944130754075738,negative_hard,10.0,1,1,1,1,0,1,0,0,0,0,-1,0,0,0,1,1,0,0,0,0
sim_0005_n3_seed47,47,0.001,3,953.0,2,body_2,8.648712297334397,4.926411902220734,0.0015059425555748371,0.0025005519365718593,6.25196531004234,12.76385516032748,0,2.4568097597396714,3.9517257543986175,-70.90146206979156,8.845607183222763e-07,182.16787061504763,6.849248661590034e-14,2.4568097597396714,0-2,14,98.79999999999995,98800,,,,,0,6.25196531004234,12.70993203078562,2.4568097597396714,3.9517257543986175,0.0008919925506289493,negative_baseline,20.0,1,0,1,0,0,0,0,0,0,0,-1,0,0,0,1,1,0,0,0,0
sim_0005_n3_seed47,47,0.001,3,954.0,2,body_2,8.648712297334397,4.926411902220734,0.001748066140230572,0.0018733858902233622,4.20958686536152,4.46795721390088,0,2.9940626635227434,2.9733041931224746,-70.90146759431472,8.066424622995481e-07,182.16787061504886,7.520131787896118e-14,2.9940626635227434,0-2,14,99.79999999999995,99800,,,,,0,4.20958686536152,4.453161620213102,2.9940626635227434,2.9733041931224746,0.0010354169893742745,negative_baseline,20.0,0,0,0,0,0,0,0,0,0,0,-1,0,0,0,1,1,0,0,0,0
sim_0005_n3_seed47,47,0.001,3,954.7,2,body_2,8.648712297334397,4.926411902220734,0.0013121478037965068,0.003349700246469301,9.957527414068624,33.517587699214346,0,1.9467026572932629,5.0507993212853615,-70.90145646186748,9.63655266677209e-07,182.16787061504803,7.067675725968759e-14,1.9467026572932629,0-2,14,100.5,100500,,,,,0,9.957527414068624,33.13473685397266,1.9467026572932629,5.0507993212853615,0.0007772210605454037,negative_hard,10.0,1,1,1,1,1,0,0,0,0,0,-1,0,0,0,1,1,0,0,0,0
sim_0005_n3_seed47,47,0.001,3,955.0,2,body_2,8.648712297334397,4.926411902220734,0.0011055674888063496,0.005719456935525878,24.742395526583724,154.23081022586396,0,1.2349622988537776,7.278380733665214,-70.90181529625232,-4.0973696678525735e-06,182.16787061504954,7.894578183973933e-14,1.2349622988537776,0-2,14,100.79999999999995,100800,,,,,0,24.742395526583724,158.78942249105862,1.2349622988537776,7.278380733665214,0.0006548567199631014,negative_baseline,20.0,1,1,1,1,1,0,1,1,0,0,-1,0,0,0,1,1,0,0,0,0
sim_0005_n3_seed47,47,0.001,3,955.2,2,body_2,8.648712297334397,4.926411902220734,0.0010971952645826076,0.006247648688105751,28.186032895384383,182.66680555350865,0,1.1570658308934207,7.617868565797221,-70.90205415801958,-7.466292522152809e-06,182.16787061505087,8.627869042959655e-14,1.1570658308934207,0-2,14,101.0,101000,,,,,0,28.186032895384383,193.05607219372806,1.1570658308934207,7.617868565797221,0.0006498869668192904,negative_hard,10.0,1,1,1,1,0,0,1,1,0,0,-1,0,0,0,1,1,0,0,0,0
sim_0005_n3_seed47,47,0.001,3,955.7,2,body_2,8.648712297334397,4.926411902220734,0.0014692392686471959,0.002836466225038303,7.2939608974742445,17.895760905198923,0,2.2745586447346495,4.317600463527476,-70.90145935313049,9.228766936173114e-07,182.16787061505286,9.720004364853282e-14,2.2745586447346495,0-2,14,101.5,101500,,,,,0,7.2939608974742445,17.801257145251324,2.2745586447346495,4.317600463527476,0.0008702512396522664,negative_hard,10.0,1,1,1,1,0,0,0,0,0,0,-1,0,0,0,1,1,0,0,0,0
sim_0005_n3_seed47,47,0.001,3,956.0,2,body_2,8.648712297334397,4.926411902220734,0.0016847562264525452,0.002184986773155938,4.951733669073938,7.21739849642229,0,2.7605925295857845,3.385402787091761,-70.90146571090504,8.33206202449426e-07,182.1678706150524,9.470373434134738e-14,2.7605925295857845,0-2,14,101.79999999999995,101800,,,,,0,4.951733669073938,7.197868216710038,2.7605925295857845,3.385402787091761,0.0009979092327531709,negative_baseline,20.0,0,0,0,0,0,0,0,0,0,0,-1,0,0,0,1,1,0,0,0,0
sim_0005_n3_seed47,47,0.001,3,957.0,2,body_2,8.648712297334397,4.926411902220734,0.0017149484763865734,0.002125906650924483,4.758543920872118,6.4750817801117355,0,2.816060723730051,3.286188210260922,-70.90146622567237,8.259458886035409e-07,182.16787061505207,9.283150236095832e-14,2.816060723730051,0-2,14,102.79999999999995,102800,,,,,0,4.758543920872118,6.444755101500373,2.816060723730051,3.286188210260922,0.0010158030085631103,negative_baseline,20.0,0,0,0,0,0,0,0,0,0,0,-1,0,0,0,1,1,0,0,0,0
sim_0005_n3_seed47,47,0.001,3,957.6,2,body_2,8.648712297334397,4.926411902220734,0.001259669520808146,0.004045612224529486,13.132461951342167,55.98233139152105,0,1.695125401971643,5.70815553369361,-70.90146843708871,7.947559198274703e-07,182.1678706150529,9.735606298023191e-14,1.695125401971643,0-2,14,103.39999999999998,103400,,,,,0,13.132461951342167,55.370776882529,1.695125401971643,5.70815553369361,0.0007461379164908407,negative_hard,10.0,1,1,1,1,1,0,1,0,0,0,-1,0,0,0,1,1,0,0,0,0
sim_0005_n3_seed47,47,0.001,3,958.0,2,body_2,8.648712297334397,4.926411902220734,0.001128336174584709,0.006394129277470208,27.99703765732805,181.16051995390217,0,1.160964762223933,7.600175474674447,-70.9020390410113,-7.253081193905316e-06,182.1678706150493,7.769762718614662e-14,1.160964762223933,0-2,14,103.79999999999995,103800,,,,,0,27.99703765732805,191.21901557822278,1.160964762223933,7.600175474674447,0.0006683320506769957,negative_baseline,20.0,1,1,1,1,0,0,1,1,0,0,-1,0,0,0,1,1,0,0,0,0
sim_0005_n3_seed47,47,0.001,3,958.1,2,body_2,8.648712297334397,4.926411902220734,0.0011701409617872927,0.005381702522650283,20.892644708257865,120.8731631876762,0,1.3439368414078252,6.84717509993816,-70.90163155110616,-1.5058154422838356e-06,182.1678706150488,7.488927921556301e-14,1.3439368414078252,0-2,14,103.89999999999998,103900,,,,,0,20.892644708257865,122.62295310441796,1.3439368414078252,6.84717509993816,0.0006930897556911875,negative_hard,10.0,1,1,1,1,0,1,1,1,0,0,-1,0,0,0,1,1,0,0,0,0
sim_0005_n3_seed47,47,0.001,3,959.0,2,body_2,8.648712297334397,4.926411902220734,0.0018266770560699207,0.0020107876717836864,4.302193692615501,4.797024377327557,0,2.961668681483573,3.0297589607446356,-70.90146737519888,8.097328873348917e-07,182.16787061504996,8.128607181522568e-14,2.961668681483573,0-2,14,104.79999999999995,104800,,,,,0,4.302193692615501,4.787517416595952,2.961668681483573,3.0297589607446356,0.0010819737091657792,negative_baseline,20.0,0,0,0,0,0,0,0,0,0,0,-1,0,0,0,1,1,0,0,0,0
sim_0005_n3_seed47,47,0.001,3,960.0,2,body_2,8.648712297334397,4.926411902220734,0.001632996646961088,0.0025394404479731868,5.865386734162789,11.014150251936648,0,2.5364661853771455,3.7987239290813486,-70.90146315702256,8.692263372657574e-07,182.16787061504996,8.128607181522568e-14,2.5364661853771455,0-2,14,105.79999999999995,105800,,,,,0,5.865386734162789,10.939321676832133,2.5364661853771455,3.7987239290813486,0.0009672638504670065,negative_hard,10.0,0,0,0,0,1,0,0,0,0,0,-1,0,0,0,1,1,0,0,0,0
sim_0005_n3_seed47,47,0.001,3,960.5,2,body_2,8.648712297334397,4.926411902220734,0.0012150301666459778,0.005027938333653621,18.224228865755713,97.68041572397541,0,1.4389645757572733,6.505791732373885,-70.90154832908888,-3.3204636564317595e-07,182.1678706150512,8.815092240998562e-14,1.4389645757572733,0-2,14,106.29999999999995,106300,,,,,0,18.224228865755713,97.5852771315309,1.4389645757572733,6.505791732373885,0.0007196967923466835,negative_hard,10.0,1,1,1,1,1,0,1,1,0,0,-1,0,0,0,1,1,0,0,0,0
sim_0005_n3_seed47,47,0.001,3,961.0,2,body_2,8.648712297334397,4.926411902220734,0.0012770901853530047,0.0045417637235013785,14.872944618671259,69.63634064945225,0,1.5928605786670647,6.008044443122216,-70.90148582222412,5.49554769921695e-07,182.1678706150498,8.034995582503114e-14,1.5928605786670647,0-2,14,106.79999999999995,106800,,,,,0,14.872944618671259,69.40021895200161,1.5928605786670647,6.008044443122216,0.0007564357549066436,negative_hard,10.0,1,1,1,1,0,1,1,1,0,0,-1,0,0,0,1,1,0,0,0,0
sim_0005_n3_seed47,47,0.001,3,962.0,2,body_2,8.648712297334397,4.926411902220734,0.001926513156666523,0.0019478368126200011,4.018168160843726,3.7964668683933054,0,3.064554093394533,2.8509361695284845,-70.90146802933324,8.005069310529171e-07,182.1678706150492,7.707354985935026e-14,3.064554093394533,0-2,14,107.79999999999995,107800,,,,,0,4.018168160843726,3.7892467680886925,3.064554093394533,2.8509361695284845,0.0011411106873903045,negative_baseline,20.0,0,0,0,0,0,0,0,0,0,0,-1,0,0,0,1,1,0,0,0,0
sim_0005_n3_seed47,47,0.001,3,962.9,2,body_2,8.648712297334397,4.926411902220734,0.0015932707635696684,0.0028762742975513922,6.808656538807072,15.432091400652778,0,2.3542137036146604,4.154719400376327,-70.90146056193177,9.058276769260971e-07,182.16787061504908,7.64494725325539e-14,2.3542137036146604,0-2,14,108.69999999999993,108700,,,,,0,6.808656538807072,15.303997103855021,2.3542137036146604,4.154719400376327,0.0009437349333559315,negative_hard,10.0,1,0,1,1,1,0,0,0,0,0,-1,0,0,0,1,1,0,0,0,0
sim_0005_n3_seed47,47,0.001,3,963.0,2,body_2,8.648712297334397,4.926411902220734,0.0015051639763258128,0.003219085925049276,8.152547534083348,22.5580665572515,0,2.151440109783865,4.579918681349973,-70.90145759638318,9.476539789393199e-07,182.1678706150491,7.6605491864253e-14,2.151440109783865,0-2,14,108.79999999999995,108800,,,,,0,8.152547534083348,22.332066621471988,2.151440109783865,4.579918681349973,0.0008915486702471075,negative_baseline,20.0,1,1,1,1,1,0,0,0,0,0,-1,0,0,0,1,1,0,0,0,0
sim_0005_n3_seed47,47,0.001,3,963.4,2,body_2,8.648712297334397,4.926411902220734,0.0011945119749142662,0.0063000196658728955,25.423422262082493,160.00021047585085,0,1.218309667611767,7.348576933791822,-70.90185659278887,-4.679818870117652e-06,182.16787061505008,8.191014914202204e-14,1.218309667611767,0-2,14,109.19999999999993,109200,,,,,0,25.423422262082493,165.42361703811355,1.218309667611767,7.348576933791822,0.0007075407614524455,negative_hard,10.0,1,1,1,1,1,0,1,1,0,0,-1,0,0,0,1,1,0,0,0,0
sim_0005_n3_seed47,47,0.001,3,963.9,2,body_2,8.648712297334397,4.926411902220734,0.0014059270880722042,0.003926138638434696,11.036882992005227,40.74225296000675,0,1.849071783451709,5.294026441767639,-70.90145815237534,9.398122271483178e-07,182.1678706150494,7.81656851812439e-14,1.849071783451709,0-2,14,109.69999999999993,109700,,,,,0,11.036882992005227,40.46392058764481,1.849071783451709,5.294026441767639,0.0008327477942236752,negative_hard,10.0,1,1,1,1,0,1,1,0,0,0,-1,0,0,0,1,1,0,0,0,0
sim_0005_n3_seed47,47,0.001,3,964.0,2,body_2,8.648712297334397,4.926411902220734,0.00150329201579229,0.00341546074029781,8.701447000333618,25.73075605178195,0,2.082485768816736,4.7332236354363495,-70.90145682397237,9.585481143862824e-07,182.1678706150496,7.925782050313751e-14,2.082485768816736,0-2,14,109.79999999999995,109800,,,,,0,8.701447000333618,25.567756143307523,2.082485768816736,4.7332236354363495,0.0008904195338768072,negative_baseline,20.0,1,1,1,1,0,1,0,0,0,0,-1,0,0,0,1,1,0,0,0,0
sim_0005_n3_seed47,47,0.001,3,965.0,2,body_2,8.648712297334397,4.926411902220734,0.0019805069060448792,0.001990368356967921,3.9989133847297267,3.7294542621400706,0,3.07191866237013,2.8381795299230004,-70.90146807163373,7.999103220939419e-07,182.16787061505048,8.409441978580929e-14,3.07191866237013,0-2,14,110.79999999999995,110800,,,,,0,3.9989133847297267,3.720416336591488,3.07191866237013,2.8381795299230004,0.0011730944855145122,negative_baseline,20.0,0,0,0,0,0,0,0,0,0,0,-1,0,0,0,1,1,0,0,0,0
sim_0005_n3_seed47,47,0.001,3,965.8000000000001,2,body_2,8.648712297334397,4.926411902220734,0.0015407990586107172,0.0033141403135580334,8.203434161353483,22.846082860361125,0,2.144756804376629,4.594564181279268,-70.9014575117332,9.488478881433612e-07,182.1678706150483,7.20809312449794e-14,2.144756804376629,0-2,14,111.60000000000002,111600,,,,,0,8.203434161353483,22.615953642770627,2.144756804376629,4.594564181279268,0.0009126564250618726,negative_hard,10.0,1,1,1,1,1,0,0,0,0,0,-1,0,0,0,1,1,0,0,0,0
sim_0005_n3_seed47,47,0.001,3,966.0,2,body_2,8.648712297334397,4.926411902220734,0.0013535185525069087,0.004444313288569553,13.500835111051606,58.80511992674161,0,1.6718397364261448,5.77453737313706,-70.90147137906885,7.532620288141625e-07,182.16787061504846,7.301704723517393e-14,1.6718397364261448,0-2,14,111.79999999999995,111800,,,,,0,13.500835111051606,58.18198328410531,1.6718397364261448,5.77453737313706,0.0008017277602324363,negative_baseline,20.0,1,1,1,1,1,0,1,0,0,0,-1,0,0,0,1,1,0,0,0,0
sim_0005_n3_seed47,47,0.001,3,966.3000000000001,2,body_2,8.648712297334397,4.926411902220734,0.0012080472752731587,0.007267665780035943,30.603142887351815,201.2391785637912,0,1.110431742066571,7.835748244574703,-70.90226944449333,-1.0502707809342891e-05,182.16787061504436,5.055026347050503e-14,1.110431742066571,0-2,14,112.10000000000002,112100,,,,,0,30.603142887351815,216.15477770392698,1.110431742066571,7.835748244574703,0.0007155521445971962,negative_hard,10.0,1,1,1,1,0,0,1,1,0,0,-1,0,0,0,1,1,0,0,0,0
sim_0005_n3_seed47,47,0.001,3,966.8000000000001,2,body_2,8.648712297334397,4.926411902220734,0.0015441700263935725,0.003487473013252826,8.644122201184764,25.39262185912725,0,2.0893792312446817,4.717672355921181,-70.90145688938307,9.576255573209855e-07,182.1678706150413,3.3700175647003353e-14,2.0893792312446817,0-2,14,112.60000000000002,112600,,,,,0,8.644122201184764,25.232601967443713,2.0893792312446817,4.717672355921181,0.0009146320534198978,negative_hard,10.0,1,1,1,1,0,1,0,0,0,0,-1,0,0,0,1,1,0,0,0,0
sim_0005_n3_seed47,47,0.001,3,967.0,2,body_2,8.648712297334397,4.926411902220734,0.0017288468109002923,0.002808356877270542,6.1172031640245565,12.144275961559673,0,2.4837203538358468,3.8996174689217113,-70.90146244642398,8.79248668753817e-07,182.16787061504053,2.948765369112793e-14,2.4837203538358468,0-2,14,112.79999999999995,112800,,,,,0,6.1172031640245565,12.09478745532553,2.4837203538358468,3.8996174689217113,0.00102402185998644,negative_baseline,20.0,0,0,1,0,0,0,0,0,0,0,-1,0,0,0,1,1,0,0,0,0
sim_0005_n3_seed47,47,0.001,3,968.0,2,body_2,8.648712297334397,4.926411902220734,0.0019851222696799934,0.0021459649136803343,4.2381247691520105,4.569120834784535,0,2.9839586578682074,2.9908951094089327,-70.90146752724871,8.07588365954131e-07,182.1678706150411,3.260804032510973e-14,2.9839586578682074,0-2,14,113.79999999999995,113800,,,,,0,4.2381247691520105,4.553588527725423,2.9839586578682074,2.9908951094089327,0.001175830695739857,negative_baseline,20.0,0,0,0,0,0,0,0,0,0,0,-1,0,0,0,1,1,0,0,0,0
sim_0005_n3_seed47,47,0.001,3,968.7,2,body_2,8.648712297334397,4.926411902220734,0.0014790385878858362,0.0039012822721464302,10.344335757324329,36.05316842873237,0,1.909959033270511,5.14075311096908,-70.90145682817993,9.584887706121168e-07,182.16787061503973,2.5119112403553427e-14,1.909959033270511,0-2,14,114.5,114500,,,,,0,10.344335757324329,35.63589559412897,1.909959033270511,5.14075311096908,0.0008760758242613595,negative_hard,10.0,1,1,1,1,1,0,0,0,0,0,-1,0,0,0,1,1,0,0,0,0
sim_0005_n3_seed47,47,0.001,3,969.0,2,body_2,8.648712297334397,4.926411902220734,0.0012537089369539377,0.006694632097401476,25.871579546597896,163.7628756411713,0,1.2077117585634287,7.39390054577011,-70.90188531758852,-5.084955427261029e-06,182.16787061503845,1.8098242477094393e-14,1.2077117585634287,0-2,14,114.79999999999995,114800,,,,,0,25.871579546597896,169.8003657525678,1.2077117585634287,7.39390054577011,0.0007426045486554928,negative_baseline,20.0,1,1,1,1,1,0,1,1,0,0,-1,0,0,0,1,1,0,0,0,0
sim_0005_n3_seed47,47,0.001,3,969.2,2,body_2,8.648712297334397,4.926411902220734,0.0012535687503145894,0.006958513881503048,27.198940966945138,174.72220605044706,0,1.1778749752216833,7.524327469648255,-70.90197785252371,-6.390074540994174e-06,182.1678706150425,4.0252987578365115e-14,1.1778749752216833,0-2,14,115.0,115000,,,,,0,27.198940966945138,183.44728649453825,1.1778749752216833,7.524327469648255,0.0007425085002251867,negative_hard,10.0,1,1,1,1,0,0,1,1,0,0,-1,0,0,0,1,1,0,0,0,0
sim_0005_n3_seed47,47,0.001,3,969.7,2,body_2,8.648712297334397,4.926411902220734,0.0016834857138123616,0.0031676795695478916,7.100503808255248,16.898469784934473,0,2.3053336989049096,4.254081543318247,-70.90145981991742,9.162930985463258e-07,182.1678706150456,5.725909473356588e-14,2.3053336989049096,0-2,14,115.5,115500,,,,,0,7.100503808255248,16.812284757721823,2.3053336989049096,4.254081543318247,0.0009971521629371272,negative_hard,10.0,1,1,1,1,0,0,0,0,0,0,-1,0,0,0,1,1,0,0,0,0
sim_0005_n3_seed47,47,0.001,3,970.0,2,body_2,8.648712297334397,4.926411902220734,0.0019224747861228684,0.0024558394344450915,4.884574110184568,6.957082165026258,0,2.7795002825263637,3.3514703173382943,-70.90146589130963,8.30661763747164e-07,182.16787061504354,4.6025702851231433e-14,2.7795002825263637,0-2,14,115.79999999999995,115800,,,,,0,4.884574110184568,6.9388132780320335,2.7795002825263637,3.3514703173382943,0.0011387137486080327,negative_baseline,20.0,0,0,0,0,0,0,0,0,0,0,-1,0,0,0,1,1,0,0,0,0
sim_0005_n3_seed47,47,0.001,3,971.0,2,body_2,8.648712297334397,4.926411902220734,0.0019370265452094172,0.002436596521399816,4.81887843230047,6.704871055628333,0,2.7983716443555853,3.3177207458180034,-70.90146606624478,8.281944662791234e-07,182.16787061504397,4.8365992826717774e-14,2.7983716443555853,0-2,14,116.79999999999995,116800,,,,,0,4.81887843230047,6.672602995933799,2.7983716443555853,3.3177207458180034,0.0011473453526497008,negative_baseline,20.0,0,0,0,0,0,0,0,0,0,0,-1,0,0,0,1,1,0,0,0,0
sim_0005_n3_seed47,47,0.001,3,971.6,2,body_2,8.648712297334397,4.926411902220734,0.001415472848880189,0.004717341415109496,13.75544662709379,60.778451250493895,0,1.656294817687696,5.819455731137207,-70.90147363439738,7.214527196121889e-07,182.16787061504215,3.838075559797604e-14,1.656294817687696,0-2,14,117.39999999999998,117400,,,,,0,13.75544662709379,60.15025345653166,1.656294817687696,5.819455731137207,0.0008384253241014092,negative_hard,10.0,1,1,1,1,1,0,1,0,0,0,-1,0,0,0,1,1,0,0,0,0
sim_0005_n3_seed47,47,0.001,3,972.0,2,body_2,8.648712297334397,4.926411902220734,0.0012850570721918376,0.007094175522143593,26.99032937387993,173.01965158234867,0,1.1824182504601597,7.504191278196739,-70.90196255449791,-6.174310129059881e-06,182.16787061504047,2.9175615027729757e-14,1.1824182504601597,0-2,14,117.79999999999995,117800,,,,,0,26.99032937387993,181.41328810386142,1.1824182504601597,7.504191278196739,0.0007611593091861303,negative_baseline,20.0,1,1,1,1,0,0,1,1,0,0,-1,0,0,0,1,1,0,0,0,0
sim_0005_n3_seed47,47,0.001,3,972.1,2,body_2,8.648712297334397,4.926411902220734,0.0013374382671267483,0.005917479834014036,19.83755690012395,111.66267382398266,0,1.379213667157393,6.717013267491145,-70.90159469588869,-9.860069108818376e-07,182.16787061503982,2.5587170398650694e-14,1.379213667157393,0-2,14,117.89999999999998,117900,,,,,0,19.83755690012395,112.80079409462256,1.379213667157393,6.717013267491145,0.0007921813016441307,negative_hard,10.0,1,1,1,1,0,1,1,1,0,0,-1,0,0,0,1,1,0,0,0,0
sim_0005_n3_seed47,47,0.001,3,973.0,2,body_2,8.648712297334397,4.926411902220734,0.0020730785196385656,0.002261627052676964,4.269618216077132,4.680967958462587,0,2.972938716273667,3.010099070566483,-70.90146745276834,8.086388422134722e-07,182.16787061504226,3.90048329247724e-14,2.972938716273667,0-2,14,118.79999999999995,118800,,,,,0,4.269618216077132,4.671823380834827,2.972938716273667,3.010099070566483,0.0012279216808087604,negative_baseline,20.0,0,0,0,0,0,0,0,0,0,0,-1,0,0,0,1,1,0,0,0,0
sim_0005_n3_seed47,47,0.001,3,974.0,2,body_2,8.648712297334397,4.926411902220734,0.0018343974601491837,0.0029133521965400175,5.985796872275688,11.550202978529754,0,2.5108225801865225,3.847576203884872,-70.90146281623764,8.740327913312455e-07,182.16787061504388,4.789793483162051e-14,2.5108225801865225,0-2,14,119.79999999999995,119800,,,,,0,5.985796872275688,11.469356649801869,2.5108225801865225,3.847576203884872,0.0010865591086329836,negative_hard,10.0,0,0,0,0,1,0,0,0,0,0,-1,0,0,0,1,1,0,0,0,0
sim_0005_n3_seed47,47,0.001,3,974.5,2,body_2,8.648712297334397,4.926411902220734,0.0013638600717716888,0.005866594084960835,19.196458673859457,106.08599782964293,0,1.4020524801617236,6.634953377656031,-70.90157487490347,-7.064503671334738e-07,182.16787061504243,3.994094891496694e-14,1.4020524801617236,0-2,14,120.29999999999995,120300,,,,,0,19.196458673859457,106.32985003246645,1.4020524801617236,6.634953377656031,0.0008078532847923164,negative_hard,10.0,1,1,1,1,1,0,1,1,0,0,-1,0,0,0,1,1,0,0,0,0
sim_0005_n3_seed47,47,0.001,3,975.0,2,body_2,8.648712297334397,4.926411902220734,0.0014578343957033222,0.004989371318153624,14.172594856466283,64.04827697090238,0,1.631742163460814,5.891420583478697,-70.90147773675136,6.635928358370603e-07,182.1678706150438,4.742987683652324e-14,1.631742163460814,0-2,14,120.79999999999995,120800,,,,,0,14.172594856466283,63.76293325106135,1.631742163460814,5.891420583478697,0.0008634921511261731,negative_hard,10.0,1,1,1,1,0,1,1,0,0,0,-1,0,0,0,1,1,0,0,0,0
sim_0005_n3_seed47,47,0.001,3,976.0,2,body_2,8.648712297334397,4.926411902220734,0.002175431380873057,0.0021930434735861217,4.007900729757666,3.760780377478762,0,3.068470117570671,2.844152470352259,-70.90146805183642,8.001895447523209e-07,182.16787061504903,7.613743386915573e-14,3.068470117570671,0-2,14,121.79999999999995,121800,,,,,0,4.007900729757666,3.753554127346524,3.068470117570671,2.844152470352259,0.0012885497866308277,negative_baseline,20.0,0,0,0,0,0,0,0,0,0,0,-1,0,0,0,1,1,0,0,0,0
sim_0005_n3_seed47,47,0.001,3,976.9,2,body_2,8.648712297334397,4.926411902220734,0.0017822534939752415,0.003298082369563926,6.984148339125166,16.30856120915376,0,2.324446879428151,4.215011088829378,-70.9014601104706,9.121951165172508e-07,182.16787061505119,8.799490307828654e-14,2.324446879428151,0-2,14,122.69999999999993,122700,,,,,0,6.984148339125166,16.169051012192227,2.324446879428151,4.215011088829378,0.0010556749512340001,negative_hard,10.0,1,1,1,1,1,0,0,0,0,0,-1,0,0,0,1,1,0,0,0,0
sim_0005_n3_seed47,47,0.001,3,977.0,2,body_2,8.648712297334397,4.926411902220734,0.0016818565184659785,0.003701908756575676,8.413666809400988,24.049456919901115,0,2.117791264503766,4.65411256583426,-70.90145718905904,9.533989066868214e-07,182.1678706150505,8.425043911750839e-14,2.117791264503766,0-2,14,122.79999999999995,122800,,,,,0,8.413666809400988,23.802006308524632,2.117791264503766,4.65411256583426,0.0009962091513879673,negative_baseline,20.0,1,1,1,1,1,0,0,0,0,0,-1,0,0,0,1,1,0,0,0,0
sim_0005_n3_seed47,47,0.001,3,977.4,2,body_2,8.648712297334397,4.926411902220734,0.0013424036158566374,0.007296784417146957,26.530303939152738,169.2386473122368,0,1.1926245566062392,7.459321431543075,-70.9019298241426,-5.7126789382852765e-06,182.16787061505144,8.939907706357834e-14,1.1926245566062392,0-2,14,123.19999999999993,123200,,,,,0,26.530303939152738,176.24504633000777,1.1926245566062392,7.459321431543075,0.0007951404566666898,negative_hard,10.0,1,1,1,1,0,0,1,1,0,0,-1,0,0,0,1,1,0,0,0,0
sim_0005_n3_seed47,47,0.001,3,977.9,2,body_2,8.648712297334397,4.926411902220734,0.0016000736353367659,0.00431849209112558,10.602947644529229,37.78191064779877,0,1.8865292507808382,5.199093431672392,-70.90145721769072,9.529950835688415e-07,182.167870615049,7.598141453745663e-14,1.8865292507808382,0-2,14,123.69999999999993,123700,,,,,0,10.602947644529229,37.52221743644554,1.8865292507808382,5.199093431672392,0.0009477427838804217,negative_hard,10.0,1,1,1,1,0,1,0,0,0,0,-1,0,0,0,1,1,0,0,0,0
sim_0005_n3_seed47,47,0.001,3,978.0,2,body_2,8.648712297334397,4.926411902220734,0.0017090948894187084,0.0037700639189821895,8.42218488330381,24.098287082703358,0,2.11672835364609,4.656475340326051,-70.90145717705815,9.535681681563438e-07,182.16787061504888,7.535733721066028e-14,2.11672835364609,0-2,14,123.79999999999995,123800,,,,,0,8.42218488330381,23.949706522285172,2.11672835364609,4.656475340326051,0.0010123189747333029,negative_baseline,20.0,1,1,1,1,0,1,0,0,0,0,-1,0,0,0,1,1,0,0,0,0
sim_0005_n3_seed47,47,0.001,3,979.0,2,body_2,8.648712297334397,4.926411902220734,0.0022257809196244804,0.0022437787762793955,4.007591655867558,3.7597409653088336,0,3.068584619538114,2.843953924716873,-70.90146805247376,8.001805556279678e-07,182.1678706150477,6.880452527929852e-14,3.068584619538114,0-2,14,124.79999999999995,124800,,,,,0,4.007591655867558,3.7504016582315427,3.068584619538114,2.843953924716873,0.0013183754556331411,negative_baseline,20.0,0,0,0,0,0,0,0,0,0,0,-1,0,0,0,1,1,0,0,0,0
sim_0005_n3_seed47,47,0.001,3,979.8000000000001,2,body_2,8.648712297334397,4.926411902220734,0.001716749442031227,0.0038007899912793435,8.467949892118742,24.36366577424288,0,2.1109922909730967,4.66924479065748,-70.90145711311905,9.544699696022874e-07,182.1678706150451,5.460676609468136e-14,2.1109922909730967,0-2,14,125.60000000000002,125600,,,,,0,8.467949892118742,24.11167809018126,2.1109922909730967,4.66924479065748,0.001016877330470524,negative_hard,10.0,1,1,1,1,1,0,0,0,0,0,-1,0,0,0,1,1,0,0,0,0
sim_0005_n3_seed47,47,0.001,3,980.0,2,body_2,8.648712297334397,4.926411902220734,0.001507515058432492,0.005138157456775228,14.15138568988675,63.88158345760314,0,1.6329600099645345,5.8878210405666715,-70.90147751587915,6.667080327256483e-07,182.16787061504334,4.49335675293378e-14,1.6329600099645345,0-2,14,125.79999999999995,125800,,,,,0,14.15138568988675,63.2508306752075,1.6329600099645345,5.8878210405666715,0.0008929449608294971,negative_baseline,20.0,1,1,1,1,1,0,1,0,0,0,-1,0,0,0,1,1,0,0,0,0
sim_0005_n3_seed47,47,0.001,3,980.3000000000001,2,body_2,8.648712297334397,4.926411902220734,0.0013592210691469788,0.008190618747672346,30.67766107393498,201.79041274845812,0,1.1090826357386756,7.842229997413842,-70.90227673714423,-1.0605563861144678e-05,182.16787061504857,7.364112456197029e-14,1.1090826357386756,0-2,14,126.10000000000002,126100,,,,,0,30.67766107393498,216.94526436727418,1.1090826357386756,7.842229997413842,0.0008050944786020195,negative_hard,10.0,1,1,1,1,0,0,1,1,0,0,-1,0,0,0,1,1,0,0,0,0
sim_0005_n3_seed47,47,0.001,3,980.8000000000001,2,body_2,8.648712297334397,4.926411902220734,0.001750677242320563,0.003839385276237159,8.368483461501377,23.788664393753514,0,2.123508898480383,4.641424471118934,-70.90145725460046,9.52474506058328e-07,182.1678706150447,5.2422495450894104e-14,2.123508898480383,0-2,14,126.60000000000002,126600,,,,,0,8.368483461501377,23.64282413589588,2.123508898480383,4.641424471118934,0.001036948691461968,negative_hard,10.0,1,1,1,1,0,1,0,0,0,0,-1,0,0,0,1,1,0,0,0,0
sim_0005_n3_seed47,47,0.001,3,981.0,2,body_2,8.648712297334397,4.926411902220734,0.0019546069126578406,0.0031078768558505834,5.989713545411189,11.567587903886386,0,2.5100109780684456,3.8491289434760168,-70.90146280523871,8.741879210210011e-07,182.16787061504698,6.490404198682127e-14,2.5100109780684456,0-2,14,126.79999999999995,126800,,,,,0,5.989713545411189,11.522113034553076,2.5100109780684456,3.8491289434760168,0.00115774276481283,negative_baseline,20.0,0,0,1,0,0,0,0,0,0,0,-1,0,0,0,1,1,0,0,0,0
sim_0005_n3_seed47,47,0.001,3,982.0,2,body_2,8.648712297334397,4.926411902220734,0.0022205949068797473,0.002422336589566484,4.268593576226533,4.677435144862081,0,2.9732850921055545,3.009494624882167,-70.90146745506384,8.08606466413658e-07,182.16787061504957,7.910180117143843e-14,2.9732850921055545,0-2,14,127.79999999999995,127800,,,,,0,4.268593576226533,4.661112414147362,2.9732850921055545,3.009494624882167,0.001315306543958258,negative_baseline,20.0,0,0,0,0,0,0,0,0,0,0,-1,0,0,0,1,1,0,0,0,0
sim_0005_n3_seed47,47,0.001,3,982.7,2,body_2,8.648712297334397,4.926411902220734,0.0016423402066943777,0.004479009553774693,10.759280486582243,38.84060756863344,0,1.8727669269161402,5.233730593785252,-70.90145751261264,9.488354844786064e-07,182.1678706150493,7.769762718614662e-14,1.8727669269161402,0-2,14,128.5,128500,,,,,0,10.759280486582243,38.38719391295139,1.8727669269161402,5.233730593785252,0.0009728047307617557,negative_hard,10.0,1,1,1,1,1,0,1,0,0,0,-1,0,0,0,1,1,0,0,0,0
sim_0005_n3_seed47,47,0.001,3,983.0,2,body_2,8.648712297334397,4.926411902220734,0.001401493289125161,0.007704257960441704,26.95747886208767,172.75168088011185,0,1.1831376582551572,7.5010121153965565,-70.90196016902769,-6.140665292336108e-06,182.16787061505008,8.191014914202204e-14,1.1831376582551572,0-2,14,128.79999999999995,128800,,,,,0,26.95747886208767,180.4293255846528,1.1831376582551572,7.5010121153965565,0.0008301405722639975,negative_baseline,20.0,1,1,1,1,0,0,1,1,0,0,-1,0,0,0,1,1,0,0,0,0
sim_0005_n3_seed47,47,0.001,3,983.2,2,body_2,8.648712297334397,4.926411902220734,0.0014118095928844397,0.007615049167385148,26.12789029451862,165.90155990985838,0,1.2017749018046897,7.419516439132937,-70.90190230005607,-5.324477321798375e-06,182.1678706150467,6.334384866983038e-14,1.2017749018046897,0-2,14,129.0,129000,,,,,0,26.12789029451862,173.000710093935,1.2017749018046897,7.419516439132937,0.0008362358480715782,negative_hard,10.0,1,1,1,1,0,0,1,1,0,0,-1,0,0,0,1,1,0,0,0,0
sim_0005_n3_seed47,47,0.001,3,983.7,2,body_2,8.648712297334397,4.926411902220734,0.0019009517879187462,0.003488401295166213,6.91827417827983,15.977376994455883,0,2.3354960304185157,4.192554013847354,-70.90146027822263,9.09829130242756e-07,182.16787061504698,6.490404198682127e-14,2.3354960304185157,0-2,14,129.5,129500,,,,,0,6.91827417827983,15.898718204850603,2.3354960304185157,4.192554013847354,0.0011259601517815989,negative_hard,10.0,1,0,1,1,0,0,0,0,0,0,-1,0,0,0,1,1,0,0,0,0
sim_0005_n3_seed47,47,0.001,3,984.0,2,body_2,8.648712297334397,4.926411902220734,0.002162176493678936,0.00272176423137951,4.8208309442331805,6.712267682270951,0,2.797811552198654,3.3187213641784212,-70.90146606103878,8.282678921261986e-07,182.16787061504667,6.318782933813129e-14,2.797811552198654,0-2,14,129.79999999999995,129800,,,,,0,4.8208309442331805,6.695149341783347,2.797811552198654,3.3187213641784212,0.0012806929562412437,negative_baseline,20.0,0,0,0,0,0,0,0,0,0,0,-1,0,0,0,1,1,0,0,0,0
sim_0005_n3_seed47,47,0.001,3,985.0,2,body_2,8.648712297334397,4.926411902220734,0.002156620780626903,0.002753933772203188,4.882463963463807,6.949146961871648,0,2.780086716267249,3.3504191570607333,-70.90146589668929,8.305858886347854e-07,182.16787061505042,8.378238112241111e-14,2.780086716267249,0-2,14,130.79999999999995,130800,,,,,0,4.882463963463807,6.914775975635394,2.780086716267249,3.3504191570607333,0.0012774165628719615,negative_baseline,20.0,0,0,0,0,0,0,0,0,0,0,-1,0,0,0,1,1,0,0,0,0
sim_0005_n3_seed47,47,0.001,3,985.6,2,body_2,8.648712297334397,4.926411902220734,0.0015683016003056336,0.005426475022711919,14.424966645962305,66.04914577922483,0,1.6174007855756038,5.934049463811602,-70.90148047296242,6.250011261826105e-07,182.16787061504837,7.254898924007667e-14,1.6174007855756038,0-2,14,131.39999999999998,131400,,,,,0,14.424966645962305,65.42075931572563,1.6174007855756038,5.934049463811602,0.0009289508411051171,negative_hard,10.0,1,1,1,1,1,0,1,0,0,0,-1,0,0,0,1,1,0,0,0,0
sim_0005_n3_seed47,47,0.001,3,986.0,2,body_2,8.648712297334397,4.926411902220734,0.001443710663761484,0.0077398583213029925,25.906608612174423,164.0559252290589,0,1.2068965293909404,7.3974082970353425,-70.90188760389623,-5.1172016689578024e-06,182.16787061505184,9.15833477073656e-14,1.2068965293909404,0-2,14,131.79999999999995,131800,,,,,0,25.906608612174423,170.84260639071104,1.2068965293909404,7.3974082970353425,0.0008551310883793244,negative_baseline,20.0,1,1,1,1,0,0,1,1,0,0,-1,0,0,0,1,1,0,0,0,0
sim_0005_n3_seed47,47,0.001,3,986.1,2,body_2,8.648712297334397,4.926411902220734,0.0015078670700247841,0.006415837795824063,18.831815903783905,102.92425801280523,0,1.4155642978877179,6.587187521163135,-70.90156442748568,-5.59099265382664e-07,182.16787061505215,9.329956035605558e-14,1.4155642978877179,0-2,14,131.89999999999998,131900,,,,,0,18.831815903783905,103.60018773053179,1.4155642978877179,6.587187521163135,0.0008931275710427015,negative_hard,10.0,1,1,1,1,0,1,1,1,0,0,-1,0,0,0,1,1,0,0,0,0
sim_0005_n3_seed47,47,0.001,3,987.0,2,body_2,8.648712297334397,4.926411902220734,0.0023205495827665376,0.002509994168712373,4.239034962049205,4.572366393194345,0,2.983638727867966,2.991452779253892,-70.90146752498245,8.076203294676334e-07,182.16787061505298,9.782412097532918e-14,2.983638727867966,0-2,14,132.79999999999995,132800,,,,,0,4.239034962049205,4.563546553317005,2.983638727867966,2.991452779253892,0.0013745032418883323,negative_baseline,20.0,0,0,0,0,0,0,0,0,0,0,-1,0,0,0,1,1,0,0,0,0
sim_0005_n3_seed47,47,0.001,3,988.0,2,body_2,8.648712297334397,4.926411902220734,0.0020325095537956145,0.0032983132079804464,6.113014137844694,12.125523413609946,0,2.4845573211119425,3.8980033692575167,-70.90146245767679,8.790899583664636e-07,182.1678706150584,1.276238133298553e-13,2.4845573211119425,0-2,14,133.79999999999995,133800,,,,,0,6.113014137844694,12.038066820325994,2.4845573211119425,3.8980033692575167,0.0012039064945798227,negative_hard,10.0,0,0,0,0,1,0,0,0,0,0,-1,0,0,0,1,1,0,0,0,0
sim_0005_n3_seed47,47,0.001,3,988.5,2,body_2,8.648712297334397,4.926411902220734,0.001511003390508322,0.006753764134973696,20.221178153728715,115.00959749915611,0,1.3660661041279318,6.765029239246643,-70.90160747231437,-1.1662065006072115e-06,182.16787061505715,1.2075896273509536e-13,1.3660661041279318,0-2,14,134.29999999999995,134300,,,,,0,20.221178153728715,115.72672188043943,1.3660661041279318,6.765029239246643,0.0008950106499540593,negative_hard,10.0,1,1,1,1,1,0,1,1,0,0,-1,0,0,0,1,1,0,0,0,0
sim_0005_n3_seed47,47,0.001,3,989.0,2,body_2,8.648712297334397,4.926411902220734,0.0016422466253441885,0.0054123234287374224,13.52055728279441,58.95694401382462,0,1.6706247257753812,5.778030682983852,-70.90147154461224,7.509271935063992e-07,182.1678706150598,1.352687605831107e-13,1.6706247257753812,0-2,14,134.79999999999995,134800,,,,,0,13.52055728279441,58.64652527919461,1.6706247257753812,5.778030682983852,0.000972721140468096,negative_hard,10.0,1,1,1,1,0,1,1,0,0,0,-1,0,0,0,1,1,0,0,0,0
sim_0005_n3_seed47,47,0.001,3,990.0,2,body_2,8.648712297334397,4.926411902220734,0.0024244995569423586,0.0024379142668777797,3.9991231084380474,3.7302786892844173,0,3.071830495711965,2.838332245576862,-70.9014680709994,7.999192687269492e-07,182.16787061505772,1.2387934936907715e-13,3.071830495711965,0-2,14,135.79999999999995,135800,,,,,0,3.9991231084380474,3.723024296145057,3.071830495711965,2.838332245576862,0.0014360777599573048,negative_baseline,20.0,0,0,0,0,0,0,0,0,0,0,-1,0,0,0,1,1,0,0,0,0
sim_0005_n3_seed47,47,0.001,3,990.95,2,body_2,8.648712297334397,4.926411902220734,0.0019120734074369048,0.003952766418033463,7.8543717266484965,20.896521711762414,0,2.191897347719281,4.492190549380995,-70.90145813891007,9.400021422178775e-07,182.16787061506065,1.3994934053408336e-13,2.191897347719281,0-2,14,136.75,136750,,,,,0,7.8543717266484965,20.694165118092066,2.191897347719281,4.492190549380995,0.0011325725394302603,negative_hard,10.0,1,1,1,1,1,0,0,0,0,0,-1,0,0,0,1,1,0,0,0,0
sim_0005_n3_seed47,47,0.001,3,991.0,2,body_2,8.648712297334397,4.926411902220734,0.001854832401008027,0.004204392758288253,8.69231726753451,25.67737904800109,0,2.0835692188104415,4.730775823175238,-70.90145683321407,9.584177687760548e-07,182.16787061506096,1.4166555318277337e-13,2.0835692188104415,0-2,14,136.79999999999995,136800,,,,,0,8.69231726753451,25.40638426300554,2.0835692188104415,4.730775823175238,0.0010986682756173138,negative_baseline,20.0,1,1,1,1,1,0,0,0,0,0,-1,0,0,0,1,1,0,0,0,0
sim_0005_n3_seed47,47,0.001,3,991.45,2,body_2,8.648712297334397,4.926411902220734,0.0014808877510078073,0.008799328392551462,30.1023782101331,197.5058937653574,0,1.1196302857392502,7.791829164556602,-70.90222139457657,-9.825008466469152e-06,182.16787061506233,1.4915448110432966e-13,1.1196302857392502,0-2,14,137.25,137250,,,,,0,30.1023782101331,211.22850018211017,1.1196302857392502,7.791829164556602,0.0008771635718678281,negative_hard,10.0,1,1,1,1,0,0,1,1,0,0,-1,0,0,0,1,1,0,0,0,0
sim_0005_n3_seed47,47,0.001,3,991.95,2,body_2,8.648712297334397,4.926411902220734,0.0018585106811028315,0.004380433573351747,9.069745256985621,27.940381333932972,0,2.0397619067100012,4.8307832754081845,-70.90145649556122,9.631800478764958e-07,182.1678706150653,1.6553651093273407e-13,2.0397619067100012,0-2,14,137.75,137750,,,,,0,9.069745256985621,27.75806431231546,2.0397619067100012,4.8307832754081845,0.001100818701641359,negative_hard,10.0,1,1,1,1,0,1,0,0,0,0,-1,0,0,0,1,1,0,0,0,0
sim_0005_n3_seed47,47,0.001,3,992.0,2,body_2,8.648712297334397,4.926411902220734,0.001918397848604274,0.004111584810169103,8.160478961119692,22.602670508884604,0,2.150401113131136,4.582192960439025,-70.90145758240351,9.478511492057252e-07,182.1678706150656,1.6709670424972497e-13,2.150401113131136,0-2,14,137.79999999999995,137800,,,,,0,8.160478961119692,22.467321220209328,2.150401113131136,4.582192960439025,0.001136291597222807,negative_baseline,20.0,1,1,1,1,0,1,0,0,0,0,-1,0,0,0,1,1,0,0,0,0
sim_0005_n3_seed47,47,0.001,3,993.0,2,body_2,8.648712297334397,4.926411902220734,0.00247028472466124,0.002498952545509955,4.017758970089066,3.795211807226311,0,3.064694747400192,2.8506920724998657,-70.90146802996638,8.004980012561033e-07,182.16787061506855,1.8332271474643028e-13,3.064694747400192,0-2,14,138.79999999999995,138800,,,,,0,4.017758970089066,3.785544825113473,3.064694747400192,2.8506920724998657,0.0014632002814435872,negative_baseline,20.0,0,0,0,0,0,0,0,0,0,0,-1,0,0,0,1,1,0,0,0,0
sim_0005_n3_seed47,47,0.001,3,993.9,2,body_2,8.648712297334397,4.926411902220734,0.001770440199954912,0.004961357703644316,11.113079355093292,41.27029517282504,0,1.842714845246969,5.310347608572351,-70.90145835281083,9.369852711049388e-07,182.16787061506827,1.8176252142943939e-13,1.842714845246969,0-2,14,139.69999999999993,139700,,,,,0,11.113079355093292,40.78716457102317,1.842714845246969,5.310347608572351,0.0010486826365722068,negative_hard,10.0,1,1,1,1,1,0,1,0,0,0,-1,0,0,0,1,1,0,0,0,0
sim_0005_n3_seed47,47,0.001,3,994.0,2,body_2,8.648712297334397,4.926411902220734,0.0016586520925899748,0.005871060416419566,14.85022525109554,69.4542845068643,0,1.594074346672621,6.004352882072337,-70.90148553282253,5.53636509834311e-07,182.16787061506994,1.9096766199968566e-13,1.594074346672621,0-2,14,139.79999999999995,139800,,,,,0,14.85022525109554,68.83696903755737,1.594074346672621,6.004352882072337,0.0009824684319425796,negative_baseline,20.0,1,1,1,1,1,0,1,1,0,0,-1,0,0,0,1,1,0,0,0,0
sim_0005_n3_seed47,47,0.001,3,994.4,2,body_2,8.648712297334397,4.926411902220734,0.001539966828487971,0.008101511085446336,25.23315535808482,158.39504273414406,0,1.2228961850276052,7.3291199804263165,-70.9018447529549,-4.512829034435916e-06,182.16787061507026,1.9268387464837565e-13,1.2228961850276052,0-2,14,140.19999999999993,140200,,,,,0,25.23315535808482,164.27987801382443,1.2228961850276052,7.3291199804263165,0.0009121442819329582,negative_hard,10.0,1,1,1,1,0,0,1,1,0,0,-1,0,0,0,1,1,0,0,0,0
sim_0005_n3_seed47,47,0.001,3,994.9,2,body_2,8.648712297334397,4.926411902220734,0.002077189605658713,0.0037378659500148003,6.78004342282137,15.290676999572979,0,2.359182547219703,4.144719903760691,-70.9014606363834,9.04777605937987e-07,182.16787061507077,1.9549222261895927e-13,2.359182547219703,0-2,14,140.69999999999993,140700,,,,,0,6.78004342282137,15.217517005430494,2.359182547219703,4.144719903760691,0.0012303481413395564,negative_hard,10.0,1,0,1,1,0,0,0,0,0,0,-1,0,0,0,1,1,0,0,0,0
sim_0005_n3_seed47,47,0.001,3,995.0,2,body_2,8.648712297334397,4.926411902220734,0.002183130638569498,0.003399605486130888,5.8690371442816005,11.030235793877619,0,2.535682229675085,3.800212597175513,-70.90146314634492,8.693769354138399e-07,182.1678706150701,1.9174775865818111e-13,2.535682229675085,0-2,14,140.79999999999995,140800,,,,,0,5.8690371442816005,10.988395459248764,2.535682229675085,3.800212597175513,0.0012931006503062775,negative_baseline,20.0,0,0,1,0,0,0,0,0,0,0,-1,0,0,0,1,1,0,0,0,0
sim_0005_n3_seed47,47,0.001,3,996.0,2,body_2,8.648712297334397,4.926411902220734,0.0024543790715336506,0.002702778937507949,4.301052125273417,4.79319943852252,0,2.96204092043171,3.02910854475796,-70.90146737755599,8.096996424667997e-07,182.1678706150656,1.6709670424972497e-13,2.96204092043171,0-2,14,141.79999999999995,141800,,,,,0,4.301052125273417,4.77602840534444,2.96204092043171,3.02910854475796,0.0014537823537094457,negative_baseline,20.0,0,0,0,0,0,0,0,0,0,0,-1,0,0,0,1,1,0,0,0,0
sim_0005_n3_seed47,47,0.001,3,996.8000000000001,2,body_2,8.648712297334397,4.926411902220734,0.0016885548156749777,0.006022575251852096,14.996035329050187,70.63140426566142,0,1.5863056706522127,6.028039329681731,-70.90148740121472,5.27284577417705e-07,182.16787061506722,1.7598980615657307e-13,1.5863056706522127,0-2,14,142.60000000000002,142600,,,,,0,14.996035329050187,70.02010734776941,1.5863056706522127,6.028039329681731,0.0010001808059554372,negative_hard,10.0,1,1,1,1,1,0,1,1,0,0,-1,0,0,0,1,1,0,0,0,0
sim_0005_n3_seed47,47,0.001,3,997.0,2,body_2,8.648712297334397,4.926411902220734,0.001549204906706691,0.008739362463999792,27.96761442507431,180.92755708951617,0,1.161575162973075,7.59741263352406,-70.90203668889626,-7.219906800917069e-06,182.1678706150632,1.5399108038700144e-13,1.161575162973075,0-2,14,142.79999999999995,142800,,,,,0,27.96761442507431,190.32988987916306,1.161575162973075,7.59741263352406,0.0009176331740553272,negative_baseline,20.0,1,1,1,1,0,0,1,1,0,0,-1,0,0,0,1,1,0,0,0,0
sim_0005_n3_seed47,47,0.001,3,997.3000000000001,2,body_2,8.648712297334397,4.926411902220734,0.0016466062258944424,0.006789721707107794,18.065729969228002,96.31800012651301,0,1.4452666386957533,6.48415075774141,-70.901544378576,-2.7632805932010284e-07,182.16787061506741,1.770819414784667e-13,1.4452666386957533,0-2,14,143.10000000000002,143100,,,,,0,18.065729969228002,96.7134854535689,1.4452666386957533,6.48415075774141,0.0009753037812228922,negative_hard,10.0,1,1,1,1,0,1,1,1,0,0,-1,0,0,0,1,1,0,0,0,0
sim_0005_n3_seed47,47,0.001,3,998.0,2,body_2,8.648712297334397,4.926411902220734,0.0024037585142182923,0.0029830827590375383,4.760338807446564,6.481952882843899,0,2.8155287060130494,3.287135810401969,-70.90146622065267,8.26016686801833e-07,182.16787061506906,1.8613106271701389e-13,2.8155287060130494,0-2,14,143.79999999999995,143800,,,,,0,4.760338807446564,6.465884203910411,2.8155287060130494,3.287135810401969,0.001423785952243226,negative_baseline,20.0,0,0,0,0,0,0,0,0,0,0,-1,0,0,0,1,1,0,0,0,0
sim_0005_n3_seed47,47,0.001,3,999.0,2,body_2,8.648712297334397,4.926411902220734,0.002373630689745898,0.003078297334442821,4.949460833197173,7.2089048648619585,0,2.761204208748297,3.384302385930722,-70.90146571646102,8.331278405911702e-07,182.16787061507077,1.9549222261895927e-13,2.761204208748297,0-2,14,144.79999999999995,144800,,,,,0,4.949460833197173,7.172253667383507,2.761204208748297,3.384302385930722,0.0014059571150644246,negative_baseline,20.0,0,0,0,0,0,0,0,0,0,0,-1,0,0,0,1,1,0,0,0,0
sim_0005_n3_seed47,47,0.001,3,999.2,2,body_2,8.648712297334397,4.926411902220734,0.002188576926842425,0.0036146693386995858,6.219993165715184,12.616422049896867,0,2.4630973873088045,3.939510346750293,-70.90146215796989,8.833170451382136e-07,182.16787061507083,1.9580426128235744e-13,2.4630973873088045,0-2,14,145.0,145000,,,,,0,6.219993165715184,12.523207022955344,2.4630973873088045,3.939510346750293,0.001296349697122471,negative_hard,10.0,0,0,0,0,1,0,0,0,0,0,-1,0,0,0,1,1,0,0,0,0
sim_0005_n3_seed47,47,0.001,3,999.7,2,body_2,8.648712297334397,4.926411902220734,0.0016277249849471075,0.00749913076712547,21.075281591831253,122.4707637132333,0,1.338099242124654,6.869129963099484,-70.90163847434735,-1.603461313910698e-06,182.1678706150702,1.9237183598497748e-13,1.338099242124654,0-2,14,145.5,145500,,,,,0,21.075281591831253,123.6831396941817,1.338099242124654,6.869129963099484,0.0009641482073865772,negative_hard,10.0,1,1,1,1,1,0,1,1,0,0,-1,0,0,0,1,1,0,0,0,0
sim_0005_n3_seed47,47,0.001,3,1000.0,2,body_2,8.648712297334397,4.926411902220734,0.0016046242675537353,0.0083321559181267,24.77849569068699,175.17311334313567,0,1.234064708016757,7.282133071340334,-70.90181739157464,-4.12692223843499e-06,182.16787061506705,1.7505369016637854e-13,1.234064708016757,0-2,14,145.79999999999995,145800,,,,,0,24.77849569068699,159.856562833452,1.234064708016757,7.282133071340334,0.0009504412969720629,negative_baseline,20.0,1,1,1,1,0,0,1,1,0,0,-1,0,0,0,1,1,0,0,0,0
