simulation_id,seed,timestep,body_count,time,body_id,body_name,mass,mass_ratio,position_error,velocity_error,acceleration,jerk,nearest_neighbor_id,nearest_neighbor_distance,relative_velocity,total_energy,energy_drift,angular_momentum,angular_momentum_drift,system_min_distance,system_min_distance_pair,correction_id,time_since_last_correction,steps_since_last_correction,error_at_trigger,correction_interval,body_position_error_at_trigger,body_velocity_error_at_trigger,body_triggered_correction,pre_correction_acceleration,pre_correction_jerk,pre_correction_nearest_neighbor_distance,pre_correction_relative_velocity,system_position_error_pre_check,sample_role,sampling_weight,strong_acceleration,high_jerk,acceleration_spike,close_encounter,rapid_approach,rapid_separation,high_relative_velocity_encounter,near_collision,ejection_escape,temporary_capture,temporary_capture_partner_id,strong_mass_ratio_interaction,closest_pair_switch,involved_in_closest_pair_switch,hierarchical_configuration,involved_in_hierarchical_tight_pair,near_symmetric_configuration,chaotic_scattering,stable,quiescent_regime
sim_0039_n3_seed81,81,0.001,3,1.0,0,body_0,23.12038132751752,16.22432647230617,2.3986583095634445e-08,2.6492432109485902e-08,0.1836969168703441,0.15027374614090974,2,3.042950865920208,2.9182742480809285,-10.630619244735946,1.1103259902164583e-08,27.38460071763373,1.5568079514905524e-15,3.042950865920208,0-2,0,1.0,1000,,,,,0,0.1836969168703441,0.15036191328305995,3.042950865920208,2.9182742480809285,2.1772784532983801e-07,negative_baseline,20.0,0,0,0,0,0,0,0,0,0,0,-1,0,0,0,0,0,0,0,1,1
sim_0039_n3_seed81,81,0.001,3,1.05,0,body_0,23.12038132751752,16.22432647230617,2.498199399169337e-08,2.8523619139291152e-08,0.18425084345415463,0.1485912248012221,2,3.051981105862651,2.9113779520495444,-10.630619237124598,1.1819243396312877e-08,27.384600717633734,1.6865419474480983e-15,3.051981105862651,0-2,0,1.05,1050,,,,,0,0.18425084345415463,0.14867735222388212,3.051981105862651,2.9113779520495444,2.2662858120359482e-07,negative_hard,10.0,0,0,0,0,0,0,0,0,0,0,-1,0,0,0,0,0,0,0,1,1
sim_0039_n3_seed81,81,0.001,3,1.55,0,body_0,23.12038132751752,16.22432647230617,3.8225837051818477e-08,5.135232919932109e-08,0.18522233665171925,0.13053961591367222,2,3.1579539399477796,2.8388154120590374,-10.630619184893835,1.6732481461913825e-08,27.384600717633706,6.486699797877301e-16,3.1579539399477796,0-2,0,1.55,1550,,,,,0,0.18522233665171925,0.1306118590127807,3.1579539399477796,2.8388154120590374,3.458544345518804e-07,negative_hard,10.0,0,0,0,0,0,0,0,0,0,0,-1,0,0,0,0,0,0,0,1,1
sim_0039_n3_seed81,81,0.001,3,2.0,0,body_0,23.12038132751752,16.22432647230617,6.015964315060497e-08,7.366485106545836e-08,0.17951230281200883,0.11238778105560113,2,3.277880557102177,2.755312747723958,-10.630619179740824,1.7217214315845523e-08,27.38460071763368,-2.5946799191509205e-16,3.277880557102177,0-2,0,2.0,2000,,,,,0,0.17951230281200883,0.11245125080815091,3.277880557102177,2.755312747723958,5.465351879130678e-07,negative_baseline,20.0,0,0,0,0,0,0,0,0,0,0,-1,0,0,0,0,0,0,0,1,1
sim_0039_n3_seed81,81,0.001,3,3.0,0,body_0,23.12038132751752,16.22432647230617,1.427521921429392e-07,1.2112748613336723e-07,0.15467942573996238,0.07314489143199043,2,3.5733608541132424,2.4674675174799408,-10.630618971630643,3.679370129466912e-08,27.38460071763368,-2.5946799191509205e-16,3.5733608541132424,0-2,0,3.0,3000,,,,,0,0.15467942573996238,0.07315121755973963,3.5733608541132424,2.4674675174799408,1.3411519945727007e-06,negative_baseline,20.0,0,0,0,0,0,0,0,0,0,0,-1,0,0,0,0,0,0,0,1,1
sim_0039_n3_seed81,81,0.001,3,4.0,0,body_0,23.12038132751752,16.22432647230617,2.487456504490799e-07,1.7018889595140208e-07,0.1321987251984611,0.06791467018382828,2,3.6582929932537374,2.3824816539359714,-10.630618959776973,3.790875109948463e-08,27.384600717633706,6.486699797877301e-16,3.6582929932537374,0-2,0,4.0,4000,,,,,0,0.1321987251984611,0.06789232767509706,3.6582929932537374,2.3824816539359714,2.368118140299767e-06,negative_baseline,20.0,0,0,0,0,0,0,0,0,0,0,-1,0,0,0,0,0,0,0,1,1
sim_0039_n3_seed81,81,0.001,3,5.0,0,body_0,23.12038132751752,16.22432647230617,3.498109934820154e-07,2.2683334689154817e-07,0.11661981668399463,0.1112671341335303,2,3.444813424585867,2.5800632976665403,-10.630619061000504,2.8386866490852312e-08,27.384600717633806,4.281221866599019e-15,3.444813424585867,0-2,0,5.0,5000,,,,,0,0.11661981668399463,0.11122212477729163,3.444813424585867,2.5800632976665403,3.281013563151295e-06,negative_baseline,20.0,0,0,0,0,0,0,0,0,0,0,-1,0,0,0,0,0,0,0,1,1
sim_0039_n3_seed81,81,0.001,3,6.0,0,body_0,23.12038132751752,16.22432647230617,4.0015537337571295e-07,2.951925517452468e-07,0.16149907899525853,0.19133349708601452,2,3.076263959123152,2.9061425271005077,-10.630619345996411,1.5779009887768772e-09,27.384600717633845,5.708295822132025e-15,3.076263959123152,0-2,0,6.0,6000,,,,,0,0.16149907899525853,0.19138009711413767,3.076263959123152,2.9061425271005077,3.7109990641078312e-06,negative_baseline,20.0,0,0,0,0,0,0,0,0,0,0,-1,0,0,0,0,0,0,0,1,1
sim_0039_n3_seed81,81,0.001,3,7.0,0,body_0,23.12038132751752,16.22432647230617,3.609709447914442e-07,3.666999691201439e-07,0.2755545361253378,0.15868521790811901,2,2.803493662336185,3.1623621539403985,-10.630619888274722,-4.943307895875916e-08,27.384600717633827,5.059625842344295e-15,2.803493662336185,0-2,0,7.0,7000,,,,,0,0.2755545361253378,0.15894853876733006,2.803493662336185,3.1623621539403985,3.3665895712479313e-06,negative_baseline,20.0,0,0,0,1,0,0,0,0,0,0,-1,1,0,0,0,0,0,0,0,0
sim_0039_n3_seed81,81,0.001,3,7.2,0,body_0,23.12038132751752,16.22432647230617,3.474314309013927e-07,3.782428330925749e-07,0.28609697716296795,0.12904616662248894,2,2.781862706539074,3.1849470519997007,-10.630620003569746,-6.02786392569758e-08,27.384600717633813,4.540689858514111e-15,2.781862706539074,0-2,0,7.2,7200,,,,,0,0.28609697716296795,0.1292849029909825,2.781862706539074,3.1849470519997007,3.2271252203396035e-06,negative_hard,10.0,0,0,0,1,0,0,0,0,0,0,-1,1,0,0,0,0,0,0,0,0
sim_0039_n3_seed81,81,0.001,3,7.7,0,body_0,23.12038132751752,16.22432647230617,3.2740190290705693e-07,3.907270725318744e-07,0.2663164696740266,0.13472410511964092,2,2.7917051492569542,3.1871045566013807,-10.630620048635073,-6.451783980887895e-08,27.38460071763384,5.578561826174479e-15,2.7917051492569542,0-2,0,7.7,7700,,,,,0,0.2663164696740266,0.13471135151807082,2.7917051492569542,3.1871045566013807,2.907286288911433e-06,negative_hard,10.0,0,0,0,1,0,0,0,0,0,0,-1,1,0,0,0,0,0,0,0,0
sim_0039_n3_seed81,81,0.001,3,8.0,0,body_0,23.12038132751752,16.22432647230617,3.331051992199908e-07,3.7752010827770285e-07,0.22076801287309208,0.19906805492065044,2,2.8452278778653763,3.159919200556823,-10.630620037010829,-6.342437156575458e-08,27.38460071763385,5.9677638140471174e-15,2.8452278778653763,0-2,0,8.0,8000,,,,,0,0.22076801287309208,0.19913810243546612,2.8452278778653763,3.159919200556823,2.8002883535229638e-06,negative_baseline,20.0,0,0,0,0,0,0,0,0,0,0,-1,0,0,0,0,0,0,0,1,0
sim_0039_n3_seed81,81,0.001,3,9.0,0,body_0,23.12038132751752,16.22432647230617,3.948234889675476e-07,2.2126854552784146e-07,0.06857126626025908,0.1809057819659337,2,3.299252809497579,2.8616940971995635,-10.630619494456717,-1.2387447625099494e-08,27.38460071763387,6.616433793834847e-15,3.299252809497579,0-2,0,9.0,9000,,,,,0,0.06857126626025908,0.18103020258400426,3.299252809497579,2.8616940971995635,3.104657696185598e-06,negative_baseline,20.0,0,0,0,0,0,0,0,0,0,0,-1,0,0,0,0,0,0,0,1,0
sim_0039_n3_seed81,81,0.001,3,10.0,0,body_0,23.12038132751752,16.22432647230617,3.650920140664725e-07,2.0280806034682638e-07,0.11969925176115437,0.04305586991641661,2,3.953262734193666,2.3882934675861476,-10.63061900072279,3.405706419338369e-08,27.384600717633823,4.929891846386749e-15,3.953262734193666,0-2,0,10.0,10000,,,,,0,0.11969925176115437,0.043056693787097436,3.953262734193666,2.3882934675861476,4.053161968634997e-06,negative_baseline,20.0,0,0,0,0,0,0,0,0,0,0,-1,0,0,0,0,0,0,0,1,0
sim_0039_n3_seed81,81,0.001,3,11.0,0,body_0,23.12038132751752,16.22432647230617,2.7281258106572606e-07,2.841418881417775e-07,0.12005089309017265,0.02071565479006145,2,4.423422243539471,2.0682328068787728,-10.630618904312215,4.312620421552098e-08,27.384600717633884,7.13536977766503e-15,4.423422243539471,0-2,0,11.0,11000,,,,,0,0.12005089309017265,0.02072095759049828,4.423422243539471,2.0682328068787728,5.1480452577326156e-06,negative_baseline,20.0,0,0,0,0,0,0,0,0,0,0,-1,0,0,0,0,0,0,0,1,0
sim_0039_n3_seed81,81,0.001,3,12.0,0,body_0,23.12038132751752,16.22432647230617,3.2561983299583096e-07,3.4462109033432947e-07,0.10792531311115157,0.02006231202915993,2,4.555222908329691,1.9878158842999165,-10.63061889140235,4.434060807444304e-08,27.38460071763389,7.394837769580123e-15,4.555222908329691,0-2,0,12.0,12000,,,,,0,0.10792531311115157,0.020060065138453452,4.555222908329691,1.9878158842999165,6.177430053441486e-06,negative_baseline,20.0,0,0,0,0,0,0,0,0,0,0,-1,0,0,0,0,0,0,0,1,0
sim_0039_n3_seed81,81,0.001,3,13.0,0,body_0,23.12038132751752,16.22432647230617,5.605161181357238e-07,3.924923826147768e-07,0.09501104428831937,0.029799057626985564,2,4.336624030107975,2.135879385040541,-10.630618894501017,4.4049122895346375e-08,27.38460071763391,8.043507749367853e-15,4.336624030107975,0-2,0,13.0,13000,,,,,0,0.09501104428831937,0.02978365325351246,4.336624030107975,2.135879385040541,7.074755241620711e-06,negative_baseline,20.0,0,0,0,0,0,0,0,0,0,0,-1,0,0,0,0,0,0,0,1,0
sim_0039_n3_seed81,81,0.001,3,14.0,0,body_0,23.12038132751752,16.22432647230617,8.389959093708485e-07,4.598296904905019e-07,0.08042137610063635,0.06284335714336267,2,3.8215822829683948,2.487811850738421,-10.630618945309898,3.926963837760743e-08,27.38460071763394,9.211113712985768e-15,3.8215822829683948,0-2,0,14.0,14000,,,,,0,0.08042137610063635,0.0628057748877555,3.8215822829683948,2.487811850738421,7.844845220542839e-06,negative_baseline,20.0,0,0,0,0,0,0,0,0,0,0,-1,0,0,0,0,0,0,0,1,0
sim_0039_n3_seed81,81,0.001,3,15.0,0,body_0,23.12038132751752,16.22432647230617,1.0564538611582183e-06,6.411016433600835e-07,0.08725352566087227,0.14190194251253602,2,3.1772920886394167,2.970229054373361,-10.630619199275888,1.5379592002591873e-08,27.38460071763384,5.578561826174479e-15,3.1772920886394167,0-2,0,15.0,15000,,,,,0,0.08725352566087227,0.14190853593756367,3.1772920886394167,2.970229054373361,8.434807456289956e-06,negative_baseline,20.0,0,0,0,0,0,0,0,0,0,0,-1,0,0,0,0,0,0,0,1,0
sim_0039_n3_seed81,81,0.001,3,16.0,0,body_0,23.12038132751752,16.22432647230617,1.0840429769847367e-06,9.183977223538641e-07,0.16977558212891108,0.21610801504894983,2,2.8066926913830903,3.2733069634068537,-10.630619634824921,-2.5591589301243565e-08,27.38460071763389,7.394837769580123e-15,2.8066926913830903,0-2,0,16.0,16000,,,,,0,0.16977558212891108,0.21639270809668582,2.8066926913830903,3.2733069634068537,8.606768033570178e-06,negative_baseline,20.0,0,0,0,1,0,0,0,0,0,0,-1,1,0,0,0,0,0,0,0,0
sim_0039_n3_seed81,81,0.001,3,16.2,0,body_0,23.12038132751752,16.22432647230617,1.0637035188958503e-06,9.458349827354998e-07,0.18506457784931282,0.21470820119170259,2,2.8068751750113985,3.2680725232672576,-10.63061962082842,-2.4274967827201444e-08,27.384600717633912,8.1732417453254e-15,2.8068751750113985,0-2,0,16.2,16200,,,,,0,0.18506457784931282,0.21500151757226174,2.8068751750113985,3.2680725232672576,8.587518992056314e-06,negative_hard,10.0,0,0,0,1,0,0,0,0,0,0,-1,1,0,0,0,0,0,0,0,0
sim_0039_n3_seed81,81,0.001,3,16.85,0,body_0,23.12038132751752,16.22432647230617,9.824805067561899e-07,9.232466310323943e-07,0.20712414951260105,0.1745886447392453,2,2.9769927072620224,3.113287313045028,-10.630619329727418,3.1082909602826922e-09,27.384600717633898,7.654305761495215e-15,2.9769927072620224,0-2,0,16.85,16850,,,,,0,0.20712414951260105,0.17476201256949578,2.9769927072620224,3.113287313045028,8.579371010475965e-06,negative_hard,10.0,0,0,0,0,0,0,0,0,0,0,-1,0,0,0,0,0,0,0,1,0
sim_0039_n3_seed81,81,0.001,3,17.0,0,body_0,23.12038132751752,16.22432647230617,9.66852207067824e-07,8.998197440237667e-07,0.20673857466041598,0.1617845793029953,2,3.0447668330181017,3.0615822142950733,-10.63061925699288,9.950275976405719e-09,27.384600717633916,8.302975741282946e-15,3.0447668330181017,0-2,0,17.0,17000,,,,,0,0.20673857466041598,0.16192666140513892,3.0447668330181017,3.0615822142950733,8.614622723222908e-06,negative_baseline,20.0,0,0,0,0,0,0,0,0,0,0,-1,0,0,0,0,0,0,0,1,0
sim_0039_n3_seed81,81,0.001,3,17.35,0,body_0,23.12038132751752,16.22432647230617,9.408054393868886e-07,8.31537118710046e-07,0.2007006779219524,0.13280035722720224,2,3.2311103804474013,2.939170502102089,-10.630619162184535,1.8868697476705416e-08,27.384600717633916,8.302975741282946e-15,3.2311103804474013,0-2,0,17.35,17350,,,,,0,0.2007006779219524,0.13289029128627242,3.2311103804474013,2.939170502102089,8.761725238205707e-06,negative_hard,10.0,0,0,0,0,0,0,0,0,0,0,-1,0,0,0,0,0,0,0,1,0
sim_0039_n3_seed81,81,0.001,3,18.0,0,body_0,23.12038132751752,16.22432647230617,9.275098191948255e-07,6.860432704844028e-07,0.1800657392676358,0.09073728496372292,2,3.65811902875239,2.6813074964971673,-10.630619121265113,2.271790147138079e-08,27.38460071763394,9.211113712985768e-15,2.9288627480326417,1-2,0,18.0,18000,,,,,0,0.1800657392676358,0.09076908521242844,3.65811902875239,2.6813074964971673,9.001349807875534e-06,negative_baseline,20.0,0,0,0,0,0,0,0,0,0,0,-1,0,0,0,0,0,0,0,1,0
sim_0039_n3_seed81,81,0.001,3,19.0,0,body_0,23.12038132751752,16.22432647230617,9.406255453993949e-07,5.23844662689647e-07,0.15873489827053186,0.08109306275261637,2,4.300979368626187,2.2192113591268123,-10.630618889543335,4.451548163659518e-08,27.384600717633926,8.692177729155584e-15,4.300979368626187,0-2,0,19.0,19000,,,,,0,0.15873489827053186,0.08105594582190859,4.300979368626187,2.2192113591268123,8.941718759626817e-06,negative_baseline,20.0,0,0,0,0,0,0,0,0,0,0,-1,0,0,0,0,0,1,0,1,0
sim_0039_n3_seed81,81,0.001,3,20.0,0,body_0,23.12038132751752,16.22432647230617,9.290355827827473e-07,4.920691331973914e-07,0.16988686698970656,0.13791395305654958,1,4.094707814552897,2.833946857613957,-10.630619077527545,2.6832202505148443e-08,27.384600717633816,4.670423854471657e-15,4.094707814552897,0-1,0,20.0,20000,,,,,0,0.16988686698970656,0.13788957704074462,4.094707814552897,2.833946857613957,9.076870041041876e-06,negative_baseline,20.0,0,0,0,0,0,0,0,0,0,0,-1,0,0,0,0,0,0,1,0,0
sim_0039_n3_seed81,81,0.001,3,21.0,0,body_0,23.12038132751752,16.22432647230617,9.147616053004932e-07,5.72978532106076e-07,0.2097692468232793,0.20591527596729206,1,3.5461873811657414,3.1700082121580597,-10.630619532439155,-1.596037571438134e-08,27.38460071763384,5.578561826174479e-15,3.5461873811657414,0-1,0,21.0,21000,,,,,0,0.2097692468232793,0.20608441475848377,3.5461873811657414,3.1700082121580597,9.526465517782062e-06,negative_baseline,20.0,0,0,0,0,0,0,0,0,0,0,-1,0,0,0,0,0,0,1,0,0
sim_0039_n3_seed81,81,0.001,3,22.0,0,body_0,23.12038132751752,16.22432647230617,1.0924951818473613e-06,6.611008487638928e-07,0.22637529920500582,0.15850421970630213,1,3.6844359888249807,3.0801101211770625,-10.630619336054194,2.513144494023009e-09,27.384600717633813,4.540689858514111e-15,3.6844359888249807,0-1,0,22.0,22000,,,,,0,0.22637529920500582,0.15864341377368762,3.6844359888249807,3.0801101211770625,1.0672271255688705e-05,negative_baseline,20.0,0,0,0,0,0,0,0,0,0,0,-1,0,0,0,0,0,1,1,0,0
sim_0039_n3_seed81,81,0.001,3,23.0,0,body_0,23.12038132751752,16.22432647230617,1.3780149123586584e-06,9.475174596933678e-07,0.2349233853473966,0.06634068712396919,2,3.3982969251944724,2.8116595345554147,-10.630619120816672,2.2760085399598282e-08,27.38460071763384,5.578561826174479e-15,3.1957507475669544,1-2,0,23.0,23000,,,,,0,0.2349233853473966,0.06614143342290844,3.3982969251944724,2.8116595345554147,1.3592483473143178e-05,negative_baseline,20.0,0,0,0,0,0,0,0,0,0,0,-1,0,0,0,0,0,1,1,0,0
sim_0039_n3_seed81,81,0.001,3,23.7,0,body_0,23.12038132751752,16.22432647230617,1.5140219372688016e-06,1.5659324537847085e-06,0.2811290023711216,0.2806367345393316,2,2.6453527537012493,3.5109748396609834,-10.630619620271702,-2.4222598598288493e-08,27.384600717633848,5.838029818089571e-15,2.6453527537012493,0-2,0,23.7,23700,,,,,0,0.2811290023711216,0.28059001442724557,2.6453527537012493,3.5109748396609834,1.626821241259289e-05,negative_hard,10.0,0,0,0,1,0,0,0,0,0,0,-1,1,0,0,0,0,0,1,0,0
sim_0039_n3_seed81,81,0.001,3,24.0,0,body_0,23.12038132751752,16.22432647230617,1.5219792769993733e-06,1.848921381125235e-06,0.30440779490171627,0.4147800854770724,2,2.4023520730779477,3.7703096675213277,-10.630620426588598,-1.000711327619763e-07,27.384600717633827,5.059625842344295e-15,2.4023520730779477,0-2,0,24.0,24000,,,,,0,0.30440779490171627,0.41556408497401603,2.4023520730779477,3.7703096675213277,1.6689095848845502e-05,negative_baseline,20.0,0,0,0,1,0,0,0,0,0,0,-1,1,0,0,0,0,0,1,0,0
sim_0039_n3_seed81,81,0.001,3,24.2,0,body_0,23.12038132751752,16.22432647230617,1.4942650067115116e-06,1.9288525591515632e-06,0.3103065748410795,0.48140970301706215,2,2.3087436906924217,3.8786128186590907,-10.630620966380144,-1.5084818799758545e-07,27.38460071763383,5.189359838301841e-15,2.3087436906924217,0-2,0,24.2,24200,,,,,0,0.3103065748410795,0.4829361030710447,2.3087436906924217,3.8786128186590907,1.641619301887525e-05,negative_hard,10.0,0,0,0,1,0,0,0,0,0,0,-1,1,0,0,0,0,0,1,0,0
sim_0039_n3_seed81,81,0.001,3,24.7,0,body_0,23.12038132751752,16.22432647230617,1.2965563086831953e-06,1.4986426349980873e-06,0.2652977950017429,0.44013138957617576,2,2.395649764265108,3.777763662804464,-10.63062046308991,-1.0350473441296247e-07,27.384600717633855,6.0974978100046635e-15,2.395649764265108,0-2,0,24.7,24700,,,,,0,0.2652977950017429,0.4414323459926401,2.395649764265108,3.777763662804464,1.3633835386767382e-05,negative_hard,10.0,0,0,0,1,0,0,0,0,0,0,-1,1,0,0,0,0,0,1,0,0
sim_0039_n3_seed81,81,0.001,3,25.0,0,body_0,23.12038132751752,16.22432647230617,1.1384080043245788e-06,1.0505331979642127e-06,0.21963072086466778,0.32176863952665397,2,2.6364056501597593,3.520396728940464,-10.630619608074078,-2.307519374559489e-08,27.384600717633823,4.929891846386749e-15,2.6364056501597593,0-2,0,25.0,25000,,,,,0,0.21963072086466778,0.3222523945307149,2.6364056501597593,3.520396728940464,1.1342003810646749e-05,negative_baseline,20.0,0,0,0,1,0,0,0,0,0,0,-1,1,0,0,0,0,0,1,0,0
sim_0039_n3_seed81,81,0.001,3,26.0,0,body_0,23.12038132751752,16.22432647230617,8.859015445685366e-07,4.607284391523292e-07,0.13467515054947546,0.0832309764545299,2,3.7309467344376572,2.6198692798793073,-10.630618856270187,4.764541665327749e-08,27.384600717633813,4.540689858514111e-15,3.7309467344376572,0-2,0,26.0,26000,,,,,0,0.13467515054947546,0.08322715413165144,3.7309467344376572,2.6198692798793073,6.967791650488922e-06,negative_baseline,20.0,0,0,0,0,0,0,0,0,0,0,-1,0,0,0,0,0,0,1,0,0
sim_0039_n3_seed81,81,0.001,3,27.0,0,body_0,23.12038132751752,16.22432647230617,1.1952043468644305e-06,5.399949941206799e-07,0.10875439751516171,0.028798867434512734,2,4.629069839634253,2.0570544382052587,-10.63061884818671,4.8405812329486734e-08,27.38460071763383,5.189359838301841e-15,4.629069839634253,0-2,0,27.0,27000,,,,,0,0.10875439751516171,0.028798418217327107,4.629069839634253,2.0570544382052587,8.07283899158541e-06,negative_baseline,20.0,0,0,0,0,0,0,0,0,0,0,-1,0,0,0,0,0,1,1,0,0
sim_0039_n3_seed81,81,0.001,3,28.0,0,body_0,23.12038132751752,16.22432647230617,1.7204907863204888e-06,6.003407565885026e-07,0.09942628262613103,0.015524086531823677,2,5.145341773020287,1.75747792282611,-10.630618858316712,4.7452904377404963e-08,27.384600717633752,2.3352119272358286e-15,5.145341773020287,0-2,0,28.0,28000,,,,,0,0.09942628262613103,0.015522482973365765,5.145341773020287,1.75747792282611,1.0932821345763607e-05,negative_baseline,20.0,0,0,0,0,0,0,0,0,0,0,-1,0,0,0,0,0,1,1,0,0
sim_0039_n3_seed81,81,0.001,3,29.0,0,body_0,23.12038132751752,16.22432647230617,2.266627559377584e-06,6.93121950009061e-07,0.09816528218682208,0.015876381497781773,2,5.26112347665736,1.6805118508845278,-10.630618856172598,4.765459669149659e-08,27.384600717633738,1.8162759434056442e-15,5.26112347665736,0-2,0,29.0,29000,,,,,0,0.09816528218682208,0.015871257982635462,5.26112347665736,1.6805118508845278,1.4342098318905442e-05,negative_baseline,20.0,0,0,0,0,0,0,0,0,0,0,-1,0,0,0,0,0,1,1,0,0
sim_0039_n3_seed81,81,0.001,3,30.0,0,body_0,23.12038132751752,16.22432647230617,2.7861643746551857e-06,9.479136633749928e-07,0.10256851500129861,0.024323537114262276,2,4.970336460265711,1.8477967157041013,-10.630618848647105,4.836250399781122e-08,27.3846007176338,4.021753874683927e-15,4.970336460265711,0-2,0,30.0,30000,,,,,0,0.10256851500129861,0.02431284525893088,4.970336460265711,1.8477967157041013,1.8234278856147383e-05,negative_baseline,20.0,0,0,0,0,0,0,0,0,0,0,-1,0,0,0,0,0,1,1,0,0
sim_0039_n3_seed81,81,0.001,3,31.0,0,body_0,23.12038132751752,16.22432647230617,3.3338393443102984e-06,1.5347434213664594e-06,0.10929954197574038,0.04794026903045675,2,4.28180295424593,2.278697132345708,-10.63061885400552,4.785844908338607e-08,27.384600717633813,4.540689858514111e-15,4.28180295424593,0-2,0,31.0,31000,,,,,0,0.10929954197574038,0.047903428042186114,4.28180295424593,2.278697132345708,2.2606529229744857e-05,negative_baseline,20.0,0,0,0,0,0,0,0,0,0,0,-1,0,0,0,0,0,0,1,0,0
sim_0039_n3_seed81,81,0.001,3,32.0,0,body_0,23.12038132751752,16.22432647230617,4.216395926232676e-06,2.706590962262673e-06,0.10862881649708518,0.14937104511583485,2,3.2993706155980895,2.9804351492392915,-10.630619069174166,2.7617987241517296e-08,27.38460071763383,5.189359838301841e-15,3.2993706155980895,0-2,0,32.0,32000,,,,,0,0.10862881649708518,0.1492459961652113,3.2993706155980895,2.9804351492392915,2.7418253990190615e-05,negative_baseline,20.0,0,0,0,0,0,0,0,0,0,0,-1,0,0,0,0,0,0,1,0,0
sim_0039_n3_seed81,81,0.001,3,32.55,0,body_0,23.12038132751752,16.22432647230617,5.113832534097065e-06,3.6107411346125263e-06,0.1337011807068051,0.27656900473178636,2,2.794799768996155,3.413374073516116,-10.63061969653739,-3.1396751511937174e-08,27.384600717633827,5.059625842344295e-15,2.794799768996155,0-2,0,32.55,32550,,,,,0,0.1337011807068051,0.2767652850203814,2.794799768996155,3.413374073516116,3.012909114671876e-05,negative_hard,10.0,0,0,0,1,0,0,0,0,0,0,-1,1,0,0,0,0,0,1,0,0
sim_0039_n3_seed81,81,0.001,3,33.0,0,body_0,23.12038132751752,16.22432647230617,6.115554908054696e-06,4.161940475123002e-06,0.20953470415844902,0.32153261864290594,2,2.566554078546765,3.630733601315698,-10.630620427938272,-1.0019809377000056e-07,27.384600717633813,4.540689858514111e-15,2.566554078546765,0-2,0,33.0,33000,,,,,0,0.20953470415844902,0.3223831676086683,2.566554078546765,3.630733601315698,3.220203709461684e-05,negative_baseline,20.0,0,0,0,1,0,0,0,0,0,0,-1,1,0,0,0,0,0,1,0,0
sim_0039_n3_seed81,81,0.001,3,33.05,0,body_0,23.12038132751752,16.22432647230617,6.23186127030544e-06,4.194454902737345e-06,0.21916961888978395,0.31573191545284446,2,2.5571771247565196,3.6393031936402562,-10.630620475848055,-1.0470486625171029e-07,27.384600717633816,4.670423854471657e-15,2.5571771247565196,0-2,0,33.05,33050,,,,,0,0.21916961888978395,0.31661852677911856,2.5571771247565196,3.6393031936402562,3.2416345050856e-05,negative_hard,10.0,0,0,0,1,0,0,0,0,0,0,-1,1,0,0,0,0,0,1,0,0
sim_0039_n3_seed81,81,0.001,3,33.55,0,body_0,23.12038132751752,16.22432647230617,7.213972942086078e-06,4.313745945298689e-06,0.28611752995976847,0.1443757303979311,2,2.652219742793504,3.532201338692898,-10.630620368613545,-9.461754155190504e-08,27.384600717633738,1.8162759434056442e-15,2.652219742793504,0-2,0,33.55,33550,,,,,0,0.28611752995976847,0.1450220806682353,2.652219742793504,3.532201338692898,3.433475824868203e-05,negative_hard,10.0,0,0,0,1,0,0,0,0,0,0,-1,1,0,0,0,0,0,1,0,0
sim_0039_n3_seed81,81,0.001,3,34.0,0,body_0,23.12038132751752,16.22432647230617,7.518806656599567e-06,4.704874638384356e-06,0.2832734068598114,0.13124773938368184,2,2.9612666504427363,3.246417911953228,-10.630620039723716,-6.367956720390994e-08,27.384600717633727,1.4270739555330063e-15,2.9612666504427363,0-2,0,34.0,34000,,,,,0,0.2832734068598114,0.13143921953477436,2.9612666504427363,3.246417911953228,3.566655464343698e-05,negative_baseline,20.0,0,0,0,0,0,0,0,0,0,0,-1,0,0,0,0,0,0,1,0,0
sim_0039_n3_seed81,81,0.001,3,35.0,0,body_0,23.12038132751752,16.22432647230617,6.1701819137254504e-06,6.070168274102965e-06,0.19641326709480111,0.29200862810739053,1,3.090934883085258,3.249730779652117,-10.630619924542032,-5.284466843611908e-08,27.384600717633692,1.2973399595754603e-16,3.090934883085258,0-1,0,35.0,35000,,,,,0,0.19641326709480111,0.2923904625505277,3.090934883085258,3.249730779652117,3.673209657034068e-05,negative_baseline,20.0,0,0,0,0,0,0,0,0,0,0,-1,0,0,0,0,0,0,1,0,0
sim_0039_n3_seed81,81,0.001,3,36.0,0,body_0,23.12038132751752,16.22432647230617,5.28737246096987e-06,5.500927736468818e-06,0.158632223036387,0.15118114710400699,1,3.5864627123580277,2.867741671556097,-10.630619161978062,1.888811996318762e-08,27.384600717633678,-3.892019878726381e-16,3.5864627123580277,0-1,0,36.0,36000,,,,,0,0.158632223036387,0.15127056181830856,3.5864627123580277,2.867741671556097,3.8319099986098946e-05,negative_baseline,20.0,0,0,0,0,0,0,0,0,0,0,-1,0,0,0,0,0,0,1,0,0
sim_0039_n3_seed81,81,0.001,3,37.0,0,body_0,23.12038132751752,16.22432647230617,7.135662861033253e-06,4.717921284714016e-06,0.13492175059485584,0.0715958459306881,1,4.298190129470116,2.392558544964943,-10.630618906021184,4.296544509998668e-08,27.384600717633724,1.2973399595754602e-15,4.298190129470116,0-1,0,37.0,37000,,,,,0,0.13492175059485584,0.071610227430556,4.298190129470116,2.392558544964943,4.50132763540589e-05,negative_baseline,20.0,0,0,0,0,0,0,0,0,0,0,-1,0,0,0,0,0,0,1,0,0
sim_0039_n3_seed81,81,0.001,3,38.0,0,body_0,23.12038132751752,16.22432647230617,9.876765076461389e-06,4.2127026284027635e-06,0.11753023630727878,0.042596067015891886,1,4.862389551040244,2.0654066085282015,-10.630618871863145,4.617861989348664e-08,27.384600717633703,5.189359838301841e-16,4.862389551040244,0-1,0,38.0,38000,,,,,0,0.11753023630727878,0.042598690241952716,4.862389551040244,2.0654066085282015,5.639786147379764e-05,negative_baseline,20.0,0,0,0,0,0,0,0,0,0,0,-1,0,0,0,0,0,0,1,0,0
sim_0039_n3_seed81,81,0.001,3,39.0,0,body_0,23.12038132751752,16.22432647230617,1.2423212689809424e-05,3.852472095194937e-06,0.10894786943397085,0.032326406544346244,1,5.16679631959113,1.9062054404240976,-10.630618871666634,4.6197105293538094e-08,27.384600717633713,9.081379717028221e-16,5.16679631959113,0-1,0,39.0,39000,,,,,0,0.10894786943397085,0.03232449293093611,5.16679631959113,1.9062054404240976,7.133875111512664e-05,negative_baseline,20.0,0,0,0,0,0,0,0,0,0,0,-1,0,0,0,0,0,1,1,0,0
sim_0039_n3_seed81,81,0.001,3,40.0,0,body_0,23.12038132751752,16.22432647230617,1.4276168186741032e-05,3.757547013411149e-06,0.10861920811296946,0.03269298124826206,1,5.190057888765625,1.9000850074071811,-10.630618874843941,4.5898222679297094e-08,27.384600717633703,5.189359838301841e-16,5.190057888765625,0-1,0,40.0,40000,,,,,0,0.10861920811296946,0.03268612704354305,5.190057888765625,1.9000850074071811,8.925015505562024e-05,negative_baseline,20.0,0,0,0,0,0,0,0,0,0,0,-1,0,0,0,0,0,0,1,0,0
sim_0039_n3_seed81,81,0.001,3,41.0,0,body_0,23.12038132751752,16.22432647230617,1.4980747013461938e-05,4.4106870181354195e-06,0.11743233659689462,0.043894805401920166,1,4.936190837315623,2.035231935534461,-10.63061887912674,4.549534887016141e-08,27.384600717633795,3.892019878726381e-15,4.936190837315623,0-1,0,41.0,41000,,,,,0,0.11743233659689462,0.04387875167887558,4.936190837315623,2.035231935534461,0.00010967906754728164,negative_baseline,20.0,0,0,0,0,0,0,0,0,0,0,-1,0,0,0,0,0,0,1,0,0
sim_0039_n3_seed81,81,0.001,3,42.0,0,body_0,23.12038132751752,16.22432647230617,1.401271586037937e-05,6.509984523538762e-06,0.14012136375538076,0.07450680969937043,1,4.4239012040623305,2.3164187319864595,-10.630618904951938,4.306602682420856e-08,27.384600717633827,5.059625842344295e-15,4.4239012040623305,0-1,0,42.0,42000,,,,,0,0.14012136375538076,0.07447006750930142,4.4239012040623305,2.3164187319864595,0.00013195040161327533,negative_baseline,20.0,0,0,0,0,0,0,0,0,0,0,-1,0,0,0,0,0,0,1,0,0
sim_0039_n3_seed81,81,0.001,3,43.0,0,body_0,23.12038132751752,16.22432647230617,1.129060196231094e-05,1.0577023420305782e-05,0.18914766290733137,0.15200012251962114,1,3.7217563680368118,2.752247987259063,-10.630619065679909,2.7946684677545037e-08,27.384600717633866,6.486699797877301e-15,3.7217563680368118,0-1,0,43.0,43000,,,,,0,0.18914766290733137,0.15194239951464575,3.7217563680368118,2.752247987259063,0.00015477224743812933,negative_baseline,20.0,0,0,0,0,0,0,0,0,0,0,-1,0,0,0,0,0,0,1,0,0
sim_0039_n3_seed81,81,0.001,3,44.0,0,body_0,23.12038132751752,16.22432647230617,1.1323060768531447e-05,1.5163356528259832e-05,0.2742965445082929,0.3010816694830589,1,3.0762636701134296,3.2376836607087345,-10.630619779019632,-3.91556824515766e-08,27.384600717633944,9.340847708943314e-15,3.0762636701134296,0-1,0,44.0,44000,,,,,0,0.2742965445082929,0.3013019784191897,3.0762636701134296,3.2376836607087345,0.000174122138200708,negative_baseline,20.0,0,0,0,0,0,0,0,0,0,0,-1,0,0,0,0,0,0,1,0,0
sim_0039_n3_seed81,81,0.001,3,44.550000000000004,0,body_0,23.12038132751752,16.22432647230617,1.492497076585774e-05,1.4955921611636361e-05,0.30881271784991793,0.3473020011175078,1,2.9379754562514244,3.357429936495912,-10.630620138336766,-7.295588938279149e-08,27.384600717633948,9.47058170490086e-15,2.9379754562514244,0-1,0,44.550000000000004,44550,,,,,0,0.30881271784991793,0.3477956243880149,2.9379754562514244,3.357429936495912,0.00018080777223527516,negative_hard,10.0,0,0,0,0,0,0,0,0,0,0,-1,0,0,0,0,0,0,1,0,0
sim_0039_n3_seed81,81,0.001,3,45.0,0,body_0,23.12038132751752,16.22432647230617,1.8082626790655884e-05,1.2432351399326675e-05,0.3074955034381215,0.31489058510627266,1,3.0069213768456944,3.297737413720206,-10.630619933982922,-5.3732753166996436e-08,27.384600717633948,9.47058170490086e-15,3.0069213768456944,0-1,0,45.0,45000,,,,,0,0.3074955034381215,0.3153235106183169,3.0069213768456944,3.297737413720206,0.0001849816906044106,negative_baseline,20.0,0,0,0,0,0,0,0,0,0,0,-1,0,0,0,0,0,0,1,0,0
sim_0039_n3_seed81,81,0.001,3,45.050000000000004,0,body_0,23.12038132751752,16.22432647230617,1.838221071127911e-05,1.2074707514549324e-05,0.3057713335918526,0.30767620636305343,1,3.024255488499363,3.282837982821182,-10.630619889902192,-4.958617161112603e-08,27.384600717633944,9.340847708943314e-15,3.024255488499363,0-1,0,45.050000000000004,45050,,,,,0,0.3057713335918526,0.3080881946473116,3.024255488499363,3.282837982821182,0.00018548619577950744,negative_hard,10.0,0,0,0,0,0,0,0,0,0,0,-1,0,0,0,0,0,0,1,0,0
sim_0039_n3_seed81,81,0.001,3,46.0,0,body_0,23.12038132751752,16.22432647230617,2.1209860686962523e-05,7.433287980475405e-06,0.2550619051617962,0.13011688669007054,1,3.5801093109652076,2.821862861570156,-10.630619286556374,7.169300216245776e-09,27.384600717633987,1.0897655660433866e-14,3.109011484671386,1-2,0,46.0,46000,,,,,0,0.2550619051617962,0.1301572355347654,3.5801093109652076,2.821862861570156,0.0002049876072384651,negative_baseline,20.0,0,0,0,0,0,0,0,0,0,0,-1,0,0,0,0,0,1,1,0,0
sim_0039_n3_seed81,81,0.001,3,47.0,0,body_0,23.12038132751752,16.22432647230617,1.8111365311558063e-05,1.1153345892471234e-05,0.22273730104969897,0.14259631294626451,2,3.4462125119703524,3.3777155218014605,-10.630619379112527,-1.5372623842597427e-09,27.384600717634004,1.1546325640221597e-14,3.4462125119703524,0-2,0,47.0,47000,,,,,0,0.22273730104969897,0.14257971801044522,3.4462125119703524,3.3777155218014605,0.00023634834129081394,negative_baseline,20.0,0,0,0,0,0,0,0,0,0,0,-1,0,0,0,0,0,1,1,0,0
sim_0039_n3_seed81,81,0.001,3,48.0,0,body_0,23.12038132751752,16.22432647230617,1.0022777921084566e-05,8.033755875788323e-06,0.17865461734228347,0.17570973129201692,2,3.490026496533656,3.350610754789698,-10.630619324135772,3.6342853606384137e-09,27.38460071763402,1.2065261624051781e-14,3.490026496533656,0-2,0,48.0,48000,,,,,0,0.17865461734228347,0.17588617722827354,3.490026496533656,3.350610754789698,0.00021333565407130514,negative_baseline,20.0,0,0,0,0,0,0,0,0,0,0,-1,0,0,0,0,0,0,1,0,0
sim_0039_n3_seed81,81,0.001,3,49.0,0,body_0,23.12038132751752,16.22432647230617,1.0454378645670635e-05,6.68076415290174e-06,0.1533682827092784,0.09199896094574142,2,4.48144197456458,2.8116406102051745,-10.630618930789101,4.063557920511063e-08,27.384600717634026,1.2324729615966873e-14,4.48144197456458,0-2,0,49.0,49000,,,,,0,0.1533682827092784,0.09200222469049676,4.48144197456458,2.8116406102051745,0.00018526631951253382,negative_baseline,20.0,0,0,0,0,0,0,0,0,0,0,-1,0,0,0,0,0,1,1,0,0
sim_0039_n3_seed81,81,0.001,3,50.0,0,body_0,23.12038132751752,16.22432647230617,1.9127132871941458e-05,1.2402319029356556e-05,0.15629535797676794,0.06717860033032946,1,4.518326724412176,2.221244068904295,-10.630618903837814,4.317083011611705e-08,27.384600717634008,1.1676059636179143e-14,4.258959658447728,1-2,0,50.0,50000,,,,,0,0.15629535797676794,0.06716274234350898,4.518326724412176,2.221244068904295,0.0002290627607302217,negative_baseline,20.0,0,0,0,0,0,0,0,0,0,0,-1,0,0,0,0,0,1,1,0,0
sim_0039_n3_seed81,81,0.001,3,51.0,0,body_0,23.12038132751752,16.22432647230617,3.223868423338813e-05,1.6408177485003422e-05,0.17473973623142963,0.08952791629986742,1,4.163231478410429,2.4503486047305176,-10.630619068590915,2.767285241551159e-08,27.384600717633923,8.562443733198038e-15,3.3464249392017273,1-2,0,51.0,51000,,,,,0,0.17473973623142963,0.08951589090869921,4.163231478410429,2.4503486047305176,0.00032659883177520827,negative_baseline,20.0,0,0,0,0,0,0,0,0,0,0,-1,0,0,0,0,0,0,1,0,0
sim_0039_n3_seed81,81,0.001,3,52.0,0,body_0,23.12038132751752,16.22432647230617,4.893159093193524e-05,2.490034770512888e-05,0.20060205594086933,0.13188439019114137,1,3.7563015094268017,2.6706452018382913,-10.630619112615385,2.353156319227935e-08,27.3846007176339,7.784039757452761e-15,3.7563015094268017,0-1,0,52.0,52000,,,,,0,0.20060205594086933,0.1318819234889133,3.7563015094268017,2.6706452018382913,0.0004893192639436473,negative_baseline,20.0,0,0,0,0,0,0,0,0,0,0,-1,0,0,0,0,0,0,1,0,0
sim_0039_n3_seed81,81,0.001,3,53.0,0,body_0,23.12038132751752,16.22432647230617,6.913395415773019e-05,4.962354682321708e-05,0.22251625525219532,0.18691145269465753,1,3.4103086515274827,2.9031095889756138,-10.630619367019026,-3.9965215678458643e-10,27.384600717633873,6.746167789792393e-15,3.4103086515274827,0-1,0,53.0,53000,,,,,0,0.22251625525219532,0.1869776906604683,3.4103086515274827,2.9031095889756138,0.0007000807986495179,negative_baseline,20.0,0,0,0,0,0,0,0,0,0,0,-1,0,0,0,0,0,0,1,0,0
sim_0039_n3_seed81,81,0.001,3,54.0,0,body_0,23.12038132751752,16.22432647230617,9.605058593687117e-05,7.864200616977857e-05,0.2162306460249613,0.21162607968054842,1,3.2963131420823584,2.999871360876089,-10.630619528149497,-1.5556856572186537e-08,27.38460071763386,6.22723180596221e-15,3.2963131420823584,0-1,0,54.0,54000,,,,,0,0.2162306460249613,0.21178387507176297,3.2963131420823584,2.999871360876089,0.0008910338387518336,negative_baseline,20.0,0,0,0,0,0,0,0,0,0,0,-1,0,0,0,0,0,0,1,0,0
sim_0039_n3_seed81,81,0.001,3,55.0,0,body_0,23.12038132751752,16.22432647230617,0.0001266498738923969,8.271423392876158e-05,0.17954568167937152,0.1665128931165114,1,3.5254027733318964,2.8333238410803547,-10.630619284032761,7.406691212216813e-09,27.384600717633862,6.356965801919755e-15,3.5254027733318964,0-1,0,55.0,55000,,,,,0,0.17954568167937152,0.16661011077413554,3.5254027733318964,2.8333238410803547,0.0010019763878247035,negative_baseline,20.0,0,0,0,0,0,0,0,0,0,0,-1,0,0,0,0,0,0,1,0,0
sim_0039_n3_seed81,81,0.001,3,56.0,0,body_0,23.12038132751752,16.22432647230617,0.00015013181488703916,6.688728655173492e-05,0.1485807956442002,0.1067347095335243,1,3.9400893893648705,2.5449358478645734,-10.63061904999576,2.942205958801512e-08,27.384600717633887,7.265103773622577e-15,3.9400893893648705,0-1,0,56.0,56000,,,,,0,0.1485807956442002,0.10676579122381528,3.9400893893648705,2.5449358478645734,0.0010667530800743087,negative_baseline,20.0,0,0,0,0,0,0,0,0,0,0,-1,0,0,0,0,0,0,1,0,0
sim_0039_n3_seed81,81,0.001,3,57.0,0,body_0,23.12038132751752,16.22432647230617,0.0001633648771833625,4.9988745214114e-05,0.13368590782610465,0.07130332002944532,1,4.315550746724502,2.3026883978869237,-10.630618957901568,3.808516647627596e-08,27.384600717633806,4.281221866599019e-15,4.315550746724502,0-1,0,57.0,57000,,,,,0,0.13368590782610465,0.07131166602111863,4.315550746724502,2.3026883978869237,0.0011395650822475514,negative_baseline,20.0,0,0,0,0,0,0,0,0,0,0,-1,0,0,0,0,0,0,1,0,0
sim_0039_n3_seed81,81,0.001,3,58.0,0,body_0,23.12038132751752,16.22432647230617,0.00016800266295159013,4.095740741758879e-05,0.1300652414690006,0.05692006416389226,1,4.522058530570149,2.175429496154367,-10.630618931812542,4.053930627381019e-08,27.38460071763385,5.9677638140471174e-15,4.522058530570149,0-1,0,58.0,58000,,,,,0,0.1300652414690006,0.056919494064597585,4.522058530570149,2.175429496154367,0.0012378538829772225,negative_baseline,20.0,0,0,0,0,0,0,0,0,0,0,-1,0,0,0,0,0,0,1,0,0
sim_0039_n3_seed81,81,0.001,3,59.0,0,body_0,23.12038132751752,16.22432647230617,0.0001653402134706656,4.365511860713691e-05,0.1348683512586413,0.05747040941021116,1,4.508962426040425,2.181644201094627,-10.63061893355999,4.0374927478129144e-08,27.384600717633848,5.838029818089571e-15,4.508962426040425,0-1,0,59.0,59000,,,,,0,0.1348683512586413,0.05746285448352549,4.508962426040425,2.181644201094627,0.0013627867788844816,negative_baseline,20.0,0,0,0,0,0,0,0,0,0,0,-1,0,0,0,0,0,0,1,0,0
sim_0039_n3_seed81,81,0.001,3,60.0,0,body_0,23.12038132751752,16.22432647230617,0.00015495776495847582,6.0936916987748443e-05,0.14718269257771802,0.07414968912293991,1,4.271891256601677,2.322957286786912,-10.630618959567109,3.792849257633707e-08,27.38460071763374,1.9460099393631903e-15,4.271891256601677,0-1,0,60.0,60000,,,,,0,0.14718269257771802,0.07413099435771855,4.271891256601677,2.322957286786912,0.0015183539846896344,negative_baseline,20.0,0,0,0,0,0,0,0,0,0,0,-1,0,0,0,0,0,0,1,0,0
sim_0039_n3_seed81,81,0.001,3,61.0,0,body_0,23.12038132751752,16.22432647230617,0.00013998776032608936,9.981327412548105e-05,0.16648858599121202,0.12303460795678509,1,3.8550456608064874,2.588857359318124,-10.630619080114705,2.658883373992388e-08,27.384600717633724,1.2973399595754602e-15,3.8550456608064874,0-1,0,61.0,61000,,,,,0,0.16648858599121202,0.12299417310324366,3.8550456608064874,2.588857359318124,0.0017172030623974267,negative_baseline,20.0,0,0,0,0,0,0,0,0,0,0,-1,0,0,0,0,0,0,1,0,0
sim_0039_n3_seed81,81,0.001,3,62.0,0,body_0,23.12038132751752,16.22432647230617,0.00016023755531686089,0.0001564503703166087,0.2078361583118518,0.2291287157612887,1,3.397272005116387,2.902231645955519,-10.630619468760752,-9.97028230382748e-09,27.384600717633685,-1.2973399595754603e-16,3.397272005116387,0-1,0,62.0,62000,,,,,0,0.2078361583118518,0.22916605834352438,3.397272005116387,2.902231645955519,0.001958367555663313,negative_baseline,20.0,0,0,0,0,0,0,0,0,0,0,-1,0,0,0,0,0,0,1,0,0
sim_0039_n3_seed81,81,0.001,3,63.0,0,body_0,23.12038132751752,16.22432647230617,0.0002490214006462523,0.00014312308239362373,0.3015001185235916,0.2712583060241994,1,3.135474641751247,3.085303857167107,-10.630619841979385,-4.507817396577323e-08,27.384600717633667,-7.784039757452762e-16,3.135474641751247,0-1,0,63.0,63000,,,,,0,0.3015001185235916,0.271476556816783,3.135474641751247,3.085303857167107,0.002151446736790281,negative_baseline,20.0,0,0,0,0,0,0,0,0,0,0,-1,0,0,0,0,0,1,1,0,0
sim_0039_n3_seed81,81,0.001,3,63.1,0,body_0,23.12038132751752,16.22432647230617,0.0002569482967339676,0.00013392627904103274,0.3091228391256278,0.267692947292132,1,3.127385615860827,3.0937034289001377,-10.630619849405626,-4.577674482999944e-08,27.38460071763368,-2.5946799191509205e-16,3.127385615860827,0-1,0,63.1,63100,,,,,0,0.3091228391256278,0.2679100061357868,3.127385615860827,3.0937034289001377,0.0021608251679657332,negative_hard,10.0,0,0,0,0,0,0,0,0,0,0,-1,0,0,0,0,0,1,1,0,0
sim_0039_n3_seed81,81,0.001,3,63.6,0,body_0,23.12038132751752,16.22432647230617,0.0002792497876341145,8.226963660488706e-05,0.32531705449456233,0.2520229812755836,1,3.143958394708813,3.125141996021487,-10.630620125043912,-7.170545849412333e-08,27.38460071763368,-2.5946799191509205e-16,2.493241662780334,1-2,0,63.6,63600,,,,,0,0.32531705449456233,0.2522373205437783,3.143958394708813,3.125141996021487,0.0021677754936800164,negative_hard,10.0,0,0,0,0,0,0,0,0,0,0,-1,0,0,0,0,0,0,1,0,0
sim_0039_n3_seed81,81,0.001,3,64.0,0,body_0,23.12038132751752,16.22432647230617,0.00027238817959209313,6.91111067154057e-05,0.30899786102952403,0.24381830401225008,1,3.2361156702026443,3.099490807735967,-10.630619996916458,-5.96527784795826e-08,27.384600717633674,-5.189359838301841e-16,2.4507471553307014,1-2,0,64.0,64000,,,,,0,0.30899786102952403,0.2440430940704288,3.2361156702026443,3.099490807735967,0.002153242357112548,negative_baseline,20.0,0,0,0,0,0,0,0,0,0,0,-1,0,0,0,0,0,0,1,0,0
sim_0039_n3_seed81,81,0.001,3,64.1,0,body_0,23.12038132751752,16.22432647230617,0.0002675873150647735,7.186874236392509e-05,0.3015411829444425,0.24025298986131188,1,3.2706336665929387,3.076300756174405,-10.630619800546249,-4.118064602132223e-08,27.384600717633656,-1.1676059636179143e-15,2.602600876944654,1-2,0,64.1,64100,,,,,0,0.3015411829444425,0.2404629618095573,3.2706336665929387,3.076300756174405,0.00215275614870086,negative_hard,10.0,0,0,0,0,0,0,0,0,0,0,-1,0,0,0,0,0,0,1,0,0
sim_0039_n3_seed81,81,0.001,3,65.0,0,body_0,23.12038132751752,16.22432647230617,0.0002105129160354394,7.974950531816992e-05,0.2157339069365004,0.1813926040597875,1,3.7063028728697205,2.7508384498375,-10.630619202283404,1.5096681298015126e-08,27.384600717633628,-2.2054779312782825e-15,3.7063028728697205,0-1,0,65.0,65000,,,,,0,0.2157339069365004,0.18147096892273304,3.7063028728697205,2.7508384498375,0.0020925311976607184,negative_baseline,20.0,0,0,0,0,0,0,0,0,0,0,-1,0,0,0,0,0,1,1,0,0
sim_0039_n3_seed81,81,0.001,3,66.0,0,body_0,23.12038132751752,16.22432647230617,0.00023142095001320697,8.028692073833319e-05,0.15187904509637296,0.10947515067681468,1,4.239906162693454,2.406178769301478,-10.630619007887386,3.33831057171113e-08,27.384600717633628,-2.2054779312782825e-15,4.239906162693454,0-1,0,66.0,66000,,,,,0,0.15187904509637296,0.10950026323218724,4.239906162693454,2.406178769301478,0.002160594259155088,negative_baseline,20.0,0,0,0,0,0,0,0,0,0,0,-1,0,0,0,0,0,0,1,0,0
sim_0039_n3_seed81,81,0.001,3,67.0,0,body_0,23.12038132751752,16.22432647230617,0.0003569987353836203,0.00019306928433014117,0.13085689119033614,0.0662034585401361,1,4.641886778832002,2.1649001234692182,-10.630618926556055,4.1033772929233374e-08,27.384600717633674,-5.189359838301841e-16,4.641886778832002,0-1,0,67.0,67000,,,,,0,0.13085689119033614,0.06620912579795106,4.641886778832002,2.1649001234692182,0.002980957344556718,negative_baseline,20.0,0,0,0,0,0,0,0,0,0,0,-1,0,0,0,0,0,0,1,0,0
sim_0039_n3_seed81,81,0.001,3,68.0,0,body_0,23.12038132751752,16.22432647230617,0.0005597363765514164,0.0002714154272621073,0.12839451822264722,0.049409942947656375,1,4.824797367360002,2.060787988030971,-10.630618896978026,4.381611588646472e-08,27.38460071763369,0.0,4.824797367360002,0-1,0,68.0,68000,,,,,0,0.12839451822264722,0.049407067131375944,4.824797367360002,2.060787988030971,0.004418736423711559,negative_baseline,20.0,0,0,0,0,0,0,0,0,0,0,-1,0,0,0,0,0,1,1,0,0
sim_0039_n3_seed81,81,0.001,3,68.75,0,body_0,23.12038132751752,16.22432647230617,0.0007355138042805705,0.00029520529397447583,0.13294037340522596,0.04894788207886218,1,4.800242952792276,2.088498040265595,-10.630618889162951,4.4551263533353784e-08,27.38460071763369,0.0,4.661514216341122,1-2,0,68.75,68750,,,,,0,0.13294037340522596,0.048940073273362805,4.800242952792276,2.088498040265595,0.005680305028490182,negative_hard,8.0,0,0,0,0,0,0,0,0,0,0,-1,0,0,0,0,0,0,1,0,0
sim_0039_n3_seed81,81,0.001,3,69.0,0,body_0,23.12038132751752,16.22432647230617,0.0007929075474844456,0.0002974857626200568,0.13553716469597726,0.05075233029417496,1,4.762784152161902,2.118876055879765,-10.630618891160847,4.436332573646277e-08,27.384600717633667,-7.784039757452762e-16,4.219935447618719,1-2,0,69.0,69000,,,,,0,0.13553716469597726,0.05074342563088756,4.762784152161902,2.118876055879765,0.006113057767305238,negative_baseline,20.0,0,0,0,0,0,0,0,0,0,0,-1,0,0,0,0,0,0,1,0,0
sim_0039_n3_seed81,81,0.001,3,69.15,0,body_0,23.12038132751752,16.22432647230617,0.0008261403978376633,0.0002978560980769674,0.1373448927650343,0.05226807793773174,1,4.734149810859793,2.1418845167967113,-10.630618895679529,4.393826279675894e-08,27.384600717633663,-9.081379717028221e-16,3.955792729273259,1-2,0,69.15,69150,,,,,0,0.1373448927650343,0.05225890910160594,4.734149810859793,2.1418845167967113,0.006372819485119813,negative_hard,8.0,0,0,0,0,0,0,0,0,0,0,-1,0,0,0,0,0,0,1,0,0
sim_0039_n3_seed81,81,0.001,3,69.55,0,body_0,23.12038132751752,16.22432647230617,0.0009078233542247731,0.00029684292697410117,0.14297104219713236,0.05766329516300949,1,4.639668517556002,2.217075771859582,-10.630618937840925,3.9972228954953854e-08,27.38460071763358,-3.892019878726381e-15,3.306555732010065,1-2,0,69.55,69550,,,,,0,0.14297104219713236,0.057656337425373475,4.639668517556002,2.217075771859582,0.007060542809085814,negative_hard,8.0,0,0,0,0,0,0,0,0,0,0,-1,0,0,0,0,0,0,1,0,0
sim_0039_n3_seed81,81,0.001,3,69.95,0,body_0,23.12038132751752,16.22432647230617,0.0009748982539123943,0.00029759202238823347,0.1493148642949665,0.06411810486426649,1,4.53077331181213,2.2962382008246145,-10.630619046774578,2.972506935948743e-08,27.384600717633568,-4.410955862556565e-15,2.8741157226090808,1-2,0,69.95,69950,,,,,0,0.1493148642949665,0.06411876495628163,4.53077331181213,2.2962382008246145,0.00775132187562776,negative_hard,8.0,0,0,0,0,0,0,0,0,0,0,-1,0,0,0,0,0,0,1,0,0
sim_0039_n3_seed81,81,0.001,3,70.0,0,body_0,23.12038132751752,16.22432647230617,0.0009819721541248338,0.0002982402166208017,0.15011424342664884,0.06491529594725094,1,4.5170664280295085,2.3048167729888562,-10.630619060445802,2.843904606336389e-08,27.384600717633568,-4.410955862556565e-15,2.8457332160791244,1-2,0,70.0,70000,,,,,0,0.15011424342664884,0.06491696769852308,4.5170664280295085,2.3048167729888562,0.007840973725714339,negative_baseline,20.0,0,0,0,0,0,0,0,0,0,0,-1,0,0,0,0,0,0,1,0,0
sim_0039_n3_seed81,81,0.001,3,70.35000000000001,0,body_0,23.12038132751752,16.22432647230617,0.0010217745461733594,0.0003099971292240749,0.15547748076029289,0.07004317888492113,1,4.424861763711652,2.349017653620345,-10.630619081618287,2.644739501390153e-08,27.384600717633596,-3.3730838948961966e-15,2.8529595249308137,1-2,0,70.35000000000001,70350,,,,,0,0.15547748076029289,0.070047805260732,4.424861763711652,2.349017653620345,0.008529353684160567,negative_hard,8.0,0,0,0,0,0,0,0,0,0,0,-1,0,0,0,0,0,0,1,0,0
sim_0039_n3_seed81,81,0.001,3,70.75,0,body_0,23.12038132751752,16.22432647230617,0.0010434247711269577,0.00034889083845096055,0.16093187737518122,0.0752552128080685,1,4.327722291195386,2.3738837145865137,-10.630619001295944,3.400314880527963e-08,27.384600717633578,-4.021753874683927e-15,3.281837685253885,1-2,0,70.75,70750,,,,,0,0.16093187737518122,0.07525491273763234,4.327722291195386,2.3738837145865137,0.009522797887938955,negative_hard,8.0,0,0,0,0,0,0,0,0,0,0,-1,0,0,0,0,0,0,1,0,0
sim_0039_n3_seed81,81,0.001,3,70.85000000000001,0,body_0,23.12038132751752,16.22432647230617,0.001044370200059501,0.0003645753237729336,0.16221296076188593,0.07662152189947563,1,4.303793071464584,2.3794125103521733,-10.630618988268216,3.5228639793618035e-08,27.384600717633578,-4.021753874683927e-15,3.441648108369655,1-2,0,70.85000000000001,70850,,,,,0,0.16221296076188593,0.07661970674687005,4.303793071464584,2.3794125103521733,0.009811284468052612,negative_pre_failure,1.0,0,0,0,0,0,0,0,0,0,0,-1,0,0,0,0,0,0,1,0,0
sim_0039_n3_seed81,81,0.001,3,70.9,0,body_0,23.12038132751752,16.22432647230617,0.0010441303673618878,0.0003734513675148827,0.1628471730570561,0.0773331532332031,1,4.291742602076897,2.3824024697017543,-10.630618983640765,3.566393432020515e-08,27.384600717633557,-4.800157850429203e-15,3.527190030727665,1-2,0,70.9,70900,,,,,0,0.1628471730570561,0.07733061237029498,4.291742602076897,2.3824024697017543,0.009961453443251094,negative_pre_failure,1.0,0,0,0,0,0,0,0,0,0,0,-1,0,0,0,0,0,0,1,0,0
sim_0039_n3_seed81,81,0.001,3,71.0,0,body_0,23.12038132751752,16.22432647230617,6.542534042595533e-10,1.8524012368008435e-10,0.16427624248393574,0.08279945522490967,1,4.26350944420396,2.390385350312286,-10.630619360487351,2.1476874699552212e-10,27.3846007176337,3.892019878726381e-16,3.7229660930428823,1-2,1,0.04999999999999716,50,,,,,0,0.16427624248393574,0.07909198969656628,4.26350944420396,2.390385350312286,3.504478141335864e-09,negative_baseline,20.0,0,0,0,0,0,0,0,0,0,0,-1,0,0,0,0,0,0,1,0,0
sim_0039_n3_seed81,81,0.001,3,72.0,0,body_0,23.12038132751752,16.22432647230617,1.4126054152864737e-08,8.29591660641975e-09,0.1774220200379777,0.1030861591325538,1,3.977448643846718,2.5274503984874177,-10.630619424196478,-5.778214793177864e-09,27.384600717633667,-7.784039757452762e-16,3.977448643846718,0-1,1,1.0499999999999972,1050,,,,,0,0.1774220200379777,0.10307564749410861,3.977448643846718,2.5274503984874177,7.385384065025245e-08,negative_baseline,20.0,0,0,0,0,0,0,0,0,0,0,-1,0,0,0,0,0,0,1,0,0
sim_0039_n3_seed81,81,0.001,3,73.0,0,body_0,23.12038132751752,16.22432647230617,3.240598722857997e-08,3.114056137688455e-08,0.19006302007588946,0.1491896733121069,1,3.6444546687199173,2.7560221419886157,-10.630619608497911,-2.3115062863126714e-08,27.384600717633692,1.2973399595754603e-16,3.6444546687199173,0-1,1,2.049999999999997,2050,,,,,0,0.19006302007588946,0.1492031408929009,3.6444546687199173,2.7560221419886157,1.7109928970220578e-07,negative_baseline,20.0,0,0,0,0,0,0,0,0,0,0,-1,0,0,0,0,0,0,1,0,0
sim_0039_n3_seed81,81,0.001,3,74.0,0,body_0,23.12038132751752,16.22432647230617,7.358696938741183e-08,7.407577836948199e-08,0.20042199200600716,0.19371953256739785,1,3.429966078198449,2.924484464766051,-10.63061983362656,-4.429244119692934e-08,27.384600717633663,-9.081379717028221e-16,3.429966078198449,0-1,1,3.049999999999997,3050,,,,,0,0.20042199200600716,0.19382210700805452,3.429966078198449,2.924484464766051,3.897215533752337e-07,negative_baseline,20.0,0,0,0,0,0,0,0,0,0,0,-1,0,0,0,0,0,0,1,0,0
sim_0039_n3_seed81,81,0.001,3,75.0,0,body_0,23.12038132751752,16.22432647230617,1.4511544326446571e-07,1.1939582191656681e-07,0.21221593310332373,0.16467470627676173,1,3.501342795461443,2.8737153363624977,-10.630619774975887,-3.8775295876110436e-08,27.38460071763363,-2.0757439353207364e-15,3.501342795461443,0-1,1,4.049999999999997,4050,,,,,0,0.21221593310332373,0.16478234190016933,3.501342795461443,2.8737153363624977,7.689119910209544e-07,negative_baseline,20.0,0,0,0,0,0,0,0,0,0,0,-1,0,0,0,0,0,0,1,0,0
sim_0039_n3_seed81,81,0.001,3,76.0,0,body_0,23.12038132751752,16.22432647230617,2.2504885508214027e-07,1.4717774424595377e-07,0.20744673734388008,0.09049320855397767,1,3.794080150295103,2.6675792780642626,-10.630619629163597,-2.505904047591525e-08,27.38460071763363,-2.0757439353207364e-15,3.794080150295103,0-1,1,5.049999999999997,5050,,,,,0,0.20744673734388008,0.09053764634397739,3.794080150295103,2.6675792780642626,1.193210392489877e-06,negative_baseline,20.0,0,0,0,0,0,0,0,0,0,0,-1,0,0,0,0,0,1,1,0,0
sim_0039_n3_seed81,81,0.001,3,77.0,0,body_0,23.12038132751752,16.22432647230617,2.960463829287096e-07,1.6296789834151745e-07,0.1723847527840958,0.07018387559979515,2,4.10077546319174,2.6732451819902643,-10.630619559215678,-1.847918684090073e-08,27.384600717633646,-1.5568079514905524e-15,4.10077546319174,0-2,1,6.049999999999997,6050,,,,,0,0.1723847527840958,0.07015602633660932,4.10077546319174,2.6732451819902643,1.5392134374418278e-06,negative_baseline,20.0,0,0,0,0,0,0,0,0,0,0,-1,0,1,1,0,0,0,1,0,0
sim_0039_n3_seed81,81,0.001,3,78.0,0,body_0,23.12038132751752,16.22432647230617,3.5696515661282204e-07,1.4027975966023315e-07,0.11178385521465847,0.10798562727639775,2,3.911019434760264,2.788131611803426,-10.630619583981076,-2.080881579059868e-08,27.38460071763362,-2.4649459231933743e-15,3.911019434760264,0-2,1,7.049999999999997,7050,,,,,0,0.11178385521465847,0.10800975241696098,3.911019434760264,2.788131611803426,1.7815966065603229e-06,negative_baseline,20.0,0,0,0,0,0,0,0,0,0,0,-1,0,0,0,0,0,0,1,0,0
sim_0039_n3_seed81,81,0.001,3,79.0,0,body_0,23.12038132751752,16.22432647230617,3.791710396362242e-07,8.668167390195205e-08,0.09643831790837323,0.09374569249246997,2,4.100082834156592,2.650944873220489,-10.630619484820988,-1.148103490062892e-08,27.384600717633514,-6.356965801919755e-15,4.100082834156592,0-2,1,8.049999999999997,8050,,,,,0,0.09643831790837323,0.09378122100453751,4.100082834156592,2.650944873220489,1.950554220985139e-06,negative_baseline,20.0,0,0,0,0,0,0,0,0,0,0,-1,0,0,0,0,0,0,1,0,0
sim_0039_n3_seed81,81,0.001,3,80.0,0,body_0,23.12038132751752,16.22432647230617,3.3462408687956744e-07,1.1074772772955536e-07,0.12210345207893383,0.05880533020014269,2,4.533838999518281,2.350958189838388,-10.630619370789269,-7.543109641390812e-10,27.3846007176336,-3.2433498989386505e-15,4.533838999518281,0-2,1,9.049999999999997,9050,,,,,0,0.12210345207893383,0.05881637742982508,4.533838999518281,2.350958189838388,2.086054178544099e-06,negative_baseline,20.0,0,0,0,0,0,0,0,0,0,0,-1,0,0,0,0,0,0,1,0,0
sim_0039_n3_seed81,81,0.001,3,81.0,0,body_0,23.12038132751752,16.22432647230617,2.507250628511521e-07,1.458761928350081e-07,0.13606418014329572,0.043706104483526846,1,4.889074016511142,2.1668157783742585,-10.630619338326081,2.2994328099306513e-09,27.384600717633553,-4.929891846386749e-15,4.889074016511142,0-1,1,10.049999999999997,10050,,,,,0,0.13606418014329572,0.04370855552595446,4.889074016511142,2.1668157783742585,2.2205851143936352e-06,negative_baseline,20.0,0,0,0,0,0,0,0,0,0,0,-1,0,0,0,0,0,1,1,0,0
sim_0039_n3_seed81,81,0.001,3,82.0,0,body_0,23.12038132751752,16.22432647230617,1.9683986924379647e-07,1.5547711821385635e-07,0.1412992949160032,0.04280968969774468,1,4.823678498923084,2.202460109683815,-10.630619352066992,1.0068542533437645e-09,27.38460071763349,-7.265103773622577e-15,4.823678498923084,0-1,1,11.049999999999997,11050,,,,,0,0.1412992949160032,0.042808179660959116,4.823678498923084,2.202460109683815,2.355314888185942e-06,negative_baseline,20.0,0,0,0,0,0,0,0,0,0,0,-1,0,0,0,0,0,1,1,0,0
sim_0039_n3_seed81,81,0.001,3,83.0,0,body_0,23.12038132751752,16.22432647230617,2.3093867447482942e-07,1.4572696019330494e-07,0.14053641229981462,0.051091160788503086,1,4.612616538142864,2.32293144801919,-10.630619362273581,4.674186448205372e-11,27.3846007176335,-6.875901785749939e-15,4.612616538142864,0-1,1,12.049999999999997,12050,,,,,0,0.14053641229981462,0.051085189171265394,4.612616538142864,2.32293144801919,2.454041802887864e-06,negative_baseline,20.0,0,0,0,0,0,0,0,0,0,0,-1,0,0,0,0,0,1,1,0,0
sim_0039_n3_seed81,81,0.001,3,84.0,0,body_0,23.12038132751752,16.22432647230617,3.0022928361994466e-07,1.256685572634916e-07,0.12709832390199444,0.07465947965154565,1,4.325295580636078,2.5126223745949714,-10.630619445214274,-7.75531460145569e-09,27.384600717633468,-8.043507749367853e-15,4.325295580636078,0-1,1,13.049999999999997,13050,,,,,0,0.12709832390199444,0.07464724364428059,4.325295580636078,2.5126223745949714,2.5087303110141715e-06,negative_baseline,20.0,0,0,0,0,0,0,0,0,0,0,-1,0,0,0,0,0,0,1,0,0
sim_0039_n3_seed81,81,0.001,3,85.0,0,body_0,23.12038132751752,16.22432647230617,3.317795415100601e-07,1.1224451592320687e-07,0.10199862704354569,0.11435739782737328,1,4.113685650160696,2.6694605101998237,-10.630619581005567,-2.0528915860506476e-08,27.384600717633475,-7.784039757452761e-15,4.113685650160696,0-1,1,14.049999999999997,14050,,,,,0,0.10199862704354569,0.11437186884864724,4.113685650160696,2.6694605101998237,2.5215665433802653e-06,negative_baseline,20.0,0,0,0,0,0,0,0,0,0,0,-1,0,0,0,0,0,0,1,0,0
sim_0039_n3_seed81,81,0.001,3,86.0,0,body_0,23.12038132751752,16.22432647230617,2.787912857955805e-07,1.7827994070046496e-07,0.132739230222483,0.11465278206916686,2,3.871899469809654,2.5549982490811733,-10.63061962133745,-2.4322851306251066e-08,27.384600717633514,-6.356965801919755e-15,3.871899469809654,0-2,1,15.049999999999997,15050,,,,,0,0.132739230222483,0.11470187868946283,3.871899469809654,2.5549982490811733,2.53788607300573e-06,negative_baseline,20.0,0,0,0,0,0,0,0,0,0,0,-1,0,0,0,0,0,0,1,0,0
sim_0039_n3_seed81,81,0.001,3,87.0,0,body_0,23.12038132751752,16.22432647230617,2.1028388112321288e-07,2.8408190763273157e-07,0.19684057740441652,0.06142898908656606,2,3.484697966213212,2.752028186404349,-10.630619634587596,-2.5569264654074964e-08,27.384600717633553,-4.929891846386749e-15,3.484697966213212,0-2,1,16.049999999999997,16050,,,,,0,0.19684057740441652,0.06144607081633944,3.484697966213212,2.752028186404349,2.68095792592338e-06,negative_baseline,20.0,0,0,0,0,0,0,0,0,0,0,-1,0,0,0,0,0,1,1,0,0
sim_0039_n3_seed81,81,0.001,3,88.0,0,body_0,23.12038132751752,16.22432647230617,3.8539455027220804e-07,3.5759204722031076e-07,0.2155302619779377,0.11493333881569129,2,3.1548033621065255,3.0183656980666145,-10.630619811526358,-4.22135218013271e-08,27.384600717633564,-4.540689858514111e-15,3.1548033621065255,0-2,1,17.049999999999997,17050,,,,,0,0.2155302619779377,0.11494788549944823,3.1548033621065255,3.0183656980666145,3.029284400602238e-06,negative_baseline,20.0,0,0,0,0,0,0,0,0,0,0,-1,0,0,0,0,0,0,1,0,0
sim_0039_n3_seed81,81,0.001,3,89.0,0,body_0,23.12038132751752,16.22432647230617,6.6764913574914e-07,3.483771047313841e-07,0.16555152744319876,0.17902384662384185,2,3.129717527676603,3.0426034677284832,-10.630619796382916,-4.07890100641351e-08,27.38460071763357,-4.281221866599019e-15,3.129717527676603,0-2,1,18.049999999999997,18050,,,,,0,0.16555152744319876,0.17915259347287968,3.129717527676603,3.0426034677284832,3.6248048180906274e-06,negative_baseline,20.0,0,0,0,0,0,0,0,0,0,0,-1,0,0,0,0,0,0,1,0,0
sim_0039_n3_seed81,81,0.001,3,90.0,0,body_0,23.12038132751752,16.22432647230617,8.255355267601985e-07,3.026381407172297e-07,0.1359204213802053,0.1287429650864859,2,3.479623941005034,2.7558642447570585,-10.630619524049443,-1.517117315243213e-08,27.384600717633457,-8.432709737240492e-15,3.479623941005034,0-2,1,19.049999999999997,19050,,,,,0,0.1359204213802053,0.12880064448066492,3.479623941005034,2.7558642447570585,4.394443535566926e-06,negative_baseline,20.0,0,0,0,0,0,0,0,0,0,0,-1,0,0,0,0,0,0,1,0,0
sim_0039_n3_seed81,81,0.001,3,91.0,0,body_0,23.12038132751752,16.22432647230617,8.03896623829236e-07,3.452636798396628e-07,0.14354651632493717,0.07220803444224268,2,3.9162040493183112,2.4245975680544904,-10.63061935322131,8.982700315728178e-10,27.384600717633436,-9.211113712985768e-15,3.9162040493183112,0-2,1,20.049999999999997,20050,,,,,0,0.14354651632493717,0.0722188416694172,3.9162040493183112,2.4245975680544904,5.091286121108295e-06,negative_baseline,20.0,0,0,0,0,0,0,0,0,0,0,-1,0,0,0,0,0,0,1,0,0
sim_0039_n3_seed81,81,0.001,3,91.4,0,body_0,23.12038132751752,16.22432647230617,7.651868797317577e-07,3.6528902232192303e-07,0.14634237333938377,0.0602039481795566,2,4.049707929341683,2.3411481198148554,-10.630619312001834,4.7756994104227125e-09,27.384600717633422,-9.730049696815953e-15,4.049707929341683,0-2,1,20.450000000000003,20450,,,,,0,0.14634237333938377,0.06020858621573881,4.049707929341683,2.3411481198148554,5.327955590074114e-06,negative_hard,10.0,0,0,0,0,0,0,0,0,0,0,-1,0,0,0,0,0,1,1,0,0
sim_0039_n3_seed81,81,0.001,3,91.9,0,body_0,23.12038132751752,16.22432647230617,7.092243016352676e-07,3.8279358392427174e-07,0.14875527470922667,0.05173937603539084,2,4.166664068333442,2.307172352735325,-10.63061925046975,1.0563893138079564e-08,27.384600717633447,-8.82191172511313e-15,3.514120503333072,1-2,1,20.950000000000003,20950,,,,,0,0.14875527470922667,0.051740083784177125,4.166664068333442,2.307172352735325,5.6071552497837715e-06,negative_hard,10.0,0,0,0,0,0,0,0,0,0,0,-1,0,0,0,0,0,0,1,0,0
sim_0039_n3_seed81,81,0.001,3,92.0,0,body_0,23.12038132751752,16.22432647230617,6.980714532593888e-07,3.850382028444229e-07,0.14909862280653946,0.050745774396027205,2,4.184051576046059,2.3123571349444294,-10.630619234310263,1.2083982009871282e-08,27.384600717633457,-8.432709737240492e-15,3.259440699900616,1-2,1,21.049999999999997,21050,,,,,0,0.14909862280653946,0.050746194154813254,4.184051576046059,2.3123571349444294,5.66453156264731e-06,negative_baseline,20.0,0,0,0,0,0,0,0,0,0,0,-1,0,0,0,0,0,0,1,0,0
sim_0039_n3_seed81,81,0.001,3,92.4,0,body_0,23.12038132751752,16.22432647230617,6.566008188528755e-07,3.885656464470025e-07,0.1497307981911996,0.04865138805531765,2,4.245193859904344,2.3836381364205748,-10.63061922161213,1.3278468604686051e-08,27.38460071763343,-9.47058170490086e-15,2.2786599114486106,1-2,1,21.450000000000003,21450,,,,,0,0.1497307981911996,0.04865497611996762,4.245193859904344,2.3836381364205748,5.918529992196909e-06,negative_hard,10.0,0,0,0,0,0,0,0,0,0,0,-1,0,0,0,0,0,0,1,0,0
sim_0039_n3_seed81,81,0.001,3,92.9,0,body_0,23.12038132751752,16.22432647230617,6.1664434785722e-07,3.7304853246329387e-07,0.14656745733860124,0.04823666796096124,2,4.386003342062831,2.5064464808172326,-10.63062018545008,-7.738773973234542e-08,27.384600717633393,-1.076792166447632e-14,1.5934123678165626,1-2,1,21.950000000000003,21950,,,,,0,0.14656745733860124,0.048273710041610594,4.386003342062831,2.5064464808172326,6.109926174824127e-06,negative_hard,10.0,0,0,0,0,0,0,0,0,0,0,-1,0,0,0,0,0,0,1,0,0
sim_0039_n3_seed81,81,0.001,3,93.0,0,body_0,23.12038132751752,16.22432647230617,6.1060793256492e-07,3.6627916487462087e-07,0.14511490001348915,0.0477066447283464,2,4.43793035745832,2.4902401032304664,-10.630620043157396,-6.400256625879261e-08,27.38460071763339,-1.0897655660433866e-14,1.6184615811109924,1-2,1,22.049999999999997,22050,,,,,0,0.14511490001348915,0.047744070915745666,4.43793035745832,2.4902401032304664,6.041878682632909e-06,negative_baseline,20.0,0,0,0,0,0,0,0,0,0,0,-1,0,0,0,0,0,0,1,0,0
sim_0039_n3_seed81,81,0.001,3,93.4,0,body_0,23.12038132751752,16.22432647230617,5.930972569090546e-07,3.33561773927272e-07,0.13851412355538054,0.04381705917857988,2,4.703049519146508,2.285175097628425,-10.63061916302909,1.8789251997602302e-08,27.384600717633383,-1.1157123652348958e-14,2.194511691973691,1-2,1,22.450000000000003,22450,,,,,0,0.13851412355538054,0.04382006517683439,4.703049519146508,2.285175097628425,5.4825381958808475e-06,negative_hard,10.0,0,0,0,0,0,0,0,0,0,0,-1,0,0,0,0,0,0,1,0,0
sim_0039_n3_seed81,81,0.001,3,94.0,0,body_0,23.12038132751752,16.22432647230617,5.844012015750728e-07,2.9233379360760523e-07,0.1326036259189445,0.04465474852333308,2,5.091106659013132,1.987730031943006,-10.630619182194195,1.6986430882059092e-08,27.384600717633397,-1.0638187668518774e-14,3.5118201036526124,1-2,1,23.049999999999997,23050,,,,,0,0.1326036259189445,0.04463908858110364,5.091106659013132,1.987730031943006,4.612966587033033e-06,negative_baseline,20.0,0,0,0,0,0,0,0,0,0,0,-1,0,0,0,0,0,0,1,0,0
sim_0039_n3_seed81,81,0.001,3,95.0,0,body_0,23.12038132751752,16.22432647230617,6.00383456338147e-07,2.7502241021925225e-07,0.13842479422045903,0.06988655167171226,1,4.770214955780893,2.3880407942904656,-10.630619271800132,8.55738890107383e-09,27.384600717633447,-8.82191172511313e-15,4.770214955780893,0-1,1,24.049999999999997,24050,,,,,0,0.13842479422045903,0.06985646024392106,4.770214955780893,2.3880407942904656,3.6614363859646676e-06,negative_baseline,20.0,0,0,0,0,0,0,0,0,0,0,-1,0,0,0,0,0,1,1,0,0
sim_0039_n3_seed81,81,0.001,3,96.0,0,body_0,23.12038132751752,16.22432647230617,6.288238269890062e-07,3.3503573297076857e-07,0.1657888216127474,0.12646022048467379,1,4.043069221541921,2.7758415865368353,-10.630619448552231,-8.06930923827595e-09,27.384600717633482,-7.524571765537669e-15,4.043069221541921,0-1,1,25.049999999999997,25050,,,,,0,0.1657888216127474,0.12644381908975733,4.043069221541921,2.7758415865368353,3.357461440786679e-06,negative_baseline,20.0,0,0,0,0,0,0,0,0,0,0,-1,0,0,0,0,0,0,1,0,0
sim_0039_n3_seed81,81,0.001,3,97.0,0,body_0,23.12038132751752,16.22432647230617,6.316020350041848e-07,4.2790050436846043e-07,0.20854613342188172,0.19473503557707916,1,3.530372219112422,3.098167519898745,-10.630619848422034,-4.568422041152016e-08,27.384600717633532,-5.708295822132025e-15,3.530372219112422,0-1,1,26.049999999999997,26050,,,,,0,0.20854613342188172,0.19487127038035165,3.530372219112422,3.098167519898745,3.3439961034055573e-06,negative_baseline,20.0,0,0,0,0,0,0,0,0,0,0,-1,0,0,0,0,0,0,1,0,0
sim_0039_n3_seed81,81,0.001,3,98.0,0,body_0,23.12038132751752,16.22432647230617,5.865965710790937e-07,4.4626214672529364e-07,0.22446201096961407,0.16790396181381223,1,3.5909466995962096,3.058129441783336,-10.630619744445344,-3.590335188255139e-08,27.38460071763352,-6.0974978100046635e-15,3.5909466995962096,0-1,1,27.049999999999997,27050,,,,,0,0.22446201096961407,0.16805552238619154,3.5909466995962096,3.058129441783336,3.391906614208575e-06,negative_baseline,20.0,0,0,0,0,0,0,0,0,0,0,-1,0,0,0,0,0,1,1,0,0
sim_0039_n3_seed81,81,0.001,3,99.0,0,body_0,23.12038132751752,16.22432647230617,6.827368815927313e-07,5.805278238004041e-07,0.23522547420291123,0.05957880245284295,2,3.4495818092659127,2.8598995610074147,-10.63061940867222,-4.3178805543765665e-09,27.38460071763349,-7.265103773622577e-15,3.4495818092659127,0-2,1,28.049999999999997,28050,,,,,0,0.23522547420291123,0.05940081666811707,3.4495818092659127,2.8598995610074147,4.957378681431391e-06,negative_baseline,20.0,0,0,0,0,0,0,0,0,0,0,-1,0,0,0,0,0,1,1,0,0
sim_0039_n3_seed81,81,0.001,3,99.7,0,body_0,23.12038132751752,16.22432647230617,1.05679126666221e-06,1.0590705814879798e-06,0.307122693134002,0.357744897336729,2,2.4968022096013676,3.732689690846857,-10.630620105015943,-6.982146961883475e-08,27.384600717633457,-8.432709737240492e-15,2.4968022096013676,0-2,1,28.75,28750,,,,,0,0.307122693134002,0.35756095063316246,2.4968022096013676,3.732689690846857,8.30661925065749e-06,negative_hard,10.0,0,0,0,1,0,0,0,0,0,0,-1,1,0,0,0,0,0,1,0,0
sim_0039_n3_seed81,81,0.001,3,100.0,0,body_0,23.12038132751752,16.22432647230617,1.2999294341677802e-06,1.4542126443368168e-06,0.35500722910773524,0.5930197370708805,2,2.1866562787429777,4.093836976812502,-10.630621746451904,-2.2422789744403371e-07,27.38460071763344,-9.081379717028222e-15,2.1866562787429777,0-2,1,29.049999999999997,29050,,,,,0,0.35500722910773524,0.594952226881933,2.1866562787429777,4.093836976812502,1.0349446383379345e-05,negative_baseline,20.0,0,0,0,1,0,0,1,0,0,0,-1,1,0,0,0,0,0,1,0,0
sim_0039_n3_seed81,81,0.001,3,100.2,0,body_0,23.12038132751752,16.22432647230617,1.4480863590279382e-06,1.6992511797657189e-06,0.37029281008637777,0.7041565598221983,2,2.082500856530224,4.229586909366392,-10.630622861390265,-3.2910780352055636e-07,27.384600717633464,-8.1732417453254e-15,2.082500856530224,0-2,1,29.25,29250,,,,,0,0.37029281008637777,0.7080859786937111,2.082500856530224,4.229586909366392,1.1625358465182955e-05,negative_hard,10.0,0,0,0,1,0,0,1,0,0,0,-1,1,0,0,0,0,0,1,0,0
sim_0039_n3_seed81,81,0.001,3,100.7,0,body_0,23.12038132751752,16.22432647230617,1.5807297746542046e-06,1.627151762985399e-06,0.2918193500180565,0.5411024533824703,2,2.3001878473167854,3.9555133464980052,-10.630620893195559,-1.4396386799651645e-07,27.384600717633482,-7.524571765537669e-15,2.3001878473167854,0-2,1,29.75,29750,,,,,0,0.2918193500180565,0.5428011618439234,2.3001878473167854,3.9555133464980052,1.3090122056898504e-05,negative_hard,10.0,0,0,0,1,0,0,1,0,0,0,-1,1,0,0,0,0,0,1,0,0
sim_0039_n3_seed81,81,0.001,3,101.0,0,body_0,23.12038132751752,16.22432647230617,1.5209569427954806e-06,1.3039014272514742e-06,0.22807269228021154,0.33614158636188585,2,2.662343813271882,3.5662041614463766,-10.630619646614413,-2.6700602016961948e-08,27.384600717633518,-6.22723180596221e-15,2.662343813271882,0-2,1,30.049999999999997,30050,,,,,0,0.22807269228021154,0.3364072078821007,2.662343813271882,3.5662041614463766,1.2920259221820365e-05,negative_baseline,20.0,0,0,0,1,0,0,0,0,0,0,-1,1,0,0,0,0,0,1,0,0
sim_0039_n3_seed81,81,0.001,3,102.0,0,body_0,23.12038132751752,16.22432647230617,1.2046254293674657e-06,6.684370212682312e-07,0.137419410884013,0.0668371630823793,2,4.034588406232819,2.5133175155692506,-10.630619177061131,1.746928739085332e-08,27.384600717633507,-6.616433793834847e-15,4.034588406232819,0-2,1,31.049999999999997,31050,,,,,0,0.137419410884013,0.06682096800297405,4.034588406232819,2.5133175155692506,1.125999764763172e-05,negative_baseline,20.0,0,0,0,0,0,0,0,0,0,0,-1,0,0,0,0,0,1,1,0,0
sim_0039_n3_seed81,81,0.001,3,103.0,0,body_0,23.12038132751752,16.22432647230617,9.590272303776396e-07,4.701917131874179e-07,0.112681480427006,0.02455203838477163,2,5.077436713241148,1.9151673315136812,-10.630619222637694,1.3181995991095181e-08,27.38460071763353,-5.838029818089571e-15,4.7712538903268005,1-2,1,32.05,32050,,,,,0,0.112681480427006,0.024550543796737097,5.077436713241148,1.9151673315136812,9.693584957478408e-06,negative_baseline,20.0,0,0,0,0,0,0,0,0,0,0,-1,0,0,0,0,0,1,1,0,0
sim_0039_n3_seed81,81,0.001,3,104.0,0,body_0,23.12038132751752,16.22432647230617,8.059917700560017e-07,3.9831556406195134e-07,0.10433603334332138,0.018625390952973293,2,5.685712965967703,1.5596231951267738,-10.63061925005566,1.0602845555155056e-08,27.384600717633557,-4.800157850429203e-15,4.32206599517721,1-2,1,33.05,33050,,,,,0,0.10433603334332138,0.01862221849334395,5.685712965967703,1.5596231951267738,8.291084745445876e-06,negative_baseline,20.0,0,0,0,0,0,0,0,0,0,0,-1,0,0,0,0,0,1,1,0,0
sim_0039_n3_seed81,81,0.001,3,105.0,0,body_0,23.12038132751752,16.22432647230617,7.543356592241042e-07,3.760511517949751e-07,0.10451554471357066,0.02289516470292657,2,5.846818618399565,1.4103552284370118,-10.630619248183974,1.0778911195516363e-08,27.384600717633656,-1.1676059636179143e-15,4.575019848957915,1-2,1,34.05,34050,,,,,0,0.10451554471357066,0.022889332910079236,5.846818618399565,1.4103552284370118,7.223321475754969e-06,negative_baseline,20.0,0,0,0,0,0,0,0,0,0,0,-1,0,0,0,0,0,1,1,0,0
sim_0039_n3_seed81,81,0.001,3,106.0,0,body_0,23.12038132751752,16.22432647230617,8.073681664768623e-07,3.861162984361997e-07,0.11167636742227073,0.033381509748677075,2,5.535008327372455,1.5547626793672111,-10.6306192373357,1.1799385452049194e-08,27.384600717633717,1.0378719676603682e-15,5.337985479528348,1-2,1,35.05,35050,,,,,0,0.11167636742227073,0.03337012303148709,5.535008327372455,1.5547626793672111,6.773335883610526e-06,negative_baseline,20.0,0,0,0,0,0,0,0,0,0,0,-1,0,0,0,0,0,1,1,0,0
sim_0039_n3_seed81,81,0.001,3,107.0,0,body_0,23.12038132751752,16.22432647230617,9.474281330047783e-07,4.400039672830839e-07,0.1266188344400104,0.059109580777845505,2,4.717534167653147,2.0274761995548793,-10.630619218491704,1.3572000569034194e-08,27.384600717633663,-9.081379717028221e-16,4.717534167653147,0-2,1,36.05,36050,,,,,0,0.1266188344400104,0.05906790675376891,4.717534167653147,2.0274761995548793,6.957029261296418e-06,negative_baseline,20.0,0,0,0,0,0,0,0,0,0,0,-1,0,0,0,0,0,1,1,0,0
sim_0039_n3_seed81,81,0.001,3,108.0,0,body_0,23.12038132751752,16.22432647230617,1.1379893122547972e-06,6.30656366698744e-07,0.1611828143320487,0.18718716787810533,2,3.3654724857452325,2.927680791448011,-10.630619133978033,2.1522023784459027e-08,27.384600717633703,5.189359838301841e-16,3.3654724857452325,0-2,1,37.05,37050,,,,,0,0.1611828143320487,0.18680345491503067,3.3654724857452325,2.927680791448011,7.953121389015195e-06,negative_baseline,20.0,0,0,0,0,0,0,0,0,0,0,-1,0,0,0,0,0,0,1,0,0
sim_0039_n3_seed81,81,0.001,3,108.2,0,body_0,23.12038132751752,16.22432647230617,1.1733265195590778e-06,7.22035283239057e-07,0.17884344364871418,0.2645716227685552,2,3.037164691232251,3.194206050324853,-10.630619136479577,2.1286708815915892e-08,27.38460071763369,0.0,3.037164691232251,0-2,1,37.25,37250,,,,,0,0.17884344364871418,0.26396751717658623,3.037164691232251,3.194206050324853,8.316333266551918e-06,negative_hard,10.0,0,0,0,0,1,0,0,0,0,0,-1,0,0,0,0,0,0,1,0,0
sim_0039_n3_seed81,81,0.001,3,108.7,0,body_0,23.12038132751752,16.22432647230617,1.2078296349833816e-06,1.1951320011872774e-06,0.29386535468974584,0.7039350977812191,2,2.210227436352542,4.044183684088663,-10.630620416405087,-9.911319131229226e-08,27.3846007176337,3.892019878726381e-16,2.210227436352542,0-2,1,37.75,37750,,,,,0,0.29386535468974584,0.7041354348697328,2.210227436352542,4.044183684088663,9.556093015466323e-06,negative_hard,10.0,0,0,0,1,0,0,1,0,0,0,-1,1,0,0,0,0,0,1,0,0
sim_0039_n3_seed81,81,0.001,3,109.0,0,body_0,23.12038132751752,16.22432647230617,1.116554948514351e-06,1.6982254172930864e-06,0.42792921205564477,1.0900255628159685,2,1.8496230075474012,4.551651239971674,-10.630624763627793,-5.080472861104187e-07,27.384600717633706,6.486699797877301e-16,1.8496230075474012,0-2,1,38.05,38050,,,,,0,0.42792921205564477,1.0989739510429324,1.8496230075474012,4.551651239971674,1.0280001824457496e-05,negative_baseline,20.0,0,0,0,1,0,0,1,0,0,0,-1,1,0,0,0,0,0,1,0,0
sim_0039_n3_seed81,81,0.001,3,109.2,0,body_0,23.12038132751752,16.22432647230617,9.790281392545404e-07,1.9267612168083983e-06,0.4787587148019228,1.1310960617669015,2,1.7758268963638553,4.671963530203008,-10.630626781473957,-6.978618298428587e-07,27.38460071763372,1.1676059636179143e-15,1.7758268963638553,0-2,1,38.25,38250,,,,,0,0.4787587148019228,1.1445225394250662,1.7758268963638553,4.671963530203008,1.0406374360352308e-05,negative_hard,10.0,0,0,0,1,0,0,1,0,0,0,-1,1,0,0,0,0,0,1,0,0
sim_0039_n3_seed81,81,0.001,3,109.7,0,body_0,23.12038132751752,16.22432647230617,7.551096533453763e-07,1.4720986199401354e-06,0.3197772396636319,0.5251089964681321,2,2.252923490011828,3.99325281375236,-10.630620321336544,-9.017029344193365e-08,27.38460071763371,7.784039757452762e-16,2.252923490011828,0-2,1,38.75,38750,,,,,0,0.3197772396636319,0.5266198629859429,2.252923490011828,3.99325281375236,9.658085943431992e-06,negative_hard,10.0,0,0,0,1,0,0,1,0,0,0,-1,1,0,0,0,0,0,1,0,0
sim_0039_n3_seed81,81,0.001,3,110.0,0,body_0,23.12038132751752,16.22432647230617,8.764214488123431e-07,1.1346718808305757e-06,0.2216554459607037,0.3160599816914252,2,2.7450139127955544,3.474318471561628,-10.630619396538457,-3.1764828802110644e-09,27.3846007176337,3.892019878726381e-16,2.7450139127955544,0-2,1,39.05,39050,,,,,0,0.2216554459607037,0.3163047990199908,2.7450139127955544,3.474318471561628,9.417860169235896e-06,negative_baseline,20.0,0,0,0,1,0,1,0,0,0,0,-1,1,0,0,0,0,0,1,0,0
sim_0039_n3_seed81,81,0.001,3,111.0,0,body_0,23.12038132751752,16.22432647230617,1.587299148232812e-06,7.254373190090572e-07,0.14043261712420732,0.19913731124590595,1,3.4788212449146063,2.953226143188496,-10.630619696893616,-3.1430260873842315e-08,27.38460071763371,7.784039757452762e-16,3.4788212449146063,0-1,1,40.05,40050,,,,,0,0.14043261712420732,0.19927114349580954,3.4788212449146063,2.953226143188496,1.044645236309219e-05,negative_baseline,20.0,0,0,0,0,0,0,0,0,0,0,-1,0,0,0,0,0,0,1,0,0
sim_0039_n3_seed81,81,0.001,3,112.0,0,body_0,23.12038132751752,16.22432647230617,2.0082081882427454e-06,9.202643303280441e-07,0.16440545764861542,0.14898503018670464,1,3.5645967751046514,2.8859069213850783,-10.630619660637677,-2.8019740991746887e-08,27.384600717633717,1.0378719676603682e-15,3.5645967751046514,0-1,1,41.05,41050,,,,,0,0.16440545764861542,0.1490949225863691,3.5645967751046514,2.8859069213850783,1.2152030269370208e-05,negative_baseline,20.0,0,0,0,0,0,0,0,0,0,0,-1,0,0,0,0,0,0,1,0,0
sim_0039_n3_seed81,81,0.001,3,113.0,0,body_0,23.12038132751752,16.22432647230617,2.0356614413078398e-06,1.0500924087758774e-06,0.1575728166283254,0.10090799709461476,1,3.9523304888117954,2.611377956671471,-10.63061942929334,-6.257665841654908e-09,27.384600717633646,-1.5568079514905524e-15,3.9523304888117954,0-1,1,42.05,42050,,,,,0,0.1575728166283254,0.10094633229216854,3.9523304888117954,2.611377956671471,1.3171080433426476e-05,negative_baseline,20.0,0,0,0,0,0,0,0,0,0,0,-1,0,0,0,0,0,0,1,0,0
sim_0039_n3_seed81,81,0.001,3,114.0,0,body_0,23.12038132751752,16.22432647230617,1.923081705864949e-06,1.0243819220807177e-06,0.14056443030857613,0.06920451783886934,1,4.380752481530272,2.346951761433031,-10.630619327813125,3.2883644497955017e-09,27.384600717633685,-1.2973399595754603e-16,4.380752481530272,0-1,1,43.05,43050,,,,,0,0.14056443030857613,0.06921587006315051,4.380752481530272,2.346951761433031,1.345106182325147e-05,negative_baseline,20.0,0,0,0,0,0,0,0,0,0,0,-1,0,0,0,0,0,0,1,0,0
sim_0039_n3_seed81,81,0.001,3,115.0,0,body_0,23.12038132751752,16.22432647230617,1.854993923654864e-06,9.539352157305683e-07,0.12844739622947185,0.053069463415079635,1,4.691782366833844,2.181712934292268,-10.630619300473956,5.860102578855851e-09,27.384600717633656,-1.1676059636179143e-15,4.691782366833844,0-1,1,44.05,44050,,,,,0,0.12844739622947185,0.05307228273521119,4.691782366833844,2.181712934292268,1.3219179909450219e-05,negative_baseline,20.0,0,0,0,0,0,0,0,0,0,0,-1,0,0,0,0,0,0,1,0,0
sim_0039_n3_seed81,81,0.001,3,116.0,0,body_0,23.12038132751752,16.22432647230617,1.874440277619415e-06,8.914732676272133e-07,0.12326671332674305,0.04753986477946283,1,4.834037246400675,2.119809550928664,-10.63061929746172,6.14345726321978e-09,27.38460071763363,-2.0757439353207364e-15,4.834037246400675,0-1,1,45.05,45050,,,,,0,0.12326671332674305,0.04753874876235845,4.834037246400675,2.119809550928664,1.2608565651681433e-05,negative_baseline,20.0,0,0,0,0,0,0,0,0,0,0,-1,0,0,0,0,0,0,1,0,0
sim_0039_n3_seed81,81,0.001,3,117.0,0,body_0,23.12038132751752,16.22432647230617,1.949942939576242e-06,8.657840982655982e-07,0.12467904140018643,0.049870296355990565,1,4.802729066648573,2.1413208596216453,-10.630619296534329,6.230695030398022e-09,27.384600717633656,-1.1676059636179143e-15,4.802729066648573,0-1,1,46.05,46050,,,,,0,0.12467904140018643,0.049865206619955985,4.802729066648573,2.1413208596216453,1.1841648239229223e-05,negative_baseline,20.0,0,0,0,0,0,0,0,0,0,0,-1,0,0,0,0,0,0,1,0,0
sim_0039_n3_seed81,81,0.001,3,118.0,0,body_0,23.12038132751752,16.22432647230617,2.0380022772912352e-06,9.15627100735386e-07,0.13326030892633775,0.06106237895348635,1,4.604292587436265,2.2447567608740866,-10.630619306912392,5.2544524899230705e-09,27.384600717633617,-2.5946799191509204e-15,4.604292587436265,0-1,1,47.05,47050,,,,,0,0.13326030892633775,0.061051626799375376,4.604292587436265,2.2447567608740866,1.1362019737182873e-05,negative_baseline,20.0,0,0,0,0,0,0,0,0,0,0,-1,0,0,0,0,0,0,1,0,0
sim_0039_n3_seed81,81,0.001,3,119.0,0,body_0,23.12038132751752,16.22432647230617,2.1153773017063012e-06,1.1071886300157038e-06,0.15100882924474085,0.08621266209580672,1,4.26315887852679,2.4356541888265237,-10.630619350063268,1.1953402992681789e-09,27.38460071763361,-2.8541479110660126e-15,4.26315887852679,0-1,1,48.05,48050,,,,,0,0.15100882924474085,0.08619557187855263,4.26315887852679,2.4356541888265237,1.1684672754812603e-05,negative_baseline,20.0,0,0,0,0,0,0,0,0,0,0,-1,0,0,0,0,0,0,1,0,0
sim_0039_n3_seed81,81,0.001,3,120.0,0,body_0,23.12038132751752,16.22432647230617,2.2142935689356644e-06,1.5244822243726999e-06,0.18141461453882002,0.13408290910596563,1,3.8552230617268335,2.688528998464957,-10.63061946208269,-9.342091008522416e-09,27.384600717633614,-2.7244139151084665e-15,3.8552230617268335,0-1,1,49.05,49050,,,,,0,0.18141461453882002,0.13406896522486747,3.8552230617268335,2.688528998464957,1.3333592506850145e-05,negative_baseline,20.0,0,0,0,0,0,0,0,0,0,0,-1,0,0,0,0,0,0,1,0,0
sim_0039_n3_seed81,81,0.001,3,121.0,0,body_0,23.12038132751752,16.22432647230617,2.516038730097222e-06,2.0705630994625763e-06,0.23499461836136984,0.20639598372676884,1,3.537456345699679,2.9069034945191325,-10.630619595065697,-2.1851522790317066e-08,27.38460071763358,-3.892019878726381e-15,3.537456345699679,0-1,1,50.05,50050,,,,,0,0.23499461836136984,0.2063864738477588,3.537456345699679,2.9069034945191325,1.6637191351137138e-05,negative_baseline,20.0,0,0,0,0,0,0,0,0,0,0,-1,0,0,0,0,0,1,1,0,0
sim_0039_n3_seed81,81,0.001,3,121.5,0,body_0,23.12038132751752,16.22432647230617,2.8109536079432193e-06,2.119203136775561e-06,0.286474029469753,0.24749552501728592,1,3.469200013734188,2.9572339116010773,-10.630619550352634,-1.7645458971442355e-08,27.38460071763353,-5.838029818089571e-15,3.331891455242543,1-2,1,50.55,50550,,,,,0,0.286474029469753,0.24740759468990559,3.469200013734188,2.9572339116010773,1.894554409448164e-05,negative_hard,10.0,0,0,0,0,0,0,0,0,0,0,-1,0,1,1,0,0,1,1,0,0
sim_0039_n3_seed81,81,0.001,3,122.0,0,body_0,23.12038132751752,16.22432647230617,3.0948968568723248e-06,1.5826619292666625e-06,0.3772144582870701,0.33682164907323414,2,2.788789984867503,3.8903704347444377,-10.63062039025521,-9.66533274004977e-08,27.384600717633496,-7.0056357817074854e-15,1.851068217656316,1-2,1,51.05,51050,,,,,0,0.3772144582870701,0.3368697913435661,2.788789984867503,3.8903704347444377,2.1794240388903605e-05,negative_hard,10.0,0,0,0,1,0,0,0,0,0,0,-1,1,0,0,0,0,0,1,0,0
sim_0039_n3_seed81,81,0.001,3,122.5,0,body_0,23.12038132751752,16.22432647230617,2.9964304271279284e-06,1.2495601084471813e-06,0.43192893801363785,0.5125182764409351,2,2.451448287759175,4.356201967585568,-10.630622167814131,-2.638645557147151e-07,27.38460071763343,-9.47058170490086e-15,1.8748896458184996,1-2,1,51.55,51550,,,,,0,0.43192893801363785,0.5150470808255844,2.451448287759175,4.356201967585568,2.4063989864741115e-05,negative_hard,10.0,0,0,0,1,0,0,1,0,0,0,-1,1,0,0,0,0,0,1,0,0
sim_0039_n3_seed81,81,0.001,3,123.0,0,body_0,23.12038132751752,16.22432647230617,2.6460600497427634e-06,1.862355184605761e-06,0.3340212423563354,0.42964377565018286,2,2.918584007355002,3.9030027323401364,-10.630620112954283,-7.056821254061734e-08,27.384600717633447,-8.82191172511313e-15,2.918584007355002,0-2,1,52.05,52050,,,,,0,0.3340212423563354,0.4300407101780556,2.918584007355002,3.9030027323401364,2.164641269042144e-05,negative_baseline,20.0,0,0,0,0,0,0,0,0,0,0,-1,0,0,0,0,0,1,1,0,0
sim_0039_n3_seed81,81,0.001,3,124.0,0,body_0,23.12038132751752,16.22432647230617,3.224332286800725e-06,1.6760159138871316e-06,0.2586382810815584,0.23563492679093392,1,3.3001762182734242,2.9727951420216403,-10.630619744387685,-3.58979280436684e-08,27.384600717633408,-1.0248985680646136e-14,3.3001762182734242,0-1,1,53.05,53050,,,,,0,0.2586382810815584,0.23573202370375435,3.3001762182734242,2.9727951420216403,3.2945090373993856e-05,negative_baseline,20.0,0,0,0,0,0,0,0,0,0,0,-1,0,0,0,0,0,0,1,0,0
sim_0039_n3_seed81,81,0.001,3,125.0,0,body_0,23.12038132751752,16.22432647230617,5.402104716106644e-06,2.8951512927755224e-06,0.2288165900247397,0.17431456085041785,1,3.4945956381143533,2.82422276828819,-10.630619635657776,-2.5669934271924257e-08,27.38460071763352,-6.0974978100046635e-15,3.4945956381143533,0-1,1,54.05,54050,,,,,0,0.2288165900247397,0.17440208994380677,3.4945956381143533,2.82422276828819,5.445560588976728e-05,negative_baseline,20.0,0,0,0,0,0,0,0,0,0,0,-1,0,0,0,0,0,0,1,0,0
sim_0039_n3_seed81,81,0.001,3,126.0,0,body_0,23.12038132751752,16.22432647230617,8.248350194449588e-06,3.2236252393290055e-06,0.18830275216848955,0.12178050499326482,1,3.826760106710759,2.5825876105745516,-10.630619457535827,-8.91437722375128e-09,27.38460071763353,-5.838029818089571e-15,3.826760106710759,0-1,1,55.05,55050,,,,,0,0.18830275216848955,0.12181514757381812,3.826760106710759,2.5825876105745516,7.321318377788454e-05,negative_baseline,20.0,0,0,0,0,0,0,0,0,0,0,-1,0,0,0,0,0,0,1,0,0
sim_0039_n3_seed81,81,0.001,3,127.0,0,body_0,23.12038132751752,16.22432647230617,1.0376371038580308e-05,3.2391788851923923e-06,0.15680943279217452,0.0882848811355034,1,4.120363905094237,2.3810257129518897,-10.630619369179202,-6.028553723574683e-10,27.384600717633447,-8.82191172511313e-15,4.120363905094237,0-1,1,56.05,56050,,,,,0,0.15680943279217452,0.08829526028411176,4.120363905094237,2.3810257129518897,8.856232911303703e-05,negative_baseline,20.0,0,0,0,0,0,0,0,0,0,0,-1,0,0,0,0,0,0,1,0,0
sim_0039_n3_seed81,81,0.001,3,128.0,0,body_0,23.12038132751752,16.22432647230617,1.157744387120511e-05,3.456374775973261e-06,0.138912436005892,0.07494173895413339,1,4.264301617120798,2.291030046911394,-10.63061934863977,1.3292457393494353e-09,27.384600717633493,-7.13536977766503e-15,4.264301617120798,0-1,1,57.05,57050,,,,,0,0.138912436005892,0.07494205285066624,4.264301617120798,2.291030046911394,0.00010137282748332403,negative_baseline,20.0,0,0,0,0,0,0,0,0,0,0,-1,0,0,0,0,0,0,1,0,0
sim_0039_n3_seed81,81,0.001,3,129.0,0,body_0,23.12038132751752,16.22432647230617,1.21865188340732e-05,3.872152496468466e-06,0.133600514138707,0.07769670915429058,1,4.227020504501459,2.3198049242681864,-10.630619361170613,1.5049578000232478e-10,27.384600717633482,-7.524571765537669e-15,4.227020504501459,0-1,1,58.05,58050,,,,,0,0.133600514138707,0.07769080855676151,4.227020504501459,2.3198049242681864,0.0001123114404542946,negative_baseline,20.0,0,0,0,0,0,0,0,0,0,0,-1,0,0,0,0,0,0,1,0,0
sim_0039_n3_seed81,81,0.001,3,130.0,0,body_0,23.12038132751752,16.22432647230617,1.2710025846888486e-05,4.380118451372947e-06,0.14173644828185897,0.09583152131708814,1,4.028761873631437,2.4501785585770577,-10.630619410196095,-4.4612282096758296e-09,27.384600717633464,-8.1732417453254e-15,4.028761873631437,0-1,1,59.05,59050,,,,,0,0.14173644828185897,0.09582295265745353,4.028761873631437,2.4501785585770577,0.00012194102264883316,negative_baseline,20.0,0,0,0,0,0,0,0,0,0,0,-1,0,0,0,0,0,0,1,0,0
sim_0039_n3_seed81,81,0.001,3,131.0,0,body_0,23.12038132751752,16.22432647230617,1.3643790162461455e-05,5.033625758114067e-06,0.16585459968618144,0.13020564345176194,1,3.7349473500822787,2.646901172502002,-10.630619523220078,-1.5093156529618135e-08,27.38460071763351,-6.486699797877301e-15,3.7349473500822787,0-1,1,60.05,60050,,,,,0,0.16585459968618144,0.1302099378895421,3.7349473500822787,2.646901172502002,0.00013081015309501776,negative_baseline,20.0,0,0,0,0,0,0,0,0,0,0,-1,0,0,0,0,0,0,1,0,0
sim_0039_n3_seed81,81,0.001,3,132.0,0,body_0,23.12038132751752,16.22432647230617,1.5229115645177441e-05,5.966039398406118e-06,0.2015245843670288,0.17240967330028747,1,3.464587280737128,2.8375792616286226,-10.630619705739617,-3.226238560364009e-08,27.384600717633496,-7.0056357817074854e-15,3.464587280737128,0-1,1,61.05,61050,,,,,0,0.2015245843670288,0.17246535240365632,3.464587280737128,2.8375792616286226,0.0001397152342054186,negative_baseline,20.0,0,0,0,0,0,0,0,0,0,0,-1,0,0,0,0,0,0,1,0,0
sim_0039_n3_seed81,81,0.001,3,133.0,0,body_0,23.12038132751752,16.22432647230617,1.703570857782547e-05,6.537208949015343e-06,0.22565473282211193,0.19193152040477804,1,3.3643018218570524,2.9111331249259496,-10.63061980026587,-4.115427141626808e-08,27.384600717633447,-8.82191172511313e-15,3.3643018218570524,0-1,1,62.05,62050,,,,,0,0.22565473282211193,0.19203975432773468,3.3643018218570524,2.9111331249259496,0.0001497882715452415,negative_hard,10.0,0,0,0,0,0,0,0,0,0,0,-1,0,0,0,0,0,0,1,0,0
sim_0039_n3_seed81,81,0.001,3,133.5,0,body_0,23.12038132751752,16.22432647230617,1.7607765107874574e-05,6.3076020166906496e-06,0.22561066645553993,0.18448137781254367,1,3.404426825429978,2.88234285201017,-10.630619756150702,-3.700445032854442e-08,27.384600717633468,-8.043507749367853e-15,3.404426825429978,0-1,1,62.55,62550,,,,,0,0.22561066645553993,0.18458700641462822,3.404426825429978,2.88234285201017,0.00015534574681100473,negative_hard,10.0,0,0,0,0,0,0,0,0,0,0,-1,0,0,0,0,0,0,1,0,0
sim_0039_n3_seed81,81,0.001,3,134.0,0,body_0,23.12038132751752,16.22432647230617,1.7704594433291332e-05,5.742753273076407e-06,0.21775062731192968,0.1674486474402682,1,3.4992736371520192,2.8161492392479457,-10.63061967386283,-2.9263803268586355e-08,27.38460071763343,-9.47058170490086e-15,3.4992736371520192,0-1,1,63.05,63050,,,,,0,0.21775062731192968,0.1675358033515237,3.4992736371520192,2.8161492392479457,0.00016093778525061312,negative_hard,10.0,0,0,0,0,0,0,0,0,0,0,-1,0,0,0,0,0,0,1,0,0
sim_0039_n3_seed81,81,0.001,3,135.0,0,body_0,23.12038132751752,16.22432647230617,1.621300074690711e-05,4.590053322314642e-06,0.18994214339714616,0.12270314125324339,1,3.7947350249252416,2.6128315364761274,-10.630619503047011,-1.319551857606222e-08,27.384600717633354,-1.2194995620009327e-14,3.7947350249252416,0-1,1,64.05,64050,,,,,0,0.18994214339714616,0.12274589290457892,3.7947350249252416,2.6128315364761274,0.00017082245393940668,negative_baseline,20.0,0,0,0,0,0,0,0,0,0,0,-1,0,0,0,0,0,0,1,0,0
sim_0039_n3_seed81,81,0.001,3,136.0,0,body_0,23.12038132751752,16.22432647230617,1.297777606795741e-05,4.987849062663388e-06,0.1633088447943972,0.08620899728517592,1,4.101741312618682,2.3951624925477426,-10.630619371782224,-8.477161569722232e-10,27.38460071763337,-1.1676059636179143e-14,4.101741312618682,0-1,1,65.05,65050,,,,,0,0.1633088447943972,0.08622233704213819,4.101741312618682,2.3951624925477426,0.0001790541511020109,negative_baseline,20.0,0,0,0,0,0,0,0,0,0,0,-1,0,0,0,0,0,0,1,0,0
sim_0039_n3_seed81,81,0.001,3,137.0,0,body_0,23.12038132751752,16.22432647230617,9.67143813451751e-06,6.775404110944562e-06,0.14703577221556058,0.06834754493297014,1,4.272698939788565,2.278805489727805,-10.630619322270547,3.809743097926419e-09,27.384600717633425,-9.600315700858407e-15,4.272698939788565,0-1,1,66.05,66050,,,,,0,0.14703577221556058,0.06834791329741885,4.272698939788565,2.278805489727805,0.000188867417625397,negative_baseline,20.0,0,0,0,0,0,0,0,0,0,0,-1,0,0,0,0,0,0,1,0,0
sim_0039_n3_seed81,81,0.001,3,138.0,0,body_0,23.12038132751752,16.22432647230617,1.0430589055136803e-05,9.4397451031659e-06,0.1411235034792991,0.07063669397731738,1,4.24497762031313,2.3051126455145043,-10.630619299978088,5.906747860606632e-09,27.38460071763345,-8.692177729155584e-15,4.24497762031313,0-1,1,67.05,67050,,,,,0,0.1411235034792991,0.07061837495760687,4.24497762031313,2.3051126455145043,0.0002042502312423153,negative_baseline,20.0,0,0,0,0,0,0,0,0,0,0,-1,0,0,0,0,0,0,1,0,0
sim_0039_n3_seed81,81,0.001,3,138.6,0,body_0,23.12038132751752,16.22432647230617,1.4072763258154596e-05,1.1718280631048776e-05,0.14487584613661064,0.09028969858611971,1,4.137759581847889,2.3843566706556456,-10.630619285013722,7.314414266099157e-09,27.384600717633447,-8.82191172511313e-15,4.137759581847889,0-1,1,67.64999999999999,67650,,,,,0,0.14487584613661064,0.09022594665919592,4.137759581847889,2.3843566706556456,0.00021879095150127522,negative_hard,10.0,0,0,0,0,0,0,0,0,0,0,-1,0,0,0,0,0,0,1,0,0
sim_0039_n3_seed81,81,0.001,3,139.0,0,body_0,23.12038132751752,16.22432647230617,1.751656128693919e-05,1.3801771950910723e-05,0.1567566995268888,0.12331818961714862,1,4.036804613051167,2.45818904381339,-10.630619276275196,8.136429056467568e-09,27.38460071763347,-7.913773753410307e-15,4.036804613051167,0-1,1,68.05,68050,,,,,0,0.1567566995268888,0.12317483998470816,4.036804613051167,2.45818904381339,0.00023218368628142875,negative_baseline,20.0,0,0,0,0,0,0,0,0,0,0,-1,0,0,0,0,0,0,1,0,0
sim_0039_n3_seed81,81,0.001,3,139.1,0,body_0,23.12038132751752,16.22432647230617,1.8478124631187462e-05,1.4431649729405507e-05,0.1622922003126405,0.13610462672391338,1,4.008731507966889,2.4787305150392536,-10.63061927708825,8.059946728875966e-09,27.384600717633464,-8.1732417453254e-15,4.008731507966889,0-1,1,68.14999999999999,68150,,,,,0,0.1622922003126405,0.1359312706459072,4.008731507966889,2.4787305150392536,0.00023613370998486338,negative_hard,10.0,0,0,0,0,0,0,0,0,0,0,-1,0,0,0,0,0,0,1,0,0
sim_0039_n3_seed81,81,0.001,3,139.85,0,body_0,23.12038132751752,16.22432647230617,2.6275702175184403e-05,2.1471226379027836e-05,0.2825303739569448,0.34714853693389375,2,2.81630031838083,3.7573645782573597,-10.630619758910907,-3.72640969601477e-08,27.384600717633443,-8.951645721070676e-15,2.81630031838083,0-2,1,68.89999999999999,68900,,,,,0,0.2825303739569448,0.3469927734359679,2.81630031838083,3.7573645782573597,0.0002738235948045257,negative_hard,10.0,0,0,0,1,0,0,0,0,0,0,-1,1,0,0,0,0,0,1,0,0
sim_0039_n3_seed81,81,0.001,3,140.0,0,body_0,23.12038132751752,16.22432647230617,2.7608541420794554e-05,2.3397276791189574e-05,0.33014114496016767,0.4200095283777288,2,2.6097987133924856,3.942530471113236,-10.630620211325777,-7.982181204453463e-08,27.38460071763348,-7.654305761495215e-15,2.6097987133924856,0-2,1,69.05,69050,,,,,0,0.33014114496016767,0.4203217077161556,2.6097987133924856,3.942530471113236,0.0002818164293176442,negative_baseline,20.0,0,0,0,1,0,0,1,0,0,0,-1,1,0,0,0,0,1,1,0,0
sim_0039_n3_seed81,81,0.001,3,140.35,0,body_0,23.12038132751752,16.22432647230617,2.8926697219243725e-05,2.66643273183077e-05,0.4427910570462504,0.5707893987046729,2,2.2969317237682523,4.323980980068766,-10.630622170129747,-2.640823808539904e-07,27.384600717633468,-8.043507749367853e-15,2.1937448091554486,1-2,1,69.39999999999999,69400,,,,,0,0.4427910570462504,0.5737166775108256,2.2969317237682523,4.323980980068766,0.00029358665101955817,negative_hard,10.0,0,0,0,1,0,0,1,0,0,0,-1,1,1,1,0,0,0,1,0,0
sim_0039_n3_seed81,81,0.001,3,140.85,0,body_0,23.12038132751752,16.22432647230617,2.401153602514205e-05,1.9821996478771614e-05,0.4240245366695821,0.5171053985311259,2,2.5633152093342884,4.185971459552156,-10.630620981141128,-1.522367226673785e-07,27.384600717633493,-7.13536977766503e-15,1.856319417219785,1-2,1,69.89999999999999,69900,,,,,0,0.4240245366695821,0.5182761785457302,2.5633152093342884,4.185971459552156,0.0002709577971158286,negative_hard,10.0,0,0,0,1,0,0,1,0,0,0,-1,1,0,0,0,0,0,1,0,0
sim_0039_n3_seed81,81,0.001,3,141.0,0,body_0,23.12038132751752,16.22432647230617,2.1840405086502896e-05,1.6365078194483667e-05,0.3936761725789725,0.46874236492526417,2,2.7904788509385705,3.96426095740533,-10.630619890512886,-4.9643618284454974e-08,27.384600717633514,-6.356965801919755e-15,2.238548589827699,1-2,1,70.05,70050,,,,,0,0.3936761725789725,0.4689098855437742,2.7904788509385705,3.96426095740533,0.0002547417799169632,negative_baseline,20.0,0,0,0,1,0,0,1,0,0,0,-1,1,0,0,0,0,1,1,0,0
sim_0039_n3_seed81,81,0.001,3,142.0,0,body_0,23.12038132751752,16.22432647230617,1.6669037625564274e-05,1.8970636779218405e-05,0.3417289912929484,0.4359548689587215,1,2.8054703488964083,3.43014608064369,-10.63062062889723,-1.1910188018743242e-07,27.38460071763348,-7.654305761495215e-15,2.8054703488964083,0-1,1,71.05,71050,,,,,0,0.3417289912929484,0.43655179360244367,2.8054703488964083,3.43014608064369,0.00026622888361083026,negative_baseline,20.0,0,0,0,1,0,0,0,0,0,0,-1,1,0,0,0,0,0,1,0,0
sim_0039_n3_seed81,81,0.001,3,142.05,0,body_0,23.12038132751752,16.22432647230617,1.70799730543594e-05,2.0811282823918024e-05,0.34087263143628077,0.4336954942876725,1,2.8019662110797063,3.4336103825734354,-10.630620652378745,-1.2131073694332433e-07,27.384600717633482,-7.524571765537669e-15,2.8019662110797063,0-1,1,71.10000000000001,71100,,,,,0,0.34087263143628077,0.4343205046589047,2.8019662110797063,3.4336103825734354,0.00027289121415563104,negative_hard,10.0,0,0,0,1,0,0,0,0,0,0,-1,1,0,0,0,0,0,1,0,0
sim_0039_n3_seed81,81,0.001,3,143.0,0,body_0,23.12038132751752,16.22432647230617,4.2354019304361164e-05,4.554923945062553e-05,0.26601508728412976,0.2791302852538043,1,3.1257007723366472,3.1447426635401006,-10.630619887199954,-4.9331977726385866e-08,27.384600717633447,-8.82191172511313e-15,3.1257007723366472,0-1,1,72.05,72050,,,,,0,0.26601508728412976,0.2793975606310481,3.1257007723366472,3.1447426635401006,0.00042984490033445236,negative_baseline,20.0,0,0,0,0,0,0,0,0,0,0,-1,0,0,0,0,0,0,1,0,0
sim_0039_n3_seed81,81,0.001,3,144.0,0,body_0,23.12038132751752,16.22432647230617,7.887951059773146e-05,4.622643889682836e-05,0.17353497829538772,0.1269915690608127,1,3.854047027263794,2.603398564477059,-10.630619350899156,1.1167100920437471e-09,27.384600717633457,-8.432709737240492e-15,3.854047027263794,0-1,1,73.05,73050,,,,,0,0.17353497829538772,0.12702414820289146,3.854047027263794,2.603398564477059,0.000576853378240881,negative_baseline,20.0,0,0,0,0,0,0,0,0,0,0,-1,0,0,0,0,0,0,1,0,0
sim_0039_n3_seed81,81,0.001,3,145.0,0,body_0,23.12038132751752,16.22432647230617,0.00010721224083704862,4.187980757041588e-05,0.12474283451045755,0.06561431201480376,1,4.496235952157364,2.2090447316945365,-10.630619268931703,8.82721598752619e-09,27.384600717633404,-1.0378719676603682e-14,4.496235952157364,0-1,1,74.05,74050,,,,,0,0.12474283451045755,0.06562060368101644,4.496235952157364,2.2090447316945365,0.0006954575153151918,negative_baseline,20.0,0,0,0,0,0,0,0,0,0,0,-1,0,0,0,0,0,0,1,0,0
sim_0039_n3_seed81,81,0.001,3,146.0,0,body_0,23.12038132751752,16.22432647230617,0.0001268880142305969,4.067967721787064e-05,0.1017200882175032,0.043169332891546376,1,4.894792374028109,1.9912629814033558,-10.630619257861149,9.868599736986885e-09,27.38460071763342,-9.859783692773497e-15,4.894792374028109,0-1,1,75.05,75050,,,,,0,0.1017200882175032,0.04316939786760547,4.894792374028109,1.9912629814033558,0.0008009012801206345,negative_baseline,20.0,0,0,0,0,0,0,0,0,0,0,-1,0,0,0,0,0,0,1,0,0
sim_0039_n3_seed81,81,0.001,3,147.0,0,body_0,23.12038132751752,16.22432647230617,0.00014039480672714696,4.4251898865014654e-05,0.0931134376939485,0.03767537685229136,1,5.018718624896658,1.9297922872996962,-10.630619258112894,9.844918587028544e-09,27.384600717633408,-1.0248985680646136e-14,5.018718624896658,0-1,1,76.05,76050,,,,,0,0.0931134376939485,0.03767051180936277,5.018718624896658,1.9297922872996962,0.0009038387394157375,negative_baseline,20.0,0,0,0,0,0,0,0,0,0,0,-1,0,0,0,0,0,0,1,0,0
sim_0039_n3_seed81,81,0.001,3,148.0,0,body_0,23.12038132751752,16.22432647230617,0.00015103433517165327,5.340741193555819e-05,0.09602616388349638,0.044322867096098194,1,4.868575231439101,2.0132036502565276,-10.63061926418733,9.273509248607783e-09,27.384600717633383,-1.1157123652348958e-14,4.868575231439101,0-1,1,77.05,77050,,,,,0,0.09602616388349638,0.04431023384055855,4.868575231439101,2.0132036502565276,0.0010145126873082075,negative_baseline,20.0,0,0,0,0,0,0,0,0,0,0,-1,0,0,0,0,0,0,1,0,0
sim_0039_n3_seed81,81,0.001,3,149.0,0,body_0,23.12038132751752,16.22432647230617,0.00016367711844218356,7.029683092767995e-05,0.1139470425670661,0.0678857250167862,1,4.458773453849603,2.2411803263429473,-10.630619287017057,7.12596481466981e-09,27.384600717633393,-1.076792166447632e-14,4.458773453849603,0-1,1,78.05,78050,,,,,0,0.1139470425670661,0.06785703308147899,4.458773453849603,2.2411803263429473,0.001146876124011593,negative_baseline,20.0,0,0,0,0,0,0,0,0,0,0,-1,0,0,0,0,0,0,1,0,0
sim_0039_n3_seed81,81,0.001,3,150.0,0,body_0,23.12038132751752,16.22432647230617,0.0001856210721572386,0.0001004104468061249,0.1588964931862893,0.12794482532935472,1,3.837032892844821,2.620780522762522,-10.630619394808127,-3.0137144094111085e-09,27.38460071763343,-9.47058170490086e-15,3.837032892844821,0-1,1,79.05,79050,,,,,0,0.1588964931862893,0.12789229584544184,3.837032892844821,2.620780522762522,0.0013234630329584636,negative_baseline,20.0,0,0,0,0,0,0,0,0,0,0,-1,0,0,0,0,0,0,1,0,0
sim_0039_n3_seed81,81,0.001,3,151.0,0,body_0,23.12038132751752,16.22432647230617,0.00022255945682424775,0.00014853955267053306,0.24683534360012022,0.25798405266159474,1,3.1705941063309684,3.1056016504988904,-10.630619911935625,-5.1658810288526995e-08,27.384600717633475,-7.784039757452761e-15,3.1705941063309684,0-1,1,80.05,80050,,,,,0,0.24683534360012022,0.25807003766319203,3.1705941063309684,3.1056016504988904,0.0015766917950875016,negative_baseline,20.0,0,0,0,0,0,0,0,0,0,0,-1,0,0,0,0,0,0,1,0,0
sim_0039_n3_seed81,81,0.001,3,151.65,0,body_0,23.12038132751752,16.22432647230617,0.0002466143751785055,0.00017277594049443899,0.3040123960250032,0.341880489795032,1,2.9138108659027404,3.3269538243612633,-10.630620479328872,-1.0503229942312764e-07,27.38460071763348,-7.654305761495215e-15,2.9138108659027404,0-1,1,80.7,80700,,,,,0,0.3040123960250032,0.34231712488915644,2.9138108659027404,3.3269538243612633,0.0017819136124152227,negative_hard,10.0,0,0,0,0,0,0,0,0,0,0,-1,0,0,0,0,0,0,1,0,0
sim_0039_n3_seed81,81,0.001,3,152.0,0,body_0,23.12038132751752,16.22432647230617,0.000253133934064585,0.00017115339354252223,0.3134305595533342,0.34814921688233574,1,2.8983685292105954,3.3440472391462155,-10.63062052713995,-1.0952978692897945e-07,27.384600717633457,-8.432709737240492e-15,2.8983685292105954,0-1,1,81.05,81050,,,,,0,0.3134305595533342,0.3486729676274809,2.8983685292105954,3.3440472391462155,0.0018923591083296104,negative_baseline,20.0,0,0,0,0,0,0,0,0,0,0,-1,0,0,0,0,0,0,1,0,0
sim_0039_n3_seed81,81,0.001,3,152.15,0,body_0,23.12038132751752,16.22432647230617,0.00025380077090421605,0.00016646459804961947,0.31101050154098225,0.33941347589660253,1,2.921783411936625,3.324867132036837,-10.630620456347312,-1.0287047244183193e-07,27.38460071763343,-9.47058170490086e-15,2.921783411936625,0-1,1,81.2,81200,,,,,0,0.31101050154098225,0.33991906134233474,2.921783411936625,3.324867132036837,0.0019373757627511616,negative_hard,10.0,0,0,0,0,0,0,0,0,0,0,-1,0,0,0,0,0,0,1,0,0
sim_0039_n3_seed81,81,0.001,3,152.65,0,body_0,23.12038132751752,16.22432647230617,0.00024679507505965485,0.00013888033191062512,0.2810619629703041,0.2737361946608868,1,3.11642501525221,3.163756637952298,-10.630620013844407,-6.124515501408161e-08,27.384600717633454,-8.562443733198038e-15,3.11642501525221,0-1,1,81.7,81700,,,,,0,0.2810619629703041,0.27404099018181977,3.11642501525221,3.163756637952298,0.0020760991031253395,negative_hard,10.0,0,0,0,0,0,0,0,0,0,0,-1,0,0,0,0,0,0,1,0,0
sim_0039_n3_seed81,81,0.001,3,153.0,0,body_0,23.12038132751752,16.22432647230617,0.0002352169511018204,0.00011686174175952745,0.25073141025817963,0.21465184086761668,1,3.332520672895605,2.9908807173784773,-10.630619716249422,-3.325102081138508e-08,27.384600717633464,-8.1732417453254e-15,3.332520672895605,0-1,1,82.05,82050,,,,,0,0.25073141025817963,0.21481947422291708,3.332520672895605,2.9908807173784773,0.0021714426522166435,negative_baseline,20.0,0,0,0,0,0,0,0,0,0,0,-1,0,0,0,0,0,0,1,0,0
sim_0039_n3_seed81,81,0.001,3,154.0,0,body_0,23.12038132751752,16.22432647230617,0.00018841906869868658,8.984637477570492e-05,0.1812551526568317,0.08418422047426308,1,4.0513623335034685,2.449581042235993,-10.630619261360916,9.539383962494773e-09,27.384600717633433,-9.340847708943314e-15,4.0513623335034685,0-1,1,83.05,83050,,,,,0,0.1812551526568317,0.08421137127221934,4.0513623335034685,2.449581042235993,0.0025858358095101194,negative_baseline,20.0,0,0,0,0,0,0,0,0,0,0,-1,0,0,0,0,0,0,1,0,0
sim_0039_n3_seed81,81,0.001,3,155.0,0,body_0,23.12038132751752,16.22432647230617,0.00014734855203294003,0.000143973651080987,0.16463865313132414,0.06232636621071813,2,4.27499733971993,3.0166352129546636,-10.630619079298073,2.6665652603191578e-08,27.38460071763343,-9.47058170490086e-15,4.27499733971993,0-2,1,84.05,84050,,,,,0,0.16463865313132414,0.06212605023272815,4.27499733971993,3.0166352129546636,0.0033638986509303462,negative_baseline,20.0,0,0,0,0,1,0,0,0,0,0,-1,0,0,0,0,0,1,1,0,0
sim_0039_n3_seed81,81,0.001,3,155.05,0,body_0,23.12038132751752,16.22432647230617,0.00014659782143925873,0.00014990456549551662,0.1658470889807573,0.06921512126559565,2,4.177486569278582,3.063442466410145,-10.630619069930528,2.754683785141455e-08,27.384600717633433,-9.340847708943314e-15,4.177486569278582,0-2,1,84.10000000000001,84100,,,,,0,0.1658470889807573,0.06898897049448459,4.177486569278582,3.063442466410145,0.0034149434401341723,negative_hard,10.0,0,0,0,0,1,0,0,0,0,0,-1,0,0,0,0,0,1,1,0,0
sim_0039_n3_seed81,81,0.001,3,155.55,0,body_0,23.12038132751752,16.22432647230617,0.00015731299943967487,0.00024354880468569983,0.20152691954665322,0.20926438636283376,2,3.197731164089993,3.6232329222483517,-10.630619113587434,2.344012457758521e-08,27.384600717633383,-1.1157123652348958e-14,3.197731164089993,0-2,1,84.60000000000001,84600,,,,,0,0.20152691954665322,0.20873792130159924,3.197731164089993,3.6232329222483517,0.004007129213300013,negative_hard,10.0,0,0,0,0,1,0,0,0,0,0,-1,0,0,0,0,0,0,1,0,0
sim_0039_n3_seed81,81,0.001,3,156.0,0,body_0,23.12038132751752,16.22432647230617,0.0002079990184759568,0.0004003318836664846,0.2951173479070726,0.5001521465966051,2,2.4391431548173235,4.2427351187238616,-10.630620727737838,-1.2839960830784843e-07,27.38460071763338,-1.1286857648306504e-14,2.4391431548173235,0-2,1,85.05,85050,,,,,0,0.2951173479070726,0.5012333448050474,2.4391431548173235,4.2427351187238616,0.004603482337121712,negative_baseline,20.0,0,0,0,1,0,0,1,0,0,0,-1,1,0,0,0,0,0,1,0,0
sim_0039_n3_seed81,81,0.001,3,156.05,0,body_0,23.12038132751752,16.22432647230617,0.00021598430452007215,0.0004189092084433204,0.30853173057319067,0.5372122607894922,2,2.376875313013058,4.305484264138341,-10.630621131935118,-1.6642159614292204e-07,27.384600717633386,-1.1027389656391412e-14,2.376875313013058,0-2,1,85.10000000000001,85100,,,,,0,0.30853173057319067,0.5388790811848098,2.376875313013058,4.305484264138341,0.004656954720008779,negative_hard,10.0,0,0,0,1,0,0,1,0,0,0,-1,1,0,0,0,0,0,1,0,0
sim_0039_n3_seed81,81,0.001,3,156.55,0,body_0,23.12038132751752,16.22432647230617,0.0002841809404669197,0.0004200342245336458,0.35719687614492285,0.609933951391873,2,2.2416995121940246,4.452735755072447,-10.630622383022807,-2.841087831134165e-07,27.384600717633393,-1.076792166447632e-14,2.2416995121940246,0-2,1,85.60000000000001,85600,,,,,0,0.35719687614492285,0.6139961144047574,2.2416995121940246,4.452735755072447,0.004609298484407801,negative_hard,10.0,0,0,0,1,0,0,1,0,0,0,-1,1,0,0,0,0,0,1,0,0
sim_0039_n3_seed81,81,0.001,3,157.0,0,body_0,23.12038132751752,16.22432647230617,0.0002775239456408151,0.00021502076414585096,0.26518818866277255,0.27734226634286685,2,2.846239037627916,3.8801791871428835,-10.630619441164527,-7.374363401337331e-09,27.384600717633397,-1.0638187668518774e-14,2.846239037627916,0-2,1,86.05,86050,,,,,0,0.26518818866277255,0.2775363470908437,2.846239037627916,3.8801791871428835,0.003820323821788148,negative_baseline,20.0,0,0,0,0,0,1,0,0,0,0,-1,0,0,0,0,0,0,1,0,0
sim_0039_n3_seed81,81,0.001,3,158.0,0,body_0,23.12038132751752,16.22432647230617,0.00018165990489751226,0.0001188513408872046,0.2086069456955655,0.0759203280744406,1,3.9304688797804688,2.5504377356891568,-10.630619195299367,1.575365491563196e-08,27.384600717633415,-9.989517688731043e-15,3.774691858292871,1-2,1,87.05,87050,,,,,0,0.2086069456955655,0.07580756122778566,3.9304688797804688,2.5504377356891568,0.002568530139261841,negative_baseline,20.0,0,0,0,0,0,0,0,0,0,0,-1,0,0,0,0,0,1,1,0,0
sim_0039_n3_seed81,81,0.001,3,159.0,0,body_0,23.12038132751752,16.22432647230617,0.00018421071722695553,0.00015357962071642137,0.29012047236185273,0.2937115227950856,1,3.0807628924984862,3.2057366049775946,-10.630619889990069,-4.959443795665552e-08,27.38460071763343,-9.47058170490086e-15,3.0807628924984862,0-1,1,88.05,88050,,,,,0,0.29012047236185273,0.2937371770601175,3.0807628924984862,3.2057366049775946,0.0025003787238221074,negative_baseline,20.0,0,0,0,0,0,0,0,0,0,0,-1,0,0,0,0,0,0,1,0,0
sim_0039_n3_seed81,81,0.001,3,159.45000000000002,0,body_0,23.12038132751752,16.22432647230617,0.00021769285933097158,0.00021943017294674748,0.3413951837227059,0.4134907408010605,1,2.7925891716848743,3.4638410839550744,-10.630620682605283,-1.2415408375932292e-07,27.38460071763343,-9.47058170490086e-15,2.7925891716848743,0-1,1,88.50000000000001,88500,,,,,0,0.3413951837227059,0.41402657972161766,2.7925891716848743,3.4638410839550744,0.002838254174072501,negative_hard,10.0,0,0,0,1,0,0,0,0,0,0,-1,1,0,0,0,0,0,1,0,0
sim_0039_n3_seed81,81,0.001,3,159.95000000000002,0,body_0,23.12038132751752,16.22432647230617,0.0002387813182712627,0.00033343481021033385,0.35858296517221167,0.4661290759736127,1,2.6898843350512767,3.56179645098493,-10.63062115526377,-1.686160732674305e-07,27.38460071763342,-9.859783692773497e-15,2.6898843350512767,0-1,1,89.00000000000001,89000,,,,,0,0.35858296517221167,0.46714250317323874,2.6898843350512767,3.56179645098493,0.003379792365070503,negative_hard,10.0,0,0,0,1,0,0,0,0,0,0,-1,1,0,0,0,0,0,1,0,0
sim_0039_n3_seed81,81,0.001,3,160.0,0,body_0,23.12038132751752,16.22432647230617,0.0002398269243188989,0.0003438600067766139,0.35639067357192145,0.4633070408518952,1,2.6952724087218907,3.5562793424392942,-10.63062112782378,-1.6603485114861437e-07,27.38460071763343,-9.47058170490086e-15,2.6952724087218907,0-1,1,89.05,89050,,,,,0,0.35639067357192145,0.4643148210618899,2.6952724087218907,3.5562793424392942,0.0034357334637253167,negative_baseline,20.0,0,0,0,1,0,0,0,0,0,0,-1,1,0,0,0,0,0,1,0,0
sim_0039_n3_seed81,81,0.001,3,161.0,0,body_0,23.12038132751752,16.22432647230617,0.00030900939626609536,0.0004172813114111394,0.23433337572027343,0.24447773578393736,1,3.269717415369321,3.049416448651127,-10.630619654267916,-2.742055091733139e-08,27.38460071763342,-9.859783692773497e-15,3.269717415369321,0-1,1,90.05,90050,,,,,0,0.23433337572027343,0.2446454504175282,3.269717415369321,3.049416448651127,0.004328349783368054,negative_baseline,20.0,0,0,0,0,0,0,0,0,0,0,-1,0,0,0,0,0,0,1,0,0
sim_0039_n3_seed81,81,0.001,3,162.0,0,body_0,23.12038132751752,16.22432647230617,0.0005057503248234458,0.0003873553561120479,0.14435732817873984,0.09991631673454103,1,4.12935930465217,2.457713307276216,-10.630619279756559,7.808944585917865e-09,27.384600717633468,-8.043507749367853e-15,4.12935930465217,0-1,1,91.05,91050,,,,,0,0.14435732817873984,0.09993169293604424,4.12935930465217,2.457713307276216,0.004955790356137304,negative_baseline,20.0,0,0,0,0,0,0,0,0,0,0,-1,0,0,0,0,0,0,1,0,0
sim_0039_n3_seed81,81,0.001,3,162.4,0,body_0,23.12038132751752,16.22432647230617,0.0005968920328440918,0.0003788925096789882,0.12481241077168054,0.07356086074133851,1,4.4337393488748935,2.2781380211365514,-10.630619255199008,1.0119021715164747e-08,27.384600717633436,-9.211113712985768e-15,4.4337393488748935,0-1,1,91.45,91450,,,,,0,0.12481241077168054,0.07356878766027282,4.4337393488748935,2.2781380211365514,0.0052199889841833425,negative_hard,8.0,0,0,0,0,0,0,0,0,0,0,-1,0,0,0,0,0,0,1,0,0
sim_0039_n3_seed81,81,0.001,3,162.8,0,body_0,23.12038132751752,16.22432647230617,0.0006905185715674301,0.00037447487852506955,0.11096098094227805,0.05632669741238706,1,4.698234506945983,2.130857334583559,-10.630619245757387,1.1007175123382161e-08,27.384600717633464,-8.1732417453254e-15,4.698234506945983,0-1,1,91.85000000000001,91850,,,,,0,0.11096098094227805,0.056331233214975795,4.698234506945983,2.130857334583559,0.005510799036235784,negative_hard,8.0,0,0,0,0,0,0,0,0,0,0,-1,0,0,0,0,0,0,1,0,0
sim_0039_n3_seed81,81,0.001,3,163.0,0,body_0,23.12038132751752,16.22432647230617,0.0007380191356788694,0.00037380707933580456,0.10563123362035381,0.05003782904312108,1,4.814125379950691,2.068477384857871,-10.630619243529676,1.1216731243557542e-08,27.38460071763347,-7.913773753410307e-15,4.814125379950691,0-1,1,92.05,92050,,,,,0,0.10563123362035381,0.05004126063642158,4.814125379950691,2.068477384857871,0.005668478688388995,negative_baseline,20.0,0,0,0,0,0,0,0,0,0,0,-1,0,0,0,0,0,0,1,0,0
sim_0039_n3_seed81,81,0.001,3,163.20000000000002,0,body_0,23.12038132751752,16.22432647230617,0.0007859416618515204,0.00037416968663429927,0.10115503564805205,0.04490806210135796,1,4.918689674067942,2.013186310677826,-10.630619242158614,1.1345704113319717e-08,27.38460071763348,-7.654305761495215e-15,4.918689674067942,0-1,1,92.25000000000001,92250,,,,,0,0.10115503564805205,0.04491058374028313,4.918689674067942,2.013186310677826,0.005835351882072764,negative_hard,8.0,0,0,0,0,0,0,0,0,0,0,-1,0,0,0,0,0,0,1,0,0
sim_0039_n3_seed81,81,0.001,3,163.6,0,body_0,23.12038132751752,16.22432647230617,0.0008831061830210907,0.00037803871934782244,0.0943062120219678,0.037332049398082774,1,5.093139233702581,1.9228454152254937,-10.630619240790853,1.1474366514717351e-08,27.384600717633504,-6.746167789792393e-15,5.093139233702581,0-1,1,92.64999999999999,92650,,,,,0,0.0943062120219678,0.0373330550895621,5.093139233702581,1.9228454152254937,0.006199442655735992,negative_hard,8.0,0,0,0,0,0,0,0,0,0,0,-1,0,0,0,0,0,0,1,0,0
sim_0039_n3_seed81,81,0.001,3,164.0,0,body_0,23.12038132751752,16.22432647230617,0.0009822945399389144,0.000386315605964923,0.08971286836823623,0.032440653842396104,1,5.220731426890704,1.8581839023724644,-10.630619240224238,1.1527666814527623e-08,27.384600717633543,-5.319093834259387e-15,5.220731426890704,0-1,1,93.05,93050,,,,,0,0.08971286836823623,0.03244029084709441,5.220731426890704,1.8581839023724644,0.006608554358418968,negative_hard,8.0,0,0,0,0,0,0,0,0,0,0,-1,0,0,0,0,0,0,1,0,0
sim_0039_n3_seed81,81,0.001,3,164.4,0,body_0,23.12038132751752,16.22432647230617,0.0010840122222245169,0.00039949116542968474,0.08693555841308984,0.029570202579751032,1,5.301159486189708,1.8181248841644262,-10.63061923988219,1.1559842566089704e-08,27.38460071763353,-5.838029818089571e-15,5.301159486189708,0-1,1,93.45,93450,,,,,0,0.08693555841308984,0.029568427013035924,5.301159486189708,1.8181248841644262,0.007068501363727618,negative_hard,8.0,0,0,0,0,0,0,0,0,0,0,-1,0,0,0,0,0,0,1,0,0
sim_0039_n3_seed81,81,0.001,3,164.8,0,body_0,23.12038132751752,16.22432647230617,0.0011889604817236935,0.0004183897418664697,0.08571873497847096,0.02836701020253232,1,5.3343648266279375,1.8020450297433925,-10.630619239529523,1.1593017230398405e-08,27.38460071763352,-6.0974978100046635e-15,5.3343648266279375,0-1,1,93.85000000000001,93850,,,,,0,0.08571873497847096,0.02836362951597514,5.3343648266279375,1.8020450297433925,0.007585917353444052,negative_hard,8.0,0,0,0,0,0,0,0,0,0,0,-1,0,0,0,0,0,0,1,0,0
sim_0039_n3_seed81,81,0.001,3,165.0,0,body_0,23.12038132751752,16.22432647230617,0.0012429234368145207,0.0004303588328481671,0.08565446896039927,0.028339287598922857,1,5.333271093529558,1.8029002534904792,-10.630619239317909,1.1612923298929574e-08,27.384600717633514,-6.356965801919755e-15,5.333271093529558,0-1,1,94.05,94050,,,,,0,0.08565446896039927,0.02833498382209959,5.333271093529558,1.8029002534904792,0.007868586661610985,negative_baseline,20.0,0,0,0,0,0,0,0,0,0,0,-1,0,0,0,0,0,0,1,0,0
sim_0039_n3_seed81,81,0.001,3,165.20000000000002,0,body_0,23.12038132751752,16.22432647230617,0.0012980585935393424,0.0004442744780762429,0.08594632931112617,0.028688603309882814,1,5.320393521273006,1.8096718530052005,-10.630619239077202,1.163556610097766e-08,27.38460071763353,-5.838029818089571e-15,5.320393521273006,0-1,1,94.25000000000001,94250,,,,,0,0.08594632931112617,0.028683264861206318,5.320393521273006,1.8096718530052005,0.008168720368125701,negative_hard,8.0,0,0,0,0,0,0,0,0,0,0,-1,0,0,0,0,0,0,1,0,0
sim_0039_n3_seed81,81,0.001,3,165.6,0,body_0,23.12038132751752,16.22432647230617,0.0014125045122184395,0.00047900998944568865,0.0876219984409306,0.030564446406071633,1,5.2593500419458135,1.8410325270809285,-10.630619238522298,1.1687764722678451e-08,27.384600717633514,-6.356965801919755e-15,5.2593500419458135,0-1,1,94.64999999999999,94650,,,,,0,0.0876219984409306,0.030556577173729588,5.2593500419458135,1.8410325270809285,0.008826646788340746,negative_hard,8.0,0,0,0,0,0,0,0,0,0,0,-1,0,0,0,0,0,0,1,0,0
sim_0039_n3_seed81,81,0.001,3,166.0,0,body_0,23.12038132751752,16.22432647230617,0.0015338767924934567,0.0005253175312049514,0.09086968332274172,0.03420716001133061,1,5.151429203329065,1.89646417475079,-10.630619237970741,1.1739648531462777e-08,27.384600717633464,-8.1732417453254e-15,5.151429203329065,0-1,1,95.05,95050,,,,,0,0.09086968332274172,0.034195841951642394,5.151429203329065,1.89646417475079,0.009571936913363216,negative_hard,8.0,0,0,0,0,0,0,0,0,0,0,-1,0,0,0,0,0,0,1,0,0
sim_0039_n3_seed81,81,0.001,3,166.15,0,body_0,23.12038132751752,16.22432647230617,0.0015815872555704038,0.000546426363665183,0.0925416773207577,0.036112286045944145,1,5.098944818074809,1.923588001543215,-10.630619237821595,1.1753678426416222e-08,27.38460071763347,-7.913773753410307e-15,5.098944818074809,0-1,1,95.2,95200,,,,,0,0.0925416773207577,0.03609933298167454,5.098944818074809,1.923588001543215,0.009877008721022673,negative_pre_failure,1.0,0,0,0,0,0,0,0,0,0,0,-1,0,0,0,0,0,0,1,0,0
sim_0039_n3_seed81,81,0.001,3,166.20000000000002,0,body_0,23.12038132751752,16.22432647230617,0.0015977946613504464,0.0005539897838754932,0.09315937106747259,0.0368220525632438,1,5.0800023298145955,1.9334115683806359,-10.630619237786766,1.1756954719862689e-08,27.384600717633486,-7.394837769580123e-15,5.0800023298145955,0-1,1,95.25000000000001,95250,,,,,0,0.09315937106747259,0.036808502312027806,5.0800023298145955,1.9334115683806359,0.009982075401325622,negative_pre_failure,1.0,0,0,0,0,0,0,0,0,0,0,-1,0,0,0,0,0,0,1,0,0
sim_0039_n3_seed81,81,0.001,3,167.0,0,body_0,23.12038132751752,16.22432647230617,5.113763315111805e-09,2.010665209978436e-09,0.10783374308162322,0.054748141083932195,1,4.685418025926775,2.1440995989064584,-10.630619365339715,-2.4168291197922206e-10,27.384600717633678,-3.892019878726381e-16,4.685418025926775,0-1,2,0.75,750,,,,,0,0.10783374308162322,0.054719911234747384,4.685418025926775,2.1440995989064584,2.97539646636472e-08,negative_baseline,20.0,0,0,0,0,0,0,0,0,0,0,-1,0,0,0,0,0,0,1,0,0
sim_0039_n3_seed81,81,0.001,3,168.0,0,body_0,23.12038132751752,16.22432647230617,1.5157738379371444e-08,1.0908423280365614e-08,0.14795277317803562,0.11362967600931696,1,3.9580156436990097,2.571118714832508,-10.630619421082784,-5.4853161308219745e-09,27.38460071763369,0.0,3.9580156436990097,0-1,2,1.75,1750,,,,,0,0.14795277317803562,0.11355782490212553,3.9580156436990097,2.571118714832508,8.814555197488108e-08,negative_baseline,20.0,0,0,0,0,0,0,0,0,0,0,-1,0,0,0,0,0,0,1,0,0
sim_0039_n3_seed81,81,0.001,3,169.0,0,body_0,23.12038132751752,16.22432647230617,4.02383561608602e-08,4.677996742210746e-08,0.2380132481429854,0.2825595064069004,1,3.1285673266367393,3.164365288738199,-10.630619954203329,-5.563484428627624e-08,27.384600717633663,-9.081379717028221e-16,3.1285673266367393,0-1,2,2.75,2750,,,,,0,0.2380132481429854,0.28257232105535046,3.1285673266367393,3.164365288738199,2.3115645220006577e-07,negative_baseline,20.0,0,0,0,0,0,0,0,0,0,0,-1,0,0,0,0,0,0,1,0,0
sim_0039_n3_seed81,81,0.001,3,169.6,0,body_0,23.12038132751752,16.22432647230617,7.364418907780117e-08,1.0645289484209199e-07,0.3147155189924383,0.441172259829232,1,2.78924341188572,3.455684020584535,-10.630620773940663,-1.327458108291308e-07,27.384600717633717,1.0378719676603682e-15,2.78924341188572,0-1,2,3.3499999999999943,3350,,,,,0,0.3147155189924383,0.44169090521964893,2.78924341188572,3.455684020584535,4.1931043116807097e-07,negative_hard,10.0,0,0,0,1,0,0,0,0,0,0,-1,1,0,0,0,0,0,1,0,0
sim_0039_n3_seed81,81,0.001,3,170.0,0,body_0,23.12038132751752,16.22432647230617,1.0677632745205812e-07,1.5999946137931735e-07,0.35455229702971447,0.5083964146432283,1,2.735322249736302,3.498689859166945,-10.630620868308267,-1.4162277277169754e-07,27.38460071763369,0.0,2.735322249736302,0-1,2,3.75,3750,,,,,0,0.35455229702971447,0.5090710304481026,2.735322249736302,3.498689859166945,6.061833287543554e-07,negative_baseline,20.0,0,0,0,1,0,0,0,0,0,0,-1,1,0,0,0,0,0,1,0,0
sim_0039_n3_seed81,81,0.001,3,170.1,0,body_0,23.12038132751752,16.22432647230617,1.1638465803891876e-07,1.7238981908697456e-07,0.3622361018952795,0.5152382917459519,1,2.7471497873702018,3.485060828982806,-10.63062076124713,-1.3155175685142894e-07,27.384600717633695,2.5946799191509205e-16,2.7471497873702018,0-1,2,3.8499999999999943,3850,,,,,0,0.3622361018952795,0.5158514808113411,2.7471497873702018,3.485060828982806,6.60873376857313e-07,negative_hard,10.0,0,0,0,1,0,0,0,0,0,0,-1,1,0,0,0,0,0,1,0,0
sim_0039_n3_seed81,81,0.001,3,170.6,0,body_0,23.12038132751752,16.22432647230617,1.7000940637766292e-07,2.139769064049789e-07,0.4069037259238119,0.5269223953602216,1,2.9345890554036296,3.3136913591640713,-10.630619969420984,-5.706633705002032e-08,27.384600717633678,-3.892019878726381e-16,2.514206032718389,1-2,2,4.349999999999994,4350,,,,,0,0.4069037259238119,0.5267017770165366,2.9345890554036296,3.3136913591640713,9.81583234065712e-07,negative_hard,10.0,0,0,0,0,0,0,0,0,0,0,-1,0,0,0,0,0,1,1,0,0
sim_0039_n3_seed81,81,0.001,3,171.0,0,body_0,23.12038132751752,16.22432647230617,2.1550314263088224e-07,2.4135647956818994e-07,0.4883188461666014,0.7233699439125815,2,2.3026637210989818,4.219114015433097,-10.630621736024708,-2.2324703296870237e-07,27.38460071763365,-1.4270739555330063e-15,1.9975800161671473,1-2,2,4.75,4750,,,,,0,0.4883188461666014,0.7235477554531928,2.3026637210989818,4.219114015433097,1.2998102818430593e-06,negative_baseline,20.0,0,0,0,1,1,0,1,0,0,0,-1,1,0,0,0,0,0,1,0,0
sim_0039_n3_seed81,81,0.001,3,171.1,0,body_0,23.12038132751752,16.22432647230617,2.270030159134924e-07,2.607650431718735e-07,0.5137216802075935,0.8393249068349328,2,2.1400650015109437,4.38286093670832,-10.630622027689874,-2.506833616276466e-07,27.384600717633653,-1.2973399595754602e-15,2.1400650015109437,0-2,2,4.849999999999994,4850,,,,,0,0.5137216802075935,0.84096297932799,2.1400650015109437,4.38286093670832,1.386867156981976e-06,negative_hard,10.0,0,0,0,1,0,0,1,0,0,0,-1,1,1,1,0,0,0,1,0,0
sim_0039_n3_seed81,81,0.001,3,171.6,0,body_0,23.12038132751752,16.22432647230617,2.851783450001582e-07,4.174995089241258e-07,0.4280442274120662,1.1372069922810304,2,1.8531819167362527,4.746642173582172,-10.630625915348048,-6.163871876592691e-07,27.384600717633678,-3.892019878726381e-16,1.8531819167362527,0-2,2,5.349999999999994,5350,,,,,0,0.4280442274120662,1.1491535587199084,1.8531819167362527,4.746642173582172,1.9165239353682775e-06,negative_hard,10.0,0,0,0,1,0,0,1,0,0,0,-1,1,0,0,0,0,0,1,0,0
sim_0039_n3_seed81,81,0.001,3,172.0,0,body_0,23.12038132751752,16.22432647230617,3.3129297421447985e-07,3.2788615650116397e-07,0.16030297477036456,0.523684095874264,2,2.3865868226802536,4.117234054020158,-10.630619894854728,-5.0052046269031414e-08,27.384600717633653,-1.2973399595754602e-15,2.3865868226802536,0-2,2,5.75,5750,,,,,0,0.16030297477036456,0.5240870472621245,2.3865868226802536,4.117234054020158,2.5343052984768804e-06,negative_baseline,20.0,0,0,0,1,0,1,1,0,0,0,-1,1,0,0,0,0,0,1,0,0
sim_0039_n3_seed81,81,0.001,3,172.1,0,body_0,23.12038132751752,16.22432647230617,3.414726285395036e-07,2.9860140983317667e-07,0.12335609571728183,0.3976431552026583,2,2.576094518198686,3.9385591119149836,-10.630619418775883,-5.268310775075448e-09,27.384600717633642,-1.6865419474480983e-15,2.576094518198686,0-2,2,5.849999999999994,5850,,,,,0,0.12335609571728183,0.3974822815783581,2.576094518198686,3.9385591119149836,2.721039885720819e-06,negative_hard,10.0,0,0,0,1,0,1,1,0,0,0,-1,1,0,0,0,0,0,1,0,0
sim_0039_n3_seed81,81,0.001,3,173.0,0,body_0,23.12038132751752,16.22432647230617,3.863191698428674e-07,1.9684494226640908e-07,0.10058355972969152,0.02274890363613471,1,4.347107129074729,2.177346542622588,-10.630619204907795,1.4849810322643958e-08,27.38460071763365,-1.4270739555330063e-15,4.347107129074729,0-1,2,6.75,6750,,,,,0,0.10058355972969152,0.022711764917299836,4.347107129074729,2.177346542622588,4.469129328820888e-06,negative_baseline,20.0,0,0,0,0,0,0,0,0,0,0,-1,0,1,1,0,0,0,1,0,0
sim_0039_n3_seed81,81,0.001,3,174.0,0,body_0,23.12038132751752,16.22432647230617,4.06493727032879e-07,2.3192179497865723e-07,0.10985441534549197,0.029230769486827752,1,4.647610319284415,1.9665247235991423,-10.63061933020446,3.063416584736106e-09,27.38460071763365,-1.4270739555330063e-15,4.647610319284415,0-1,2,7.75,7750,,,,,0,0.10985441534549197,0.029227410598515424,4.647610319284415,1.9665247235991423,6.160470545656521e-06,negative_baseline,20.0,0,0,0,0,0,0,0,0,0,0,-1,0,0,0,0,0,0,1,0,0
sim_0039_n3_seed81,81,0.001,3,175.0,0,body_0,23.12038132751752,16.22432647230617,5.089261789781785e-07,2.635513696564137e-07,0.12019171137735392,0.04434739220709444,1,4.592724087035463,1.9881225324235519,-10.630619365588206,-2.6505793812494816e-10,27.384600717633717,1.0378719676603682e-15,4.592724087035463,0-1,2,8.75,8750,,,,,0,0.12019171137735392,0.044328191800363674,4.592724087035463,1.9881225324235519,7.601625887679962e-06,negative_baseline,20.0,0,0,0,0,0,0,0,0,0,0,-1,0,0,0,0,0,0,1,0,0
sim_0039_n3_seed81,81,0.001,3,176.0,0,body_0,23.12038132751752,16.22432647230617,6.941237427148081e-07,2.5882221786592774e-07,0.14903768164038178,0.08227116832809986,1,4.165488946646237,2.2562441695605093,-10.630619389536395,-2.51781371765613e-09,27.384600717633734,1.6865419474480983e-15,4.165488946646237,0-1,2,9.75,9750,,,,,0,0.14903768164038178,0.08221483404565262,4.165488946646237,2.2562441695605093,8.898166759857596e-06,negative_baseline,20.0,0,0,0,0,0,0,0,0,0,0,-1,0,0,0,0,0,0,1,0,0
sim_0039_n3_seed81,81,0.001,3,177.0,0,body_0,23.12038132751752,16.22432647230617,8.58138951458153e-07,1.7118891202973695e-07,0.22349106581576053,0.2024190905325892,1,3.3997287397646763,2.8066012808861918,-10.630619551016308,-1.7707889347124584e-08,27.384600717633734,1.6865419474480983e-15,3.3997287397646763,0-1,2,10.75,10750,,,,,0,0.22349106581576053,0.2022656906651053,3.3997287397646763,2.8066012808861918,1.01629480067559e-05,negative_baseline,20.0,0,0,0,0,0,0,0,0,0,0,-1,0,0,0,0,0,0,1,0,0
sim_0039_n3_seed81,81,0.001,3,178.0,0,body_0,23.12038132751752,16.22432647230617,8.224290159605473e-07,2.1758668388795837e-07,0.38583428684128945,0.547483229317639,1,2.5717588931340125,3.569490080455912,-10.63062125157456,-1.7767582671803405e-07,27.384600717633763,2.7244139151084665e-15,2.5717588931340125,0-1,2,11.75,11750,,,,,0,0.38583428684128945,0.5482586585987009,2.5717588931340125,3.569490080455912,1.1429841939738324e-05,negative_baseline,20.0,0,0,0,1,0,0,0,0,0,0,-1,1,0,0,1,1,0,1,0,0
sim_0039_n3_seed81,81,0.001,3,178.05,0,body_0,23.12038132751752,16.22432647230617,8.154817495746407e-07,2.356904940336163e-07,0.3941260153805385,0.5669873381262971,1,2.5436309723832187,3.600226537744214,-10.630621412865663,-1.9284814148503374e-07,27.384600717633766,2.8541479110660126e-15,2.5436309723832187,0-1,2,11.800000000000011,11800,,,,,0,0.3941260153805385,0.5679096744216543,2.5436309723832187,3.600226537744214,1.1486884434230801e-05,negative_hard,10.0,0,0,0,1,0,0,0,0,0,0,-1,1,0,0,1,1,0,1,0,0
sim_0039_n3_seed81,81,0.001,3,178.55,0,body_0,23.12038132751752,16.22432647230617,8.004007124475749e-07,3.7654565590037557e-07,0.4297908676761626,0.6559275458818615,1,2.4268537407386677,3.7322050164422547,-10.630622254121903,-2.719833462245605e-07,27.38460071763377,2.9838819070235587e-15,2.4268537407386677,0-1,2,12.300000000000011,12300,,,,,0,0.4297908676761626,0.6578516709297199,2.4268537407386677,3.7322050164422547,1.196868679078079e-05,negative_hard,10.0,0,0,0,1,0,0,0,0,0,0,-1,1,0,0,1,1,0,1,0,0
sim_0039_n3_seed81,81,0.001,3,179.0,0,body_0,23.12038132751752,16.22432647230617,9.089894413157973e-07,3.9263870442929267e-07,0.3718806454966033,0.5287484444372269,1,2.60026404778581,3.5382536339133974,-10.630621100234494,-1.6343958509860016e-07,27.384600717633745,2.0757439353207364e-15,2.60026404778581,0-1,2,12.75,12750,,,,,0,0.3718806454966033,0.5298081968898576,2.60026404778581,3.5382536339133974,1.2304540438234388e-05,negative_baseline,20.0,0,0,0,1,0,0,0,0,0,0,-1,1,0,0,1,1,0,1,0,0
sim_0039_n3_seed81,81,0.001,3,179.05,0,body_0,23.12038132751752,16.22432647230617,9.233952521837272e-07,3.8945083005486357e-07,0.3624848197119553,0.5079302810655144,1,2.63276052253524,3.5036907193157587,-10.630620944604177,-1.48799768526189e-07,27.384600717633738,1.8162759434056442e-15,2.63276052253524,0-1,2,12.800000000000011,12800,,,,,0,0.3624848197119553,0.5088702543359982,2.63276052253524,3.5036907193157587,1.234220519870177e-05,negative_hard,10.0,0,0,0,1,0,0,0,0,0,0,-1,1,0,0,1,1,0,1,0,0
sim_0039_n3_seed81,81,0.001,3,180.0,0,body_0,23.12038132751752,16.22432647230617,1.0616236134373588e-06,2.700837268468607e-07,0.20947391509596036,0.19500190199368359,1,3.440799496184233,2.7756591391796683,-10.630619535560463,-1.6253990559412373e-08,27.384600717633774,3.113615902981105e-15,3.440799496184233,0-1,2,13.75,13750,,,,,0,0.20947391509596036,0.19505022069149958,3.440799496184233,2.7756591391796683,1.3215478385170793e-05,negative_baseline,20.0,0,0,0,0,0,0,0,0,0,0,-1,0,0,0,1,1,0,1,0,0
sim_0039_n3_seed81,81,0.001,3,181.0,0,body_0,23.12038132751752,16.22432647230617,9.890920624055805e-07,1.6670463564210932e-07,0.1397165446266818,0.08337904589566665,1,4.1977924500375305,2.2401640576005173,-10.630619397643493,-3.280431297979088e-09,27.384600717633848,5.838029818089571e-15,4.1977924500375305,0-1,2,14.75,14750,,,,,0,0.1397165446266818,0.08338280496176714,4.1977924500375305,2.2401640576005173,1.421360916613815e-05,negative_baseline,20.0,0,0,0,0,0,0,0,0,0,0,-1,0,0,0,0,0,0,1,0,0
sim_0039_n3_seed81,81,0.001,3,182.0,0,body_0,23.12038132751752,16.22432647230617,9.042576089465678e-07,1.4830445921821022e-07,0.1152518986579915,0.05091207711615515,1,4.620307356926678,1.97509630069869,-10.630619387156598,-2.2939511550874154e-09,27.384600717633806,4.281221866599019e-15,4.620307356926678,0-1,2,15.75,15750,,,,,0,0.1152518986579915,0.05090871765140097,4.620307356926678,1.97509630069869,1.5003732533477463e-05,negative_baseline,20.0,0,0,0,0,0,0,0,0,0,0,-1,0,0,0,0,0,0,1,0,0
sim_0039_n3_seed81,81,0.001,3,183.0,0,body_0,23.12038132751752,16.22432647230617,9.415570766914282e-07,1.851601925116841e-07,0.11292144157608537,0.047645244616603244,1,4.674306684397734,1.942157130242103,-10.63061938669311,-2.2503519055310358e-09,27.384600717633862,6.356965801919755e-15,4.674306684397734,0-1,2,16.75,16750,,,,,0,0.11292144157608537,0.04763179164576487,4.674306684397734,1.942157130242103,1.554735370712033e-05,negative_baseline,20.0,0,0,0,0,0,0,0,0,0,0,-1,0,0,0,0,0,0,1,0,0
sim_0039_n3_seed81,81,0.001,3,184.0,0,body_0,23.12038132751752,16.22432647230617,1.1246857548703372e-06,2.35916797495089e-07,0.1305012656201733,0.06952444206780749,1,4.35779744084731,2.1373053401766477,-10.63061939168361,-2.7197976180212357e-09,27.384600717633827,5.059625842344295e-15,4.35779744084731,0-1,2,17.75,17750,,,,,0,0.1305012656201733,0.06948583512449465,4.35779744084731,2.1373053401766477,1.592724815323019e-05,negative_baseline,20.0,0,0,0,0,0,0,0,0,0,0,-1,0,0,0,0,0,0,1,0,0
sim_0039_n3_seed81,81,0.001,3,185.0,0,body_0,23.12038132751752,16.22432647230617,1.3524488599459358e-06,3.02946794677454e-07,0.18333114958318744,0.1476232723763554,1,3.6877707600440806,2.5895200287597464,-10.630619455700874,-8.741767006054299e-09,27.3846007176339,7.784039757452761e-15,3.6877707600440806,0-1,2,18.75,18750,,,,,0,0.18333114958318744,0.14750785256965074,3.6877707600440806,2.5895200287597464,1.6327649135066312e-05,negative_baseline,20.0,0,0,0,0,0,0,0,0,0,0,-1,0,0,0,1,1,0,1,0,0
sim_0039_n3_seed81,81,0.001,3,186.0,0,body_0,23.12038132751752,16.22432647230617,1.3822254494959075e-06,4.7151950402672905e-07,0.3180812859015779,0.40858796452186164,1,2.810357551780432,3.323662938040243,-10.63062031514296,-8.958767599503522e-08,27.384600717633873,6.746167789792393e-15,2.810357551780432,0-1,2,19.75,19750,,,,,0,0.3180812859015779,0.4086657723484841,2.810357551780432,3.323662938040243,1.7026780038578298e-05,negative_baseline,20.0,0,0,0,1,0,0,0,0,0,0,-1,1,0,0,1,1,0,1,0,0
sim_0039_n3_seed81,81,0.001,3,186.25,0,body_0,23.12038132751752,16.22432647230617,1.3162911748363588e-06,5.321897726386973e-07,0.36578435008236954,0.513857604740729,1,2.623218473350647,3.5140510460129346,-10.630620986563711,-1.5274681366831188e-07,27.38460071763385,5.9677638140471174e-15,2.623218473350647,0-1,2,20.0,20000,,,,,0,0.36578435008236954,0.5144078044027631,2.623218473350647,3.5140510460129346,1.7244560485269758e-05,negative_hard,10.0,0,0,0,1,0,0,0,0,0,0,-1,1,0,0,1,1,0,1,0,0
sim_0039_n3_seed81,81,0.001,3,186.75,0,body_0,23.12038132751752,16.22432647230617,1.1556293397632796e-06,5.618021983490125e-07,0.4300529699592643,0.6584676578932437,1,2.4236649652601376,3.736139715633931,-10.630622278657867,-2.742913927770765e-07,27.384600717633937,9.081379717028222e-15,2.4236649652601376,0-1,2,20.5,20500,,,,,0,0.4300529699592643,0.6603382559042551,2.4236649652601376,3.736139715633931,1.7571631640991533e-05,negative_hard,10.0,0,0,0,1,0,0,0,0,0,0,-1,1,0,0,1,1,0,1,0,0
sim_0039_n3_seed81,81,0.001,3,187.0,0,body_0,23.12038132751752,16.22432647230617,1.13933231134369e-06,5.042439241296249e-07,0.42304210197557623,0.6406073346743836,1,2.44580388804599,3.7104740651269315,-10.630622092983085,-2.56825356614947e-07,27.384600717633923,8.562443733198038e-15,2.44580388804599,0-1,2,20.75,20750,,,,,0,0.42304210197557623,0.6424411295298954,2.44580388804599,3.7104740651269315,1.7629541250911823e-05,negative_baseline,20.0,0,0,0,1,0,0,0,0,0,0,-1,1,0,0,1,1,0,1,0,0
sim_0039_n3_seed81,81,0.001,3,187.25,0,body_0,23.12038132751752,16.22432647230617,1.1895316487429583e-06,4.408115539769523e-07,0.3902000034725471,0.5635356606463706,1,2.5488652182388885,3.594440179703242,-10.630621378432917,-1.896091254637776e-07,27.38460071763392,8.432709737240492e-15,2.5488652182388885,0-1,2,21.0,21000,,,,,0,0.3902000034725471,0.5648150546995798,2.5488652182388885,3.594440179703242,1.763654823510314e-05,negative_hard,10.0,0,0,0,1,0,0,0,0,0,0,-1,1,0,0,1,1,0,1,0,0
sim_0039_n3_seed81,81,0.001,3,188.0,0,body_0,23.12038132751752,16.22432647230617,1.4237581487584776e-06,4.4511239664057333e-07,0.25814431399351323,0.275228188229017,1,3.140967506282229,3.0207464217241875,-10.630619743495577,-3.581400934706328e-08,27.384600717633944,9.340847708943314e-15,3.140967506282229,0-1,2,21.75,21750,,,,,0,0.25814431399351323,0.27536995828283,3.140967506282229,3.0207464217241875,1.7766575032102056e-05,negative_baseline,20.0,0,0,0,0,0,0,0,0,0,0,-1,0,0,0,1,1,0,1,0,0
sim_0039_n3_seed81,81,0.001,3,189.0,0,body_0,23.12038132751752,16.22432647230617,1.5326778598395448e-06,4.6214843076896516e-07,0.16131181263915054,0.10558703599327027,1,3.977916633464282,2.3839665815363467,-10.630619409865409,-4.430121217887482e-09,27.384600717634,1.141659164426405e-14,3.977916633464282,0-1,2,22.75,22750,,,,,0,0.16131181263915054,0.10559525385053069,3.977916633464282,2.3839665815363467,1.8480009316698874e-05,negative_baseline,20.0,0,0,0,0,0,0,0,0,0,0,-1,0,0,0,0,0,0,1,0,0
sim_0039_n3_seed81,81,0.001,3,190.0,0,body_0,23.12038132751752,16.22432647230617,1.5794454925241473e-06,4.089932217675745e-07,0.12452491396362177,0.055641768276506194,1,4.51489025357748,2.036727248053027,-10.63061938310333,-1.9126687664337926e-09,27.384600717633983,1.076792166447632e-14,4.51489025357748,0-1,2,23.75,23750,,,,,0,0.12452491396362177,0.05564131547157318,4.51489025357748,2.036727248053027,1.9364537620515566e-05,negative_baseline,20.0,0,0,0,0,0,0,0,0,0,0,-1,0,0,0,0,0,0,1,0,0
sim_0039_n3_seed81,81,0.001,3,191.0,0,body_0,23.12038132751752,16.22432647230617,1.6966855346820638e-06,3.468723742887538e-07,0.11351045752208148,0.0431378020301378,1,4.6832853673172075,1.9362116083322476,-10.630619375602796,-1.2071093562387252e-09,27.384600717633973,1.0378719676603682e-14,4.6832853673172075,0-1,2,24.75,24750,,,,,0,0.11351045752208148,0.04313032886542491,4.6832853673172075,1.9362116083322476,2.0253564655806284e-05,negative_baseline,20.0,0,0,0,0,0,0,0,0,0,0,-1,0,0,0,0,0,0,1,0,0
sim_0039_n3_seed81,81,0.001,3,192.0,0,body_0,23.12038132751752,16.22432647230617,1.9209859757804523e-06,3.377880274476091e-07,0.11854184149436027,0.0519696577298457,1,4.4797615888778735,2.066607160977037,-10.630619365266078,-2.3475602522807163e-10,27.384600717634,1.141659164426405e-14,4.4797615888778735,0-1,2,25.75,25750,,,,,0,0.11854184149436027,0.05194887473834038,4.4797615888778735,2.066607160977037,2.136821750236019e-05,negative_baseline,20.0,0,0,0,0,0,0,0,0,0,0,-1,0,0,0,0,0,0,1,0,0
sim_0039_n3_seed81,81,0.001,3,193.0,0,body_0,23.12038132751752,16.22432647230617,2.2898545554140973e-06,6.345161312210581e-07,0.1400036432855618,0.09232608010467898,1,3.9231526476078167,2.435919111146672,-10.630619364667428,-1.7844227736284256e-10,27.384600717633983,1.076792166447632e-14,3.9231526476078167,0-1,2,26.75,26750,,,,,0,0.1400036432855618,0.09226980363594045,3.9231526476078167,2.435919111146672,2.3364226186586122e-05,negative_baseline,20.0,0,0,0,0,0,0,0,0,0,0,-1,0,0,0,0,0,0,1,0,0
sim_0039_n3_seed81,81,0.001,3,193.05,0,body_0,23.12038132751752,16.22432647230617,2.3143073240566516e-06,6.657003353711894e-07,0.14158492360350947,0.09595255015160249,1,3.8871591680367104,2.4610218017996894,-10.63061936668382,-3.681200673001195e-10,27.384600717633987,1.0897655660433866e-14,3.8871591680367104,0-1,2,26.80000000000001,26800,,,,,0,0.14158492360350947,0.0958931179401855,3.8871591680367104,2.4610218017996894,2.350928245619638e-05,negative_hard,10.0,0,0,0,0,0,0,0,0,0,0,-1,0,0,0,0,0,0,1,0,0
sim_0039_n3_seed81,81,0.001,3,193.55,0,body_0,23.12038132751752,16.22432647230617,2.6151315585726304e-06,1.1176418929079207e-06,0.16032682635881745,0.14995673454994257,1,3.496440742849728,2.7463458919511172,-10.630619430621536,-6.382606465935536e-09,27.384600717634,1.141659164426405e-14,3.496440742849728,0-1,2,27.30000000000001,27300,,,,,0,0.16032682635881745,0.14985038899637063,3.496440742849728,2.7463458919511172,2.5353457996888396e-05,negative_hard,10.0,0,0,0,0,0,0,0,0,0,0,-1,0,0,0,0,0,0,1,0,0
sim_0039_n3_seed81,81,0.001,3,194.0,0,body_0,23.12038132751752,16.22432647230617,3.028194878605505e-06,1.8397939746300901e-06,0.1825968232214922,0.25038296678161354,1,3.1233608632114223,3.0449568359661283,-10.630619660088577,-2.796808827970538e-08,27.384600717634022,1.2194995620009327e-14,3.1233608632114223,0-1,2,27.75,27750,,,,,0,0.1825968232214922,0.25020741304880184,3.1233608632114223,3.0449568359661283,2.7892501462966813e-05,negative_baseline,20.0,0,0,0,0,0,0,0,0,0,0,-1,0,0,0,0,0,0,1,0,0
sim_0039_n3_seed81,81,0.001,3,194.05,0,body_0,23.12038132751752,16.22432647230617,3.087053534113871e-06,1.9456549295194194e-06,0.18562228526999633,0.2668079167537534,1,3.0829360186957633,3.0790236690401698,-10.63061970555918,-3.224541227475695e-08,27.38460071763401,1.1805793632136689e-14,3.0829360186957633,0-1,2,27.80000000000001,27800,,,,,0,0.18562228526999633,0.2666259985324886,3.0829360186957633,3.0790236690401698,2.8247332458970167e-05,negative_hard,10.0,0,0,0,0,0,0,0,0,0,0,-1,0,0,0,0,0,0,1,0,0
sim_0039_n3_seed81,81,0.001,3,194.55,0,body_0,23.12038132751752,16.22432647230617,3.888925905038496e-06,3.3670828493063814e-06,0.23822111984931207,0.5140759464201196,1,2.7289307415871566,3.3877438964395856,-10.630620538022946,-1.105535274530697e-07,27.384600717634033,1.2584197607881964e-14,2.7289307415871566,0-1,2,28.30000000000001,28300,,,,,0,0.23822111984931207,0.514175028288148,2.7289307415871566,3.3877438964395856,3.295112529347561e-05,negative_hard,10.0,0,0,0,1,0,0,0,0,0,0,-1,1,0,0,0,0,0,1,0,0
sim_0039_n3_seed81,81,0.001,3,195.0,0,body_0,23.12038132751752,16.22432647230617,4.989048305759935e-06,5.309309619298657e-06,0.3772081771146234,0.7144759813119099,2,2.377480478224994,4.06933002977959,-10.630622593349955,-3.038938154357001e-07,27.384600717634,1.141659164426405e-14,2.377480478224994,0-2,2,28.75,28750,,,,,0,0.3772081771146234,0.7177365495799151,2.377480478224994,4.06933002977959,3.9515163180047224e-05,negative_baseline,20.0,0,0,0,1,0,0,1,0,0,0,-1,1,0,0,0,0,0,1,0,0
sim_0039_n3_seed81,81,0.001,3,195.05,0,body_0,23.12038132751752,16.22432647230617,5.122927837680017e-06,5.57007532763452e-06,0.3979078943056489,0.7042756775250951,2,2.3084504846780742,4.144155481242616,-10.630623030487051,-3.4501438248652085e-07,27.384600717633987,1.0897655660433866e-14,2.3084504846780742,0-2,2,28.80000000000001,28800,,,,,0,0.3979078943056489,0.7082349644865996,2.3084504846780742,4.144155481242616,4.036207390687046e-05,negative_hard,10.0,0,0,0,1,0,0,1,0,0,0,-1,1,0,0,0,0,0,1,0,0
sim_0039_n3_seed81,81,0.001,3,195.55,0,body_0,23.12038132751752,16.22432647230617,5.98712765722407e-06,7.724742138058668e-06,0.4425190041380368,0.4823552500435065,2,2.020089316706963,4.52137434489738,-10.630626062377587,-6.302179470674303e-07,27.38460071763398,1.0638187668518774e-14,2.020089316706963,0-2,2,29.30000000000001,29300,,,,,0,0.4425190041380368,0.4874358527981158,2.020089316706963,4.52137434489738,4.698998528837642e-05,negative_hard,10.0,0,0,0,1,0,0,1,0,0,0,-1,1,0,0,0,0,0,1,0,0
sim_0039_n3_seed81,81,0.001,3,196.0,0,body_0,23.12038132751752,16.22432647230617,5.582299756978688e-06,6.72264783159531e-06,0.2001606026311314,0.5628727799064247,2,2.5171767200875723,4.020336461325172,-10.630621106718905,-1.6404956002187686e-07,27.384600717633973,1.0378719676603682e-14,2.5171767200875723,0-2,2,29.75,29750,,,,,0,0.2001606026311314,0.5641614047489225,2.5171767200875723,4.020336461325172,4.699554157197877e-05,negative_baseline,20.0,0,0,0,1,0,0,1,0,0,0,-1,1,0,0,0,0,0,1,0,0
sim_0039_n3_seed81,81,0.001,3,196.05,0,body_0,23.12038132751752,16.22432647230617,5.512106551903306e-06,6.549965551252812e-06,0.1827538587211309,0.5271036682928615,2,2.60203219728906,3.948297833274409,-10.630620791451925,-1.3439305838605938e-07,27.384600717633976,1.0508453672561228e-14,2.60203219728906,0-2,2,29.80000000000001,29800,,,,,0,0.1827538587211309,0.5280380295712457,2.60203219728906,3.948297833274409,4.6871470851648604e-05,negative_hard,10.0,0,0,0,1,0,1,1,0,0,0,-1,1,0,0,0,0,0,1,0,0
sim_0039_n3_seed81,81,0.001,3,197.0,0,body_0,23.12038132751752,16.22432647230617,5.139576054562442e-06,5.073211182661731e-06,0.1520552746733748,0.12892818238366652,1,3.4554080695577927,2.6868096524014584,-10.630619383297937,-1.9309750372673804e-09,27.384600717633997,1.1286857648306504e-14,3.4554080695577927,0-1,2,30.75,30750,,,,,0,0.1520552746733748,0.12896486344220284,3.4554080695577927,2.6868096524014584,4.852803998076086e-05,negative_baseline,20.0,0,0,0,0,0,0,0,0,0,0,-1,0,0,0,0,0,0,1,0,0
sim_0039_n3_seed81,81,0.001,3,198.0,0,body_0,23.12038132751752,16.22432647230617,7.577315402588452e-06,5.384333165803364e-06,0.14128856198957834,0.07095468231976317,1,4.030585173065619,2.2440695779220827,-10.630619374065235,-1.062474209686082e-09,27.38460071763395,9.600315700858407e-15,4.030585173065619,0-1,2,31.75,31750,,,,,0,0.14128856198957834,0.07095733308814893,4.030585173065619,2.2440695779220827,5.9064323056271407e-05,negative_baseline,20.0,0,0,0,0,0,0,0,0,0,0,-1,0,0,0,0,0,0,1,0,0
sim_0039_n3_seed81,81,0.001,3,199.0,0,body_0,23.12038132751752,16.22432647230617,1.1760046432023066e-05,6.071467620524854e-06,0.13746211560775579,0.060397670204314045,1,4.250643767358166,2.082061867653559,-10.63061939668631,-3.190391127710588e-09,27.38460071763391,8.043507749367853e-15,4.250643767358166,0-1,2,32.75,32750,,,,,0,0.13746211560775579,0.06038365138382843,4.250643767358166,2.082061867653559,7.673055388365326e-05,negative_baseline,20.0,0,0,0,0,0,0,0,0,0,0,-1,0,0,0,0,0,0,1,0,0
sim_0039_n3_seed81,81,0.001,3,200.0,0,body_0,23.12038132751752,16.22432647230617,1.6387769301629328e-05,7.319102390346081e-06,0.15421718006843588,0.08194750247082576,1,4.0698039081094155,2.2044523720031584,-10.63061941921842,-5.309939269039049e-09,27.384600717633962,9.989517688731043e-15,4.0698039081094155,0-1,2,33.75,33750,,,,,0,0.15421718006843588,0.08190405021895972,4.0698039081094155,2.2044523720031584,0.00010151018417364354,negative_baseline,20.0,0,0,0,0,0,0,0,0,0,0,-1,0,0,0,0,0,0,1,0,0
sim_0039_n3_seed81,81,0.001,3,201.0,0,body_0,23.12038132751752,16.22432647230617,2.0147439321250916e-05,1.0883772607863116e-05,0.20935342894095607,0.16894883893504073,1,3.501637958765028,2.6288389905293217,-10.630619517997145,-1.4601846191169011e-08,27.384600717633962,9.989517688731043e-15,3.501637958765028,0-1,2,34.75,34750,,,,,0,0.20935342894095607,0.16882265154607226,3.501637958765028,2.6288389905293217,0.00013539529975155118,negative_baseline,20.0,0,0,0,0,0,0,0,0,0,0,-1,0,0,0,0,0,0,1,0,0
sim_0039_n3_seed81,81,0.001,3,202.0,0,body_0,23.12038132751752,16.22432647230617,1.9881602552158235e-05,2.199350190916903e-05,0.3482614453755848,0.4550393473147538,1,2.7046428248353322,3.3515675389562234,-10.630620522739049,-1.0911580343217704e-07,27.384600717633948,9.47058170490086e-15,2.7046428248353322,0-1,2,35.75,35750,,,,,0,0.3482614453755848,0.4551921190077122,2.7046428248353322,3.3515675389562234,0.0001799970108120336,negative_baseline,20.0,0,0,0,1,0,0,0,0,0,0,-1,1,0,0,1,1,0,1,0,0
sim_0039_n3_seed81,81,0.001,3,202.25,0,body_0,23.12038132751752,16.22432647230617,1.8530686510091027e-05,2.6254463352218955e-05,0.3947259577215924,0.5650106439582622,1,2.5368060750204555,3.5337196068911236,-10.630621235648468,-1.7617769270520278e-07,27.384600717633962,9.989517688731043e-15,2.5368060750204555,0-1,2,36.0,36000,,,,,0,0.3947259577215924,0.5657043628861206,2.5368060750204555,3.5337196068911236,0.00019116852021460482,negative_hard,10.0,0,0,0,1,0,0,0,0,0,0,-1,1,0,0,1,1,0,1,0,0
sim_0039_n3_seed81,81,0.001,3,202.75,0,body_0,23.12038132751752,16.22432647230617,1.5015189240926158e-05,3.2618313068905454e-05,0.4489475739180906,0.7007834424310665,1,2.371557551418824,3.7274718090864827,-10.630622415495573,-2.8716342788071635e-07,27.38460071763392,8.432709737240492e-15,2.371557551418824,0-1,2,36.5,36500,,,,,0,0.4489475739180906,0.7027669476753852,2.371557551418824,3.7274718090864827,0.00020672342771160416,negative_hard,10.0,0,0,0,1,0,0,0,0,0,0,-1,1,0,0,1,1,0,1,0,0
sim_0039_n3_seed81,81,0.001,3,203.0,0,body_0,23.12038132751752,16.22432647230617,1.424119160102536e-05,3.283099636904408e-05,0.4356807380815239,0.671872048236138,1,2.4038062650665615,3.6882950349432186,-10.63062213369237,-2.6065479339965467e-07,27.38460071763388,7.0056357817074854e-15,2.4038062650665615,0-1,2,36.75,36750,,,,,0,0.4356807380815239,0.6737204603601699,2.4038062650665615,3.6882950349432186,0.00020924479246234572,negative_baseline,20.0,0,0,0,1,0,0,0,0,0,0,-1,1,0,0,1,1,0,1,0,0
sim_0039_n3_seed81,81,0.001,3,203.25,0,body_0,23.12038132751752,16.22432647230617,1.4929582127440399e-05,3.107324389809505e-05,0.39866281453724867,0.5856793112915105,1,2.5092261403911493,3.5647435231995055,-10.63062139203837,-1.9088896178376258e-07,27.384600717633877,6.875901785749939e-15,2.5092261403911493,0-1,2,37.0,37000,,,,,0,0.39866281453724867,0.5869310410884381,2.5092261403911493,3.5647435231995055,0.00020875855299755773,negative_hard,10.0,0,0,0,1,0,0,0,0,0,0,-1,1,0,0,1,1,0,1,0,0
sim_0039_n3_seed81,81,0.001,3,204.0,0,body_0,23.12038132751752,16.22432647230617,2.1490953927723474e-05,2.2764312972532707e-05,0.2648545355091036,0.28940682547220187,1,3.0662615879587873,2.999468655318301,-10.630619803149493,-4.1425527693205856e-08,27.384600717633916,8.302975741282946e-15,3.0662615879587873,0-1,2,37.75,37750,,,,,0,0.2648545355091036,0.2895494834088772,3.0662615879587873,2.999468655318301,0.00020294695088150983,negative_baseline,20.0,0,0,0,0,0,0,0,0,0,0,-1,0,0,0,1,1,0,1,0,0
sim_0039_n3_seed81,81,0.001,3,205.0,0,body_0,23.12038132751752,16.22432647230617,3.007928599362262e-05,1.6649855323844136e-05,0.17119799828177104,0.11879314389784101,1,3.803707807892496,2.3991408026555723,-10.630619456553253,-8.821948552512525e-09,27.384600717633926,8.692177729155584e-15,3.803707807892496,0-1,2,38.75,38750,,,,,0,0.17119799828177104,0.11880009512695314,3.803707807892496,2.3991408026555723,0.00020755571358553105,negative_baseline,20.0,0,0,0,0,0,0,0,0,0,0,-1,0,0,0,1,1,0,1,0,0
sim_0039_n3_seed81,81,0.001,3,206.0,0,body_0,23.12038132751752,16.22432647230617,3.7197189534904315e-05,1.5068962996038223e-05,0.13989134397600334,0.07177189391682048,1,4.210052849629606,2.110457004328993,-10.630619422901589,-5.656407259228303e-09,27.384600717633898,7.654305761495215e-15,4.210052849629606,0-1,2,39.75,39750,,,,,0,0.13989134397600334,0.0717651262064845,4.210052849629606,2.110457004328993,0.00022701637679831902,negative_baseline,20.0,0,0,0,0,0,0,0,0,0,0,-1,0,0,0,1,1,0,1,0,0
sim_0039_n3_seed81,81,0.001,3,207.0,0,body_0,23.12038132751752,16.22432647230617,4.339645991227838e-05,1.6245893358163163e-05,0.13985696656795063,0.07087970994230944,1,4.220138341535094,2.1032631476531938,-10.630619422565765,-5.6248170195872914e-09,27.384600717633873,6.746167789792393e-15,4.220138341535094,0-1,2,40.75,40750,,,,,0,0.13985696656795063,0.07085474123475843,4.220138341535094,2.1032631476531938,0.00025796689319660244,negative_baseline,20.0,0,0,0,0,0,0,0,0,0,0,-1,0,0,0,1,1,0,1,0,0
sim_0039_n3_seed81,81,0.001,3,208.0,0,body_0,23.12038132751752,16.22432647230617,4.8222517101180845e-05,2.1036843452087097e-05,0.1704945924266934,0.11482381729080343,1,3.8326398418363308,2.3772803101468285,-10.630619452794683,-8.468387747108187e-09,27.38460071763388,7.0056357817074854e-15,3.8326398418363308,0-1,2,41.75,41750,,,,,0,0.1704945924266934,0.11474946829632644,3.8326398418363308,2.3772803101468285,0.0003014073544681589,negative_baseline,20.0,0,0,0,0,0,0,0,0,0,0,-1,0,0,0,1,1,0,1,0,0
sim_0039_n3_seed81,81,0.001,3,209.0,0,body_0,23.12038132751752,16.22432647230617,4.9194612041730384e-05,3.44146527730767e-05,0.2607927625226721,0.2758088822020768,1,3.1056830894611247,2.9636430843840857,-10.630619760744448,-3.7436574334814644e-08,27.384600717633937,9.081379717028222e-15,3.1056830894611247,0-1,2,42.75,42750,,,,,0,0.2607927625226721,0.27565089455127684,3.1056830894611247,2.9636430843840857,0.00036255387683303017,negative_baseline,20.0,0,0,0,0,0,0,0,0,0,0,-1,0,0,0,1,1,0,1,0,0
sim_0039_n3_seed81,81,0.001,3,209.4,0,body_0,23.12038132751752,16.22432647230617,4.7010445430751825e-05,4.434313265049413e-05,0.32604734964968185,0.41423723425893216,1,2.7789885476063807,3.2747931576097256,-10.630620305933586,-8.872136966747089e-08,27.3846007176339,7.784039757452761e-15,2.7789885476063807,0-1,2,43.150000000000006,43150,,,,,0,0.32604734964968185,0.4142648230282655,2.7789885476063807,3.2747931576097256,0.0003923885058563838,negative_hard,10.0,0,0,0,1,0,0,0,0,0,0,-1,1,0,0,1,1,0,1,0,0
sim_0039_n3_seed81,81,0.001,3,209.9,0,body_0,23.12038132751752,16.22432647230617,4.1075060075776746e-05,5.883556902859129e-05,0.4175257938765822,0.6270206310890832,1,2.4564019168510436,3.625941623330514,-10.630621731097094,-2.2278350269785537e-07,27.38460071763394,9.211113712985768e-15,2.4564019168510436,0-1,2,43.650000000000006,43650,,,,,0,0.4175257938765822,0.6281797629123431,2.4564019168510436,3.625941623330514,0.00042806231744191753,negative_hard,10.0,0,0,0,1,0,0,0,0,0,0,-1,1,0,0,1,1,0,1,0,0
sim_0039_n3_seed81,81,0.001,3,210.0,0,body_0,23.12038132751752,16.22432647230617,3.959123956594198e-05,6.116674296039774e-05,0.43133950129967635,0.6602371228616631,1,2.4167606598927605,3.672851702178999,-10.63062202688741,-2.5060787553923114e-07,27.384600717633926,8.692177729155584e-15,2.4167606598927605,0-1,2,43.75,43750,,,,,0,0.43133950129967635,0.6617088208635536,2.4167606598927605,3.672851702178999,0.0004337575815904598,negative_baseline,20.0,0,0,0,1,0,0,0,0,0,0,-1,1,0,0,1,1,0,1,0,0
sim_0039_n3_seed81,81,0.001,3,210.4,0,body_0,23.12038132751752,16.22432647230617,3.468456030880365e-05,6.449186432080682e-05,0.4447471837694272,0.692864584223456,1,2.3797767676927677,3.717460059213085,-10.63062233886565,-2.7995501215959973e-07,27.384600717633955,9.730049696815953e-15,2.3797767676927677,0-1,2,44.150000000000006,44150,,,,,0,0.4447471837694272,0.6948616013111752,2.3797767676927677,3.717460059213085,0.00044732879288973004,negative_hard,10.0,0,0,0,1,0,0,0,0,0,0,-1,1,0,0,1,1,0,1,0,0
sim_0039_n3_seed81,81,0.001,3,210.9,0,body_0,23.12038132751752,16.22432647230617,3.547306209251021e-05,5.538278938455772e-05,0.3722283804967242,0.520578957883696,1,2.600126790755052,3.463163852377249,-10.630620921642583,-1.4663981972811042e-07,27.384600717633965,1.011925168468859e-14,2.600126790755052,0-1,2,44.650000000000006,44650,,,,,0,0.3722283804967242,0.5214602420644705,2.600126790755052,3.463163852377249,0.00044512888635161546,negative_hard,10.0,0,0,0,1,0,0,0,0,0,0,-1,1,0,0,1,1,0,1,0,0
sim_0039_n3_seed81,81,0.001,3,211.0,0,body_0,23.12038132751752,16.22432647230617,3.651098189515469e-05,5.2820833968206815e-05,0.35304749129296925,0.47624563255915875,1,2.6694739321402636,3.38839338650508,-10.630620642703484,-1.204006054495035e-07,27.384600717633976,1.0508453672561228e-14,2.6694739321402636,0-1,2,44.75,44750,,,,,0,0.35304749129296925,0.47691832957284763,2.6694739321402636,3.38839338650508,0.00044344429135947553,negative_baseline,20.0,0,0,0,1,0,0,0,0,0,0,-1,1,0,0,1,1,0,1,0,0
sim_0039_n3_seed81,81,0.001,3,212.0,0,body_0,23.12038132751752,16.22432647230617,4.9982676370457076e-05,3.337857560721796e-05,0.2083729090033733,0.17797917623314174,1,3.468101272838681,2.656714599273214,-10.630619534649206,-1.6168270544739574e-08,27.384600717633962,9.989517688731043e-15,3.468101272838681,0-1,2,45.75,45750,,,,,0,0.2083729090033733,0.1780088998113874,3.468101272838681,2.656714599273214,0.0004341177401052702,negative_baseline,20.0,0,0,0,0,0,0,0,0,0,0,-1,0,0,0,1,1,0,1,0,0
sim_0039_n3_seed81,81,0.001,3,213.0,0,body_0,23.12038132751752,16.22432647230617,6.13437025649682e-05,2.6309100839957276e-05,0.15159528328335237,0.08732961292389438,1,4.057218662906452,2.2162467660494523,-10.630619431820644,-6.495404067583703e-09,27.384600717633962,9.989517688731043e-15,4.057218662906452,0-1,2,46.75,46750,,,,,0,0.15159528328335237,0.08732867876166346,4.057218662906452,2.2162467660494523,0.0004496286119560209,negative_baseline,20.0,0,0,0,0,0,0,0,0,0,0,-1,0,0,0,1,1,0,1,0,0
sim_0039_n3_seed81,81,0.001,3,214.0,0,body_0,23.12038132751752,16.22432647230617,7.079359610728457e-05,2.5553033613106148e-05,0.13669925712593783,0.06688582588438045,1,4.266295688986252,2.071935604913101,-10.630619421185934,-5.495019186253678e-09,27.38460071763398,1.0638187668518774e-14,4.266295688986252,0-1,2,47.75,47750,,,,,0,0.13669925712593783,0.06687173446953516,4.266295688986252,2.071935604913101,0.00048404788800737443,negative_baseline,20.0,0,0,0,0,0,0,0,0,0,0,-1,0,0,0,1,1,0,1,0,0
sim_0039_n3_seed81,81,0.001,3,215.0,0,body_0,23.12038132751752,16.22432647230617,7.905721801327563e-05,2.9713752038335426e-05,0.1498227966554512,0.0854548855624813,1,4.074635436603592,2.204201272190153,-10.630619430802625,-6.399641119840088e-09,27.38460071763402,1.2065261624051781e-14,4.074635436603592,0-1,2,48.75,48750,,,,,0,0.1498227966554512,0.08541186678128117,4.074635436603592,2.204201272190153,0.0005344653132211601,negative_baseline,20.0,0,0,0,0,0,0,0,0,0,0,-1,0,0,0,1,1,0,1,0,0
sim_0039_n3_seed81,81,0.001,3,216.0,0,body_0,23.12038132751752,16.22432647230617,8.541225789755768e-05,4.210852468939007e-05,0.20358191216607546,0.17107902365050928,1,3.5010350690842142,2.6305571460895285,-10.630619523813287,-1.5148958455846883e-08,27.384600717633983,1.076792166447632e-14,3.5010350690842142,0-1,2,49.75,49750,,,,,0,0.20358191216607546,0.17095396740637483,3.5010350690842142,2.6305571460895285,0.0006044320408596759,negative_baseline,20.0,0,0,0,0,0,0,0,0,0,0,-1,0,0,0,1,1,0,1,0,0
sim_0039_n3_seed81,81,0.001,3,217.0,0,body_0,23.12038132751752,16.22432647230617,8.517151238976351e-05,7.297784272573818e-05,0.34358298612326316,0.4564161181290779,1,2.702607988827314,3.353443311061087,-10.630620530071967,-1.0980559562794282e-07,27.384600717633962,9.989517688731043e-15,2.702607988827314,0-1,2,50.75,50750,,,,,0,0.34358298612326316,0.4565743854587902,2.702607988827314,3.353443311061087,0.0007004338682995603,negative_baseline,20.0,0,0,0,1,0,0,0,0,0,0,-1,1,0,0,1,1,0,1,0,0
sim_0039_n3_seed81,81,0.001,3,217.05,0,body_0,23.12038132751752,16.22432647230617,8.478489340597578e-05,7.508049631441233e-05,0.35315497756243336,0.47819431248598354,1,2.666116872997391,3.3919343372243413,-10.630620656165526,-1.2166695143446457e-07,27.38460071763396,9.859783692773497e-15,2.666116872997391,0-1,2,50.80000000000001,50800,,,,,0,0.35315497756243336,0.47843540329339124,2.666116872997391,3.3919343372243413,0.0007056507917815583,negative_hard,10.0,0,0,0,1,0,0,0,0,0,0,-1,1,0,0,1,1,0,1,0,0
sim_0039_n3_seed81,81,0.001,3,217.55,0,body_0,23.12038132751752,16.22432647230617,7.84392451630845e-05,9.338384188502923e-05,0.43629472984908235,0.6730621229355994,1,2.4018424581033946,3.690696119277712,-10.63062215026727,-2.6221395934374257e-07,27.384600717633937,9.081379717028222e-15,2.4018424581033946,0-1,2,51.30000000000001,51300,,,,,0,0.43629472984908235,0.6746749815719834,2.4018424581033946,3.690696119277712,0.0007522915790058446,negative_hard,10.0,0,0,0,1,0,0,0,0,0,0,-1,1,0,0,1,1,0,1,0,0
sim_0039_n3_seed81,81,0.001,3,218.0,0,body_0,23.12038132751752,16.22432647230617,7.167857945784702e-05,9.368233135776993e-05,0.4365002573513262,0.671609765614506,1,2.403501822089317,3.688751503715537,-10.630622136868247,-2.6095354149988417e-07,27.384600717633923,8.562443733198038e-15,2.403501822089317,0-1,2,51.75,51750,,,,,0,0.4365002573513262,0.6734615162469829,2.403501822089317,3.688751503715537,0.0007740484819578358,negative_baseline,20.0,0,0,0,1,0,0,0,0,0,0,-1,1,0,0,1,1,0,1,0,0
sim_0039_n3_seed81,81,0.001,3,218.05,0,body_0,23.12038132751752,16.22432647230617,7.114390139788791e-05,9.249640760415669e-05,0.4308619091615755,0.6578518941766469,1,2.419384846293539,3.669725133810625,-10.630622008465362,-2.488749522486398e-07,27.384600717633926,8.692177729155584e-15,2.419384846293539,0-1,2,51.80000000000001,51800,,,,,0,0.4308619091615755,0.6596033761994579,2.419384846293539,3.669725133810625,0.0007750486039267903,negative_hard,10.0,0,0,0,1,0,0,0,0,0,0,-1,1,0,0,1,1,0,1,0,0
sim_0039_n3_seed81,81,0.001,3,218.55,0,body_0,23.12038132751752,16.22432647230617,6.988827197319493e-05,7.438668850682812e-05,0.3445923395483555,0.453817809145946,1,2.7069959031023343,3.3489214451241387,-10.630620516070849,-1.0848853986580626e-07,27.384600717633916,8.302975741282946e-15,2.7069959031023343,0-1,2,52.30000000000001,52300,,,,,0,0.3445923395483555,0.4543993207374181,2.7069959031023343,3.3489214451241387,0.0007765372658178436,negative_hard,10.0,0,0,0,1,0,0,0,0,0,0,-1,1,0,0,1,1,0,1,0,0
sim_0039_n3_seed81,81,0.001,3,219.0,0,body_0,23.12038132751752,16.22432647230617,7.365449301052196e-05,5.869756183978441e-05,0.26818376155038964,0.28854649655527803,1,3.068635823319919,2.99708223461799,-10.630619800509377,-4.117717756500212e-08,27.384600717633926,8.692177729155584e-15,3.068635823319919,0-1,2,52.75,52750,,,,,0,0.26818376155038964,0.2886877394698875,3.068635823319919,2.99708223461799,0.0007765919166996275,negative_baseline,20.0,0,0,0,0,0,0,0,0,0,0,-1,0,0,0,1,1,0,1,0,0
sim_0039_n3_seed81,81,0.001,3,220.0,0,body_0,23.12038132751752,16.22432647230617,8.664433274695615e-05,4.06212840820489e-05,0.17368966075223852,0.1184605057179062,1,3.8058260531740147,2.3967943756693657,-10.63061945634189,-8.802066044820645e-09,27.384600717633955,9.730049696815953e-15,3.8058260531740147,0-1,2,53.75,53750,,,,,0,0.17368966075223852,0.11846732074380023,3.8058260531740147,2.3967943756693657,0.0008002377958074428,negative_baseline,20.0,0,0,0,0,0,0,0,0,0,0,-1,0,0,0,1,1,0,1,0,0
sim_0039_n3_seed81,81,0.001,3,221.0,0,body_0,23.12038132751752,16.22432647230617,0.00010014881489615743,3.621331730122642e-05,0.14079019600259232,0.07164975205509168,1,4.209882798229632,2.110042769111981,-10.630619422892458,-5.6555483747322126e-09,27.384600717633894,7.524571765537669e-15,4.209882798229632,0-1,2,54.75,54750,,,,,0,0.14079019600259232,0.07164291992735573,4.209882798229632,2.110042769111981,0.0008531553389360018,negative_baseline,20.0,0,0,0,0,0,0,0,0,0,0,-1,0,0,0,1,1,0,1,0,0
sim_0039_n3_seed81,81,0.001,3,222.0,0,body_0,23.12038132751752,16.22432647230617,0.00011410752749110132,3.9298811290449116e-05,0.13898628790126527,0.07091215245593903,1,4.217104176283454,2.1057200597564227,-10.630619422569634,-5.625180959360148e-09,27.384600717633884,7.13536977766503e-15,4.217104176283454,0-1,2,55.75,55750,,,,,0,0.13898628790126527,0.0708870821909499,4.217104176283454,2.1057200597564227,0.0009284857803182488,negative_baseline,20.0,0,0,0,0,0,0,0,0,0,0,-1,0,0,0,1,1,0,1,0,0
sim_0039_n3_seed81,81,0.001,3,223.0,0,body_0,23.12038132751752,16.22432647230617,0.00012960531435197566,5.078282183233851e-05,0.16775190532471657,0.11510520911287155,1,3.8280362717819556,2.3816407162928197,-10.630619453792168,-8.562219040226354e-09,27.384600717633898,7.654305761495215e-15,3.8280362717819556,0-1,2,56.75,56750,,,,,0,0.16775190532471657,0.1150308529070188,3.8280362717819556,2.3816407162928197,0.0010267292659799105,negative_baseline,20.0,0,0,0,0,0,0,0,0,0,0,-1,0,0,0,1,1,0,1,0,0
sim_0039_n3_seed81,81,0.001,3,224.0,0,body_0,23.12038132751752,16.22432647230617,0.00014700525954155252,7.876851124137968e-05,0.25656649146021854,0.2761654672020341,1,3.103497894069833,2.9660858947093582,-10.630619766411803,-3.796969045836557e-08,27.384600717633905,7.913773753410307e-15,3.103497894069833,0-1,2,57.75,57750,,,,,0,0.25656649146021854,0.27601071166891156,3.103497894069833,2.9660858947093582,0.0011555838436319815,negative_baseline,20.0,0,0,0,0,0,0,0,0,0,0,-1,0,0,0,1,1,0,1,0,0
sim_0039_n3_seed81,81,0.001,3,224.70000000000002,0,body_0,23.12038132751752,16.22432647230617,0.00015652346341979098,0.00011250499195479099,0.3789703438814615,0.5424854358636935,1,2.5677835323593396,3.498623727647748,-10.630621081635507,-1.6169001749538494e-07,27.384600717633816,4.670423854471657e-15,2.5677835323593396,0-1,2,58.45000000000002,58450,,,,,0,0.3789703438814615,0.5430510419110482,2.5677835323593396,3.498623727647748,0.0012661275887843268,negative_hard,10.0,0,0,0,1,0,0,0,0,0,0,-1,1,0,0,1,1,0,1,0,0
sim_0039_n3_seed81,81,0.001,3,225.0,0,body_0,23.12038132751752,16.22432647230617,0.00015715497844669002,0.0001241079914218111,0.4284841452554075,0.6558031323836266,1,2.4218269533339876,3.6664361759090958,-10.630621996582729,-2.477571779084724e-07,27.384600717633784,3.5028178908537427e-15,2.4218269533339876,0-1,2,58.75,58750,,,,,0,0.4284841452554075,0.6572479431506953,2.4218269533339876,3.6664361759090958,0.001313293867077346,negative_baseline,20.0,0,0,0,1,0,0,0,0,0,0,-1,1,0,0,1,1,0,1,0,0
sim_0039_n3_seed81,81,0.001,3,225.20000000000002,0,body_0,23.12038132751752,16.22432647230617,0.00015577237895252126,0.00012668412741380583,0.44594548726513095,0.6938716661778339,1,2.378640785908588,3.718515995017822,-10.630622359261935,-2.8187364783390724e-07,27.38460071763378,3.3730838948961966e-15,2.378640785908588,0-1,2,58.95000000000002,58950,,,,,0,0.44594548726513095,0.6957699692817676,2.378640785908588,3.718515995017822,0.0013417567068703922,negative_hard,10.0,0,0,0,1,0,0,0,0,0,0,-1,1,0,0,1,1,0,1,0,0
sim_0039_n3_seed81,81,0.001,3,225.70000000000002,0,body_0,23.12038132751752,16.22432647230617,0.0001477912466210642,0.00011051845507490312,0.411809798369478,0.6017697067792339,1,2.487866923860831,3.5895368933131713,-10.630621530479889,-2.0391186429369252e-07,27.384600717633727,1.4270739555330063e-15,2.487866923860831,0-1,2,59.45000000000002,59450,,,,,0,0.411809798369478,0.6031299763724786,2.487866923860831,3.5895368933131713,0.0013989998593301886,negative_hard,10.0,0,0,0,1,0,0,0,0,0,0,-1,1,0,0,1,1,0,1,0,0
sim_0039_n3_seed81,81,0.001,3,226.0,0,body_0,23.12038132751752,16.22432647230617,0.00014288168391648145,9.297271143775198e-05,0.3588491228884667,0.473334685186879,1,2.6732834741822686,3.384914155759897,-10.6306206352656,-1.197009394239957e-07,27.384600717633738,1.8162759434056442e-15,2.6732834741822686,0-1,2,59.75,59750,,,,,0,0.3588491228884667,0.47400038933561695,2.6732834741822686,3.384914155759897,0.0014284741505368292,negative_baseline,20.0,0,0,0,1,0,0,0,0,0,0,-1,1,0,0,1,1,0,1,0,0
sim_0039_n3_seed81,81,0.001,3,227.0,0,body_0,23.12038132751752,16.22432647230617,0.00014029783991902545,5.4788685245303295e-05,0.21668638630383635,0.17493687612721434,1,3.467089534575946,2.6561758434065084,-10.630619528275533,-1.5568712520195596e-08,27.384600717633756,2.4649459231933743e-15,3.467089534575946,0-1,2,60.75,60750,,,,,0,0.21668638630383635,0.17496752861111053,3.467089534575946,2.6561758434065084,0.001554924604294847,negative_baseline,20.0,0,0,0,0,0,0,0,0,0,0,-1,0,0,0,0,0,0,1,0,0
sim_0039_n3_seed81,81,0.001,3,228.0,0,body_0,23.12038132751752,16.22432647230617,0.00015516248890707355,5.052147308900976e-05,0.15857637292853183,0.0809549312660796,1,4.049095189438285,2.2159895938309497,-10.630619412054989,-4.6360904091537055e-09,27.384600717633703,5.189359838301841e-16,4.049095189438285,0-1,2,61.75,61750,,,,,0,0.15857637292853183,0.0809574204126324,4.049095189438285,2.2159895938309497,0.001756697300293986,negative_baseline,20.0,0,0,0,0,0,0,0,0,0,0,-1,0,0,0,0,0,0,1,0,0
sim_0039_n3_seed81,81,0.001,3,228.4,0,body_0,23.12038132751752,16.22432647230617,0.0001647777445975471,5.456611936595276e-05,0.14779624881900463,0.065468165163461,1,4.175269136836145,2.1280987180447135,-10.630619396686003,-3.1903622197304666e-09,27.384600717633706,6.486699797877301e-16,4.175269136836145,0-1,2,62.150000000000006,62150,,,,,0,0.14779624881900463,0.065468365470879,4.175269136836145,2.1280987180447135,0.0018620090035743086,negative_hard,10.0,0,0,0,0,0,0,0,0,0,0,-1,0,0,0,0,0,0,1,0,0
sim_0039_n3_seed81,81,0.001,3,228.9,0,body_0,23.12038132751752,16.22432647230617,0.00018004229426194242,6.406784804363652e-05,0.1401031093294582,0.05436206360315408,1,4.241263000867748,2.0858430505508663,-10.63061937826768,-1.457789333961716e-09,27.384600717633706,6.486699797877301e-16,4.241263000867748,0-1,2,62.650000000000006,62650,,,,,0,0.1401031093294582,0.05436137164291096,4.241263000867748,2.0858430505508663,0.0020179857054118894,negative_hard,10.0,0,0,0,0,0,0,0,0,0,0,-1,0,0,0,0,0,0,1,0,0
sim_0039_n3_seed81,81,0.001,3,229.0,0,body_0,23.12038132751752,16.22432647230617,0.00018360268552329484,6.668146873185772e-05,0.13914962381216217,0.05289517480979925,1,4.242201955609047,2.0862842932193275,-10.630619373997847,-1.0561351742301152e-09,27.3846007176337,3.892019878726381e-16,4.242201955609047,0-1,2,62.75,62750,,,,,0,0.13914962381216217,0.052894715804118135,4.242201955609047,2.0862842932193275,0.002053023804018512,negative_baseline,20.0,0,0,0,0,0,0,0,0,0,0,-1,0,0,0,0,0,0,1,0,0
sim_0039_n3_seed81,81,0.001,3,229.4,0,body_0,23.12038132751752,16.22432647230617,0.00019995077398181804,8.034369517993833e-05,0.1367099517229236,0.048557818800650354,1,4.20557850909285,2.1174147257650358,-10.63061935271668,9.457394414042833e-10,27.384600717633692,1.2973399595754603e-16,4.20557850909285,0-1,2,63.150000000000006,63150,,,,,0,0.1367099517229236,0.04856084558460583,4.20557850909285,2.1174147257650358,0.0022090573475063323,negative_hard,10.0,0,0,0,0,0,0,0,0,0,0,-1,0,0,0,0,0,0,1,0,0
sim_0039_n3_seed81,81,0.001,3,229.9,0,body_0,23.12038132751752,16.22432647230617,0.00022667839295016545,0.0001082907581638792,0.13497938088041295,0.04443711998883557,1,4.0717530565372,2.221748849023815,-10.630619310261027,4.939453426117209e-09,27.384600717633663,-9.081379717028221e-16,4.0717530565372,0-1,2,63.650000000000006,63650,,,,,0,0.13497938088041295,0.04444896221400588,4.0717530565372,2.221748849023815,0.0024509072934204086,negative_hard,10.0,0,0,0,0,0,0,0,0,0,0,-1,0,0,0,0,0,0,1,0,0
sim_0039_n3_seed81,81,0.001,3,230.0,0,body_0,23.12038132751752,16.22432647230617,0.00023316290047569138,0.00011611819931494728,0.1344507716658461,0.043772035386504426,1,4.033868337142121,2.2512064016509368,-10.630619298744644,6.0227753024152895e-09,27.38460071763368,-2.5946799191509205e-16,4.033868337142121,0-1,2,63.75,63750,,,,,0,0.1344507716658461,0.043781937032147056,4.033868337142121,2.2512064016509368,0.002507605206364456,negative_baseline,20.0,0,0,0,0,0,0,0,0,0,0,-1,0,0,0,0,0,0,1,0,0
sim_0039_n3_seed81,81,0.001,3,230.4,0,body_0,23.12038132751752,16.22432647230617,0.0002645085567519575,0.0001598431108695266,0.1296606867763113,0.051675844446258626,1,3.8489822042594413,2.39663775807728,-10.630619244080624,1.1164904749439006e-08,27.38460071763373,1.5568079514905524e-15,3.8489822042594413,0-1,2,64.15,64150,,,,,0,0.1296606867763113,0.05155591249423247,3.8489822042594413,2.39663775807728,0.002772844388627517,negative_hard,10.0,0,0,0,0,0,0,0,0,0,0,-1,0,0,0,0,0,0,1,0,0
sim_0039_n3_seed81,81,0.001,3,230.9,0,body_0,23.12038132751752,16.22432647230617,0.00032173471986067417,0.0002651685664203209,0.11767579762821101,0.17646233947867224,2,3.209626683637105,3.591303081222694,-10.630619292387735,6.620756421708372e-09,27.38460071763372,1.1676059636179143e-15,3.209626683637105,0-2,2,64.65,64650,,,,,0,0.11767579762821101,0.17567687147644778,3.209626683637105,3.591303081222694,0.003225055634789646,negative_hard,10.0,0,0,0,0,1,0,0,0,0,0,-1,0,0,0,0,0,0,1,0,0
sim_0039_n3_seed81,81,0.001,3,231.0,0,body_0,23.12038132751752,16.22432647230617,0.00033652807377899404,0.0002975744510590956,0.12010905249550555,0.2335291571292227,2,3.0068084510827453,3.7214306158054904,-10.630619399577306,-3.4623410290731297e-09,27.384600717633745,2.0757439353207364e-15,3.0068084510827453,0-2,2,64.75,64750,,,,,0,0.12010905249550555,0.23259039262297196,3.0068084510827453,3.7214306158054904,0.0033355510336627405,negative_baseline,20.0,0,0,0,0,1,0,0,0,0,0,-1,0,0,0,0,0,0,1,0,0
sim_0039_n3_seed81,81,0.001,3,231.4,0,body_0,23.12038132751752,16.22432647230617,0.0004061426964281077,0.0004695029028689046,0.23354078850959514,0.6152448318768813,2,2.3001542285010097,4.293702150075539,-10.630621415479098,-1.930939817990096e-07,27.384600717633727,1.4270739555330063e-15,2.3001542285010097,0-2,2,65.15,65150,,,,,0,0.23354078850959514,0.6160149197028623,2.3001542285010097,4.293702150075539,0.003809912542577132,negative_hard,10.0,0,0,0,1,0,0,1,0,0,0,-1,1,0,0,0,0,0,1,0,0
sim_0039_n3_seed81,81,0.001,3,231.9,0,body_0,23.12038132751752,16.22432647230617,0.0004569802660371841,0.0004974298546152588,0.5083713055326524,0.8679950587964289,2,2.0369500925090147,4.546090423526092,-10.630624705677839,-5.025960558301228e-07,27.384600717633766,2.8541479110660126e-15,2.0369500925090147,0-2,2,65.65,65650,,,,,0,0.5083713055326524,0.874628642994223,2.0369500925090147,4.546090423526092,0.003945576818913541,negative_hard,10.0,0,0,0,1,0,0,1,0,0,0,-1,1,0,0,0,0,0,1,0,0
sim_0039_n3_seed81,81,0.001,3,232.0,0,body_0,23.12038132751752,16.22432647230617,0.00045178083729218696,0.00044095485430769546,0.523648126036021,0.8271570762589053,2,2.1042258135378846,4.458365694486931,-10.630623996815714,-4.3591488699466886e-07,27.384600717633774,3.113615902981105e-15,2.1042258135378846,0-2,2,65.75,65750,,,,,0,0.523648126036021,0.8323341766077917,2.1042258135378846,4.458365694486931,0.0038477971666828637,negative_baseline,20.0,0,0,0,1,0,0,1,0,0,0,-1,1,0,0,0,0,1,1,0,0
sim_0039_n3_seed81,81,0.001,3,232.4,0,body_0,23.12038132751752,16.22432647230617,0.0004011192505210386,0.00024401011809822729,0.47357932813814785,0.6917575043732705,2,2.6366159679309975,3.879992213749537,-10.630621484995437,-1.9963323760145585e-07,27.38460071763374,1.9460099393631903e-15,2.6366159679309975,0-2,2,66.15,66150,,,,,0,0.47357932813814785,0.6928789549346195,2.6366159679309975,3.879992213749537,0.003318183820607829,negative_hard,10.0,0,0,0,1,0,0,0,0,0,0,-1,1,0,0,0,0,1,1,0,0
sim_0039_n3_seed81,81,0.001,3,232.9,0,body_0,23.12038132751752,16.22432647230617,0.00033897350289679854,0.00019997850822853149,0.3735587369384865,0.5952563550454837,1,2.6773638740464887,3.520452299587821,-10.630620973707988,-1.5153750279393384e-07,27.384600717633713,9.081379717028221e-16,2.6773638740464887,0-1,2,66.65,66650,,,,,0,0.3735587369384865,0.5962054617455365,2.6773638740464887,3.520452299587821,0.0027812032162035064,negative_hard,10.0,0,0,0,1,0,0,0,0,0,0,-1,1,0,0,0,0,0,1,0,0
sim_0039_n3_seed81,81,0.001,3,233.0,0,body_0,23.12038132751752,16.22432647230617,0.0003298019662089654,0.00019241057218443745,0.3551127072326436,0.565299276847566,1,2.6931817396883257,3.50954786605241,-10.63062093100811,-1.4752081515283387e-07,27.384600717633703,5.189359838301841e-16,2.6931817396883257,0-1,2,66.75,66750,,,,,0,0.3551127072326436,0.5662247840114906,2.6931817396883257,3.50954786605241,0.0027045407392048177,negative_baseline,20.0,0,0,0,1,0,0,0,0,0,0,-1,1,0,0,0,0,0,1,0,0
sim_0039_n3_seed81,81,0.001,3,234.0,0,body_0,23.12038132751752,16.22432647230617,0.0002736040482193826,5.314385027898304e-05,0.20397852330579444,0.2352854609915494,1,3.2855984644628218,3.0173748171779247,-10.63061969212172,-3.0981378594009276e-08,27.38460071763368,-2.5946799191509205e-16,3.2855984644628218,0-1,2,67.75,67750,,,,,0,0.20397852330579444,0.23542626511894565,3.2855984644628218,3.0173748171779247,0.002326584739667588,negative_baseline,20.0,0,0,0,0,0,0,0,0,0,0,-1,0,0,0,0,0,0,1,0,0
sim_0039_n3_seed81,81,0.001,3,235.0,0,body_0,23.12038132751752,16.22432647230617,0.0003195082992844617,0.00016034583167059765,0.13207516796511642,0.09191871519265932,1,4.127457046254434,2.4412334063367855,-10.630619380888808,-1.7043533500295147e-09,27.384600717633788,3.6325518868112884e-15,4.127457046254434,0-1,2,68.75,68750,,,,,0,0.13207516796511642,0.09193268863516411,4.127457046254434,2.4412334063367855,0.002521527115635946,negative_baseline,20.0,0,0,0,0,0,0,0,0,0,0,-1,0,0,0,0,0,0,1,0,0
sim_0039_n3_seed81,81,0.001,3,236.0,0,body_0,23.12038132751752,16.22432647230617,0.0005132119974635757,0.00023920864830786207,0.10228616016128655,0.04688376227017791,1,4.7894478051612355,2.0583637789192646,-10.630619359797766,2.7963658340624476e-10,27.38460071763378,3.3730838948961966e-15,4.7894478051612355,0-1,2,69.75,69750,,,,,0,0.10228616016128655,0.04688655774582299,4.7894478051612355,2.0583637789192646,0.0032238642075945673,negative_baseline,20.0,0,0,0,0,0,0,0,0,0,0,-1,0,0,0,0,0,0,1,0,0
sim_0039_n3_seed81,81,0.001,3,237.0,0,body_0,23.12038132751752,16.22432647230617,0.0007744134537865545,0.0002918824844420579,0.09051550715767456,0.03189139404255858,1,5.1662766821497925,1.8561873729971685,-10.630619362738562,3.0020853806910922e-12,27.384600717633777,3.2433498989386505e-15,5.1662766821497925,0-1,2,70.75,70750,,,,,0,0.09051550715767456,0.031890087111266216,5.1662766821497925,1.8561873729971685,0.004286794179529761,negative_baseline,20.0,0,0,0,0,0,0,0,0,0,0,-1,0,0,0,0,0,0,1,0,0
sim_0039_n3_seed81,81,0.001,3,237.85,0,body_0,23.12038132751752,16.22432647230617,0.0010140877062911782,0.0003362606786719382,0.08897070717017523,0.029642216898200353,1,5.24719439658042,1.8125986071044804,-10.630619365037896,-2.1329143224261719e-10,27.384600717633795,3.892019878726381e-15,5.24719439658042,0-1,2,71.6,71600,,,,,0,0.08897070717017523,0.029636920632266528,5.24719439658042,1.8125986071044804,0.005404735879244805,negative_hard,8.0,0,0,0,0,0,0,0,0,0,0,-1,0,0,0,0,0,0,1,0,0
sim_0039_n3_seed81,81,0.001,3,238.0,0,body_0,23.12038132751752,16.22432647230617,0.0010569187750844797,0.000345349976711022,0.0894125167207805,0.030039460944700346,1,5.238399503158597,1.8168609957938646,-10.630619365330247,-2.407922788344439e-10,27.384600717633816,4.670423854471657e-15,5.238399503158597,0-1,2,71.75,71750,,,,,0,0.0894125167207805,0.030033244290628976,5.238399503158597,1.8168609957938646,0.0056212221706388845,negative_baseline,20.0,0,0,0,0,0,0,0,0,0,0,-1,0,0,0,0,0,0,1,0,0
sim_0039_n3_seed81,81,0.001,3,238.25,0,body_0,23.12038132751752,16.22432647230617,0.0011283370291118391,0.00036198330513777265,0.09064778080657666,0.031248709740663294,1,5.208316555291487,1.831977126857814,-10.630619365766014,-2.817839617446207e-10,27.384600717633813,4.540689858514111e-15,5.208316555291487,0-1,2,72.0,72000,,,,,0,0.09064778080657666,0.031240724155093914,5.208316555291487,1.831977126857814,0.005995180958188698,negative_hard,8.0,0,0,0,0,0,0,0,0,0,0,-1,0,0,0,0,0,0,1,0,0
sim_0039_n3_seed81,81,0.001,3,238.65,0,body_0,23.12038132751752,16.22432647230617,0.001242227280505476,0.0003938108792554938,0.09403597175575405,0.03475325095512625,1,5.120049656001699,1.8772566824683712,-10.630619366425519,-3.4382215806647417e-10,27.384600717633802,4.151487870641473e-15,5.120049656001699,0-1,2,72.4,72400,,,,,0,0.09403597175575405,0.034741588615362355,5.120049656001699,1.8772566824683712,0.0066292171048438365,negative_hard,8.0,0,0,0,0,0,0,0,0,0,0,-1,0,0,0,0,0,0,1,0,0
sim_0039_n3_seed81,81,0.001,3,239.0,0,body_0,23.12038132751752,16.22432647230617,0.0013409231039571206,0.0004290144461662975,0.09865460918556111,0.03972797902400361,1,5.00233178132955,1.9387148106475336,-10.630619367190208,-4.1575490430106523e-10,27.3846007176338,4.021753874683927e-15,5.00233178132955,0-1,2,72.75,72750,,,,,0,0.09865460918556111,0.03971181457946275,5.00233178132955,1.9387148106475336,0.007222780757614001,negative_baseline,20.0,0,0,0,0,0,0,0,0,0,0,-1,0,0,0,0,0,0,1,0,0
sim_0039_n3_seed81,81,0.001,3,239.05,0,body_0,23.12038132751752,16.22432647230617,0.0013549132341216282,0.0004347583767537035,0.0994600086717788,0.040613649504542416,1,4.982439596853394,1.9492055130197787,-10.630619367337651,-4.296245521277102e-10,27.384600717633788,3.6325518868112884e-15,4.982439596853394,0-1,2,72.80000000000001,72800,,,,,0,0.0994600086717788,0.04059670770835327,4.982439596853394,1.9492055130197787,0.007310744280827793,negative_hard,8.0,0,0,0,0,0,0,0,0,0,0,-1,0,0,0,0,0,0,1,0,0
sim_0039_n3_seed81,81,0.001,3,239.45000000000002,0,body_0,23.12038132751752,16.22432647230617,0.0014654845807290308,0.0004889083781067121,0.1074652981304969,0.04968425272323966,1,4.795838673827259,2.0491304723011705,-10.630619369285348,-6.128403223698916e-10,27.38460071763374,1.9460099393631903e-15,4.795838673827259,0-1,2,73.20000000000002,73200,,,,,0,0.1074652981304969,0.04965941364809139,4.795838673827259,2.0491304723011705,0.008045402825990746,negative_hard,8.0,0,0,0,0,0,0,0,0,0,0,-1,0,0,0,0,0,0,1,0,0
sim_0039_n3_seed81,81,0.001,3,239.85,0,body_0,23.12038132751752,16.22432647230617,0.0015728075204144876,0.0005619427819392914,0.11891956875971986,0.0634690486204223,1,4.561282155392441,2.179023403097917,-10.63061937426694,-1.0814482047310265e-09,27.384600717633713,9.081379717028221e-16,4.561282155392441,0-1,2,73.6,73600,,,,,0,0.11891956875971986,0.06343208661717067,4.561282155392441,2.179023403097917,0.008840662282189148,negative_hard,8.0,0,0,0,0,0,0,0,0,0,0,-1,0,0,0,0,0,0,1,0,0
sim_0039_n3_seed81,81,0.001,3,240.0,0,body_0,23.12038132751752,16.22432647230617,0.001611908687322165,0.000595745183406562,0.124359749496364,0.07033534262217166,1,4.461390883862843,2.23599425504059,-10.63061937780034,-1.4138276485158384e-09,27.384600717633706,6.486699797877301e-16,4.461390883862843,0-1,2,73.75,73750,,,,,0,0.124359749496364,0.07029230464928235,4.461390883862843,2.23599425504059,0.00915633966281781,negative_baseline,20.0,0,0,0,0,0,0,0,0,0,0,-1,0,0,0,0,0,0,1,0,0
sim_0039_n3_seed81,81,0.001,3,240.25,0,body_0,23.12038132751752,16.22432647230617,0.0016752551932640127,0.0006619000803562556,0.1351722137335227,0.08456558061761343,1,4.281225459781073,2.341599008919555,-10.63061938753033,-2.3291074363687104e-09,27.384600717633703,5.189359838301841e-16,4.281225459781073,0-1,2,74.0,74000,,,,,0,0.1351722137335227,0.08451009069171192,4.281225459781073,2.341599008919555,0.009705707721522128,negative_hard,8.0,0,0,0,0,0,0,0,0,0,0,-1,0,0,0,0,0,0,1,0,0
sim_0039_n3_seed81,81,0.001,3,240.3,0,body_0,23.12038132751752,16.22432647230617,0.0016876036236634878,0.0006768091255388636,0.13763385991194976,0.08791026509143356,1,4.2432374603656156,2.3643738379298296,-10.630619390304693,-2.5900858402353823e-09,27.384600717633703,5.189359838301841e-16,4.2432374603656156,0-1,2,74.05000000000001,74050,,,,,0,0.13763385991194976,0.08785190944492678,4.2432374603656156,2.3643738379298296,0.00981924708629315,negative_pre_failure,1.0,0,0,0,0,0,0,0,0,0,0,-1,0,0,0,0,0,0,1,0,0
sim_0039_n3_seed81,81,0.001,3,240.35,0,body_0,23.12038132751752,16.22432647230617,0.0016998305280339963,0.0006923362338537818,0.14020612276579728,0.0914456106535789,1,4.204629314570963,2.387713889916494,-10.630619393443407,-2.885338080047969e-09,27.384600717633717,1.0378719676603682e-15,4.204629314570963,0-1,2,74.1,74100,,,,,0,0.14020612276579728,0.09138426307001761,4.204629314570963,2.387713889916494,0.009934053874740193,negative_pre_failure,1.0,0,0,0,0,0,0,0,0,0,0,-1,0,0,0,0,0,0,1,0,0
sim_0039_n3_seed81,81,0.001,3,241.0,0,body_0,23.12038132751752,16.22432647230617,1.1031079533100795e-08,8.003574046127914e-09,0.18688900049383653,0.1619729320799337,1,3.650769545565284,2.7473853730206934,-10.630619467927842,-9.891932153104109e-09,27.384600717633674,-5.189359838301841e-16,3.650769545565284,0-1,3,0.5999999999999943,600,,,,,0,0.18688900049383653,0.16186846784648962,3.650769545565284,2.7473853730206934,5.976683095770737e-08,negative_baseline,20.0,0,0,0,0,0,0,0,0,0,0,-1,0,0,0,0,0,0,1,0,0
sim_0039_n3_seed81,81,0.001,3,242.0,0,body_0,23.12038132751752,16.22432647230617,4.546369634684426e-08,6.291468010545691e-08,0.31684672458892094,0.4005747103695227,1,2.8237527987386306,3.4149173522603578,-10.63062058462827,-1.1493759224309048e-07,27.384600717633745,2.0757439353207364e-15,2.8237527987386306,0-1,3,1.5999999999999943,1600,,,,,0,0.31684672458892094,0.4009497625358275,2.8237527987386306,3.4149173522603578,2.449737634270881e-07,negative_baseline,20.0,0,0,0,0,0,0,0,0,0,0,-1,0,0,0,0,0,0,1,0,0
sim_0039_n3_seed81,81,0.001,3,242.1,0,body_0,23.12038132751752,16.22432647230617,5.129069016526343e-08,7.457641661262352e-08,0.33084982937435786,0.4279014273390354,1,2.7658969772821766,3.470128718174729,-10.630620797761273,-1.349865654523597e-07,27.38460071763374,1.9460099393631903e-15,2.7658969772821766,0-1,3,1.6999999999999886,1700,,,,,0,0.33084982937435786,0.42843377916014275,2.7658969772821766,3.470128718174729,2.761872253865266e-07,negative_hard,10.0,0,0,0,1,0,0,0,0,0,0,-1,1,0,0,0,0,0,1,0,0
sim_0039_n3_seed81,81,0.001,3,242.6,0,body_0,23.12038132751752,16.22432647230617,9.129085635474169e-08,1.503761553218502e-07,0.3697279454935961,0.49999816650014417,1,2.6301248024567605,3.605787667098915,-10.630621460532362,-1.9733204758736938e-07,27.384600717633706,6.486699797877301e-16,2.6301248024567605,0-1,3,2.1999999999999886,2200,,,,,0,0.3697279454935961,0.5011681162504207,2.6301248024567605,3.605787667098915,4.899535863661998e-07,negative_hard,10.0,0,0,0,1,0,0,0,0,0,0,-1,1,0,0,0,0,0,1,0,0
sim_0039_n3_seed81,81,0.001,3,243.0,0,body_0,23.12038132751752,16.22432647230617,1.3770115622712723e-07,2.0664959207424317e-07,0.34588764645823045,0.4441016800712377,1,2.733400512033247,3.5025170992301145,-10.63062093334961,-1.4774107507926723e-07,27.3846007176337,3.892019878726381e-16,2.733400512033247,0-1,3,2.5999999999999943,2600,,,,,0,0.34588764645823045,0.4449850058720974,2.733400512033247,3.5025170992301145,7.372865135321953e-07,negative_baseline,20.0,0,0,0,1,0,0,0,0,0,0,-1,1,0,0,0,0,0,1,0,0
sim_0039_n3_seed81,81,0.001,3,243.1,0,body_0,23.12038132751752,16.22432647230617,1.5101904084869736e-07,2.164270963204217e-07,0.33400896437688693,0.4181960457398364,1,2.7856987948713847,3.451904758731332,-10.630620720012569,-1.2767290847508084e-07,27.38460071763368,-2.5946799191509205e-16,2.7856987948713847,0-1,3,2.6999999999999886,2700,,,,,0,0.33400896437688693,0.41894167612262917,2.7856987948713847,3.451904758731332,8.081579651553452e-07,negative_hard,10.0,0,0,0,1,0,0,0,0,0,0,-1,1,0,0,0,0,0,1,0,0
sim_0039_n3_seed81,81,0.001,3,244.0,0,body_0,23.12038132751752,16.22432647230617,2.7904128464891204e-07,2.3355919908977018e-07,0.21846229677399595,0.18516792952342584,1,3.5038298664619734,2.8506093130177703,-10.630619524908624,-1.52519945177105e-08,27.384600717633717,1.0378719676603682e-15,3.5038298664619734,0-1,3,3.5999999999999943,3600,,,,,0,0.21846229677399595,0.18524106494216744,3.5038298664619734,2.8506093130177703,1.4870158035983497e-06,negative_baseline,20.0,0,0,0,0,0,0,0,0,0,0,-1,0,0,0,0,0,0,1,0,0
sim_0039_n3_seed81,81,0.001,3,245.0,0,body_0,23.12038132751752,16.22432647230617,3.961874210068091e-07,2.025879114347007e-07,0.1519435503129024,0.0661842368019369,1,4.330856961042211,2.297526053124646,-10.630619317736135,4.236285691757265e-09,27.384600717633752,2.3352119272358286e-15,4.330856961042211,0-1,3,4.599999999999994,4600,,,,,0,0.1519435503129024,0.06620346303840108,4.330856961042211,2.297526053124646,2.1011789866991936e-06,negative_baseline,20.0,0,0,0,0,0,0,0,0,0,0,-1,0,0,0,0,0,0,1,0,0
sim_0039_n3_seed81,81,0.001,3,246.0,0,body_0,23.12038132751752,16.22432647230617,4.737202007888342e-07,1.7806499500044724e-07,0.1362960326803989,0.009318973642185919,1,4.884358080395059,1.9787816183216593,-10.630619227860288,1.2690717568392896e-08,27.384600717633756,2.4649459231933743e-15,4.884358080395059,0-1,3,5.599999999999994,5600,,,,,0,0.1362960326803989,0.009285421307331466,4.884358080395059,1.9787816183216593,2.4864199783299976e-06,negative_baseline,20.0,0,0,0,0,0,0,0,0,0,0,-1,0,0,0,0,0,1,1,0,0
sim_0039_n3_seed81,81,0.001,3,246.3,0,body_0,23.12038132751752,16.22432647230617,4.909904438800764e-07,1.7361362850096044e-07,0.14163788149181827,0.03400535616469235,2,4.366116167573882,2.789839479333523,-10.630619179121357,1.7275486286942205e-08,27.384600717633774,3.113615902981105e-15,4.366116167573882,0-2,3,5.900000000000006,5900,,,,,0,0.14163788149181827,0.03386471604845439,4.366116167573882,2.789839479333523,2.558882337893186e-06,negative_hard,10.0,0,0,0,0,1,0,0,0,0,0,-1,0,0,0,0,0,1,1,0,0
sim_0039_n3_seed81,81,0.001,3,246.8,0,body_0,23.12038132751752,16.22432647230617,5.185190939488986e-07,1.7011732484500443e-07,0.17190454668770966,0.13585895996688127,2,3.432740444651484,3.307006549658075,-10.63061909715313,2.4986065037218483e-08,27.384600717633806,4.281221866599019e-15,3.432740444651484,0-2,3,6.400000000000006,6400,,,,,0,0.17190454668770966,0.13543897088839735,3.432740444651484,3.307006549658075,2.6411564155052596e-06,negative_hard,10.0,0,0,0,0,1,0,0,0,0,0,-1,0,0,0,0,0,0,1,0,0
sim_0039_n3_seed81,81,0.001,3,247.0,0,body_0,23.12038132751752,16.22432647230617,5.3152214876714e-07,1.714461444880222e-07,0.19802946178651978,0.2188588325322785,2,3.05317495841649,3.5707810721027022,-10.63061915997682,1.90763725729951e-08,27.384600717633834,5.319093834259387e-15,3.05317495841649,0-2,3,6.599999999999994,6600,,,,,0,0.19802946178651978,0.21827315882561524,3.05317495841649,3.5707810721027022,2.6655465188627714e-06,negative_baseline,20.0,0,0,0,0,1,0,0,0,0,0,-1,0,0,0,0,0,0,1,0,0
sim_0039_n3_seed81,81,0.001,3,247.3,0,body_0,23.12038132751752,16.22432647230617,5.574645996659427e-07,1.8603541040396316e-07,0.2634859272330953,0.43115945247999155,2,2.51837183593458,4.026605181203242,-10.63061991676232,-5.2112847379219925e-08,27.38460071763385,5.9677638140471174e-15,2.51837183593458,0-2,3,6.900000000000006,6900,,,,,0,0.2634859272330953,0.4309875933605764,2.51837183593458,4.026605181203242,2.7107569099303795e-06,negative_hard,10.0,0,0,0,1,0,0,1,0,0,0,-1,1,0,0,0,0,0,1,0,0
sim_0039_n3_seed81,81,0.001,3,247.8,0,body_0,23.12038132751752,16.22432647230617,6.13211329909398e-07,3.629671098337179e-07,0.3917003914390389,0.8267532859128847,2,2.020676206765957,4.589437606280818,-10.630624323415237,-4.66637417017844e-07,27.384600717633813,4.540689858514111e-15,2.020676206765957,0-2,3,7.400000000000006,7400,,,,,0,0.3917003914390389,0.8340320605895835,2.020676206765957,4.589437606280818,2.939579308323424e-06,negative_hard,10.0,0,0,0,1,0,0,1,0,0,0,-1,1,0,0,0,0,0,1,0,0
sim_0039_n3_seed81,81,0.001,3,248.0,0,body_0,23.12038132751752,16.22432647230617,6.253120830448523e-07,4.571885488090608e-07,0.3765329562598137,0.7666031362960372,2,2.087649075964278,4.503624077883266,-10.630623190502668,-3.6006671493267424e-07,27.384600717633823,4.929891846386749e-15,2.087649075964278,0-2,3,7.599999999999994,7600,,,,,0,0.3765329562598137,0.772334685803438,2.087649075964278,4.503624077883266,3.123087571074437e-06,negative_baseline,20.0,0,0,0,1,0,0,1,0,0,0,-1,1,0,0,0,0,0,1,0,0
sim_0039_n3_seed81,81,0.001,3,248.3,0,body_0,23.12038132751752,16.22432647230617,6.24367719078515e-07,4.989351386092278e-07,0.2999877843860653,0.4850178098849466,2,2.449553754850764,4.09585916523291,-10.630620172162798,-7.613783303057692e-08,27.384600717633838,5.448827830216933e-15,2.449553754850764,0-2,3,7.900000000000006,7900,,,,,0,0.2999877843860653,0.4860357841981367,2.449553754850764,4.09585916523291,3.4801269707629054e-06,negative_hard,10.0,0,0,0,1,0,0,1,0,0,0,-1,1,0,0,0,0,0,1,0,0
sim_0039_n3_seed81,81,0.001,3,249.0,0,body_0,23.12038132751752,16.22432647230617,5.832872136003696e-07,4.4423014001537257e-07,0.2029502449103513,0.08944286499628082,2,3.7256268604763654,3.1086211634466543,-10.630619136082966,2.132401715428379e-08,27.384600717633877,6.875901785749939e-15,3.6972000633142565,1-2,3,8.599999999999994,8600,,,,,0,0.2029502449103513,0.08930725750327934,3.7256268604763654,3.1086211634466543,4.3975873465606465e-06,negative_baseline,20.0,0,0,0,0,0,1,0,0,0,0,-1,0,1,1,0,0,1,1,0,0
sim_0039_n3_seed81,81,0.001,3,250.0,0,body_0,23.12038132751752,16.22432647230617,5.799490046758909e-07,3.723851791431555e-07,0.21554971419667238,0.12004143725284201,1,3.8232294035838597,2.8186175428936195,-10.630619600364312,-2.234995234548913e-08,27.384600717633848,5.838029818089571e-15,2.8656114454342947,1-2,3,9.599999999999994,9600,,,,,0,0.21554971419667238,0.12000149384303122,3.8232294035838597,2.8186175428936195,5.369558474132011e-06,negative_baseline,20.0,0,0,0,0,0,0,0,0,0,0,-1,0,0,0,0,0,0,1,0,0
sim_0039_n3_seed81,81,0.001,3,251.0,0,body_0,23.12038132751752,16.22432647230617,6.504890312090012e-07,2.9210867360125156e-07,0.2547201765015868,0.2181584929749954,1,3.3431046186031197,3.167923363673136,-10.63062005509232,-6.512525946723071e-08,27.384600717633887,7.265103773622577e-15,3.3431046186031197,0-1,3,10.599999999999994,10600,,,,,0,0.2547201765015868,0.21836316303429817,3.3431046186031197,3.167923363673136,5.8429301770856885e-06,negative_baseline,20.0,0,0,0,0,0,0,0,0,0,0,-1,0,0,0,0,0,0,1,0,0
sim_0039_n3_seed81,81,0.001,3,252.0,0,body_0,23.12038132751752,16.22432647230617,7.239551780483616e-07,3.4793462094338156e-07,0.2164121514907419,0.18713788716442617,1,3.509325536084145,3.032827880993472,-10.630619832995594,-4.4233087599501294e-08,27.384600717633887,7.265103773622577e-15,3.509325536084145,0-1,3,11.599999999999994,11600,,,,,0,0.2164121514907419,0.18729846213528514,3.509325536084145,3.032827880993472,5.984596884829334e-06,negative_baseline,20.0,0,0,0,0,0,0,0,0,0,0,-1,0,0,0,0,0,0,1,0,0
sim_0039_n3_seed81,81,0.001,3,253.0,0,body_0,23.12038132751752,16.22432647230617,7.983195551978453e-07,4.0860505658307166e-07,0.14696207234964173,0.1057695401850715,1,4.128467513742898,2.6490918046332084,-10.630619464208728,-9.542082931829566e-09,27.384600717633923,8.562443733198038e-15,4.128467513742898,0-1,3,12.599999999999994,12600,,,,,0,0.14696207234964173,0.10580814168079843,4.128467513742898,2.6490918046332084,6.0856158778582745e-06,negative_baseline,20.0,0,0,0,0,0,0,0,0,0,0,-1,0,0,0,0,0,0,1,0,0
sim_0039_n3_seed81,81,0.001,3,254.0,0,body_0,23.12038132751752,16.22432647230617,8.634213725556585e-07,4.3507204377573876e-07,0.10355649096535327,0.05704794178894123,1,4.833484157166058,2.2899244267938372,-10.630619349441275,1.253849883935571e-09,27.38460071763394,9.211113712985768e-15,4.833484157166058,0-1,3,13.599999999999994,13600,,,,,0,0.10355649096535327,0.057057677109184,4.833484157166058,2.2899244267938372,6.280294791539909e-06,negative_baseline,20.0,0,0,0,0,0,0,0,0,0,0,-1,0,0,0,0,0,0,1,0,0
sim_0039_n3_seed81,81,0.001,3,255.0,0,body_0,23.12038132751752,16.22432647230617,9.376220587224188e-07,4.5641406379439246e-07,0.08730713835761508,0.03534531211611303,1,5.438480478939341,2.022918060957682,-10.63061930347477,5.577822335602789e-09,27.38460071763399,1.1027389656391412e-14,5.438480478939341,0-1,3,14.599999999999994,14600,,,,,0,0.08730713835761508,0.03534464780253828,5.438480478939341,2.022918060957682,6.466049860636677e-06,negative_baseline,20.0,0,0,0,0,0,0,0,0,0,0,-1,0,0,0,0,0,0,1,0,0
sim_0039_n3_seed81,81,0.001,3,256.0,0,body_0,23.12038132751752,16.22432647230617,1.0510039743415427e-06,4.7010042880176753e-07,0.10157396002393719,0.04731415436826563,2,4.539275065541537,2.1899366376832763,-10.630619208397944,1.4521499384639456e-08,27.384600717633955,9.730049696815953e-15,4.539275065541537,0-2,3,15.599999999999994,15600,,,,,0,0.10157396002393719,0.04724689813918276,4.539275065541537,2.1899366376832763,6.639335509798267e-06,negative_baseline,20.0,0,0,0,0,0,0,0,0,0,0,-1,0,0,0,0,0,0,1,0,0
sim_0039_n3_seed81,81,0.001,3,256.65,0,body_0,23.12038132751752,16.22432647230617,1.1476327243908519e-06,4.468304872008777e-07,0.1510176966460175,0.1335530734245262,2,3.4984801032673896,2.8356276386383503,-10.630618962513854,3.7651298466603855e-08,27.384600717633965,1.011925168468859e-14,3.4984801032673896,0-2,3,16.24999999999997,16250,,,,,0,0.1510176966460175,0.13313600827291766,3.4984801032673896,2.8356276386383503,6.840538853664262e-06,negative_hard,10.0,0,0,0,0,1,0,0,0,0,0,-1,0,0,0,0,0,0,1,0,0
sim_0039_n3_seed81,81,0.001,3,257.0,0,body_0,23.12038132751752,16.22432647230617,1.1974351540287148e-06,3.8523902090847255e-07,0.2201400865538118,0.3035280897452087,2,2.8207022256683407,3.3890424211139734,-10.630618650768142,6.697656177190964e-08,27.384600717633976,1.0508453672561228e-14,2.8207022256683407,0-2,3,16.599999999999994,16600,,,,,0,0.2201400865538118,0.3021873153731286,2.8207022256683407,3.3890424211139734,7.027035239223122e-06,negative_baseline,20.0,0,0,0,0,1,0,0,0,0,0,-1,0,0,0,0,0,0,1,0,0
sim_0039_n3_seed81,81,0.001,3,257.15,0,body_0,23.12038132751752,16.22432647230617,1.2138876722439816e-06,3.2947155965113497e-07,0.27191967176200943,0.4618433554388987,2,2.508998096565209,3.7002498908772035,-10.630618547135903,7.672502846551803e-08,27.38460071763397,1.0248985680646136e-14,2.508998096565209,0-2,3,16.74999999999997,16750,,,,,0,0.27191967176200943,0.4596299120202349,2.508998096565209,3.7002498908772035,7.128801756107621e-06,negative_hard,10.0,0,0,0,1,1,0,0,0,0,0,-1,1,0,0,0,0,0,1,0,0
sim_0039_n3_seed81,81,0.001,3,257.65,0,body_0,23.12038132751752,16.22432647230617,1.2066650000153462e-06,3.932480448912019e-07,0.6458661176193621,2.0406473858669383,2,1.5598548695574908,5.067731146562675,-10.630628986252237,-9.052606844822696e-07,27.384600717634008,1.1676059636179143e-14,1.5598548695574908,0-2,3,17.24999999999997,17250,,,,,0,0.6458661176193621,2.066052223523227,1.5598548695574908,5.067731146562675,7.418077974084452e-06,negative_hard,10.0,0,0,0,1,0,0,1,1,0,0,-1,1,0,0,0,0,0,1,0,0
sim_0039_n3_seed81,81,0.001,3,258.0,0,body_0,23.12038132751752,16.22432647230617,1.202510162461899e-06,1.170342498510937e-06,0.6127296085261641,2.0671861655003676,2,1.5512307369343403,5.0786846022002985,-10.630629314321915,-9.361215089455598e-07,27.38460071763402,1.2065261624051781e-14,1.5512307369343403,0-2,3,17.599999999999994,17600,,,,,0,0.6127296085261641,2.098212191164323,1.5512307369343403,5.0786846022002985,7.336171100178469e-06,negative_baseline,20.0,0,0,0,1,0,0,1,1,0,0,-1,1,0,0,1,1,0,1,0,0
sim_0039_n3_seed81,81,0.001,3,258.15,0,body_0,23.12038132751752,16.22432647230617,1.2402736452738417e-06,1.2459020001536133e-06,0.4491084770686563,1.41106483714141,2,1.7798193779586895,4.660957644348032,-10.630621841743228,-2.331917517619006e-07,27.384600717634022,1.2194995620009327e-14,1.7798193779586895,0-2,3,17.74999999999997,17750,,,,,0,0.4491084770686563,1.417556241139878,1.7798193779586895,4.660957644348032,7.625489221461618e-06,negative_hard,10.0,0,0,0,1,0,1,1,0,0,0,-1,1,0,0,0,0,0,1,0,0
sim_0039_n3_seed81,81,0.001,3,258.65,0,body_0,23.12038132751752,16.22432647230617,1.3496833907409902e-06,1.0167883316253425e-06,0.15701708252905158,0.31571200386307374,2,2.798564088206265,3.4262045540823283,-10.630618676209943,6.458330502117946e-08,27.384600717634058,1.3492335579584786e-14,2.798564088206265,0-2,3,18.24999999999997,18250,,,,,0,0.15701708252905158,0.31515667155556915,2.798564088206265,3.4262045540823283,1.0043963693775728e-05,negative_hard,10.0,0,0,0,1,0,1,0,0,0,0,-1,1,0,0,0,0,0,1,0,0
sim_0039_n3_seed81,81,0.001,3,259.0,0,body_0,23.12038132751752,16.22432647230617,1.3913946646968238e-06,8.744506966000703e-07,0.10207325816967663,0.13638493644281843,2,3.4837752998888636,2.8864262177583195,-10.630618981713637,3.5845215260957014e-08,27.38460071763401,1.1805793632136689e-14,3.4837752998888636,0-2,3,18.599999999999994,18600,,,,,0,0.10207325816967663,0.13623369272588026,3.4837752998888636,2.8864262177583195,1.1821021209785475e-05,negative_baseline,20.0,0,0,0,0,0,1,0,0,0,0,-1,0,0,0,0,0,0,1,0,0
sim_0039_n3_seed81,81,0.001,3,260.0,0,body_0,23.12038132751752,16.22432647230617,1.4569294660246905e-06,7.213657703728568e-07,0.10112849912156693,0.033487720380926844,1,5.022971208426179,2.201155921521002,-10.630619280840666,7.70696491856481e-09,27.38460071763401,1.1805793632136689e-14,5.022971208426179,0-1,3,19.599999999999994,19600,,,,,0,0.10112849912156693,0.03348478320068772,5.022971208426179,2.201155921521002,1.5517621916830318e-05,negative_baseline,20.0,0,0,0,0,0,0,0,0,0,0,-1,0,1,1,0,0,0,1,0,0
sim_0039_n3_seed81,81,0.001,3,261.0,0,body_0,23.12038132751752,16.22432647230617,1.546593111721188e-06,7.032466619917512e-07,0.1412617417667307,0.06879473659934628,1,4.397954774053047,2.489862955759854,-10.630619388868736,-2.45500837372308e-09,27.384600717633976,1.0508453672561228e-14,4.397954774053047,0-1,3,20.599999999999994,20600,,,,,0,0.1412617417667307,0.0687702925389352,4.397954774053047,2.489862955759854,1.7519191749078397e-05,negative_baseline,20.0,0,0,0,0,0,0,0,0,0,0,-1,0,0,0,0,0,0,1,0,0
sim_0039_n3_seed81,81,0.001,3,262.0,0,body_0,23.12038132751752,16.22432647230617,1.71563552286044e-06,6.562363949640696e-07,0.19859692205281831,0.13933759995812367,1,3.755393176831174,2.871520197611597,-10.6306196483777,-2.6866470659757226e-08,27.38460071763389,7.394837769580123e-15,3.755393176831174,0-1,3,21.599999999999994,21600,,,,,0,0.19859692205281831,0.13934894020474772,3.755393176831174,2.871520197611597,1.825129842415332e-05,negative_baseline,20.0,0,0,0,0,0,0,0,0,0,0,-1,0,0,0,0,0,0,1,0,0
sim_0039_n3_seed81,81,0.001,3,263.0,0,body_0,23.12038132751752,16.22432647230617,1.8952027745841128e-06,6.26156561707069e-07,0.24166750051699012,0.20161157652673412,1,3.4006778517222114,3.1257868070004697,-10.630620057059078,-6.531026820063301e-08,27.384600717633806,4.281221866599019e-15,3.4006778517222114,0-1,3,22.599999999999994,22600,,,,,0,0.24166750051699012,0.20180147801953627,3.4006778517222114,3.1257868070004697,1.7901139374366117e-05,negative_baseline,20.0,0,0,0,0,0,0,0,0,0,0,-1,0,0,0,0,0,0,1,0,0
sim_0039_n3_seed81,81,0.001,3,264.0,0,body_0,23.12038132751752,16.22432647230617,2.078265090751166e-06,7.695490379867897e-07,0.20947838385275075,0.16359571756103194,1,3.63415864399388,2.9580607775622805,-10.630619738026875,-3.5299579976835744e-08,27.384600717633766,2.8541479110660126e-15,3.63415864399388,0-1,3,23.599999999999994,23600,,,,,0,0.20947838385275075,0.16371513010688057,3.63415864399388,2.9580607775622805,1.6642053268771553e-05,negative_baseline,20.0,0,0,0,0,0,0,0,0,0,0,-1,0,0,0,0,0,0,1,0,0
sim_0039_n3_seed81,81,0.001,3,265.0,0,body_0,23.12038132751752,16.22432647230617,2.222471913904943e-06,8.902225744955297e-07,0.15506008473508792,0.09846235613505684,1,4.244973250208046,2.587088387411525,-10.630619409284487,-4.375475109569136e-09,27.384600717633717,1.0378719676603682e-15,4.244973250208046,0-1,3,24.599999999999994,24600,,,,,0,0.15506008473508792,0.09847556072339811,4.244973250208046,2.587088387411525,1.4813705679803916e-05,negative_baseline,20.0,0,0,0,0,0,0,0,0,0,0,-1,0,0,0,0,0,0,1,0,0
sim_0039_n3_seed81,81,0.001,3,266.0,0,body_0,23.12038132751752,16.22432647230617,2.1878728650684847e-06,1.0375551757418248e-06,0.14583329125876707,0.09690488881108651,2,4.116938359530923,2.641169330233362,-10.63061924146584,1.1410871890911468e-08,27.38460071763375,2.2054779312782825e-15,4.116938359530923,0-2,3,25.599999999999994,25600,,,,,0,0.14583329125876707,0.0967859322974383,4.116938359530923,2.641169330233362,1.3151235360757864e-05,negative_baseline,20.0,0,0,0,0,0,0,0,0,0,0,-1,0,0,0,0,0,1,1,0,0
sim_0039_n3_seed81,81,0.001,3,266.9,0,body_0,23.12038132751752,16.22432647230617,2.1965768613149168e-06,1.054679354433875e-06,0.25951110936041877,0.33673717848417467,2,2.7003402368148373,3.6656215586345677,-10.630619587725882,-2.1161081752430997e-08,27.384600717633834,5.319093834259387e-15,2.7003402368148373,0-2,3,26.49999999999997,26500,,,,,0,0.25951110936041877,0.33644245607180606,2.7003402368148373,3.6656215586345677,1.494221102948349e-05,negative_hard,10.0,0,0,0,1,0,0,0,0,0,0,-1,1,0,0,0,0,0,1,0,0
sim_0039_n3_seed81,81,0.001,3,267.0,0,body_0,23.12038132751752,16.22432647230617,2.233911189969246e-06,1.0214817238507594e-06,0.28604679260486987,0.39979818354043306,2,2.552439410284938,3.8122567217531307,-10.630619928036953,-5.317342836685529e-08,27.384600717633845,5.708295822132025e-15,2.552439410284938,0-2,3,26.599999999999994,26600,,,,,0,0.28604679260486987,0.39978656816340813,2.552439410284938,3.8122567217531307,1.5583917679848865e-05,negative_baseline,20.0,0,0,0,1,0,0,0,0,0,0,-1,1,0,0,0,0,0,1,0,0
sim_0039_n3_seed81,81,0.001,3,267.4,0,body_0,23.12038132751752,16.22432647230617,2.4980964864386902e-06,9.449241300366741e-07,0.3929812562634688,0.6626497671700293,2,2.1235980644237706,4.302254547990956,-10.630622845517333,-3.2761467025408983e-07,27.384600717633866,6.486699797877301e-15,2.1235980644237706,0-2,3,26.99999999999997,27000,,,,,0,0.3929812562634688,0.6666816526665353,2.1235980644237706,4.302254547990956,1.8603669100020562e-05,negative_hard,10.0,0,0,0,1,0,0,1,0,0,0,-1,1,0,0,0,0,0,1,0,0
sim_0039_n3_seed81,81,0.001,3,267.9,0,body_0,23.12038132751752,16.22432647230617,2.701741465401139e-06,1.1816312307017192e-06,0.3312731169915531,0.5447759804586033,2,2.2536175462425874,4.118417856758936,-10.63062132381673,-1.8447149563576375e-07,27.38460071763384,5.578561826174479e-15,2.2536175462425874,0-2,3,27.49999999999997,27500,,,,,0,0.3312731169915531,0.5472411452727765,2.2536175462425874,4.118417856758936,1.9828596862169064e-05,negative_hard,10.0,0,0,0,1,0,0,1,0,0,0,-1,1,0,0,0,0,0,1,0,0
sim_0039_n3_seed81,81,0.001,3,268.0,0,body_0,23.12038132751752,16.22432647230617,2.680414522638066e-06,1.2157491116759679e-06,0.2972611136355323,0.47260281329210135,2,2.363633812149354,3.989675392640253,-10.630620616153566,-1.1790311053281146e-07,27.384600717633834,5.319093834259387e-15,2.363633812149354,0-2,3,27.599999999999994,27600,,,,,0,0.2972611136355323,0.47413411473246725,2.363633812149354,3.989675392640253,1.958461499975396e-05,negative_baseline,20.0,0,0,0,1,0,0,1,0,0,0,-1,1,0,0,0,0,0,1,0,0
sim_0039_n3_seed81,81,0.001,3,269.0,0,body_0,23.12038132751752,16.22432647230617,2.13624213877722e-06,1.2600026243726915e-06,0.09346942422141229,0.09605488296464451,2,3.8822667341764836,2.814964582955144,-10.63061921505178,1.3895586973917597e-08,27.384600717633887,7.265103773622577e-15,3.8822667341764836,0-2,3,28.599999999999994,28600,,,,,0,0.09346942422141229,0.09604501265065071,3.8822667341764836,2.814964582955144,1.6607922808674844e-05,negative_baseline,20.0,0,0,0,0,0,0,0,0,0,0,-1,0,0,0,0,0,0,1,0,0
sim_0039_n3_seed81,81,0.001,3,270.0,0,body_0,23.12038132751752,16.22432647230617,1.7767602374459774e-06,1.1592999506236925e-06,0.08838520241760119,0.06491231584619717,1,4.6615598782276795,2.2067562673748555,-10.630619304603902,5.4716072314165825e-09,27.384600717633866,6.486699797877301e-15,4.6615598782276795,0-1,3,29.599999999999994,29600,,,,,0,0.08838520241760119,0.06489280354206253,4.6615598782276795,2.2067562673748555,1.6184737307935154e-05,negative_baseline,20.0,0,0,0,0,0,0,0,0,0,0,-1,0,0,0,0,0,0,1,0,0
sim_0039_n3_seed81,81,0.001,3,271.0,0,body_0,23.12038132751752,16.22432647230617,1.6004106936633283e-06,1.1795291466660743e-06,0.14924579772396226,0.11580270620856245,1,3.942675821972318,2.6025307579592614,-10.630619414303117,-4.847567155476568e-09,27.384600717633834,5.319093834259387e-15,3.942675821972318,0-1,3,30.599999999999994,30600,,,,,0,0.14924579772396226,0.11574791685078796,3.942675821972318,2.6025307579592614,1.6665252900939408e-05,negative_baseline,20.0,0,0,0,0,0,0,0,0,0,0,-1,0,0,0,0,0,0,1,0,0
sim_0039_n3_seed81,81,0.001,3,272.0,0,body_0,23.12038132751752,16.22432647230617,1.6124453941995823e-06,1.2063224852865607e-06,0.2570438915058323,0.2593465888388406,1,3.168570466096178,3.146965652591411,-10.630619966696855,-5.68100840147655e-08,27.384600717633855,6.0974978100046635e-15,3.168570466096178,0-1,3,31.599999999999994,31600,,,,,0,0.2570438915058323,0.2594161441664212,3.168570466096178,3.146965652591411,1.7319320273643995e-05,negative_baseline,20.0,0,0,0,0,0,0,0,0,0,0,-1,0,0,0,0,0,0,1,0,0
sim_0039_n3_seed81,81,0.001,3,272.05,0,body_0,23.12038132751752,16.22432647230617,1.6206704131164845e-06,1.1982893542361299e-06,0.2633312521340282,0.2690330890615612,1,3.135359329316269,3.174258190068429,-10.630620022598725,-6.206865530701232e-08,27.384600717633862,6.356965801919755e-15,3.135359329316269,0-1,3,31.650000000000006,31650,,,,,0,0.2633312521340282,0.2691285060867386,3.135359329316269,3.174258190068429,1.737087558895616e-05,negative_hard,10.0,0,0,0,0,0,0,0,0,0,0,-1,0,0,0,0,0,0,1,0,0
sim_0039_n3_seed81,81,0.001,3,272.55,0,body_0,23.12038132751752,16.22432647230617,1.7322973794808371e-06,1.0180826077978794e-06,0.31817304854945155,0.3570574405549982,1,2.884476715184603,3.396276350468533,-10.63062066257048,-1.2226945205744746e-07,27.38460071763384,5.578561826174479e-15,2.884476715184603,0-1,3,32.150000000000006,32150,,,,,0,0.31817304854945155,0.3575459583135655,2.884476715184603,3.396276350468533,1.8091201071053172e-05,negative_hard,10.0,0,0,0,0,0,0,0,0,0,0,-1,0,0,0,0,0,0,1,0,0
sim_0039_n3_seed81,81,0.001,3,273.0,0,body_0,23.12038132751752,16.22432647230617,1.8386873681185395e-06,7.374098816908212e-07,0.3315596385802485,0.37832610342154654,1,2.8404764831394806,3.444204935678957,-10.630620867768936,-1.4157203909948648e-07,27.38460071763382,4.800157850429203e-15,2.8404764831394806,0-1,3,32.599999999999994,32600,,,,,0,0.3315596385802485,0.37902944607102323,2.8404764831394806,3.444204935678957,1.903947514930918e-05,negative_baseline,20.0,0,0,0,0,0,0,0,0,0,0,-1,0,0,0,0,0,0,1,0,0
sim_0039_n3_seed81,81,0.001,3,274.0,0,body_0,23.12038132751752,16.22432647230617,2.014563850056288e-06,6.3119093729207e-07,0.23602539807802905,0.21644514874322504,1,3.3710173566639536,2.9969497495859154,-10.630619716572426,-3.328140510367039e-08,27.38460071763382,4.800157850429203e-15,3.3710173566639536,0-1,3,33.599999999999994,33600,,,,,0,0.23602539807802905,0.21659371844851913,3.3710173566639536,2.9969497495859154,2.1228136696727834e-05,negative_baseline,20.0,0,0,0,0,0,0,0,0,0,0,-1,0,0,0,0,0,0,1,0,0
sim_0039_n3_seed81,81,0.001,3,275.0,0,body_0,23.12038132751752,16.22432647230617,2.295649880723771e-06,8.03008115244772e-07,0.14912112093791186,0.09467091005104526,1,4.179149837118439,2.4472032231763676,-10.630619376419409,-1.2839263814267618e-09,27.384600717633838,5.448827830216933e-15,4.179149837118439,0-1,3,34.599999999999994,34600,,,,,0,0.14912112093791186,0.09468733008276715,4.179149837118439,2.4472032231763676,2.30978432045496e-05,negative_baseline,20.0,0,0,0,0,0,0,0,0,0,0,-1,0,0,0,0,0,0,1,0,0
sim_0039_n3_seed81,81,0.001,3,276.0,0,body_0,23.12038132751752,16.22432647230617,2.6636306079566673e-06,7.981977767606613e-07,0.10520662195409657,0.04947240570852298,1,4.829823776818674,2.0872984164790016,-10.630619338131764,2.317711843765627e-09,27.38460071763387,6.616433793834847e-15,4.829823776818674,0-1,3,35.599999999999994,35600,,,,,0,0.10520662195409657,0.04947624090335124,4.829823776818674,2.0872984164790016,2.480435223037343e-05,negative_baseline,20.0,0,0,0,0,0,0,0,0,0,0,-1,0,0,0,0,0,0,1,0,0
sim_0039_n3_seed81,81,0.001,3,277.0,0,body_0,23.12038132751752,16.22432647230617,2.9831937755180784e-06,7.263521630904729e-07,0.08340781640142216,0.033323235531414835,1,5.227102554812048,1.8965515512418474,-10.630619330407969,3.044272985067906e-09,27.384600717633823,4.929891846386749e-15,5.227102554812048,0-1,3,36.599999999999994,36600,,,,,0,0.08340781640142216,0.03332270669281924,5.227102554812048,1.8965515512418474,2.6191510043249715e-05,negative_baseline,20.0,0,0,0,0,0,0,0,0,0,0,-1,0,0,0,0,0,0,1,0,0
sim_0039_n3_seed81,81,0.001,3,278.0,0,body_0,23.12038132751752,16.22432647230617,3.1641456232248626e-06,7.016194474445324e-07,0.07540973142728359,0.03098820300666591,1,5.363970727322372,1.84262736714079,-10.630619320788764,3.949131362537968e-09,27.38460071763385,5.9677638140471174e-15,5.363970727322372,0-1,3,37.599999999999994,37600,,,,,0,0.07540973142728359,0.03098146664060474,5.363970727322372,1.84262736714079,2.706700439811452e-05,negative_baseline,20.0,0,0,0,0,0,0,0,0,0,0,-1,0,0,0,0,0,0,1,0,0
sim_0039_n3_seed81,81,0.001,3,279.0,0,body_0,23.12038132751752,16.22432647230617,3.1731643571797054e-06,8.915265017755251e-07,0.08482393715567592,0.0441641079600173,2,5.205299323583019,2.135242682722366,-10.630619292138796,6.6441735565881475e-09,27.38460071763389,7.394837769580123e-15,5.205299323583019,0-2,3,38.599999999999994,38600,,,,,0,0.08482393715567592,0.04413532967066948,5.205299323583019,2.135242682722366,2.7355547935941572e-05,negative_baseline,20.0,0,0,0,0,0,0,0,0,0,0,-1,0,1,1,0,0,0,1,0,0
sim_0039_n3_seed81,81,0.001,3,280.0,0,body_0,23.12038132751752,16.22432647230617,3.072080934583886e-06,1.5304882586351428e-06,0.14044037496644776,0.11207407609827455,2,3.810911652653765,2.79031768608323,-10.630619187835173,1.645579599895222e-08,27.384600717633827,5.059625842344295e-15,3.810911652653765,0-2,3,39.599999999999994,39600,,,,,0,0.14044037496644776,0.11189050472921654,3.810911652653765,2.79031768608323,2.729270367949719e-05,negative_baseline,20.0,0,0,0,0,0,0,0,0,0,0,-1,0,0,0,0,0,0,1,0,0
sim_0039_n3_seed81,81,0.001,3,280.6,0,body_0,23.12038132751752,16.22432647230617,3.041207555999264e-06,2.4276567930151157e-06,0.24683033836796922,0.2933623756955519,2,2.829498285727403,3.5029420107607154,-10.63061926898728,8.821987987676158e-09,27.384600717633848,5.838029818089571e-15,2.829498285727403,0-2,3,40.20000000000002,40200,,,,,0,0.24683033836796922,0.2928069394189074,2.829498285727403,3.5029420107607154,2.7382563606883043e-05,negative_hard,10.0,0,0,0,0,1,0,0,0,0,0,-1,0,0,0,0,0,0,1,0,0
sim_0039_n3_seed81,81,0.001,3,281.0,0,body_0,23.12038132751752,16.22432647230617,3.009945591781995e-06,3.4406788580317516e-06,0.389613944678562,0.619169095192347,2,2.2207763810412025,4.15250898293708,-10.630621147548379,-1.6789030266748053e-07,27.384600717633866,6.486699797877301e-15,2.2207763810412025,0-2,3,40.599999999999994,40600,,,,,0,0.389613944678562,0.6204014394111378,2.2207763810412025,4.15250898293708,2.7120260384669238e-05,negative_baseline,20.0,0,0,0,1,0,0,1,0,0,0,-1,1,0,0,0,0,0,1,0,0
sim_0039_n3_seed81,81,0.001,3,281.1,0,body_0,23.12038132751752,16.22432647230617,2.9771622420169585e-06,3.6960484964589546e-06,0.43037917321790087,0.7225860642252454,2,2.1048430188755454,4.304835809038851,-10.630622302363317,-2.7652131459427487e-07,27.384600717633862,6.356965801919755e-15,2.1048430188755454,0-2,3,40.70000000000002,40700,,,,,0,0.43037917321790087,0.7255485222630156,2.1048430188755454,4.304835809038851,2.6787359795010482e-05,negative_hard,10.0,0,0,0,1,0,0,1,0,0,0,-1,1,0,0,0,0,0,1,0,0
sim_0039_n3_seed81,81,0.001,3,281.6,0,body_0,23.12038132751752,16.22432647230617,2.423204252925575e-06,3.514815256569482e-06,0.46109952137786114,0.8688200970363354,2,2.029436733955999,4.410370093597825,-10.630623320030303,-3.7225110705696636e-07,27.384600717633887,7.265103773622577e-15,2.029436733955999,0-2,3,41.20000000000002,41200,,,,,0,0.46109952137786114,0.8742113707169809,2.029436733955999,4.410370093597825,2.1528786378980004e-05,negative_hard,10.0,0,0,0,1,0,0,1,0,0,0,-1,1,0,0,0,0,0,1,0,0
sim_0039_n3_seed81,81,0.001,3,282.0,0,body_0,23.12038132751752,16.22432647230617,1.745254943589382e-06,2.3041783062350387e-06,0.3447823794550598,0.5641252690474639,2,2.5293009405802547,3.812035456160712,-10.630620217618773,-8.041378097235508e-08,27.38460071763389,7.394837769580123e-15,2.5293009405802547,0-2,3,41.599999999999994,41600,,,,,0,0.3447823794550598,0.5641338264967196,2.5293009405802547,3.812035456160712,1.598534754025007e-05,negative_baseline,20.0,0,0,0,1,0,0,0,0,0,0,-1,1,0,0,0,0,0,1,0,0
sim_0039_n3_seed81,81,0.001,3,282.1,0,body_0,23.12038132751752,16.22432647230617,1.5939286357442954e-06,2.072248225495107e-06,0.33021004732762493,0.5038019393269342,2,2.6880609469639287,3.6535274194556293,-10.630620057209402,-6.532440888166057e-08,27.384600717633916,8.302975741282946e-15,2.6880609469639287,0-2,3,41.70000000000002,41700,,,,,0,0.33021004732762493,0.5035812376400571,2.6880609469639287,3.6535274194556293,1.488647877687031e-05,negative_hard,10.0,0,0,0,1,0,0,0,0,0,0,-1,1,0,0,0,0,1,1,0,0
sim_0039_n3_seed81,81,0.001,3,283.0,0,body_0,23.12038132751752,16.22432647230617,7.667100149815514e-07,9.094216835834331e-07,0.32708223255021984,0.32909609234541043,1,3.055644357693003,3.5078855063931584,-10.630620516884932,-1.085651189432273e-07,27.384600717633923,8.562443733198038e-15,3.055644357693003,0-1,3,42.599999999999994,42600,,,,,0,0.32708223255021984,0.32963882679403167,3.055644357693003,3.5078855063931584,9.640585979875231e-06,negative_baseline,20.0,0,0,0,0,0,0,0,0,0,0,-1,0,0,0,0,0,1,1,0,0
sim_0039_n3_seed81,81,0.001,3,283.85,0,body_0,23.12038132751752,16.22432647230617,6.242247287767281e-07,9.08969851418761e-07,0.2459532315356393,0.20090118086757966,1,3.589080960475298,3.1323229983953618,-10.630619793265128,-4.049572624054118e-08,27.38460071763396,9.859783692773497e-15,2.6413463340060934,1-2,3,43.45000000000002,43450,,,,,0,0.2459532315356393,0.20107144766671892,3.589080960475298,3.1323229983953618,8.395468132987238e-06,negative_hard,10.0,0,0,0,0,0,0,0,0,0,0,-1,0,0,0,0,0,0,1,0,0
sim_0039_n3_seed81,81,0.001,3,284.0,0,body_0,23.12038132751752,16.22432647230617,6.475759750608395e-07,9.360575174279343e-07,0.22866257280915647,0.1755750671734969,1,3.7376094801357276,3.0286019290643456,-10.63061964897756,-2.692289836856143e-08,27.384600717633965,1.011925168468859e-14,2.7080560965123563,1-2,3,43.599999999999994,43600,,,,,0,0.22866257280915647,0.1756894991230015,3.7376094801357276,3.0286019290643456,8.346707221135966e-06,negative_baseline,20.0,0,0,0,0,0,0,0,0,0,0,-1,0,0,0,0,0,0,1,0,0
sim_0039_n3_seed81,81,0.001,3,285.0,0,body_0,23.12038132751752,16.22432647230617,1.1585669768397602e-06,9.955701432680026e-07,0.14621475905573633,0.06821681009120652,1,4.797581181273716,2.3771993883182505,-10.630619283340655,7.471796160903792e-09,27.384600717633965,1.011925168468859e-14,4.230454227236873,1-2,3,44.599999999999994,44600,,,,,0,0.14621475905573633,0.06822340389698502,4.797581181273716,2.3771993883182505,9.306214345012092e-06,negative_baseline,20.0,0,0,0,0,0,0,0,0,0,0,-1,0,0,0,0,0,1,1,0,0
sim_0039_n3_seed81,81,0.001,3,286.0,0,body_0,23.12038132751752,16.22432647230617,1.8828667454383247e-06,9.887553431898826e-07,0.1092398286578527,0.03406760141862204,2,5.254938166433954,1.8252356303665078,-10.63061930138544,5.774361175619726e-09,27.384600717633973,1.0378719676603682e-14,5.254938166433954,0-2,3,45.599999999999994,45600,,,,,0,0.1092398286578527,0.03406520172213514,5.254938166433954,1.8252356303665078,1.164767502598456e-05,negative_baseline,20.0,0,0,0,0,0,0,0,0,0,0,-1,0,0,0,0,0,1,1,0,0
sim_0039_n3_seed81,81,0.001,3,287.0,0,body_0,23.12038132751752,16.22432647230617,2.6106283226986676e-06,1.0157187514839275e-06,0.09694361450952202,0.03465568745576713,2,4.778985167509554,2.0737213537767407,-10.63061931605799,4.39414532017558e-09,27.384600717633965,1.011925168468859e-14,4.778985167509554,0-2,3,46.599999999999994,46600,,,,,0,0.09694361450952202,0.03463637797211095,4.778985167509554,2.0737213537767407,1.4200951918890231e-05,negative_baseline,20.0,0,0,0,0,0,0,0,0,0,0,-1,0,0,0,0,0,0,1,0,0
sim_0039_n3_seed81,81,0.001,3,288.0,0,body_0,23.12038132751752,16.22432647230617,3.301930337430053e-06,1.0953786860937146e-06,0.10955226905141267,0.06958351046465716,2,4.013142133923651,2.508839851873378,-10.63061934607488,1.5705195950550332e-09,27.38460071763394,9.211113712985768e-15,4.013142133923651,0-2,3,47.599999999999994,47600,,,,,0,0.10955226905141267,0.06952933990189669,4.013142133923651,2.508839851873378,1.6536731860325247e-05,negative_baseline,20.0,0,0,0,0,0,0,0,0,0,0,-1,0,0,0,0,0,0,1,0,0
sim_0039_n3_seed81,81,0.001,3,289.0,0,body_0,23.12038132751752,16.22432647230617,3.818238572486704e-06,1.2550220728445802e-06,0.16942162894115162,0.17487657157415906,2,3.1066217740516926,3.146274201806482,-10.630619656233552,-2.7605454211800424e-08,27.384600717633898,7.654305761495215e-15,3.1066217740516926,0-2,3,48.599999999999994,48600,,,,,0,0.16942162894115162,0.17487269327095167,3.1066217740516926,3.146274201806482,1.831963791374773e-05,negative_baseline,20.0,0,0,0,0,0,0,0,0,0,0,-1,0,0,0,0,0,0,1,0,0
sim_0039_n3_seed81,81,0.001,3,289.6,0,body_0,23.12038132751752,16.22432647230617,3.866404860761227e-06,1.3087190889119551e-06,0.22384075209479837,0.2635041368273083,2,2.714464872541808,3.494584234471443,-10.630620299550234,-8.812090112510216e-08,27.384600717633912,8.1732417453254e-15,2.714464872541808,0-2,3,49.20000000000002,49200,,,,,0,0.22384075209479837,0.26394863300371213,2.714464872541808,3.494584234471443,1.8736407047303007e-05,negative_hard,10.0,0,0,0,1,0,0,0,0,0,0,-1,1,0,0,0,0,0,1,0,0
sim_0039_n3_seed81,81,0.001,3,290.0,0,body_0,23.12038132751752,16.22432647230617,3.773375582570985e-06,1.1834734690647578e-06,0.23805491341667803,0.27524675732578,2,2.6514332634370525,3.5565483342648045,-10.630620494068946,-1.0641886718058538e-07,27.384600717633873,6.746167789792393e-15,2.6514332634370525,0-2,3,49.599999999999994,49600,,,,,0,0.23805491341667803,0.27590279538749657,2.6514332634370525,3.5565483342648045,1.868307077880043e-05,negative_baseline,20.0,0,0,0,1,0,0,0,0,0,0,-1,1,0,0,0,0,0,1,0,0
sim_0039_n3_seed81,81,0.001,3,290.1,0,body_0,23.12038132751752,16.22432647230617,3.7460934054868624e-06,1.1265510839891586e-06,0.23629146812806873,0.26815530829109707,2,2.666892666770072,3.5409935082438415,-10.630620446020291,-1.0189903129962753e-07,27.384600717633884,7.13536977766503e-15,2.666892666770072,0-2,3,49.70000000000002,49700,,,,,0,0.23629146812806873,0.26878895990650936,2.666892666770072,3.5409935082438415,1.8655639942647522e-05,negative_hard,10.0,0,0,0,1,0,0,0,0,0,0,-1,1,0,0,0,0,0,1,0,0
sim_0039_n3_seed81,81,0.001,3,291.0,0,body_0,23.12038132751752,16.22432647230617,3.6457550441598625e-06,6.310709172250377e-07,0.16701245998800868,0.12472945050708953,2,3.2308879461744384,3.039261638337671,-10.630619547235618,-1.7352247835544115e-08,27.38460071763392,8.432709737240492e-15,3.2308879461744384,0-2,3,50.599999999999994,50600,,,,,0,0.16701245998800868,0.12483834079386441,3.2308879461744384,3.039261638337671,1.89533748744676e-05,negative_baseline,20.0,0,0,0,0,0,0,0,0,0,0,-1,0,0,0,0,0,0,1,0,0
sim_0039_n3_seed81,81,0.001,3,292.0,0,body_0,23.12038132751752,16.22432647230617,3.60848572944658e-06,9.941945998089922e-07,0.10759671125773004,0.03748362119334487,2,4.125265551088448,2.4446419158627855,-10.630619299967924,5.907703996226599e-09,27.384600717633973,1.0378719676603682e-14,4.125265551088448,0-2,3,51.599999999999994,51600,,,,,0,0.10759671125773004,0.03750162822284083,4.125265551088448,2.4446419158627855,2.0392152763712742e-05,negative_baseline,20.0,0,0,0,0,0,0,0,0,0,0,-1,0,0,0,0,0,0,1,0,0
sim_0039_n3_seed81,81,0.001,3,293.0,0,body_0,23.12038132751752,16.22432647230617,3.4094813395704063e-06,1.8019216174338918e-06,0.1084863583563437,0.08794910530028881,1,4.421130122999665,2.4731776382643633,-10.63061922828534,1.2650733821529493e-08,27.38460071763398,1.0638187668518774e-14,4.421130122999665,0-1,3,52.599999999999994,52600,,,,,0,0.1084863583563437,0.08783944327935074,4.421130122999665,2.4731776382643633,2.1923821198480625e-05,negative_baseline,20.0,0,0,0,0,0,0,0,0,0,0,-1,0,0,0,0,0,0,1,0,0
sim_0039_n3_seed81,81,0.001,3,294.0,0,body_0,23.12038132751752,16.22432647230617,3.294263106313996e-06,3.384187631722644e-06,0.2443610686647384,0.365524957284986,1,3.0410325965604414,3.360006812125452,-10.630619551874986,-1.778866342362622e-08,27.384600717633933,8.951645721070676e-15,3.0410325965604414,0-1,3,53.599999999999994,53600,,,,,0,0.2443610686647384,0.36516759244898933,3.0410325965604414,3.360006812125452,2.3168131229486065e-05,negative_baseline,20.0,0,0,0,0,0,0,0,0,0,0,-1,0,0,0,0,0,0,1,0,0
sim_0039_n3_seed81,81,0.001,3,294.3,0,body_0,23.12038132751752,16.22432647230617,3.3659562231473627e-06,4.145767919749814e-06,0.3392513517736791,0.570019579029887,1,2.6491821820826535,3.7073610837847975,-10.630620514794884,-1.0836851259555736e-07,27.384600717633962,9.989517688731043e-15,2.6491821820826535,0-1,3,53.900000000000006,53900,,,,,0,0.3392513517736791,0.5702541213629166,2.6491821820826535,3.7073610837847975,2.3355406298130986e-05,negative_hard,10.0,0,0,0,1,0,0,0,0,0,0,-1,1,0,0,0,0,0,1,0,0
sim_0039_n3_seed81,81,0.001,3,294.8,0,body_0,23.12038132751752,16.22432647230617,3.560379732898976e-06,5.1106142013541995e-06,0.5078725853759618,0.9226520874583034,1,2.2437157207130194,4.147505379835033,-10.630624078878185,-4.436343309702478e-07,27.384600717633926,8.692177729155584e-15,2.2437157207130194,0-1,3,54.400000000000006,54400,,,,,0,0.5078725853759618,0.9271861699548462,2.2437157207130194,4.147505379835033,2.26640782683293e-05,negative_hard,10.0,0,0,0,1,0,0,1,0,0,0,-1,1,0,0,0,0,0,1,0,0
sim_0039_n3_seed81,81,0.001,3,295.0,0,body_0,23.12038132751752,16.22432647230617,3.5900493028475423e-06,4.9694177227267415e-06,0.5228860023839695,0.9332699607328565,1,2.2367927936498413,4.15754858723615,-10.630624181365459,-4.532750932138502e-07,27.38460071763395,9.600315700858407e-15,2.2367927936498413,0-1,3,54.599999999999994,54600,,,,,0,0.5228860023839695,0.938256060329108,2.2367927936498413,4.15754858723615,2.1812566003734306e-05,negative_baseline,20.0,0,0,0,1,0,0,1,0,0,0,-1,1,0,0,0,0,0,1,0,0
sim_0039_n3_seed81,81,0.001,3,295.3,0,body_0,23.12038132751752,16.22432647230617,3.535533722419804e-06,4.176621545958183e-06,0.4650524837936457,0.7642358621396057,1,2.410912357397165,3.9620117827611603,-10.630622015747687,-2.4955998515486903e-07,27.384600717633948,9.47058170490086e-15,2.410912357397165,0-1,3,54.900000000000006,54900,,,,,0,0.4650524837936457,0.7669170469361267,2.410912357397165,3.9620117827611603,2.0162452294256428e-05,negative_hard,10.0,0,0,0,1,0,0,1,0,0,0,-1,1,0,0,0,0,0,1,0,0
sim_0039_n3_seed81,81,0.001,3,296.0,0,body_0,23.12038132751752,16.22432647230617,3.2488415001102938e-06,2.3718755669039788e-06,0.26707217508489856,0.28322494742615456,1,3.3088175356464475,3.1792572078861867,-10.630619399642951,-3.468516141242975e-09,27.384600717633933,8.951645721070676e-15,2.9494471179329986,1-2,3,55.599999999999994,55600,,,,,0,0.26707217508489856,0.28329439641691706,3.3088175356464475,3.1792572078861867,1.6973133513207815e-05,negative_baseline,20.0,0,0,0,0,0,0,0,0,0,0,-1,0,0,0,0,0,0,1,0,0
sim_0039_n3_seed81,81,0.001,3,297.0,0,body_0,23.12038132751752,16.22432647230617,3.0236881274416597e-06,1.5441369325372909e-06,0.14962809618680487,0.07096189152894503,1,4.715573230043404,2.2601472179488575,-10.630619197913777,1.5507722864771207e-08,27.384600717633933,8.951645721070676e-15,3.7578368957872,1-2,3,56.599999999999994,56600,,,,,0,0.14962809618680487,0.070947397863293,4.715573230043404,2.2601472179488575,1.4754557215684306e-05,negative_baseline,20.0,0,0,0,0,0,0,0,0,0,0,-1,0,0,0,0,0,0,1,0,0
sim_0039_n3_seed81,81,0.001,3,298.0,0,body_0,23.12038132751752,16.22432647230617,3.0806993069265145e-06,1.4220946883260383e-06,0.12049623042052829,0.043497359928768284,2,4.913174867521627,2.413517040348474,-10.630619298958596,6.002649332717418e-09,27.38460071763392,8.432709737240492e-15,4.913174867521627,0-2,3,57.599999999999994,57600,,,,,0,0.12049623042052829,0.043475129530485615,4.913174867521627,2.413517040348474,1.4593876121196592e-05,negative_baseline,20.0,0,0,0,0,0,0,0,0,0,0,-1,0,1,1,0,0,1,1,0,0
sim_0039_n3_seed81,81,0.001,3,299.0,0,body_0,23.12038132751752,16.22432647230617,3.4002301578047504e-06,1.432788335597494e-06,0.12422342061341958,0.06905725147681631,2,4.180213032442435,2.7682465850866986,-10.630619420691641,-5.4485221205628245e-09,27.384600717633997,1.1286857648306504e-14,4.180213032442435,0-2,3,58.599999999999994,58600,,,,,0,0.12422342061341958,0.06904895929247207,4.180213032442435,2.7682465850866986,1.6143433444449655e-05,negative_baseline,20.0,0,0,0,0,0,0,0,0,0,0,-1,0,0,0,0,0,0,1,0,0
sim_0039_n3_seed81,81,0.001,3,300.0,0,body_0,23.12038132751752,16.22432647230617,3.7785570208440527e-06,1.2965079707451197e-06,0.13794013569094585,0.09506433320165054,2,3.7353218285308856,3.0149244983967756,-10.630619597980953,-2.2125754751127685e-08,27.38460071763398,1.0638187668518774e-14,3.7353218285308856,0-2,3,59.599999999999994,59600,,,,,0,0.13794013569094585,0.09512702205385398,3.7353218285308856,3.0149244983967756,1.821724740469642e-05,negative_baseline,20.0,0,0,0,0,0,0,0,0,0,0,-1,0,0,0,0,0,0,1,0,0
sim_0039_n3_seed81,81,0.001,3,301.0,0,body_0,23.12038132751752,16.22432647230617,4.024228010391938e-06,9.896064496326303e-07,0.1332406174866722,0.07583340142795136,2,3.8729347436730865,2.9320140193236086,-10.63061951993845,-1.478446074226393e-08,27.384600717634,1.141659164426405e-14,3.8729347436730865,0-2,3,60.599999999999994,60600,,,,,0,0.1332406174866722,0.07589007052961985,3.8729347436730865,2.9320140193236086,1.9820986174086474e-05,negative_baseline,20.0,0,0,0,0,0,0,0,0,0,0,-1,0,0,0,0,0,0,1,0,0
sim_0039_n3_seed81,81,0.001,3,302.0,0,body_0,23.12038132751752,16.22432647230617,4.27437290263657e-06,8.936704761685118e-07,0.12439467227921054,0.03043417574453374,2,4.484535363434712,2.6088841191551846,-10.630619329131928,3.1643074405373096e-09,27.384600717634076,1.4141005559372517e-14,4.484535363434712,0-2,3,61.599999999999994,61600,,,,,0,0.12439467227921054,0.030443200718356083,4.484535363434712,2.6088841191551846,2.1593182883954022e-05,negative_baseline,20.0,0,0,0,0,0,0,0,0,0,0,-1,0,0,0,0,0,1,1,0,0
sim_0039_n3_seed81,81,0.001,3,303.0,0,body_0,23.12038132751752,16.22432647230617,4.408323491464675e-06,1.415105024970653e-06,0.15427541513561,0.07449023328261296,1,4.416644117953337,2.3291442661556023,-10.630619122823742,2.2571284540757403e-08,27.38460071763402,1.2065261624051781e-14,4.416644117953337,0-1,3,62.599999999999994,62600,,,,,0,0.15427541513561,0.07432112312749324,4.416644117953337,2.3291442661556023,2.4242606453949253e-05,negative_baseline,20.0,0,0,0,0,0,0,0,0,0,0,-1,0,0,0,0,0,1,1,0,0
sim_0039_n3_seed81,81,0.001,3,303.45,0,body_0,23.12038132751752,16.22432647230617,4.333743276940149e-06,2.0971426822586612e-06,0.20344289129266344,0.17867590254426116,1,3.7112602501262653,2.770649089939422,-10.6306188958155,4.392547226879139e-08,27.384600717634036,1.271393160383951e-14,3.7112602501262653,0-1,3,63.04999999999998,63050,,,,,0,0.20344289129266344,0.17817897867824115,3.7112602501262653,2.770649089939422,2.5816767496803336e-05,negative_hard,10.0,0,0,0,0,1,0,0,0,0,0,-1,0,0,0,0,0,0,1,0,0
sim_0039_n3_seed81,81,0.001,3,303.95,0,body_0,23.12038132751752,16.22432647230617,4.0584933269940126e-06,3.7105699513087296e-06,0.34200235451565497,0.5513872037234397,1,2.789117950454245,3.5074941794382797,-10.63061847171554,8.381966337946608e-08,27.38460071763411,1.5438345518947978e-14,2.789117950454245,0-1,3,63.54999999999998,63550,,,,,0,0.34200235451565497,0.5492936204513218,2.789117950454245,3.5074941794382797,2.7822636886907883e-05,negative_hard,10.0,0,0,0,1,1,0,0,0,0,0,-1,1,0,0,0,0,0,1,0,0
sim_0039_n3_seed81,81,0.001,3,304.0,0,body_0,23.12038132751752,16.22432647230617,4.014433126650963e-06,3.9639580021454775e-06,0.36601877460488824,0.6271918578235517,1,2.6908311166338175,3.602721553381669,-10.630618468187603,8.41515289964366e-08,27.38460071763411,1.5438345518947978e-14,2.6908311166338175,0-1,3,63.599999999999994,63600,,,,,0,0.36601877460488824,0.6247928137483102,2.6908311166338175,3.602721553381669,2.8025612029926122e-05,negative_baseline,20.0,0,0,0,1,1,0,0,0,0,0,-1,1,0,0,0,0,0,1,0,0
sim_0039_n3_seed81,81,0.001,3,304.45,0,body_0,23.12038132751752,16.22432647230617,3.395947674898406e-06,7.452229482342574e-06,0.7554548043006699,2.128301335000499,1,1.8480269464504253,4.659085878739244,-10.63062513321696,-5.42813761493476e-07,27.38460071763412,1.5827547506820615e-14,1.8480269464504253,0-1,3,64.04999999999998,64050,,,,,0,0.7554548043006699,2.1358253434896044,1.8480269464504253,4.659085878739244,2.91504243498991e-05,negative_hard,10.0,0,0,0,1,0,0,1,0,0,0,-1,1,0,0,0,0,0,1,0,0
sim_0039_n3_seed81,81,0.001,3,304.95,0,body_0,23.12038132751752,16.22432647230617,2.3904021494346254e-06,7.1279718716367285e-06,0.8870200313253411,2.716463838028451,1,1.6927808339036614,4.924187713778409,-10.630632228126423,-1.2102169692818095e-06,27.384600717634132,1.6216749494693255e-14,1.6927808339036614,0-1,3,64.54999999999998,64550,,,,,0,0.8870200313253411,2.7485482859628942,1.6927808339036614,4.924187713778409,2.4115091132260076e-05,negative_hard,10.0,0,0,0,1,0,0,1,0,0,0,-1,1,0,0,1,1,0,1,0,0
sim_0039_n3_seed81,81,0.001,3,305.0,0,body_0,23.12038132751752,16.22432647230617,2.335623895546834e-06,6.5156805872369966e-06,0.8254375333356638,2.4692834707002604,1,1.7539750792896847,4.815514335962663,-10.630628812681913,-8.889332892090105e-07,27.38460071763411,1.5438345518947978e-14,1.7539750792896847,0-1,3,64.6,64600,,,,,0,0.8254375333356638,2.4918829341690434,1.7539750792896847,4.815514335962663,2.3410090964814682e-05,negative_baseline,20.0,0,0,0,1,0,0,1,0,0,0,-1,1,0,0,1,1,0,1,0,0
sim_0039_n3_seed81,81,0.001,3,305.45,0,body_0,23.12038132751752,16.22432647230617,2.277055188598158e-06,2.6899573992610566e-06,0.38466450058353446,0.7535126159253133,1,2.5617051292739355,3.7361406128368997,-10.630618513538344,7.988548011622124e-08,27.38460071763412,1.5827547506820615e-14,2.5617051292739355,0-1,3,65.04999999999998,65050,,,,,0,0.38466450058353446,0.7527063262492528,2.5617051292739355,3.7361406128368997,1.9829942310368518e-05,negative_hard,10.0,0,0,0,1,0,1,0,0,0,0,-1,1,0,0,0,0,0,1,0,0
sim_0039_n3_seed81,81,0.001,3,306.0,0,body_0,23.12038132751752,16.22432647230617,2.5564452136632867e-06,1.3041593514796932e-06,0.19575330404858982,0.21683242081984272,1,3.6010878076919934,2.8582695437535244,-10.630618834107477,4.973021623281307e-08,27.384600717634104,1.5178877527032886e-14,3.6010878076919934,0-1,3,65.6,65600,,,,,0,0.19575330404858982,0.21665343001716622,3.6010878076919934,2.8582695437535244,1.9262754175122295e-05,negative_baseline,20.0,0,0,0,0,0,1,0,0,0,0,-1,0,0,0,0,0,0,1,0,0
sim_0039_n3_seed81,81,0.001,3,307.0,0,body_0,23.12038132751752,16.22432647230617,3.1281169964874742e-06,7.51746321591551e-07,0.10400361931500257,0.047756455783475704,1,5.071335438901055,2.006967248832628,-10.630619206721391,1.4679209126016333e-08,27.38460071763409,1.46599415432027e-14,5.071335438901055,0-1,3,66.6,66600,,,,,0,0.10400361931500257,0.04775060913341488,5.071335438901055,2.006967248832628,2.066120211921384e-05,negative_baseline,20.0,0,0,0,0,0,0,0,0,0,0,-1,0,0,0,0,0,0,1,0,0
sim_0039_n3_seed81,81,0.001,3,308.0,0,body_0,23.12038132751752,16.22432647230617,3.695655812311269e-06,7.426965116497263e-07,0.07944203162994648,0.014289037985579223,1,6.03901847745674,1.5519355188693025,-10.630619279967842,7.789069597642782e-09,27.384600717634168,1.7514089454268712e-14,6.03901847745674,0-1,3,67.6,67600,,,,,0,0.07944203162994648,0.01429162405627447,6.03901847745674,1.5519355188693025,2.375881150947618e-05,negative_baseline,20.0,0,0,0,0,0,0,0,0,0,0,-1,0,0,0,0,0,0,1,0,0
sim_0039_n3_seed81,81,0.001,3,309.0,0,body_0,23.12038132751752,16.22432647230617,4.386302397157295e-06,1.0326336750365378e-06,0.07286623462027168,0.0037661722285560156,2,6.025828797652364,1.755322743602954,-10.630619298691997,6.027727757414339e-09,27.384600717634168,1.7514089454268712e-14,6.025828797652364,0-2,3,68.6,68600,,,,,0,0.07286623462027168,0.0037634967696541645,6.025828797652364,1.755322743602954,2.957404518397902e-05,negative_baseline,20.0,0,0,0,0,0,0,0,0,0,0,-1,0,0,0,0,0,0,1,0,0
sim_0039_n3_seed81,81,0.001,3,310.0,0,body_0,23.12038132751752,16.22432647230617,5.429764942152146e-06,1.600776018917003e-06,0.07616569496511413,0.014263573189110892,2,5.419635956751466,1.9941952824851983,-10.630619302283597,5.689873509810482e-09,27.384600717634175,1.7773557446183805e-14,5.419635956751466,0-2,3,69.6,69600,,,,,0,0.07616569496511413,0.014251275000543299,5.419635956751466,1.9941952824851983,3.9529685399905147e-05,negative_baseline,20.0,0,0,0,0,0,0,0,0,0,0,-1,0,0,0,0,0,0,1,0,0
sim_0039_n3_seed81,81,0.001,3,311.0,0,body_0,23.12038132751752,16.22432647230617,7.110694614081556e-06,2.641307860221681e-06,0.09123612332559208,0.038485950103807155,2,4.594649932759132,2.367964546658082,-10.630619308021496,5.150121417389279e-09,27.384600717634193,1.8422227425971537e-14,4.594649932759132,0-2,3,70.6,70600,,,,,0,0.09123612332559208,0.03845382148072123,4.594649932759132,2.367964546658082,5.50500581373413e-05,negative_baseline,20.0,0,0,0,0,0,0,0,0,0,0,-1,0,0,0,0,0,0,1,0,0
sim_0039_n3_seed81,81,0.001,3,312.0,0,body_0,23.12038132751752,16.22432647230617,9.604368317291837e-06,4.797433310440458e-06,0.13108501771498487,0.10500882989498543,2,3.6392473163689987,2.9023699273705215,-10.630619418741288,-5.265056538584913e-09,27.384600717634235,1.9979035377462087e-14,3.6392473163689987,0-2,3,71.6,71600,,,,,0,0.13108501771498487,0.10494657995160202,3.6392473163689987,2.9023699273705215,7.694629887532209e-05,negative_baseline,20.0,0,0,0,0,0,0,0,0,0,0,-1,0,0,0,0,0,0,1,0,0
sim_0039_n3_seed81,81,0.001,3,313.0,0,body_0,23.12038132751752,16.22432647230617,1.189023040355864e-05,8.088057168699348e-06,0.21338960852799402,0.24189671498246665,2,2.929417923117123,3.422638982426411,-10.630620005779619,-6.048651737751894e-08,27.38460071763418,1.7903291442141352e-14,2.929417923117123,0-2,3,72.6,72600,,,,,0,0.21338960852799402,0.24214528304581648,2.929417923117123,3.422638982426411,9.737166772859427e-05,negative_baseline,20.0,0,0,0,0,0,0,0,0,0,0,-1,0,0,0,0,0,0,1,0,0
sim_0039_n3_seed81,81,0.001,3,313.3,0,body_0,23.12038132751752,16.22432647230617,1.1969587989319354e-05,8.426140833101976e-06,0.2383072258779893,0.2653386775453526,2,2.879369393547822,3.4682306671848258,-10.63062006327322,-6.589481947443287e-08,27.384600717634193,1.8422227425971537e-14,2.879369393547822,0-2,3,72.9,72900,,,,,0,0.2383072258779893,0.2656735588662274,2.879369393547822,3.4682306671848258,9.882063285259996e-05,negative_hard,10.0,0,0,0,0,0,0,0,0,0,0,-1,0,0,0,0,0,0,1,0,0
sim_0039_n3_seed81,81,0.001,3,313.8,0,body_0,23.12038132751752,16.22432647230617,1.1147513661818338e-05,7.481854678437425e-06,0.2718977013645254,0.24757507944591617,2,3.0182015099820214,3.3676100307898076,-10.630619601093844,-2.2418577885119325e-08,27.38460071763416,1.725462146235362e-14,3.0182015099820214,0-2,3,73.4,73400,,,,,0,0.2718977013645254,0.24765205256646566,3.0182015099820214,3.3676100307898076,9.36180659865098e-05,negative_hard,10.0,0,0,0,0,0,0,0,0,0,0,-1,0,0,0,0,0,0,1,0,0
sim_0039_n3_seed81,81,0.001,3,314.0,0,body_0,23.12038132751752,16.22432647230617,1.0565838430098166e-05,6.732070920872684e-06,0.28721532025951035,0.23360019902613585,2,3.139954356909312,3.2837119197074536,-10.630619210429913,1.4330356311016146e-08,27.384600717634182,1.8033025438098897e-14,2.4301298115034347,1-2,3,73.6,73600,,,,,0,0.28721532025951035,0.23346480730723496,3.139954356909312,3.2837119197074536,8.931123202148101e-05,negative_baseline,20.0,0,0,0,0,0,0,0,0,0,0,-1,0,0,0,0,0,0,1,0,0
sim_0039_n3_seed81,81,0.001,3,314.3,0,body_0,23.12038132751752,16.22432647230617,9.567290768917943e-06,5.458919840459333e-06,0.32157182115732286,0.25284768664681767,2,3.3697309751615543,3.137708454289211,-10.63061799699225,1.2847588460341986e-07,27.384600717634186,1.8162759434056444e-14,1.4903696827043422,1-2,3,73.9,73900,,,,,0,0.32157182115732286,0.2523033216263308,3.3697309751615543,3.137708454289211,8.074802913391543e-05,negative_hard,10.0,0,0,0,0,0,0,0,0,0,0,-1,0,0,0,0,0,0,1,0,0
sim_0039_n3_seed81,81,0.001,3,314.8,0,body_0,23.12038132751752,16.22432647230617,7.930675067220875e-06,3.487297927742993e-06,0.41275548801412953,0.456126514741478,1,2.858710888516728,4.006891949569476,-10.630620327511547,-9.075116304217274e-08,27.384600717634232,1.9849301381504542e-14,1.0381133900717154,1-2,3,74.4,74400,,,,,0,0.41275548801412953,0.45779843040434265,2.858710888516728,4.006891949569476,6.655611101938625e-05,negative_hard,10.0,0,0,0,0,0,0,0,0,0,0,-1,0,0,0,0,0,0,1,0,0
sim_0039_n3_seed81,81,0.001,3,315.0,0,body_0,23.12038132751752,16.22432647230617,7.3467600302939126e-06,3.460829052018868e-06,0.4247581556195141,0.47843149878778785,1,2.7882889234258292,3.9783594628668877,-10.630620524279937,-1.0926075155356648e-07,27.38460071763423,1.9719567385546995e-14,1.6701013508857918,1-2,3,74.6,74600,,,,,0,0.4247581556195141,0.4800232721142129,2.7882889234258292,3.9783594628668877,6.938520810477747e-05,negative_baseline,20.0,0,0,0,1,0,0,1,0,0,0,-1,1,0,0,0,0,0,1,0,0
sim_0039_n3_seed81,81,0.001,3,315.3,0,body_0,23.12038132751752,16.22432647230617,6.504183419772558e-06,4.208897539679255e-06,0.3983586366706679,0.44935628637052716,1,2.8599978079009425,3.863905949797047,-10.630620962961725,-1.5052662448291794e-07,27.384600717634246,2.0368237365334727e-14,2.644595323764891,1-2,3,74.9,74900,,,,,0,0.3983586366706679,0.450467136961435,2.8599978079009425,3.863905949797047,8.119146660926464e-05,negative_hard,10.0,0,0,0,0,0,0,0,0,0,0,-1,0,0,0,0,0,1,1,0,0
sim_0039_n3_seed81,81,0.001,3,316.0,0,body_0,23.12038132751752,16.22432647230617,8.084614982681061e-06,1.0184161725846864e-05,0.2927270465515287,0.3720332990246088,2,2.779116204911193,3.181868460964501,-10.630619815877935,-4.2622865483770974e-08,27.384600717634296,2.2184513308740372e-14,2.779116204911193,0-2,3,75.6,75600,,,,,0,0.2927270465515287,0.371672903205172,2.779116204911193,3.181868460964501,0.0001518395809885906,negative_baseline,20.0,0,0,0,1,0,0,0,0,0,0,-1,1,0,0,0,0,0,1,0,0
sim_0039_n3_seed81,81,0.001,3,316.40000000000003,0,body_0,23.12038132751752,16.22432647230617,1.28734541759687e-05,1.6443253831513275e-05,0.31409491275563967,0.4647619507150262,2,2.3986162416213386,3.6022572874318435,-10.630620358713422,-9.368625777154292e-08,27.384600717634267,2.1146641341080003e-14,2.3986162416213386,0-2,3,76.00000000000003,76000,,,,,0,0.31409491275563967,0.464859330118991,2.3986162416213386,3.6022572874318435,0.00020096249212773118,negative_hard,10.0,0,0,0,1,0,0,0,0,0,0,-1,1,0,0,0,0,0,1,0,0
sim_0039_n3_seed81,81,0.001,3,316.90000000000003,0,body_0,23.12038132751752,16.22432647230617,1.951605186123926e-05,2.2223045361874556e-05,0.3849674753399252,0.6163105926567515,2,2.118274896806681,3.968408356013034,-10.630622089848696,-2.565305112591321e-07,27.384600717634257,2.0757439353207363e-14,2.118274896806681,0-2,3,76.50000000000003,76500,,,,,0,0.3849674753399252,0.6188364533732421,2.118274896806681,3.968408356013034,0.00022751637302069306,negative_hard,10.0,0,0,0,1,0,0,1,0,0,0,-1,1,0,0,0,0,0,1,0,0
sim_0039_n3_seed81,81,0.001,3,317.0,0,body_0,23.12038132751752,16.22432647230617,2.045010768769281e-05,2.2045675425457046e-05,0.38749189714969096,0.6187077373103858,2,2.1117271047646393,3.9786971149444073,-10.63062217738996,-2.6476533372243617e-07,27.38460071763426,2.088717334916491e-14,2.1117271047646393,0-2,3,76.6,76600,,,,,0,0.38749189714969096,0.6214400680903626,2.1117271047646393,3.9786971149444073,0.00022422042776849537,negative_baseline,20.0,0,0,0,1,0,0,1,0,0,0,-1,1,0,0,0,0,0,1,0,0
sim_0039_n3_seed81,81,0.001,3,317.40000000000003,0,body_0,23.12038132751752,16.22432647230617,2.1854809576924465e-05,1.7835038258724925e-05,0.3355637204323696,0.4943435058988313,2,2.27056082865102,3.7652760087748582,-10.630620977452129,-1.5188970626105768e-07,27.384600717634278,2.153584332895264e-14,2.27056082865102,0-2,3,77.00000000000003,77000,,,,,0,0.3355637204323696,0.4958051891401022,2.27056082865102,3.7652760087748582,0.00019334424038151498,negative_hard,10.0,0,0,0,1,0,0,0,0,0,0,-1,1,0,0,0,0,0,1,0,0
sim_0039_n3_seed81,81,0.001,3,317.90000000000003,0,body_0,23.12038132751752,16.22432647230617,2.06758489970639e-05,1.4194165967011594e-05,0.22731447887187867,0.2673822383671453,2,2.7276730625990457,3.232758014839424,-10.630619631193031,-2.52499451004771e-08,27.384600717634292,2.2054779312782824e-14,2.7276730625990457,0-2,3,77.50000000000003,77500,,,,,0,0.22731447887187867,0.26754832738949386,2.7276730625990457,3.232758014839424,0.00018323907855088747,negative_hard,10.0,0,0,0,1,0,0,0,0,0,0,-1,1,0,0,0,0,0,1,0,0
sim_0039_n3_seed81,81,0.001,3,318.0,0,body_0,23.12038132751752,16.22432647230617,2.046998685664462e-05,1.3860359469899439e-05,0.20919904137111464,0.23411298924032373,2,2.8301986352590665,3.128212355280686,-10.630619529209506,-1.565656938602326e-08,27.384600717634267,2.1146641341080003e-14,2.8301986352590665,0-2,3,77.6,77600,,,,,0,0.20919904137111464,0.2342095887186901,2.8301986352590665,3.128212355280686,0.00018893140421545122,negative_baseline,20.0,0,0,0,0,0,0,0,0,0,0,-1,0,0,0,0,0,0,1,0,0
sim_0039_n3_seed81,81,0.001,3,319.0,0,body_0,23.12038132751752,16.22432647230617,2.236010836408093e-05,1.121988913852045e-05,0.10019472507759793,0.0767709317603593,2,3.7395060886463,2.363675625123477,-10.630619325199367,3.5342351756348418e-09,27.384600717634335,2.3611587264273378e-14,3.7395060886463,0-2,3,78.6,78600,,,,,0,0.10019472507759793,0.07676917560366364,3.7395060886463,2.363675625123477,0.00028629445258261844,negative_baseline,20.0,0,0,0,0,0,0,0,0,0,0,-1,0,0,0,0,0,0,1,0,0
sim_0039_n3_seed81,81,0.001,3,320.0,0,body_0,23.12038132751752,16.22432647230617,2.656893278392126e-05,1.0405109097322608e-05,0.0563760252993683,0.04071433210407968,2,4.2634901548454724,2.017903892326897,-10.630619333548246,2.7488736988824477e-09,27.384600717634374,2.5038661219806383e-14,4.2634901548454724,0-2,3,79.6,79600,,,,,0,0.0563760252993683,0.0407119241521372,4.2634901548454724,2.017903892326897,0.00035284402281581906,negative_baseline,20.0,0,0,0,0,0,0,0,0,0,0,-1,0,0,0,0,0,0,1,0,0
sim_0039_n3_seed81,81,0.001,3,321.0,0,body_0,23.12038132751752,16.22432647230617,2.9202829884305064e-05,1.3159187569330772e-05,0.03870849108520123,0.03472158510106675,2,4.382046076548858,1.9550263621465174,-10.630619339447804,2.193914672132225e-09,27.384600717634388,2.5557597203636567e-14,4.382046076548858,0-2,3,80.6,80600,,,,,0,0.03870849108520123,0.034713382200868274,4.382046076548858,1.9550263621465174,0.00036833763516240335,negative_baseline,20.0,0,0,0,0,0,0,0,0,0,0,-1,0,0,0,0,0,0,1,0,0
sim_0039_n3_seed81,81,0.001,3,322.0,0,body_0,23.12038132751752,16.22432647230617,3.187021887946028e-05,1.785965639497162e-05,0.04800311750301368,0.04731790005379785,2,4.11335078957154,2.13374286524995,-10.630619345119541,1.6603863174428053e-09,27.384600717634296,2.2184513308740372e-14,4.11335078957154,0-2,3,81.6,81600,,,,,0,0.04800311750301368,0.0472930898045505,4.11335078957154,2.13374286524995,0.0003401797744497766,negative_baseline,20.0,0,0,0,0,0,0,0,0,0,0,-1,0,0,0,0,0,0,1,0,0
sim_0039_n3_seed81,81,0.001,3,323.0,0,body_0,23.12038132751752,16.22432647230617,3.8176163815813326e-05,2.32606022456399e-05,0.09501049493034643,0.09929595735965842,2,3.474807726184081,2.5855489785339265,-10.630619384760262,-2.068532908732982e-09,27.384600717634278,2.153584332895264e-14,3.474807726184081,0-2,3,82.6,82600,,,,,0,0.09501049493034643,0.09921319162268366,3.474807726184081,2.5855489785339265,0.00028489200770587643,negative_baseline,20.0,0,0,0,0,0,0,0,0,0,0,-1,0,0,0,0,0,0,1,0,0
sim_0039_n3_seed81,81,0.001,3,324.0,0,body_0,23.12038132751752,16.22432647230617,4.9095394872473536e-05,3.146524586699444e-05,0.2166648148424465,0.29637928077322045,2,2.598225793122333,3.375108368067827,-10.630620014844189,-6.133920236510901e-08,27.384600717634243,2.023850336937718e-14,2.598225793122333,0-2,3,83.6,83600,,,,,0,0.2166648148424465,0.29645466890538535,2.598225793122333,3.375108368067827,0.00025959493284284153,negative_baseline,20.0,0,0,0,1,0,0,0,0,0,0,-1,1,0,0,0,0,0,1,0,0
sim_0039_n3_seed81,81,0.001,3,324.15000000000003,0,body_0,23.12038132751752,16.22432647230617,5.0781940694205e-05,3.343197987099734e-05,0.24309339862692084,0.3469550299971133,2,2.480518195127902,3.505793699198334,-10.630620318370777,-8.989131004519963e-08,27.384600717634246,2.0368237365334727e-14,2.480518195127902,0-2,3,83.75000000000003,83750,,,,,0,0.24309339862692084,0.3472657331883741,2.480518195127902,3.505793699198334,0.00026657991563503467,negative_hard,10.0,0,0,0,1,0,0,0,0,0,0,-1,1,0,0,0,0,0,1,0,0
sim_0039_n3_seed81,81,0.001,3,324.65000000000003,0,body_0,23.12038132751752,16.22432647230617,5.421481161433977e-05,4.0661259794437376e-05,0.31277737514716075,0.4803953628347322,2,2.2433846887547264,3.79823986862842,-10.630621470682359,-1.9828683639623867e-07,27.38460071763423,1.9719567385546995e-14,2.2433846887547264,0-2,3,84.25000000000003,84250,,,,,0,0.31277737514716075,0.48201375581983763,2.2433846887547264,3.79823986862842,0.0003210186173192915,negative_hard,10.0,0,0,0,1,0,0,0,0,0,0,-1,1,0,0,0,0,0,1,0,0
sim_0039_n3_seed81,81,0.001,3,325.0,0,body_0,23.12038132751752,16.22432647230617,5.236729426075481e-05,4.323999161797481e-05,0.30626781143378956,0.4523932784080079,2,2.2895789311828834,3.742957699454564,-10.63062119599686,-1.724477493344596e-07,27.384600717634168,1.7514089454268712e-14,2.2895789311828834,0-2,3,84.6,84600,,,,,0,0.30626781143378956,0.4538676028144808,2.2895789311828834,3.742957699454564,0.0003798825306943121,negative_baseline,20.0,0,0,0,1,0,0,0,0,0,0,-1,1,0,0,0,0,0,1,0,0
sim_0039_n3_seed81,81,0.001,3,325.15000000000003,0,body_0,23.12038132751752,16.22432647230617,5.023977361192904e-05,4.323645786265046e-05,0.2889413565797963,0.4093595455930493,2,2.3635236527999726,3.6517406123283087,-10.630620800485596,-1.3524283686841114e-07,27.384600717634186,1.8162759434056444e-14,2.3635236527999726,0-2,3,84.75000000000003,84750,,,,,0,0.2889413565797963,0.41045771337685066,2.3635236527999726,3.6517406123283087,0.00040638836882020006,negative_hard,10.0,0,0,0,1,0,0,0,0,0,0,-1,1,0,0,0,0,0,1,0,0
sim_0039_n3_seed81,81,0.001,3,325.65000000000003,0,body_0,23.12038132751752,16.22432647230617,3.9094857774348264e-05,4.0994223962613945e-05,0.21370818518670034,0.24267525738259818,2,2.7537898234044556,3.2157949815154514,-10.630619744773401,-3.5934211569076274e-08,27.38460071763417,1.764382345022626e-14,2.7537898234044556,0-2,3,85.25000000000003,85250,,,,,0,0.21370818518670034,0.24287973873229524,2.7537898234044556,3.2157949815154514,0.000488598604442977,negative_hard,10.0,0,0,0,1,0,0,0,0,0,0,-1,1,0,0,0,0,0,1,0,0
sim_0039_n3_seed81,81,0.001,3,326.0,0,body_0,23.12038132751752,16.22432647230617,2.9845052529655105e-05,3.9734561827667434e-05,0.17009835271851811,0.1604800445726774,2,3.07369191319288,2.9081675358672228,-10.630619473516164,-1.0417613912819328e-08,27.384600717634196,1.855196142192908e-14,3.07369191319288,0-2,3,85.6,85600,,,,,0,0.17009835271851811,0.16052549661090484,3.07369191319288,2.9081675358672228,0.0005378319902080498,negative_baseline,20.0,0,0,0,0,0,0,0,0,0,0,-1,0,0,0,0,0,0,1,0,0
sim_0039_n3_seed81,81,0.001,3,327.0,0,body_0,23.12038132751752,16.22432647230617,2.40218214479707e-05,4.1443915428395755e-05,0.10778725990543421,0.06610389019297748,2,3.8434505043728175,2.295722397257959,-10.630619327413962,3.325912908206373e-09,27.38460071763411,1.5438345518947978e-14,3.8434505043728175,0-2,3,86.6,86600,,,,,0,0.10778725990543421,0.0660939105746795,3.8434505043728175,2.295722397257959,0.0006454158180145828,negative_baseline,20.0,0,0,0,0,0,0,0,0,0,0,-1,0,0,0,0,0,0,1,0,0
sim_0039_n3_seed81,81,0.001,3,328.0,0,body_0,23.12038132751752,16.22432647230617,6.004763098542749e-05,4.824358957130003e-05,0.11270876110397296,0.06842129102702312,2,4.231806179608451,2.0400328778148453,-10.630619297204978,6.167608460276856e-09,27.384600717634115,1.5568079514905522e-14,4.231806179608451,0-2,3,87.6,87600,,,,,0,0.11270876110397296,0.06837439252362332,4.231806179608451,2.0400328778148453,0.0007239186298327394,negative_baseline,20.0,0,0,0,0,0,0,0,0,0,0,-1,0,0,0,0,0,0,1,0,0
sim_0039_n3_seed81,81,0.001,3,329.0,0,body_0,23.12038132751752,16.22432647230617,0.00010634403002895576,5.9632470656485764e-05,0.19532692195043388,0.16361650164225047,1,3.950808190693435,2.933904797980696,-10.630619324614376,3.589264105817107e-09,27.384600717634058,1.3492335579584786e-14,3.950808190693435,0-1,3,88.6,88600,,,,,0,0.19532692195043388,0.1634649100863134,3.950808190693435,2.933904797980696,0.0008091435198172187,negative_baseline,20.0,0,0,0,0,0,0,0,0,0,0,-1,0,0,0,0,0,1,1,0,0
sim_0039_n3_seed81,81,0.001,3,329.75,0,body_0,23.12038132751752,16.22432647230617,0.00013598845848192923,7.89585470137058e-05,0.3417954994454021,0.3731187815538118,1,3.055218307342745,3.552559213893872,-10.63062011415455,-7.068111909025994e-08,27.384600717634058,1.3492335579584786e-14,2.8312765284184676,1-2,3,89.35,89350,,,,,0,0.3417954994454021,0.37330763832114483,3.055218307342745,3.552559213893872,0.0008907248606980996,negative_hard,10.0,0,0,0,0,0,0,0,0,0,0,-1,0,0,0,0,0,1,1,0,0
sim_0039_n3_seed81,81,0.001,3,330.0,0,body_0,23.12038132751752,16.22432647230617,0.00013934778827781274,8.831062017380752e-05,0.3997638891168826,0.46074475465803444,1,2.846522102385514,3.760329437933251,-10.630621198618083,-1.7269432237382754e-07,27.38460071763405,1.3232867587669694e-14,2.197056160585491,1-2,3,89.6,89600,,,,,0,0.3997638891168826,0.46155727417919223,2.846522102385514,3.760329437933251,0.0009138967270831635,negative_baseline,20.0,0,0,0,0,0,0,0,0,0,0,-1,0,0,0,0,0,0,1,0,0
sim_0039_n3_seed81,81,0.001,3,330.25,0,body_0,23.12038132751752,16.22432647230617,0.0001362442211445599,9.465871442745418e-05,0.44164876471747416,0.5205003243273979,1,2.735748471226505,3.897226483265367,-10.630622418354957,-2.874324041033839e-07,27.384600717634058,1.3492335579584786e-14,1.9251622223015004,1-2,3,89.85,89850,,,,,0,0.44164876471747416,0.5219271607085755,2.735748471226505,3.897226483265367,0.000926618118137637,negative_hard,10.0,0,0,0,1,0,0,0,0,0,0,-1,1,0,0,0,0,0,1,0,0
sim_0039_n3_seed81,81,0.001,3,330.75,0,body_0,23.12038132751752,16.22432647230617,0.00011211098478217853,7.969181277766952e-05,0.43788555620237,0.5792723407002089,2,2.7409041069545177,3.30747249220463,-10.630620700614998,-1.2584821972581197e-07,27.38460071763408,1.427073955533006e-14,2.6449549338094336,1-2,3,90.35,90350,,,,,0,0.43788555620237,0.5790018676044376,2.7409041069545177,3.30747249220463,0.0008521430724194,negative_hard,10.0,0,0,0,1,0,0,0,0,0,0,-1,1,0,0,0,0,1,1,0,0
sim_0039_n3_seed81,81,0.001,3,331.0,0,body_0,23.12038132751752,16.22432647230617,9.86353980583713e-05,5.737515651318724e-05,0.42570265543013525,0.7535097727138799,2,2.349394637256271,3.754843298748855,-10.63062038393781,-9.605906287827895e-08,27.384600717634065,1.3751803571499879e-14,2.349394637256271,0-2,3,90.6,90600,,,,,0,0.42570265543013525,0.7519406056445984,2.349394637256271,3.754843298748855,0.0007909141642109596,negative_baseline,20.0,0,0,0,1,0,0,0,0,0,0,-1,1,0,0,0,0,1,1,0,0
sim_0039_n3_seed81,81,0.001,3,331.25,0,body_0,23.12038132751752,16.22432647230617,8.993416972709183e-05,6.638324243498808e-05,0.4520519249606417,1.1093519941121068,2,1.9823540296432896,4.255229949172179,-10.630622011250058,-2.4913690266245076e-07,27.384600717634072,1.4011271563414971e-14,1.9823540296432896,0-2,3,90.85,90850,,,,,0,0.4520519249606417,1.1106358179299294,1.9823540296432896,4.255229949172179,0.0008009248845132184,negative_hard,10.0,0,0,0,1,0,0,1,0,0,0,-1,1,0,0,0,0,0,1,0,0
sim_0039_n3_seed81,81,0.001,3,331.75,0,body_0,23.12038132751752,16.22432647230617,0.00011361721786289407,0.0002592214445860806,0.49700289775809176,1.2979803201639564,2,1.739672321450629,4.654276799738761,-10.63062642195003,-6.640421703474944e-07,27.38460071763412,1.5827547506820615e-14,1.739672321450629,0-2,3,91.35,91350,,,,,0,0.49700289775809176,1.3116077983404315,1.739672321450629,4.654276799738761,0.0012945888093223656,negative_hard,10.0,0,0,0,1,0,0,1,0,0,0,-1,1,0,0,0,0,0,1,0,0
sim_0039_n3_seed81,81,0.001,3,332.0,0,body_0,23.12038132751752,16.22432647230617,0.00015480804369309522,0.00027209727143333903,0.3856588827424872,0.8455575436142052,2,1.9851895911588735,4.262109043414941,-10.630621604666953,-2.1089048530078213e-07,27.38460071763414,1.6476217486608347e-14,1.9851895911588735,0-2,3,91.6,91600,,,,,0,0.3856588827424872,0.8490477835399771,1.9851895911588735,4.262109043414941,0.0015564735346427008,negative_baseline,20.0,0,0,0,1,0,0,1,0,0,0,-1,1,0,0,0,0,0,1,0,0
sim_0039_n3_seed81,81,0.001,3,332.25,0,body_0,23.12038132751752,16.22432647230617,0.00019687220047448161,0.00023858053241653687,0.27811452384524726,0.47820439566704187,2,2.359597849447807,3.7719986103089496,-10.630619493370283,-1.228524905916864e-08,27.38460071763411,1.5438345518947978e-14,2.359597849447807,0-2,3,91.85,91850,,,,,0,0.27811452384524726,0.47841901584715196,2.359597849447807,3.7719986103089496,0.0017217324380921465,negative_hard,10.0,0,0,0,1,0,0,0,0,0,0,-1,1,0,0,0,0,0,1,0,0
sim_0039_n3_seed81,81,0.001,3,333.0,0,body_0,23.12038132751752,16.22432647230617,0.0002873226179302643,0.00015043097559783018,0.12529113612515186,0.11276386203670655,2,3.5440077548373523,2.6985962012997633,-10.630619114517662,2.3352619954659837e-08,27.384600717634083,1.440047355128761e-14,3.5440077548373523,0-2,3,92.6,92600,,,,,0,0.12529113612515186,0.1127198551653457,3.5440077548373523,2.6985962012997633,0.0019633452617455675,negative_baseline,20.0,0,0,0,0,0,0,0,0,0,0,-1,0,0,0,0,0,0,1,0,0
sim_0039_n3_seed81,81,0.001,3,334.0,0,body_0,23.12038132751752,16.22432647230617,0.00035118975821545224,0.00011936150541540954,0.06345412943316876,0.03651158027300679,2,4.733141241394753,1.9738273020273376,-10.630619256629393,9.984468435552101e-09,27.384600717634065,1.3751803571499879e-14,4.733141241394753,0-2,3,93.6,93600,,,,,0,0.06345412943316876,0.036510576245188484,4.733141241394753,1.9738273020273376,0.002154904192436207,negative_baseline,20.0,0,0,0,0,0,0,0,0,0,0,-1,0,0,0,0,0,0,1,0,0
sim_0039_n3_seed81,81,0.001,3,335.0,0,body_0,23.12038132751752,16.22432647230617,0.0003874476052463175,0.00013080469645088,0.038037274205273953,0.019080872497350625,2,5.469673363471216,1.6120012091289964,-10.630619295419528,6.33556198670204e-09,27.384600717634022,1.2194995620009327e-14,5.469673363471216,0-2,3,94.6,94600,,,,,0,0.038037274205273953,0.019081366769257348,5.469673363471216,1.6120012091289964,0.00234613476996063,negative_baseline,20.0,0,0,0,0,0,0,0,0,0,0,-1,0,0,0,0,0,0,1,0,0
sim_0039_n3_seed81,81,0.001,3,336.0,0,body_0,23.12038132751752,16.22432647230617,0.0004235923583451013,0.00015988420055145815,0.023191532142390992,0.013649129778442928,2,5.827816639621909,1.4550467646534493,-10.630619306811033,5.263987110418575e-09,27.384600717634047,1.3103133591712148e-14,5.827816639621909,0-2,3,95.6,95600,,,,,0,0.023191532142390992,0.013648596555016258,5.827816639621909,1.4550467646534493,0.002593406027597821,negative_baseline,20.0,0,0,0,0,0,0,0,0,0,0,-1,0,0,0,0,0,0,1,0,0
sim_0039_n3_seed81,81,0.001,3,337.0,0,body_0,23.12038132751752,16.22432647230617,0.00048681065166874426,0.00020337479508423395,0.01251500787557322,0.013085036499682763,2,5.848770772329278,1.4547635014512732,-10.630619308305981,5.123360481410037e-09,27.384600717634147,1.673568547852344e-14,5.848770772329278,0-2,3,96.6,96600,,,,,0,0.01251500787557322,0.013082621174318488,5.848770772329278,1.4547635014512732,0.002958924420096749,negative_baseline,20.0,0,0,0,0,0,0,0,0,0,0,-1,0,0,0,0,0,0,1,0,0
sim_0039_n3_seed81,81,0.001,3,338.0,0,body_0,23.12038132751752,16.22432647230617,0.000606609833162589,0.000269150294550136,0.010842222074058739,0.01702958574292367,2,5.543735393216035,1.5991260475902973,-10.63061930182096,5.7333927193525375e-09,27.384600717634186,1.8162759434056444e-14,5.543735393216035,0-2,3,97.6,97600,,,,,0,0.010842222074058739,0.01702256254049673,5.543735393216035,1.5991260475902973,0.003540697522136435,negative_baseline,20.0,0,0,0,0,0,0,0,0,0,0,-1,0,0,0,0,0,0,1,0,0
sim_0039_n3_seed81,81,0.001,3,339.0,0,body_0,23.12038132751752,16.22432647230617,0.0008164563269502413,0.0003797768071301659,0.02961954731064924,0.030708143427712057,2,4.896421074086257,1.9088920878968574,-10.630619278558198,7.921671839244465e-09,27.384600717634186,1.8162759434056444e-14,4.896421074086257,0-2,3,98.6,98600,,,,,0,0.02961954731064924,0.030684405356703158,4.896421074086257,1.9088920878968574,0.004524505181088061,negative_baseline,20.0,0,0,0,0,0,0,0,0,0,0,-1,0,0,0,0,0,0,1,0,0
sim_0039_n3_seed81,81,0.001,3,339.7,0,body_0,23.12038132751752,16.22432647230617,0.0010430735547767157,0.0005155830999227657,0.05840568747060382,0.05837169112612185,2,4.216614955165604,2.2709853153489776,-10.63061923422769,1.2091749400321913e-08,27.384600717634186,1.8162759434056444e-14,4.216614955165604,0-2,3,99.29999999999998,99300,,,,,0,0.05840568747060382,0.0583014191225212,4.216614955165604,2.2709853153489776,0.005666559224584613,negative_hard,8.0,0,0,0,0,0,0,0,0,0,0,-1,0,0,0,0,0,0,1,0,0
sim_0039_n3_seed81,81,0.001,3,340.0,0,body_0,23.12038132751752,16.22432647230617,0.0011680057392886925,0.0006032914490008019,0.0789546076085206,0.0829072810835127,2,3.8624878721295595,2.4840386654756004,-10.6306192008588,1.5230690840244448e-08,27.384600717634232,1.9849301381504542e-14,3.8624878721295595,0-2,3,99.6,99600,,,,,0,0.0789546076085206,0.08278545446428003,3.8624878721295595,2.4840386654756004,0.006354149230187113,negative_baseline,20.0,0,0,0,0,0,0,0,0,0,0,-1,0,0,0,0,0,0,1,0,0
sim_0039_n3_seed81,81,0.001,3,340.1,0,body_0,23.12038132751752,16.22432647230617,0.0012140916438091592,0.0006387693604670365,0.08763798464977811,0.09435710254926816,2,3.735838197797965,2.5656037895408415,-10.63061918760038,1.647788236415751e-08,27.384600717634232,1.9849301381504542e-14,3.735838197797965,0-2,3,99.70000000000002,99700,,,,,0,0.08763798464977811,0.09420896625765122,3.735838197797965,2.5656037895408415,0.006620757904129553,negative_hard,8.0,0,0,0,0,0,0,0,0,0,0,-1,0,0,0,0,0,0,1,0,0
sim_0039_n3_seed81,81,0.001,3,340.5,0,body_0,23.12038132751752,16.22432647230617,0.001422753065868613,0.0008288222287454395,0.1369278830023551,0.17030320427448134,2,3.1882643555483434,2.96032263351945,-10.630619141518569,2.081270149100181e-08,27.384600717634225,1.958983338958945e-14,3.1882643555483434,0-2,3,100.1,100100,,,,,0,0.1369278830023551,0.1699666634664795,3.1882643555483434,2.96032263351945,0.007938089023843575,negative_hard,8.0,0,0,0,0,0,0,0,0,0,0,-1,0,0,0,0,0,0,1,0,0
sim_0039_n3_seed81,81,0.001,3,340.85,0,body_0,23.12038132751752,16.22432647230617,0.0016340896617709796,0.0011031380328580223,0.21240864344003454,0.3174082219524296,2,2.668963104072339,3.4215524167619202,-10.630619277761461,7.996619203221071e-09,27.384600717634235,1.9979035377462087e-14,2.668963104072339,0-2,3,100.45000000000002,100450,,,,,0,0.21240864344003454,0.31680776618414624,2.668963104072339,3.4215524167619202,0.00954144131410316,negative_pre_failure,1.0,0,0,0,1,0,0,0,0,0,0,-1,1,0,0,0,0,0,1,0,0
sim_0039_n3_seed81,81,0.001,3,340.90000000000003,0,body_0,23.12038132751752,16.22432647230617,0.0016652284493297307,0.001155621962884095,0.2270029678101171,0.3494666475793609,2,2.594006389354085,3.497649324141268,-10.630619348954053,1.2996818989854828e-09,27.38460071763419,1.829249343001399e-14,2.594006389354085,0-2,3,100.50000000000003,100500,,,,,0,0.2270029678101171,0.3488523804161961,2.594006389354085,3.497649324141268,0.009814140957518775,negative_pre_failure,1.0,0,0,0,1,0,0,0,0,0,0,-1,1,0,0,0,0,0,1,0,0
sim_0039_n3_seed81,81,0.001,3,341.0,0,body_0,23.12038132751752,16.22432647230617,3.249292878126209e-09,4.4446923385091285e-09,0.257907385241138,0.40060714431856,2,2.454369597455247,3.6475578218536637,-10.630619489949957,-1.1963506248185114e-08,27.384600717633667,-7.784039757452762e-16,2.454369597455247,0-2,4,0.05000000000001137,50,,,,,0,0.257907385241138,0.4191736691997513,2.454369597455247,3.6475578218536637,3.153121977606068e-08,negative_baseline,20.0,0,0,0,1,0,0,0,0,0,0,-1,1,0,0,0,0,0,1,0,0
sim_0039_n3_seed81,81,0.001,3,341.2,0,body_0,23.12038132751752,16.22432647230617,1.811312988492453e-08,3.2758426540937135e-08,0.337313918883955,0.6191950314149006,2,2.1745933571263225,3.984460962453219,-10.630620516864152,-1.0856316422905701e-07,27.38460071763368,-2.5946799191509205e-16,2.1745933571263225,0-2,4,0.25,250,,,,,0,0.337313918883955,0.6196052463988413,2.1745933571263225,3.984460962453219,1.7584490402526945e-07,negative_hard,10.0,0,0,0,1,0,0,1,0,0,0,-1,1,0,0,0,0,0,1,0,0
sim_0039_n3_seed81,81,0.001,3,341.7,0,body_0,23.12038132751752,16.22432647230617,7.315865253837617e-08,2.4946898618975126e-07,0.507043660016035,1.1394522527315847,2,1.8093903053269658,4.523798651352393,-10.630625612760362,-5.879234005423751e-07,27.384600717633596,-3.3730838948961966e-15,1.8093903053269658,0-2,4,0.75,750,,,,,0,0.507043660016035,1.1494250728700113,1.8093903053269658,4.523798651352393,7.111868518082755e-07,negative_hard,10.0,0,0,0,1,0,0,1,0,0,0,-1,1,0,0,0,0,0,1,0,0
sim_0039_n3_seed81,81,0.001,3,342.0,0,body_0,23.12038132751752,16.22432647230617,1.2834019921572392e-07,3.898617005857961e-07,0.4527207695616582,1.0594099569441315,2,1.9831427250760627,4.247743043098371,-10.630622607854761,-3.052582520456481e-07,27.384600717633585,-3.7622858827688345e-15,1.9831427250760627,0-2,4,1.0500000000000114,1050,,,,,0,0.4527207695616582,1.0635058073258066,1.9831427250760627,4.247743043098371,1.2534627256114309e-06,negative_baseline,20.0,0,0,0,1,0,0,1,0,0,0,-1,1,0,0,0,0,0,1,0,0
sim_0039_n3_seed81,81,0.001,3,342.2,0,body_0,23.12038132751752,16.22432647230617,1.76925096342675e-07,4.2107127544559017e-07,0.4112850425261077,0.9106854773362841,2,2.220964264782436,3.912752207529047,-10.630621036165117,-1.5741271355211148e-07,27.384600717633585,-3.7622858827688345e-15,2.220964264782436,0-2,4,1.25,1250,,,,,0,0.4112850425261077,0.9114380030244266,2.220964264782436,3.912752207529047,1.7389308983943278e-06,negative_hard,10.0,0,0,0,1,0,0,0,0,0,0,-1,1,0,0,0,0,0,1,0,0
sim_0039_n3_seed81,81,0.001,3,342.7,0,body_0,23.12038132751752,16.22432647230617,2.988487586800809e-07,3.888716593034605e-07,0.43056426193678415,0.6816004443417097,1,2.67170908227556,3.955600900002528,-10.630621762264987,-2.257154008395971e-07,27.384600717633575,-4.151487870641473e-15,2.67170908227556,0-1,4,1.75,1750,,,,,0,0.43056426193678415,0.6830747367647327,2.67170908227556,3.955600900002528,3.0425088781976817e-06,negative_hard,10.0,0,0,0,1,0,0,1,0,0,0,-1,1,0,0,0,0,1,1,0,0
sim_0039_n3_seed81,81,0.001,3,343.0,0,body_0,23.12038132751752,16.22432647230617,3.604669599531844e-07,3.5512613922013095e-07,0.4357755995010313,0.5969533794608143,1,2.638360865329765,3.987341769769828,-10.6306220759624,-2.552242565543774e-07,27.384600717633578,-4.021753874683927e-15,2.638360865329765,0-1,4,2.0500000000000114,2050,,,,,0,0.4357755995010313,0.5989871692567699,2.638360865329765,3.987341769769828,3.769461901140884e-06,negative_baseline,20.0,0,0,0,1,0,0,1,0,0,0,-1,1,0,0,0,0,1,1,0,0
sim_0039_n3_seed81,81,0.001,3,343.2,0,body_0,23.12038132751752,16.22432647230617,3.975666025140725e-07,3.426351565105914e-07,0.4102639320751576,0.5232599207853323,1,2.725740315628122,3.9049023840664403,-10.630621495873992,-2.006565603801686e-07,27.384600717633557,-4.800157850429203e-15,2.725740315628122,0-1,4,2.25,2250,,,,,0,0.4102639320751576,0.5248647791579851,2.725740315628122,3.9049023840664403,4.22685774470191e-06,negative_hard,10.0,0,0,0,1,0,0,0,0,0,0,-1,1,0,0,0,0,1,1,0,0
sim_0039_n3_seed81,81,0.001,3,344.0,0,body_0,23.12038132751752,16.22432647230617,5.17423597574826e-07,3.2859101993366705e-07,0.24042714586372416,0.20187721841388886,1,3.639879370676973,3.2070340132599617,-10.630619291924368,6.664344308590484e-09,27.384600717633578,-4.021753874683927e-15,3.639879370676973,0-1,4,3.0500000000000114,3050,,,,,0,0.24042714586372416,0.20196217331501237,3.639879370676973,3.2070340132599617,5.827559598695323e-06,negative_baseline,20.0,0,0,0,0,0,0,0,0,0,0,-1,0,0,0,0,0,1,1,0,0
sim_0039_n3_seed81,81,0.001,3,345.0,0,body_0,23.12038132751752,16.22432647230617,6.150179274216481e-07,3.428691209173647e-07,0.13803495593943865,0.06139853870356561,2,3.973311152522221,1.9682144750939277,-10.63061915812064,1.9250979613596412e-08,27.384600717633578,-4.021753874683927e-15,3.973311152522221,0-2,4,4.050000000000011,4050,,,,,0,0.13803495593943865,0.06138864518621202,3.973311152522221,1.9682144750939277,6.95680745395289e-06,negative_baseline,20.0,0,0,0,0,0,0,0,0,0,0,-1,0,0,0,0,0,0,1,0,0
sim_0039_n3_seed81,81,0.001,3,346.0,0,body_0,23.12038132751752,16.22432647230617,6.382974104152471e-07,4.443173703345301e-07,0.14233144592060795,0.1279164366889042,2,3.240842913589199,2.583202468132953,-10.630619151581124,1.9866138088614994e-08,27.384600717633614,-2.7244139151084665e-15,3.240842913589199,0-2,4,5.050000000000011,5050,,,,,0,0.14233144592060795,0.12766943730248798,3.240842913589199,2.583202468132953,6.599831890663178e-06,negative_baseline,20.0,0,0,0,0,0,0,0,0,0,0,-1,0,0,0,0,0,0,1,0,0
sim_0039_n3_seed81,81,0.001,3,346.75,0,body_0,23.12038132751752,16.22432647230617,5.563650150959437e-07,5.815625279112621e-07,0.276311084630465,0.5097694413424217,2,2.292831263459681,3.597641418477095,-10.630619636850783,-2.5782157891423773e-08,27.38460071763357,-4.281221866599019e-15,2.292831263459681,0-2,4,5.800000000000011,5800,,,,,0,0.276311084630465,0.5088439192646858,2.292831263459681,3.597641418477095,4.623533571504202e-06,negative_hard,10.0,0,0,0,1,0,0,0,0,0,0,-1,1,0,0,0,0,0,1,0,0
sim_0039_n3_seed81,81,0.001,3,347.0,0,body_0,23.12038132751752,16.22432647230617,4.88643323557751e-07,5.77324665820804e-07,0.38114348026600015,0.8631637491020547,2,1.9623497617734917,4.068907262017912,-10.630621337891142,-1.857954460347083e-07,27.384600717633592,-3.5028178908537427e-15,1.9623497617734917,0-2,4,6.050000000000011,6050,,,,,0,0.38114348026600015,0.8641234949844766,1.9623497617734917,4.068907262017912,3.4805316027570446e-06,negative_baseline,20.0,0,0,0,1,0,0,1,0,0,0,-1,1,0,0,1,1,0,1,0,0
sim_0039_n3_seed81,81,0.001,3,347.25,0,body_0,23.12038132751752,16.22432647230617,3.945248030942164e-07,4.763452169389861e-07,0.5020283679183132,1.29681484299282,2,1.7170253498999581,4.487765991274063,-10.63062554232831,-5.812980056430934e-07,27.384600717633617,-2.5946799191509204e-15,1.7170253498999581,0-2,4,6.300000000000011,6300,,,,,0,0.5020283679183132,1.3068353601092733,1.7170253498999581,4.487765991274063,2.347658459247976e-06,negative_hard,10.0,0,0,0,1,0,0,1,0,0,0,-1,1,0,0,1,1,0,1,0,0
sim_0039_n3_seed81,81,0.001,3,347.75,0,body_0,23.12038132751752,16.22432647230617,2.892160433036369e-07,4.317308461149451e-07,0.44515930538192,1.0771220601794336,2,1.8282424912674027,4.289477575679873,-10.630623089812879,-3.5059503830546997e-07,27.384600717633628,-2.2054779312782825e-15,1.8282424912674027,0-2,4,6.800000000000011,6800,,,,,0,0.44515930538192,1.0832575195031444,1.8282424912674027,4.289477575679873,2.131411361267186e-06,negative_hard,10.0,0,0,0,1,0,0,1,0,0,0,-1,1,0,0,1,1,0,1,0,0
sim_0039_n3_seed81,81,0.001,3,348.0,0,body_0,23.12038132751752,16.22432647230617,2.8890164671274433e-07,5.275480019606954e-07,0.3259907857858877,0.6577265877674142,2,2.130617694244322,3.818068366369024,-10.630620195935306,-7.837406280297516e-08,27.384600717633628,-2.2054779312782825e-15,2.130617694244322,0-2,4,7.050000000000011,7050,,,,,0,0.3259907857858877,0.6585833964640231,2.130617694244322,3.818068366369024,2.4009941449807967e-06,negative_baseline,20.0,0,0,0,1,0,0,0,0,0,0,-1,1,0,0,1,1,0,1,0,0
sim_0039_n3_seed81,81,0.001,3,348.25,0,body_0,23.12038132751752,16.22432647230617,3.0542416153305694e-07,5.720539210103086e-07,0.2387412883267625,0.3880975064931028,2,2.4738804291184837,3.372310626671326,-10.630619353729102,8.505030199344389e-10,27.38460071763362,-2.4649459231933743e-15,2.4738804291184837,0-2,4,7.300000000000011,7300,,,,,0,0.2387412883267625,0.3880271311126121,2.4738804291184837,3.372310626671326,3.066544652666849e-06,negative_hard,10.0,0,0,0,1,0,0,0,0,0,0,-1,1,0,0,1,1,0,1,0,0
sim_0039_n3_seed81,81,0.001,3,349.0,0,body_0,23.12038132751752,16.22432647230617,5.047751899122042e-07,5.315121532627046e-07,0.11896766272304408,0.1100565420596737,2,3.3772483088845395,2.46360577952149,-10.630619193263014,1.5945210387491916e-08,27.384600717633603,-3.113615902981105e-15,3.3772483088845395,0-2,4,8.050000000000011,8050,,,,,0,0.11896766272304408,0.11002108107663276,3.3772483088845395,2.46360577952149,6.1554068685391605e-06,negative_baseline,20.0,0,0,0,0,0,0,0,0,0,0,-1,0,0,0,0,0,0,1,0,0
sim_0039_n3_seed81,81,0.001,3,350.0,0,body_0,23.12038132751752,16.22432647230617,8.055926148093217e-07,3.810487983524268e-07,0.07241690195881922,0.0432286219025924,2,4.040850625210618,1.9272026481916813,-10.630619244418126,1.1133156602045308e-08,27.384600717633603,-3.113615902981105e-15,4.040850625210618,0-2,4,9.050000000000011,9050,,,,,0,0.07241690195881922,0.043219941914765754,4.040850625210618,1.9272026481916813,9.389229327683777e-06,negative_baseline,20.0,0,0,0,0,0,0,0,0,0,0,-1,0,0,0,0,0,0,1,0,0
sim_0039_n3_seed81,81,0.001,3,351.0,0,body_0,23.12038132751752,16.22432647230617,9.322769076520346e-07,2.6441270818570446e-07,0.06459662174967798,0.03996118605314368,2,4.091512531469681,1.8926350617407517,-10.630619249917508,1.0615841279652022e-08,27.384600717633617,-2.5946799191509204e-15,4.091512531469681,0-2,4,10.050000000000011,10050,,,,,0,0.06459662174967798,0.039936055373812895,4.091512531469681,1.8926350617407517,1.0602370757390918e-05,negative_baseline,20.0,0,0,0,0,0,0,0,0,0,0,-1,0,0,0,0,0,0,1,0,0
sim_0039_n3_seed81,81,0.001,3,352.0,0,body_0,23.12038132751752,16.22432647230617,8.203700472876571e-07,3.67165987122035e-07,0.0926701363539926,0.0882701081289507,2,3.5415734653139426,2.3303892860801927,-10.630619219715221,1.3456906871693272e-08,27.384600717633592,-3.5028178908537427e-15,3.5415734653139426,0-2,4,11.050000000000011,11050,,,,,0,0.0926701363539926,0.08814680124268999,3.5415734653139426,2.3303892860801927,9.387587772925858e-06,negative_baseline,20.0,0,0,0,0,0,0,0,0,0,0,-1,0,0,0,0,0,0,1,0,0
sim_0039_n3_seed81,81,0.001,3,352.90000000000003,0,body_0,23.12038132751752,16.22432647230617,6.584532585002947e-07,6.371697268209876e-07,0.2119540436777026,0.35357608668983753,2,2.5329534740032487,3.3033369889407633,-10.630619354392103,7.881359744514366e-10,27.38460071763353,-5.838029818089571e-15,2.5329534740032487,0-2,4,11.950000000000045,11950,,,,,0,0.2119540436777026,0.3528312558996701,2.5329534740032487,3.3033369889407633,6.27708537060366e-06,negative_hard,10.0,0,0,0,1,0,0,0,0,0,0,-1,1,0,0,1,1,0,1,0,0
sim_0039_n3_seed81,81,0.001,3,353.0,0,body_0,23.12038132751752,16.22432647230617,6.744359615617431e-07,6.632577260916059e-07,0.24010485229375889,0.43111547106930725,2,2.3988914744136878,3.4628917381650757,-10.630619515330565,-1.4351006634711825e-08,27.384600717633546,-5.189359838301841e-15,2.3988914744136878,0-2,4,12.050000000000011,12050,,,,,0,0.24010485229375889,0.4303022311974027,2.3988914744136878,3.4628917381650757,6.010933052409499e-06,negative_baseline,20.0,0,0,0,1,0,0,0,0,0,0,-1,1,0,0,1,1,0,1,0,0
sim_0039_n3_seed81,81,0.001,3,353.40000000000003,0,body_0,23.12038132751752,16.22432647230617,8.601238477357951e-07,7.084356380775247e-07,0.4050237020415416,0.9534658710481839,2,1.894250021313827,4.1763335635834276,-10.630622290585082,-2.754133607795393e-07,27.384600717633543,-5.319093834259387e-15,1.894250021313827,0-2,4,12.450000000000045,12450,,,,,0,0.4050237020415416,0.9561585438804052,1.894250021313827,4.1763335635834276,6.40991158848137e-06,negative_hard,10.0,0,0,0,1,0,0,1,0,0,0,-1,1,0,0,1,1,0,1,0,0
sim_0039_n3_seed81,81,0.001,3,353.90000000000003,0,body_0,23.12038132751752,16.22432647230617,1.0072419663978366e-06,5.620225756423395e-07,0.5097547709961252,1.2815825121955193,2,1.7146547997115442,4.4922908915393,-10.630625953155578,-6.199436624291136e-07,27.384600717633568,-4.410955862556565e-15,1.7146547997115442,0-2,4,12.950000000000045,12950,,,,,0,0.5097547709961252,1.293572524038188,1.7146547997115442,4.4922908915393,8.377927644449218e-06,negative_hard,10.0,0,0,0,1,0,0,1,0,0,0,-1,1,0,0,1,1,0,1,0,0
sim_0039_n3_seed81,81,0.001,3,354.0,0,body_0,23.12038132751752,16.22432647230617,9.881436150349554e-07,5.528290958907615e-07,0.4749311352487896,1.152157113813051,2,1.7790189978846938,4.375447362424263,-10.630624312693485,-4.6562884432711545e-07,27.384600717633596,-3.3730838948961966e-15,1.7790189978846938,0-2,4,13.050000000000011,13050,,,,,0,0.4749311352487896,1.160634007475718,1.7790189978846938,4.375447362424263,8.278525286837691e-06,negative_baseline,20.0,0,0,0,1,0,0,1,0,0,0,-1,1,0,0,1,1,0,1,0,0
sim_0039_n3_seed81,81,0.001,3,354.40000000000003,0,body_0,23.12038132751752,16.22432647230617,9.758249390055243e-07,7.832821896559857e-07,0.30055760216077004,0.5506729764217964,2,2.234995720924135,3.6731362008971704,-10.63061988462437,-4.90896979398113e-08,27.384600717633607,-2.9838819070235587e-15,2.234995720924135,0-2,4,13.450000000000045,13450,,,,,0,0.30055760216077004,0.5511135651166058,2.234995720924135,3.6731362008971704,7.1279265913983956e-06,negative_hard,10.0,0,0,0,1,0,0,0,0,0,0,-1,1,0,0,1,1,0,1,0,0
sim_0039_n3_seed81,81,0.001,3,355.0,0,body_0,23.12038132751752,16.22432647230617,1.3052215900056014e-06,8.738673377595403e-07,0.15769179545368187,0.17711125513598103,2,3.0102511335518236,2.796110653917192,-10.630619188805998,1.6364472514884116e-08,27.38460071763359,-3.6325518868112884e-15,3.0102511335518236,0-2,4,14.050000000000011,14050,,,,,0,0.15769179545368187,0.1770423414581231,3.0102511335518236,2.796110653917192,8.140361114916253e-06,negative_baseline,20.0,0,0,0,0,0,0,0,0,0,0,-1,0,0,0,0,0,0,1,0,0
sim_0039_n3_seed81,81,0.001,3,356.0,0,body_0,23.12038132751752,16.22432647230617,1.8897527171666518e-06,6.101088572185092e-07,0.0782111705636246,0.053548675260896204,2,3.8681358537625243,2.0612426947572415,-10.630619234488904,1.2067177617218795e-08,27.384600717633578,-4.021753874683927e-15,3.8681358537625243,0-2,4,15.050000000000011,15050,,,,,0,0.0782111705636246,0.05354044838784657,3.8681358537625243,2.0612426947572415,1.2859114641396734e-05,negative_baseline,20.0,0,0,0,0,0,0,0,0,0,0,-1,0,0,0,0,0,0,1,0,0
sim_0039_n3_seed81,81,0.001,3,357.0,0,body_0,23.12038132751752,16.22432647230617,2.1657911097556045e-06,2.1395126834839376e-07,0.050328785252924974,0.03577925718985908,2,4.1157271381232485,1.8824780961197292,-10.630619243704746,1.1200262718188546e-08,27.384600717633575,-4.151487870641473e-15,4.1157271381232485,0-2,4,16.05000000000001,16050,,,,,0,0.050328785252924974,0.035764415138273456,4.1157271381232485,1.8824780961197292,1.543986123224546e-05,negative_baseline,20.0,0,0,0,0,0,0,0,0,0,0,-1,0,0,0,0,0,0,1,0,0
sim_0039_n3_seed81,81,0.001,3,358.0,0,body_0,23.12038132751752,16.22432647230617,2.1760974062886065e-06,3.800057214459426e-07,0.05161850512260709,0.058877108418057246,2,3.7899114154323548,2.1388915516911293,-10.630619221344677,1.33036274035936e-08,27.38460071763358,-3.892019878726381e-15,3.7899114154323548,0-2,4,17.05000000000001,17050,,,,,0,0.05161850512260709,0.05881338767638023,3.7899114154323548,2.1388915516911293,1.530830370884538e-05,negative_baseline,20.0,0,0,0,0,0,0,0,0,0,0,-1,0,0,0,0,0,0,1,0,0
sim_0039_n3_seed81,81,0.001,3,359.0,0,body_0,23.12038132751752,16.22432647230617,2.4852943507688965e-06,1.283421659554455e-06,0.13357187748070007,0.20727000040251412,2,2.897266912113159,2.908394751823625,-10.630619193779516,1.5896624093619232e-08,27.38460071763367,-6.486699797877301e-16,2.897266912113159,0-2,4,18.05000000000001,18050,,,,,0,0.13357187748070007,0.2068611235594267,2.897266912113159,2.908394751823625,1.424797489605022e-05,negative_baseline,20.0,0,0,0,0,0,0,0,0,0,0,-1,0,0,0,0,0,0,1,0,0
sim_0039_n3_seed81,81,0.001,3,359.15000000000003,0,body_0,23.12038132751752,16.22432647230617,2.6446908410114955e-06,1.4569625432782397e-06,0.16271782464918993,0.2671144039064136,2,2.718535767886889,3.0896707693224417,-10.630619236888531,1.1841449737990577e-08,27.384600717633717,1.0378719676603682e-15,2.718535767886889,0-2,4,18.200000000000045,18200,,,,,0,0.16271782464918993,0.2665728080043908,2.718535767886889,3.0896707693224417,1.4466456291082382e-05,negative_hard,10.0,0,0,0,1,0,0,0,0,0,0,-1,1,0,0,0,0,0,1,0,0
sim_0039_n3_seed81,81,0.001,3,359.65000000000003,0,body_0,23.12038132751752,16.22432647230617,3.426531880583457e-06,1.988940017897062e-06,0.3326643879276228,0.6824291562687921,2,2.0950417521076385,3.852568037569637,-10.630620522563923,-1.0909932972676535e-07,27.384600717633763,2.7244139151084665e-15,2.0950417521076385,0-2,4,18.700000000000045,18700,,,,,0,0.3326643879276228,0.6824639360068063,2.0950417521076385,3.852568037569637,1.727036731173144e-05,negative_hard,10.0,0,0,0,1,0,0,0,0,0,0,-1,1,0,0,0,0,0,1,0,0
sim_0039_n3_seed81,81,0.001,3,360.0,0,body_0,23.12038132751752,16.22432647230617,3.880553892516656e-06,1.9653979012205362e-06,0.5105408352165537,1.165283079478725,2,1.7679611071844958,4.3806842595535365,-10.63062468062601,-5.002394829719703e-07,27.384600717633738,1.8162759434056442e-15,1.7679611071844958,0-2,4,19.05000000000001,19050,,,,,0,0.5105408352165537,1.17308378276315,1.7679611071844958,4.3806842595535365,2.081459940863284e-05,negative_baseline,20.0,0,0,0,1,0,0,1,0,0,0,-1,1,0,0,0,0,0,1,0,0
sim_0039_n3_seed81,81,0.001,3,360.15000000000003,0,body_0,23.12038132751752,16.22432647230617,3.901014101080704e-06,1.7994771646854869e-06,0.5578128964297621,1.2799996448254378,2,1.7160824796659948,4.478310497965194,-10.630626124237867,-6.360370135152679e-07,27.38460071763377,2.9838819070235587e-15,1.7160824796659948,0-2,4,19.200000000000045,19200,,,,,0,0.5578128964297621,1.2913310994189435,1.7160824796659948,4.478310497965194,2.2036691855611715e-05,negative_hard,10.0,0,0,0,1,0,0,1,0,0,0,-1,1,0,0,0,0,0,1,0,0
sim_0039_n3_seed81,81,0.001,3,360.65000000000003,0,body_0,23.12038132751752,16.22432647230617,3.785318908286237e-06,2.4867977550896505e-06,0.45766410256325374,0.9457875555487313,2,2.018975821599913,3.966699635031067,-10.630621319923527,-1.841052702943977e-07,27.38460071763378,3.3730838948961966e-15,2.018975821599913,0-2,4,19.700000000000045,19700,,,,,0,0.45766410256325374,0.9471475404897286,2.018975821599913,3.966699635031067,2.3007609623383335e-05,negative_hard,10.0,0,0,0,1,0,0,1,0,0,0,-1,1,0,0,0,0,0,1,0,0
sim_0039_n3_seed81,81,0.001,3,361.0,0,body_0,23.12038132751752,16.22432647230617,4.345164966092388e-06,3.3118873386461303e-06,0.40742347176930127,0.7792133490361527,2,2.4393562059101743,3.377254399762775,-10.630620662022714,-1.2221792483611737e-07,27.38460071763379,3.7622858827688345e-15,2.4393562059101743,0-2,4,20.05000000000001,20050,,,,,0,0.40742347176930127,0.7790318153812542,2.4393562059101743,3.377254399762775,2.4179883960263745e-05,negative_baseline,20.0,0,0,0,1,0,0,0,0,0,0,-1,1,0,0,0,0,1,1,0,0
sim_0039_n3_seed81,81,0.001,3,361.15000000000003,0,body_0,23.12038132751752,16.22432647230617,4.65146104330015e-06,3.6186690662498955e-06,0.41929163026699634,0.764379363442544,2,2.6185661506334927,3.1510382515877287,-10.630621277467746,-1.8011154427861791e-07,27.38460071763379,3.7622858827688345e-15,2.6185661506334927,0-2,4,20.200000000000045,20200,,,,,0,0.41929163026699634,0.7650733212293438,2.6185661506334927,3.1510382515877287,2.5174269256882524e-05,negative_hard,10.0,0,0,0,1,0,0,0,0,0,0,-1,1,0,0,0,0,1,1,0,0
sim_0039_n3_seed81,81,0.001,3,361.65000000000003,0,body_0,23.12038132751752,16.22432647230617,5.2647237366314625e-06,4.246987297457294e-06,0.4590349472459107,0.6607247982467301,1,2.5968195054851595,4.1784828456819625,-10.630622636788924,-3.079800279386789e-07,27.384600717633774,3.113615902981105e-15,2.5968195054851595,0-1,4,20.700000000000045,20700,,,,,0,0.4590349472459107,0.6634824887834926,2.5968195054851595,4.1784828456819625,2.859237768735452e-05,negative_hard,10.0,0,0,0,1,0,0,1,0,0,0,-1,1,0,0,0,0,1,1,0,0
sim_0039_n3_seed81,81,0.001,3,362.0,0,body_0,23.12038132751752,16.22432647230617,5.1540214997917465e-06,3.926608868286823e-06,0.39927666930862954,0.4668398395599555,1,2.86011476042586,3.9434463275725067,-10.630620898930903,-1.4450337980179652e-07,27.384600717633806,4.281221866599019e-15,2.760345450017726,1-2,4,21.05000000000001,21050,,,,,0,0.39927666930862954,0.468016533003146,2.86011476042586,3.9434463275725067,2.984101672271023e-05,negative_baseline,20.0,0,0,0,0,0,0,0,0,0,0,-1,0,0,0,0,0,1,1,0,0
sim_0039_n3_seed81,81,0.001,3,362.15000000000003,0,body_0,23.12038132751752,16.22432647230617,5.034388554439026e-06,3.6836520275958976e-06,0.3636834449445672,0.3763826677728879,1,3.0461241530115823,3.7912648004467426,-10.63062022880288,-8.146584630401968e-08,27.384600717633784,3.5028178908537427e-15,2.7564985043169656,1-2,4,21.200000000000045,21200,,,,,0,0.3636834449445672,0.3769964260842605,3.0461241530115823,3.7912648004467426,3.0127430113913403e-05,negative_hard,10.0,0,0,0,0,0,0,0,0,0,0,-1,0,0,0,0,0,1,1,0,0
sim_0039_n3_seed81,81,0.001,3,363.0,0,body_0,23.12038132751752,16.22432647230617,4.473625463010866e-06,2.5975892827506836e-06,0.2328897779554914,0.10171789569533844,2,3.236269249092435,2.4213910923057194,-10.630619165072089,1.8597071411559492e-08,27.38460071763376,2.5946799191509204e-15,3.236269249092435,0-2,4,22.05000000000001,22050,,,,,0,0.2328897779554914,0.10161464772426969,3.236269249092435,2.4213910923057194,2.979242396574354e-05,negative_baseline,20.0,0,0,0,0,0,0,0,0,0,0,-1,0,0,0,0,0,1,1,0,0
sim_0039_n3_seed81,81,0.001,3,364.0,0,body_0,23.12038132751752,16.22432647230617,4.126593212983716e-06,2.044715928898018e-06,0.2700307044008442,0.36388076180294004,2,2.442996126920912,3.3029874719894554,-10.630619693625583,-3.112284388863764e-08,27.38460071763372,1.1676059636179143e-15,2.442996126920912,0-2,4,23.05000000000001,23050,,,,,0,0.2700307044008442,0.3634047338270607,2.442996126920912,3.3029874719894554,2.3658952753850504e-05,negative_hard,10.0,0,0,0,1,0,0,0,0,0,0,-1,1,0,0,0,0,0,1,0,0
sim_0039_n3_seed81,81,0.001,3,364.5,0,body_0,23.12038132751752,16.22432647230617,3.590356659946796e-06,1.424636811230842e-06,0.3815117528899564,0.7730296440534999,2,1.97991096129494,3.9536063276169657,-10.630621944672136,-2.428740576136059e-07,27.384600717633724,1.2973399595754602e-15,1.97991096129494,0-2,4,23.55000000000001,23550,,,,,0,0.3815117528899564,0.775008587787617,1.97991096129494,3.9536063276169657,1.9995133695323137e-05,negative_hard,10.0,0,0,0,1,0,0,1,0,0,0,-1,1,0,0,0,0,0,1,0,0
sim_0039_n3_seed81,81,0.001,3,365.0,0,body_0,23.12038132751752,16.22432647230617,3.136234890969532e-06,4.99208030416689e-07,0.42744129399941466,0.9525214749069673,2,1.8474136189767159,4.17277658907565,-10.630623783581244,-4.158563689719169e-07,27.384600717633685,-1.2973399595754603e-16,1.8474136189767159,0-2,4,24.05000000000001,24050,,,,,0,0.42744129399941466,0.9583727178576862,1.8474136189767159,4.17277658907565,1.988489355654953e-05,negative_hard,10.0,0,0,0,1,0,0,1,0,0,0,-1,1,0,0,1,1,0,1,0,0
sim_0039_n3_seed81,81,0.001,3,365.5,0,body_0,23.12038132751752,16.22432647230617,2.9074471563789586e-06,1.1676428105465236e-06,0.3000823328803765,0.5369880999371579,2,2.1941016795176393,3.6341022496831186,-10.630620470298457,-1.0418282723168667e-07,27.384600717633752,2.3352119272358286e-15,2.1941016795176393,0-2,4,24.55000000000001,24550,,,,,0,0.3000823328803765,0.5378850333274595,2.1941016795176393,3.6341022496831186,1.948820782328588e-05,negative_hard,10.0,0,0,0,1,0,0,0,0,0,0,-1,1,0,0,1,1,0,1,0,0
sim_0039_n3_seed81,81,0.001,3,366.0,0,body_0,23.12038132751752,16.22432647230617,2.237163632068001e-06,1.6677317722016614e-06,0.19763775545067405,0.24919790736725128,2,2.687948029307803,3.0150968232449866,-10.63061947238781,-1.0311471997623254e-08,27.384600717633766,2.8541479110660126e-15,2.687948029307803,0-2,4,25.05000000000001,25050,,,,,0,0.19763775545067405,0.24921186947023807,2.687948029307803,3.0150968232449866,2.1458861670520773e-05,negative_hard,10.0,0,0,0,1,0,0,0,0,0,0,-1,1,0,0,0,0,0,1,0,0
sim_0039_n3_seed81,81,0.001,3,367.0,0,body_0,23.12038132751752,16.22432647230617,1.846559896417253e-06,1.861153901440891e-06,0.11983001606783443,0.08746825354246947,2,3.381635632794212,2.3123360125717443,-10.630619311127386,4.85795681721069e-09,27.384600717633756,2.4649459231933743e-15,3.381635632794212,0-2,4,26.05000000000001,26050,,,,,0,0.11983001606783443,0.0874504480713321,3.381635632794212,2.3123360125717443,3.197420710137974e-05,negative_baseline,20.0,0,0,0,0,0,0,0,0,0,0,-1,0,0,0,0,0,0,1,0,0
sim_0039_n3_seed81,81,0.001,3,368.0,0,body_0,23.12038132751752,16.22432647230617,3.518113974445661e-06,2.036209040084263e-06,0.10934664819430197,0.07605321016235304,2,3.472976709294786,2.2299269486777336,-10.630619313721002,4.613980817305429e-09,27.3846007176338,4.021753874683927e-15,3.472976709294786,0-2,4,27.05000000000001,27050,,,,,0,0.10934664819430197,0.0760049024894145,3.472976709294786,2.2299269486777336,3.9491103111310883e-05,negative_baseline,20.0,0,0,0,0,0,0,0,0,0,0,-1,0,0,0,0,0,0,1,0,0
sim_0039_n3_seed81,81,0.001,3,369.0,0,body_0,23.12038132751752,16.22432647230617,5.039741960982145e-06,2.9153618584707343e-06,0.15410026243863645,0.16935384274342302,2,2.952510075867598,2.7316084620877126,-10.630619375687019,-1.2150319808716267e-09,27.38460071763378,3.3730838948961966e-15,2.952510075867598,0-2,4,28.05000000000001,28050,,,,,0,0.15410026243863645,0.16913632607312118,2.952510075867598,2.7316084620877126,3.898620818211602e-05,negative_baseline,20.0,0,0,0,0,0,0,0,0,0,0,-1,0,0,0,1,1,0,1,0,0
sim_0039_n3_seed81,81,0.001,3,369.55,0,body_0,23.12038132751752,16.22432647230617,5.45692938138447e-06,3.8504960889407775e-06,0.23252487988410195,0.36157997111475876,2,2.4469580787386302,3.3001072066033923,-10.630619778921924,-3.914649121778138e-08,27.384600717633777,3.2433498989386505e-15,2.4469580787386302,0-2,4,28.600000000000023,28600,,,,,0,0.23252487988410195,0.3612271560590838,2.4469580787386302,3.3001072066033923,3.4184904381662234e-05,negative_hard,10.0,0,0,0,1,0,0,0,0,0,0,-1,1,0,0,1,1,0,1,0,0
sim_0039_n3_seed81,81,0.001,3,370.0,0,body_0,23.12038132751752,16.22432647230617,5.275511705658095e-06,4.623053680258066e-06,0.3489064504228493,0.7009547645348495,2,2.027425219211923,3.878190911877446,-10.630621583368558,-2.0888699016727942e-07,27.38460071763379,3.7622858827688345e-15,2.027425219211923,0-2,4,29.05000000000001,29050,,,,,0,0.3489064504228493,0.7023928972584069,2.027425219211923,3.878190911877446,2.7954242316033477e-05,negative_baseline,20.0,0,0,0,1,0,0,0,0,0,0,-1,1,0,0,1,1,0,1,0,0
sim_0039_n3_seed81,81,0.001,3,370.05,0,body_0,23.12038132751752,16.22432647230617,5.210670898590995e-06,4.676585139913513e-06,0.3632586500643132,0.7451584814269436,2,1.9897561908424872,3.936887263635862,-10.630621936561557,-2.42111112520907e-07,27.384600717633795,3.892019878726381e-15,1.9897561908424872,0-2,4,29.100000000000023,29100,,,,,0,0.3632586500643132,0.7471288507828455,1.9897561908424872,3.936887263635862,2.7212600975592655e-05,negative_hard,10.0,0,0,0,1,0,0,1,0,0,0,-1,1,0,0,1,1,0,1,0,0
sim_0039_n3_seed81,81,0.001,3,370.55,0,body_0,23.12038132751752,16.22432647230617,4.062329079271251e-06,4.523142399090794e-06,0.42510904596006377,0.9237698800954026,2,1.858333456585391,4.153407479412453,-10.630623696259843,-4.076422284138591e-07,27.384600717633745,2.0757439353207364e-15,1.858333456585391,0-2,4,29.600000000000023,29600,,,,,0,0.42510904596006377,0.9293557628875369,1.858333456585391,4.153407479412453,2.1835454374132805e-05,negative_hard,10.0,0,0,0,1,0,0,1,0,0,0,-1,1,0,0,1,1,0,1,0,0
sim_0039_n3_seed81,81,0.001,3,371.0,0,body_0,23.12038132751752,16.22432647230617,2.675673384167423e-06,4.038608264026073e-06,0.31936866641255307,0.5746479861185977,2,2.1510597198802106,3.6950526798095096,-10.630620735734517,-1.2915183906710583e-07,27.384600717633727,1.4270739555330063e-15,2.1510597198802106,0-2,4,30.05000000000001,30050,,,,,0,0.31936866641255307,0.5758425373300405,2.1510597198802106,3.6950526798095096,2.3241076902502178e-05,negative_baseline,20.0,0,0,0,1,0,0,0,0,0,0,-1,1,0,0,1,1,0,1,0,0
sim_0039_n3_seed81,81,0.001,3,371.05,0,body_0,23.12038132751752,16.22432647230617,2.5201669607202775e-06,3.999865444437577e-06,0.30597418336045923,0.5336304887531251,2,2.1975081502839604,3.6290550934537626,-10.630620506502765,-1.0758849040602355e-07,27.384600717633734,1.6865419474480983e-15,2.1975081502839604,0-2,4,30.100000000000023,30100,,,,,0,0.30597418336045923,0.5345497232735894,2.1975081502839604,3.6290550934537626,2.3733106170191157e-05,negative_hard,10.0,0,0,0,1,0,0,0,0,0,0,-1,1,0,0,1,1,0,1,0,0
sim_0039_n3_seed81,81,0.001,3,371.55,0,body_0,23.12038132751752,16.22432647230617,1.0995359926840248e-06,3.696770917327343e-06,0.20250215966611346,0.2513756301910397,2,2.685537497877197,3.01671498653716,-10.630619497491994,-1.2672969739579918e-08,27.384600717633695,2.5946799191509205e-16,2.685537497877197,0-2,4,30.600000000000023,30600,,,,,0,0.20250215966611346,0.25139716411639956,2.685537497877197,3.01671498653716,3.0493839994728974e-05,negative_hard,10.0,0,0,0,1,0,0,0,0,0,0,-1,1,0,0,1,1,0,1,0,0
sim_0039_n3_seed81,81,0.001,3,372.0,0,body_0,23.12038132751752,16.22432647230617,1.0659127756431325e-06,3.490873863041146e-06,0.15174892203568968,0.14284169843241162,2,3.063639629145223,2.6157974479603086,-10.630619350802094,1.1258405021120062e-09,27.38460071763366,-1.0378719676603682e-15,3.063639629145223,0-2,4,31.05000000000001,31050,,,,,0,0.15174892203568968,0.14282393948740804,3.063639629145223,2.6157974479603086,3.742988354126051e-05,negative_baseline,20.0,0,0,0,0,0,0,0,0,0,0,-1,0,0,0,1,1,0,1,0,0
sim_0039_n3_seed81,81,0.001,3,373.0,0,body_0,23.12038132751752,16.22432647230617,3.619280159321685e-06,3.3421013766713944e-06,0.10780131768516356,0.07339485723194461,2,3.491642597494396,2.21202765586423,-10.63061931865337,4.150003391806385e-09,27.384600717633578,-4.021753874683927e-15,3.491642597494396,0-2,4,32.05000000000001,32050,,,,,0,0.10780131768516356,0.07337037715703744,3.491642597494396,2.21202765586423,4.991373173388155e-05,negative_baseline,20.0,0,0,0,0,0,0,0,0,0,0,-1,0,0,0,0,0,0,1,0,0
sim_0039_n3_seed81,81,0.001,3,374.0,0,body_0,23.12038132751752,16.22432647230617,5.842377423683536e-06,3.9769324504110996e-06,0.11468670199689233,0.09857681201607989,2,3.3082956196065294,2.384401575382927,-10.630619330255298,3.0586344027529154e-09,27.384600717633564,-4.540689858514111e-15,3.3082956196065294,0-2,4,33.05000000000001,33050,,,,,0,0.11468670199689233,0.09848666194377233,3.3082956196065294,2.384401575382927,5.5334630120711694e-05,negative_baseline,20.0,0,0,0,0,0,0,0,0,0,0,-1,0,0,0,1,1,0,1,0,0
sim_0039_n3_seed81,81,0.001,3,375.0,0,body_0,23.12038132751752,16.22432647230617,7.3887705697537015e-06,6.091380505382085e-06,0.20487242691483779,0.3050011180248648,2,2.556712358211786,3.167323779878719,-10.630619639741088,-2.605404279160558e-08,27.384600717633525,-5.9677638140471174e-15,2.556712358211786,0-2,4,34.05000000000001,34050,,,,,0,0.20487242691483779,0.3046564771861405,2.556712358211786,3.167323779878719,5.220105640474223e-05,negative_baseline,20.0,0,0,0,1,0,0,0,0,0,0,-1,1,0,0,1,1,0,1,0,0
sim_0039_n3_seed81,81,0.001,3,375.1,0,body_0,23.12038132751752,16.22432647230617,7.4764894498291526e-06,6.42135212539771e-06,0.22375111648859966,0.35329078288679294,2,2.4601921272148464,3.283628721188096,-10.630619779107985,-3.916399357941055e-08,27.38460071763352,-6.0974978100046635e-15,2.4601921272148464,0-2,4,34.150000000000034,34150,,,,,0,0.22375111648859966,0.3529598713032886,2.4601921272148464,3.283628721188096,5.1415913655739723e-05,negative_hard,10.0,0,0,0,1,0,0,0,0,0,0,-1,1,0,0,1,1,0,1,0,0
sim_0039_n3_seed81,81,0.001,3,375.6,0,body_0,23.12038132751752,16.22432647230617,7.4721292197408805e-06,8.200269900697718e-06,0.35369090478422993,0.7172480491914642,2,2.0109001666232094,3.902618038140148,-10.63062178357283,-2.2771978476816493e-07,27.384600717633525,-5.9677638140471174e-15,2.0109001666232094,0-2,4,34.650000000000034,34650,,,,,0,0.35369090478422993,0.718996526893569,2.0109001666232094,3.902618038140148,4.662735287882125e-05,negative_hard,10.0,0,0,0,1,0,0,0,0,0,0,-1,1,0,0,1,1,0,1,0,0
sim_0039_n3_seed81,81,0.001,3,376.0,0,body_0,23.12038132751752,16.22432647230617,6.585288701684547e-06,8.695735161947502e-06,0.4286826822470274,0.9209751193250525,2,1.8571405008587798,4.1547585629346315,-10.630623794543167,-4.16887534001052e-07,27.384600717633514,-6.356965801919755e-15,1.8571405008587798,0-2,4,35.05000000000001,35050,,,,,0,0.4286826822470274,0.926500997352717,1.8571405008587798,4.1547585629346315,4.302982326441688e-05,negative_baseline,20.0,0,0,0,1,0,0,1,0,0,0,-1,1,0,0,1,1,0,1,0,0
sim_0039_n3_seed81,81,0.001,3,376.1,0,body_0,23.12038132751752,16.22432647230617,6.231890958102113e-06,8.532410454698256e-06,0.4258059457060457,0.9024950559157183,2,1.8694721311140559,4.134269759580875,-10.630623589658722,-3.9761448523335984e-07,27.384600717633514,-6.356965801919755e-15,1.8694721311140559,0-2,4,35.150000000000034,35150,,,,,0,0.4258059457060457,0.9078126725340129,1.8694721311140559,4.134269759580875,4.247878932367994e-05,negative_hard,10.0,0,0,0,1,0,0,1,0,0,0,-1,1,0,0,1,1,0,1,0,0
sim_0039_n3_seed81,81,0.001,3,376.6,0,body_0,23.12038132751752,16.22432647230617,4.250675687070496e-06,6.926121712271456e-06,0.3169238659397158,0.5362016591249644,2,2.1896084172761734,3.6408604621392877,-10.630620581323289,-1.1462669961634521e-07,27.3846007176335,-6.875901785749939e-15,2.1896084172761734,0-2,4,35.650000000000034,35650,,,,,0,0.3169238659397158,0.5371970189232739,2.1896084172761734,3.6408604621392877,4.3424386930488446e-05,negative_hard,10.0,0,0,0,1,0,0,0,0,0,0,-1,1,0,0,1,1,0,1,0,0
sim_0039_n3_seed81,81,0.001,3,377.0,0,body_0,23.12038132751752,16.22432647230617,3.0738447327424504e-06,5.904192574955313e-06,0.22870599970757788,0.2925909540321369,2,2.57466241599146,3.143522998516348,-10.630619605252694,-2.2809792086573355e-08,27.384600717633468,-8.043507749367853e-15,2.57466241599146,0-2,4,36.05000000000001,36050,,,,,0,0.22870599970757788,0.29267300971427235,2.57466241599146,3.143522998516348,4.791559729703381e-05,negative_baseline,20.0,0,0,0,1,0,0,0,0,0,0,-1,1,0,0,1,1,0,1,0,0
sim_0039_n3_seed81,81,0.001,3,377.1,0,body_0,23.12038132751752,16.22432647230617,2.9069744171248253e-06,5.7241019389474e-06,0.21201282214295017,0.2528836560373732,2,2.6691912274026217,3.0334015459708223,-10.630619513498122,-1.4178632526702194e-08,27.384600717633443,-8.951645721070676e-15,2.6691912274026217,0-2,4,36.150000000000034,36150,,,,,0,0.21201282214295017,0.2529171115033354,2.6691912274026217,3.0334015459708223,4.9321660276077565e-05,negative_hard,10.0,0,0,0,1,0,0,0,0,0,0,-1,1,0,0,1,1,0,1,0,0
sim_0039_n3_seed81,81,0.001,3,378.0,0,body_0,23.12038132751752,16.22432647230617,3.950547599813182e-06,5.025561842331015e-06,0.12578894450924355,0.09240075433432596,2,3.3107115975500663,2.374114143844993,-10.630619317456286,4.262610501562422e-09,27.384600717633454,-8.562443733198038e-15,3.3107115975500663,0-2,4,37.05000000000001,37050,,,,,0,0.12578894450924355,0.09238583390036648,3.3107115975500663,2.374114143844993,6.271214220195494e-05,negative_baseline,20.0,0,0,0,0,0,0,0,0,0,0,-1,0,0,0,0,0,0,1,0,0
sim_0039_n3_seed81,81,0.001,3,379.0,0,body_0,23.12038132751752,16.22432647230617,7.066901639144975e-06,5.635834403299458e-06,0.09240986811754479,0.0694018638216889,2,3.4657794317599477,2.2429405835873433,-10.630619307952356,5.156625211622122e-09,27.384600717633475,-7.784039757452761e-15,3.4657794317599477,0-2,4,38.05000000000001,38050,,,,,0,0.09240986811754479,0.06936285218808233,3.4657794317599477,2.2429405835873433,7.343986367794906e-05,negative_baseline,20.0,0,0,0,0,0,0,0,0,0,0,-1,0,0,0,0,0,0,1,0,0
sim_0039_n3_seed81,81,0.001,3,380.0,0,body_0,23.12038132751752,16.22432647230617,1.0617667438845596e-05,7.766224477009243e-06,0.10268196638815076,0.14008313137565068,2,3.039804186752284,2.652856742765617,-10.630619353687084,8.544555595979625e-10,27.384600717633507,-6.616433793834847e-15,3.039804186752284,0-2,4,39.05000000000001,39050,,,,,0,0.10268196638815076,0.13991670214493585,3.039804186752284,2.652856742765617,7.697491185035684e-05,negative_baseline,20.0,0,0,0,0,0,0,0,0,0,0,-1,0,0,0,0,0,0,1,0,0
sim_0039_n3_seed81,81,0.001,3,380.6,0,body_0,23.12038132751752,16.22432647230617,1.2951205435193088e-05,9.954466283378138e-06,0.17015870981508213,0.30250644233275487,2,2.555265302551343,3.1682928781459654,-10.630619645221834,-2.6569605087296826e-08,27.384600717633468,-8.043507749367853e-15,2.555265302551343,0-2,4,39.650000000000034,39650,,,,,0,0.17015870981508213,0.30218853485714553,2.555265302551343,3.1682928781459654,7.635750475253443e-05,negative_hard,10.0,0,0,0,1,0,0,0,0,0,0,-1,1,0,0,0,0,0,1,0,0
sim_0039_n3_seed81,81,0.001,3,381.0,0,body_0,23.12038132751752,16.22432647230617,1.4338094533916118e-05,1.1529013387453536e-05,0.27207367136084015,0.533103520902117,2,2.2034978675027594,3.609273294726179,-10.630620518936098,-1.0875806784656835e-07,27.384600717633464,-8.1732417453254e-15,2.2034978675027594,0-2,4,40.05000000000001,40050,,,,,0,0.27207367136084015,0.5333074697813215,2.2034978675027594,3.609273294726179,7.622105659817736e-05,negative_baseline,20.0,0,0,0,1,0,0,0,0,0,0,-1,1,0,0,0,0,0,1,0,0
sim_0039_n3_seed81,81,0.001,3,381.1,0,body_0,23.12038132751752,16.22432647230617,1.4592868928912152e-05,1.182412062283227e-05,0.3055456857327801,0.6072220194665225,2,2.124288312885152,3.7200570801414172,-10.630620922506,-1.4672103962247892e-07,27.384600717633468,-8.043507749367853e-15,2.124288312885152,0-2,4,40.150000000000034,40150,,,,,0,0.3055456857327801,0.6078776465633674,2.124288312885152,3.7200570801414172,7.643726432518189e-05,negative_hard,10.0,0,0,0,1,0,0,0,0,0,0,-1,1,0,0,0,0,0,1,0,0
sim_0039_n3_seed81,81,0.001,3,381.6,0,body_0,23.12038132751752,16.22432647230617,1.4556746209200328e-05,1.1194334103257792e-05,0.4618499273313779,0.883811883418287,2,1.90023466734898,4.072496166317799,-10.63062302881157,-3.4485677350532903e-07,27.38460071763347,-7.913773753410307e-15,1.90023466734898,0-2,4,40.650000000000034,40650,,,,,0,0.4618499273313779,0.8881457190509026,1.90023466734898,4.072496166317799,8.036890577761283e-05,negative_hard,10.0,0,0,0,1,0,0,1,0,0,0,-1,1,0,0,0,0,0,1,0,0
sim_0039_n3_seed81,81,0.001,3,382.0,0,body_0,23.12038132751752,16.22432647230617,1.2638845160320983e-05,8.13698591659876e-06,0.46510741572601977,0.7265446487403375,2,2.029537690238636,3.8894043932800404,-10.630621780357465,-2.274173222431371e-07,27.384600717633447,-8.82191172511313e-15,2.029537690238636,0-2,4,41.05000000000001,41050,,,,,0,0.46510741572601977,0.7287892422518304,2.029537690238636,3.8894043932800404,8.700456733130079e-05,negative_baseline,20.0,0,0,0,1,0,0,0,0,0,0,-1,1,0,0,0,0,0,1,0,0
sim_0039_n3_seed81,81,0.001,3,382.1,0,body_0,23.12038132751752,16.22432647230617,1.2025083122130118e-05,7.566253603620844e-06,0.4511408605160971,0.6606592820834806,2,2.1001752440631423,3.785096230644261,-10.630621223702708,-1.7505398019804364e-07,27.384600717633457,-8.432709737240492e-15,2.1001752440631423,0-2,4,41.150000000000034,41150,,,,,0,0.4511408605160971,0.6619813026291502,2.1001752440631423,3.785096230644261,8.891735901124513e-05,negative_hard,10.0,0,0,0,1,0,0,0,0,0,0,-1,1,0,0,0,0,0,1,0,0
sim_0039_n3_seed81,81,0.001,3,382.6,0,body_0,23.12038132751752,16.22432647230617,9.574069635352284e-06,9.483316589444844e-06,0.40633646595831957,0.6027563551570327,2,2.5343813494241982,3.1854673686096424,-10.630619944914383,-5.4761052629940136e-08,27.384600717633464,-8.1732417453254e-15,2.5343813494241982,0-2,4,41.650000000000034,41650,,,,,0,0.40633646595831957,0.601801032082814,2.5343813494241982,3.1854673686096424,9.881904958266629e-05,negative_hard,10.0,0,0,0,1,0,0,0,0,0,0,-1,1,0,0,0,0,1,1,0,0
sim_0039_n3_seed81,81,0.001,3,383.0,0,body_0,23.12038132751752,16.22432647230617,9.877866948285529e-06,1.4591641732693386e-05,0.46351864088001526,0.8703568566636737,1,2.547236196802926,4.270956416019141,-10.630622409052364,-2.8655732879905185e-07,27.384600717633536,-5.578561826174479e-15,2.547236196802926,0-1,4,42.05000000000001,42050,,,,,0,0.46351864088001526,0.8725778251682216,2.547236196802926,4.270956416019141,0.00010618753752612915,negative_baseline,20.0,0,0,0,1,0,0,1,0,0,0,-1,1,0,0,0,0,1,1,0,0
sim_0039_n3_seed81,81,0.001,3,383.1,0,body_0,23.12038132751752,16.22432647230617,1.0339215142444306e-05,1.5650273882746995e-05,0.4839264398319993,0.9184670974601726,1,2.46181304632166,4.355256431071241,-10.63062337422673,-3.773492509235086e-07,27.38460071763352,-6.0974978100046635e-15,2.46181304632166,0-1,4,42.150000000000034,42150,,,,,0,0.4839264398319993,0.9221246057188309,2.46181304632166,4.355256431071241,0.00010753051321974762,negative_hard,10.0,0,0,0,1,0,0,1,0,0,0,-1,1,0,0,0,0,1,1,0,0
sim_0039_n3_seed81,81,0.001,3,383.6,0,body_0,23.12038132751752,16.22432647230617,1.298342821764179e-05,1.4357067960929873e-05,0.46845232284873806,0.7197982568213533,1,2.5411515568470295,4.27963947031958,-10.63062242351899,-2.8791817380134244e-07,27.384600717633496,-7.0056357817074854e-15,2.5411515568470295,0-1,4,42.650000000000034,42650,,,,,0,0.46845232284873806,0.7228299402396366,2.5411515568470295,4.27963947031958,0.00010724279826783051,negative_hard,10.0,0,0,0,1,0,0,1,0,0,0,-1,1,0,0,0,0,1,1,0,0
sim_0039_n3_seed81,81,0.001,3,384.0,0,body_0,23.12038132751752,16.22432647230617,1.377988312842709e-05,9.071580755547993e-06,0.3657865763292043,0.3373323612464021,2,3.079452872558442,2.4266449473970026,-10.630619709396708,-3.2606400425874656e-08,27.384600717633504,-6.746167789792393e-15,2.939420337562895,1-2,4,43.05000000000001,43050,,,,,0,0.3657865763292043,0.3375589570837625,3.079452872558442,2.4266449473970026,0.00010205620980520792,negative_baseline,20.0,0,0,0,0,0,0,0,0,0,0,-1,0,0,0,0,0,1,1,0,0
sim_0039_n3_seed81,81,0.001,3,384.8,0,body_0,23.12038132751752,16.22432647230617,1.2414811634989997e-05,4.4115871826648486e-06,0.3022871906255616,0.20494458024319176,2,2.6183008738474185,3.033025494900161,-10.630619409340618,-4.3807552440422765e-09,27.384600717633553,-4.929891846386749e-15,2.6183008738474185,0-2,4,43.85000000000002,43850,,,,,0,0.3022871906255616,0.2044330955881916,2.6183008738474185,3.033025494900161,0.00010238433095350248,negative_hard,10.0,0,0,0,1,0,0,0,0,0,0,-1,1,0,0,0,0,0,1,0,0
sim_0039_n3_seed81,81,0.001,3,385.0,0,body_0,23.12038132751752,16.22432647230617,1.1611746254350508e-05,5.032725160219093e-06,0.3169706111471261,0.31287238284119645,2,2.4470135433381284,3.2522948495256663,-10.630619658761379,-2.784324156458561e-08,27.384600717633553,-4.929891846386749e-15,2.4470135433381284,0-2,4,44.05000000000001,44050,,,,,0,0.3169706111471261,0.31236406113274884,2.4470135433381284,3.2522948495256663,0.00010325597455124163,negative_baseline,20.0,0,0,0,1,0,0,0,0,0,0,-1,1,0,0,0,0,0,1,0,0
sim_0039_n3_seed81,81,0.001,3,385.3,0,body_0,23.12038132751752,16.22432647230617,1.023386256115086e-05,6.595715344160298e-06,0.35772237918481686,0.5258101193827863,2,2.185996024391887,3.6065630961073967,-10.63062047842691,-1.0494745366598083e-07,27.384600717633543,-5.319093834259387e-15,2.185996024391887,0-2,4,44.35000000000002,44350,,,,,0,0.35772237918481686,0.5258198263081222,2.185996024391887,3.6065630961073967,0.00010144416899104337,negative_hard,10.0,0,0,0,1,0,0,0,0,0,0,-1,1,0,0,0,0,0,1,0,0
sim_0039_n3_seed81,81,0.001,3,385.8,0,body_0,23.12038132751752,16.22432647230617,9.209516732396997e-06,7.537376434652416e-06,0.427195599297984,0.8883046539072769,2,1.8883544567739246,4.066249259702762,-10.630623152545816,-3.5649619372515926e-07,27.384600717633578,-4.021753874683927e-15,1.8883544567739246,0-2,4,44.85000000000002,44850,,,,,0,0.427195599297984,0.8924546578409889,1.8883544567739246,4.066249259702762,8.850758000457876e-05,negative_hard,10.0,0,0,0,1,0,0,1,0,0,0,-1,1,0,0,0,0,0,1,0,0
sim_0039_n3_seed81,81,0.001,3,386.0,0,body_0,23.12038132751752,16.22432647230617,9.605297912351898e-06,7.705238376017798e-06,0.4192544210205634,0.9011488527116398,2,1.8779265313521598,4.083412564863378,-10.630623329959118,-3.7318508980666325e-07,27.384600717633564,-4.540689858514111e-15,1.8779265313521598,0-2,4,45.05000000000001,45050,,,,,0,0.4192544210205634,0.9058975140778787,1.8779265313521598,4.083412564863378,8.77388019045536e-05,negative_baseline,20.0,0,0,0,1,0,0,1,0,0,0,-1,1,0,0,1,1,0,1,0,0
sim_0039_n3_seed81,81,0.001,3,386.3,0,body_0,23.12038132751752,16.22432647230617,1.0193243106503177e-05,9.803427771316683e-06,0.35886075526425615,0.7323222279099939,2,1.9969852272198805,3.8878947794299874,-10.630621869056917,-2.3576109303508313e-07,27.384600717633518,-6.22723180596221e-15,1.9969852272198805,0-2,4,45.35000000000002,45350,,,,,0,0.35886075526425615,0.7349355864937489,1.9969852272198805,3.8878947794299874,0.00010220917439544761,negative_hard,10.0,0,0,0,1,0,0,0,0,0,0,-1,1,0,0,1,1,0,1,0,0
sim_0039_n3_seed81,81,0.001,3,386.8,0,body_0,23.12038132751752,16.22432647230617,1.0668152374927643e-05,1.293309043950507e-05,0.24128713414549718,0.3754825124500474,2,2.398898268646629,3.3169487023047894,-10.630619899045161,-5.044623147561006e-08,27.384600717633592,-3.5028178908537427e-15,2.398898268646629,0-2,4,45.85000000000002,45850,,,,,0,0.24128713414549718,0.375742481293591,2.398898268646629,3.3169487023047894,0.00014031512891368934,negative_hard,10.0,0,0,0,1,0,0,0,0,0,0,-1,1,0,0,0,0,0,1,0,0
sim_0039_n3_seed81,81,0.001,3,387.0,0,body_0,23.12038132751752,16.22432647230617,1.1123593676107738e-05,1.3484563251067982e-05,0.20846191164761002,0.28376875852896477,2,2.5737615292195475,3.1004857318255667,-10.630619627299442,-2.4883683331714144e-08,27.384600717633575,-4.151487870641473e-15,2.5737615292195475,0-2,4,46.05000000000001,46050,,,,,0,0.20846191164761002,0.2838438400868188,2.5737615292195475,3.1004857318255667,0.0001526894873471508,negative_baseline,20.0,0,0,0,1,0,0,0,0,0,0,-1,1,0,0,0,0,0,1,0,0
sim_0039_n3_seed81,81,0.001,3,387.3,0,body_0,23.12038132751752,16.22432647230617,1.2359691571175385e-05,1.3964029218847196e-05,0.17361398472704329,0.1940073649648458,2,2.815029033288929,2.8247171541245257,-10.630619448602836,-8.07406953040136e-09,27.384600717633614,-2.7244139151084665e-15,2.815029033288929,0-2,4,46.35000000000002,46350,,,,,0,0.17361398472704329,0.19400590551327104,2.815029033288929,2.8247171541245257,0.00016690937233058062,negative_hard,10.0,0,0,0,1,0,0,0,0,0,0,-1,1,0,0,0,0,0,1,0,0
sim_0039_n3_seed81,81,0.001,3,388.0,0,body_0,23.12038132751752,16.22432647230617,1.7255826829524345e-05,1.4820868370671638e-05,0.13398735921410174,0.10476610685735342,2,3.204150844855936,2.4209164740660376,-10.630619354919789,7.384976306201175e-10,27.38460071763362,-2.4649459231933743e-15,3.204150844855936,0-2,4,47.05000000000001,47050,,,,,0,0.13398735921410174,0.10474486882937775,3.204150844855936,2.4209164740660376,0.00018523029803542768,negative_baseline,20.0,0,0,0,0,0,0,0,0,0,0,-1,0,0,0,0,0,0,1,0,0
sim_0039_n3_seed81,81,0.001,3,389.0,0,body_0,23.12038132751752,16.22432647230617,2.6644624354687377e-05,1.7847438492369246e-05,0.1303764239830911,0.09835976836921374,2,3.2498556268264527,2.375947240916906,-10.630619357499722,4.958087877719342e-10,27.384600717633674,-5.189359838301841e-16,3.2498556268264527,0-2,4,48.05000000000001,48050,,,,,0,0.1303764239830911,0.09829311275573242,3.2498556268264527,2.375947240916906,0.00019891841166988337,negative_baseline,20.0,0,0,0,0,0,0,0,0,0,0,-1,0,0,0,0,0,0,1,0,0
sim_0039_n3_seed81,81,0.001,3,390.0,0,body_0,23.12038132751752,16.22432647230617,3.840839496326041e-05,2.8661282037844748e-05,0.19181290073839186,0.23577251928704424,2,2.6980624093753325,2.9553944586144043,-10.630619541580792,-1.6820310255252122e-08,27.384600717633656,-1.1676059636179143e-15,2.6980624093753325,0-2,4,49.05000000000001,49050,,,,,0,0.19181290073839186,0.23550836577167605,2.6980624093753325,2.9553944586144043,0.00024316076080205216,negative_baseline,20.0,0,0,0,1,0,0,0,0,0,0,-1,1,0,0,1,1,0,1,0,0
sim_0039_n3_seed81,81,0.001,3,390.3,0,body_0,23.12038132751752,16.22432647230617,4.2600376435501414e-05,3.616664728038249e-05,0.2359858769127777,0.35068934439722904,2,2.443031896034371,3.2609184389629324,-10.630619848319686,-4.567459271735456e-08,27.384600717633646,-1.5568079514905524e-15,2.443031896034371,0-2,4,49.35000000000002,49350,,,,,0,0.2359858769127777,0.35041736072151697,2.443031896034371,3.2609184389629324,0.0002740736352730031,negative_hard,10.0,0,0,0,1,0,0,0,0,0,0,-1,1,0,0,1,1,0,1,0,0
sim_0039_n3_seed81,81,0.001,3,390.8,0,body_0,23.12038132751752,16.22432647230617,4.9358465784108295e-05,5.697685988757767e-05,0.34673318067613756,0.6792376189731606,2,2.031518270672685,3.8346599550341494,-10.63062162574794,-2.1287352945868329e-07,27.384600717633585,-3.7622858827688345e-15,2.031518270672685,0-2,4,49.85000000000002,49850,,,,,0,0.34673318067613756,0.6807044351038697,2.031518270672685,3.8346599550341494,0.0003529476698839917,negative_hard,10.0,0,0,0,1,0,0,0,0,0,0,-1,1,0,0,1,1,0,1,0,0
sim_0039_n3_seed81,81,0.001,3,391.0,0,body_0,23.12038132751752,16.22432647230617,5.1003463938623026e-05,6.673510036896665e-05,0.3892680151525376,0.8126451973885135,2,1.9227931391459425,4.0089738670982475,-10.630622788979256,-3.2229625225777137e-07,27.384600717633575,-4.151487870641473e-15,1.9227931391459425,0-2,4,50.05000000000001,50050,,,,,0,0.3892680151525376,0.8159887184440989,1.9227931391459425,4.0089738670982475,0.00039063004782361333,negative_baseline,20.0,0,0,0,1,0,0,1,0,0,0,-1,1,0,0,1,1,0,1,0,0
sim_0039_n3_seed81,81,0.001,3,391.3,0,body_0,23.12038132751752,16.22432647230617,5.0803101124295117e-05,7.56097617762879e-05,0.4081760259376679,0.8662347119782662,2,1.8844645899686552,4.073396396592288,-10.630623337770958,-3.739199331678194e-07,27.384600717633578,-4.021753874683927e-15,1.8844645899686552,0-2,4,50.35000000000002,50350,,,,,0,0.4081760259376679,0.870881428660071,1.8844645899686552,4.073396396592288,0.0004397055952784134,negative_hard,10.0,0,0,0,1,0,0,1,0,0,0,-1,1,0,0,1,1,0,1,0,0
sim_0039_n3_seed81,81,0.001,3,391.8,0,body_0,23.12038132751752,16.22432647230617,4.510908879889216e-05,6.7102331455921e-05,0.31506775330250825,0.5583739015529421,2,2.1528027175019546,3.6529909798509803,-10.63062080029455,-1.3522486546227213e-07,27.384600717633543,-5.319093834259387e-15,2.1528027175019546,0-2,4,50.85000000000002,50850,,,,,0,0.31506775330250825,0.5595353222238517,2.1528027175019546,3.6529909798509803,0.0004732034234956093,negative_hard,10.0,0,0,0,1,0,0,0,0,0,0,-1,1,0,0,1,1,0,1,0,0
sim_0039_n3_seed81,81,0.001,3,392.0,0,body_0,23.12038132751752,16.22432647230617,4.302179801660171e-05,6.080772028885002e-05,0.27088885588277967,0.42538777735177846,2,2.3225586663008793,3.416981279015786,-10.630620127209268,-7.19091489679045e-08,27.384600717633518,-6.22723180596221e-15,2.3225586663008793,0-2,4,51.05000000000001,51050,,,,,0,0.27088885588277967,0.4258325657613076,2.3225586663008793,3.416981279015786,0.00047356604375702423,negative_baseline,20.0,0,0,0,1,0,0,0,0,0,0,-1,1,0,0,1,1,0,1,0,0
sim_0039_n3_seed81,81,0.001,3,392.3,0,body_0,23.12038132751752,16.22432647230617,4.1475392146981695e-05,5.275153290222179e-05,0.21832737942332417,0.28208221993034704,2,2.5847644929119205,3.0868104652191573,-10.630619646556136,-2.669512002792241e-08,27.384600717633536,-5.578561826174479e-15,2.5847644929119205,0-2,4,51.35000000000002,51350,,,,,0,0.21832737942332417,0.2821612993544106,2.5847644929119205,3.0868104652191573,0.0004688039314028395,negative_hard,10.0,0,0,0,1,0,0,0,0,0,0,-1,1,0,0,1,1,0,1,0,0
sim_0039_n3_seed81,81,0.001,3,393.0,0,body_0,23.12038132751752,16.22432647230617,4.49702006089343e-05,4.253073721841859e-05,0.15152538330806464,0.13155586980948647,2,3.077077499795599,2.54669618289173,-10.630619389814521,-2.5439764422548265e-09,27.384600717633504,-6.746167789792393e-15,3.077077499795599,0-2,4,52.05000000000001,52050,,,,,0,0.15152538330806464,0.1315396360294593,3.077077499795599,2.54669618289173,0.00045548102550968056,negative_baseline,20.0,0,0,0,0,0,0,0,0,0,0,-1,0,0,0,1,1,0,1,0,0
sim_0039_n3_seed81,81,0.001,3,394.0,0,body_0,23.12038132751752,16.22432647230617,5.94597042272498e-05,4.192229826947114e-05,0.12682376776481213,0.09198925351881486,2,3.2975793852965305,2.329000700999785,-10.630619361128167,1.5448859032023716e-10,27.38460071763353,-5.838029818089571e-15,3.2975793852965305,0-2,4,53.05000000000001,53050,,,,,0,0.12682376776481213,0.09194361992356434,3.2975793852965305,2.329000700999785,0.0004628274224834892,negative_baseline,20.0,0,0,0,0,0,0,0,0,0,0,-1,0,0,0,1,1,0,1,0,0
sim_0039_n3_seed81,81,0.001,3,395.0,0,body_0,23.12038132751752,16.22432647230617,8.050196507358586e-05,5.72831894325411e-05,0.15964594917757596,0.17038877077696166,2,2.9104797593401788,2.722423662613541,-10.630619439150447,-7.184903173192643e-09,27.38460071763354,-5.448827830216933e-15,2.9104797593401788,0-2,4,54.05000000000001,54050,,,,,0,0.15964594917757596,0.17020695026881963,2.9104797593401788,2.722423662613541,0.0005381728847711517,negative_baseline,20.0,0,0,0,0,0,0,0,0,0,0,-1,0,0,0,1,1,0,1,0,0
sim_0039_n3_seed81,81,0.001,3,395.35,0,body_0,23.12038132751752,16.22432647230617,8.970095282528007e-05,7.004195185756094e-05,0.19419643723442626,0.2552981318118004,2,2.647740635969359,3.014161162258517,-10.63061959343779,-2.169838903180506e-08,27.384600717633546,-5.189359838301841e-15,2.647740635969359,0-2,4,54.400000000000034,54400,,,,,0,0.19419643723442626,0.2550273791588744,2.647740635969359,3.014161162258517,0.0005933215527206572,negative_hard,10.0,0,0,0,1,0,0,0,0,0,0,-1,1,0,0,1,1,0,1,0,0
sim_0039_n3_seed81,81,0.001,3,395.85,0,body_0,23.12038132751752,16.22432647230617,0.0001039804770300383,0.00010128194410599184,0.28244576146714123,0.49958433524181856,2,2.21971731224301,3.557608370999773,-10.630620501389,-1.0710744925154169e-07,27.38460071763358,-3.892019878726381e-15,2.21971731224301,0-2,4,54.900000000000034,54900,,,,,0,0.28244576146714123,0.49973048053314023,2.21971731224301,3.557608370999773,0.0007097523851321587,negative_hard,10.0,0,0,0,1,0,0,0,0,0,0,-1,1,0,0,1,1,0,1,0,0
sim_0039_n3_seed81,81,0.001,3,396.0,0,body_0,23.12038132751752,16.22432647230617,0.00010789475456831912,0.00011381071579744728,0.31790774025217855,0.6052182502716316,2,2.1009435484575367,3.728993482758565,-10.630621130074866,-1.6624660611335865e-07,27.38460071763357,-4.281221866599019e-15,2.1009435484575367,0-2,4,55.05000000000001,55050,,,,,0,0.31790774025217855,0.6060365546113543,2.1009435484575367,3.728993482758565,0.0007524404377855262,negative_baseline,20.0,0,0,0,1,0,0,0,0,0,0,-1,1,0,0,1,1,0,1,0,0
sim_0039_n3_seed81,81,0.001,3,396.35,0,body_0,23.12038132751752,16.22432647230617,0.00011333263603028785,0.00014082173209640432,0.3921688919799496,0.8274657355320288,2,1.9101700937518262,4.029554911502501,-10.630622994989478,-3.416752004812425e-07,27.384600717633596,-3.3730838948961966e-15,1.9101700937518262,0-2,4,55.400000000000034,55400,,,,,0,0.3921688919799496,0.8312013664218088,1.9101700937518262,4.029554911502501,0.0008497592703491482,negative_hard,10.0,0,0,0,1,0,0,1,0,0,0,-1,1,0,0,1,1,0,1,0,0
sim_0039_n3_seed81,81,0.001,3,396.85,0,body_0,23.12038132751752,16.22432647230617,0.00010603989767000082,0.0001362843625716894,0.3707137446703717,0.7272973028637203,2,1.9888872506429478,3.9018917218798843,-10.630622056655625,-2.534081088599983e-07,27.38460071763355,-5.059625842344295e-15,1.9888872506429478,0-2,4,55.900000000000034,55900,,,,,0,0.3707137446703717,0.7300997598475067,1.9888872506429478,3.9018917218798843,0.0009120342064972422,negative_hard,10.0,0,0,0,1,0,0,0,0,0,0,-1,1,0,0,1,1,0,1,0,0
sim_0039_n3_seed81,81,0.001,3,397.0,0,body_0,23.12038132751752,16.22432647230617,0.00010162729376787197,0.0001257969831873432,0.338776329837198,0.6196883132582274,2,2.086790601646678,3.750742009292129,-10.630621228591108,-1.7551382177720753e-07,27.384600717633557,-4.800157850429203e-15,2.086790601646678,0-2,4,56.05000000000001,56050,,,,,0,0.338776329837198,0.6213682614574346,2.086790601646678,3.750742009292129,0.0009089898463185717,negative_baseline,20.0,0,0,0,1,0,0,0,0,0,0,-1,1,0,0,1,1,0,1,0,0
sim_0039_n3_seed81,81,0.001,3,397.35,0,body_0,23.12038132751752,16.22432647230617,9.221688980436613e-05,0.00010102587718160031,0.26418067629235037,0.3901762090772489,2,2.3749791330511902,3.3484977217951024,-10.63062000552048,-6.046214076505618e-08,27.384600717633546,-5.189359838301841e-15,2.3749791330511902,0-2,4,56.400000000000034,56400,,,,,0,0.26418067629235037,0.3905110439050548,2.3749791330511902,3.3484977217951024,0.0008844974189293264,negative_hard,10.0,0,0,0,1,0,0,0,0,0,0,-1,1,0,0,1,1,0,1,0,0
sim_0039_n3_seed81,81,0.001,3,397.85,0,body_0,23.12038132751752,16.22432647230617,8.575242774829975e-05,7.813685453200084e-05,0.1916320341697989,0.20394212919770602,2,2.7905141414060926,2.8505025237687702,-10.63061948957139,-1.1927895292834974e-08,27.384600717633603,-3.113615902981105e-15,2.7905141414060926,0-2,4,56.900000000000034,56900,,,,,0,0.1916320341697989,0.2039506482821903,2.7905141414060926,2.8505025237687702,0.0008465335995714272,negative_hard,10.0,0,0,0,1,0,0,0,0,0,0,-1,1,0,0,1,1,0,1,0,0
sim_0039_n3_seed81,81,0.001,3,398.0,0,body_0,23.12038132751752,16.22432647230617,8.55610629793732e-05,7.409072634060426e-05,0.17722040093354166,0.17256592533276424,2,2.897661862985088,2.7334936258206763,-10.630619440504303,-7.3122575302643265e-09,27.384600717633617,-2.5946799191509204e-15,2.897661862985088,0-2,4,57.05000000000001,57050,,,,,0,0.17722040093354166,0.17256027769607987,2.897661862985088,2.7334936258206763,0.0008383953276559869,negative_baseline,20.0,0,0,0,0,0,0,0,0,0,0,-1,0,0,0,1,1,0,1,0,0
sim_0039_n3_seed81,81,0.001,3,399.0,0,body_0,23.12038132751752,16.22432647230617,9.98968652544862e-05,6.736030408814203e-05,0.13030153241784975,0.09104814402170427,2,3.289597984481437,2.33476227776487,-10.630619359562193,3.017964717979697e-10,27.38460071763357,-4.281221866599019e-15,3.289597984481437,0-2,4,58.05000000000001,58050,,,,,0,0.13030153241784975,0.09101609533108215,3.289597984481437,2.33476227776487,0.0008357269801188099,negative_baseline,20.0,0,0,0,0,0,0,0,0,0,0,-1,0,0,0,1,1,0,1,0,0
sim_0039_n3_seed81,81,0.001,3,400.0,0,body_0,23.12038132751752,16.22432647230617,0.00013503037661828906,8.680392527762319e-05,0.13760451378096808,0.12919588108808192,2,3.0741612762257136,2.553210507116627,-10.630619393400702,-2.8813208734000123e-09,27.384600717633617,-2.5946799191509204e-15,3.0741612762257136,0-2,4,59.05000000000001,59050,,,,,0,0.13760451378096808,0.1290759386057182,3.0741612762257136,2.553210507116627,0.0009313413912807924,negative_baseline,20.0,0,0,0,0,0,0,0,0,0,0,-1,0,0,0,1,1,0,1,0,0
sim_0039_n3_seed81,81,0.001,3,400.90000000000003,0,body_0,23.12038132751752,16.22432647230617,0.00018689394959257695,0.00014265502609721225,0.22094852586140046,0.3576920614293647,2,2.4260500131948692,3.284564683139388,-10.630619911574252,-5.162481667618029e-08,27.384600717633614,-2.7244139151084665e-15,2.4260500131948692,0-2,4,59.950000000000045,59950,,,,,0,0.22094852586140046,0.35746534341032254,2.4260500131948692,3.284564683139388,0.0011403561659318203,negative_hard,10.0,0,0,0,1,0,0,0,0,0,0,-1,1,0,0,1,1,0,1,0,0
sim_0039_n3_seed81,81,0.001,3,401.0,0,body_0,23.12038132751752,16.22432647230617,0.00019386750414753326,0.00015268452003012597,0.23928555527851225,0.4095525877302916,2,2.3409673694157203,3.394270134940101,-10.630620112127808,-7.0490467786495e-08,27.38460071763363,-2.0757439353207364e-15,2.3409673694157203,0-2,4,60.05000000000001,60050,,,,,0,0.23928555527851225,0.40942154639497924,2.3409673694157203,3.394270134940101,0.0011736064256164397,negative_baseline,20.0,0,0,0,1,0,0,0,0,0,0,-1,1,0,0,1,1,0,1,0,0
sim_0039_n3_seed81,81,0.001,3,401.40000000000003,0,body_0,23.12038132751752,16.22432647230617,0.00022073158681860385,0.00019682757167858108,0.3312494281391579,0.6720016763883158,2,2.0359139986198636,3.827104071817136,-10.630621655607037,-2.1568231185505139e-07,27.384600717633642,-1.6865419474480983e-15,2.0359139986198636,0-2,4,60.450000000000045,60450,,,,,0,0.3312494281391579,0.6735309181978515,2.0359139986198636,3.827104071817136,0.0013217912321406063,negative_hard,10.0,0,0,0,1,0,0,0,0,0,0,-1,1,0,0,1,1,0,1,0,0
sim_0039_n3_seed81,81,0.001,3,401.90000000000003,0,body_0,23.12038132751752,16.22432647230617,0.00023317642124248217,0.000211394656282495,0.4027224014378189,0.8268166915619353,2,1.911325518980918,4.026382074331996,-10.630623015610402,-3.436149673877242e-07,27.384600717633713,9.081379717028221e-16,1.911325518980918,0-2,4,60.950000000000045,60950,,,,,0,0.4027224014378189,0.8309094250039852,1.911325518980918,4.026382074331996,0.0014732013124414839,negative_hard,10.0,0,0,0,1,0,0,1,0,0,0,-1,1,0,0,1,1,0,1,0,0
sim_0039_n3_seed81,81,0.001,3,402.0,0,body_0,23.12038132751752,16.22432647230617,0.0002308029968384196,0.00020272148426000511,0.3974627362477067,0.7921542484136964,2,1.937383107350632,3.9838984407791593,-10.630622669067204,-3.1101637779781946e-07,27.38460071763369,0.0,1.937383107350632,0-2,4,61.05000000000001,61050,,,,,0,0.3974627362477067,0.7957942517817042,1.937383107350632,3.9838984407791593,0.0014883740079687248,negative_baseline,20.0,0,0,0,1,0,0,1,0,0,0,-1,1,0,0,1,1,0,1,0,0
sim_0039_n3_seed81,81,0.001,3,402.40000000000003,0,body_0,23.12038132751752,16.22432647230617,0.00021081426582196237,0.00014950815925918984,0.3324111504825773,0.5345001947224992,2,2.176217572623517,3.622974690930141,-10.630620722438952,-1.2790115318665925e-07,27.384600717633756,2.4649459231933743e-15,2.176217572623517,0-2,4,61.450000000000045,61450,,,,,0,0.3324111504825773,0.5355663058075224,2.176217572623517,3.622974690930141,0.0015049421987555901,negative_hard,10.0,0,0,0,1,0,0,0,0,0,0,-1,1,0,0,0,0,0,1,0,0
sim_0039_n3_seed81,81,0.001,3,402.90000000000003,0,body_0,23.12038132751752,16.22432647230617,0.00018411434039023952,9.896558147612765e-05,0.24629437616145977,0.2670465101764465,2,2.59835137782596,3.07555227068059,-10.630619633829353,-2.5497938307030317e-08,27.384600717633717,1.0378719676603682e-15,2.59835137782596,0-2,4,61.950000000000045,61950,,,,,0,0.24629437616145977,0.2671316113991455,2.59835137782596,3.07555227068059,0.0014993049117397394,negative_hard,10.0,0,0,0,1,0,0,0,0,0,0,-1,1,0,0,0,0,0,1,0,0
sim_0039_n3_seed81,81,0.001,3,403.0,0,body_0,23.12038132751752,16.22432647230617,0.00018020986513145456,9.354729661501883e-05,0.23333706455667005,0.23237935764395884,2,2.68071105550891,2.977622925400624,-10.630619547988498,-1.7423069713270922e-08,27.384600717633706,6.486699797877301e-16,2.68071105550891,0-2,4,62.05000000000001,62050,,,,,0,0.23333706455667005,0.2324236930335874,2.68071105550891,2.977622925400624,0.0015015609538485233,negative_baseline,20.0,0,0,0,1,0,0,0,0,0,0,-1,1,0,0,0,0,0,1,0,0
sim_0039_n3_seed81,81,0.001,3,404.0,0,body_0,23.12038132751752,16.22432647230617,0.00017835629705853146,0.00010024503377795084,0.16399249096984653,0.06996773991488635,2,3.2330621360899587,2.367701096686131,-10.630619267120636,8.997579236386805e-09,27.384600717633653,-1.2973399595754602e-15,3.2330621360899587,0-2,4,63.05000000000001,63050,,,,,0,0.16399249096984653,0.06995628376511084,3.2330621360899587,2.367701096686131,0.0016465011796144159,negative_baseline,20.0,0,0,0,0,0,0,0,0,0,0,-1,0,0,0,0,0,0,1,0,0
sim_0039_n3_seed81,81,0.001,3,404.3,0,body_0,23.12038132751752,16.22432647230617,0.00019217574586807238,0.00011695497602698289,0.15649121084456902,0.055379014646263054,2,3.276686922104325,2.326729725017704,-10.63061923187478,1.231308276527724e-08,27.38460071763362,-2.4649459231933743e-15,3.276686922104325,0-2,4,63.35000000000002,63350,,,,,0,0.15649121084456902,0.05535570977609119,3.276686922104325,2.326729725017704,0.0017328117623001387,negative_hard,10.0,0,0,0,0,0,0,0,0,0,0,-1,0,0,0,0,0,0,1,0,0
sim_0039_n3_seed81,81,0.001,3,404.8,0,body_0,23.12038132751752,16.22432647230617,0.00023201635597979467,0.0001608306081009894,0.15144744286215417,0.062257952667526546,2,3.2173966509956307,2.4038627368841525,-10.630619162298107,1.8858014056421854e-08,27.384600717633656,-1.1676059636179143e-15,3.2173966509956307,0-2,4,63.85000000000002,63850,,,,,0,0.15144744286215417,0.06213856945158344,3.2173966509956307,2.4038627368841525,0.00191717719082439,negative_hard,10.0,0,0,0,0,0,0,0,0,0,0,-1,0,0,0,0,0,0,1,0,0
sim_0039_n3_seed81,81,0.001,3,405.0,0,body_0,23.12038132751752,16.22432647230617,0.00025463672830026675,0.00018631775299383409,0.1518680843775397,0.0825095471137102,2,3.1496982282708785,2.483418831660315,-10.630619132565164,2.1654929476302907e-08,27.38460071763366,-1.0378719676603682e-15,3.1496982282708785,0-2,4,64.05000000000001,64050,,,,,0,0.1518680843775397,0.08229948170465508,3.1496982282708785,2.483418831660315,0.002006068851990877,negative_baseline,20.0,0,0,0,0,0,0,0,0,0,0,-1,0,0,0,0,0,0,1,0,0
sim_0039_n3_seed81,81,0.001,3,405.3,0,body_0,23.12038132751752,16.22432647230617,0.0002971016734778129,0.00023736325966551382,0.15742755998334335,0.14558573686410595,2,3.006289839041347,2.650790456541325,-10.630619112513505,2.3541146772533093e-08,27.38460071763368,-2.5946799191509205e-16,3.006289839041347,0-2,4,64.35000000000002,64350,,,,,0,0.15742755998334335,0.14513540590418342,3.006289839041347,2.650790456541325,0.0021583899483448845,negative_hard,10.0,0,0,0,0,0,0,0,0,0,0,-1,0,0,0,0,0,0,1,0,0
sim_0039_n3_seed81,81,0.001,3,405.8,0,body_0,23.12038132751752,16.22432647230617,0.0003950102013695477,0.0003724820390624022,0.22077759594567767,0.4287068835576923,2,2.6848844615564067,3.035229803588834,-10.63061959507218,-2.185213253147003e-08,27.38460071763365,-1.4270739555330063e-15,2.6848844615564067,0-2,4,64.85000000000002,64850,,,,,0,0.22077759594567767,0.42764885764885713,2.6848844615564067,3.035229803588834,0.0024708917624954385,negative_hard,10.0,0,0,0,1,0,0,0,0,0,0,-1,1,0,0,0,0,0,1,0,0
sim_0039_n3_seed81,81,0.001,3,406.0,0,body_0,23.12038132751752,16.22432647230617,0.0004433843870468189,0.0004454626202567609,0.29796933453973085,0.6408426444026726,2,2.544211991448952,3.2115950667314426,-10.630620504507789,-1.0740082715139461e-07,27.38460071763363,-2.0757439353207364e-15,2.544211991448952,0-2,4,65.05000000000001,65050,,,,,0,0.29796933453973085,0.6401760574282753,2.544211991448952,3.2115950667314426,0.0026120221662792346,negative_baseline,20.0,0,0,0,1,0,0,0,0,0,0,-1,1,0,0,0,0,0,1,0,0
sim_0039_n3_seed81,81,0.001,3,406.3,0,body_0,23.12038132751752,16.22432647230617,0.0005150361637792477,0.0005476026503989117,0.4912482427063338,0.9862466768514463,1,2.33006147652478,4.2459990954255,-10.630623861451316,-4.231814427632641e-07,27.384600717633678,-3.892019878726381e-16,2.33006147652478,0-1,4,65.35000000000002,65350,,,,,0,0.4912482427063338,0.989467478330789,2.33006147652478,4.2459990954255,0.0028000657956729924,negative_hard,10.0,0,0,0,1,0,0,1,0,0,0,-1,1,1,1,0,0,0,1,0,0
sim_0039_n3_seed81,81,0.001,3,406.8,0,body_0,23.12038132751752,16.22432647230617,0.0005375612650793913,0.0005229121848666888,0.6793924822378449,1.1303873974601488,2,2.124516118895529,3.8566370485254633,-10.630628086325082,-8.206064301713953e-07,27.384600717633717,1.0378719676603682e-15,2.124516118895529,0-2,4,65.85000000000002,65850,,,,,0,0.6793924822378449,1.1381697287194343,2.124516118895529,3.8566370485254633,0.0027554939057820543,negative_hard,10.0,0,0,0,1,0,0,0,0,0,0,-1,1,0,0,0,0,1,1,0,0
sim_0039_n3_seed81,81,0.001,3,407.0,0,body_0,23.12038132751752,16.22432647230617,0.0004960569954173987,0.0004713282958118601,0.5814444878479683,1.1754215505601204,2,2.1077145582288477,3.9245813444991366,-10.630625404144439,-5.682993395502776e-07,27.384600717633713,9.081379717028221e-16,2.1077145582288477,0-2,4,66.05000000000001,66050,,,,,0,0.5814444878479683,1.1817050113298249,2.1077145582288477,3.9245813444991366,0.002580165197022609,negative_baseline,20.0,0,0,0,1,0,0,0,0,0,0,-1,1,0,0,0,0,0,1,0,0
sim_0039_n3_seed81,81,0.001,3,407.3,0,body_0,23.12038132751752,16.22432647230617,0.00041614297812434225,0.0003814171097594378,0.3707591201244507,0.9488355496820814,2,2.2004351846752774,3.8703050113822925,-10.630622064349286,-2.541318353482672e-07,27.384600717633717,1.0378719676603682e-15,2.2004351846752774,0-2,4,66.35000000000002,66350,,,,,0,0.3707591201244507,0.9516276500870853,2.2004351846752774,3.8703050113822925,0.002269733238609015,negative_hard,10.0,0,0,0,1,0,0,0,0,0,0,-1,1,0,0,0,0,0,1,0,0
sim_0039_n3_seed81,81,0.001,3,407.8,0,body_0,23.12038132751752,16.22432647230617,0.0003113111126780669,0.00019916279922360368,0.17123652390312055,0.3611529991061212,2,2.6383169955280996,3.4404722347190235,-10.630619527848125,-1.552850720118398e-08,27.384600717633678,-3.892019878726381e-16,2.6383169955280996,0-2,4,66.85000000000002,66850,,,,,0,0.17123652390312055,0.36113708948041184,2.6383169955280996,3.4404722347190235,0.0018390978427530007,negative_hard,10.0,0,0,0,1,0,0,0,0,0,0,-1,1,0,0,0,0,0,1,0,0
sim_0039_n3_seed81,81,0.001,3,408.0,0,body_0,23.12038132751752,16.22432647230617,0.00028399084955191647,0.00014309535239081457,0.14366826987439135,0.23142830709108947,2,2.8680878786207216,3.232128252129846,-10.630619223689102,1.3083092266505555e-08,27.384600717633692,1.2973399595754603e-16,2.8680878786207216,0-2,4,67.05000000000001,67050,,,,,0,0.14366826987439135,0.23132936391980513,2.8680878786207216,3.232128252129846,0.0017136257069021489,negative_baseline,20.0,0,0,0,0,0,0,0,0,0,0,-1,0,0,0,0,0,0,1,0,0
sim_0039_n3_seed81,81,0.001,3,409.0,0,body_0,23.12038132751752,16.22432647230617,0.00025044745971369273,0.00010230515717499439,0.09435648586802162,0.04614199401528826,2,4.0113897139127745,2.3901435560108277,-10.630619119982612,2.2838543662825344e-08,27.384600717633674,-5.189359838301841e-16,4.0113897139127745,0-2,4,68.05000000000001,68050,,,,,0,0.09435648586802162,0.046140820125522515,4.0113897139127745,2.3901435560108277,0.0014804796195412276,negative_baseline,20.0,0,0,0,0,0,0,0,0,0,0,-1,0,0,0,0,0,0,1,0,0
sim_0039_n3_seed81,81,0.001,3,410.0,0,body_0,23.12038132751752,16.22432647230617,0.00035275292567464936,0.00014713026358676893,0.07192219767615415,0.021108695989981933,2,4.8402132431855,1.9063350133841759,-10.630619196392727,1.5650804834010397e-08,27.384600717633653,-1.2973399595754602e-15,4.8402132431855,0-2,4,69.05000000000001,69050,,,,,0,0.07192219767615415,0.02111012891636808,4.8402132431855,1.9063350133841759,0.0018783349390458523,negative_baseline,20.0,0,0,0,0,0,0,0,0,0,0,-1,0,0,0,0,0,0,1,0,0
sim_0039_n3_seed81,81,0.001,3,411.0,0,body_0,23.12038132751752,16.22432647230617,0.0005119590730389018,0.0001757172701902225,0.059751065394473245,0.012969043577364735,2,5.288025837685259,1.6703887092247922,-10.63061922465938,1.2991820248667954e-08,27.38460071763363,-2.0757439353207364e-15,5.288025837685259,0-2,4,70.05000000000001,70050,,,,,0,0.059751065394473245,0.012969003490529898,5.288025837685259,1.6703887092247922,0.0027088144114069887,negative_baseline,20.0,0,0,0,0,0,0,0,0,0,0,-1,0,0,0,0,0,0,1,0,0
sim_0039_n3_seed81,81,0.001,3,412.0,0,body_0,23.12038132751752,16.22432647230617,0.0006885370257076612,0.00021091104884905283,0.053448516776119476,0.011305212333999186,2,5.368241359173781,1.6351853648028998,-10.630619233754631,1.213624914181398e-08,27.384600717633603,-3.113615902981105e-15,5.368241359173781,0-2,4,71.05000000000001,71050,,,,,0,0.053448516776119476,0.01130248955714229,5.368241359173781,1.6351853648028998,0.003831540343300411,negative_baseline,20.0,0,0,0,0,0,0,0,0,0,0,-1,0,0,0,0,0,0,1,0,0
sim_0039_n3_seed81,81,0.001,3,412.90000000000003,0,body_0,23.12038132751752,16.22432647230617,0.0008558793606853974,0.0002713665910996778,0.05145433587984003,0.015270691257726673,2,5.134743758307543,1.764254915981488,-10.63061923386005,1.2126332534945313e-08,27.38460071763362,-2.4649459231933743e-15,5.134743758307543,0-2,4,71.95000000000005,71950,,,,,0,0.05145433587984003,0.015262534671641825,5.134743758307543,1.764254915981488,0.00510368831828809,negative_hard,8.0,0,0,0,0,0,0,0,0,0,0,-1,0,0,0,0,0,0,1,0,0
sim_0039_n3_seed81,81,0.001,3,413.0,0,body_0,23.12038132751752,16.22432647230617,0.0008751929436197066,0.0002811030152560186,0.051465688480158873,0.016149233128772207,2,5.091006884900642,1.7880584176241079,-10.630619233478903,1.216218628390884e-08,27.38460071763362,-2.4649459231933743e-15,5.091006884900642,0-2,4,72.05000000000001,72050,,,,,0,0.051465688480158873,0.016140087887353074,5.091006884900642,1.7880584176241079,0.005264194798053227,negative_baseline,20.0,0,0,0,0,0,0,0,0,0,0,-1,0,0,0,0,0,0,1,0,0
sim_0039_n3_seed81,81,0.001,3,413.3,0,body_0,23.12038132751752,16.22432647230617,0.0009345102742735223,0.0003154814924496568,0.05186871328357111,0.019540709738444545,2,4.938419003550504,1.871328014716262,-10.630619231868003,1.2313720244723267e-08,27.384600717633628,-2.2054779312782825e-15,4.938419003550504,0-2,4,72.35000000000002,72350,,,,,0,0.05186871328357111,0.019527740917462403,4.938419003550504,1.871328014716262,0.0057741148313182,negative_hard,8.0,0,0,0,0,0,0,0,0,0,0,-1,0,0,0,0,0,0,1,0,0
sim_0039_n3_seed81,81,0.001,3,413.7,0,body_0,23.12038132751752,16.22432647230617,0.001018084300292162,0.0003766161191665153,0.05357044953930363,0.026483140622692036,2,4.68514854591124,2.01157034065929,-10.630619228741498,1.2607824018944098e-08,27.384600717633628,-2.2054779312782825e-15,4.68514854591124,0-2,4,72.75,72750,,,,,0,0.05357044953930363,0.02646194367013278,4.68514854591124,2.01157034065929,0.006531692265776221,negative_hard,8.0,0,0,0,0,0,0,0,0,0,0,-1,0,0,0,0,0,0,1,0,0
sim_0039_n3_seed81,81,0.001,3,414.0,0,body_0,23.12038132751752,16.22432647230617,0.001085795364685589,0.00043800771300181527,0.05621332048128871,0.03449206087229888,2,4.458153847407947,2.140807414635244,-10.630619226111062,1.2855263629323086e-08,27.384600717633614,-2.7244139151084665e-15,4.458153847407947,0-2,4,73.05000000000001,73050,,,,,0,0.05621332048128871,0.03446064554299832,4.458153847407947,2.140807414635244,0.0071718874968824025,negative_baseline,20.0,0,0,0,0,0,0,0,0,0,0,-1,0,0,0,0,0,0,1,0,0
sim_0039_n3_seed81,81,0.001,3,414.1,0,body_0,23.12038132751752,16.22432647230617,0.0011096693670359314,0.0004622699131767306,0.05747827697831486,0.037930956595084754,2,4.375558878220256,2.1889188436079663,-10.630619225370825,1.2924896102411145e-08,27.384600717633607,-2.9838819070235587e-15,4.375558878220256,0-2,4,73.15000000000003,73150,,,,,0,0.05747827697831486,0.03789496396483665,4.375558878220256,2.1889188436079663,0.007401661079472416,negative_hard,8.0,0,0,0,0,0,0,0,0,0,0,-1,0,0,0,0,0,0,1,0,0
sim_0039_n3_seed81,81,0.001,3,414.5,0,body_0,23.12038132751752,16.22432647230617,0.001214058408938154,0.0005842629386196793,0.065511249977209,0.05749740245993511,2,4.0119918717651775,2.409526176918862,-10.630619225904878,1.2874658878806676e-08,27.384600717633614,-2.7244139151084665e-15,4.0119918717651775,0-2,4,73.55000000000001,73550,,,,,0,0.065511249977209,0.0574342065609255,4.0119918717651775,2.409526176918862,0.008419677713952552,negative_hard,8.0,0,0,0,0,0,0,0,0,0,0,-1,0,0,0,0,0,0,1,0,0
sim_0039_n3_seed81,81,0.001,3,414.90000000000003,0,body_0,23.12038132751752,16.22432647230617,0.0013383214863682174,0.0007614047701127126,0.08143441896538842,0.09237910659985843,2,3.601023024110219,2.681611689612468,-10.63061924712942,1.0878110850931395e-08,27.384600717633628,-2.2054779312782825e-15,3.601023024110219,0-2,4,73.95000000000005,73950,,,,,0,0.08143441896538842,0.09226864504519385,3.601023024110219,2.681611689612468,0.0096336671855302,negative_hard,8.0,0,0,0,0,0,0,0,0,0,0,-1,0,0,0,0,0,0,1,0,0
sim_0039_n3_seed81,81,0.001,3,414.95,0,body_0,23.12038132751752,16.22432647230617,0.0013556914339717724,0.0007887145058655928,0.0842734456555637,0.09840777099655634,2,3.546970513568228,2.7196623027678903,-10.630619253419717,1.0286395912300448e-08,27.38460071763364,-1.8162759434056442e-15,3.546970513568228,0-2,4,74.0,74000,,,,,0,0.0842734456555637,0.0982899640967501,3.546970513568228,2.7196623027678903,0.009801940846955735,negative_pre_failure,1.0,0,0,0,0,0,0,0,0,0,0,-1,0,0,0,0,0,0,1,0,0
sim_0039_n3_seed81,81,0.001,3,415.0,0,body_0,23.12038132751752,16.22432647230617,0.0013735310654931572,0.0008173723496934844,0.0873517334534972,0.10491464380959674,2,3.4924583130265403,2.7586509235520222,-10.630619261073159,9.566452693268138e-09,27.38460071763365,-1.4270739555330063e-15,3.4924583130265403,0-2,4,74.05000000000001,74050,,,,,0,0.0873517334534972,0.1047893243307463,3.4924583130265403,2.7586509235520222,0.00997423656095274,negative_pre_failure,1.0,0,0,0,0,0,0,0,0,0,0,-1,0,0,0,0,0,0,1,0,0
sim_0039_n3_seed81,81,0.001,3,415.95,0,body_0,23.12038132751752,16.22432647230617,2.5453091038757437e-08,4.240933932676573e-08,0.21420434989724632,0.36589567928084915,2,2.4880197534400947,3.632092033251502,-10.630620424585475,-9.988270319522692e-08,27.384600717633706,6.486699797877301e-16,2.4880197534400947,0-2,5,0.8999999999999773,900,,,,,0,0.21420434989724632,0.3663244377768855,2.4880197534400947,3.632092033251502,2.4809612345535186e-07,negative_hard,10.0,0,0,0,1,0,0,0,0,0,0,-1,1,0,0,0,0,0,1,0,0
sim_0039_n3_seed81,81,0.001,3,416.0,0,body_0,23.12038132751752,16.22432647230617,2.769819258382046e-08,4.802343011656908e-08,0.224320050200078,0.3853616369234165,2,2.448914383684457,3.6744072515530903,-10.630620568789562,-1.1344767828960089e-07,27.384600717633695,2.5946799191509205e-16,2.448914383684457,0-2,5,0.9499999999999886,950,,,,,0,0.224320050200078,0.385934680543187,2.448914383684457,3.6744072515530903,2.69518570655517e-07,negative_baseline,20.0,0,0,0,1,0,0,0,0,0,0,-1,1,0,0,0,0,0,1,0,0
sim_0039_n3_seed81,81,0.001,3,416.45,0,body_0,23.12038132751752,16.22432647230617,5.525008553644554e-08,1.206885806970839e-07,0.2999752379215311,0.49846336413286657,2,2.2606903012304183,3.8912930056207307,-10.630621563317192,-2.07000800275146e-07,27.384600717633656,-1.1676059636179143e-15,2.2606903012304183,0-2,5,1.3999999999999773,1400,,,,,0,0.2999752379215311,0.500345730209715,2.2606903012304183,3.8912930056207307,5.296526770509096e-07,negative_hard,10.0,0,0,0,1,0,0,0,0,0,0,-1,1,0,0,0,0,0,1,0,0
sim_0039_n3_seed81,81,0.001,3,416.95,0,body_0,23.12038132751752,16.22432647230617,1.0684258336379366e-07,1.9179515458880837e-07,0.29560625797701595,0.3849675715585504,2,2.4643633692017883,3.6701649157133343,-10.630620393360735,-9.694545757845719e-08,27.384600717633695,2.5946799191509205e-16,2.4643633692017883,0-2,5,1.8999999999999773,1900,,,,,0,0.29560625797701595,0.3858582924172191,2.4643633692017883,3.6701649157133343,1.0084741994415137e-06,negative_hard,10.0,0,0,0,1,0,0,0,0,0,0,-1,1,0,0,0,0,0,1,0,0
sim_0039_n3_seed81,81,0.001,3,417.0,0,body_0,23.12038132751752,16.22432647230617,1.1314052864400234e-07,1.951390061348337e-07,0.29113251530969625,0.36495923130712327,2,2.5050110545003696,3.6295064449781216,-10.630620238662274,-8.239329885797588e-08,27.384600717633703,5.189359838301841e-16,2.5050110545003696,0-2,5,1.9499999999999886,1950,,,,,0,0.29113251530969625,0.3657155445153132,2.5050110545003696,3.6295064449781216,1.0661206628964468e-06,negative_baseline,20.0,0,0,0,1,0,0,0,0,0,0,-1,1,0,0,0,0,0,1,0,0
sim_0039_n3_seed81,81,0.001,3,417.45,0,body_0,23.12038132751752,16.22432647230617,1.731536487799275e-07,2.0031282208314167e-07,0.24760685325532078,0.1950524537387869,2,2.970902646470098,3.228066573177197,-10.630619357243933,5.198702531219283e-10,27.384600717633738,1.8162759434056442e-15,2.4986458967530676,1-2,5,2.3999999999999773,2400,,,,,0,0.24760685325532078,0.19516957566787346,2.970902646470098,3.228066573177197,1.5955803718478383e-06,negative_hard,10.0,0,0,0,0,0,0,0,0,0,0,-1,0,0,0,0,0,0,1,0,0
sim_0039_n3_seed81,81,0.001,3,417.95,0,body_0,23.12038132751752,16.22432647230617,2.3832523298385352e-07,1.8493487778587594e-07,0.22160970712923528,0.0819539871954318,2,3.616666552519227,2.6729406458986262,-10.630619673466438,-2.9226515483291028e-08,27.384600717633745,2.0757439353207364e-15,1.7150646863867154,1-2,5,2.8999999999999773,2900,,,,,0,0.22160970712923528,0.0817467799816021,3.616666552519227,2.6729406458986262,2.1427618788668815e-06,negative_hard,10.0,0,0,0,0,0,0,0,0,0,0,-1,0,0,0,0,0,0,1,0,0
sim_0039_n3_seed81,81,0.001,3,418.0,0,body_0,23.12038132751752,16.22432647230617,2.4460650337655896e-07,1.8359353726285067e-07,0.2213629991150194,0.08077703314997055,2,3.6836901029545164,2.6001589763848045,-10.63061964687391,-2.6725012383251207e-08,27.38460071763374,1.9460099393631903e-15,1.7084446101349655,1-2,5,2.9499999999999886,2950,,,,,0,0.2213629991150194,0.08052191889285977,3.6836901029545164,2.6001589763848045,2.213299274595161e-06,negative_baseline,20.0,0,0,0,0,0,0,0,0,0,0,-1,0,0,0,0,0,0,1,0,0
sim_0039_n3_seed81,81,0.001,3,418.45,0,body_0,23.12038132751752,16.22432647230617,2.994472053625925e-07,1.7629390295517983e-07,0.24555268405162575,0.1807215101194214,1,3.8096034344872036,3.223201067363961,-10.63061905313439,2.912681520181563e-08,27.384600717633752,2.3352119272358286e-15,2.120761291327004,1-2,5,3.3999999999999773,3400,,,,,0,0.24555268405162575,0.1803374677913841,3.8096034344872036,3.223201067363961,3.0836404838516412e-06,negative_hard,10.0,0,0,0,0,1,0,0,0,0,0,-1,0,0,0,0,0,0,1,0,0
sim_0039_n3_seed81,81,0.001,3,419.0,0,body_0,23.12038132751752,16.22432647230617,3.6047658114975187e-07,1.8636175874890345e-07,0.3480140263924582,0.4675934063525823,1,2.915181042159593,3.807866041608128,-10.630620013997131,-6.125952144471116e-08,27.384600717633813,4.540689858514111e-15,2.915181042159593,0-1,5,3.9499999999999886,3950,,,,,0,0.3480140263924582,0.46766057287079743,2.915181042159593,3.807866041608128,4.14170870812263e-06,negative_baseline,20.0,0,0,0,0,0,0,0,0,0,0,-1,0,0,0,0,0,0,1,0,0
sim_0039_n3_seed81,81,0.001,3,419.2,0,body_0,23.12038132751752,16.22432647230617,3.793708464475002e-07,2.0431129927036755e-07,0.39985952492967103,0.6060905152283933,1,2.661378272361127,4.017714099323164,-10.63062120904413,-1.7367507856955704e-07,27.3846007176338,4.021753874683927e-15,2.661378272361127,0-1,5,4.149999999999977,4150,,,,,0,0.39985952492967103,0.6072972082315343,2.661378272361127,4.017714099323164,4.4552118120683405e-06,negative_hard,10.0,0,0,0,1,0,0,1,0,0,0,-1,1,0,0,0,0,0,1,0,0
sim_0039_n3_seed81,81,0.001,3,419.7,0,body_0,23.12038132751752,16.22432647230617,4.169460167409737e-07,2.5544387037941197e-07,0.44654773274001974,0.7520414484248074,1,2.427230418784348,4.237689386005249,-10.630623474172598,-3.8675094851605963e-07,27.384600717633813,4.540689858514111e-15,2.427230418784348,0-1,5,4.649999999999977,4650,,,,,0,0.44654773274001974,0.7561044003927242,2.427230418784348,4.237689386005249,5.059905911259213e-06,negative_hard,10.0,0,0,0,1,0,0,1,0,0,0,-1,1,0,0,0,0,0,1,0,0
sim_0039_n3_seed81,81,0.001,3,420.0,0,body_0,23.12038132751752,16.22432647230617,4.3890795089456815e-07,2.511618886735768e-07,0.36939269725544255,0.6026274678197772,1,2.627335792982265,4.045049477816395,-10.630621461280011,-1.9740237736104152e-07,27.3846007176338,4.021753874683927e-15,2.627335792982265,0-1,5,4.949999999999989,4950,,,,,0,0.36939269725544255,0.6047583743059001,2.627335792982265,4.045049477816395,5.292504590431951e-06,negative_baseline,20.0,0,0,0,1,0,0,1,0,0,0,-1,1,0,0,0,0,0,1,0,0
sim_0039_n3_seed81,81,0.001,3,421.0,0,body_0,23.12038132751752,16.22432647230617,4.2234255525699987e-07,3.039841633966348e-07,0.17202834682348855,0.1394233758065614,2,3.381802735174241,2.3328170700754174,-10.630618683183906,6.392727901717688e-08,27.384600717633788,3.6325518868112884e-15,3.381802735174241,0-2,5,5.949999999999989,5950,,,,,0,0.17202834682348855,0.13933875701382945,3.381802735174241,2.3328170700754174,5.295237951258554e-06,negative_baseline,20.0,0,0,0,0,0,0,0,0,0,0,-1,0,0,0,0,0,0,1,0,0
sim_0039_n3_seed81,81,0.001,3,421.05,0,body_0,23.12038132751752,16.22432647230617,4.1605029687596795e-07,3.156309326297833e-07,0.17310832750738894,0.14176297735251975,2,3.299107612393267,2.4075138963434775,-10.630618619826311,6.988719466876005e-08,27.38460071763377,2.9838819070235587e-15,3.299107612393267,0-2,5,6.0,6000,,,,,0,0.17310832750738894,0.14156965686363113,3.299107612393267,2.4075138963434775,5.253314815384316e-06,negative_hard,10.0,0,0,0,0,1,0,0,0,0,0,-1,0,0,0,0,0,0,1,0,0
sim_0039_n3_seed81,81,0.001,3,421.55,0,body_0,23.12038132751752,16.22432647230617,3.2613611841567817e-07,5.052080813885852e-07,0.3026452771961351,0.6621773560132126,2,2.2546123836633094,3.559459503740223,-10.630616215081993,2.960964338747326e-07,27.384600717633813,4.540689858514111e-15,2.2546123836633094,0-2,5,6.5,6500,,,,,0,0.3026452771961351,0.6539257329856559,2.2546123836633094,3.559459503740223,4.408984207838928e-06,negative_hard,10.0,0,0,0,1,1,0,0,0,0,0,-1,1,0,0,0,0,0,1,0,0
sim_0039_n3_seed81,81,0.001,3,422.0,0,body_0,23.12038132751752,16.22432647230617,3.568365826794759e-07,1.9735703975378467e-07,1.7203825821209051,14.220450443760418,2,0.9265011772698174,6.630936934420932,-10.630648164696886,-2.709336627266499e-06,27.384600717633866,6.486699797877301e-15,0.9265011772698174,0-2,5,6.949999999999989,6950,,,,,0,1.7203825821209051,14.500532155388084,0.9265011772698174,6.630936934420932,2.085490107784317e-06,negative_baseline,20.0,0,1,1,1,1,0,1,1,0,0,-1,1,0,0,1,1,0,1,0,0
sim_0039_n3_seed81,81,0.001,3,422.05,0,body_0,23.12038132751752,16.22432647230617,4.1100273289404335e-07,1.146449111117934e-06,2.247716435884374,19.372740344068134,2,0.8076938174821099,7.194735329745995,-10.630751799355018,-1.2458030903209404e-05,27.384600717633866,6.486699797877301e-15,0.8076938174821099,0-2,5,7.0,7000,,,,,0,2.247716435884374,21.37742355387827,0.8076938174821099,7.194735329745995,2.078877100353935e-06,negative_hard,10.0,0,1,1,1,1,0,1,1,0,0,-1,1,0,0,1,1,0,1,0,0
sim_0039_n3_seed81,81,0.001,3,422.55,0,body_0,23.12038132751752,16.22432647230617,1.9464279989754896e-06,4.642113803118614e-06,0.36021402243997264,1.3578425808747765,2,1.8921897599017583,4.115430112427519,-10.630613578803352,5.440856197122419e-07,27.38460071763386,6.22723180596221e-15,1.8921897599017583,0-2,5,7.5,7500,,,,,0,0.36021402243997264,1.340211091254395,1.8921897599017583,4.115430112427519,1.773962035126512e-05,negative_hard,10.0,0,0,0,1,0,1,1,0,0,0,-1,1,0,0,1,1,0,1,0,0
sim_0039_n3_seed81,81,0.001,3,423.0,0,body_0,23.12038132751752,16.22432647230617,3.337976046183351e-06,3.2162273748393027e-06,0.12765040728039853,0.22328720121254655,2,2.972532283984914,2.748018675599461,-10.630618399383325,9.062380266956762e-08,27.384600717633923,8.562443733198038e-15,2.972532283984914,0-2,5,7.949999999999989,7950,,,,,0,0.12765040728039853,0.22255182220913564,2.972532283984914,2.748018675599461,3.18099724239426e-05,negative_baseline,20.0,0,0,0,0,0,1,0,0,0,0,-1,0,0,0,0,0,0,1,0,0
sim_0039_n3_seed81,81,0.001,3,424.0,0,body_0,23.12038132751752,16.22432647230617,5.059644780991017e-06,1.6808154370706267e-06,0.057653769289372936,0.027690422726416898,2,4.340156563166656,1.54432425835538,-10.63061922055932,1.3377504336814962e-08,27.38460071763395,9.600315700858407e-15,4.340156563166656,0-2,5,8.949999999999989,8950,,,,,0,0.057653769289372936,0.027676098108983967,4.340156563166656,1.54432425835538,4.9674189232975656e-05,negative_baseline,20.0,0,0,0,0,0,0,0,0,0,0,-1,0,0,0,0,0,0,1,0,0
sim_0039_n3_seed81,81,0.001,3,425.0,0,body_0,23.12038132751752,16.22432647230617,5.48970748439598e-06,1.1466199469034766e-06,0.051424194923349674,0.013210651085327686,2,4.760959803161327,1.1780648441141044,-10.63061928462399,7.351075600426422e-09,27.384600717633898,7.654305761495215e-15,4.760959803161327,0-2,5,9.949999999999989,9950,,,,,0,0.051424194923349674,0.013200591077690197,4.760959803161327,1.1780648441141044,5.562646108360744e-05,negative_baseline,20.0,0,0,0,0,0,0,0,0,0,0,-1,0,0,0,0,0,0,1,0,0
sim_0039_n3_seed81,81,0.001,3,426.0,0,body_0,23.12038132751752,16.22432647230617,4.792365536120927e-06,1.6659411853619018e-06,0.0648650321264381,0.03537906095970169,2,4.37659803670367,1.512139985789952,-10.630619238205117,1.1717601267224821e-08,27.384600717633848,5.838029818089571e-15,4.37659803670367,0-2,5,10.949999999999989,10950,,,,,0,0.0648650321264381,0.03532245841983746,4.37659803670367,1.512139985789952,5.1445360902754126e-05,negative_baseline,20.0,0,0,0,0,0,0,0,0,0,0,-1,0,0,0,0,0,0,1,0,0
sim_0039_n3_seed81,81,0.001,3,426.90000000000003,0,body_0,23.12038132751752,16.22432647230617,3.00448492714212e-06,2.919685905691652e-06,0.12712456353567192,0.16814757234078173,2,3.2367155001122017,2.4960938020631764,-10.630618729988164,5.9524500905226696e-08,27.38460071763382,4.800157850429203e-15,3.2367155001122017,0-2,5,11.850000000000023,11850,,,,,0,0.12712456353567192,0.16738667095828244,3.2367155001122017,2.4960938020631764,3.74220967331824e-05,negative_hard,10.0,0,0,0,0,1,0,0,0,0,0,-1,0,0,0,0,0,0,1,0,0
sim_0039_n3_seed81,81,0.001,3,427.0,0,body_0,23.12038132751752,16.22432647230617,2.7118022280703737e-06,3.1243904465894104e-06,0.14450833594111925,0.21694526231805428,2,3.049263240338473,2.67626456597405,-10.63061852089264,7.919367706130645e-08,27.384600717633823,4.929891846386749e-15,3.049263240338473,0-2,5,11.949999999999989,11950,,,,,0,0.14450833594111925,0.21577186735889603,3.049263240338473,2.67626456597405,3.504220567621949e-05,negative_baseline,20.0,0,0,0,0,1,0,0,0,0,0,-1,0,0,0,1,1,0,1,0,0
sim_0039_n3_seed81,81,0.001,3,427.40000000000003,0,body_0,23.12038132751752,16.22432647230617,1.261837985705711e-06,4.15489755313947e-06,0.30660030705316493,0.8900733707985589,2,2.130728205546762,3.7552301068528164,-10.630615540492723,3.5955362736059917e-07,27.384600717633774,3.113615902981105e-15,2.130728205546762,0-2,5,12.350000000000023,12350,,,,,0,0.30660030705316493,0.8775775835522409,2.130728205546762,3.7552301068528164,2.3079270225861402e-05,negative_hard,10.0,0,0,0,1,1,0,0,0,0,0,-1,1,0,0,1,1,0,1,0,0
sim_0039_n3_seed81,81,0.001,3,427.90000000000003,0,body_0,23.12038132751752,16.22432647230617,1.3259516343522702e-06,2.6152223415166787e-06,2.6190888438830005,22.594106637060978,2,0.738951199935234,7.5827854932455265,-10.630891409375117,-2.5590851798682435e-05,27.384600717633724,1.2973399595754602e-15,0.738951199935234,0-2,5,12.850000000000023,12850,,,,,0,2.6190888438830005,26.96756380487374,0.738951199935234,7.5827854932455265,1.0295719180581484e-05,negative_hard,10.0,0,1,1,1,0,0,1,1,0,0,-1,1,0,0,1,1,0,1,0,0
sim_0039_n3_seed81,81,0.001,3,428.0,0,body_0,23.12038132751752,16.22432647230617,1.6157655151348527e-06,9.051788590086159e-06,2.033828194176516,18.109592534611345,2,0.83903506373567,7.040904140408831,-10.630709137188013,-8.444890600787871e-06,27.384600717633738,1.8162759434056442e-15,0.83903506373567,0-2,5,12.949999999999989,12950,,,,,0,2.033828194176516,19.55640335888883,0.83903506373567,7.040904140408831,1.1092235107716613e-05,negative_baseline,20.0,0,1,1,1,0,1,1,1,0,0,-1,1,0,0,1,1,0,1,0,0
sim_0039_n3_seed81,81,0.001,3,428.40000000000003,0,body_0,23.12038132751752,16.22432647230617,4.753696252448676e-06,8.548129022027996e-06,0.34207311385438033,1.0462289113175325,2,2.0401361037013492,3.8885937931339996,-10.630614877295745,4.2193917194570137e-07,27.384600717633717,1.0378719676603682e-15,2.0401361037013492,0-2,5,13.350000000000023,13350,,,,,0,0.34207311385438033,1.035090640002949,2.0401361037013492,3.8885937931339996,4.0263210638032865e-05,negative_hard,10.0,0,0,0,1,0,1,0,0,0,0,-1,1,0,0,1,1,0,1,0,0
sim_0039_n3_seed81,81,0.001,3,429.0,0,body_0,23.12038132751752,16.22432647230617,7.888894632051855e-06,5.482999936343057e-06,0.12431957330288022,0.14214465074339966,2,3.3530283046077014,2.3860286063946186,-10.63061883459889,4.9683990033224973e-08,27.38460071763373,1.5568079514905524e-15,3.3530283046077014,0-2,5,13.949999999999989,13950,,,,,0,0.12431957330288022,0.14188243002485024,3.3530283046077014,2.3860286063946186,7.370633340824025e-05,negative_baseline,20.0,0,0,0,0,0,1,0,0,0,0,-1,0,0,0,0,0,0,1,0,0
sim_0039_n3_seed81,81,0.001,3,430.0,0,body_0,23.12038132751752,16.22432647230617,1.0494360367507678e-05,3.0788871854114635e-06,0.06827769897675583,0.026604739930069253,2,4.492854139070989,1.4064667330465481,-10.630619262022087,9.47718902810729e-09,27.384600717633724,1.2973399595754602e-15,4.492854139070989,0-2,5,14.949999999999989,14950,,,,,0,0.06827769897675583,0.026597763501244483,4.492854139070989,1.4064667330465481,0.00010210718176324812,negative_baseline,20.0,0,0,0,0,0,0,0,0,0,0,-1,0,0,0,0,0,0,1,0,0
sim_0039_n3_seed81,81,0.001,3,431.0,0,body_0,23.12038132751752,16.22432647230617,1.0831262978083683e-05,2.4661161543592562e-06,0.06104818224441682,0.015463081951235592,2,4.7290128591522915,1.1994035130740688,-10.630619290843702,6.766000306825072e-09,27.384600717633713,9.081379717028221e-16,4.7290128591522915,0-2,5,15.949999999999989,15950,,,,,0,0.06104818224441682,0.015449223841726476,4.7290128591522915,1.1994035130740688,0.00010818477295646276,negative_baseline,20.0,0,0,0,0,0,0,0,0,0,0,-1,0,0,0,0,0,0,1,0,0
sim_0039_n3_seed81,81,0.001,3,432.0,0,body_0,23.12038132751752,16.22432647230617,9.027866132106339e-06,3.7122879245438903e-06,0.0781314023996605,0.048757878639535394,2,4.143547603470589,1.7076894112931367,-10.63061919685475,1.5607343273330434e-08,27.3846007176338,4.021753874683927e-15,4.143547603470589,0-2,5,16.94999999999999,16950,,,,,0,0.0781314023996605,0.04865904263651087,4.143547603470589,1.7076894112931367,9.39644923764283e-05,negative_baseline,20.0,0,0,0,0,0,0,0,0,0,0,-1,0,0,0,0,0,0,1,0,0
sim_0039_n3_seed81,81,0.001,3,432.7,0,body_0,23.12038132751752,16.22432647230617,6.169708731425711e-06,5.668218413223086e-06,0.1353267667957412,0.18735564308162056,2,3.149652892686903,2.5814380314363365,-10.630618653468373,6.672255670808009e-08,27.38460071763378,3.3730838948961966e-15,3.149652892686903,0-2,5,17.649999999999977,17650,,,,,0,0.1353267667957412,0.1864390999065641,3.149652892686903,2.5814380314363365,6.908330239405897e-05,negative_hard,10.0,0,0,0,0,1,0,0,0,0,0,-1,0,0,0,0,0,0,1,0,0
sim_0039_n3_seed81,81,0.001,3,433.0,0,body_0,23.12038132751752,16.22432647230617,4.378649240144832e-06,6.945534878149143e-06,0.2137966173120083,0.46537695831229214,2,2.5205220576885163,3.2492156107276,-10.630617443260128,1.8056430039488536e-07,27.38460071763379,3.7622858827688345e-15,2.5205220576885163,0-2,5,17.94999999999999,17950,,,,,0,0.2137966173120083,0.4611457390943924,2.5205220576885163,3.2492156107276,5.291430546052567e-05,negative_baseline,20.0,0,0,0,1,1,0,0,0,0,0,-1,1,0,0,1,1,0,1,0,0
sim_0039_n3_seed81,81,0.001,3,433.2,0,body_0,23.12038132751752,16.22432647230617,2.98538737985447e-06,7.967094355049881e-06,0.34066837815565126,1.099705836456923,2,2.009730825292457,3.938128317919652,-10.630614761521768,4.3282978641707506e-07,27.3846007176338,4.021753874683927e-15,2.009730825292457,0-2,5,18.149999999999977,18150,,,,,0,0.34066837815565126,1.0824123602539704,2.009730825292457,3.938128317919652,3.956612216517958e-05,negative_hard,10.0,0,0,0,1,1,0,1,0,0,0,-1,1,0,0,1,1,0,1,0,0
sim_0039_n3_seed81,81,0.001,3,433.7,0,body_0,23.12038132751752,16.22432647230617,2.786043312555319e-06,5.50875016856325e-06,2.470550760815848,20.933822595061685,2,0.7605018935302622,7.458636649999404,-10.630854540250795,-2.2122650834629895e-05,27.384600717633816,4.670423854471657e-15,0.7605018935302622,0-2,5,18.649999999999977,18650,,,,,0,2.470550760815848,24.588423320633755,0.7605018935302622,7.458636649999404,2.2342572078135417e-05,negative_hard,10.0,0,1,0,1,0,0,1,1,0,0,-1,1,0,0,1,1,0,1,0,0
sim_0039_n3_seed81,81,0.001,3,434.0,0,body_0,23.12038132751752,16.22432647230617,5.271308028921434e-06,1.3634767127754456e-05,0.5915558745576835,2.666219132789948,2,1.5715550199870338,4.724130016353451,-10.630609572552295,9.209452287723389e-07,27.384600717633806,4.281221866599019e-15,1.5715550199870338,0-2,5,18.94999999999999,18950,,,,,0,0.5915558745576835,2.617931393846675,1.5715550199870338,4.724130016353451,3.929136691172697e-05,negative_baseline,20.0,0,0,0,1,0,1,1,1,0,0,-1,1,0,0,1,1,0,1,0,0
sim_0039_n3_seed81,81,0.001,3,434.2,0,body_0,23.12038132751752,16.22432647230617,7.491044422626092e-06,1.1909990733935154e-05,0.32290487731092116,0.8608588036224184,2,2.1450727537579692,3.736258774880684,-10.630615733623987,3.41386175655321e-07,27.384600717633777,3.2433498989386505e-15,2.1450727537579692,0-2,5,19.149999999999977,19150,,,,,0,0.32290487731092116,0.8530672435071336,2.1450727537579692,3.736258774880684,6.145340587741022e-05,negative_hard,10.0,0,0,0,1,0,1,0,0,0,0,-1,1,0,0,1,1,0,1,0,0
sim_0039_n3_seed81,81,0.001,3,435.0,0,body_0,23.12038132751752,16.22432647230617,1.3350817192709766e-05,7.136213981278417e-06,0.11594093029135519,0.08235493013038155,2,3.714691083150834,2.062483362419274,-10.63061905110455,2.9317758091854053e-08,27.38460071763379,3.7622858827688345e-15,3.714691083150834,0-2,5,19.94999999999999,19950,,,,,0,0.11594093029135519,0.08226360147331162,3.714691083150834,2.062483362419274,0.00012044318610828866,negative_baseline,20.0,0,0,0,0,0,0,0,0,0,0,-1,0,0,0,0,0,0,1,0,0
sim_0039_n3_seed81,81,0.001,3,436.0,0,body_0,23.12038132751752,16.22432647230617,1.6746295325370474e-05,4.485516135489549e-06,0.08399805462305654,0.011883489726339319,2,4.600653222554617,1.2963749561499673,-10.630619260834752,9.588879103210692e-09,27.384600717633784,3.5028178908537427e-15,4.600653222554617,0-2,5,20.94999999999999,20950,,,,,0,0.08399805462305654,0.011883311407112794,4.600653222554617,1.2963749561499673,0.00015342415453068747,negative_baseline,20.0,0,0,0,0,0,0,0,0,0,0,-1,0,0,0,0,0,0,1,0,0
sim_0039_n3_seed81,81,0.001,3,437.0,0,body_0,23.12038132751752,16.22432647230617,1.7161215611695192e-05,4.080866293243453e-06,0.09032741018701224,0.022071562923149712,2,4.608785470882352,1.2950541715311348,-10.630619238323948,1.1706423069316175e-08,27.384600717633788,3.6325518868112884e-15,4.608785470882352,0-2,5,21.94999999999999,21950,,,,,0,0.09032741018701224,0.022043966041894902,4.608785470882352,1.2950541715311348,0.00015510834568958708,negative_baseline,20.0,0,0,0,0,0,0,0,0,0,0,-1,0,0,0,0,0,0,1,0,0
sim_0039_n3_seed81,81,0.001,3,438.0,0,body_0,23.12038132751752,16.22432647230617,1.4769659651909477e-05,5.7131514410728475e-06,0.13087562354441148,0.08920533865716157,2,3.739057631500518,2.063497210081551,-10.63061896319662,3.7587072119994784e-08,27.384600717633802,4.151487870641473e-15,3.739057631500518,0-2,5,22.94999999999999,22950,,,,,0,0.13087562354441148,0.08900490642485945,3.739057631500518,2.063497210081551,0.00012528354816205314,negative_baseline,20.0,0,0,0,0,0,0,0,0,0,0,-1,0,0,0,0,0,0,1,0,0
sim_0039_n3_seed81,81,0.001,3,438.45,0,body_0,23.12038132751752,16.22432647230617,1.2577245039053298e-05,7.010435340812925e-06,0.18019376775526608,0.2225139412194566,2,2.9908122617678687,2.765281053274577,-10.630618310216128,9.901157324533794e-08,27.384600717633827,5.059625842344295e-15,2.9908122617678687,0-2,5,23.399999999999977,23400,,,,,0,0.18019376775526608,0.22143836051270302,2.9908122617678687,2.765281053274577,9.831736142304513e-05,negative_hard,10.0,0,0,0,0,1,0,0,0,0,0,-1,0,0,0,0,0,0,1,0,0
sim_0039_n3_seed81,81,0.001,3,438.95,0,body_0,23.12038132751752,16.22432647230617,9.12827989050313e-06,8.963440322953497e-06,0.3873969512680063,1.5486194625604353,2,1.7926587867191273,4.33567843268003,-10.63061319781955,5.799239645656228e-07,27.384600717633816,4.670423854471657e-15,1.7926587867191273,0-2,5,23.899999999999977,23900,,,,,0,0.3873969512680063,1.5209619108151202,1.7926587867191273,4.33567843268003,5.5366133670789584e-05,negative_hard,10.0,0,0,0,1,1,0,1,0,0,0,-1,1,0,0,0,0,0,1,0,0
sim_0039_n3_seed81,81,0.001,3,439.0,0,body_0,23.12038132751752,16.22432647230617,8.806754545285796e-06,9.259512741792918e-06,0.44914745486561486,2.096789947566257,2,1.6484298646320457,4.605825839030737,-10.630611839347011,7.077126184208334e-07,27.384600717633806,4.281221866599019e-15,1.6484298646320457,0-2,5,23.94999999999999,23950,,,,,0,0.44914745486561486,2.054562965456329,1.6484298646320457,4.605825839030737,5.123800826041254e-05,negative_baseline,20.0,0,0,0,1,1,0,1,0,0,0,-1,1,0,0,0,0,0,1,0,0
sim_0039_n3_seed81,81,0.001,3,439.45,0,body_0,23.12038132751752,16.22432647230617,1.144825892563355e-05,1.5538204336075918e-05,1.6207294731926236,12.570949997826318,2,0.9368970508154479,6.61283125033747,-10.63067782648475,-5.499558612554759e-06,27.38460071763381,4.410955862556565e-15,0.9368970508154479,0-2,5,24.399999999999977,24400,,,,,0,1.6207294731926236,13.26685027134624,0.9368970508154479,6.61283125033747,6.548258049591872e-05,negative_hard,10.0,0,1,1,1,0,1,1,1,0,0,-1,1,0,0,1,1,0,1,0,0
sim_0039_n3_seed81,81,0.001,3,439.95,0,body_0,23.12038132751752,16.22432647230617,1.1824788522008668e-05,1.2792887213118277e-05,0.5751926020437321,1.1538789804455312,2,2.2958658305084305,3.5480871100425597,-10.630619531141821,-1.5838338253376017e-08,27.384600717633802,4.151487870641473e-15,2.2958658305084305,0-2,5,24.899999999999977,24900,,,,,0,0.5751926020437321,1.1496487909634858,2.2958658305084305,3.5480871100425597,6.92398380339858e-05,negative_hard,10.0,0,0,0,1,0,1,0,0,0,0,-1,1,0,0,0,0,1,1,0,0
sim_0039_n3_seed81,81,0.001,3,440.0,0,body_0,23.12038132751752,16.22432647230617,1.2309403926308981e-05,1.3047994902176035e-05,0.5622635971626994,1.1126708329616017,2,2.4136719238961755,3.3857853098017685,-10.630620078013038,-6.728136316975686e-08,27.3846007176338,4.021753874683927e-15,2.4136719238961755,0-2,5,24.94999999999999,24950,,,,,0,0.5622635971626994,1.1103196895166323,2.4136719238961755,3.3857853098017685,7.367277870698004e-05,negative_baseline,20.0,0,0,0,1,0,1,0,0,0,0,-1,1,0,0,0,0,1,1,0,0
sim_0039_n3_seed81,81,0.001,3,440.45,0,body_0,23.12038132751752,16.22432647230617,1.6363923951700982e-05,1.16083745923875e-05,0.47918575862832335,1.0102613975171002,1,2.305873459273895,4.308814242049447,-10.630623862055337,-4.232382618159379e-07,27.38460071763379,3.7622858827688345e-15,2.305873459273895,0-1,5,25.399999999999977,25400,,,,,0,0.47918575862832335,1.015473823663383,2.305873459273895,4.308814242049447,0.00011165268746153465,negative_hard,10.0,0,0,0,1,0,0,1,0,0,0,-1,1,0,0,0,0,0,1,0,0
sim_0039_n3_seed81,81,0.001,3,440.95,0,body_0,23.12038132751752,16.22432647230617,1.8102428355301486e-05,4.771852768227907e-06,0.2802260271246545,0.5540385904886149,1,2.743315276276292,3.907674043108246,-10.630620266552423,-8.501686648892149e-08,27.384600717633727,1.4270739555330063e-15,2.743315276276292,0-1,5,25.899999999999977,25900,,,,,0,0.2802260271246545,0.5551104763083943,2.743315276276292,3.907674043108246,0.00014149012985675355,negative_hard,10.0,0,0,0,1,0,0,0,0,0,0,-1,1,0,0,0,0,0,1,0,0
sim_0039_n3_seed81,81,0.001,3,441.0,0,body_0,23.12038132751752,16.22432647230617,1.815869117600881e-05,4.14143698007882e-06,0.26166311450177,0.509156275407193,1,2.815529415314126,3.8483939010484867,-10.630619997716405,-5.972802778991805e-08,27.384600717633713,9.081379717028221e-16,2.815529415314126,0-1,5,25.94999999999999,25950,,,,,0,0.26166311450177,0.50996126452129,2.815529415314126,3.8483939010484867,0.00014380170485337487,negative_baseline,20.0,0,0,0,1,0,0,0,0,0,0,-1,1,0,0,0,0,0,1,0,0
sim_0039_n3_seed81,81,0.001,3,442.0,0,body_0,23.12038132751752,16.22432647230617,1.816476418098314e-05,3.356545894704186e-06,0.08084185315881419,0.0978894186480567,2,4.357995784819758,1.1554789420191307,-10.630619058792044,2.859461160126726e-08,27.384600717633745,2.0757439353207364e-15,4.357995784819758,0-2,5,26.94999999999999,26950,,,,,0,0.08084185315881419,0.09787411811906979,4.357995784819758,1.1554789420191307,0.00017107867826348232,negative_baseline,20.0,0,0,0,0,0,0,0,0,0,0,-1,0,0,0,0,0,0,1,0,0
sim_0039_n3_seed81,81,0.001,3,443.0,0,body_0,23.12038132751752,16.22432647230617,1.7138543799810745e-05,7.973428317771488e-06,0.0780323147284765,0.07199585294062912,2,3.8517205314801477,1.642365139760264,-10.630619054585509,2.8990311552584624e-08,27.384600717633788,3.6325518868112884e-15,3.8517205314801477,0-2,5,27.94999999999999,27950,,,,,0,0.0780323147284765,0.07186947750139257,3.8517205314801477,1.642365139760264,0.00016694860091764547,negative_baseline,20.0,0,0,0,0,0,0,0,0,0,0,-1,0,0,0,0,0,0,1,0,0
sim_0039_n3_seed81,81,0.001,3,443.85,0,body_0,23.12038132751752,16.22432647230617,1.66608825542332e-05,1.864650507936384e-05,0.23155925363277444,0.5433074084472375,2,2.419715622280702,3.1922058405639064,-10.630616648804594,2.552970612187639e-07,27.384600717633848,5.838029818089571e-15,2.419715622280702,0-2,5,28.80000000000001,28800,,,,,0,0.23155925363277444,0.5369829396110156,2.419715622280702,3.1922058405639064,0.00014594155047066153,negative_hard,10.0,0,0,0,1,1,0,0,0,0,0,-1,1,0,0,0,0,0,1,0,0
sim_0039_n3_seed81,81,0.001,3,444.0,0,body_0,23.12038132751752,16.22432647230617,1.7195876854967064e-05,2.4557231116211535e-05,0.34256431690205896,1.116487079063639,2,2.0142993890121392,3.777819399916119,-10.630613399837467,5.609205640893614e-07,27.384600717633866,6.486699797877301e-15,2.0142993890121392,0-2,5,28.94999999999999,28950,,,,,0,0.34256431690205896,1.0945770556037957,2.0142993890121392,3.777819399916119,0.0001446860614677593,negative_baseline,20.0,0,0,0,1,1,0,0,0,0,0,-1,1,0,0,1,1,0,1,0,0
sim_0039_n3_seed81,81,0.001,3,444.35,0,body_0,23.12038132751752,16.22432647230617,2.336647812467071e-05,0.00011627106317306857,2.3919894428566657,31.218525515737657,2,0.7741921317994422,7.302011586484718,-10.630580139798482,3.6896224627553295e-06,27.384600717633848,5.838029818089571e-15,0.7741921317994422,0-2,5,29.30000000000001,29300,,,,,0,2.3919894428566657,30.064431380329612,0.7741921317994422,7.302011586484718,0.00018534574961633099,negative_hard,10.0,0,1,1,1,1,0,1,1,0,0,-1,1,0,0,1,1,0,1,0,0
sim_0039_n3_seed81,81,0.001,3,444.85,0,body_0,23.12038132751752,16.22432647230617,1.8034324527741964e-05,3.9918496125303945e-05,0.39133590427117576,1.4784734513795783,2,1.8716109502465255,4.017543054754397,-10.63061134726106,7.540021086058947e-07,27.38460071763384,5.578561826174479e-15,1.8716109502465255,0-2,5,29.80000000000001,29800,,,,,0,0.39133590427117576,1.4518803190330487,1.8716109502465255,4.017543054754397,0.00018794296937649118,negative_hard,10.0,0,0,0,1,0,1,1,0,0,0,-1,1,0,0,1,1,0,1,0,0
sim_0039_n3_seed81,81,0.001,3,445.0,0,body_0,23.12038132751752,16.22432647230617,1.9112977602936146e-05,3.139581946730731e-05,0.25391460040015207,0.6642314675882252,2,2.2985398011376184,3.3573525355057883,-10.630615978880446,3.1831541652755526e-07,27.384600717633838,5.448827830216933e-15,2.2985398011376184,0-2,5,29.94999999999999,29950,,,,,0,0.25391460040015207,0.6580532747756213,2.2985398011376184,3.3573525355057883,0.0002022786932679918,negative_baseline,20.0,0,0,0,1,0,1,0,0,0,0,-1,1,0,0,1,1,0,1,0,0
sim_0039_n3_seed81,81,0.001,3,446.0,0,body_0,23.12038132751752,16.22432647230617,2.8566781724447483e-05,1.536644198046652e-05,0.08012305815242732,0.046812962939927864,2,3.955186495719757,1.5294402400583709,-10.630619167714158,1.834853747538967e-08,27.384600717633813,4.540689858514111e-15,3.955186495719757,0-2,5,30.94999999999999,30950,,,,,0,0.08012305815242732,0.046778141937232245,3.955186495719757,1.5294402400583709,0.0002888104138629425,negative_baseline,20.0,0,0,0,0,0,0,0,0,0,0,-1,0,0,0,0,0,0,1,0,0
sim_0039_n3_seed81,81,0.001,3,447.0,0,body_0,23.12038132751752,16.22432647230617,3.3398584199561944e-05,1.3212670126799366e-05,0.06779520719139392,0.01978964416629685,2,4.333479548893808,1.1217333865738501,-10.630619263699426,9.319405262249524e-09,27.384600717633752,2.3352119272358286e-15,4.333479548893808,0-2,5,31.94999999999999,31950,,,,,0,0.06779520719139392,0.01976649025236755,4.333479548893808,1.1217333865738501,0.0003187700193105285,negative_baseline,20.0,0,0,0,0,0,0,0,0,0,0,-1,0,0,0,0,0,0,1,0,0
sim_0039_n3_seed81,81,0.001,3,448.0,0,body_0,23.12038132751752,16.22432647230617,3.4016509616289e-05,1.9297618810039626e-05,0.09952534955611765,0.08472989999355168,2,3.653586856028958,1.8346607406221698,-10.630619047037502,2.970033666086491e-08,27.384600717633774,3.113615902981105e-15,3.653586856028958,0-2,5,32.94999999999999,32950,,,,,0,0.09952534955611765,0.08446696815273384,3.653586856028958,1.8346607406221698,0.0002977473798717591,negative_baseline,20.0,0,0,0,0,0,0,0,0,0,0,-1,0,0,0,0,0,0,1,0,0
sim_0039_n3_seed81,81,0.001,3,448.40000000000003,0,body_0,23.12038132751752,16.22432647230617,3.3835339063041e-05,2.6502821343296054e-05,0.14871930429741548,0.21380780770055258,2,3.024622705748549,2.48195120424955,-10.630618452932541,8.558654051304421e-08,27.38460071763378,3.3730838948961966e-15,3.024622705748549,0-2,5,33.35000000000002,33350,,,,,0,0.14871930429741548,0.21254451756446074,3.024622705748549,2.48195120424955,0.00028013295566150766,negative_hard,10.0,0,0,0,0,1,0,0,0,0,0,-1,0,0,0,1,1,0,1,0,0
sim_0039_n3_seed81,81,0.001,3,448.90000000000003,0,body_0,23.12038132751752,16.22432647230617,3.6088245386430885e-05,5.855457839232583e-05,0.43827223128542075,1.7531927327771462,2,1.7908413188967809,4.164444924980838,-10.630609858766169,8.940216917546445e-07,27.384600717633774,3.113615902981105e-15,1.7908413188967809,0-2,5,33.85000000000002,33850,,,,,0,0.43827223128542075,1.7063549133951117,1.7908413188967809,4.164444924980838,0.00027931630452018597,negative_hard,10.0,0,0,0,1,1,0,1,0,0,0,-1,1,0,0,1,1,0,1,0,0
sim_0039_n3_seed81,81,0.001,3,449.0,0,body_0,23.12038132751752,16.22432647230617,3.793682753983154e-05,8.12756799523504e-05,0.6685746681972228,3.7916644695626185,2,1.4541935546954792,4.867123059270217,-10.630598925994466,1.9224445267722856e-06,27.384600717633745,2.0757439353207364e-15,1.4541935546954792,0-2,5,33.94999999999999,33950,,,,,0,0.6685746681972228,3.6259153104775863,1.4541935546954792,4.867123059270217,0.00029445583650741065,negative_baseline,20.0,0,0,1,1,1,0,1,1,0,0,-1,1,0,0,1,1,0,1,0,0
sim_0039_n3_seed81,81,0.001,3,449.40000000000003,0,body_0,23.12038132751752,16.22432647230617,3.563338913098132e-05,0.00021117966951376065,1.8659106144988373,21.925746270618088,2,0.874801816493044,6.7858765209965455,-10.630557750345808,5.7957511754892844e-06,27.38460071763373,1.5568079514905524e-15,0.874801816493044,0-2,5,34.35000000000002,34350,,,,,0,1.8659106144988373,20.687577251413185,0.874801816493044,6.7858765209965455,0.0003774898154627998,negative_hard,10.0,0,1,1,1,0,1,1,1,0,0,-1,1,0,0,1,1,0,1,0,0
sim_0039_n3_seed81,81,0.001,3,449.90000000000003,0,body_0,23.12038132751752,16.22432647230617,3.155854378612166e-05,4.6576135234077025e-05,0.22921311979205858,0.4914035140351526,2,2.4827732118133206,3.114265127207996,-10.630616985459445,2.2362864754848016e-07,27.384600717633727,1.4270739555330063e-15,2.4827732118133206,0-2,5,34.85000000000002,34850,,,,,0,0.22921311979205858,0.48797291171939056,2.4827732118133206,3.114265127207996,0.00034593882228305106,negative_hard,10.0,0,0,0,1,0,1,0,0,0,0,-1,1,0,0,1,1,0,1,0,0
sim_0039_n3_seed81,81,0.001,3,450.0,0,body_0,23.12038132751752,16.22432647230617,3.314211640424136e-05,4.146370817863768e-05,0.19122285835003724,0.3396788507668254,2,2.714434502897041,2.8302665421810485,-10.630617802122536,1.4680686858514616e-07,27.38460071763373,1.5568079514905524e-15,2.714434502897041,0-2,5,34.94999999999999,34950,,,,,0,0.19122285835003724,0.33799168533647156,2.714434502897041,2.8302665421810485,0.00035651351489701194,negative_baseline,20.0,0,0,0,1,0,1,0,0,0,0,-1,1,0,0,1,1,0,1,0,0
sim_0039_n3_seed81,81,0.001,3,451.0,0,body_0,23.12038132751752,16.22432647230617,4.7127537962665935e-05,2.2465111476181062e-05,0.08235026143791252,0.03775898113196485,2,4.095837961765743,1.3812560603798991,-10.630619217694981,1.3646946596225592e-08,27.384600717633653,-1.2973399595754602e-15,4.095837961765743,0-2,5,35.94999999999999,35950,,,,,0,0.08235026143791252,0.03774042588616815,4.095837961765743,1.3812560603798991,0.0004493612609061874,negative_baseline,20.0,0,0,0,0,0,0,0,0,0,0,-1,0,0,0,0,0,0,1,0,0
sim_0039_n3_seed81,81,0.001,3,452.0,0,body_0,23.12038132751752,16.22432647230617,5.363731292961542e-05,2.109793569429793e-05,0.0745895864434488,0.023501330549146406,2,4.2867804117197466,1.173172066247235,-10.630619260946743,9.578344400281511e-09,27.384600717633642,-1.6865419474480983e-15,4.2867804117197466,0-2,5,36.94999999999999,36950,,,,,0,0.0745895864434488,0.02346733744151529,4.2867804117197466,1.173172066247235,0.0004730702861282473,negative_baseline,20.0,0,0,0,0,0,0,0,0,0,0,-1,0,0,0,0,0,0,1,0,0
sim_0039_n3_seed81,81,0.001,3,453.0,0,body_0,23.12038132751752,16.22432647230617,5.468492922951725e-05,3.340697537341531e-05,0.11945909449118199,0.123755486595299,2,3.394885814315877,2.0953118428972672,-10.630618881546617,4.52677160720119e-08,27.384600717633624,-2.3352119272358286e-15,3.394885814315877,0-2,5,37.94999999999999,37950,,,,,0,0.11945909449118199,0.123255847962836,3.394885814315877,2.0953118428972672,0.00043139888286476566,negative_baseline,20.0,0,0,0,0,0,0,0,0,0,0,-1,0,0,0,1,1,0,1,0,0
sim_0039_n3_seed81,81,0.001,3,453.45,0,body_0,23.12038132751752,16.22432647230617,5.554843748920371e-05,5.264642382140614e-05,0.21813939850246034,0.4582765978700376,2,2.526342118703823,3.060144258728637,-10.630617181111257,2.0522409325863956e-07,27.384600717633603,-3.113615902981105e-15,2.526342118703823,0-2,5,38.39999999999998,38400,,,,,0,0.21813939850246034,0.4535615811582637,2.526342118703823,3.060144258728637,0.00040892823623978845,negative_hard,10.0,0,0,0,1,1,0,0,0,0,0,-1,1,0,0,1,1,0,1,0,0
sim_0039_n3_seed81,81,0.001,3,453.95,0,body_0,23.12038132751752,16.22432647230617,6.820932099796144e-05,0.0002500939069694986,1.568534757782668,16.704868361775993,2,0.9515454654619193,6.4440366683926245,-10.630560682399729,5.519939031296247e-06,27.384600717633607,-2.9838819070235587e-15,0.9515454654619193,0-2,5,38.89999999999998,38900,,,,,0,1.568534757782668,15.458197747206682,0.9515454654619193,6.4440366683926245,0.0005227109065838845,negative_hard,10.0,0,1,1,1,1,0,1,1,0,0,-1,1,0,0,1,1,0,1,0,0
sim_0039_n3_seed81,81,0.001,3,454.0,0,body_0,23.12038132751752,16.22432647230617,7.241951269812057e-05,0.0003760796902913763,2.482874687439708,32.667350453806286,2,0.7569620318027243,7.401851599228454,-10.630598758262401,1.938222729241789e-06,27.384600717633607,-2.9838819070235587e-15,0.7569620318027243,0-2,5,38.94999999999999,38950,,,,,0,2.482874687439708,32.049091806101345,0.7569620318027243,7.401851599228454,0.0005780638762385328,negative_baseline,20.0,0,1,1,1,1,0,1,1,0,0,-1,1,0,0,1,1,0,1,0,0
sim_0039_n3_seed81,81,0.001,3,454.45,0,body_0,23.12038132751752,16.22432647230617,3.986873708386597e-05,0.00010493220719120089,0.4815674280481488,2.007148174289109,2,1.7265106784827684,4.28556804281576,-10.630608501840712,1.0216648149843113e-06,27.38460071763358,-3.892019878726381e-15,1.7265106784827684,0-2,5,39.39999999999998,39400,,,,,0,0.4815674280481488,1.9621684763779021,1.7265106784827684,4.28556804281576,0.00048106110685431416,negative_hard,10.0,0,0,0,1,0,1,1,0,0,0,-1,1,0,0,1,1,0,1,0,0
sim_0039_n3_seed81,81,0.001,3,455.0,0,body_0,23.12038132751752,16.22432647230617,4.8663969644806395e-05,4.683641525838473e-05,0.1520531733110514,0.19578057277654276,2,3.07844121423918,2.423260202258865,-10.63061854044736,7.735420563991394e-08,27.384600717633624,-2.3352119272358286e-15,3.07844121423918,0-2,5,39.94999999999999,39950,,,,,0,0.1520531733110514,0.19521265442183028,3.07844121423918,2.423260202258865,0.0005227033714511338,negative_baseline,20.0,0,0,0,0,0,1,0,0,0,0,-1,0,0,0,1,1,0,1,0,0
sim_0039_n3_seed81,81,0.001,3,456.0,0,body_0,23.12038132751752,16.22432647230617,6.556876610130631e-05,2.8172826581178758e-05,0.08141416178791387,0.0288044959014527,2,4.204548801682978,1.262914249795898,-10.630619244700691,1.1106576299167288e-08,27.384600717633667,-7.784039757452762e-16,4.204548801682978,0-2,5,40.94999999999999,40950,,,,,0,0.08141416178791387,0.028793877256505576,4.204548801682978,1.262914249795898,0.0006203608217399265,negative_baseline,20.0,0,0,0,0,0,0,0,0,0,0,-1,0,0,0,0,0,0,1,0,0
sim_0039_n3_seed81,81,0.001,3,457.0,0,body_0,23.12038132751752,16.22432647230617,7.30059450788983e-05,2.9641905476597147e-05,0.0803080866074791,0.029485774064103375,2,4.203692804139245,1.2650782584551872,-10.6306192443345,1.1141023081699477e-08,27.384600717633656,-1.1676059636179143e-15,4.203692804139245,0-2,5,41.94999999999999,41950,,,,,0,0.0803080866074791,0.02943408610720578,4.203692804139245,1.2650782584551872,0.0006334194263790922,negative_baseline,20.0,0,0,0,0,0,0,0,0,0,0,-1,0,0,0,0,0,0,1,0,0
sim_0039_n3_seed81,81,0.001,3,457.95,0,body_0,23.12038132751752,16.22432647230617,7.538930974040202e-05,5.0380774329005885e-05,0.13902705289385722,0.172196359825317,2,3.1667572915761326,2.331177653993465,-10.630618657122982,6.637877532196246e-08,27.384600717633663,-9.081379717028221e-16,3.1667572915761326,0-2,5,42.89999999999998,42900,,,,,0,0.13902705289385722,0.17132070587693107,3.1667572915761326,2.331177653993465,0.0005765187766373282,negative_hard,10.0,0,0,0,0,1,0,0,0,0,0,-1,0,0,0,1,1,0,1,0,0
sim_0039_n3_seed81,81,0.001,3,458.0,0,body_0,23.12038132751752,16.22432647230617,7.559935359055819e-05,5.270039709500373e-05,0.14722766270362703,0.19659669154787915,2,3.0767480761355683,2.4266331091075486,-10.630618540154401,7.73817636340734e-08,27.384600717633667,-7.784039757452762e-16,3.0767480761355683,0-2,5,42.94999999999999,42950,,,,,0,0.14722766270362703,0.19549892446854572,3.0767480761355683,2.4266331091075486,0.0005730001333921411,negative_baseline,20.0,0,0,0,0,1,0,0,0,0,0,-1,0,0,0,1,1,0,1,0,0
sim_0039_n3_seed81,81,0.001,3,458.45,0,body_0,23.12038132751752,16.22432647230617,8.069426028783081e-05,9.764071055802933e-05,0.3386613746173595,1.0799754293261674,2,2.0324767370348074,3.753937797042147,-10.630613728861569,5.299699589592311e-07,27.384600717633727,1.4270739555330063e-15,2.0324767370348074,0-2,5,43.39999999999998,43400,,,,,0,0.3386613746173595,1.059475871270545,2.0324767370348074,3.753937797042147,0.0005661116553196567,negative_hard,10.0,0,0,0,1,1,0,0,0,0,0,-1,1,0,0,1,1,0,1,0,0
sim_0039_n3_seed81,81,0.001,3,458.95,0,body_0,23.12038132751752,16.22432647230617,9.721370970019705e-05,0.00078799506537451,4.014301743754243,49.1202469324416,2,0.5962421070993085,8.501388528365712,-10.631056730259544,-4.114223961399781e-05,27.38460071763375,2.2054779312782825e-15,0.5962421070993085,0-2,5,43.89999999999998,43900,,,,,0,4.014301743754243,64.19163013012206,0.5962421070993085,8.501388528365712,0.0008778831211629203,negative_hard,10.0,1,1,1,1,0,1,1,1,0,0,-1,1,0,0,1,1,0,1,0,0
sim_0039_n3_seed81,81,0.001,3,459.0,0,body_0,23.12038132751752,16.22432647230617,8.293820897191509e-05,0.0005147131200661519,2.502141855488672,32.47940454319631,2,0.7560691450578243,7.407413555885586,-10.630604870021052,1.3633024501302298e-06,27.384600717633734,1.6865419474480983e-15,0.7560691450578243,0-2,5,43.94999999999999,43950,,,,,0,2.502141855488672,32.51189979840326,0.7560691450578243,7.407413555885586,0.000801589305839852,negative_baseline,20.0,0,1,1,1,0,1,1,1,0,0,-1,1,0,0,1,1,0,1,0,0
sim_0039_n3_seed81,81,0.001,3,459.45,0,body_0,23.12038132751752,16.22432647230617,5.597136342016703e-05,8.839914207435015e-05,0.28498955918839025,0.7003402263429636,2,2.270515321967586,3.3996081493442807,-10.630615849480929,3.304877568648053e-07,27.38460071763373,1.5568079514905524e-15,2.270515321967586,0-2,5,44.39999999999998,44400,,,,,0,0.28498955918839025,0.6936866142489867,2.270515321967586,3.3996081493442807,0.0006399953303269326,negative_hard,10.0,0,0,0,1,0,1,0,0,0,0,-1,1,0,0,1,1,0,1,0,0
sim_0039_n3_seed81,81,0.001,3,460.0,0,body_0,23.12038132751752,16.22432647230617,6.576736782599598e-05,4.85567320066587e-05,0.13167267616159536,0.12173139932223524,2,3.3900818230849357,2.0987948695904155,-10.63061887759019,4.5639888770767994e-08,27.384600717633763,2.7244139151084665e-15,3.3900818230849357,0-2,5,44.94999999999999,44950,,,,,0,0.13167267616159536,0.12150891720427287,3.3900818230849357,2.0987948695904155,0.0007106310467832493,negative_baseline,20.0,0,0,0,0,0,0,0,0,0,0,-1,0,0,0,0,0,0,1,0,0
sim_0039_n3_seed81,81,0.001,3,461.0,0,body_0,23.12038132751752,16.22432647230617,8.149709134820918e-05,3.229978977139316e-05,0.08553920291108093,0.02019466324829646,2,4.278007219060643,1.1762767868777577,-10.630619254770727,1.015930924646665e-08,27.384600717633734,1.6865419474480983e-15,4.278007219060643,0-2,5,45.94999999999999,45950,,,,,0,0.08553920291108093,0.020186850451428998,4.278007219060643,1.1762767868777577,0.000815009242765368,negative_baseline,20.0,0,0,0,0,0,0,0,0,0,0,-1,0,0,0,0,0,0,1,0,0
sim_0039_n3_seed81,81,0.001,3,462.0,0,body_0,23.12038132751752,16.22432647230617,8.822060097563728e-05,4.007514189921765e-05,0.09267418709903172,0.03925763869536967,2,4.07409031076508,1.4011311477955748,-10.630619202906407,1.503807663449982e-08,27.384600717633774,3.113615902981105e-15,4.07409031076508,0-2,5,46.94999999999999,46950,,,,,0,0.09267418709903172,0.039176070300346914,4.07409031076508,1.4011311477955748,0.0008232918099624226,negative_baseline,20.0,0,0,0,0,0,0,0,0,0,0,-1,0,0,0,0,0,0,1,0,0
sim_0039_n3_seed81,81,0.001,3,462.95,0,body_0,23.12038132751752,16.22432647230617,9.562408853070325e-05,7.988358758273065e-05,0.18460455796982536,0.30819626549022033,2,2.7729398517757042,2.7658069196456125,-10.630617948793667,1.330098239025176e-07,27.384600717633734,1.6865419474480983e-15,2.7729398517757042,0-2,5,47.89999999999998,47900,,,,,0,0.18460455796982536,0.3058110399007775,2.7729398517757042,2.7658069196456125,0.0007666444175963441,negative_hard,10.0,0,0,0,1,1,0,0,0,0,0,-1,1,0,0,0,0,0,1,0,0
sim_0039_n3_seed81,81,0.001,3,463.0,0,body_0,23.12038132751752,16.22432647230617,9.665154288797221e-05,8.478907026961445e-05,0.19921437146795182,0.3653835099770901,2,2.6632670129964486,2.895034731603302,-10.630617647749617,1.6132840439718252e-07,27.384600717633713,9.081379717028221e-16,2.6632670129964486,0-2,5,47.94999999999999,47950,,,,,0,0.19921437146795182,0.36218372874456983,2.6632670129964486,2.895034731603302,0.0007647551622362249,negative_baseline,20.0,0,0,0,1,1,0,0,0,0,0,-1,1,0,0,0,0,0,1,0,0
sim_0039_n3_seed81,81,0.001,3,463.45,0,body_0,23.12038132751752,16.22432647230617,0.00011930901880051089,0.00022751493736655864,0.7365160025155224,4.639230171809722,2,1.3730787840133838,5.071877055960072,-10.630595196172276,2.2733010537993757e-06,27.3846007176337,3.892019878726381e-16,1.3730787840133838,0-2,5,48.39999999999998,48400,,,,,0,0.7365160025155224,4.415363598811157,1.3730787840133838,5.071877055960072,0.0008260074478948826,negative_hard,10.0,0,1,1,1,1,0,1,1,0,0,-1,1,0,0,1,1,0,1,0,0
sim_0039_n3_seed81,81,0.001,3,463.95,0,body_0,23.12038132751752,16.22432647230617,0.00010791100184365947,0.0002207267714899892,0.826769765671218,5.0260420717568035,2,1.3431952559518299,5.150906237407177,-10.630593416282874,2.4407315055301956e-06,27.384600717633717,1.0378719676603682e-15,1.3431952559518299,0-2,5,48.89999999999998,48900,,,,,0,0.826769765671218,4.818435317557695,1.3431952559518299,5.150906237407177,0.0008586120151347248,negative_hard,10.0,0,1,1,1,0,1,1,1,0,0,-1,1,0,0,1,1,0,1,0,0
sim_0039_n3_seed81,81,0.001,3,464.0,0,body_0,23.12038132751752,16.22432647230617,0.00010345817254780986,0.00017893292167938673,0.6536758738068189,3.1911138176335827,2,1.5214363208323598,4.717519583001451,-10.630602219125059,1.6126666595823374e-06,27.384600717633717,1.0378719676603682e-15,1.5214363208323598,0-2,5,48.94999999999999,48950,,,,,0,0.6536758738068189,3.0917819827740014,1.5214363208323598,4.717519583001451,0.0008425240137316377,negative_baseline,20.0,0,0,1,1,0,1,1,1,0,0,-1,1,0,0,1,1,0,1,0,0
sim_0039_n3_seed81,81,0.001,3,464.45,0,body_0,23.12038132751752,16.22432647230617,9.081866071788622e-05,6.411639340910974e-05,0.23099114547710634,0.29821597720848486,2,2.7586328946134544,2.7936047607968626,-10.630617864945563,1.4089723861563123e-07,27.384600717633706,6.486699797877301e-16,2.7586328946134544,0-2,5,49.39999999999998,49400,,,,,0,0.23099114547710634,0.29674549527967975,2.7586328946134544,2.7936047607968626,0.0008711460401281604,negative_hard,10.0,0,0,0,1,0,1,0,0,0,0,-1,1,0,0,0,0,0,1,0,0
sim_0039_n3_seed81,81,0.001,3,465.0,0,body_0,23.12038132751752,16.22432647230617,9.10818312327936e-05,2.986315461503821e-05,0.16042976940740675,0.04631285563289389,2,3.686229520756618,1.8039860251659852,-10.63061898030924,3.5977323894620667e-08,27.384600717633724,1.2973399595754602e-15,3.686229520756618,0-2,5,49.94999999999999,49950,,,,,0,0.16042976940740675,0.04624378583376519,3.686229520756618,1.8039860251659852,0.0009900200174862168,negative_baseline,20.0,0,0,0,0,0,0,0,0,0,0,-1,0,0,0,0,0,0,1,0,0
sim_0039_n3_seed81,81,0.001,3,466.0,0,body_0,23.12038132751752,16.22432647230617,8.877036316413613e-05,2.9354488925975112e-05,0.18309272516483807,0.10256901692921801,2,4.329023007606827,0.9429351334575106,-10.630619150318669,1.9984894577425622e-08,27.384600717633713,9.081379717028221e-16,2.9334603416566885,1-2,5,50.94999999999999,50950,,,,,0,0.18309272516483807,0.10241241610797042,4.329023007606827,0.9429351334575106,0.001269606854780409,negative_baseline,20.0,0,0,0,0,0,0,0,0,0,0,-1,0,0,0,0,0,0,1,0,0
sim_0039_n3_seed81,81,0.001,3,466.3,0,body_0,23.12038132751752,16.22432647230617,8.519986841441065e-05,4.37003190551364e-05,0.21439283421606273,0.16452328597544305,1,4.121441458367414,3.265397613419263,-10.630619215471778,1.385607862129376e-08,27.38460071763369,0.0,2.752726174768151,1-2,5,51.25,51250,,,,,0,0.21439283421606273,0.16432417187453974,4.121441458367414,3.265397613419263,0.0013770555386990648,negative_hard,10.0,0,0,0,0,1,0,0,0,0,0,-1,0,0,0,0,0,0,1,0,0
sim_0039_n3_seed81,81,0.001,3,466.8,0,body_0,23.12038132751752,16.22432647230617,7.566665851693992e-05,7.604971903881284e-05,0.298843316855451,0.32146473397318537,1,3.354640941044934,3.6994565532243056,-10.630619709549777,-3.262079927354548e-08,27.384600717633667,-7.784039757452762e-16,2.6604654566136308,1-2,5,51.75,51750,,,,,0,0.298843316855451,0.32151426439980185,3.354640941044934,3.6994565532243056,0.001526328363056069,negative_hard,10.0,0,0,0,0,0,0,0,0,0,0,-1,0,0,0,0,0,0,1,0,0
sim_0039_n3_seed81,81,0.001,3,467.0,0,body_0,23.12038132751752,16.22432647230617,7.099462825903821e-05,8.874822936024625e-05,0.3416710799585101,0.39347473344655887,1,3.116178803202488,3.855816152871434,-10.630620117679435,-7.101269763260706e-08,27.384600717633642,-1.6865419474480983e-15,2.6969450258840983,1-2,5,51.94999999999999,51950,,,,,0,0.3416710799585101,0.39389480460700654,3.116178803202488,3.855816152871434,0.0015501706186594522,negative_baseline,20.0,0,0,0,0,0,0,0,0,0,0,-1,0,0,0,0,0,1,1,0,0
sim_0039_n3_seed81,81,0.001,3,467.3,0,body_0,23.12038132751752,16.22432647230617,6.465887467699278e-05,9.781264224910976e-05,0.4043935942545813,0.47412374415119807,1,2.889020228860249,4.018565893727252,-10.630620359403991,-9.375121818032929e-08,27.384600717633607,-2.9838819070235587e-15,2.78540317325104,1-2,5,52.25,52250,,,,,0,0.4043935942545813,0.47465947462064184,2.889020228860249,4.018565893727252,0.0015184191652513267,negative_hard,10.0,0,0,0,0,0,0,0,0,0,0,-1,0,0,0,0,0,1,1,0,0
sim_0039_n3_seed81,81,0.001,3,467.8,0,body_0,23.12038132751752,16.22432647230617,6.91036607546233e-05,9.637993185804549e-05,0.7177329084041106,3.006765740208791,2,1.5996787905064358,4.645402765594419,-10.630596266184554,2.1726472497848962e-06,27.38460071763361,-2.8541479110660126e-15,1.5996787905064358,0-2,5,52.75,52750,,,,,0,0.7177329084041106,2.8288665910940574,1.5996787905064358,4.645402765594419,0.0012071879262259748,negative_hard,10.0,0,0,0,1,1,0,1,0,0,0,-1,1,0,0,0,0,0,1,0,0
sim_0039_n3_seed81,81,0.001,3,468.0,0,body_0,23.12038132751752,16.22432647230617,9.894879570416461e-05,0.0003046023286293688,4.3363996874576705,174.77407267185032,2,0.5852380663396531,8.6612118319214,-10.629706532705,8.586800395396663e-05,27.38460071763361,-2.8541479110660126e-15,0.5852380663396531,0-2,5,52.94999999999999,52950,,,,,0,4.3363996874576705,97.70774134791523,0.5852380663396531,8.6612118319214,0.0009054178055031921,negative_baseline,20.0,1,1,1,1,1,0,1,1,0,0,-1,1,0,0,1,1,0,1,0,0
sim_0039_n3_seed81,81,0.001,3,468.3,0,body_0,23.12038132751752,16.22432647230617,9.547949048471866e-05,0.00015161547636610568,0.46719918976683245,4.123385459972822,2,1.4863193907610974,4.928666043716475,-10.63058565660377,3.1706681949096478e-06,27.38460071763359,-3.6325518868112884e-15,1.4863193907610974,0-2,5,53.25,53250,,,,,0,0.46719918976683245,3.8808135452920762,1.4863193907610974,4.928666043716475,0.0007618718309102159,negative_hard,10.0,0,0,1,1,0,1,1,1,0,0,-1,1,0,0,0,0,0,1,0,0
sim_0039_n3_seed81,81,0.001,3,469.0,0,body_0,23.12038132751752,16.22432647230617,7.791314727249137e-05,0.00011428737397493961,0.05829842223462588,0.10909136913062759,2,3.554236304263373,2.317020101742524,-10.63061859286661,7.242323712370772e-08,27.384600717633624,-2.3352119272358286e-15,3.554236304263373,0-2,5,53.94999999999999,53950,,,,,0,0.05829842223462588,0.10888148855869216,3.554236304263373,2.317020101742524,0.0010762877696964838,negative_baseline,20.0,0,0,0,0,0,1,0,0,0,0,-1,0,0,0,0,0,0,1,0,0
sim_0039_n3_seed81,81,0.001,3,470.0,0,body_0,23.12038132751752,16.22432647230617,0.00013352676353838616,6.530264973919744e-05,0.04397222860842028,0.02655000914376727,2,5.055580173780213,1.1908062584632118,-10.630619192146241,1.6050262822743532e-08,27.384600717633674,-5.189359838301841e-16,5.055580173780213,0-2,5,54.94999999999999,54950,,,,,0,0.04397222860842028,0.026557135984421762,5.055580173780213,1.1908062584632118,0.0017923460361716523,negative_baseline,20.0,0,0,0,0,0,0,0,0,0,0,-1,0,0,0,0,0,0,1,0,0
sim_0039_n3_seed81,81,0.001,3,471.0,0,body_0,23.12038132751752,16.22432647230617,0.00017830143884941832,3.787477668078325e-05,0.03522764790232003,0.01612283065991905,2,5.683071778871701,0.6135894526073048,-10.630619270522194,8.67760181736849e-09,27.384600717633756,2.4649459231933743e-15,5.683071778871701,0-2,5,55.94999999999999,55950,,,,,0,0.03522764790232003,0.016123309445156785,5.683071778871701,0.6135894526073048,0.002280739222981508,negative_baseline,20.0,0,0,0,0,0,0,0,0,0,0,-1,0,0,0,0,0,0,1,0,0
sim_0039_n3_seed81,81,0.001,3,472.0,0,body_0,23.12038132751752,16.22432647230617,0.00020128209408778902,3.2270125339446376e-05,0.033703331380964686,0.016586824024198737,2,5.617574317710136,0.6850126228442642,-10.630619278316528,7.944405208490389e-09,27.384600717633802,4.151487870641473e-15,5.617574317710136,0-2,5,56.94999999999999,56950,,,,,0,0.033703331380964686,0.016578983730195774,5.617574317710136,0.6850126228442642,0.00251571353173907,negative_baseline,20.0,0,0,0,0,0,0,0,0,0,0,-1,0,0,0,0,0,0,1,0,0
sim_0039_n3_seed81,81,0.001,3,473.0,0,body_0,23.12038132751752,16.22432647230617,0.0002085650236889622,5.752295346992139e-05,0.04609849684210988,0.03649622035860836,2,4.827660002202151,1.3706787011414396,-10.630619194679287,1.5811984535590736e-08,27.384600717633777,3.2433498989386505e-15,4.827660002202151,0-2,5,57.94999999999999,57950,,,,,0,0.04609849684210988,0.0364361254607112,4.827660002202151,1.3706787011414396,0.0024736843602218153,negative_baseline,20.0,0,0,0,0,0,0,0,0,0,0,-1,0,0,0,0,0,0,1,0,0
sim_0039_n3_seed81,81,0.001,3,473.55,0,body_0,23.12038132751752,16.22432647230617,0.00021309879699902168,8.662841924818848e-05,0.07229613611666219,0.08717918280089478,2,3.999208922989582,1.9932050614753223,-10.63061892421395,4.1254089836136224e-08,27.384600717633784,3.5028178908537427e-15,3.999208922989582,0-2,5,58.5,58500,,,,,0,0.07229613611666219,0.0868752246364113,3.999208922989582,1.9932050614753223,0.0023082563330031666,negative_hard,10.0,0,0,0,0,1,0,0,0,0,0,-1,0,0,0,0,0,0,1,0,0
sim_0039_n3_seed81,81,0.001,3,474.0,0,body_0,23.12038132751752,16.22432647230617,0.00022778947420986967,0.00013076821189804882,0.13948203927658437,0.28550217820604346,2,3.008438860158488,2.829460361852474,-10.630617613987578,1.6450432833407853e-07,27.38460071763382,4.800157850429203e-15,3.008438860158488,0-2,5,58.94999999999999,58950,,,,,0,0.13948203927658437,0.2829341788989623,3.008438860158488,2.829460361852474,0.0020829756179849895,negative_baseline,20.0,0,0,0,0,1,0,0,0,0,0,-1,0,0,0,0,0,0,1,0,0
sim_0039_n3_seed81,81,0.001,3,474.05,0,body_0,23.12038132751752,16.22432647230617,0.00023089649075524812,0.00013832199242704788,0.15450006111033285,0.3427548765605659,2,2.8735677092714798,2.9615396473616897,-10.630617198183621,2.036181318115632e-07,27.384600717633813,4.540689858514111e-15,2.8735677092714798,0-2,5,59.0,59000,,,,,0,0.15450006111033285,0.33919058281329545,2.8735677092714798,2.9615396473616897,0.0020532914976001205,negative_hard,10.0,0,0,0,0,1,0,0,0,0,0,-1,0,0,0,0,0,0,1,0,0
sim_0039_n3_seed81,81,0.001,3,474.55,0,body_0,23.12038132751752,16.22432647230617,0.0003197164950172935,0.0005444059438543281,1.4558216785886882,22.48560352201667,2,0.9834573397794263,6.449447428926624,-10.630428495529966,1.7954479790600453e-05,27.38460071763381,4.410955862556565e-15,0.9834573397794263,0-2,5,59.5,59500,,,,,0,1.4558216785886882,17.34885870216752,0.9834573397794263,6.449447428926624,0.0019447529590997793,negative_hard,10.0,0,1,1,1,1,0,1,1,0,0,-1,1,0,0,1,1,0,1,0,0
sim_0039_n3_seed81,81,0.001,3,475.0,0,body_0,23.12038132751752,16.22432647230617,0.0001956245482346251,0.00034011771426271253,0.38905409167214544,1.6915504145623064,2,1.899233035361874,4.185477575627561,-10.630605868066286,1.2694184345376582e-06,27.384600717633866,6.486699797877301e-15,1.899233035361874,0-2,5,59.94999999999999,59950,,,,,0,0.38905409167214544,1.6416007772601695,1.899233035361874,4.185477575627561,0.0021098452892139366,negative_baseline,20.0,0,0,0,1,0,1,1,0,0,0,-1,1,0,0,1,1,0,1,0,0
sim_0039_n3_seed81,81,0.001,3,475.05,0,body_0,23.12038132751752,16.22432647230617,0.00020593537720438844,0.00031918911561150854,0.3213549316931826,1.1818132960642742,2,2.085673066146464,3.89958655447723,-10.630610327832425,8.498976158139844e-07,27.384600717633873,6.746167789792393e-15,2.085673066146464,0-2,5,60.0,60000,,,,,0,0.3213549316931826,1.1563173431039,2.085673066146464,3.89958655447723,0.002165383271473839,negative_hard,10.0,0,0,0,1,0,1,0,0,0,0,-1,1,0,0,1,1,0,1,0,0
sim_0039_n3_seed81,81,0.001,3,476.0,0,body_0,23.12038132751752,16.22432647230617,0.0003428720614309246,0.00016103158305773134,0.07264129354969656,0.053007309785929387,2,4.334239710135267,1.7290272378777096,-10.630619079089202,2.6685300672177617e-08,27.384600717633898,7.654305761495215e-15,4.334239710135267,0-2,5,60.94999999999999,60950,,,,,0,0.07264129354969656,0.052952191292876885,4.334239710135267,1.7290272378777096,0.003579461717819678,negative_baseline,20.0,0,0,0,0,0,0,0,0,0,0,-1,0,0,0,0,0,0,1,0,0
sim_0039_n3_seed81,81,0.001,3,477.0,0,body_0,23.12038132751752,16.22432647230617,0.0004292207648449611,8.901399240047146e-05,0.04969841698252688,0.009149279133311575,2,5.406908154056575,0.8631488938323202,-10.63061927640792,8.123943983920028e-09,27.384600717633813,4.540689858514111e-15,5.406908154056575,0-2,5,61.94999999999999,61950,,,,,0,0.04969841698252688,0.009149656269843825,5.406908154056575,0.8631488938323202,0.004515832044095999,negative_baseline,20.0,0,0,0,0,0,0,0,0,0,0,-1,0,0,0,0,0,0,1,0,0
sim_0039_n3_seed81,81,0.001,3,478.0,0,body_0,23.12038132751752,16.22432647230617,0.0004663380564088086,4.093364043374692e-05,0.047600202834396914,0.004212749335728844,2,5.673700084575924,0.571742944699033,-10.630619295026218,6.372559856705398e-09,27.384600717633806,4.281221866599019e-15,5.673700084575924,0-2,5,62.94999999999999,62950,,,,,0,0.047600202834396914,0.004206190542145253,5.673700084575924,0.571742944699033,0.004857561650414729,negative_baseline,20.0,0,0,0,0,0,0,0,0,0,0,-1,0,0,0,0,0,0,1,0,0
sim_0039_n3_seed81,81,0.001,3,479.0,0,body_0,23.12038132751752,16.22432647230617,0.0004565454589855884,4.9410610562744795e-05,0.05587650904996577,0.019646164321378605,2,5.214155225213421,1.052571081579638,-10.630619254971158,1.0140455060795966e-08,27.384600717633845,5.708295822132025e-15,5.214155225213421,0-2,5,63.94999999999999,63950,,,,,0,0.05587650904996577,0.019619047521185335,5.214155225213421,1.052571081579638,0.004617652526750686,negative_baseline,20.0,0,0,0,0,0,0,0,0,0,0,-1,0,0,0,0,0,0,1,0,0
sim_0039_n3_seed81,81,0.001,3,480.0,0,body_0,23.12038132751752,16.22432647230617,0.0004048307550967765,0.00012976674979343287,0.09338565827846533,0.09598640411856406,2,3.886332822805867,2.087951931861798,-10.630618863002049,4.701216462337153e-08,27.384600717633887,7.265103773622577e-15,3.886332822805867,0-2,5,64.94999999999999,64950,,,,,0,0.09338565827846533,0.09561445278721116,3.886332822805867,2.087951931861798,0.0036879417643836086,negative_baseline,20.0,0,0,0,0,1,0,0,0,0,0,-1,0,0,0,0,0,0,1,0,0
sim_0039_n3_seed81,81,0.001,3,480.1,0,body_0,23.12038132751752,16.22432647230617,0.0003988723677586213,0.00014293465639101947,0.10282000012426629,0.12074090662621227,2,3.688326488717734,2.2455198689777203,-10.630618714972368,6.093700530348484e-08,27.38460071763388,7.0056357817074854e-15,3.688326488717734,0-2,5,65.05000000000001,65050,,,,,0,0.10282000012426629,0.12018419289683076,3.688326488717734,2.2455198689777203,0.0035491982961598314,negative_hard,10.0,0,0,0,0,1,0,0,0,0,0,-1,0,0,0,0,0,0,1,0,0
sim_0039_n3_seed81,81,0.001,3,480.6,0,body_0,23.12038132751752,16.22432647230617,0.0003894685446099849,0.0002624372956673167,0.23485368703372797,0.6725314242756641,2,2.4118518736832417,3.4803530826425684,-10.630614701904047,4.3843789997129305e-07,27.384600717633916,8.302975741282946e-15,2.4118518736832417,0-2,5,65.55000000000001,65550,,,,,0,0.23485368703372797,0.6607643118071455,2.4118518736832417,3.4803530826425684,0.002774062243552996,negative_hard,10.0,0,0,0,1,1,0,0,0,0,0,-1,1,0,0,0,0,0,1,0,0
sim_0039_n3_seed81,81,0.001,3,481.0,0,body_0,23.12038132751752,16.22432647230617,0.0005884871734192027,0.0022792541283580985,2.9523629651286316,100.80850572385005,2,0.6909371974725185,7.926287861187967,-10.630010574460542,5.7267435617761094e-05,27.38460071763395,9.600315700858407e-15,0.6909371974725185,0-2,5,65.94999999999999,65950,,,,,0,2.9523629651286316,57.233242647764484,0.6909371974725185,7.926287861187967,0.0037016813667509864,negative_baseline,20.0,1,1,1,1,1,0,1,1,0,0,-1,1,0,0,1,1,0,1,0,0
sim_0039_n3_seed81,81,0.001,3,481.2,0,body_0,23.12038132751752,16.22432647230617,0.00025883236091631703,0.001252604295025355,1.6617188686600588,26.518849822625235,2,0.9363266150688451,6.648888360444687,-10.630407763007064,1.9904744605332712e-05,27.384600717633955,9.730049696815953e-15,0.9363266150688451,0-2,5,66.14999999999998,66150,,,,,0,1.6617188686600588,20.63875474414505,0.9363266150688451,6.648888360444687,0.0035590104790640333,negative_hard,10.0,0,1,1,1,0,1,1,1,0,0,-1,1,0,0,1,1,0,1,0,0
sim_0039_n3_seed81,81,0.001,3,482.0,0,body_0,23.12038132751752,16.22432647230617,0.00045953293372725634,0.00029440188618515034,0.15039344124263399,0.11823030342049884,2,3.564316360095085,2.33810320276931,-10.630618588507705,7.283327008602442e-08,27.384600717633987,1.0897655660433866e-14,3.564316360095085,0-2,5,66.94999999999999,66950,,,,,0,0.15039344124263399,0.11787489826158581,3.564316360095085,2.33810320276931,0.003568192713561394,negative_baseline,20.0,0,0,0,0,0,1,0,0,0,0,-1,0,0,0,0,0,0,1,0,0
sim_0039_n3_seed81,81,0.001,3,483.0,0,body_0,23.12038132751752,16.22432647230617,0.00067019466501769,0.00021309704013810785,0.12157261747954969,0.02273138943079961,2,5.040180773343205,1.1071981856608362,-10.63061920780537,1.4577241489730147e-08,27.384600717633898,7.654305761495215e-15,4.5457988048171325,1-2,5,67.94999999999999,67950,,,,,0,0.12157261747954969,0.02270530730787754,5.040180773343205,1.1071981856608362,0.005130235614179548,negative_baseline,20.0,0,0,0,0,0,0,0,0,0,0,-1,0,0,0,0,0,1,1,0,0
sim_0039_n3_seed81,81,0.001,3,483.15000000000003,0,body_0,23.12038132751752,16.22432647230617,0.0006944945084548398,0.00020724838023506695,0.12460918136519225,0.03191066242113855,2,5.167208187828752,0.9759204986320246,-10.630619224041089,1.3049981600788682e-08,27.384600717633887,7.265103773622577e-15,4.371395294357543,1-2,5,68.10000000000002,68100,,,,,0,0.12460918136519225,0.03187758337005032,5.167208187828752,0.9759204986320246,0.005297408003983105,negative_hard,8.0,0,0,0,0,0,0,0,0,0,0,-1,0,0,0,0,0,1,1,0,0
sim_0039_n3_seed81,81,0.001,3,483.55,0,body_0,23.12038132751752,16.22432647230617,0.000751915211861603,0.0001987589089884415,0.13841793104834818,0.05869702605591476,1,5.039149517797492,2.6088313689472096,-10.63061926293619,9.391201322196605e-09,27.38460071763388,7.0056357817074854e-15,3.8860688635407246,1-2,5,68.5,68500,,,,,0,0.13841793104834818,0.05864822468545917,5.039149517797492,2.6088313689472096,0.0056672118155871145,negative_hard,8.0,0,0,0,0,0,0,0,0,0,0,-1,0,0,0,0,0,1,1,0,0
sim_0039_n3_seed81,81,0.001,3,483.95,0,body_0,23.12038132751752,16.22432647230617,0.0007992085609723972,0.00020198235278753708,0.16051291550895355,0.09211130898298787,1,4.561593535598814,2.831276167130978,-10.63061933796043,2.3338287946249403e-09,27.384600717633887,7.265103773622577e-15,3.408175580057999,1-2,5,68.89999999999998,68900,,,,,0,0.16051291550895355,0.09205695564087815,4.561593535598814,2.831276167130978,0.005942370201902311,negative_hard,8.0,0,0,0,0,0,0,0,0,0,0,-1,0,0,0,0,0,0,1,0,0
sim_0039_n3_seed81,81,0.001,3,484.0,0,body_0,23.12038132751752,16.22432647230617,0.0008044111229414816,0.00020335596181711056,0.1638665201935636,0.09691465457640902,1,4.50320313784533,2.8602059171047967,-10.630619353357686,8.854414052268423e-10,27.384600717633887,7.265103773622577e-15,3.3526627281521106,1-2,5,68.94999999999999,68950,,,,,0,0.1638665201935636,0.09686150885531172,4.50320313784533,2.8602059171047967,0.005971259897046043,negative_baseline,20.0,0,0,0,0,0,0,0,0,0,0,-1,0,0,0,0,0,0,1,0,0
sim_0039_n3_seed81,81,0.001,3,484.35,0,body_0,23.12038132751752,16.22432647230617,0.000836102590199978,0.00022036398575504265,0.1907383027776101,0.13420967394186276,1,4.114076138146664,3.0622154045966044,-10.630619519753607,-1.4767072842868184e-08,27.384600717633873,6.746167789792393e-15,3.023330695815509,1-2,5,69.30000000000001,69300,,,,,0,0.1907383027776101,0.1341903306080118,4.114076138146664,3.0622154045966044,0.006145753710136777,negative_hard,8.0,0,0,0,0,0,0,0,0,0,0,-1,0,0,0,0,0,0,1,0,0
sim_0039_n3_seed81,81,0.001,3,484.75,0,body_0,23.12038132751752,16.22432647230617,0.0008603074476894993,0.0002597175531686436,0.22592409514080652,0.17879365479901999,1,3.7442417120563376,3.2643498581158252,-10.630619812072155,-4.226486371080777e-08,27.384600717633862,6.356965801919755e-15,2.854841104206648,1-2,5,69.69999999999999,69700,,,,,0,0.22592409514080652,0.17889153323148385,3.7442417120563376,3.2643498581158252,0.006288784026795334,negative_hard,8.0,0,0,0,0,0,0,0,0,0,0,-1,0,0,0,0,0,0,1,0,0
sim_0039_n3_seed81,81,0.001,3,485.0,0,body_0,23.12038132751752,16.22432647230617,0.0008663958121441841,0.0002980800114718791,0.24660419862542116,0.19953033838567072,1,3.577960630028335,3.353673774959228,-10.630619964935793,-5.664442457885526e-08,27.384600717633866,6.486699797877301e-15,2.8961767651800607,1-2,5,69.94999999999999,69950,,,,,0,0.24660419862542116,0.19973196801413345,3.577960630028335,3.353673774959228,0.006337956857856818,negative_baseline,20.0,0,0,0,0,0,0,0,0,0,0,-1,0,0,0,0,0,0,1,0,0
sim_0039_n3_seed81,81,0.001,3,485.15000000000003,0,body_0,23.12038132751752,16.22432647230617,0.0008653673272385985,0.00032671588387500654,0.2570437604146872,0.2058697058847788,1,3.5084663210175213,3.3885728215977724,-10.630620008174917,-6.07118380385532e-08,27.38460071763384,5.578561826174479e-15,2.9699337342612293,1-2,5,70.10000000000002,70100,,,,,0,0.2570437604146872,0.20612855454911153,3.5084663210175213,3.3885728215977724,0.0063474411638100615,negative_hard,8.0,0,0,0,0,0,0,0,0,0,0,-1,0,0,0,0,0,0,1,0,0
sim_0039_n3_seed81,81,0.001,3,485.55,0,body_0,23.12038132751752,16.22432647230617,0.0008378816967862759,0.0004226896014875907,0.2750303310560734,0.18816735580300128,1,3.4463774620345053,3.406500243332512,-10.630619770366568,-3.8341706920350484e-08,27.384600717633923,8.562443733198038e-15,3.265058967695875,1-2,5,70.5,70500,,,,,0,0.2750303310560734,0.18846932730279284,3.4463774620345053,3.406500243332512,0.006287827860054989,negative_hard,8.0,0,0,0,0,0,0,0,0,0,0,-1,0,0,0,0,0,1,1,0,0
sim_0039_n3_seed81,81,0.001,3,485.95,0,body_0,23.12038132751752,16.22432647230617,0.0007573664640617988,0.0005545732766462144,0.2970138652894885,0.1964841049328931,2,3.077737344861429,2.927184603306866,-10.63061817414339,1.1181164953543163e-07,27.384600717633937,9.081379717028222e-15,3.077737344861429,0-2,5,70.89999999999998,70900,,,,,0,0.2970138652894885,0.1943214606680148,3.077737344861429,2.927184603306866,0.006125062444485323,negative_hard,8.0,0,0,0,0,1,0,0,0,0,0,-1,0,0,0,0,0,1,1,0,0
sim_0039_n3_seed81,81,0.001,3,486.0,0,body_0,23.12038132751752,16.22432647230617,0.0007420562309529535,0.0005769902588472202,0.30462166671021723,0.23969634985874436,2,2.933169857819595,3.066483959663477,-10.630617669674425,1.5926598377171463e-07,27.384600717633933,8.951645721070676e-15,2.933169857819595,0-2,5,70.94999999999999,70950,,,,,0,0.30462166671021723,0.23622622194606174,2.933169857819595,3.066483959663477,0.006105408122593376,negative_baseline,20.0,0,0,0,0,1,0,0,0,0,0,-1,0,0,0,0,0,1,1,0,0
sim_0039_n3_seed81,81,0.001,3,486.35,0,body_0,23.12038132751752,16.22432647230617,0.0005759563783890478,0.0009847020848195106,0.5916523461237987,2.8335432046776696,2,1.6710879274132753,4.728000985377717,-10.630592639308862,2.5138198163543895e-06,27.384600717633987,1.0897655660433866e-14,1.6710879274132753,0-2,5,71.30000000000001,71300,,,,,0,0.5916523461237987,2.6523843098189115,1.6710879274132753,4.728000985377717,0.006328767514708479,negative_hard,8.0,0,0,0,1,1,0,1,0,0,0,-1,1,0,0,0,0,0,1,0,0
sim_0039_n3_seed81,81,0.001,3,486.5,0,body_0,23.12038132751752,16.22432647230617,0.000457452674506633,0.002894196479360855,1.9410514970635029,44.38853193111996,2,0.8749718116291565,7.013384821067947,-10.630249571345374,3.4785501435358845e-05,27.384600717633983,1.076792166447632e-14,0.8749718116291565,0-2,5,71.44999999999999,71450,,,,,0,1.9410514970635029,27.641458214368065,0.8749718116291565,7.013384821067947,0.00775318659597428,negative_pre_failure,1.0,0,1,1,1,1,0,1,1,0,0,-1,1,0,0,1,1,0,1,0,0
sim_0039_n3_seed81,81,0.001,3,486.55,0,body_0,23.12038132751752,16.22432647230617,0.0005161025200620589,0.008525303436851,5.499878552809987,878.1135720884607,2,0.513847988895559,9.415012476641515,-10.627846563238165,0.00026083141891256387,27.384600717634,1.141659164426405e-14,0.513847988895559,0-2,5,71.5,71500,,,,,0,5.499878552809987,174.11419451048545,0.513847988895559,9.415012476641515,0.009797970998327524,negative_pre_failure,1.0,1,1,1,1,1,0,1,1,0,0,-1,1,0,0,1,1,0,1,0,0
sim_0039_n3_seed81,81,0.001,3,486.65000000000003,0,body_0,23.12038132751752,16.22432647230617,7.9565941413042e-05,0.002273808491949845,4.389008587960831,864.0176907811749,2,0.5607701061356378,9.015881573654616,-10.20940231156937,0.03962300189923566,27.384600717633678,-3.892019878726381e-16,0.5607701061356378,0-2,6,0.05000000000001137,50,,,,,0,4.389008587960831,136.32672746589324,0.5607701061356378,9.015881573654616,0.0007467102261786869,negative_hard,10.0,1,1,1,1,0,1,1,1,0,0,-1,1,0,0,1,1,0,1,0,0
sim_0039_n3_seed81,81,0.001,3,486.85,0,body_0,23.12038132751752,16.22432647230617,0.0007047161553767359,0.003742362582003204,0.39113211690808714,2.7742660317701713,2,1.707757691625011,4.7468702534002585,-10.211405135533028,0.03943460046228162,27.384600717633706,6.486699797877301e-16,1.707757691625011,0-2,6,0.25,250,,,,,0,0.39113211690808714,2.6375933832924296,1.707757691625011,4.7468702534002585,0.006612062684852627,negative_pre_failure,1.0,0,0,1,1,0,1,1,0,0,0,-1,1,0,0,0,0,0,1,0,0
sim_0039_n3_seed81,81,0.001,3,486.90000000000003,0,body_0,23.12038132751752,16.22432647230617,0.0008940648802582298,0.003956190018072358,0.2936009990335248,1.762125412263902,2,1.9263216825581861,4.391027945228258,-10.211415218856935,0.039433651945213775,27.38460071763368,-2.5946799191509205e-16,1.9263216825581861,0-2,6,0.30000000000001137,300,,,,,0,0.2936009990335248,1.7035713757026762,1.9263216825581861,4.391027945228258,0.008387593715082289,negative_pre_failure,1.0,0,0,0,1,0,1,1,0,0,0,-1,1,0,0,0,0,0,1,0,0
sim_0039_n3_seed81,81,0.001,3,487.0,0,body_0,23.12038132751752,16.22432647230617,9.162509177487568e-09,2.8081717147351058e-08,0.19136346999316262,0.8343263729950733,2,2.3034731007318836,3.807982784666534,-10.630622467773769,-2.9208112780114506e-07,27.384600717633706,6.486699797877301e-16,2.3034731007318836,0-2,7,0.05000000000001137,50,,,,,0,0.19136346999316262,0.8653956126664016,2.3034731007318836,3.807982784666534,8.65328362482878e-08,negative_baseline,20.0,0,0,0,1,0,1,0,0,0,0,-1,1,0,0,0,0,0,1,0,0
sim_0039_n3_seed81,81,0.001,3,488.0,0,body_0,23.12038132751752,16.22432647230617,1.582768171219357e-07,1.6481036777128153e-07,0.06066327425066344,0.05554087864289405,2,4.83161694426127,1.8797332055650717,-10.630629197601333,-9.251418493734068e-07,27.38460071763364,-1.8162759434056442e-15,4.83161694426127,0-2,7,1.0500000000000114,1050,,,,,0,0.06066327425066344,0.05552748141749976,4.83161694426127,1.8797332055650717,1.4984708660967215e-06,negative_baseline,20.0,0,0,0,0,0,1,0,0,0,0,-1,0,0,0,0,0,0,1,0,0
sim_0039_n3_seed81,81,0.001,3,489.0,0,body_0,23.12038132751752,16.22432647230617,3.6043791203682043e-07,2.3821181688792188e-07,0.05137131076703733,0.025492375380296924,1,5.646855389222042,1.9142981478151662,-10.63062935716976,-9.40152115528441e-07,27.384600717633738,1.8162759434056442e-15,5.646855389222042,0-1,7,2.0500000000000114,2050,,,,,0,0.05137131076703733,0.025495274787826,5.646855389222042,1.9142981478151662,3.377586540970603e-06,negative_baseline,20.0,0,0,0,0,0,0,0,0,0,0,-1,0,0,0,0,0,0,1,0,0
sim_0039_n3_seed81,81,0.001,3,490.0,0,body_0,23.12038132751752,16.22432647230617,6.376931129127461e-07,3.2251867703551034e-07,0.0470484306935515,0.017605648010877446,1,6.089298561174298,1.736424497269001,-10.630629384489568,-9.427220324547538e-07,27.38460071763385,5.9677638140471174e-15,6.089298561174298,0-1,7,3.0500000000000114,3050,,,,,0,0.0470484306935515,0.01760651555028923,6.089298561174298,1.736424497269001,5.8847538456197835e-06,negative_baseline,20.0,0,0,0,0,0,0,0,0,0,0,-1,0,0,0,0,0,0,1,0,0
sim_0039_n3_seed81,81,0.001,3,491.0,0,body_0,23.12038132751752,16.22432647230617,1.008247781003755e-06,4.2957285926536896e-07,0.04616376639770427,0.014950958657781753,1,6.331725939719213,1.63746438064162,-10.630629391547803,-9.433859857621374e-07,27.384600717633866,6.486699797877301e-15,6.331725939719213,0-1,7,4.050000000000011,4050,,,,,0,0.04616376639770427,0.014950359828964853,6.331725939719213,1.63746438064162,9.162888418693297e-06,negative_baseline,20.0,0,0,0,0,0,0,0,0,0,0,-1,0,0,0,0,0,0,1,0,0
sim_0039_n3_seed81,81,0.001,3,492.0,0,body_0,23.12038132751752,16.22432647230617,1.5011363866776528e-06,5.758758779412783e-07,0.048499968508257704,0.015468870167725418,1,6.366753867626555,1.615795051578922,-10.630629391175308,-9.433509459482673e-07,27.384600717633788,3.6325518868112884e-15,6.366753867626555,0-1,7,5.050000000000011,5050,,,,,0,0.048499968508257704,0.015466495364981351,6.366753867626555,1.615795051578922,1.3473178951681767e-05,negative_baseline,20.0,0,0,0,0,0,0,0,0,0,0,-1,0,0,0,0,0,0,1,0,0
sim_0039_n3_seed81,81,0.001,3,493.0,0,body_0,23.12038132751752,16.22432647230617,2.168105783577744e-06,7.964885615505897e-07,0.05483452642864189,0.019653724634393896,1,6.187654722982938,1.674579268777073,-10.630629383054986,-9.425870843222103e-07,27.384600717633756,2.4649459231933743e-15,6.187654722982938,0-1,7,6.050000000000011,6050,,,,,0,0.05483452642864189,0.01964781156992726,6.187654722982938,1.674579268777073,1.9310205968355364e-05,negative_baseline,20.0,0,0,0,0,0,0,0,0,0,0,-1,0,0,0,0,0,0,1,0,0
sim_0039_n3_seed81,81,0.001,3,494.0,0,body_0,23.12038132751752,16.22432647230617,3.1170784031678505e-06,1.1865168295659888e-06,0.06788504333379082,0.03123670660102584,1,5.785458414592069,1.8226859471200352,-10.630629353989255,-9.398529321375282e-07,27.384600717633685,-1.2973399595754603e-16,5.785458414592069,0-1,7,7.050000000000011,7050,,,,,0,0.06788504333379082,0.031219746347329713,5.785458414592069,1.8226859471200352,2.773767600602939e-05,negative_baseline,20.0,0,0,0,0,0,0,0,0,0,0,-1,0,0,0,0,0,0,1,0,0
sim_0039_n3_seed81,81,0.001,3,495.0,0,body_0,23.12038132751752,16.22432647230617,4.647042703073722e-06,2.1317938488923494e-06,0.09704259115914574,0.07001445155067715,2,5.021155728664253,1.8665062200327036,-10.630629208646331,-9.261808290817692e-07,27.384600717633745,2.0757439353207364e-15,5.021155728664253,0-2,7,8.050000000000011,8050,,,,,0,0.09704259115914574,0.06992144357399299,5.021155728664253,1.8665062200327036,4.17181043626808e-05,negative_hard,10.0,0,0,0,0,1,0,0,0,0,0,-1,0,0,0,0,0,0,1,0,0
sim_0039_n3_seed81,81,0.001,3,495.5,0,body_0,23.12038132751752,16.22432647230617,5.946912566326667e-06,3.4356793436714885e-06,0.13030557645830626,0.14212423186145098,2,4.016588118132158,2.4508950851296203,-10.63062882951532,-8.905167724457175e-07,27.38460071763377,2.9838819070235587e-15,4.016588118132158,0-2,7,8.550000000000011,8550,,,,,0,0.13030557645830626,0.1416897653495956,4.016588118132158,2.4508950851296203,5.3865373210593974e-05,negative_hard,10.0,0,0,0,0,1,0,0,0,0,0,-1,0,0,0,0,0,0,1,0,0
sim_0039_n3_seed81,81,0.001,3,496.0,0,body_0,23.12038132751752,16.22432647230617,8.428030823382368e-06,8.098895217795572e-06,0.2317742181087401,0.5672431188930839,2,2.6519632773448376,3.5282581000821707,-10.630625796630614,-6.052196883768397e-07,27.38460071763378,3.3730838948961966e-15,2.6519632773448376,0-2,7,9.050000000000011,9050,,,,,0,0.2317742181087401,0.5598436728758523,2.6519632773448376,3.5282581000821707,7.717001648055353e-05,negative_hard,10.0,0,0,0,1,1,0,0,0,0,0,-1,1,0,0,0,0,0,1,0,0
sim_0039_n3_seed81,81,0.001,3,496.5,0,body_0,23.12038132751752,16.22432647230617,2.6693571264608904e-05,0.0004279435125290244,9.818757149103538,168.65968199825133,2,0.3780584993443267,11.135824014271101,-10.629610239039877,9.492614646075755e-05,27.38460071763374,1.9460099393631903e-15,0.3780584993443267,0-2,7,9.550000000000011,9550,,,,,0,9.818757149103538,395.07083461441454,0.3780584993443267,11.135824014271101,0.0002446204018585228,negative_hard,10.0,1,1,1,1,1,0,1,1,0,0,-1,1,0,0,1,1,0,1,0,0
sim_0039_n3_seed81,81,0.001,3,497.0,0,body_0,23.12038132751752,16.22432647230617,4.8457579179786515e-05,7.480211208997168e-05,0.43638170524545417,0.7323552868125962,2,2.4600187204387893,3.816337788721633,-10.630625770564578,-6.027677111635756e-07,27.384600717633717,1.0378719676603682e-15,1.8295591602045786,1-2,7,10.050000000000011,10050,,,,,0,0.43638170524545417,0.7224534137370621,2.4600187204387893,3.816337788721633,0.000444449779397082,negative_hard,10.0,0,0,0,1,0,1,0,0,0,0,-1,1,0,0,0,0,0,1,0,0
sim_0039_n3_seed81,81,0.001,3,497.5,0,body_0,23.12038132751752,16.22432647230617,7.882039941828559e-05,5.048427078406341e-05,0.3442656584253711,0.36955196937245477,1,3.0645419184132283,3.453676990564709,-10.63062979199023,-9.810547625282367e-07,27.384600717633667,-7.784039757452762e-16,2.513014813622144,1-2,7,10.550000000000011,10550,,,,,0,0.3442656584253711,0.3695843518199183,3.0645419184132283,3.453676990564709,0.0007092186995869492,negative_hard,10.0,0,0,0,0,0,0,0,0,0,0,-1,0,0,0,0,0,0,1,0,0
sim_0039_n3_seed81,81,0.001,3,498.0,0,body_0,23.12038132751752,16.22432647230617,0.00010004568077987873,3.836698352244183e-05,0.3181877427456474,0.3679177108531556,1,2.9750554499034303,3.498322680436038,-10.63063055297144,-1.0526386639685388e-06,27.384600717633628,-2.2054779312782825e-15,2.9750554499034303,0-1,7,11.050000000000011,11050,,,,,0,0.3181877427456474,0.36852517923997025,2.9750554499034303,3.498322680436038,0.0009014293439189491,negative_baseline,20.0,0,0,0,0,0,0,0,0,0,0,-1,0,0,0,0,0,0,1,0,0
sim_0039_n3_seed81,81,0.001,3,499.0,0,body_0,23.12038132751752,16.22432647230617,0.00014239484893977157,5.071571709344038e-05,0.19162880994385464,0.19535338600220767,1,3.564887863531395,3.0656310522711743,-10.630629684389735,-9.709330102621865e-07,27.384600717633596,-3.3730838948961966e-15,3.564887863531395,0-1,7,12.050000000000011,12050,,,,,0,0.19162880994385464,0.1954928644131749,3.564887863531395,3.0656310522711743,0.00118719932636854,negative_baseline,20.0,0,0,0,0,0,0,0,0,0,0,-1,0,0,0,0,0,0,1,0,0
sim_0039_n3_seed81,81,0.001,3,500.0,0,body_0,23.12038132751752,16.22432647230617,0.00019218463696272397,5.612085639247467e-05,0.09995563174729984,0.07923479383550702,1,4.577447360239439,2.5123946280381944,-10.630629387922527,-9.430449636677871e-07,27.38460071763363,-2.0757439353207364e-15,4.577447360239439,0-1,7,13.050000000000011,13050,,,,,0,0.09995563174729984,0.07925107238409822,4.577447360239439,2.5123946280381944,0.0013875419125965532,negative_baseline,20.0,0,0,0,0,0,0,0,0,0,0,-1,0,0,0,0,0,0,1,0,0
sim_0039_n3_seed81,81,0.001,3,501.0,0,body_0,23.12038132751752,16.22432647230617,0.00023310591777061094,6.0643953711345095e-05,0.055243962155026916,0.03864739075773019,1,5.551715008855831,2.103253258464025,-10.63062936373141,-9.407693562135191e-07,27.384600717633617,-2.5946799191509204e-15,5.551715008855831,0-1,7,14.050000000000011,14050,,,,,0,0.055243962155026916,0.03865120293083922,5.551715008855831,2.103253258464025,0.0015230617592079004,negative_baseline,20.0,0,0,0,0,0,0,0,0,0,0,-1,0,0,0,0,0,0,1,0,0
sim_0039_n3_seed81,81,0.001,3,502.0,0,body_0,23.12038132751752,16.22432647230617,0.0002645450606245348,7.580148215690959e-05,0.02923259793739515,0.028168245819407276,2,6.0181988739363454,0.880868647558377,-10.630629345728222,-9.390758341656367e-07,27.384600717633603,-3.113615902981105e-15,6.0181988739363454,0-2,7,15.050000000000011,15050,,,,,0,0.02923259793739515,0.028161596520899643,6.0181988739363454,0.880868647558377,0.0016226958546039748,negative_baseline,20.0,0,0,0,0,0,0,0,0,0,0,-1,0,0,0,0,0,0,1,0,0
sim_0039_n3_seed81,81,0.001,3,503.0,0,body_0,23.12038132751752,16.22432647230617,0.0002978612148475107,0.00011435715071992656,0.020293143331627263,0.04841230432710509,2,4.866714763572078,1.6234256911190879,-10.630629219257873,-9.271790345019159e-07,27.384600717633553,-4.929891846386749e-15,4.866714763572078,0-2,7,16.05000000000001,16050,,,,,0,0.020293143331627263,0.04833039984003956,4.866714763572078,1.6234256911190879,0.0017780409858450573,negative_baseline,20.0,0,0,0,0,0,0,0,0,0,0,-1,0,0,0,0,0,0,1,0,0
sim_0039_n3_seed81,81,0.001,3,503.5,0,body_0,23.12038132751752,16.22432647230617,0.0003260631642566178,0.0001608082391942483,0.0484704014176851,0.10770403020703671,2,3.952070618120714,2.2193059723444177,-10.630628858742089,-8.932660730803758e-07,27.38460071763349,-7.265103773622577e-15,3.952070618120714,0-2,7,16.55000000000001,16550,,,,,0,0.0484704014176851,0.1072762111385185,3.952070618120714,2.2193059723444177,0.001974748520219849,negative_hard,10.0,0,0,0,0,1,0,0,0,0,0,-1,0,0,0,0,0,0,1,0,0
sim_0039_n3_seed81,81,0.001,3,504.0,0,body_0,23.12038132751752,16.22432647230617,0.00038625883647287236,0.00030685727084504963,0.16041927678778534,0.5064140714249974,2,2.650878705602183,3.312338865625734,-10.630625805095736,-6.060159845894947e-07,27.384600717633493,-7.13536977766503e-15,2.650878705602183,0-2,7,17.05000000000001,17050,,,,,0,0.16041927678778534,0.4989242765314591,2.650878705602183,3.312338865625734,0.0024861203042187354,negative_hard,10.0,0,0,0,1,1,0,0,0,0,0,-1,1,0,0,0,0,0,1,0,0
sim_0039_n3_seed81,81,0.001,3,504.40000000000003,0,body_0,23.12038132751752,16.22432647230617,0.0005924223980389359,0.001968503722001425,1.5115779010881543,28.65162353585611,2,0.9577831112838653,6.60784179955391,-10.63037023767886,2.343467328798507e-05,27.384600717633557,-4.800157850429203e-15,0.9577831112838653,0-2,7,17.450000000000045,17450,,,,,0,1.5115779010881543,20.127644185718385,0.9577831112838653,6.60784179955391,0.004455433050487107,negative_pre_failure,1.0,0,1,1,1,1,0,1,1,0,0,-1,1,0,0,1,1,0,1,0,0
sim_0039_n3_seed81,81,0.001,3,504.45,0,body_0,23.12038132751752,16.22432647230617,0.0007133890377806725,0.004655604254329261,3.69599544075085,511.2603386721471,2,0.6175566480321388,8.479241710257957,-10.629204065936456,0.00013313399584004596,27.384600717633553,-4.929891846386749e-15,0.6175566480321388,0-2,7,17.5,17500,,,,,0,3.69599544075085,92.94244820127442,0.6175566480321388,8.479241710257957,0.005654324338303588,negative_pre_failure,1.0,1,1,1,1,1,0,1,1,0,0,-1,1,0,0,1,1,0,1,0,0
sim_0039_n3_seed81,81,0.001,3,504.65000000000003,0,body_0,23.12038132751752,16.22432647230617,0.000377896085203131,0.0018637519849154134,1.059024780750266,12.672889591488055,2,1.1528834728772224,5.910533506938097,-10.658811021015769,-0.0026519299848156226,27.384600717633656,-1.1676059636179143e-15,1.1528834728772224,0-2,8,0.1500000000000341,150,,,,,0,1.059024780750266,10.600939552267349,1.1528834728772224,5.910533506938097,0.0035464999927473,negative_hard,10.0,0,1,1,1,0,1,1,1,0,0,-1,1,0,0,1,1,0,1,0,0
sim_0039_n3_seed81,81,0.001,3,505.0,0,body_0,23.12038132751752,16.22432647230617,0.000829227921306138,0.0009984535035044465,0.19392486024290526,0.5358648290211817,2,2.594212888658323,3.3589975950914064,-10.65893008549756,-0.002663130130143851,27.384600717633706,6.486699797877301e-16,2.594212888658323,0-2,8,0.5,500,,,,,0,0.19392486024290526,0.5297824772541097,2.594212888658323,3.3589975950914064,0.007780837905093449,negative_hard,8.0,0,0,0,1,0,1,0,0,0,0,-1,1,0,0,0,0,0,1,0,0
sim_0039_n3_seed81,81,0.001,3,505.2,0,body_0,23.12038132751752,16.22432647230617,0.0010088556594435789,0.0008173115737259698,0.12365096878057402,0.23652376856499738,2,3.1840018591211514,2.790175080786303,-10.658932490534937,-0.002663356366950409,27.38460071763369,0.0,3.1840018591211514,0-2,8,0.6999999999999886,700,,,,,0,0.12365096878057402,0.23529158750504459,3.1840018591211514,2.790175080786303,0.009463982254058728,negative_pre_failure,1.0,0,0,0,0,0,1,0,0,0,0,-1,0,0,0,0,0,0,1,0,0
sim_0039_n3_seed81,81,0.001,3,505.25,0,body_0,23.12038132751752,16.22432647230617,0.0010488542516074934,0.0007834824113284739,0.11304815933970118,0.20006088662693888,2,3.3159628188417276,2.6783433818383044,-10.658932759497809,-0.002663381667721921,27.384600717633678,-3.892019878726381e-16,3.3159628188417276,0-2,8,0.75,750,,,,,0,0.11304815933970118,0.19917582215277782,3.3159628188417276,2.6783433818383044,0.009838402518952617,negative_pre_failure,1.0,0,0,0,0,0,1,0,0,0,0,-1,0,0,0,0,0,0,1,0,0
sim_0039_n3_seed81,81,0.001,3,506.0,0,body_0,23.12038132751752,16.22432647230617,1.551460639249179e-08,1.4646604288650774e-08,0.052978661377115134,0.03517596632928654,2,4.821850755003863,1.619888729826221,-10.630620232155477,-8.17812181638004e-08,27.384600717633667,-7.784039757452762e-16,4.821850755003863,0-2,9,0.6999999999999886,700,,,,,0,0.052978661377115134,0.03515076656565716,4.821850755003863,1.619888729826221,1.5153400404820036e-07,negative_baseline,20.0,0,0,0,0,0,0,0,0,0,0,-1,0,0,0,0,0,0,1,0,0
sim_0039_n3_seed81,81,0.001,3,507.0,0,body_0,23.12038132751752,16.22432647230617,3.801936589448649e-08,2.4785506818598103e-08,0.04434807551411228,0.00840346312448252,2,5.940885508295397,0.8598525041660174,-10.630620364804063,-9.425919154639517e-08,27.384600717633674,-5.189359838301841e-16,5.940885508295397,0-2,9,1.6999999999999886,1700,,,,,0,0.04434807551411228,0.008403432686937311,5.940885508295397,0.8598525041660174,3.713557638203209e-07,negative_baseline,20.0,0,0,0,0,0,0,0,0,0,0,-1,0,0,0,0,0,0,1,0,0
sim_0039_n3_seed81,81,0.001,3,508.0,0,body_0,23.12038132751752,16.22432647230617,6.788531213089302e-08,3.599159517114489e-08,0.04907206166104689,0.0101064320248747,2,6.380124619365412,0.44149115497962976,-10.630620383101974,-9.598043751690089e-08,27.384600717633653,-1.2973399595754602e-15,6.380124619365412,0-2,9,2.6999999999999886,2700,,,,,0,0.04907206166104689,0.010102582014849495,6.380124619365412,0.44149115497962976,6.613611883117e-07,negative_baseline,20.0,0,0,0,0,0,0,0,0,0,0,-1,0,0,0,0,0,0,1,0,0
sim_0039_n3_seed81,81,0.001,3,509.0,0,body_0,23.12038132751752,16.22432647230617,1.0963758933158955e-07,5.3147831281963963e-08,0.0605164563836511,0.0196162828262051,2,6.234945526382044,0.6331738407951549,-10.630620373026499,-9.503265880966192e-08,27.38460071763357,-4.281221866599019e-15,6.234945526382044,0-2,9,3.6999999999999886,3700,,,,,0,0.0605164563836511,0.01960558917751796,6.234945526382044,0.6331738407951549,1.0662360716311178e-06,negative_baseline,20.0,0,0,0,0,0,0,0,0,0,0,-1,0,0,0,0,0,0,1,0,0
sim_0039_n3_seed81,81,0.001,3,510.0,0,body_0,23.12038132751752,16.22432647230617,1.7253070516052676e-07,8.766057429558585e-08,0.08371139441844963,0.04257609772335978,2,5.472298775176058,1.2467915028666097,-10.63062031204863,-8.929659886962328e-08,27.384600717633482,-7.524571765537669e-15,5.472298775176058,0-2,9,4.699999999999989,4700,,,,,0,0.08371139441844963,0.04253610349068597,5.472298775176058,1.2467915028666097,1.6783884921742866e-06,negative_baseline,20.0,0,0,0,0,0,0,0,0,0,0,-1,0,0,0,0,0,0,1,0,0
sim_0039_n3_seed81,81,0.001,3,511.0,0,body_0,23.12038132751752,16.22432647230617,2.885333279154876e-07,2.0534287043053202e-07,0.1481732421859479,0.1530611905213858,2,3.884755411470838,2.3212113102888807,-10.63061980088273,-4.121229808727911e-08,27.384600717633514,-6.356965801919755e-15,3.884755411470838,0-2,9,5.699999999999989,5700,,,,,0,0.1481732421859479,0.15255419874722081,3.884755411470838,2.3212113102888807,2.8108720820553343e-06,negative_hard,10.0,0,0,0,0,1,0,0,0,0,0,-1,0,0,0,0,0,0,1,0,0
sim_0039_n3_seed81,81,0.001,3,511.5,0,body_0,23.12038132751752,16.22432647230617,4.168992645964448e-07,5.097385974484837e-07,0.2782894617507103,0.6369897529299064,2,2.5635636547640495,3.4762250503078955,-10.630616412255904,2.775486988606456e-07,27.384600717633475,-7.784039757452761e-15,2.5635636547640495,0-2,9,6.199999999999989,6200,,,,,0,0.2782894617507103,0.628013130587369,2.5635636547640495,3.4762250503078955,4.049787553103165e-06,negative_hard,10.0,0,0,0,1,1,0,0,0,0,0,-1,1,0,0,0,0,0,1,0,0
sim_0039_n3_seed81,81,0.001,3,512.0,0,body_0,23.12038132751752,16.22432647230617,3.342194581073934e-06,0.00023086711320386777,29.84452086753963,110.4237537204434,2,0.21805498132564027,14.771913689363371,-10.670004697915829,-0.003704895622853743,27.384600717633447,-8.82191172511313e-15,0.21805498132564027,0-2,9,6.699999999999989,6700,,,,,0,29.84452086753963,2067.0618133450967,0.21805498132564027,14.771913689363371,3.156499510197572e-05,negative_hard,10.0,1,1,1,1,0,0,1,1,0,0,-1,1,0,0,1,1,0,1,0,0
sim_0039_n3_seed81,81,0.001,3,512.5,0,body_0,23.12038132751752,16.22432647230617,9.702176662084824e-05,0.00013378985300282147,0.3978423708961143,0.6188518300815976,2,2.5413270761377613,3.5461452025263975,-10.630617146690003,2.084620281548588e-07,27.384600717633482,-7.524571765537669e-15,2.2190430327652417,1-2,9,7.199999999999989,7200,,,,,0,0.3978423708961143,0.6116520914287804,2.5413270761377613,3.5461452025263975,0.0009114219301351678,negative_hard,10.0,0,0,0,1,0,1,0,0,0,0,-1,1,0,0,0,0,0,1,0,0
sim_0039_n3_seed81,81,0.001,3,513.0,0,body_0,23.12038132751752,16.22432647230617,0.00014823722967037233,8.736763157341721e-05,0.32294412667182276,0.32472642556640247,1,3.1941509471946734,3.4321934096768687,-10.63062088636499,-1.433213308236544e-07,27.38460071763347,-7.913773753410307e-15,2.6174006115288284,1-2,9,7.699999999999989,7700,,,,,0,0.32294412667182276,0.3247634254457483,3.1941509471946734,3.4321934096768687,0.0014314431934233432,negative_hard,10.0,0,0,0,0,0,0,0,0,0,0,-1,0,0,0,0,0,0,1,0,0
sim_0039_n3_seed81,81,0.001,3,514.0,0,body_0,23.12038132751752,16.22432647230617,0.0002159078595154637,6.004618909888583e-05,0.2441872322293902,0.26211113906817884,1,3.279559118370587,3.342845550667536,-10.630621130223128,-1.6626055279343289e-07,27.384600717633504,-6.746167789792393e-15,3.279559118370587,0-1,9,8.699999999999989,8700,,,,,0,0.2441872322293902,0.26246770995100455,3.279559118370587,3.342845550667536,0.002202219928302383,negative_baseline,20.0,0,0,0,0,0,0,0,0,0,0,-1,0,0,0,0,0,0,1,0,0
sim_0039_n3_seed81,81,0.001,3,515.0,0,body_0,23.12038132751752,16.22432647230617,0.0002649353539800841,4.112276719682717e-05,0.12457866507579105,0.11317318772532163,1,4.201444919528721,2.8032131434431258,-10.630620451211419,-1.0238734974568318e-07,27.38460071763354,-5.448827830216933e-15,4.201444919528721,0-1,9,9.699999999999989,9700,,,,,0,0.12457866507579105,0.11321742750375653,4.201444919528721,2.8032131434431258,0.002637802445587733,negative_baseline,20.0,0,0,0,0,0,0,0,0,0,0,-1,0,0,0,0,0,0,1,0,0
sim_0039_n3_seed81,81,0.001,3,516.0,0,body_0,23.12038132751752,16.22432647230617,0.00028121963072658997,2.426107495094823e-05,0.05673985125090355,0.05237945909843707,1,5.312111318983751,2.332115933836116,-10.630620349328002,-9.280339101462654e-08,27.384600717633603,-3.113615902981105e-15,5.312111318983751,0-1,9,10.699999999999989,10700,,,,,0,0.05673985125090355,0.052384279243678694,5.312111318983751,2.332115933836116,0.0027496280860715753,negative_baseline,20.0,0,0,0,0,0,0,0,0,0,0,-1,0,0,0,0,0,0,1,0,0
sim_0039_n3_seed81,81,0.001,3,517.0,0,body_0,23.12038132751752,16.22432647230617,0.0002559072047655248,5.307969714752288e-05,0.017042857961305276,0.05211045293619412,2,4.801048686389321,1.3986372678309373,-10.630620254078824,-8.384350126749004e-08,27.384600717633617,-2.5946799191509204e-15,4.801048686389321,0-2,9,11.699999999999989,11700,,,,,0,0.017042857961305276,0.052053504605184944,4.801048686389321,1.3986372678309373,0.0024906693573780703,negative_baseline,20.0,0,0,0,0,0,0,0,0,0,0,-1,0,0,0,0,0,0,1,0,0
sim_0039_n3_seed81,81,0.001,3,517.8,0,body_0,23.12038132751752,16.22432647230617,0.0001940889067728003,0.00011164152413155543,0.07175221541423793,0.17722741950661378,2,3.4285793972052794,2.4420007435007958,-10.630619486056126,-1.1597221754073623e-08,27.384600717633628,-2.2054779312782825e-15,3.4285793972052794,0-2,9,12.499999999999943,12500,,,,,0,0.07175221541423793,0.17623536874446577,3.4285793972052794,2.4420007435007958,0.0018958626438853297,negative_hard,10.0,0,0,0,0,1,0,0,0,0,0,-1,0,0,0,0,0,0,1,0,0
sim_0039_n3_seed81,81,0.001,3,518.0,0,body_0,23.12038132751752,16.22432647230617,0.00016953283454283207,0.0001377666051364542,0.1186954519591509,0.3259924146094705,2,2.9307584701202343,2.8932080240931612,-10.630618439908583,8.681167691910623e-08,27.38460071763361,-2.8541479110660126e-15,2.9307584701202343,0-2,9,12.699999999999989,12700,,,,,0,0.1186954519591509,0.3228738798841586,2.9307584701202343,2.8932080240931612,0.0016587316637175944,negative_baseline,20.0,0,0,0,0,1,0,0,0,0,0,-1,0,0,0,0,0,0,1,0,0
sim_0039_n3_seed81,81,0.001,3,518.3,0,body_0,23.12038132751752,16.22432647230617,0.00012230365704036006,0.00020633814008027507,0.3210500352411465,1.4677089156581324,2,1.9776697961285092,4.050225976076347,-10.630608899866232,9.84223391628253e-07,27.384600717633607,-2.9838819070235587e-15,1.9776697961285092,0-2,9,12.999999999999943,13000,,,,,0,0.3210500352411465,1.41957132720907,1.9776697961285092,4.050225976076347,0.0011891431667935032,negative_hard,10.0,0,0,0,1,1,0,1,0,0,0,-1,1,0,0,1,1,0,1,0,0
sim_0039_n3_seed81,81,0.001,3,518.8,0,body_0,23.12038132751752,16.22432647230617,9.737102110020725e-05,0.0005291580224481318,1.0156768066610908,10.93854698933017,2,1.1749938038294037,5.772877061912575,-10.630521694876947,9.18741328197735e-06,27.38460071763364,-1.8162759434056442e-15,1.1749938038294037,0-2,9,13.499999999999943,13500,,,,,0,1.0156768066610908,9.47132855399911,1.1749938038294037,5.772877061912575,0.000988896348980781,negative_hard,10.0,0,1,1,1,0,1,1,1,0,0,-1,1,0,0,1,1,0,1,0,0
sim_0039_n3_seed81,81,0.001,3,519.0,0,body_0,23.12038132751752,16.22432647230617,0.00018210738185712628,0.0004021921730144047,0.32006802132403295,1.2900312197361725,2,2.0395841956710923,3.952654285246424,-10.630610357135334,8.471411528512803e-07,27.384600717633635,-1.9460099393631903e-15,2.0395841956710923,0-2,9,13.699999999999989,13700,,,,,0,0.32006802132403295,1.2595482269645257,2.0395841956710923,3.952654285246424,0.001694950696660676,negative_baseline,20.0,0,0,0,1,0,1,1,0,0,0,-1,1,0,0,1,1,0,1,0,0
sim_0039_n3_seed81,81,0.001,3,520.0,0,body_0,23.12038132751752,16.22432647230617,0.00045166851930560575,0.00019379284625823317,0.05269960107756299,0.04883320343140804,2,4.391280283945699,1.6718816248064663,-10.630620174731238,-7.63794407483882e-08,27.38460071763357,-4.281221866599019e-15,4.391280283945699,0-2,9,14.699999999999989,14700,,,,,0,0.05269960107756299,0.04878526002196998,4.391280283945699,1.6718816248064663,0.004163351172231857,negative_baseline,20.0,0,0,0,0,0,0,0,0,0,0,-1,0,0,0,0,0,0,1,0,0
sim_0039_n3_seed81,81,0.001,3,520.85,0,body_0,23.12038132751752,16.22432647230617,0.0005731340736765587,0.00010968491556500708,0.03351649936120471,0.01211419501517351,2,5.330068106294966,0.9283583271905551,-10.630620346670433,-9.255339914708932e-08,27.384600717633592,-3.5028178908537427e-15,5.330068106294966,0-2,9,15.550000000000011,15550,,,,,0,0.03351649936120471,0.01211283602536346,5.330068106294966,0.9283583271905551,0.005227630992399686,negative_hard,8.0,0,0,0,0,0,0,0,0,0,0,-1,0,0,0,0,0,0,1,0,0
sim_0039_n3_seed81,81,0.001,3,521.0,0,body_0,23.12038132751752,16.22432647230617,0.0005876933592379343,9.711482723204017e-05,0.03236072047607168,0.009722500071251411,2,5.43109236864054,0.8336482673000111,-10.630620355652447,-9.339831824811213e-08,27.38460071763358,-3.892019878726381e-15,5.43109236864054,0-2,9,15.699999999999989,15700,,,,,0,0.03236072047607168,0.009722136654401125,5.43109236864054,0.8336482673000111,0.005348535574948759,negative_baseline,20.0,0,0,0,0,0,0,0,0,0,0,-1,0,0,0,0,0,0,1,0,0
sim_0039_n3_seed81,81,0.001,3,521.25,0,body_0,23.12038132751752,16.22432647230617,0.0006078680841075918,7.694758442038145e-05,0.03114527155247667,0.0069946669191690595,2,5.561593747757311,0.6994084527005312,-10.630620365705635,-9.434400054194877e-08,27.384600717633603,-3.113615902981105e-15,5.561593747757311,0-2,9,15.949999999999989,15950,,,,,0,0.03114527155247667,0.006994782244493803,5.561593747757311,0.6994084527005312,0.00551027016878217,negative_hard,8.0,0,0,0,0,0,0,0,0,0,0,-1,0,0,0,0,0,0,1,0,0
sim_0039_n3_seed81,81,0.001,3,521.65,0,body_0,23.12038132751752,16.22432647230617,0.0006299121828974274,4.610580047138031e-05,0.03057146559921366,0.00571793190489434,2,5.676309764837293,0.5641243728119446,-10.630620373283602,-9.505684392764366e-08,27.384600717633592,-3.5028178908537427e-15,5.676309764837293,0-2,9,16.349999999999966,16350,,,,,0,0.03057146559921366,0.005715985779773242,5.676309764837293,0.5641243728119446,0.005669559545833018,negative_hard,8.0,0,0,0,0,0,0,0,0,0,0,-1,0,0,0,0,0,0,1,0,0
sim_0039_n3_seed81,81,0.001,3,522.0,0,body_0,23.12038132751752,16.22432647230617,0.0006391237708494473,2.101209564711204e-05,0.031164018274108866,0.007249366190713615,2,5.6846693377212,0.5564886127722197,-10.630620373763692,-9.510200504361734e-08,27.38460071763359,-3.6325518868112884e-15,5.6846693377212,0-2,9,16.69999999999999,16700,,,,,0,0.031164018274108866,0.0072442549611182,5.6846693377212,0.5564886127722197,0.00571094861316853,negative_baseline,20.0,0,0,0,0,0,0,0,0,0,0,-1,0,0,0,0,0,0,1,0,0
sim_0039_n3_seed81,81,0.001,3,522.05,0,body_0,23.12038132751752,16.22432647230617,0.0006396756120274907,1.794917346693356e-05,0.031327241054625844,0.007603745732147606,2,5.6789085817756595,0.5646874001609078,-10.630620373405222,-9.506828446964935e-08,27.384600717633578,-4.021753874683927e-15,5.6789085817756595,0-2,9,16.749999999999943,16750,,,,,0,0.031327241054625844,0.0075981449254970525,5.6789085817756595,0.5646874001609078,0.0057094215475593365,negative_hard,8.0,0,0,0,0,0,0,0,0,0,0,-1,0,0,0,0,0,0,1,0,0
sim_0039_n3_seed81,81,0.001,3,522.45,0,body_0,23.12038132751752,16.22432647230617,0.0006371352175892186,2.2684608786948528e-05,0.033408984348944334,0.01141834633075994,2,5.569506230770213,0.7005872837298069,-10.630620366161926,-9.438692287689548e-08,27.384600717633628,-2.2054779312782825e-15,5.569506230770213,0-2,9,17.150000000000034,17150,,,,,0,0.033408984348944334,0.011407778028757084,5.569506230770213,0.7005872837298069,0.005629279041088628,negative_hard,8.0,0,0,0,0,0,0,0,0,0,0,-1,0,0,0,0,0,0,1,0,0
sim_0039_n3_seed81,81,0.001,3,522.85,0,body_0,23.12038132751752,16.22432647230617,0.0006218818530976658,5.5223429226754545e-05,0.037248478738954864,0.017478668458778383,2,5.343692238397715,0.9291903013413222,-10.630620347840296,-9.266344564477959e-08,27.384600717633607,-2.9838819070235587e-15,5.343692238397715,0-2,9,17.55000000000001,17550,,,,,0,0.037248478738954864,0.017458528392775837,5.343692238397715,0.9291903013413222,0.005424178057865125,negative_hard,8.0,0,0,0,0,0,0,0,0,0,0,-1,0,0,0,0,0,0,1,0,0
sim_0039_n3_seed81,81,0.001,3,523.0,0,body_0,23.12038132751752,16.22432647230617,0.0006127371770339271,6.898175775981569e-05,0.039336462156695576,0.020697520054339398,2,5.227188546365991,1.0333148860497088,-10.63062033621269,-9.156966125195356e-08,27.38460071763362,-2.4649459231933743e-15,5.227188546365991,0-2,9,17.69999999999999,17700,,,,,0,0.039336462156695576,0.020671166145067,5.227188546365991,1.0333148860497088,0.0053132074549659646,negative_baseline,20.0,0,0,0,0,0,0,0,0,0,0,-1,0,0,0,0,0,0,1,0,0
sim_0039_n3_seed81,81,0.001,3,523.25,0,body_0,23.12038132751752,16.22432647230617,0.0005931438432272359,9.386259578528594e-05,0.04397241529459138,0.027999581243729924,2,4.991510403808463,1.2288332064772305,-10.630620306856681,-8.880820322422188e-08,27.38460071763359,-3.6325518868112884e-15,4.991510403808463,0-2,9,17.94999999999999,17950,,,,,0,0.04397241529459138,0.027956266388474607,4.991510403808463,1.2288332064772305,0.005084219869046747,negative_hard,8.0,0,0,0,0,0,0,0,0,0,0,-1,0,0,0,0,0,0,1,0,0
sim_0039_n3_seed81,81,0.001,3,523.9,0,body_0,23.12038132751752,16.22432647230617,0.0005152679936890124,0.00017733493449363947,0.06983609782634137,0.07677388235409925,2,4.09698548079052,1.9111513619374236,-10.630620061749902,-6.575152412085486e-08,27.384600717633553,-4.929891846386749e-15,4.09698548079052,0-2,9,18.599999999999966,18600,,,,,0,0.06983609782634137,0.07652666516927559,4.09698548079052,1.9111513619374236,0.004201646892338668,negative_hard,10.0,0,0,0,0,1,0,0,0,0,0,-1,0,0,0,0,0,0,1,0,0
sim_0039_n3_seed81,81,0.001,3,524.0,0,body_0,23.12038132751752,16.22432647230617,0.0004998461318317797,0.00019436960139402226,0.0774911261676065,0.09409034524320808,2,3.9157965209498586,2.050863513911461,-10.630619963477002,-5.650719923271013e-08,27.384600717633578,-4.021753874683927e-15,3.9157965209498586,0-2,9,18.69999999999999,18700,,,,,0,0.0774911261676065,0.09373642077976174,3.9157965209498586,2.050863513911461,0.004025259600807804,negative_baseline,20.0,0,0,0,0,1,0,0,0,0,0,-1,0,0,0,0,0,0,1,0,0
sim_0039_n3_seed81,81,0.001,3,524.4,0,body_0,23.12038132751752,16.22432647230617,0.0004331211879642729,0.0002892082618958913,0.13777496142576467,0.27513380340543125,2,3.0317000663437805,2.8032716067848273,-10.630618782211913,5.461192271022401e-08,27.38460071763356,-4.670423854471657e-15,3.0317000663437805,0-2,9,19.099999999999966,19100,,,,,0,0.13777496142576467,0.2727459344573204,3.0317000663437805,2.8032716067848273,0.003220618910555857,negative_hard,10.0,0,0,0,0,1,0,0,0,0,0,-1,0,0,0,0,0,0,1,0,0
sim_0039_n3_seed81,81,0.001,3,524.9,0,body_0,23.12038132751752,16.22432647230617,0.0004475727574869789,0.0008751627931583884,0.8090779372948411,6.960267809066949,2,1.3107813866969256,5.395660094718985,-10.63055992584749,5.591106308921863e-06,27.38460071763354,-5.448827830216933e-15,1.3107813866969256,0-2,9,19.599999999999966,19600,,,,,0,0.8090779372948411,6.239166431924752,1.3107813866969256,5.395660094718985,0.0029676091539434114,negative_hard,10.0,0,1,1,1,1,0,1,1,0,0,-1,1,0,0,1,1,0,1,0,0
sim_0039_n3_seed81,81,0.001,3,525.0,0,body_0,23.12038132751752,16.22432647230617,0.0005751113038231082,0.002344590041900204,2.3862788589552917,65.21821221817845,2,0.769531390515599,7.446763529470671,-10.630170498423674,4.222372483531384e-05,27.384600717633564,-4.540689858514111e-15,0.769531390515599,0-2,9,19.69999999999999,19700,,,,,0,2.3862788589552917,40.173410418995914,0.769531390515599,7.446763529470671,0.004109104324447747,negative_baseline,20.0,0,1,1,1,1,0,1,1,0,0,-1,1,0,0,1,1,0,1,0,0
sim_0039_n3_seed81,81,0.001,3,525.55,0,body_0,23.12038132751752,16.22432647230617,0.00041428350501254707,0.000527283900845708,0.2562239390196196,0.7286324304883014,2,2.3597995259811015,3.5274603395006463,-10.630615271636142,3.848444003877985e-07,27.384600717633532,-5.708295822132025e-15,2.3597995259811015,0-2,9,20.249999999999943,20250,,,,,0,0.2562239390196196,0.718573027163101,2.3597995259811015,3.5274603395006463,0.0031462372932249396,negative_hard,10.0,0,0,0,1,0,1,0,0,0,0,-1,1,0,0,1,1,0,1,0,0
sim_0039_n3_seed81,81,0.001,3,526.0,0,body_0,23.12038132751752,16.22432647230617,0.0005955219865410697,0.0003616803702560163,0.11656129110874235,0.1361067118736619,2,3.546431613641052,2.3374924334378697,-10.63061966376768,-2.831417378222702e-08,27.384600717633546,-5.189359838301841e-15,3.546431613641052,0-2,9,20.69999999999999,20700,,,,,0,0.11656129110874235,0.13572390456428732,3.546431613641052,2.3374924334378697,0.004439757498845855,negative_baseline,20.0,0,0,0,0,0,1,0,0,0,0,-1,0,0,0,0,0,0,1,0,0
sim_0039_n3_seed81,81,0.001,3,526.4,0,body_0,23.12038132751752,16.22432647230617,0.0007226167605037319,0.0002811863373312237,0.08550819566831376,0.05318692900524215,2,4.28642387542491,1.7495085481616905,-10.630620142825506,-7.337813571606222e-08,27.38460071763355,-5.059625842344295e-15,4.28642387542491,0-2,9,21.099999999999966,21100,,,,,0,0.08550819566831376,0.053129159172603906,4.28642387542491,1.7495085481616905,0.005449057821361336,negative_hard,8.0,0,0,0,0,0,0,0,0,0,0,-1,0,0,0,0,0,0,1,0,0
sim_0039_n3_seed81,81,0.001,3,526.8,0,body_0,23.12038132751752,16.22432647230617,0.0008225075231795266,0.00022234974025292324,0.0746052639089256,0.024533243198862683,2,4.828318085043738,1.3281613530096061,-10.63062028039023,-8.63185599154486e-08,27.384600717633575,-4.151487870641473e-15,4.828318085043738,0-2,9,21.499999999999943,21500,,,,,0,0.0746052639089256,0.02452302112226498,4.828318085043738,1.3281613530096061,0.00623283899690338,negative_hard,8.0,0,0,0,0,0,0,0,0,0,0,-1,0,0,0,0,0,0,1,0,0
sim_0039_n3_seed81,81,0.001,3,527.0,0,body_0,23.12038132751752,16.22432647230617,0.0008639813224296702,0.0001978487479894704,0.07257353515040345,0.017411940909074722,2,5.038556544501283,1.15532203848059,-10.63062031180879,-8.927403777857103e-08,27.38460071763359,-3.6325518868112884e-15,5.038556544501283,0-2,9,21.69999999999999,21700,,,,,0,0.07257353515040345,0.017408196892765536,5.038556544501283,1.15532203848059,0.00654747077863095,negative_baseline,20.0,0,0,0,0,0,0,0,0,0,0,-1,0,0,0,0,0,0,1,0,0
sim_0039_n3_seed81,81,0.001,3,527.2,0,body_0,23.12038132751752,16.22432647230617,0.0009004447557831835,0.00017594459816322328,0.0719670327885362,0.013437154087710752,2,5.212639076203859,1.0024525891487315,-10.630620331714297,-9.114650690733033e-08,27.384600717633607,-2.9838819070235587e-15,5.212639076203859,0-2,9,21.900000000000034,21900,,,,,0,0.0719670327885362,0.013435237049257578,5.212639076203859,1.0024525891487315,0.006814647487034586,negative_hard,8.0,0,0,0,0,0,0,0,0,0,0,-1,0,0,0,0,0,0,1,0,0
sim_0039_n3_seed81,81,0.001,3,527.6,0,body_0,23.12038132751752,16.22432647230617,0.0009596487903278957,0.00013965800178820814,0.07387669856008501,0.0135675304269579,2,5.460397059550709,0.755436405928933,-10.63062035210108,-9.306424860653004e-08,27.384600717633564,-4.540689858514111e-15,5.460397059550709,0-2,9,22.30000000000001,22300,,,,,0,0.07387669856008501,0.013561240068299268,5.460397059550709,0.755436405928933,0.00721583095129162,negative_hard,8.0,0,0,0,0,0,0,0,0,0,0,-1,0,0,0,0,0,0,1,0,0
sim_0039_n3_seed81,81,0.001,3,528.0,0,body_0,23.12038132751752,16.22432647230617,0.0010020457234533723,0.00011577403062996468,0.07910351875072044,0.019729217331479202,2,5.582367511598588,0.6094263573632136,-10.63062035767483,-9.358855966011269e-08,27.38460071763351,-6.486699797877301e-15,5.582367511598588,0-2,9,22.69999999999999,22700,,,,,0,0.07910351875072044,0.019716785838523005,5.582367511598588,0.6094263573632136,0.007450117797433322,negative_hard,8.0,0,0,0,0,0,0,0,0,0,0,-1,0,0,0,0,0,1,1,0,0
sim_0039_n3_seed81,81,0.001,3,528.4,0,body_0,23.12038132751752,16.22432647230617,0.0010287118623159065,0.00011045599761631537,0.08749808748643495,0.028779129498470224,2,5.582588829843932,0.6123896759766463,-10.630620353102191,-9.315842111407253e-08,27.38460071763353,-5.838029818089571e-15,5.582588829843932,0-2,9,23.099999999999966,23100,,,,,0,0.08749808748643495,0.028759242076378012,5.582588829843932,0.6123896759766463,0.007524874686084902,negative_hard,8.0,0,0,0,0,0,0,0,0,0,0,-1,0,0,0,0,0,1,1,0,0
sim_0039_n3_seed81,81,0.001,3,528.8,0,body_0,23.12038132751752,16.22432647230617,0.0010400765294212775,0.00012782313756885645,0.09962853954790066,0.04132439389333749,2,5.459523822643471,0.7673894818818309,-10.630620337537065,-9.16942424481114e-08,27.384600717633504,-6.746167789792393e-15,5.459523822643471,0-2,9,23.499999999999943,23500,,,,,0,0.09962853954790066,0.04129263330558803,5.459523822643471,0.7673894818818309,0.007442373124705796,negative_hard,8.0,0,0,0,0,0,0,0,0,0,0,-1,0,0,0,0,0,1,1,0,0
sim_0039_n3_seed81,81,0.001,3,529.0,0,body_0,23.12038132751752,16.22432647230617,0.001039989617478686,0.00014423028603504487,0.10747949699797792,0.049608146885200176,2,5.349714930595995,0.8877597668150842,-10.630620323753435,-9.039764534809135e-08,27.384600717633493,-7.13536977766503e-15,5.349714930595995,0-2,9,23.69999999999999,23700,,,,,0,0.10747949699797792,0.04956719608812177,5.349714930595995,0.8877597668150842,0.007341684158725473,negative_baseline,20.0,0,0,0,0,0,0,0,0,0,0,-1,0,0,0,0,0,1,1,0,0
sim_0039_n3_seed81,81,0.001,3,529.2,0,body_0,23.12038132751752,16.22432647230617,0.001035955432975851,0.00016496004065866298,0.11685824743413846,0.059872731494709966,2,5.205784907515403,1.0310407303987403,-10.63062030361799,-8.850354636627526e-08,27.384600717633447,-8.82191172511313e-15,5.205784907515403,0-2,9,23.900000000000034,23900,,,,,0,0.11685824743413846,0.05981877622243544,5.205784907515403,1.0310407303987403,0.007200668098930556,negative_hard,8.0,0,0,0,0,0,0,0,0,0,0,-1,0,0,0,0,0,1,1,0,0
sim_0039_n3_seed81,81,0.001,3,529.6,0,body_0,23.12038132751752,16.22432647230617,0.001015407489838424,0.00021785064290523337,0.14189503407913429,0.08983116018021124,2,4.8063214622253945,1.3849247839213195,-10.630620227115006,-8.130707164612653e-08,27.384600717633482,-7.524571765537669e-15,4.489611229233958,1-2,9,24.30000000000001,24300,,,,,0,0.14189503407913429,0.0897276132161622,4.8063214622253945,1.3849247839213195,0.006794719451099778,negative_hard,8.0,0,0,0,0,0,0,0,0,0,0,-1,0,0,0,0,0,1,1,0,0
sim_0039_n3_seed81,81,0.001,3,530.0,0,body_0,23.12038132751752,16.22432647230617,0.0009763233545198086,0.0002851055547129465,0.18057537846174354,0.14492159460948223,2,4.23397259041646,1.851671823291481,-10.630620024418603,-6.223984736270186e-08,27.38460071763353,-5.838029818089571e-15,3.368200504579161,1-2,9,24.69999999999999,24700,,,,,0,0.18057537846174354,0.1446681503396517,4.23397259041646,1.851671823291481,0.0062203625276338135,negative_hard,8.0,0,0,0,0,1,0,0,0,0,0,-1,0,0,0,0,0,1,1,0,0
sim_0039_n3_seed81,81,0.001,3,530.4,0,body_0,23.12038132751752,16.22432647230617,0.000914657673654654,0.00036546990303818356,0.2492354406391785,0.2759071968172253,2,3.4396481275372945,2.504648969138647,-10.630619494712564,-1.2411514604688471e-08,27.384600717633564,-4.540689858514111e-15,2.262238345705499,1-2,9,25.099999999999966,25100,,,,,0,0.2492354406391785,0.2748774708043574,3.4396481275372945,2.504648969138647,0.005496799229320063,negative_hard,8.0,0,0,0,0,1,0,0,0,0,0,-1,0,0,0,0,0,0,1,0,0
sim_0039_n3_seed81,81,0.001,3,531.0,0,body_0,23.12038132751752,16.22432647230617,0.0007808371117926053,0.0006117903106115984,0.7456430606618694,3.378502966738579,2,1.5914819711379287,4.649686605192354,-10.630593387342763,2.4434538408678363e-06,27.384600717633592,-3.5028178908537427e-15,1.5914819711379287,0-2,9,25.69999999999999,25700,,,,,0,0.7456430606618694,3.1827544067413283,1.5914819711379287,4.649686605192354,0.005252198745198252,negative_baseline,20.0,0,0,0,1,1,0,1,1,0,0,-1,1,0,0,0,0,0,1,0,0
sim_0039_n3_seed81,81,0.001,3,531.05,0,body_0,23.12038132751752,16.22432647230617,0.0007764589805312667,0.0007906254766678234,0.9459905546505339,5.949615255273559,2,1.3686540168577568,5.147455259651104,-10.630569428824455,4.697181257046059e-06,27.3846007176336,-3.2433498989386505e-15,1.3686540168577568,0-2,9,25.749999999999943,25750,,,,,0,0.9459905546505339,5.405419963862062,1.3686540168577568,5.147455259651104,0.005558592140519887,negative_hard,8.0,0,1,1,1,1,0,1,1,0,0,-1,1,0,0,0,0,0,1,0,0
sim_0039_n3_seed81,81,0.001,3,531.15,0,body_0,23.12038132751752,16.22432647230617,0.0008147161860284594,0.002407468017643532,2.188142493339693,45.311488566858955,2,0.8412709724650356,6.98393168823925,-10.630272378500386,3.264008034235603e-05,27.384600717633628,-2.2054779312782825e-15,0.8412709724650356,0-2,9,25.849999999999966,25850,,,,,0,2.188142493339693,29.831807987388228,0.8412709724650356,6.98393168823925,0.006885089726770118,negative_pre_failure,1.0,0,1,1,1,1,0,1,1,0,0,-1,1,0,0,1,1,0,1,0,0
sim_0039_n3_seed81,81,0.001,3,531.2,0,body_0,23.12038132751752,16.22432647230617,0.0009379159559236832,0.007389971525940409,5.622349850575294,441.18673926534103,2,0.5094347560443852,9.313312721240445,-10.628588911985858,0.00019100023388372853,27.384600717633628,-2.2054779312782825e-15,0.5094347560443852,0-2,9,25.900000000000034,25900,,,,,0,5.622349850575294,165.47515607391955,0.5094347560443852,9.313312721240445,0.008636317403323284,negative_pre_failure,1.0,1,1,1,1,1,0,1,1,0,0,-1,1,0,0,1,1,0,1,0,0
sim_0039_n3_seed81,81,0.001,3,531.35,0,body_0,23.12038132751752,16.22432647230617,7.07117828008769e-05,0.0009247030966744137,2.1471520366388406,47.93765496669216,2,0.8315790415472336,7.034513517005711,-10.545088018999785,0.008045753577654286,27.384600717633717,1.0378719676603682e-15,0.8315790415472336,0-2,10,0.10000000000002274,100,,,,,0,2.1471520366388406,31.81242865815089,0.8315790415472336,7.034513517005711,0.0006636499835481247,negative_hard,10.0,0,1,1,1,0,1,1,1,0,0,-1,1,0,0,1,1,0,1,0,0
sim_0039_n3_seed81,81,0.001,3,532.0,0,body_0,23.12038132751752,16.22432647230617,0.0007708453832787409,0.0013309602536729426,0.30585600171423316,0.37704825106141654,2,3.1037624660763568,2.4324121350165457,-10.545451482368879,0.008011563343135384,27.384600717633674,-5.189359838301841e-16,3.1037624660763568,0-2,10,0.75,750,,,,,0,0.30585600171423316,0.37646007974304657,3.1037624660763568,2.4324121350165457,0.007254971846137581,negative_baseline,20.0,0,0,0,0,0,1,0,0,0,0,-1,0,0,0,0,0,1,1,0,0
sim_0039_n3_seed81,81,0.001,3,532.15,0,body_0,23.12038132751752,16.22432647230617,0.0009649167173790803,0.001422821750317566,0.2692080744279448,0.2992668132322363,2,3.4113833700013703,2.0922913438374806,-10.54545180059127,0.008011533408624533,27.384600717633653,-1.2973399595754602e-15,3.4113833700013703,0-2,10,0.8999999999999773,900,,,,,0,0.2692080744279448,0.29914734463878295,3.4113833700013703,2.0922913438374806,0.009089127330668436,negative_pre_failure,1.0,0,0,0,0,0,1,0,0,0,0,-1,0,0,0,0,0,1,1,0,0
sim_0039_n3_seed81,81,0.001,3,532.2,0,body_0,23.12038132751752,16.22432647230617,0.0010324711702782727,0.0014543953960592156,0.25866749224503205,0.27991819870974965,2,3.5032982453384935,1.9920729683326286,-10.545451858200295,0.008011527989464732,27.38460071763364,-1.8162759434056442e-15,3.5032982453384935,0-2,10,0.9500000000000455,950,,,,,0,0.25866749224503205,0.27986608440141264,3.5032982453384935,1.9920729683326286,0.00972835133956987,negative_pre_failure,1.0,0,0,0,0,0,1,0,0,0,0,-1,0,0,0,0,0,1,1,0,0
sim_0039_n3_seed81,81,0.001,3,533.0,0,body_0,23.12038132751752,16.22432647230617,2.7245813095115802e-08,1.6052359158243998e-08,0.1435429128258413,0.11387852133104202,2,4.390975613509294,0.9055428174338153,-10.630619400021535,-3.504128767574624e-09,27.384600717633628,-2.2054779312782825e-15,4.390975613509294,0-2,11,0.75,750,,,,,0,0.1435429128258413,0.11392190663346198,4.390975613509294,0.9055428174338153,1.4740969099092633e-07,negative_baseline,20.0,0,0,0,0,0,0,0,0,0,0,-1,0,0,0,0,0,0,1,0,0
sim_0039_n3_seed81,81,0.001,3,534.0,0,body_0,23.12038132751752,16.22432647230617,5.488072191041194e-08,2.9229571935902767e-08,0.07425722928746774,0.04980050426335048,2,4.408712179123105,0.8837353291051375,-10.630619307355937,5.2127290842097075e-09,27.384600717633596,-3.3730838948961966e-15,4.408712179123105,0-2,11,1.75,1750,,,,,0,0.07425722928746774,0.049795624990730605,4.408712179123105,0.8837353291051375,3.1469578666603195e-07,negative_baseline,20.0,0,0,0,0,0,0,0,0,0,0,-1,0,0,0,0,0,0,1,0,0
sim_0039_n3_seed81,81,0.001,3,534.85,0,body_0,23.12038132751752,16.22432647230617,8.238453024668512e-08,6.100638181281052e-08,0.08282641948014888,0.12632815061972544,2,3.4982147759025244,1.9127151330203433,-10.630618859616979,4.7330591037352354e-08,27.384600717633656,-1.1676059636179143e-15,3.4982147759025244,0-2,11,2.6000000000000227,2600,,,,,0,0.08282641948014888,0.125799295998349,3.4982147759025244,1.9127151330203433,5.112131375567407e-07,negative_hard,10.0,0,0,0,0,1,0,0,0,0,0,-1,0,0,0,0,0,0,1,0,0
sim_0039_n3_seed81,81,0.001,3,535.0,0,body_0,23.12038132751752,16.22432647230617,8.881436302712967e-08,7.521734552174604e-08,0.10120731761112577,0.18281663043296387,2,3.223857237611082,2.2009680202250212,-10.630618527316553,7.858939299975801e-08,27.384600717633695,2.5946799191509205e-16,3.223857237611082,0-2,11,2.75,2750,,,,,0,0.10120731761112577,0.1817592606763487,3.223857237611082,2.2009680202250212,5.60045798885131e-07,negative_baseline,20.0,0,0,0,0,1,0,0,0,0,0,-1,0,0,0,0,0,0,1,0,0
sim_0039_n3_seed81,81,0.001,3,535.35,0,body_0,23.12038132751752,16.22432647230617,1.0675820736664166e-07,1.5884885795346532e-07,0.2133308505073081,0.6440995801824233,2,2.384555135899762,3.1904720126221724,-10.630615288092391,3.832963955976079e-07,27.384600717633724,1.2973399595754602e-15,2.384555135899762,0-2,11,3.1000000000000227,3100,,,,,0,0.2133308505073081,0.6336289703907317,2.384555135899762,3.1904720126221724,7.001027141418282e-07,negative_hard,10.0,0,0,0,1,1,0,0,0,0,0,-1,1,0,0,0,0,0,1,0,0
sim_0039_n3_seed81,81,0.001,3,535.85,0,body_0,23.12038132751752,16.22432647230617,6.180546063190911e-06,0.000524355039405475,27.553159851065438,117.44528169852732,2,0.22755836611002933,14.326595339142267,-10.654842208451328,-0.0022785921360031413,27.384600717633763,2.7244139151084665e-15,0.22755836611002933,0-2,11,3.6000000000000227,3600,,,,,0,27.553159851065438,1961.9970624667635,0.22755836611002933,14.326595339142267,5.7662893200853325e-05,negative_hard,10.0,1,1,1,1,0,0,1,1,0,0,-1,1,0,0,1,1,0,1,0,0
sim_0039_n3_seed81,81,0.001,3,536.0,0,body_0,23.12038132751752,16.22432647230617,4.7355312065606425e-05,0.00023939484507012432,1.0854778650018027,11.646046767837841,2,1.138953335103611,5.714669969664373,-10.630520155917594,9.332179950816245e-06,27.38460071763375,2.2054779312782825e-15,1.138953335103611,0-2,11,3.75,3750,,,,,0,1.0854778650018027,10.099913269587596,1.138953335103611,5.714669969664373,0.00044407514347956297,negative_baseline,20.0,0,1,1,1,0,1,1,1,0,0,-1,1,0,0,1,1,0,1,0,0
sim_0039_n3_seed81,81,0.001,3,536.35,0,body_0,23.12038132751752,16.22432647230617,0.00010261037782094267,0.00013139339928255103,0.21932136107231887,0.5818109652198407,2,2.4338821721725648,3.1204864053724424,-10.63061569031664,3.454600066866059e-07,27.38460071763374,1.9460099393631903e-15,2.4338821721725648,0-2,11,4.100000000000023,4100,,,,,0,0.21932136107231887,0.5755123200897552,2.4338821721725648,3.1204864053724424,0.0009626224187523837,negative_hard,10.0,0,0,0,1,0,1,0,0,0,0,-1,1,0,0,1,1,0,1,0,0
sim_0039_n3_seed81,81,0.001,3,537.0,0,body_0,23.12038132751752,16.22432647230617,0.00015840089703034055,6.814405586457427e-05,0.078409341072646,0.07727769619177512,2,3.7520988454578563,1.6380687010679418,-10.630619078721544,2.6719885477782526e-08,27.384600717633788,3.6325518868112884e-15,3.7520988454578563,0-2,11,4.75,4750,,,,,0,0.078409341072646,0.07716207830286492,3.7520988454578563,1.6380687010679418,0.0014859109467819404,negative_baseline,20.0,0,0,0,0,0,0,0,0,0,0,-1,0,0,0,0,0,0,1,0,0
sim_0039_n3_seed81,81,0.001,3,538.0,0,body_0,23.12038132751752,16.22432647230617,0.00018924550993855752,2.7584009706900735e-05,0.047642528216366394,0.013502260292097258,2,4.502732100482688,0.727918083071773,-10.63061935231671,9.83363762375704e-10,27.38460071763389,7.394837769580123e-15,4.502732100482688,0-2,11,5.75,5750,,,,,0,0.047642528216366394,0.013496733921085444,4.502732100482688,0.727918083071773,0.001775957456192325,negative_baseline,20.0,0,0,0,0,0,0,0,0,0,0,-1,0,0,0,0,0,0,1,0,0
sim_0039_n3_seed81,81,0.001,3,539.0,0,body_0,23.12038132751752,16.22432647230617,0.00017079133169445193,5.123223178991715e-05,0.06260912177720036,0.04577058033841025,2,4.118438046459342,1.2428311524198672,-10.63061925561428,1.0079958010720696e-08,27.384600717633983,1.076792166447632e-14,4.118438046459342,0-2,11,6.75,6750,,,,,0,0.06260912177720036,0.04566061445771839,4.118438046459342,1.2428311524198672,0.0016066311605159769,negative_baseline,20.0,0,0,0,0,0,0,0,0,0,0,-1,0,0,0,0,0,0,1,0,0
sim_0039_n3_seed81,81,0.001,3,539.85,0,body_0,23.12038132751752,16.22432647230617,0.00010882443703992678,0.00011375148971012,0.1718328327415785,0.3640676733529087,2,2.7303824907977026,2.7535332970846125,-10.630617330528597,1.9116871834364123e-07,27.384600717634086,1.4530207547245154e-14,2.7303824907977026,0-2,11,7.600000000000023,7600,,,,,0,0.1718328327415785,0.36024632969337456,2.7303824907977026,2.7535332970846125,0.0010325412323503593,negative_hard,10.0,0,0,0,1,1,0,0,0,0,0,-1,1,0,0,1,1,0,1,0,0
sim_0039_n3_seed81,81,0.001,3,540.0,0,body_0,23.12038132751752,16.22432647230617,9.073326428645749e-05,0.00013406990614457082,0.24544705265419967,0.7071779531012224,2,2.322579854822303,3.276182559766339,-10.630614815498053,4.2775235085728687e-07,27.384600717634193,1.8422227425971537e-14,2.322579854822303,0-2,11,7.75,7750,,,,,0,0.24544705265419967,0.6946712205449583,2.322579854822303,3.276182559766339,0.0008646973950656535,negative_baseline,20.0,0,0,0,1,1,0,0,0,0,0,-1,1,0,0,1,1,0,1,0,0
sim_0039_n3_seed81,81,0.001,3,540.35,0,body_0,23.12038132751752,16.22432647230617,3.063455463000704e-05,0.00023325516476190635,1.5759741713537287,24.80268007381138,2,0.9465687996284934,6.437916077957021,-10.63042062203029,1.8695123341794677e-05,27.384600717634218,1.9330365397674358e-14,0.9465687996284934,0-2,11,8.100000000000023,8100,,,,,0,1.5759741713537287,19.06312093606087,0.9465687996284934,6.437916077957021,0.0003026751935965842,negative_hard,10.0,0,1,1,1,1,0,1,1,0,0,-1,1,0,0,1,1,0,1,0,0
sim_0039_n3_seed81,81,0.001,3,540.85,0,body_0,23.12038132751752,16.22432647230617,0.00015862969443932725,0.0002885075983543337,0.3384531998359942,1.234872810221566,2,2.0167033273206347,3.7320901135151123,-10.630610602293826,8.240796091865416e-07,27.38460071763413,1.6087015498735707e-14,2.0167033273206347,0-2,11,8.600000000000023,8600,,,,,0,0.3384531998359942,1.2086383810579735,2.0167033273206347,3.7320901135151123,0.0014807964611760905,negative_hard,10.0,0,0,0,1,0,1,0,0,0,0,-1,1,0,0,1,1,0,1,0,0
sim_0039_n3_seed81,81,0.001,3,541.0,0,body_0,23.12038132751752,16.22432647230617,0.00019547617819722115,0.00023738976000550784,0.21960956422364047,0.542473458223563,2,2.4758176578598574,3.0688796657230974,-10.630616031170732,3.133965793371109e-07,27.384600717634147,1.673568547852344e-14,2.4758176578598574,0-2,11,8.75,8750,,,,,0,0.21960956422364047,0.5370461934896111,2.4758176578598574,3.0688796657230974,0.001828976732337478,negative_baseline,20.0,0,0,0,1,0,1,0,0,0,0,-1,1,0,0,1,1,0,1,0,0
sim_0039_n3_seed81,81,0.001,3,542.0,0,body_0,23.12038132751752,16.22432647230617,0.0003276417737982117,8.691599039118222e-05,0.06785476269208367,0.037919344110781926,2,4.1644667559441935,1.1830904665903332,-10.630619275102806,8.24671333482669e-09,27.38460071763414,1.6476217486608347e-14,4.1644667559441935,0-2,11,9.75,9750,,,,,0,0.06785476269208367,0.03789537374024052,4.1644667559441935,1.1830904665903332,0.003079941230820278,negative_baseline,20.0,0,0,0,0,0,0,0,0,0,0,-1,0,0,0,0,0,0,1,0,0
sim_0039_n3_seed81,81,0.001,3,543.0,0,body_0,23.12038132751752,16.22432647230617,0.00034822227549847915,5.359118447617802e-05,0.05682571500823078,0.014693284232146562,2,4.479407662593875,0.7605929582542197,-10.630619354246171,8.018634217515888e-10,27.384600717634097,1.4919409535117794e-14,4.479407662593875,0-2,11,10.75,10750,,,,,0,0.05682571500823078,0.014669265477243409,4.479407662593875,0.7605929582542197,0.0032847426872698957,negative_baseline,20.0,0,0,0,0,0,0,0,0,0,0,-1,0,0,0,0,0,0,1,0,0
sim_0039_n3_seed81,81,0.001,3,544.0,0,body_0,23.12038132751752,16.22432647230617,0.0002756644644665984,0.00013604041575555689,0.09365491842519232,0.09416644582192249,2,3.644476132972439,1.7554130976594895,-10.6306190193581,3.230407976717703e-08,27.384600717634108,1.530861152299043e-14,3.644476132972439,0-2,11,11.75,11750,,,,,0,0.09365491842519232,0.0937967151140262,3.644476132972439,1.7554130976594895,0.002622194044691388,negative_baseline,20.0,0,0,0,0,0,0,0,0,0,0,-1,0,0,0,1,1,0,1,0,0
sim_0039_n3_seed81,81,0.001,3,544.3,0,body_0,23.12038132751752,16.22432647230617,0.00023084394019499803,0.0001793621872313922,0.13397552713726701,0.20472827566300877,2,3.110300458145069,2.3216073477871904,-10.630618378556022,9.258298320632954e-08,27.384600717634118,1.569781351086307e-14,3.110300458145069,0-2,11,12.049999999999955,12050,,,,,0,0.13397552713726701,0.20333289486265296,3.110300458145069,2.3216073477871904,0.0022095156578245574,negative_hard,10.0,0,0,0,0,1,0,0,0,0,0,-1,0,0,0,1,1,0,1,0,0
sim_0039_n3_seed81,81,0.001,3,544.8,0,body_0,23.12038132751752,16.22432647230617,0.00011428110885222613,0.0003163632192959096,0.47600456868551777,2.3563104553460885,2,1.708785101003273,4.280778404415574,-10.630601231480641,1.7055722922742177e-06,27.384600717634132,1.6216749494693255e-14,1.708785101003273,0-2,11,12.549999999999955,12550,,,,,0,0.47600456868551777,2.249933656862023,1.708785101003273,4.280778404415574,0.0011321888847316596,negative_hard,10.0,0,0,0,1,1,0,1,0,0,0,-1,1,0,0,1,1,0,1,0,0
sim_0039_n3_seed81,81,0.001,3,545.0,0,body_0,23.12038132751752,16.22432647230617,4.540317825287861e-05,0.0004614971329097103,2.4243574641067833,63.14502649536039,2,0.7653474385021074,7.330469795751356,-10.630191801652991,4.0219774868664854e-05,27.38460071763411,1.5438345518947978e-14,0.7653474385021074,0-2,11,12.75,12750,,,,,0,2.4243574641067833,39.82589212205907,0.7653474385021074,7.330469795751356,0.0004578180721401105,negative_baseline,20.0,0,1,1,1,1,0,1,1,0,0,-1,1,0,0,1,1,0,1,0,0
sim_0039_n3_seed81,81,0.001,3,545.3,0,body_0,23.12038132751752,16.22432647230617,0.00015215336599908803,0.0005508907331558774,0.7619041069202481,5.698031122951688,2,1.3610128725524082,5.065813183024326,-10.63057219494204,4.4369783947991004e-06,27.384600717634136,1.63464834906508e-14,1.3610128725524082,0-2,11,13.049999999999955,13050,,,,,0,0.7619041069202481,5.263372212546901,1.3610128725524082,5.065813183024326,0.0013922155765406104,negative_hard,10.0,0,1,1,1,0,1,1,1,0,0,-1,1,0,0,1,1,0,1,0,0
sim_0039_n3_seed81,81,0.001,3,546.0,0,body_0,23.12038132751752,16.22432647230617,0.00037968363041483634,0.00022723041621272797,0.11742095875209238,0.14625129208090534,2,3.3362344075242127,2.0777536441459548,-10.630618724468722,6.004370326703911e-08,27.384600717634118,1.569781351086307e-14,3.3362344075242127,0-2,11,13.75,13750,,,,,0,0.11742095875209238,0.14584980111370788,3.3362344075242127,2.0777536441459548,0.0035600059536898027,negative_baseline,20.0,0,0,0,0,0,1,0,0,0,0,-1,0,0,0,1,1,0,1,0,0
sim_0039_n3_seed81,81,0.001,3,547.0,0,body_0,23.12038132751752,16.22432647230617,0.0004964848010908583,8.42151517340055e-05,0.06211254104817674,0.019009459097044802,2,4.4135956601328,0.8578420581511643,-10.630619341809822,1.971724594956772e-09,27.384600717634076,1.4141005559372517e-14,4.4135956601328,0-2,11,14.75,14750,,,,,0,0.06211254104817674,0.019006278830617823,4.4135956601328,0.8578420581511643,0.004683574058043317,negative_baseline,20.0,0,0,0,0,0,0,0,0,0,0,-1,0,0,0,0,0,0,1,0,0
sim_0039_n3_seed81,81,0.001,3,548.0,0,body_0,23.12038132751752,16.22432647230617,0.00047446510294721643,0.0001094022148073155,0.06603190199509118,0.028272303537422196,2,4.299944774175353,1.0152125581997915,-10.630619315125692,4.481844612446857e-09,27.384600717633962,9.989517688731043e-15,4.299944774175353,0-2,11,15.75,15750,,,,,0,0.06603190199509118,0.028210561943080192,4.299944774175353,1.0152125581997915,0.004507232888702573,negative_baseline,20.0,0,0,0,0,0,0,0,0,0,0,-1,0,0,0,0,0,0,1,0,0
sim_0039_n3_seed81,81,0.001,3,548.7,0,body_0,23.12038132751752,16.22432647230617,0.000375580705466509,0.00021169630507682027,0.10508091074725798,0.11495285318061682,2,3.504343034630381,1.9019434124900136,-10.630618905390296,4.3024791345096085e-08,27.384600717633976,1.0508453672561228e-14,3.504343034630381,0-2,11,16.450000000000045,16450,,,,,0,0.10508091074725798,0.11443224540569293,3.504343034630381,1.9019434124900136,0.0036084931352199203,negative_hard,10.0,0,0,0,0,1,0,0,0,0,0,-1,0,0,0,1,1,0,1,0,0
sim_0039_n3_seed81,81,0.001,3,549.0,0,body_0,23.12038132751752,16.22432647230617,0.0003046011084794924,0.00028026271241451213,0.15639430031878856,0.2706791574519137,2,2.9192538236806453,2.534099401514416,-10.630617955192484,1.3240790060364635e-07,27.38460071763394,9.211113712985768e-15,2.9192538236806453,0-2,11,16.75,16750,,,,,0,0.15639430031878856,0.26839575077818023,2.9192538236806453,2.534099401514416,0.0029587867352528978,negative_baseline,20.0,0,0,0,0,1,0,0,0,0,0,-1,0,0,0,1,1,0,1,0,0
sim_0039_n3_seed81,81,0.001,3,549.2,0,body_0,23.12038132751752,16.22432647230617,0.00024319262380128709,0.0003451676465841081,0.23484984519855923,0.6063094249502323,2,2.4095221986019455,3.158584752657729,-10.630615583038505,3.555514351499013e-07,27.38460071763394,9.211113712985768e-15,2.4095221986019455,0-2,11,16.950000000000045,16950,,,,,0,0.23484984519855923,0.5967845729343965,2.4095221986019455,3.158584752657729,0.0023951220975268715,negative_hard,10.0,0,0,0,1,1,0,0,0,0,0,-1,1,0,0,1,1,0,1,0,0
sim_0039_n3_seed81,81,0.001,3,549.7,0,body_0,23.12038132751752,16.22432647230617,0.0001115772777821689,0.002715113863541631,26.451403429648106,116.34356818641737,2,0.23215053565836297,14.178023463391778,-10.66015242671537,-0.0027781131970844855,27.3846007176339,7.784039757452761e-15,0.23215053565836297,0-2,11,17.450000000000045,17450,,,,,0,26.451403429648106,1650.3302250782524,0.23215053565836297,14.178023463391778,0.0010370426022918457,negative_hard,10.0,1,1,1,1,0,0,1,1,0,0,-1,1,0,0,1,1,0,1,0,0
sim_0039_n3_seed81,81,0.001,3,550.0,0,body_0,23.12038132751752,16.22432647230617,0.0002547348970630937,0.000605471590620668,0.4751397297208826,2.3054597608838345,2,1.717842942286183,4.263315959217739,-10.630601696356635,1.6618423854987138e-06,27.384600717633926,8.692177729155584e-15,1.717842942286183,0-2,11,17.75,17750,,,,,0,0.4751397297208826,2.221671570906922,1.717842942286183,4.263315959217739,0.002324392543068447,negative_baseline,20.0,0,0,0,1,0,1,1,0,0,0,-1,1,0,0,1,1,0,1,0,0
sim_0039_n3_seed81,81,0.001,3,550.2,0,body_0,23.12038132751752,16.22432647230617,0.00035371185045422537,0.00045664070811213535,0.24284240733929274,0.6367898534679409,2,2.3801376838631825,3.197713719309896,-10.630615352310393,3.7725554328302215e-07,27.384600717633937,9.081379717028222e-15,2.3801376838631825,0-2,11,17.950000000000045,17950,,,,,0,0.24284240733929274,0.6294412516280086,2.3801376838631825,3.197713719309896,0.0032755878131255282,negative_hard,10.0,0,0,0,1,0,1,0,0,0,0,-1,1,0,0,1,1,0,1,0,0
sim_0039_n3_seed81,81,0.001,3,550.8000000000001,0,body_0,23.12038132751752,16.22432647230617,0.000537401304213361,0.0002442412907719221,0.09789879454782598,0.09273834274771303,2,3.645920838978435,1.7520992983431043,-10.630619021771356,3.207706991093441e-08,27.384600717634022,1.2194995620009327e-14,3.645920838978435,0-2,11,18.550000000000068,18550,,,,,0,0.09789879454782598,0.09258092422486416,3.645920838978435,1.7520992983431043,0.005042675541650955,negative_hard,8.0,0,0,0,0,0,0,0,0,0,0,-1,0,0,0,1,1,0,1,0,0
sim_0039_n3_seed81,81,0.001,3,551.0,0,body_0,23.12038132751752,16.22432647230617,0.0005754912672468715,0.00020068468890702332,0.08362213121316288,0.060600331272592664,2,3.9163202816798,1.4634559042219089,-10.630619180483466,1.714735559186102e-08,27.384600717634033,1.2584197607881964e-14,3.9163202816798,0-2,11,18.75,18750,,,,,0,0.08362213121316288,0.060535775928625746,3.9163202816798,1.4634559042219089,0.005411211616071754,negative_baseline,20.0,0,0,0,0,0,0,0,0,0,0,-1,0,0,0,0,0,0,1,0,0
sim_0039_n3_seed81,81,0.001,3,551.2,0,body_0,23.12038132751752,16.22432647230617,0.0006049452910671398,0.00016397948752542674,0.07432932637753854,0.04116023489079427,2,4.1296276642754774,1.2229200926734283,-10.63061926490033,9.206438724370707e-09,27.38460071763405,1.3232867587669694e-14,4.1296276642754774,0-2,11,18.950000000000045,18950,,,,,0,0.07432932637753854,0.04113267777969103,4.1296276642754774,1.2229200926734283,0.005698080324581133,negative_hard,8.0,0,0,0,0,0,0,0,0,0,0,-1,0,0,0,0,0,0,1,0,0
sim_0039_n3_seed81,81,0.001,3,551.6,0,body_0,23.12038132751752,16.22432647230617,0.0006410349018993012,0.00010908914641950164,0.06438496578525334,0.019738128467708758,2,4.405080759545871,0.8683799097209863,-10.630619339156587,2.2213089101037197e-09,27.384600717634033,1.2584197607881964e-14,4.405080759545871,0-2,11,19.350000000000023,19350,,,,,0,0.06438496578525334,0.019734649884586015,4.405080759545871,0.8683799097209863,0.006056976918964036,negative_hard,8.0,0,0,0,0,0,0,0,0,0,0,-1,0,0,0,0,0,0,1,0,0
sim_0039_n3_seed81,81,0.001,3,552.0,0,body_0,23.12038132751752,16.22432647230617,0.0006494531996646035,8.919461152479945e-05,0.06160855736059156,0.011966948329671484,2,4.497048409231386,0.7260046416953848,-10.630619357396025,5.055633094341418e-10,27.384600717634026,1.2324729615966873e-14,4.497048409231386,0-2,11,19.75,19750,,,,,0,0.06160855736059156,0.011958058903413287,4.497048409231386,0.7260046416953848,0.006156571320364494,negative_hard,8.0,0,0,0,0,0,0,0,0,0,0,-1,0,0,0,0,0,0,1,0,0
sim_0039_n3_seed81,81,0.001,3,552.4,0,body_0,23.12038132751752,16.22432647230617,0.0006312970726873931,0.00011545399667475395,0.06448137070075617,0.019554198906011015,2,4.412785920444749,0.8576336294329181,-10.630619340055897,2.1367126304963316e-09,27.38460071763402,1.2065261624051781e-14,4.412785920444749,0-2,11,20.149999999999977,20150,,,,,0,0.06448137070075617,0.019516502167969678,4.412785920444749,0.8576336294329181,0.00600836534837433,negative_hard,8.0,0,0,0,0,0,0,0,0,0,0,-1,0,0,0,0,0,0,1,0,0
sim_0039_n3_seed81,81,0.001,3,552.8000000000001,0,body_0,23.12038132751752,16.22432647230617,0.0005855462029418217,0.0001714507213832542,0.0742955002493902,0.04038334454831483,2,4.145631770408089,1.204888646284485,-10.630619268598519,8.858557919314831e-09,27.384600717633937,9.081379717028222e-15,4.145631770408089,0-2,11,20.550000000000068,20550,,,,,0,0.0742955002493902,0.040283409675805334,4.145631770408089,1.204888646284485,0.005603936316443642,negative_hard,8.0,0,0,0,0,0,0,0,0,0,0,-1,0,0,0,0,0,0,1,0,0
sim_0039_n3_seed81,81,0.001,3,553.0,0,body_0,23.12038132751752,16.22432647230617,0.0005513286076746003,0.00020728364809073272,0.08332402577478468,0.0591057609968606,2,3.936958463527454,1.4418457846073174,-10.630619187982141,1.644197096633189e-08,27.384600717633955,9.730049696815953e-15,3.936958463527454,0-2,11,20.75,20750,,,,,0,0.08332402577478468,0.05892943157156133,3.936958463527454,1.4418457846073174,0.0052967346568562855,negative_baseline,20.0,0,0,0,0,0,0,0,0,0,0,-1,0,0,0,0,0,0,1,0,0
sim_0039_n3_seed81,81,0.001,3,553.65,0,body_0,23.12038132751752,16.22432647230617,0.00037354752012703514,0.0003788253700691943,0.17067554288216158,0.31514130422975317,2,2.819074817775033,2.649981398574908,-10.630617658866903,1.6028262462956557e-07,27.384600717633926,8.692177729155584e-15,2.819074817775033,0-2,11,21.399999999999977,21400,,,,,0,0.17067554288216158,0.3121614672118534,2.819074817775033,2.649981398574908,0.003683575735744827,negative_hard,10.0,0,0,0,0,1,0,0,0,0,0,-1,0,0,0,1,1,0,1,0,0
sim_0039_n3_seed81,81,0.001,3,554.0,0,body_0,23.12038132751752,16.22432647230617,0.00021291604160679142,0.0005691879428998413,0.44009191062612435,1.9953625809217805,2,1.7830206456561157,4.140280958251653,-10.630604347227294,1.4124805592004354e-06,27.38460071763393,8.82191172511313e-15,1.7830206456561157,0-2,11,21.75,21750,,,,,0,0.44009191062612435,1.9162784138802647,1.7830206456561157,4.140280958251653,0.0022065779747283344,negative_baseline,20.0,0,0,0,1,1,0,1,0,0,0,-1,1,0,0,1,1,0,1,0,0
sim_0039_n3_seed81,81,0.001,3,554.15,0,body_0,23.12038132751752,16.22432647230617,0.00012251946035627252,0.0007319257616945987,1.080469466197666,11.258724076262807,2,1.1447604281531898,5.7003347509563795,-10.630525473932444,8.831925481312406e-06,27.38460071763387,6.616433793834847e-15,1.1447604281531898,0-2,11,21.899999999999977,21900,,,,,0,1.080469466197666,9.687088111044224,1.1447604281531898,5.7003347509563795,0.001322852514303588,negative_hard,10.0,0,1,1,1,1,0,1,1,0,0,-1,1,0,0,1,1,0,1,0,0
sim_0039_n3_seed81,81,0.001,3,554.65,0,body_0,23.12038132751752,16.22432647230617,0.0003458318074217342,0.0006913275631940354,0.39853785990317164,1.6410432301069522,2,1.8745330143019676,3.9744661018782983,-10.630607311645292,1.1336239943075651e-06,27.38460071763382,4.800157850429203e-15,1.8745330143019676,0-2,11,22.399999999999977,22400,,,,,0,0.39853785990317164,1.596554029799415,1.8745330143019676,3.9744661018782983,0.0031321933265253347,negative_hard,10.0,0,0,0,1,0,1,1,0,0,0,-1,1,0,0,1,1,0,1,0,0
sim_0039_n3_seed81,81,0.001,3,555.0,0,body_0,23.12038132751752,16.22432647230617,0.0005254492463254037,0.00044795827800306586,0.16562887924676392,0.28666520559010616,2,2.8779921601390486,2.5809898883306626,-10.630617837597656,1.434697987004963e-07,27.384600717633866,6.486699797877301e-15,2.8779921601390486,0-2,11,22.75,22750,,,,,0,0.16562887924676392,0.28511511929649447,2.8779921601390486,2.5809898883306626,0.004877988279707829,negative_baseline,20.0,0,0,0,0,0,1,0,0,0,0,-1,0,0,0,1,1,0,1,0,0
sim_0039_n3_seed81,81,0.001,3,555.0500000000001,0,body_0,23.12038132751752,16.22432647230617,0.000545315604531389,0.00042495640885888163,0.15308297766749038,0.24185880255450362,2,2.990837321144537,2.4530401369571724,-10.630618129191532,1.1604017619164581e-07,27.384600717633866,6.486699797877301e-15,2.990837321144537,0-2,11,22.800000000000068,22800,,,,,0,0.15308297766749038,0.24075158938752783,2.990837321144537,2.4530401369571724,0.00507113546424489,negative_hard,8.0,0,0,0,0,0,1,0,0,0,0,-1,0,0,0,0,0,0,1,0,0
sim_0039_n3_seed81,81,0.001,3,555.45,0,body_0,23.12038132751752,16.22432647230617,0.0006696336321712716,0.00028524236464911023,0.09950354403950072,0.0832492282893132,2,3.7075609928635416,1.685322401028204,-10.630619058251021,2.8645504518016215e-08,27.384600717633905,7.913773753410307e-15,3.7075609928635416,0-2,11,23.200000000000045,23200,,,,,0,0.09950354403950072,0.08312044079485316,3.7075609928635416,1.685322401028204,0.006283084922439468,negative_hard,8.0,0,0,0,0,0,0,0,0,0,0,-1,0,0,0,0,0,0,1,0,0
sim_0039_n3_seed81,81,0.001,3,555.85,0,body_0,23.12038132751752,16.22432647230617,0.0007461753111389095,0.00019064591717760643,0.0806815707779303,0.037033160041757364,2,4.165824205399818,1.1746955468920675,-10.630619268619387,8.856594850236997e-09,27.3846007176339,7.784039757452761e-15,4.165824205399818,0-2,11,23.600000000000023,23600,,,,,0,0.0806815707779303,0.037010963833308756,4.165824205399818,1.1746955468920675,0.007039126670761997,negative_hard,8.0,0,0,0,0,0,0,0,0,0,0,-1,0,0,0,0,0,0,1,0,0
sim_0039_n3_seed81,81,0.001,3,556.0,0,body_0,23.12038132751752,16.22432647230617,0.000764803759843465,0.00016320518597700195,0.07740317984067284,0.028175836115558284,2,4.28298500961093,1.027739084674434,-10.630619301381847,5.77469921517918e-09,27.384600717633873,6.746167789792393e-15,4.28298500961093,0-2,11,23.75,23750,,,,,0,0.07740317984067284,0.028164707969960835,4.28298500961093,1.027739084674434,0.007227369366916567,negative_baseline,20.0,0,0,0,0,0,0,0,0,0,0,-1,0,0,0,0,0,0,1,0,0
sim_0039_n3_seed81,81,0.001,3,556.25,0,body_0,23.12038132751752,16.22432647230617,0.000784814991953192,0.00012832916593108216,0.07476723037946925,0.019096793889701116,2,4.418284294690831,0.8386947388651329,-10.630619331571326,2.9348384008065702e-09,27.384600717633823,4.929891846386749e-15,4.418284294690831,0-2,11,24.0,24000,,,,,0,0.07476723037946925,0.01909207191292295,4.418284294690831,0.8386947388651329,0.007437361582291615,negative_hard,8.0,0,0,0,0,0,0,0,0,0,0,-1,0,0,0,0,0,0,1,0,0
sim_0039_n3_seed81,81,0.001,3,556.65,0,body_0,23.12038132751752,16.22432647230617,0.0007896331807582342,0.00011366925333043986,0.07612669532329444,0.018308715705188095,2,4.4868494439162685,0.7295383163892322,-10.630619341662754,1.985558985073558e-09,27.384600717633816,4.670423854471657e-15,4.4868494439162685,0-2,11,24.399999999999977,24400,,,,,0,0.07612669532329444,0.018290701397238162,4.4868494439162685,0.7295383163892322,0.0075188467503226695,negative_hard,8.0,0,0,0,0,0,0,0,0,0,0,-1,0,0,0,0,0,0,1,0,0
sim_0039_n3_seed81,81,0.001,3,557.0,0,body_0,23.12038132751752,16.22432647230617,0.0007669241076828645,0.00014712098260542927,0.08235773035561292,0.02890895616899055,2,4.400209947399399,0.8656680786877486,-10.630619319374475,4.082170565804491e-09,27.384600717633774,3.113615902981105e-15,4.400209947399399,0-2,11,24.75,24750,,,,,0,0.08235773035561292,0.02886557308097837,4.400209947399399,0.8656680786877486,0.0073393426791207046,negative_baseline,20.0,0,0,0,0,0,0,0,0,0,0,-1,0,0,0,0,0,0,1,0,0
sim_0039_n3_seed81,81,0.001,3,557.0500000000001,0,body_0,23.12038132751752,16.22432647230617,0.0007615929360658808,0.0001544461993438462,0.0836706379870257,0.031111782754301077,2,4.376446744780725,0.9003047098250561,-10.630619313294588,4.654092728450642e-09,27.384600717633763,2.7244139151084665e-15,4.376446744780725,0-2,11,24.800000000000068,24800,,,,,0,0.0836706379870257,0.03106327297530355,4.376446744780725,0.9003047098250561,0.007294306706109702,negative_hard,8.0,0,0,0,0,0,0,0,0,0,0,-1,0,0,0,0,0,0,1,0,0
sim_0039_n3_seed81,81,0.001,3,557.45,0,body_0,23.12038132751752,16.22432647230617,0.0006990707455604683,0.0002285993030514786,0.09930718325419455,0.057751390266624826,2,4.077623495086973,1.2813883252134142,-10.630619218906293,1.3533001030280124e-08,27.384600717633738,1.8162759434056442e-15,4.077623495086973,0-2,11,25.200000000000045,25200,,,,,0,0.09930718325419455,0.0576237805817586,4.077623495086973,1.2813883252134142,0.0067495334609285,negative_hard,8.0,0,0,0,0,0,0,0,0,0,0,-1,0,0,0,0,0,0,1,0,0
sim_0039_n3_seed81,81,0.001,3,557.85,0,body_0,23.12038132751752,16.22432647230617,0.0005970899786823375,0.0003302692376823614,0.13075433835691896,0.12168315606424054,2,3.5619695136012464,1.8457173285769037,-10.630618915030556,4.211795235324234e-08,27.38460071763375,2.2054779312782825e-15,3.5619695136012464,0-2,11,25.600000000000023,25600,,,,,0,0.13075433835691896,0.12121758075307415,3.5619695136012464,1.8457173285769037,0.005837929641797731,negative_hard,8.0,0,0,0,0,0,0,0,0,0,0,-1,0,0,0,0,0,0,1,0,0
sim_0039_n3_seed81,81,0.001,3,558.0,0,body_0,23.12038132751752,16.22432647230617,0.0005466872060370834,0.00037850421713390693,0.15115904692919194,0.1727533249865639,2,3.301300852746773,2.1231481549092055,-10.630618632836565,6.866334742493294e-08,27.38460071763375,2.2054779312782825e-15,3.301300852746773,0-2,11,25.75,25750,,,,,0,0.15115904692919194,0.17187255629171302,3.301300852746773,2.1231481549092055,0.005382445903640461,negative_baseline,20.0,0,0,0,0,1,0,0,0,0,0,-1,0,0,0,0,0,0,1,0,0
sim_0039_n3_seed81,81,0.001,3,558.3000000000001,0,body_0,23.12038132751752,16.22432647230617,0.0004203641501118412,0.0005054547853790289,0.22959134597878228,0.44263960129844776,2,2.6366535192893186,2.8794588248651105,-10.630616881494348,2.3340842559491555e-07,27.384600717633713,9.081379717028221e-16,2.6366535192893186,0-2,11,26.050000000000068,26050,,,,,0,0.22959134597878228,0.4376519364677711,2.6366535192893186,2.8794588248651105,0.004229548993973901,negative_hard,10.0,0,0,0,1,1,0,0,0,0,0,-1,1,0,0,0,0,0,1,0,0
sim_0039_n3_seed81,81,0.001,3,558.8000000000001,0,body_0,23.12038132751752,16.22432647230617,0.00012620306281622534,0.001054467051254751,2.674977811162917,76.3893049240674,2,0.7334920792884106,7.52784135732387,-10.63012690200162,4.632474854476494e-05,27.384600717633727,1.4270739555330063e-15,0.7334920792884106,0-2,11,26.550000000000068,26550,,,,,0,2.674977811162917,46.078517551417725,0.7334920792884106,7.52784135732387,0.0011407670157189058,negative_hard,10.0,0,1,1,1,1,0,1,1,0,0,-1,1,0,0,1,1,0,1,0,0
sim_0039_n3_seed81,81,0.001,3,559.0,0,body_0,23.12038132751752,16.22432647230617,0.00020580563259667186,0.0012792279535790328,1.8232368653954072,32.607989158225585,2,0.886615817733629,6.715882902068107,-10.630369350084301,2.3518167440991544e-05,27.384600717633752,2.3352119272358286e-15,0.886615817733629,0-2,11,26.75,26750,,,,,0,1.8232368653954072,24.4473733194208,0.886615817733629,6.715882902068107,0.0016948417560450992,negative_baseline,20.0,0,1,1,1,0,1,1,1,0,0,-1,1,0,0,1,1,0,1,0,0
sim_0039_n3_seed81,81,0.001,3,559.3000000000001,0,body_0,23.12038132751752,16.22432647230617,0.0004617768776172234,0.0007264551469713807,0.3632023878644851,0.9547286105166514,2,2.1337950619611905,3.560944632438485,-10.63061260522208,6.356683619087494e-07,27.384600717633678,-3.892019878726381e-16,2.1337950619611905,0-2,11,27.050000000000068,27050,,,,,0,0.3632023878644851,0.9373389251268424,2.1337950619611905,3.560944632438485,0.004283601929739176,negative_hard,10.0,0,0,0,1,0,1,0,0,0,0,-1,1,0,0,0,0,0,1,0,0
sim_0039_n3_seed81,81,0.001,3,559.5500000000001,0,body_0,23.12038132751752,16.22432647230617,0.000601826968811657,0.0005390514859998398,0.2556344482170302,0.2660199184818297,2,2.8243578595856156,2.6446437777497933,-10.630617686613792,1.5767253313030105e-07,27.384600717633724,1.2973399595754602e-15,2.8243578595856156,0-2,11,27.300000000000068,27300,,,,,0,0.2556344482170302,0.2641552235162097,2.8243578595856156,2.6446437777497933,0.005699074053792283,negative_hard,8.0,0,0,0,0,0,1,0,0,0,0,-1,0,0,0,0,0,0,1,0,0
sim_0039_n3_seed81,81,0.001,3,559.95,0,body_0,23.12038132751752,16.22432647230617,0.0007542718112310448,0.00036266521863395087,0.22717919128088843,0.08640897920260832,2,3.592065603550579,1.7854142188889774,-10.630619036476686,3.069377042621189e-08,27.384600717633642,-1.6865419474480983e-15,2.9684211741647264,1-2,11,27.700000000000045,27700,,,,,0,0.22717919128088843,0.08628632619129588,3.592065603550579,1.7854142188889774,0.007279235496181612,negative_hard,8.0,0,0,0,0,0,0,0,0,0,0,-1,0,0,0,0,0,0,1,0,0
sim_0039_n3_seed81,81,0.001,3,560.0,0,body_0,23.12038132751752,16.22432647230617,0.0007686429146828329,0.0003461159519417965,0.22748206123820144,0.08767450732904661,2,3.6657889551905196,1.7044106461783888,-10.63061909610848,2.508433295334359e-08,27.384600717633656,-1.1676059636179143e-15,2.832019783774603,1-2,11,27.75,27750,,,,,0,0.22748206123820144,0.08759129700767429,3.6657889551905196,1.7044106461783888,0.007436014679602959,negative_baseline,20.0,0,0,0,0,0,0,0,0,0,0,-1,0,0,0,0,0,0,1,0,0
sim_0039_n3_seed81,81,0.001,3,560.35,0,body_0,23.12038132751752,16.22432647230617,0.0008452969698719014,0.0002527416202278357,0.23777666414275483,0.1268397138511903,1,3.988782363506697,3.347067829705616,-10.630619440914574,-7.35085085341334e-09,27.384600717633678,-3.892019878726381e-16,1.8975929805398024,1-2,11,28.100000000000023,28100,,,,,0,0.23777666414275483,0.12689805984285568,3.988782363506697,3.347067829705616,0.008408155937757468,negative_hard,8.0,0,0,0,0,0,0,0,0,0,0,-1,0,0,0,0,0,0,1,0,0
sim_0039_n3_seed81,81,0.001,3,560.65,0,body_0,23.12038132751752,16.22432647230617,0.0008812143097982342,0.0002001313162275303,0.24844337141607664,0.15444528039454758,1,3.818484851790126,3.4841898177850243,-10.63062155047918,-2.0579315553643153e-07,27.384600717633678,-3.892019878726381e-16,1.3438937827125559,1-2,11,28.399999999999977,28400,,,,,0,0.24844337141607664,0.15469096612752506,3.818484851790126,3.4841898177850243,0.009507311480817118,negative_pre_failure,1.0,0,0,0,0,0,0,0,0,0,0,-1,0,0,0,0,0,0,1,0,0
sim_0039_n3_seed81,81,0.001,3,560.7,0,body_0,23.12038132751752,16.22432647230617,0.0008848032259503295,0.0001934246143158711,0.24963536946091272,0.1565546858789904,1,3.801345897342474,3.4907683528875104,-10.630621962268089,-2.4452927190907926e-07,27.384600717633656,-1.1676059636179143e-15,1.3123377234146456,1-2,11,28.450000000000045,28450,,,,,0,0.24963536946091272,0.15682623448135308,3.801345897342474,3.4907683528875104,0.009775846405249155,negative_pre_failure,1.0,0,0,0,0,0,0,0,0,0,0,-1,0,0,0,0,0,0,1,0,0
sim_0039_n3_seed81,81,0.001,3,561.0,0,body_0,23.12038132751752,16.22432647230617,6.4565759610519444e-09,4.819416426906856e-09,0.25055468461434305,0.15093784176167077,1,3.778047931740862,3.396805224219714,-10.630617299434208,1.9409370213099314e-07,27.38460071763369,0.0,1.6041904637121138,1-2,12,0.25,250,,,,,0,0.25055468461434305,0.15116942897748328,3.778047931740862,3.396805224219714,1.300262554799608e-07,negative_baseline,20.0,0,0,0,0,0,0,0,0,0,0,-1,0,0,0,0,0,0,1,0,0
sim_0039_n3_seed81,81,0.001,3,561.15,0,body_0,23.12038132751752,16.22432647230617,1.0028921773553861e-08,7.730880386548356e-09,0.24724421628743098,0.13987735715953845,1,3.81054662715025,3.3232952879758657,-10.630616879368334,2.336084151788486e-07,27.384600717633703,5.189359838301841e-16,1.9625018768948168,1-2,12,0.39999999999997726,400,,,,,0,0.24724421628743098,0.14007627772085104,3.81054662715025,3.3232952879758657,1.7984636100085182e-07,negative_hard,10.0,0,0,0,0,0,0,0,0,0,0,-1,0,0,0,0,0,0,1,0,0
sim_0039_n3_seed81,81,0.001,3,562.0,0,body_0,23.12038132751752,16.22432647230617,2.670988653019116e-08,3.2938414417424295e-08,0.21894692373399982,0.0915202758788536,2,3.368061552828223,2.3909186728497858,-10.630616456147688,2.734198910338016e-07,27.384600717633703,5.189359838301841e-16,3.368061552828223,0-2,12,1.25,1250,,,,,0,0.21894692373399982,0.09113089537131977,3.368061552828223,2.3909186728497858,4.2613486589688146e-07,negative_baseline,20.0,0,0,0,0,0,0,0,0,0,0,-1,0,0,0,0,0,1,1,0,0
sim_0039_n3_seed81,81,0.001,3,562.3000000000001,0,body_0,23.12038132751752,16.22432647230617,3.742927274999161e-08,5.1675427728094267e-08,0.23187767108073137,0.22578804798475888,2,2.86886504472062,2.8877850319946945,-10.630615985955824,3.1764985055591633e-07,27.384600717633806,4.281221866599019e-15,2.86886504472062,0-2,12,1.5500000000000682,1550,,,,,0,0.23187767108073137,0.2243082387166171,2.86886504472062,2.8877850319946945,5.357273834084055e-07,negative_hard,10.0,0,0,0,0,1,0,0,0,0,0,-1,0,0,0,0,0,0,1,0,0
sim_0039_n3_seed81,81,0.001,3,562.8000000000001,0,body_0,23.12038132751752,16.22432647230617,9.115104923941556e-08,1.6203738472546257e-07,0.4639008452737091,1.6005448239482467,2,1.7692146441408303,4.367625931715462,-10.630613409692518,5.599935200903844e-07,27.384600717633777,3.2433498989386505e-15,1.7692146441408303,0-2,12,2.050000000000068,2050,,,,,0,0.4639008452737091,1.5806974724615912,1.7692146441408303,4.367625931715462,9.35590041453212e-07,negative_hard,10.0,0,0,0,1,1,0,1,0,0,0,-1,1,0,0,0,0,0,1,0,0
sim_0039_n3_seed81,81,0.001,3,563.0,0,body_0,23.12038132751752,16.22432647230617,1.5968859775242436e-07,4.591881241418358e-07,0.8759463495376969,4.608132573137409,2,1.2772090157105376,5.45771109371554,-10.630622895229177,-3.3229095879703466e-07,27.384600717633777,3.2433498989386505e-15,1.2772090157105376,0-2,12,2.25,2250,,,,,0,0.8759463495376969,4.612933482334652,1.2772090157105376,5.45771109371554,1.509461804637356e-06,negative_baseline,20.0,0,1,1,1,1,0,1,1,0,0,-1,1,0,0,1,1,0,1,0,0
sim_0039_n3_seed81,81,0.001,3,563.3000000000001,0,body_0,23.12038132751752,16.22432647230617,4.2368278777092004e-07,2.8131306491990997e-06,1.295690753152642,7.584622220365892,2,1.0566262782744786,6.149626460713861,-10.630664947731656,-4.288081401884739e-06,27.38460071763379,3.7622858827688345e-15,1.0566262782744786,0-2,12,2.550000000000068,2550,,,,,0,1.295690753152642,7.952288793333342,1.0566262782744786,6.149626460713861,3.917133090836561e-06,negative_hard,10.0,0,1,0,1,0,0,1,1,0,0,-1,1,0,0,1,1,0,1,0,0
sim_0039_n3_seed81,81,0.001,3,563.8000000000001,0,body_0,23.12038132751752,16.22432647230617,1.1846312744309566e-06,1.9956850720924683e-06,0.3037895219852289,0.7156850496050072,2,2.2103997653074865,3.677313523209932,-10.630614597880566,4.482231700326571e-07,27.384600717633788,3.6325518868112884e-15,2.2103997653074865,0-2,12,3.050000000000068,3050,,,,,0,0.3037895219852289,0.7118986700624853,2.2103997653074865,3.677313523209932,1.1041921194783572e-05,negative_hard,10.0,0,0,0,1,0,1,0,0,0,0,-1,1,0,0,0,0,0,1,0,0
sim_0039_n3_seed81,81,0.001,3,564.0,0,body_0,23.12038132751752,16.22432647230617,1.4414577453848742e-06,1.708994239619605e-06,0.21260640993338664,0.3638257028694772,2,2.64344541055114,3.1417193155370837,-10.630615552756648,3.58399985736518e-07,27.38460071763381,4.410955862556565e-15,2.64344541055114,0-2,12,3.25,3250,,,,,0,0.21260640993338664,0.3626491960701517,2.64344541055114,3.1417193155370837,1.3435023865758283e-05,negative_baseline,20.0,0,0,0,1,0,1,0,0,0,0,-1,1,0,0,0,0,0,1,0,0
sim_0039_n3_seed81,81,0.001,3,565.0,0,body_0,23.12038132751752,16.22432647230617,2.284533505733908e-06,9.701801405029197e-07,0.08147321330526583,0.05409048039862007,2,4.0855051344194235,1.8221666012595508,-10.63061653200149,2.6628448350261933e-07,27.38460071763383,5.189359838301841e-15,4.0855051344194235,0-2,12,4.25,4250,,,,,0,0.08147321330526583,0.05407105253644245,4.0855051344194235,1.8221666012595508,2.1118861765075542e-05,negative_baseline,20.0,0,0,0,0,0,0,0,0,0,0,-1,0,0,0,0,0,0,1,0,0
sim_0039_n3_seed81,81,0.001,3,566.0,0,body_0,23.12038132751752,16.22432647230617,2.606814632861003e-06,6.612793102498305e-07,0.051422163772102215,0.023638787377960983,2,4.622286591847526,1.4024306330267862,-10.630616611934641,2.587653400806324e-07,27.384600717633784,3.5028178908537427e-15,4.622286591847526,0-2,12,5.25,5250,,,,,0,0.051422163772102215,0.023633233284010995,4.622286591847526,1.4024306330267862,2.3743515953372647e-05,negative_baseline,20.0,0,0,0,0,0,0,0,0,0,0,-1,0,0,0,0,0,0,1,0,0
sim_0039_n3_seed81,81,0.001,3,567.0,0,body_0,23.12038132751752,16.22432647230617,2.490348772016162e-06,6.822966902512865e-07,0.04703086898131196,0.03228351197183803,2,4.424613979754226,1.568679374258983,-10.630616596707899,2.6019768771851697e-07,27.38460071763388,7.0056357817074854e-15,4.424613979754226,0-2,12,6.25,6250,,,,,0,0.04703086898131196,0.03224913975836525,4.424613979754226,1.568679374258983,2.2278967575495253e-05,negative_baseline,20.0,0,0,0,0,0,0,0,0,0,0,-1,0,0,0,0,0,0,1,0,0
sim_0039_n3_seed81,81,0.001,3,568.0,0,body_0,23.12038132751752,16.22432647230617,1.889787692959996e-06,1.0912501680947331e-06,0.09066459428711766,0.11967864091260531,2,3.454027648576494,2.356744122293372,-10.630616366193053,2.818817343818262e-07,27.38460071763382,4.800157850429203e-15,3.454027648576494,0-2,12,7.25,7250,,,,,0,0.09066459428711766,0.11933616721471117,3.454027648576494,2.356744122293372,1.6543057164657404e-05,negative_baseline,20.0,0,0,0,0,0,0,0,0,0,0,-1,0,0,0,0,0,0,1,0,0
sim_0039_n3_seed81,81,0.001,3,568.45,0,body_0,23.12038132751752,16.22432647230617,1.4503144595482384e-06,1.4086383799020424e-06,0.16985178217771116,0.330832720871993,2,2.7026521133475234,3.0788151978062737,-10.630615766958499,3.3825046823301273e-07,27.38460071763377,2.9838819070235587e-15,2.7026521133475234,0-2,12,7.7000000000000455,7700,,,,,0,0.16985178217771116,0.3290114179931452,2.7026521133475234,3.0788151978062737,1.2338099747057622e-05,negative_hard,10.0,0,0,0,1,1,0,0,0,0,0,-1,1,0,0,1,1,0,1,0,0
sim_0039_n3_seed81,81,0.001,3,568.95,0,body_0,23.12038132751752,16.22432647230617,1.0691295534722696e-06,1.5942813044834382e-06,0.5493399133983733,2.1903652916013874,2,1.5977601940846369,4.691566626532679,-10.630614953410511,4.147792160251571e-07,27.384600717633838,5.448827830216933e-15,1.5977601940846369,0-2,12,8.200000000000045,8200,,,,,0,0.5493399133983733,2.170850187862194,1.5977601940846369,4.691566626532679,7.147511853095222e-06,negative_hard,10.0,0,0,0,1,1,0,1,0,0,0,-1,1,0,0,1,1,0,1,0,0
sim_0039_n3_seed81,81,0.001,3,569.0,0,body_0,23.12038132751752,16.22432647230617,1.0740486903105289e-06,1.5137250534226065e-06,0.6448817143018871,2.8014423961116006,2,1.4806239907985426,4.943729550022967,-10.630616741637652,2.465644506900894e-07,27.38460071763384,5.578561826174479e-15,1.4806239907985426,0-2,12,8.25,8250,,,,,0,0.6448817143018871,2.784077980311049,1.4806239907985426,4.943729550022967,6.807653198663971e-06,negative_baseline,20.0,0,0,0,1,1,0,1,1,0,0,-1,1,0,0,1,1,0,1,0,0
sim_0039_n3_seed81,81,0.001,3,569.45,0,body_0,23.12038132751752,16.22432647230617,1.5873865670318962e-06,4.045410767281651e-06,0.9991409000180758,5.095638688253708,2,1.2099546944457613,5.6453327315614334,-10.630635202011558,-1.489964087780738e-06,27.38460071763379,3.7622858827688345e-15,1.2099546944457613,0-2,12,8.700000000000045,8700,,,,,0,0.9991409000180758,5.202628267919412,1.2099546944457613,5.6453327315614334,8.737613538575155e-06,negative_hard,10.0,0,1,1,1,0,1,1,1,0,0,-1,1,0,0,1,1,0,1,0,0
sim_0039_n3_seed81,81,0.001,3,569.95,0,body_0,23.12038132751752,16.22432647230617,3.1009319362575463e-06,3.502946228306862e-06,0.2625068851533061,0.5714418581834729,2,2.339246862885513,3.501420201696154,-10.63061516420905,3.9494984086654517e-07,27.384600717633774,3.113615902981105e-15,2.339246862885513,0-2,12,9.200000000000045,9200,,,,,0,0.2625068851533061,0.5690899678315491,2.339246862885513,3.501420201696154,2.1542288805539205e-05,negative_hard,10.0,0,0,0,1,0,1,0,0,0,0,-1,1,0,0,1,1,0,1,0,0
sim_0039_n3_seed81,81,0.001,3,570.0,0,body_0,23.12038132751752,16.22432647230617,3.234863473167087e-06,3.39043829439175e-06,0.23901303370457477,0.4836075932855804,2,2.4450788493809528,3.3691182004945888,-10.630615366164845,3.759522841468203e-07,27.384600717633788,3.6325518868112884e-15,2.4450788493809528,0-2,12,9.25,9250,,,,,0,0.23901303370457477,0.48182429354379686,2.4450788493809528,3.3691182004945888,2.2723999853525728e-05,negative_baseline,20.0,0,0,0,1,0,1,0,0,0,0,-1,1,0,0,1,1,0,1,0,0
sim_0039_n3_seed81,81,0.001,3,571.0,0,body_0,23.12038132751752,16.22432647230617,5.050452568735668e-06,1.8411204727496834e-06,0.07627468033310755,0.060367100068503585,2,3.9558631247952447,1.927642909636027,-10.630616528245461,2.666378051905696e-07,27.384600717633745,2.0757439353207364e-15,3.9558631247952447,0-2,12,10.25,10250,,,,,0,0.07627468033310755,0.060339113979191145,3.9558631247952447,1.927642909636027,3.893130631599146e-05,negative_baseline,20.0,0,0,0,0,0,0,0,0,0,0,-1,0,0,0,0,0,0,1,0,0
sim_0039_n3_seed81,81,0.001,3,572.0,0,body_0,23.12038132751752,16.22432647230617,5.694794119806487e-06,9.976368250412254e-07,0.045409877913455673,0.02346270863617484,2,4.559638655588669,1.455516794514403,-10.630616616325693,2.5835228314307726e-07,27.384600717633766,2.8541479110660126e-15,4.559638655588669,0-2,12,11.25,11250,,,,,0,0.045409877913455673,0.02345674846534533,4.559638655588669,1.455516794514403,4.4919951610609703e-05,negative_baseline,20.0,0,0,0,0,0,0,0,0,0,0,-1,0,0,0,0,0,0,1,0,0
sim_0039_n3_seed81,81,0.001,3,573.0,0,body_0,23.12038132751752,16.22432647230617,5.382713490811424e-06,9.343177357141123e-07,0.043463828616606456,0.029367950074672397,2,4.433931199917055,1.562437648598254,-10.630616605258837,2.5939331899418757e-07,27.384600717633706,6.486699797877301e-16,4.433931199917055,0-2,12,12.25,12250,,,,,0,0.043463828616606456,0.029337781205901376,4.433931199917055,1.562437648598254,4.309454096993913e-05,negative_baseline,20.0,0,0,0,0,0,0,0,0,0,0,-1,0,0,0,0,0,0,1,0,0
sim_0039_n3_seed81,81,0.001,3,574.0,0,body_0,23.12038132751752,16.22432647230617,4.101003459405297e-06,1.8619340246358141e-06,0.08332303107661732,0.10208826684275252,2,3.557363131113419,2.267461392811149,-10.630616426283373,2.7622916436453727e-07,27.384600717633717,1.0378719676603682e-15,3.557363131113419,0-2,12,13.25,13250,,,,,0,0.08332303107661732,0.10182867154154282,3.557363131113419,2.267461392811149,3.3757807440671266e-05,negative_baseline,20.0,0,0,0,0,0,0,0,0,0,0,-1,0,0,0,0,0,0,1,0,0
sim_0039_n3_seed81,81,0.001,3,574.6,0,body_0,23.12038132751752,16.22432647230617,3.0955233057003188e-06,2.7500306615441823e-06,0.1900137450575431,0.3872168732823005,2,2.5852245454363447,3.2081281872128216,-10.630615689532965,3.4553372537787824e-07,27.384600717633703,5.189359838301841e-16,2.5852245454363447,0-2,12,13.850000000000023,13850,,,,,0,0.1900137450575431,0.3849746908406667,2.5852245454363447,3.2081281872128216,2.4782856734941495e-05,negative_hard,10.0,0,0,0,1,1,0,0,0,0,0,-1,1,0,0,0,0,0,1,0,0
sim_0039_n3_seed81,81,0.001,3,575.0,0,body_0,23.12038132751752,16.22432647230617,3.0911787585256292e-06,3.0953806139485375e-06,0.4728552597557256,1.6770122994944043,2,1.7211087096456394,4.450225771227836,-10.630614972400707,4.1299284822905116e-07,27.384600717633717,1.0378719676603682e-15,1.7211087096456394,0-2,12,14.25,14250,,,,,0,0.4728552597557256,1.6627115794422387,1.7211087096456394,4.450225771227836,1.9458603405295655e-05,negative_baseline,20.0,0,0,0,1,1,0,1,0,0,0,-1,1,0,0,1,1,0,1,0,0
sim_0039_n3_seed81,81,0.001,3,575.1,0,body_0,23.12038132751752,16.22432647230617,3.2870517007610053e-06,2.842677997200364e-06,0.6368955155247468,2.6517740769553835,2,1.4954079831740201,4.910072603339627,-10.630617788606468,1.4807829669327145e-07,27.384600717633724,1.2973399595754602e-15,1.4954079831740201,0-2,12,14.350000000000023,14350,,,,,0,0.6368955155247468,2.6404828476626423,1.4954079831740201,4.910072603339627,1.8930334429833985e-05,negative_hard,10.0,0,0,0,1,1,0,1,1,0,0,-1,1,0,0,1,1,0,1,0,0
sim_0039_n3_seed81,81,0.001,3,575.6,0,body_0,23.12038132751752,16.22432647230617,4.429619874146585e-06,5.514580586693258e-06,0.8385243662728605,3.825098444985231,2,1.3249282961862883,5.323883335107538,-10.630625815413648,-6.069865688523807e-07,27.38460071763371,7.784039757452762e-16,1.3249282961862883,0-2,12,14.850000000000023,14850,,,,,0,0.8385243662728605,3.8663897675539305,1.3249282961862883,5.323883335107538,2.1001695858022928e-05,negative_hard,10.0,0,0,0,1,0,1,1,1,0,0,-1,1,0,0,1,1,0,1,0,0
sim_0039_n3_seed81,81,0.001,3,576.0,0,body_0,23.12038132751752,16.22432647230617,6.459923880455317e-06,5.31164079396978e-06,0.29640506292645075,0.6946834101854478,2,2.2111300630667747,3.6696651639233706,-10.630615086069302,4.023002826636849e-07,27.38460071763369,0.0,2.2111300630667747,0-2,12,15.25,15250,,,,,0,0.29640506292645075,0.6917743855414,2.2111300630667747,3.6696651639233706,3.2361790883638904e-05,negative_baseline,20.0,0,0,0,1,0,1,0,0,0,0,-1,1,0,0,0,0,0,1,0,0
sim_0039_n3_seed81,81,0.001,3,576.1,0,body_0,23.12038132751752,16.22432647230617,6.890071006416872e-06,5.00505393091117e-06,0.24520021968844205,0.49604348391473196,2,2.4212249719492718,3.39664636386457,-10.6306154436473,3.6866367250880443e-07,27.3846007176337,3.892019878726381e-16,2.4212249719492718,0-2,12,15.350000000000023,15350,,,,,0,0.24520021968844205,0.49432436271265145,2.4212249719492718,3.39664636386457,3.5535193670698895e-05,negative_hard,10.0,0,0,0,1,0,1,0,0,0,0,-1,1,0,0,0,0,0,1,0,0
sim_0039_n3_seed81,81,0.001,3,577.0,0,body_0,23.12038132751752,16.22432647230617,9.305308563135078e-06,2.9695688126446394e-06,0.10274948931456299,0.07959713700292548,2,3.8060783541386183,2.04319500005239,-10.630616502347133,2.690740065003006e-07,27.38460071763383,5.189359838301841e-15,3.8060783541386183,0-2,12,16.25,16250,,,,,0,0.10274948931456299,0.07955016732198243,3.8060783541386183,2.04319500005239,5.691395434986711e-05,negative_baseline,20.0,0,0,0,0,0,0,0,0,0,0,-1,0,0,0,0,0,0,1,0,0
sim_0039_n3_seed81,81,0.001,3,578.0,0,body_0,23.12038132751752,16.22432647230617,1.0008355301512818e-05,2.7034210981355997e-06,0.11803117533949062,0.06855530092291012,2,4.4663998081053355,1.5079788707179589,-10.630616642592337,2.558814352014255e-07,27.38460071763396,9.859783692773497e-15,4.4663998081053355,0-2,12,17.25,17250,,,,,0,0.11803117533949062,0.06852397089708429,4.4663998081053355,1.5079788707179589,6.740562581410625e-05,negative_baseline,20.0,0,0,0,0,0,0,0,0,0,0,-1,0,0,0,0,0,0,1,0,0
sim_0039_n3_seed81,81,0.001,3,579.0,0,body_0,23.12038132751752,16.22432647230617,9.195646291188502e-06,4.601324463755504e-06,0.19281507430090603,0.13922796227037224,1,4.158282214225228,2.9520194593361104,-10.63061675977996,2.4485784201631596e-07,27.38460071763402,1.2065261624051781e-14,4.158282214225228,0-1,12,18.25,18250,,,,,0,0.19281507430090603,0.13919480860416308,4.158282214225228,2.9520194593361104,6.731996217055837e-05,negative_baseline,20.0,0,0,0,0,0,0,0,0,0,0,-1,0,0,0,0,0,1,1,0,0
sim_0039_n3_seed81,81,0.001,3,579.3000000000001,0,body_0,23.12038132751752,16.22432647230617,8.737935606436499e-06,5.318698424080895e-06,0.22470679888372874,0.17093851520436126,1,3.948943162009249,3.07284036273009,-10.630616738043283,2.4690256544371065e-07,27.384600717634004,1.1546325640221597e-14,3.3627200164226596,1-2,12,18.550000000000068,18550,,,,,0,0.22470679888372874,0.17092144328528083,3.948943162009249,3.07284036273009,6.542023580518432e-05,negative_hard,10.0,0,0,0,0,0,0,0,0,0,0,-1,0,0,0,0,0,1,1,0,0
sim_0039_n3_seed81,81,0.001,3,579.8000000000001,0,body_0,23.12038132751752,16.22432647230617,7.919081154062072e-06,6.275944339992457e-06,0.28638020099926426,0.22738898153212256,2,3.573920886191413,2.324897476806015,-10.63061637253568,2.812850967316671e-07,27.384600717634047,1.3103133591712148e-14,1.623750341410208,1-2,12,19.050000000000068,19050,,,,,0,0.28638020099926426,0.22739364069949045,3.573920886191413,2.324897476806015,6.028386631390268e-05,negative_hard,10.0,0,0,0,0,0,0,0,0,0,0,-1,0,0,0,0,0,0,1,0,0
sim_0039_n3_seed81,81,0.001,3,580.0,0,body_0,23.12038132751752,16.22432647230617,7.6176946834997336e-06,6.482984258401032e-06,0.31530013925615485,0.2494475337207256,2,3.26710848662427,2.5405835500118465,-10.630620335851258,-9.153566212536786e-08,27.384600717634008,1.1676059636179143e-14,1.1734773537415273,1-2,12,19.25,19250,,,,,0,0.31530013925615485,0.24945781449614804,3.26710848662427,2.5405835500118465,5.6856333322567084e-05,negative_baseline,20.0,0,0,0,0,0,0,0,0,0,0,-1,0,0,0,0,0,0,1,0,0
sim_0039_n3_seed81,81,0.001,3,580.3000000000001,0,body_0,23.12038132751752,16.22432647230617,7.24087211717721e-06,6.583071085785349e-06,0.370126761756306,0.3235839587758311,2,2.7294971934543915,2.7707305629834673,-10.630615712429925,3.4337985644602346e-07,27.384600717633994,1.1157123652348958e-14,1.5717033404451957,1-2,12,19.550000000000068,19550,,,,,0,0.370126761756306,0.32193764898821714,2.7294971934543915,2.7707305629834673,4.804411439746076e-05,negative_hard,10.0,0,0,0,1,1,0,0,0,0,0,-1,1,0,0,0,0,0,1,0,0
sim_0039_n3_seed81,81,0.001,3,580.8000000000001,0,body_0,23.12038132751752,16.22432647230617,7.119603554737959e-06,1.002803202268649e-05,0.7739792502230095,3.749386895159568,2,1.4365782320736555,4.813869527692965,-10.63059867629585,1.945933150251411e-06,27.384600717633997,1.1286857648306504e-14,1.4365782320736555,0-2,12,20.050000000000068,20050,,,,,0,0.7739792502230095,3.5933413982335396,1.4365782320736555,4.813869527692965,4.380183020472276e-05,negative_hard,10.0,0,0,0,1,1,0,1,1,0,0,-1,1,0,0,0,0,0,1,0,0
sim_0039_n3_seed81,81,0.001,3,581.0,0,body_0,23.12038132751752,16.22432647230617,8.743202515754663e-06,3.991568724970011e-05,2.7034852872614024,34.66508660176507,2,0.7171180686972571,7.584622236114241,-10.63068293349501,-5.9799643241828635e-06,27.384600717633976,1.0508453672561228e-14,0.7171180686972571,0-2,12,20.25,20250,,,,,0,2.7034852872614024,36.34360170043678,0.7171180686972571,7.584622236114241,6.549865724798084e-05,negative_baseline,20.0,0,1,1,1,1,0,1,1,0,0,-1,1,0,0,1,1,0,1,0,0
sim_0039_n3_seed81,81,0.001,3,581.3000000000001,0,body_0,23.12038132751752,16.22432647230617,1.2182224428160722e-05,4.0599528485315164e-05,0.9966808052868471,6.669279636779094,2,1.2255467798003528,5.393439176877444,-10.630587024020539,3.042038176131086e-06,27.38460071763396,9.859783692773497e-15,1.2255467798003528,0-2,12,20.550000000000068,20550,,,,,0,0.9966808052868471,6.378459316625581,1.2255467798003528,5.393439176877444,0.000114015053531022,negative_hard,10.0,0,1,1,1,0,1,1,1,0,0,-1,1,0,0,1,1,0,1,0,0
sim_0039_n3_seed81,81,0.001,3,581.8000000000001,0,body_0,23.12038132751752,16.22432647230617,1.5889928701372034e-05,1.4479925304377026e-05,0.2735991004338361,0.40675288612627797,2,2.605927726997681,2.792099512848189,-10.630615146708415,3.9659608884233455e-07,27.384600717633877,6.875901785749939e-15,2.605927726997681,0-2,12,21.050000000000068,21050,,,,,0,0.2735991004338361,0.4050627693343514,2.605927726997681,2.792099512848189,0.00014331786020240712,negative_hard,10.0,0,0,0,1,0,1,0,0,0,0,-1,1,0,0,0,0,0,1,0,0
sim_0039_n3_seed81,81,0.001,3,582.0,0,body_0,23.12038132751752,16.22432647230617,1.6996946107807364e-05,1.1115138694826233e-05,0.21658238188897247,0.23866115136899407,2,2.973488482670261,2.3301228504289737,-10.63061588775704,3.268872036079073e-07,27.384600717633916,8.302975741282946e-15,2.973488482670261,0-2,12,21.25,21250,,,,,0,0.21658238188897247,0.2381562366608948,2.973488482670261,2.3301228504289737,0.00015015715556755755,negative_baseline,20.0,0,0,0,0,0,0,0,0,0,0,-1,0,0,0,0,0,0,1,0,0
sim_0039_n3_seed81,81,0.001,3,583.0,0,body_0,23.12038132751752,16.22432647230617,1.834074412794136e-05,4.337949557941015e-06,0.11707343057895163,0.04921453994536548,2,3.820439171537861,1.3020600823934012,-10.6306165164983,2.677428359573499e-07,27.384600717633926,8.692177729155584e-15,3.820439171537861,0-2,12,22.25,22250,,,,,0,0.11707343057895163,0.049202903516469707,3.820439171537861,1.3020600823934012,0.00014951902912576476,negative_baseline,20.0,0,0,0,0,0,0,0,0,0,0,-1,0,0,0,0,0,0,1,0,0
sim_0039_n3_seed81,81,0.001,3,584.0,0,body_0,23.12038132751752,16.22432647230617,1.3785653937512884e-05,7.149019697485035e-06,0.12443140430181839,0.10702946029687786,2,3.3325624233903093,1.8966841449752379,-10.630616298779943,2.88223143801224e-07,27.38460071763398,1.0638187668518774e-14,3.3325624233903093,0-2,12,23.25,23250,,,,,0,0.12443140430181839,0.10664731809479104,3.3325624233903093,1.8966841449752379,0.00010179595711859491,negative_baseline,20.0,0,0,0,0,0,0,0,0,0,0,-1,0,0,0,0,0,0,1,0,0
sim_0039_n3_seed81,81,0.001,3,584.65,0,body_0,23.12038132751752,16.22432647230617,8.891686071555905e-06,1.077148225286365e-05,0.28765030715865947,0.763375397967045,2,2.1807795614576215,3.374736478552397,-10.630613202560017,5.794780387533752e-07,27.384600717633983,1.076792166447632e-14,2.1807795614576215,0-2,12,23.899999999999977,23900,,,,,0,0.28765030715865947,0.7527502167140828,2.1807795614576215,3.374736478552397,5.26231793223697e-05,negative_hard,10.0,0,0,0,1,1,0,0,0,0,0,-1,1,0,0,1,1,0,1,0,0
sim_0039_n3_seed81,81,0.001,3,585.0,0,body_0,23.12038132751752,16.22432647230617,1.0014556214100492e-05,1.739528684749372e-05,1.1450306223859412,9.341760992590636,2,1.1110016094072426,5.750311574126198,-10.630581598230535,3.552430827659572e-06,27.38460071763395,9.600315700858407e-15,1.1110016094072426,0-2,12,24.25,24250,,,,,0,1.1450306223859412,8.80645913417135,1.1110016094072426,5.750311574126198,6.125529885746428e-05,negative_baseline,20.0,0,1,1,1,1,0,1,1,0,0,-1,1,0,0,1,1,0,1,0,0
sim_0039_n3_seed81,81,0.001,3,585.15,0,body_0,23.12038132751752,16.22432647230617,1.2555877959053842e-05,5.241516464238951e-05,3.7588954142353797,42.468326221450305,2,0.616139289710773,8.279816943400043,-10.631051296388002,-4.06310867490972e-05,27.38460071763394,9.211113712985768e-15,0.616139289710773,0-2,12,24.399999999999977,24400,,,,,0,3.7588954142353797,54.322954707300106,0.616139289710773,8.279816943400043,8.284313641531785e-05,negative_hard,10.0,1,1,1,1,1,0,1,1,0,0,-1,1,0,0,1,1,0,1,0,0
sim_0039_n3_seed81,81,0.001,3,585.65,0,body_0,23.12038132751752,16.22432647230617,1.7430352544869004e-05,2.1663914802335692e-05,0.3648967984457786,1.1322592374673899,2,1.9737315509779927,3.707301585715045,-10.630611337830652,7.54889207290583e-07,27.384600717633955,9.730049696815953e-15,1.9737315509779927,0-2,12,24.899999999999977,24900,,,,,0,0.3648967984457786,1.117471396913456,1.9737315509779927,3.707301585715045,0.00012433573005556837,negative_hard,10.0,0,0,0,1,0,1,0,0,0,0,-1,1,0,0,1,1,0,1,0,0
sim_0039_n3_seed81,81,0.001,3,586.0,0,body_0,23.12038132751752,16.22432647230617,2.285815603751589e-05,1.386812489015396e-05,0.18187383448114533,0.2801435041852601,2,2.7636643931451688,2.575196093781375,-10.630615576895583,3.561292869575335e-07,27.384600717633955,9.730049696815953e-15,2.7636643931451688,0-2,12,25.25,25250,,,,,0,0.18187383448114533,0.27909127761547475,2.7636643931451688,2.575196093781375,0.00017334965551042727,negative_baseline,20.0,0,0,0,1,0,1,0,0,0,0,-1,1,0,0,1,1,0,1,0,0
sim_0039_n3_seed81,81,0.001,3,587.0,0,body_0,23.12038132751752,16.22432647230617,2.743134944070895e-05,4.508577161336238e-06,0.08996180451555898,0.03967636779578194,2,3.7901802645290514,1.351888776090446,-10.630616542501153,2.6529680225821833e-07,27.384600717633894,7.524571765537669e-15,3.7901802645290514,0-2,12,26.25,26250,,,,,0,0.08996180451555898,0.03965227042030756,3.7901802645290514,1.351888776090446,0.00021623554990090333,negative_baseline,20.0,0,0,0,0,0,0,0,0,0,0,-1,0,0,0,0,0,0,1,0,0
sim_0039_n3_seed81,81,0.001,3,588.0,0,body_0,23.12038132751752,16.22432647230617,2.2479490785256395e-05,8.91432936845945e-06,0.10520036318845845,0.08022759468493115,2,3.4950771059272303,1.7102876774520173,-10.630616421741765,2.766563838729778e-07,27.384600717633973,1.0378719676603682e-14,3.4950771059272303,0-2,12,27.25,27250,,,,,0,0.10520036318845845,0.07999637479506531,3.4950771059272303,1.7102876774520173,0.00017088860388551444,negative_baseline,20.0,0,0,0,0,0,0,0,0,0,0,-1,0,0,0,1,1,0,1,0,0
sim_0039_n3_seed81,81,0.001,3,588.5500000000001,0,body_0,23.12038132751752,16.22432647230617,1.7501986514925702e-05,1.4162043153824406e-05,0.17901101666655625,0.29282882828338175,2,2.734879528900128,2.612577695111599,-10.630615532095053,3.603435785222648e-07,27.384600717634072,1.4011271563414971e-14,2.734879528900128,0-2,12,27.800000000000068,27800,,,,,0,0.17901101666655625,0.2907921743200407,2.734879528900128,2.612577695111599,0.00011861133787621514,negative_hard,10.0,0,0,0,1,1,0,0,0,0,0,-1,1,0,0,1,1,0,1,0,0
sim_0039_n3_seed81,81,0.001,3,589.0,0,body_0,23.12038132751752,16.22432647230617,1.8436196994882616e-05,2.5046723401545355e-05,0.5196411381585669,2.2794546298763523,2,1.641650401714293,4.332841581038951,-10.630605795644971,1.2762309553039153e-06,27.384600717634033,1.2584197607881964e-14,1.641650401714293,0-2,12,28.25,28250,,,,,0,0.5196411381585669,2.213723349462226,1.641650401714293,4.332841581038951,0.00011450407004807104,negative_baseline,20.0,0,0,0,1,1,0,1,0,0,0,-1,1,0,0,1,1,0,1,0,0
sim_0039_n3_seed81,81,0.001,3,589.0500000000001,0,body_0,23.12038132751752,16.22432647230617,1.9605984493485252e-05,2.911641668373515e-05,0.6401417870741531,3.3268941663604736,2,1.482411375958645,4.688834802258585,-10.630601081312612,1.7196982828678246e-06,27.384600717634044,1.2973399595754602e-14,1.482411375958645,0-2,12,28.300000000000068,28300,,,,,0,0.6401417870741531,3.206646732598952,1.482411375958645,4.688834802258585,0.00012439561091596519,negative_hard,10.0,0,0,0,1,1,0,1,1,0,0,-1,1,0,0,1,1,0,1,0,0
sim_0039_n3_seed81,81,0.001,3,589.5500000000001,0,body_0,23.12038132751752,16.22432647230617,1.6539710772528276e-05,4.239175044347674e-05,1.0675499855819441,8.089940500132828,2,1.1565436465856798,5.595924155472139,-10.630585186949062,3.214847625287688e-06,27.384600717634086,1.4530207547245154e-14,1.1565436465856798,0-2,12,28.800000000000068,28800,,,,,0,1.0675499855819441,7.733607030008628,1.1565436465856798,5.595924155472139,0.00012237678969855324,negative_hard,10.0,0,1,1,1,0,1,1,1,0,0,-1,1,0,0,1,1,0,1,0,0
sim_0039_n3_seed81,81,0.001,3,590.0,0,body_0,23.12038132751752,16.22432647230617,2.5759818814046607e-05,2.0604958100552577e-05,0.2335989911949533,0.4790929571246727,2,2.4402880316547324,2.9973933571339977,-10.630614644609098,4.438275153148836e-07,27.38460071763407,1.3881537567457425e-14,2.4402880316547324,0-2,12,29.25,29250,,,,,0,0.2335989911949533,0.4761220964713578,2.4402880316547324,2.9973933571339977,0.00018348314080063763,negative_baseline,20.0,0,0,0,1,0,1,0,0,0,0,-1,1,0,0,1,1,0,1,0,0
sim_0039_n3_seed81,81,0.001,3,590.0500000000001,0,body_0,23.12038132751752,16.22432647230617,2.6747785774341912e-05,1.9394544377283876e-05,0.21358383862086625,0.39921852683605136,2,2.547156049612355,2.8531889799528365,-10.630615029996532,4.075749301348422e-07,27.38460071763407,1.3881537567457425e-14,2.547156049612355,0-2,12,29.300000000000068,29300,,,,,0,0.21358383862086625,0.39712338382579276,2.547156049612355,2.8531889799528365,0.00019237459059939026,negative_hard,10.0,0,0,0,1,0,1,0,0,0,0,-1,1,0,0,1,1,0,1,0,0
sim_0039_n3_seed81,81,0.001,3,591.0,0,body_0,23.12038132751752,16.22432647230617,3.58818536764022e-05,5.0231549778602976e-06,0.09381210519950964,0.047822538808214854,2,3.717851143313036,1.4426204814203096,-10.630616524033236,2.670340403572646e-07,27.384600717633987,1.0897655660433866e-14,3.717851143313036,0-2,12,30.25,30250,,,,,0,0.09381210519950964,0.04779166911004522,3.717851143313036,1.4426204814203096,0.0002789969847915894,negative_baseline,20.0,0,0,0,0,0,0,0,0,0,0,-1,0,0,0,1,1,0,1,0,0
sim_0039_n3_seed81,81,0.001,3,592.0,0,body_0,23.12038132751752,16.22432647230617,3.242897939938921e-05,9.364931880980126e-06,0.0981009001148447,0.0603057054051159,2,3.6259673718635,1.5551868476745072,-10.630616488969338,2.7033242752125463e-07,27.384600717634008,1.1676059636179143e-14,3.6259673718635,0-2,12,31.25,31250,,,,,0,0.0981009001148447,0.06015924793831572,3.6259673718635,1.5551868476745072,0.0002471438781627277,negative_baseline,20.0,0,0,0,0,0,0,0,0,0,0,-1,0,0,0,1,1,0,1,0,0
sim_0039_n3_seed81,81,0.001,3,592.95,0,body_0,23.12038132751752,16.22432647230617,2.6792536549225284e-05,2.583089058405855e-05,0.28025691892764765,0.7073310948868193,2,2.2197603958389616,3.3146162816122917,-10.630613533963151,5.483036430799793e-07,27.38460071763402,1.2065261624051781e-14,2.2197603958389616,0-2,12,32.200000000000045,32200,,,,,0,0.28025691892764765,0.6980945912886488,2.2197603958389616,3.3146162816122917,0.00016177983840987695,negative_hard,10.0,0,0,0,1,1,0,0,0,0,0,-1,1,0,0,1,1,0,1,0,0
sim_0039_n3_seed81,81,0.001,3,593.0,0,body_0,23.12038132751752,16.22432647230617,2.736671149852395e-05,2.785325869019028e-05,0.3161735444743237,0.8924160157174604,2,2.09447845493058,3.50839995610397,-10.630612611844748,6.350453814021848e-07,27.384600717634022,1.2194995620009327e-14,2.09447845493058,0-2,12,32.25,32250,,,,,0,0.3161735444743237,0.8786934493354822,2.09447845493058,3.50839995610397,0.00016390970213606227,negative_baseline,20.0,0,0,0,1,1,0,0,0,0,0,-1,1,0,0,1,1,0,1,0,0
sim_0039_n3_seed81,81,0.001,3,593.45,0,body_0,23.12038132751752,16.22432647230617,5.041380515654243e-05,0.00024840948079282314,3.222540306432685,37.50533401445133,2,0.6655114365736479,7.9140179215146835,-10.630847478752443,-2.1458390539870337e-05,27.384600717633997,1.1286857648306504e-14,0.6655114365736479,0-2,12,32.700000000000045,32700,,,,,0,3.222540306432685,43.55929551889158,0.6655114365736479,7.9140179215146835,0.00037738129165628044,negative_hard,10.0,1,1,1,1,1,0,1,1,0,0,-1,1,0,0,1,1,0,1,0,0
sim_0039_n3_seed81,81,0.001,3,593.95,0,body_0,23.12038132751752,16.22432647230617,2.7543446986218526e-05,3.474299477529536e-05,0.3840796465983495,1.2637977743950914,2,1.916130933270357,3.806134426649704,-10.6306107589646,8.093419190496417e-07,27.38460071763403,1.245446361192442e-14,1.916130933270357,0-2,12,33.200000000000045,33200,,,,,0,0.3840796465983495,1.2459693483044858,1.916130933270357,3.806134426649704,0.00019194444141551142,negative_hard,10.0,0,0,0,1,0,1,0,0,0,0,-1,1,0,0,1,1,0,1,0,0
sim_0039_n3_seed81,81,0.001,3,594.0,0,body_0,23.12038132751752,16.22432647230617,2.8886610517480975e-05,3.221588833762428e-05,0.33411939550394254,0.9688322920906144,2,2.0511213789971516,3.5778172528853434,-10.630612228385868,6.711165516287572e-07,27.384600717634036,1.271393160383951e-14,2.0511213789971516,0-2,12,33.25,33250,,,,,0,0.33411939550394254,0.9578128607855269,2.0511213789971516,3.5778172528853434,0.0001992895352654513,negative_baseline,20.0,0,0,0,1,0,1,0,0,0,0,-1,1,0,0,1,1,0,1,0,0
sim_0039_n3_seed81,81,0.001,3,595.0,0,body_0,23.12038132751752,16.22432647230617,4.561670331774516e-05,7.67040258605834e-06,0.1004605815259726,0.06173059164701068,2,3.6123908037203374,1.5704368181701631,-10.630616484328419,2.7076898898602255e-07,27.384600717634026,1.2324729615966873e-14,3.6123908037203374,0-2,12,34.25,34250,,,,,0,0.1004605815259726,0.06168098400116279,3.6123908037203374,1.5704368181701631,0.00034034513411168685,negative_baseline,20.0,0,0,0,0,0,0,0,0,0,0,-1,0,0,0,1,1,0,1,0,0
sim_0039_n3_seed81,81,0.001,3,596.0,0,body_0,23.12038132751752,16.22432647230617,4.48519872980619e-05,8.769764937878644e-06,0.09305266090233272,0.046901808935934625,2,3.723389367828672,1.4368887588848405,-10.630616528504422,2.6661344528792194e-07,27.384600717633948,9.47058170490086e-15,3.723389367828672,0-2,12,35.25,35250,,,,,0,0.09305266090233272,0.046805750948561105,3.723389367828672,1.4368887588848405,0.00033232401004499776,negative_baseline,20.0,0,0,0,0,0,0,0,0,0,0,-1,0,0,0,1,1,0,1,0,0
sim_0039_n3_seed81,81,0.001,3,596.85,0,body_0,23.12038132751752,16.22432647230617,3.915229413026324e-05,2.47906148857294e-05,0.17637787074978245,0.27435396141497187,2,2.7714618096203485,2.5664640527792395,-10.630615623326872,3.517615932746597e-07,27.384600717633912,8.1732417453254e-15,2.7714618096203485,0-2,12,36.10000000000002,36100,,,,,0,0.17637787074978245,0.27253288187588803,2.7714618096203485,2.5664640527792395,0.00024355382409763283,negative_hard,10.0,0,0,0,1,1,0,0,0,0,0,-1,1,0,0,1,1,0,1,0,0
sim_0039_n3_seed81,81,0.001,3,597.0,0,body_0,23.12038132751752,16.22432647230617,3.97107158293919e-05,2.9585851873563093e-05,0.2241873685946622,0.4516196099002211,2,2.4735993913101293,2.9525876734478933,-10.630614792929883,4.2987529109108045e-07,27.384600717633912,8.1732417453254e-15,2.4735993913101293,0-2,12,36.25,36250,,,,,0,0.2241873685946622,0.4473412022522976,2.4735993913101293,2.9525876734478933,0.00023379031193660618,negative_baseline,20.0,0,0,0,1,1,0,0,0,0,0,-1,1,0,0,1,1,0,1,0,0
sim_0039_n3_seed81,81,0.001,3,597.35,0,body_0,23.12038132751752,16.22432647230617,4.961085233164453e-05,6.072099690515019e-05,0.5854297392680706,2.799152587446267,2,1.5522521315763598,4.526938340338537,-10.630603550043165,1.4874699931443205e-06,27.384600717633905,7.913773753410307e-15,1.5522521315763598,0-2,12,36.60000000000002,36600,,,,,0,0.5854297392680706,2.708458559206486,1.5522521315763598,4.526938340338537,0.0002901932493049612,negative_hard,10.0,0,0,0,1,1,0,1,1,0,0,-1,1,0,0,1,1,0,1,0,0
sim_0039_n3_seed81,81,0.001,3,597.85,0,body_0,23.12038132751752,16.22432647230617,3.795997424532315e-05,0.00011064503217489188,1.2334452877146045,10.331587351925798,2,1.0753719489404692,5.875099011713544,-10.630581938002859,3.5204691599091654e-06,27.38460071763393,8.82191172511313e-15,1.0753719489404692,0-2,12,37.10000000000002,37100,,,,,0,1.2334452877146045,9.868339119639947,1.0753719489404692,5.875099011713544,0.00035223236698030445,negative_hard,10.0,0,1,1,1,0,1,1,1,0,0,-1,1,0,0,1,1,0,1,0,0
sim_0039_n3_seed81,81,0.001,3,598.0,0,body_0,23.12038132751752,16.22432647230617,3.473184560902271e-05,5.690934229647895e-05,0.5643723133385008,2.5909835497925053,2,1.5849055638727285,4.454249244922184,-10.63060447948371,1.400039476410831e-06,27.384600717633962,9.989517688731043e-15,1.5849055638727285,0-2,12,37.25,37250,,,,,0,0.5643723133385008,2.529062473815169,1.5849055638727285,4.454249244922184,0.00027509473009950834,negative_baseline,20.0,0,0,1,1,0,1,1,1,0,0,-1,1,0,0,1,1,0,1,0,0
sim_0039_n3_seed81,81,0.001,3,598.35,0,body_0,23.12038132751752,16.22432647230617,4.4690037996836574e-05,3.1289643032570135e-05,0.2222930892030687,0.4348241258396221,2,2.4955644459000923,2.922343978002545,-10.630614873005971,4.22342701949276e-07,27.384600717633962,9.989517688731043e-15,2.4955644459000923,0-2,12,37.60000000000002,37600,,,,,0,0.2222930892030687,0.43237240203296806,2.4955644459000923,2.922343978002545,0.00030059632474835725,negative_hard,10.0,0,0,0,1,0,1,0,0,0,0,-1,1,0,0,1,1,0,1,0,0
sim_0039_n3_seed81,81,0.001,3,599.0,0,body_0,23.12038132751752,16.22432647230617,5.7568498584811493e-05,1.2676477677924168e-05,0.10938395062076443,0.0826806263396911,2,3.472115546769093,1.736293918394073,-10.630616416495403,2.7714989806894035e-07,27.384600717633944,9.340847708943314e-15,3.472115546769093,0-2,12,38.25,38250,,,,,0,0.10938395062076443,0.0825911521828073,3.472115546769093,1.736293918394073,0.0004041448421001531,negative_baseline,20.0,0,0,0,0,0,0,0,0,0,0,-1,0,0,0,1,1,0,1,0,0
sim_0039_n3_seed81,81,0.001,3,600.0,0,body_0,23.12038132751752,16.22432647230617,6.045141152374248e-05,7.2650627291984496e-06,0.08923146387770303,0.03833269791128385,2,3.788155109267394,1.3564623418511492,-10.630616550986048,2.644986460760446e-07,27.38460071763399,1.1027389656391412e-14,3.788155109267394,0-2,12,39.25,39250,,,,,0,0.08923146387770303,0.03826909023291576,3.788155109267394,1.3564623418511492,0.000428636734929964,negative_baseline,20.0,0,0,0,0,0,0,0,0,0,0,-1,0,0,0,1,1,0,1,0,0
sim_0039_n3_seed81,81,0.001,3,601.0,0,body_0,23.12038132751752,16.22432647230617,5.637607253550036e-05,3.06185708107102e-05,0.17332011984557275,0.2647409820631344,2,2.7922948710570945,2.5404590785216334,-10.630615667994007,3.475598497784788e-07,27.38460071763402,1.2065261624051781e-14,2.7922948710570945,0-2,12,40.25,40250,,,,,0,0.17332011984557275,0.2630276945711488,2.7922948710570945,2.5404590785216334,0.00033115660471683996,negative_baseline,20.0,0,0,0,1,1,0,0,0,0,0,-1,1,0,0,1,1,0,1,0,0
sim_0039_n3_seed81,81,0.001,3,601.25,0,body_0,23.12038132751752,16.22432647230617,5.996270481320608e-05,4.2454895852053005e-05,0.2670699150447642,0.639843839324315,2,2.274072716636628,3.2336884153646834,-10.630613880769593,5.156802907137848e-07,27.38460071763395,9.600315700858407e-15,2.274072716636628,0-2,12,40.5,40500,,,,,0,0.2670699150447642,0.6320814823867175,2.274072716636628,3.2336884153646834,0.0003253228574780059,negative_hard,10.0,0,0,0,1,1,0,0,0,0,0,-1,1,0,0,1,1,0,1,0,0
sim_0039_n3_seed81,81,0.001,3,601.75,0,body_0,23.12038132751752,16.22432647230617,9.876051898088456e-05,0.0003675436210325527,2.641837837928171,30.976308065487594,2,0.7350420796370153,7.460044334630254,-10.630691701564245,-6.8047581519728825e-06,27.384600717633933,8.951645721070676e-15,0.7350420796370153,0-2,12,41.0,41000,,,,,0,2.641837837928171,32.63790375578418,0.7350420796370153,7.460044334630254,0.0006604391085249153,negative_hard,10.0,0,1,1,1,1,0,1,1,0,0,-1,1,0,0,1,1,0,1,0,0
sim_0039_n3_seed81,81,0.001,3,602.0,0,body_0,23.12038132751752,16.22432647230617,5.178055225185402e-05,0.00015942411941620793,1.3416888173244046,11.872989434723701,2,1.031061733080729,6.039653314876741,-10.630580843684548,3.6234093812914966e-06,27.384600717633926,8.692177729155584e-15,1.031061733080729,0-2,12,41.25,41250,,,,,0,1.3416888173244046,11.349890536004208,1.031061733080729,6.039653314876741,0.0005034228468274551,negative_baseline,20.0,0,1,1,1,0,1,1,1,0,0,-1,1,0,0,1,1,0,1,0,0
sim_0039_n3_seed81,81,0.001,3,602.25,0,body_0,23.12038132751752,16.22432647230617,4.999100288997645e-05,5.835992990284613e-05,0.4126132740186303,1.454254336619919,2,1.846783818836643,3.9303455846239888,-10.63060985867526,8.940302433367177e-07,27.384600717633962,9.989517688731043e-15,1.846783818836643,0-2,12,41.5,41500,,,,,0,0.4126132740186303,1.431492425010373,1.846783818836643,3.9303455846239888,0.00037129654159274924,negative_hard,10.0,0,0,0,1,0,1,1,0,0,0,-1,1,0,0,1,1,0,1,0,0
sim_0039_n3_seed81,81,0.001,3,603.0,0,body_0,23.12038132751752,16.22432647230617,7.272098834702351e-05,2.0086777962022e-05,0.12159885614028051,0.11489527835541813,2,3.293839065102491,1.9440303220014175,-10.630616300635586,2.8804858739136247e-07,27.384600717633997,1.1286857648306504e-14,3.293839065102491,0-2,12,42.25,42250,,,,,0,0.12159885614028051,0.11472073249581448,3.293839065102491,1.9440303220014175,0.00047853540916532053,negative_baseline,20.0,0,0,0,0,0,0,0,0,0,0,-1,0,0,0,1,1,0,1,0,0
sim_0039_n3_seed81,81,0.001,3,604.0,0,body_0,23.12038132751752,16.22432647230617,8.037685137831189e-05,5.508747942457117e-06,0.08607694748331478,0.03408871133947343,2,3.8209311181586623,1.3154636860218862,-10.630616561137384,2.635437312751694e-07,27.384600717633994,1.1157123652348958e-14,3.8209311181586623,0-2,12,43.25,43250,,,,,0,0.08607694748331478,0.03404717646057485,3.8209311181586623,1.3154636860218862,0.0005419078847383116,negative_baseline,20.0,0,0,0,0,0,0,0,0,0,0,-1,0,0,0,1,1,0,1,0,0
sim_0039_n3_seed81,81,0.001,3,605.0,0,body_0,23.12038132751752,16.22432647230617,7.864176383696653e-05,3.1350611915334934e-05,0.14085278837311316,0.1699053672102079,2,3.0607564036695893,2.2166056749192955,-10.630616079343842,3.0886503622549836e-07,27.384600717633983,1.076792166447632e-14,3.0607564036695893,0-2,12,44.25,44250,,,,,0,0.14085278837311316,0.1690968771704946,3.0607564036695893,2.2166056749192955,0.00046181985138379867,negative_baseline,20.0,0,0,0,0,0,0,0,0,0,0,-1,0,0,0,1,1,0,1,0,0
sim_0039_n3_seed81,81,0.001,3,605.15,0,body_0,23.12038132751752,16.22432647230617,7.994782945469597e-05,3.724478835988663e-05,0.1688181022218048,0.25427436608962517,2,2.816041997377683,2.5109035318040553,-10.630615714875233,3.4314983147074435e-07,27.38460071763401,1.1805793632136689e-14,2.816041997377683,0-2,12,44.39999999999998,44400,,,,,0,0.1688181022218048,0.2526741239577746,2.816041997377683,2.5109035318040553,0.00044841632978679215,negative_hard,10.0,0,0,0,1,1,0,0,0,0,0,-1,1,0,0,1,1,0,1,0,0
sim_0039_n3_seed81,81,0.001,3,605.65,0,body_0,23.12038132751752,16.22432647230617,0.0001001370173755015,8.944699766796339e-05,0.5275643445476069,2.3152028422396485,2,1.6329620584319282,4.350421286739193,-10.630605790053986,1.276756887543759e-06,27.38460071763397,1.0248985680646136e-14,1.6329620584319282,0-2,12,44.89999999999998,44900,,,,,0,0.5275643445476069,2.248565595605416,1.6329620584319282,4.350421286739193,0.0005133082747061499,negative_hard,10.0,0,0,0,1,1,0,1,0,0,0,-1,1,0,0,1,1,0,1,0,0
sim_0039_n3_seed81,81,0.001,3,606.0,0,body_0,23.12038132751752,16.22432647230617,0.00012351888953325343,0.0007059307720757687,4.118581911914181,42.29462706988866,2,0.5891165371011984,8.49664102624039,-10.631304656293956,-6.446412011326276e-05,27.38460071763394,9.211113712985768e-15,0.5891165371011984,0-2,12,45.25,45250,,,,,0,4.118581911914181,59.29508070693119,0.5891165371011984,8.49664102624039,0.0009483252930011448,negative_baseline,20.0,1,1,1,1,0,0,1,1,0,0,-1,1,0,0,1,1,0,1,0,0
sim_0039_n3_seed81,81,0.001,3,606.15,0,body_0,23.12038132751752,16.22432647230617,6.857029142511885e-05,0.0002215122214529209,1.4817590165372225,13.941785483926623,2,0.9811693319686584,6.236656620650482,-10.630580961507459,3.6123260279591574e-06,27.38460071763396,9.859783692773497e-15,0.9811693319686584,0-2,12,45.39999999999998,45400,,,,,0,1.4817590165372225,13.365362790133698,0.9811693319686584,6.236656620650482,0.0006906454096722911,negative_hard,10.0,0,1,1,1,0,1,1,1,0,0,-1,1,0,0,1,1,0,1,0,0
sim_0039_n3_seed81,81,0.001,3,606.65,0,body_0,23.12038132751752,16.22432647230617,8.047021214149307e-05,4.854671882042153e-05,0.2299981908988481,0.48088391387281726,2,2.4369017647651603,3.0020674453298835,-10.630614659494597,4.424272677330987e-07,27.38460071763401,1.1805793632136689e-14,2.4369017647651603,0-2,12,45.89999999999998,45900,,,,,0,0.2299981908988481,0.4779309607360613,2.4369017647651603,3.0020674453298835,0.0005216236062278707,negative_hard,10.0,0,0,0,1,0,1,0,0,0,0,-1,1,0,0,1,1,0,1,0,0
sim_0039_n3_seed81,81,0.001,3,607.0,0,body_0,23.12038132751752,16.22432647230617,9.314741453710337e-05,3.082448661136855e-05,0.1388186785784707,0.16772454186834335,2,3.0725215962831527,2.2026731542463267,-10.63061609191949,3.076820713823907e-07,27.38460071763399,1.1027389656391412e-14,3.0725215962831527,0-2,12,46.25,46250,,,,,0,0.1388186785784707,0.16735178854666322,3.0725215962831527,2.2026731542463267,0.0005830741352783397,negative_baseline,20.0,0,0,0,0,0,0,0,0,0,0,-1,0,0,0,1,1,0,1,0,0
sim_0039_n3_seed81,81,0.001,3,608.0,0,body_0,23.12038132751752,16.22432647230617,0.00010751259967853282,7.385778145165341e-06,0.08260755518095296,0.034555777650459016,2,3.821844503795226,1.3155759009577197,-10.630616559834294,2.63666310134184e-07,27.38460071763395,9.600315700858407e-15,3.821844503795226,0-2,12,47.25,47250,,,,,0,0.08260755518095296,0.03452807303825368,3.821844503795226,1.3155759009577197,0.0006890618348391174,negative_baseline,20.0,0,0,0,0,0,0,0,0,0,0,-1,0,0,0,0,0,0,1,0,0
sim_0039_n3_seed81,81,0.001,3,609.0,0,body_0,23.12038132751752,16.22432647230617,0.00011019806775521713,3.3156529291338615e-05,0.11683969655031327,0.11538160453784731,2,3.286927007240368,1.9523495199834902,-10.630616293532798,2.8871673168747116e-07,27.384600717633976,1.0508453672561228e-14,3.286927007240368,0-2,12,48.25,48250,,,,,0,0.11683969655031327,0.11495546072598745,3.286927007240368,1.9523495199834902,0.0006457324148506059,negative_baseline,20.0,0,0,0,0,0,0,0,0,0,0,-1,0,0,0,1,1,0,1,0,0
sim_0039_n3_seed81,81,0.001,3,609.6,0,body_0,23.12038132751752,16.22432647230617,0.00012609890794427773,6.818977186782734e-05,0.27521054954318785,0.6952088709444707,2,2.2276370523618296,3.3013835824224764,-10.630613606301324,5.414989433426794e-07,27.38460071763402,1.2065261624051781e-14,2.2276370523618296,0-2,12,48.85000000000002,48850,,,,,0,0.27521054954318785,0.6862631149571161,2.2276370523618296,3.3013835824224764,0.0006331638180211924,negative_hard,10.0,0,0,0,1,1,0,0,0,0,0,-1,1,0,0,1,1,0,1,0,0
sim_0039_n3_seed81,81,0.001,3,610.0,0,body_0,23.12038132751752,16.22432647230617,0.00016872559059316454,0.00027165085963917323,1.387906969454718,12.548566731995987,2,1.0137308435598436,6.106032732460641,-10.63058068283874,3.638539808061104e-06,27.38460071763402,1.2065261624051781e-14,1.0137308435598436,0-2,12,49.25,49250,,,,,0,1.387906969454718,11.86393210729716,1.0137308435598436,6.106032732460641,0.0008890988641237096,negative_baseline,20.0,0,1,1,1,1,0,1,1,0,0,-1,1,0,0,1,1,0,1,0,0
sim_0039_n3_seed81,81,0.001,3,610.1,0,body_0,23.12038132751752,16.22432647230617,0.00017986266590594105,0.0006276975693477245,3.0887279074720873,35.80506954644437,2,0.6806720789978631,7.8090037856859125,-10.630808314640646,-1.7774304931996933e-05,27.38460071763405,1.3232867587669694e-14,0.6806720789978631,0-2,12,49.35000000000002,49350,,,,,0,3.0887279074720873,40.67783990443975,0.6806720789978631,7.8090037856859125,0.0010990636295855993,negative_hard,10.0,1,1,1,1,1,0,1,1,0,0,-1,1,0,0,1,1,0,1,0,0
sim_0039_n3_seed81,81,0.001,3,610.6,0,body_0,23.12038132751752,16.22432647230617,0.00010133906265042077,8.585091215629677e-05,0.38209263276539124,1.3046833614733435,2,1.8999088214677275,3.833949402489781,-10.630610597227202,8.245562158902925e-07,27.384600717634044,1.2973399595754602e-14,1.8999088214677275,0-2,12,49.85000000000002,49850,,,,,0,0.38209263276539124,1.2859923670338351,1.8999088214677275,3.833949402489781,0.0007324977543315339,negative_hard,10.0,0,0,0,1,0,1,0,0,0,0,-1,1,0,0,1,1,0,1,0,0
sim_0039_n3_seed81,81,0.001,3,611.0,0,body_0,23.12038132751752,16.22432647230617,0.0001253535865487673,4.806516563567577e-05,0.16402901156582092,0.26392140633447625,2,2.799888355634548,2.5309449867165457,-10.630615675899458,3.468162006789618e-07,27.384600717634108,1.530861152299043e-14,2.799888355634548,0-2,12,50.25,50250,,,,,0,0.16402901156582092,0.26301305236906675,2.799888355634548,2.5309449867165457,0.0007716773486050555,negative_baseline,20.0,0,0,0,1,0,1,0,0,0,0,-1,1,0,0,1,1,0,1,0,0
sim_0039_n3_seed81,81,0.001,3,612.0,0,body_0,23.12038132751752,16.22432647230617,0.00015119855570834703,2.0902440134384804e-05,0.07865679677249279,0.042261708764154395,2,3.7903303331932676,1.357589611918132,-10.630616538486576,2.6567444508204525e-07,27.38460071763419,1.829249343001399e-14,3.7903303331932676,0-2,12,51.25,51250,,,,,0,0.07865679677249279,0.04223768555992841,3.7903303331932676,1.357589611918132,0.0009295643691848417,negative_baseline,20.0,0,0,0,0,0,0,0,0,0,0,-1,0,0,0,0,0,0,1,0,0
sim_0039_n3_seed81,81,0.001,3,613.0,0,body_0,23.12038132751752,16.22432647230617,0.00016443970077576115,4.581099877944873e-05,0.10161994276850798,0.08582110157683936,2,3.4763446691252544,1.731690202795379,-10.630616394633375,2.792064131115559e-07,27.38460071763422,1.9460099393631905e-14,3.4763446691252544,0-2,12,52.25,52250,,,,,0,0.10161994276850798,0.08557763413662944,3.4763446691252544,1.731690202795379,0.0009661809594346272,negative_baseline,20.0,0,0,0,0,0,0,0,0,0,0,-1,0,0,0,0,0,0,1,0,0
sim_0039_n3_seed81,81,0.001,3,613.5,0,body_0,23.12038132751752,16.22432647230617,0.00018023145779354376,7.029497397801392e-05,0.17089049801407924,0.2688615318083848,2,2.796816645048217,2.5332409432004237,-10.630615633956396,3.5076169631993055e-07,27.38460071763421,1.9070897405759266e-14,2.796816645048217,0-2,12,52.75,52750,,,,,0,0.17089049801407924,0.26715314899760845,2.796816645048217,2.5332409432004237,0.0009744527968199096,negative_hard,10.0,0,0,0,1,1,0,0,0,0,0,-1,1,0,0,0,0,0,1,0,0
sim_0039_n3_seed81,81,0.001,3,614.0,0,body_0,23.12038132751752,16.22432647230617,0.00022182346585292726,0.000137810578203357,0.5628931609927237,2.5553479952527174,2,1.5931726410266358,4.4369265727226415,-10.630604503985118,1.3977346804186462e-06,27.384600717634218,1.9330365397674358e-14,1.5931726410266358,0-2,12,53.25,53250,,,,,0,0.5628931609927237,2.4766865704056817,1.5931726410266358,4.4369265727226415,0.001090302041719511,negative_hard,10.0,0,0,0,1,1,0,1,0,0,0,-1,1,0,0,1,1,0,1,0,0
sim_0039_n3_seed81,81,0.001,3,614.5,0,body_0,23.12038132751752,16.22432647230617,0.000152310800293982,0.0002864294159205748,1.323356707136439,11.92448383562251,2,1.0323468171843042,6.03657586474268,-10.630579159130413,3.7818718450303907e-06,27.384600717634218,1.9330365397674358e-14,1.0323468171843042,0-2,12,53.75,53750,,,,,0,1.323356707136439,11.375757965093683,1.0323468171843042,6.03657586474268,0.001324271598428665,negative_hard,10.0,0,1,1,1,0,1,1,1,0,0,-1,1,0,0,1,1,0,1,0,0
sim_0039_n3_seed81,81,0.001,3,615.0,0,body_0,23.12038132751752,16.22432647230617,0.00020204990619082097,8.576105979518193e-05,0.23641266651793003,0.44846388719104896,2,2.473828836316664,2.9488062994961894,-10.630614790980896,4.3005862817458024e-07,27.384600717634196,1.855196142192908e-14,2.473828836316664,0-2,12,54.25,54250,,,,,0,0.23641266651793003,0.445732760682137,2.473828836316664,2.9488062994961894,0.0012598362526711696,negative_hard,10.0,0,0,0,1,0,1,0,0,0,0,-1,1,0,0,0,0,0,1,0,0
sim_0039_n3_seed81,81,0.001,3,616.0,0,body_0,23.12038132751752,16.22432647230617,0.00024748512481547955,0.00012139163272375935,0.22676124472310827,0.1275792876357691,2,3.6928487967091774,1.4065512969552725,-10.630616805864552,2.4052276138086534e-07,27.38460071763419,1.829249343001399e-14,3.6928487967091774,0-2,12,55.25,55250,,,,,0,0.22676124472310827,0.1276321369803184,3.6928487967091774,1.4065512969552725,0.0015569520027390305,negative_baseline,20.0,0,0,0,0,0,0,0,0,0,0,-1,0,0,0,0,0,1,1,0,0
sim_0039_n3_seed81,81,0.001,3,616.2,0,body_0,23.12038132751752,16.22432647230617,0.0002515175779155092,0.00013317876656147894,0.24478690451212728,0.1493312534186776,2,3.7483783975216367,1.3323192036700966,-10.630616821001066,2.390989013264622e-07,27.384600717634207,1.894116340980172e-14,3.114963512151496,1-2,12,55.450000000000045,55450,,,,,0,0.24478690451212728,0.1494283320683527,3.7483783975216367,1.3323192036700966,0.0016065080203281619,negative_hard,10.0,0,0,0,0,0,0,0,0,0,0,-1,0,0,0,0,0,1,1,0,0
sim_0039_n3_seed81,81,0.001,3,616.7,0,body_0,23.12038132751752,16.22432647230617,0.0002542389150945567,0.0001485299749804743,0.28377768825773164,0.17692919554364162,2,3.6223566855634584,1.6128440513102857,-10.630611788110649,7.125323152757063e-07,27.384600717634243,2.023850336937718e-14,1.1773213110562393,1-2,12,55.950000000000045,55950,,,,,0,0.28377768825773164,0.17724955062065348,3.6223566855634584,1.6128440513102857,0.00175590761835368,negative_hard,10.0,0,0,0,0,0,0,0,0,0,0,-1,0,0,0,0,0,0,1,0,0
sim_0039_n3_seed81,81,0.001,3,617.0,0,body_0,23.12038132751752,16.22432647230617,0.00025095569628191307,0.00013945609165716446,0.2960975876796782,0.14292564791354612,2,3.4428705915620434,1.4461438521729773,-10.630621630198657,-2.1329219905603209e-07,27.384600717634267,2.1146641341080003e-14,0.5565615474370167,1-2,12,56.25,56250,,,,,0,0.2960975876796782,0.14268753570406303,3.4428705915620434,1.4461438521729773,0.0021187675863011003,negative_baseline,20.0,0,0,0,0,0,0,0,0,0,0,-1,0,0,0,1,0,0,1,0,0
sim_0039_n3_seed81,81,0.001,3,617.2,0,body_0,23.12038132751752,16.22432647230617,0.0002470779423795038,0.00011929445976519972,0.29316264439323353,0.1438069330262926,2,3.426047764407839,0.8654853900870673,-10.630613196211023,5.800752752833075e-07,27.384600717634267,2.1146641341080003e-14,1.3168557852104998,1-2,12,56.450000000000045,56450,,,,,0,0.29316264439323353,0.1442609616941687,3.426047764407839,0.8654853900870673,0.002076924907562348,negative_hard,10.0,0,0,0,0,0,0,0,0,0,0,-1,0,0,0,0,0,0,1,0,0
sim_0039_n3_seed81,81,0.001,3,617.95,0,body_0,23.12038132751752,16.22432647230617,0.00020446432733336843,0.00011561327775983135,0.291220002091434,0.23669819050117263,2,2.610816526405549,2.2523936450491138,-10.630614814640918,4.278329797254953e-07,27.384600717634246,2.0368237365334727e-14,2.610816526405549,0-2,12,57.200000000000045,57200,,,,,0,0.291220002091434,0.23276002260677042,2.610816526405549,2.2523936450491138,0.0028245298647257646,negative_hard,10.0,0,0,0,1,1,0,0,0,0,0,-1,1,0,0,0,0,0,1,0,0
sim_0039_n3_seed81,81,0.001,3,618.0,0,body_0,23.12038132751752,16.22432647230617,0.000199481415286894,0.00013439485756040322,0.3006934508933957,0.32509192148421207,2,2.5006954316550005,2.432848677254709,-10.630614211528044,4.845665389697388e-07,27.384600717634235,1.9979035377462087e-14,2.5006954316550005,0-2,12,57.25,57250,,,,,0,0.3006934508933957,0.3194245893338564,2.5006954316550005,2.432848677254709,0.0028858852794101243,negative_baseline,20.0,0,0,0,1,1,0,0,0,0,0,-1,1,0,0,0,0,0,1,0,0
sim_0039_n3_seed81,81,0.001,3,618.45,0,body_0,23.12038132751752,16.22432647230617,0.00017514665162912294,0.0013738839907343427,1.8118734398348255,39.73643828841931,2,0.8798605797706175,6.497831808185436,-10.630284922133846,3.1460127130612204e-05,27.3846007176343,2.2314247304697917e-14,0.8798605797706175,0-2,12,57.700000000000045,57700,,,,,0,1.8118734398348255,25.51714824967418,0.8798605797706175,6.497831808185436,0.0035686342748732745,negative_hard,10.0,0,1,1,1,1,0,1,1,0,0,-1,1,0,0,1,1,0,1,0,0
sim_0039_n3_seed81,81,0.001,3,618.7,0,body_0,23.12038132751752,16.22432647230617,0.0007756877662130565,0.0031198595273123466,1.076547503778859,10.441076432569073,2,1.178013603406129,5.30126014890545,-10.630519764639004,9.368986704648782e-06,27.384600717634303,2.244398130065546e-14,1.178013603406129,0-2,12,57.950000000000045,57950,,,,,0,1.076547503778859,9.00017575970319,1.178013603406129,5.30126014890545,0.007070507379706667,negative_hard,8.0,0,1,1,1,0,1,1,1,0,0,-1,1,0,0,1,1,0,1,0,0
sim_0039_n3_seed81,81,0.001,3,618.75,0,body_0,23.12038132751752,16.22432647230617,0.0008989097452225415,0.0027169862269579323,0.7586039271984413,4.947251791683159,2,1.411732427256658,4.6037437728187856,-10.630572806922956,4.379410637471201e-06,27.38460071763429,2.192504531682528e-14,1.411732427256658,0-2,12,58.0,58000,,,,,0,0.7586039271984413,4.57369797034183,1.411732427256658,4.6037437728187856,0.00831781951748685,negative_pre_failure,1.0,0,1,1,1,0,1,1,1,0,0,-1,1,0,0,1,1,0,1,0,0
sim_0039_n3_seed81,81,0.001,3,618.8000000000001,0,body_0,23.12038132751752,16.22432647230617,0.0010123971368997788,0.0024193804702196953,0.5832566930621785,2.8553482316989984,2,1.6179268025805658,4.092933960121663,-10.630592984754841,2.4813244397832904e-06,27.384600717634292,2.2054779312782824e-14,1.6179268025805658,0-2,12,58.05000000000007,58050,,,,,0,0.5832566930621785,2.7216644177239493,1.6179268025805658,4.092933960121663,0.009417660094952015,negative_pre_failure,1.0,0,0,1,1,0,1,1,0,0,0,-1,1,0,0,0,0,0,1,0,0
sim_0039_n3_seed81,81,0.001,3,619.0,0,body_0,23.12038132751752,16.22432647230617,3.730888066449771e-08,1.0373519170123539e-07,0.30387167289031325,0.7235321442013553,2,2.2629428404446252,2.840314205298592,-10.630629064071151,-9.125809460139663e-07,27.3846007176337,3.892019878726381e-16,2.2629428404446252,0-2,13,0.14999999999997726,150,,,,,0,0.30387167289031325,0.7143351430289968,2.2629428404446252,2.840314205298592,3.3784385875767005e-07,negative_baseline,20.0,0,0,0,1,0,1,0,0,0,0,-1,1,0,0,0,0,0,1,0,0
sim_0039_n3_seed81,81,0.001,3,619.25,0,body_0,23.12038132751752,16.22432647230617,9.208947991711431e-08,1.8224631242313716e-07,0.19504364443184205,0.2658640326574391,2,2.817521592126834,1.941318253703936,-10.630632349928142,-1.2216746007496069e-06,27.38460071763365,-1.4270739555330063e-15,2.817521592126834,0-2,13,0.39999999999997726,400,,,,,0,0.19504364443184205,0.2646798176172886,2.817521592126834,1.941318253703936,8.342579417099589e-07,negative_hard,10.0,0,0,0,1,0,1,0,0,0,0,-1,1,0,0,0,0,0,1,0,0
sim_0039_n3_seed81,81,0.001,3,620.0,0,body_0,23.12038132751752,16.22432647230617,3.093602222747555e-07,3.764007878492908e-07,0.11281081495501956,0.04333887798856866,2,3.4990829855181014,0.6059646127226658,-10.630633456169186,-1.325736368545766e-06,27.384600717633674,-5.189359838301841e-16,3.4990829855181014,0-2,13,1.1499999999999773,1150,,,,,0,0.11281081495501956,0.04332216249004487,3.4990829855181014,0.6059646127226658,2.8375908230074264e-06,negative_baseline,20.0,0,0,0,0,0,0,0,0,0,0,-1,0,0,0,0,0,0,1,0,0
sim_0039_n3_seed81,81,0.001,3,621.0,0,body_0,23.12038132751752,16.22432647230617,9.597308149007593e-07,1.2855989681279033e-06,0.19228136981823163,0.35747582551200224,2,2.6056447101145106,2.2791167551747735,-10.630631648302176,-1.1556741221065361e-06,27.384600717633603,-3.113615902981105e-15,2.6056447101145106,0-2,13,2.1499999999999773,2150,,,,,0,0.19228136981823163,0.3535470678246384,2.6056447101145106,2.2791167551747735,8.942968343129787e-06,negative_baseline,20.0,0,0,0,1,1,0,0,0,0,0,-1,1,0,0,1,1,0,1,0,0
sim_0039_n3_seed81,81,0.001,3,621.3000000000001,0,body_0,23.12038132751752,16.22432647230617,1.4856689182474432e-06,3.08077523124476e-06,0.42877649956680036,1.8825869041139527,2,1.7813682957886106,3.729743092425658,-10.630618897611953,4.375648373641897e-08,27.384600717633692,1.2973399595754603e-16,1.7813682957886106,0-2,13,2.4500000000000455,2450,,,,,0,0.42877649956680036,1.8058457435531072,1.7813682957886106,3.729743092425658,1.3899182122958123e-05,negative_hard,10.0,0,0,0,1,1,0,0,0,0,0,-1,1,0,0,1,1,0,1,0,0
sim_0039_n3_seed81,81,0.001,3,622.0,0,body_0,23.12038132751752,16.22432647230617,0.0009261675706306113,0.001357804295636425,0.31258370413691466,0.918715523661161,2,2.1119745425464567,3.0960606631298546,-10.630627293912173,-7.460658148429478e-07,27.384600717633692,1.2973399595754603e-16,2.1119745425464567,0-2,13,3.1499999999999773,3150,,,,,0,0.31258370413691466,0.9027243645327357,2.1119745425464567,3.0960606631298546,0.008691973485308554,negative_baseline,20.0,0,0,0,1,0,1,0,0,0,0,-1,1,0,0,1,1,0,1,0,0
sim_0039_n3_seed81,81,0.001,3,622.0500000000001,0,body_0,23.12038132751752,16.22432647230617,0.000987943408939789,0.001251141768448309,0.27361154799831844,0.6938814041206458,2,2.252351702118191,2.852521440837324,-10.630629113128101,-9.171956301473892e-07,27.38460071763372,1.1676059636179143e-15,2.252351702118191,0-2,13,3.2000000000000455,3200,,,,,0,0.27361154799831844,0.6845614644911276,2.252351702118191,2.852521440837324,0.009271623747707522,negative_pre_failure,1.0,0,0,0,1,0,1,0,0,0,0,-1,1,0,0,1,1,0,1,0,0
sim_0039_n3_seed81,81,0.001,3,622.1,0,body_0,23.12038132751752,16.22432647230617,0.0010448187454041333,0.0011567292742009926,0.24362154906503972,0.5399196465126553,2,2.3815905130768207,2.6370825854316253,-10.630630303280707,-1.029150782071008e-06,27.384600717633692,1.2973399595754603e-16,2.3815905130768207,0-2,13,3.25,3250,,,,,0,0.24362154906503972,0.5341776396706743,2.3815905130768207,2.6370825854316253,0.009805251336276296,negative_pre_failure,1.0,0,0,0,1,0,1,0,0,0,0,-1,1,0,0,1,1,0,1,0,0
sim_0039_n3_seed81,81,0.001,3,622.2,0,body_0,23.12038132751752,16.22432647230617,3.3759748287783387e-09,6.8626538072979635e-09,0.2007437108406443,0.3526229230671931,2,2.610911667600751,2.268124840979799,-10.630619935993847,-5.392191662882496e-08,27.384600717633717,1.0378719676603682e-15,2.610911667600751,0-2,14,0.05000000000006821,50,,,,,0,0.2007437108406443,0.34661479120463345,2.610911667600751,2.268124840979799,3.162861404498209e-08,negative_hard,10.0,0,0,0,1,0,1,0,0,0,0,-1,1,0,0,1,1,0,1,0,0
sim_0039_n3_seed81,81,0.001,3,623.0,0,body_0,23.12038132751752,16.22432647230617,4.8414024102677844e-08,6.052966565771565e-08,0.10699843353629745,0.028900881813674135,2,3.4848311706419786,0.6604701623618987,-10.630621736449909,-2.2328703075181044e-07,27.384600717633617,-2.5946799191509204e-15,3.4848311706419786,0-2,14,0.8500000000000227,850,,,,,0,0.10699843353629745,0.028884082878402904,3.4848311706419786,0.6604701623618987,4.5423784592501396e-07,negative_baseline,20.0,0,0,0,0,0,0,0,0,0,0,-1,0,0,0,1,1,0,1,0,0
sim_0039_n3_seed81,81,0.001,3,624.0,0,body_0,23.12038132751752,16.22432647230617,1.4763606129776995e-07,2.1396468671073393e-07,0.18089628762126714,0.28401619206043,2,2.721999161069753,2.0941628219607065,-10.630620400320367,-9.760013560167572e-08,27.38460071763368,-2.5946799191509205e-16,2.721999161069753,0-2,14,1.8500000000000227,1850,,,,,0,0.18089628762126714,0.2813516204900567,2.721999161069753,2.0941628219607065,1.3887134561133686e-06,negative_baseline,20.0,0,0,0,1,1,0,0,0,0,0,-1,1,0,0,1,1,0,1,0,0
sim_0039_n3_seed81,81,0.001,3,624.25,0,body_0,23.12038132751752,16.22432647230617,1.9851237435142762e-07,4.0477390967094595e-07,0.30338680087360226,0.8916359043329266,2,2.126786666040832,3.070965617886804,-10.630615803626597,3.348011774024338e-07,27.38460071763368,-2.5946799191509205e-16,2.126786666040832,0-2,14,2.1000000000000227,2100,,,,,0,0.30338680087360226,0.8715838949831342,2.126786666040832,3.070965617886804,1.867910147688503e-06,negative_hard,10.0,0,0,0,1,1,0,0,0,0,0,-1,1,0,0,1,1,0,1,0,0
sim_0039_n3_seed81,81,0.001,3,624.75,0,body_0,23.12038132751752,16.22432647230617,0.00033092420163338964,0.00265967947798458,2.030424535117241,50.50530198800547,2,0.8371407930071094,6.707070326193706,-10.630225625667812,3.70380209494672e-05,27.384600717633717,1.0378719676603682e-15,0.8371407930071094,0-2,14,2.6000000000000227,2600,,,,,0,2.030424535117241,31.13995627894034,0.8371407930071094,6.707070326193706,0.0031057085662476933,negative_hard,10.0,0,1,1,1,0,1,1,1,0,0,-1,1,0,0,1,1,0,1,0,0
sim_0039_n3_seed81,81,0.001,3,624.95,0,body_0,23.12038132751752,16.22432647230617,0.000698402610166033,0.0015032748856309596,0.4560554472523048,1.9844780240655282,2,1.7565139779203687,3.780357378802046,-10.63060622732407,1.2356238106898643e-06,27.38460071763367,-6.486699797877301e-16,1.7565139779203687,0-2,14,2.800000000000068,2800,,,,,0,0.4560554472523048,1.9153627815019838,1.7565139779203687,3.780357378802046,0.00655443314379935,negative_hard,8.0,0,0,0,1,0,1,0,0,0,0,-1,1,0,0,1,1,0,1,0,0
sim_0039_n3_seed81,81,0.001,3,625.0,0,body_0,23.12038132751752,16.22432647230617,0.0007663808886151696,0.001367300503453768,0.3777091331849653,1.3517260950031578,2,1.926910965838574,3.4380009016645166,-10.630611881334254,7.037629668817514e-07,27.384600717633678,-3.892019878726381e-16,1.926910965838574,0-2,14,2.8500000000000227,2850,,,,,0,0.3777091331849653,1.3183135816147782,1.926910965838574,3.4380009016645166,0.007192386185880497,negative_baseline,20.0,0,0,0,1,0,1,0,0,0,0,-1,1,0,0,1,1,0,1,0,0
sim_0039_n3_seed81,81,0.001,3,625.2,0,body_0,23.12038132751752,16.22432647230617,0.0009857503131459218,0.000987306410424169,0.22550734346725865,0.44824119716618416,2,2.4770190806934895,2.4825403076506753,-10.630619243456977,1.122356990248497e-08,27.384600717633656,-1.1676059636179143e-15,2.4770190806934895,0-2,14,3.050000000000068,3050,,,,,0,0.22550734346725865,0.44423083757687537,2.4770190806934895,2.4825403076506753,0.009251021900775293,negative_pre_failure,1.0,0,0,0,1,0,1,0,0,0,0,-1,1,0,0,1,1,0,1,0,0
sim_0039_n3_seed81,81,0.001,3,625.25,0,body_0,23.12038132751752,16.22432647230617,0.0010302951907499689,0.0009161691622846225,0.2057854970817301,0.36252322351276917,2,2.5887529426622535,2.3038957247747818,-10.630619853684408,-4.6179240830215727e-08,27.384600717633653,-1.2973399595754602e-15,2.5887529426622535,0-2,14,3.1000000000000227,3100,,,,,0,0.2057854970817301,0.3598622854802678,2.5887529426622535,2.3038957247747818,0.009669023862183376,negative_pre_failure,1.0,0,0,0,1,0,1,0,0,0,0,-1,1,0,0,1,1,0,1,0,0
sim_0039_n3_seed81,81,0.001,3,626.0,0,body_0,23.12038132751752,16.22432647230617,2.7295257390312097e-08,3.484721772467161e-08,0.11110679591965134,0.03280917457348206,2,3.464914635110346,0.7192903786597101,-10.63062079879331,-1.3508364697161279e-07,27.384600717633663,-9.081379717028221e-16,3.464914635110346,0-2,15,0.6999999999999318,700,,,,,0,0.11110679591965134,0.032788820340815754,3.464914635110346,0.7192903786597101,2.566444286712642e-07,negative_baseline,20.0,0,0,0,0,0,0,0,0,0,0,-1,0,0,0,1,1,0,1,0,0
sim_0039_n3_seed81,81,0.001,3,627.0,0,body_0,23.12038132751752,16.22432647230617,8.378022058501245e-08,1.246876260981982e-07,0.17020029606787387,0.229568873761843,2,2.829639361593188,1.9230584128114447,-10.630619816733462,-4.270334312815275e-08,27.384600717633607,-2.9838819070235587e-15,2.829639361593188,0-2,15,1.6999999999999318,1700,,,,,0,0.17020029606787387,0.22769887166811056,2.829639361593188,1.9230584128114447,7.881454437930598e-07,negative_baseline,20.0,0,0,0,0,1,0,0,0,0,0,-1,0,0,0,1,1,0,1,0,0
sim_0039_n3_seed81,81,0.001,3,627.35,0,body_0,23.12038132751752,16.22432647230617,1.2154829490020394e-07,3.18214873770498e-07,0.34765012036781373,1.1510738224684594,2,2.0022407887111955,3.2962403114913275,-10.630612703310483,6.264413921687628e-07,27.384600717633596,-3.3730838948961966e-15,2.0022407887111955,0-2,15,2.0499999999999545,2050,,,,,0,0.34765012036781373,1.1193391474024115,2.0022407887111955,3.2962403114913275,1.143377454302746e-06,negative_hard,10.0,0,0,0,1,1,0,0,0,0,0,-1,1,0,0,1,1,0,1,0,0
sim_0039_n3_seed81,81,0.001,3,627.85,0,body_0,23.12038132751752,16.22432647230617,0.00040784459832253044,0.0021656031021581703,1.239943922591219,15.495781295020754,2,1.0704490596905354,5.674903471478109,-10.630478852154678,1.3217538038342717e-05,27.384600717633564,-4.540689858514111e-15,1.0704490596905354,0-2,15,2.5499999999999545,2550,,,,,0,1.239943922591219,12.652810799507625,1.0704490596905354,5.674903471478109,0.0038275844572849657,negative_hard,10.0,0,1,1,1,0,1,1,1,0,0,-1,1,0,0,1,1,0,1,0,0
sim_0039_n3_seed81,81,0.001,3,628.0,0,body_0,23.12038132751752,16.22432647230617,0.0006583030783526677,0.001471939288140513,0.4753472182177466,2.1469282759289134,2,1.7229357345961909,3.851914828059242,-10.630603831668413,1.4609780985560249e-06,27.384600717633557,-4.800157850429203e-15,1.7229357345961909,0-2,15,2.699999999999932,2700,,,,,0,0.4753472182177466,2.0668878269380686,1.7229357345961909,3.851914828059242,0.006178103133127025,negative_baseline,20.0,0,0,0,1,0,1,0,0,0,0,-1,1,0,0,1,1,0,1,0,0
sim_0039_n3_seed81,81,0.001,3,628.1,0,body_0,23.12038132751752,16.22432647230617,0.0007853019911090942,0.0012232032090464568,0.33269192683032256,1.0310392249731188,2,2.0542316587756435,3.200392611525792,-10.630613707203397,5.32007297650941e-07,27.384600717633568,-4.410955862556565e-15,2.0542316587756435,0-2,15,2.7999999999999545,2800,,,,,0,0.33269192683032256,1.0111320876752192,2.0542316587756435,3.200392611525792,0.007369961851780687,negative_hard,8.0,0,0,0,1,0,1,0,0,0,0,-1,1,0,0,1,1,0,1,0,0
sim_0039_n3_seed81,81,0.001,3,628.35,0,body_0,23.12038132751752,16.22432647230617,0.0010223157846490484,0.0008295113928370345,0.19407452056699184,0.30878378142396,2,2.6728672143537877,2.170864080899645,-10.630619294801967,6.393654661482711e-09,27.384600717633553,-4.929891846386749e-15,2.6728672143537877,0-2,15,3.0499999999999545,3050,,,,,0,0.19407452056699184,0.3068350982144035,2.6728672143537877,2.170864080899645,0.009594249226351104,negative_pre_failure,1.0,0,0,0,1,0,1,0,0,0,0,-1,1,0,0,1,1,0,1,0,0
sim_0039_n3_seed81,81,0.001,3,628.4,0,body_0,23.12038132751752,16.22432647230617,0.0010593689454076278,0.0007708915405636494,0.18033564233685115,0.25644555942369235,2,2.7696128422549164,2.0177561342246517,-10.630619638832691,-2.5968591804955875e-08,27.384600717633546,-5.189359838301841e-15,2.7696128422549164,0-2,15,3.099999999999909,3100,,,,,0,0.18033564233685115,0.2550836281557611,2.7696128422549164,2.0177561342246517,0.009941971972391599,negative_pre_failure,1.0,0,0,0,1,0,1,0,0,0,0,-1,1,0,0,1,1,0,1,0,0
sim_0039_n3_seed81,81,0.001,3,629.0,0,body_0,23.12038132751752,16.22432647230617,1.5641798749965662e-08,2.0405897681239828e-08,0.11472178048121404,0.03975467234065934,2,3.4394648026531582,0.7885448636622586,-10.630620246875171,-8.316586880417183e-08,27.384600717633756,2.4649459231933743e-15,3.4394648026531582,0-2,16,0.5499999999999545,550,,,,,0,0.11472178048121404,0.039721995749683804,3.4394648026531582,0.7885448636622586,1.4706271920372483e-07,negative_baseline,20.0,0,0,0,0,0,0,0,0,0,0,-1,0,0,0,1,1,0,1,0,0
sim_0039_n3_seed81,81,0.001,3,630.0,0,body_0,23.12038132751752,16.22432647230617,4.9515559568683256e-08,7.715460189330297e-08,0.16049888975289506,0.18841721850197157,2,2.9274231151638577,1.7658213549748298,-10.630619531522953,-1.5874190498456186e-08,27.38460071763364,-1.8162759434056442e-15,2.9274231151638577,0-2,16,1.5499999999999545,1550,,,,,0,0.16049888975289506,0.18706342228127507,2.9274231151638577,1.7658213549748298,4.656621698845034e-07,negative_baseline,20.0,0,0,0,0,0,0,0,0,0,0,-1,0,0,0,1,1,0,1,0,0
sim_0039_n3_seed81,81,0.001,3,630.45,0,body_0,23.12038132751752,16.22432647230617,7.290741314530798e-08,2.796731170579058e-07,0.4027495225368653,1.5390703660695533,2,1.8677489896835309,3.5539097014624064,-10.630608799458681,9.936685186986392e-07,27.384600717633564,-4.540689858514111e-15,1.8677489896835309,0-2,16,2.0,2000,,,,,0,0.4027495225368653,1.4856106563972338,1.8677489896835309,3.5539097014624064,6.855968132519744e-07,negative_hard,10.0,0,0,0,1,1,0,0,0,0,0,-1,1,0,0,1,1,0,1,0,0
sim_0039_n3_seed81,81,0.001,3,630.95,0,body_0,23.12038132751752,16.22432647230617,0.00047713466039728594,0.0018649434933172067,0.8719952470184115,7.341680462875823,2,1.2758226465869669,4.9822833413427,-10.630553714349446,6.175408862805295e-06,27.384600717633525,-5.9677638140471174e-15,1.2758226465869669,0-2,16,2.5,2500,,,,,0,0.8719952470184115,6.57440001234207,1.2758226465869669,4.9822833413427,0.004477860601125112,negative_hard,10.0,0,1,1,1,0,1,1,1,0,0,-1,1,0,0,1,1,0,1,0,0
sim_0039_n3_seed81,81,0.001,3,631.0,0,body_0,23.12038132751752,16.22432647230617,0.000559737488898722,0.0016397481439367754,0.6335584440024579,3.8272933599927574,2,1.4953804712737673,4.378784971862548,-10.630587500355686,2.997230330880414e-06,27.384600717633557,-4.800157850429203e-15,1.4953804712737673,0-2,16,2.5499999999999545,2550,,,,,0,0.6335584440024579,3.5925983077194688,1.4953804712737673,4.378784971862548,0.005253078346502952,negative_baseline,20.0,0,0,1,1,0,1,1,1,0,0,-1,1,0,0,1,1,0,1,0,0
sim_0039_n3_seed81,81,0.001,3,631.15,0,body_0,23.12038132751752,16.22432647230617,0.0007597240915326222,0.00121737463622081,0.34258526798824046,1.0899422411626039,2,2.0274784997466635,3.2494057562906407,-10.630612682502775,6.283987294458212e-07,27.384600717633628,-2.2054779312782825e-15,2.0274784997466635,0-2,16,2.699999999999932,2700,,,,,0,0.34258526798824046,1.0678200572724157,2.0274784997466635,3.2494057562906407,0.007129924699875279,negative_hard,8.0,0,0,0,1,0,1,0,0,0,0,-1,1,0,0,1,1,0,1,0,0
sim_0039_n3_seed81,81,0.001,3,631.4,0,body_0,23.12038132751752,16.22432647230617,0.0009953328874904076,0.0008238936250272447,0.1978309647265181,0.3195355974774424,2,2.6548567196542607,2.1994927506045348,-10.630618689942423,6.329151951241717e-08,27.38460071763354,-5.448827830216933e-15,2.6548567196542607,0-2,16,2.949999999999932,2950,,,,,0,0.1978309647265181,0.3174559864006617,2.6548567196542607,2.1994927506045348,0.009341065983363973,negative_pre_failure,1.0,0,0,0,1,0,1,0,0,0,0,-1,1,0,0,1,1,0,1,0,0
sim_0039_n3_seed81,81,0.001,3,631.45,0,body_0,23.12038132751752,16.22432647230617,0.0010321533076865126,0.0007656693496617356,0.1836489945649372,0.26482788989953293,2,2.7529355794017922,2.0443032298896284,-10.630619052092564,2.9224817598978816e-08,27.384600717633504,-6.746167789792393e-15,2.7529355794017922,0-2,16,3.0,3000,,,,,0,0.1836489945649372,0.26338059161379795,2.7529355794017922,2.0443032298896284,0.009686616163768763,negative_pre_failure,1.0,0,0,0,1,0,1,0,0,0,0,-1,1,0,0,1,1,0,1,0,0
sim_0039_n3_seed81,81,0.001,3,632.0,0,body_0,23.12038132751752,16.22432647230617,1.4762195308797039e-08,1.9543388821711694e-08,0.11812473992355839,0.04811321647728547,2,3.4079327622243185,0.8680588968706912,-10.630620261295428,-8.452235204342713e-08,27.384600717633724,1.2973399595754602e-15,3.4079327622243185,0-2,17,0.5,500,,,,,0,0.11812473992355839,0.04806193802919261,3.4079327622243185,0.8680588968706912,1.3870890791498935e-07,negative_baseline,20.0,0,0,0,0,0,0,0,0,0,0,-1,0,0,0,1,1,0,1,0,0
sim_0039_n3_seed81,81,0.001,3,633.0,0,body_0,23.12038132751752,16.22432647230617,4.895300953970516e-08,7.215212780836843e-08,0.15208146141801768,0.15638941125943331,2,3.01590367578884,1.6204581256797004,-10.630619754982726,-3.689458128909051e-08,27.384600717633752,2.3352119272358286e-15,3.01590367578884,0-2,17,1.5,1500,,,,,0,0.15208146141801768,0.1553835627718704,3.01590367578884,1.6204581256797004,4.6002351612894235e-07,negative_baseline,20.0,0,0,0,0,0,0,0,0,0,0,-1,0,0,0,1,1,0,1,0,0
sim_0039_n3_seed81,81,0.001,3,633.5500000000001,0,body_0,23.12038132751752,16.22432647230617,7.866843118128485e-08,3.592745865104211e-07,0.4762644267689759,2.153108659894943,2,1.721653597751777,3.854933559351413,-10.630603302002744,1.510802633841459e-06,27.384600717633713,9.081379717028221e-16,1.721653597751777,0-2,17,2.050000000000068,2050,,,,,0,0.4762644267689759,2.0554980901547806,1.721653597751777,3.854933559351413,7.391941961888699e-07,negative_hard,10.0,0,0,0,1,1,0,0,0,0,0,-1,1,0,0,1,1,0,1,0,0
sim_0039_n3_seed81,81,0.001,3,634.0,0,body_0,23.12038132751752,16.22432647230617,0.00045697231983028074,0.0018889085320181152,0.92954666813614,8.37002208941069,2,1.236182624730185,5.104661430992073,-10.630543966374322,7.09238037606673e-06,27.38460071763378,3.3730838948961966e-15,1.236182624730185,0-2,17,2.5,2500,,,,,0,0.92954666813614,7.400918657898101,1.236182624730185,5.104661430992073,0.004288638354067888,negative_baseline,20.0,0,1,1,1,0,1,1,1,0,0,-1,1,0,0,1,1,0,1,0,0
sim_0039_n3_seed81,81,0.001,3,634.2,0,body_0,23.12038132751752,16.22432647230617,0.0007414678463941732,0.0012214048795120066,0.35228561597090996,1.151066960785614,2,2.0014825154395957,3.2975114043999,-10.630612206885461,6.73139049665285e-07,27.384600717633724,1.2973399595754602e-15,2.0014825154395957,0-2,17,2.7000000000000455,2700,,,,,0,0.35228561597090996,1.1265253210389332,2.0014825154395957,3.2975114043999,0.00695859522122993,negative_hard,8.0,0,0,0,1,0,1,0,0,0,0,-1,1,0,0,1,1,0,1,0,0
sim_0039_n3_seed81,81,0.001,3,634.5,0,body_0,23.12038132751752,16.22432647230617,0.001014499424320236,0.0007665185984056788,0.1865790004837718,0.2731647506416466,2,2.736839417880465,2.069850834888477,-10.630619038298034,3.052244001325334e-08,27.384600717633717,1.0378719676603682e-15,2.736839417880465,0-2,17,3.0,3000,,,,,0,0.1865790004837718,0.2716294019234057,2.736839417880465,2.069850834888477,0.009520957803462602,negative_pre_failure,1.0,0,0,0,1,0,1,0,0,0,0,-1,1,0,0,1,1,0,1,0,0
sim_0039_n3_seed81,81,0.001,3,634.5500000000001,0,body_0,23.12038132751752,16.22432647230617,0.0010485576411152222,0.0007124840784248637,0.17441436048075443,0.22857257974747042,2,2.828603787497717,1.9241926694584186,-10.630619322905732,3.7499926423897736e-09,27.384600717633713,9.081379717028221e-16,2.828603787497717,0-2,17,3.050000000000068,3050,,,,,0,0.17441436048075443,0.22748344177822913,2.828603787497717,1.9241926694584186,0.009840589160679102,negative_pre_failure,1.0,0,0,0,0,0,1,0,0,0,0,-1,0,0,0,1,1,0,1,0,0
sim_0039_n3_seed81,81,0.001,3,635.0,0,body_0,23.12038132751752,16.22432647230617,1.0503640875321555e-08,1.4177831037100677e-08,0.12167191683901532,0.05774954885331932,2,3.3700049785414046,0.9567676381574387,-10.630620051697841,-6.48059479343441e-08,27.384600717633617,-2.5946799191509204e-15,3.3700049785414046,0-2,18,0.39999999999997726,400,,,,,0,0.12167191683901532,0.05767335556204802,3.3700049785414046,0.9567676381574387,9.866911011272947e-08,negative_baseline,20.0,0,0,0,0,0,0,0,0,0,0,-1,0,0,0,1,1,0,1,0,0
sim_0039_n3_seed81,81,0.001,3,636.0,0,body_0,23.12038132751752,16.22432647230617,3.778460068637103e-08,5.5907844138646565e-08,0.14488966417475055,0.13085787928971676,2,3.0956911942604415,1.4853306605863463,-10.630619717106562,-3.333165018088796e-08,27.384600717633727,1.4270739555330063e-15,3.0956911942604415,0-2,18,1.3999999999999773,1400,,,,,0,0.14488966417475055,0.130094131632491,3.0956911942604415,1.4853306605863463,3.5497998785305384e-07,negative_baseline,20.0,0,0,0,0,0,0,0,0,0,0,-1,0,0,0,1,1,0,1,0,0
sim_0039_n3_seed81,81,0.001,3,636.15,0,body_0,23.12038132751752,16.22432647230617,4.333734199707941e-08,7.26210840826059e-08,0.16903358898886092,0.2103614665892354,2,2.871457998093565,1.8558710939199754,-10.6306192611091,9.563071796379152e-09,27.384600717633706,6.486699797877301e-16,2.871457998093565,0-2,18,1.5499999999999545,1550,,,,,0,0.16903358898886092,0.20873540554264422,2.871457998093565,1.8558710939199754,4.0714353398728703e-07,negative_hard,10.0,0,0,0,0,1,0,0,0,0,0,-1,0,0,0,1,1,0,1,0,0
sim_0039_n3_seed81,81,0.001,3,636.65,0,body_0,23.12038132751752,16.22432647230617,5.8826986488983806e-08,4.219714764151647e-07,0.5803219759237671,3.203047213332938,2,1.562091615260101,4.215813539196018,-10.630593324434333,2.4493715045822544e-06,27.38460071763375,2.2054779312782825e-15,1.562091615260101,0-2,18,2.0499999999999545,2050,,,,,0,0.5803219759237671,3.0045759932986966,1.562091615260101,4.215813539196018,5.526291370899866e-07,negative_hard,10.0,0,0,0,1,1,0,1,1,0,0,-1,1,0,0,1,1,0,1,0,0
sim_0039_n3_seed81,81,0.001,3,637.0,0,body_0,23.12038132751752,16.22432647230617,0.00034085413631822225,0.0022941812900917013,1.6418113460455483,29.327124795836276,2,0.930979785965276,6.25114239474496,-10.630365883675601,2.384424521514052e-05,27.384600717633873,6.746167789792393e-15,0.930979785965276,0-2,18,2.3999999999999773,2400,,,,,0,1.6418113460455483,21.116855006154356,0.930979785965276,6.25114239474496,0.003198881189443849,negative_baseline,20.0,0,1,1,1,0,1,1,1,0,0,-1,1,0,0,1,1,0,1,0,0
sim_0039_n3_seed81,81,0.001,3,637.25,0,body_0,23.12038132751752,16.22432647230617,0.0007268530378556135,0.0012305170599451387,0.36202317950417834,1.215311541926736,2,1.9758617988777194,3.3454313179178907,-10.630611483545572,7.411821113755344e-07,27.384600717633838,5.448827830216933e-15,1.9758617988777194,0-2,18,2.6499999999999773,2650,,,,,0,0.36202317950417834,1.188097793324618,1.9758617988777194,3.3454313179178907,0.006821438275048138,negative_hard,8.0,0,0,0,1,0,1,0,0,0,0,-1,1,0,0,1,1,0,1,0,0
sim_0039_n3_seed81,81,0.001,3,637.5500000000001,0,body_0,23.12038132751752,16.22432647230617,0.0010016129103576858,0.0007704287072159159,0.18929366742729253,0.2815777541877743,2,2.721046340671699,2.094879342518886,-10.630618807157909,5.226530539280933e-08,27.38460071763388,7.0056357817074854e-15,2.721046340671699,0-2,18,2.9500000000000455,2950,,,,,0,0.18929366742729253,0.2799505739967553,2.721046340671699,2.094879342518886,0.009400028000068311,negative_pre_failure,1.0,0,0,0,1,0,1,0,0,0,0,-1,1,0,0,1,1,0,1,0,0
sim_0039_n3_seed81,81,0.001,3,637.6,0,body_0,23.12038132751752,16.22432647230617,0.001035877615233121,0.0007161317124188664,0.17677068283175143,0.23521007255273974,2,2.814011955507222,1.9474635193524044,-10.630619105159672,2.423290638192863e-08,27.384600717633887,7.265103773622577e-15,2.814011955507222,0-2,18,3.0,3000,,,,,0,0.17677068283175143,0.234059826837225,2.814011955507222,1.9474635193524044,0.009721598855946617,negative_pre_failure,1.0,0,0,0,1,0,1,0,0,0,0,-1,1,0,0,1,1,0,1,0,0
sim_0039_n3_seed81,81,0.001,3,638.0,0,body_0,23.12038132751752,16.22432647230617,9.572050017470188e-09,1.316677908670647e-08,0.1255927963280066,0.06883654393800069,2,3.3254487289247994,1.0537577554813258,-10.630620040845368,-6.378507865778232e-08,27.384600717633653,-1.2973399595754602e-15,3.3254487289247994,0-2,19,0.35000000000002274,350,,,,,0,0.1255927963280066,0.06872759777999224,3.3254487289247994,1.0537577554813258,8.989265860533294e-08,negative_baseline,20.0,0,0,0,0,0,0,0,0,0,0,-1,0,0,0,1,1,0,1,0,0
sim_0039_n3_seed81,81,0.001,3,639.0,0,body_0,23.12038132751752,16.22432647230617,3.7216146491459866e-08,5.273063521888537e-08,0.1387821531896142,0.11009048319206922,2,3.167295174048379,1.3592680488400828,-10.63061985491131,-4.629465284953428e-08,27.384600717633727,1.4270739555330063e-15,3.167295174048379,0-2,19,1.3500000000000227,1350,,,,,0,0.1387821531896142,0.10949984792392267,3.167295174048379,1.3592680488400828,3.4952984705529485e-07,negative_baseline,20.0,0,0,0,0,0,0,0,0,0,0,-1,0,0,0,1,1,0,1,0,0
sim_0039_n3_seed81,81,0.001,3,639.2,0,body_0,23.12038132751752,16.22432647230617,4.482513432765809e-08,7.367782127831085e-08,0.16799516468516598,0.2047757237327303,2,2.8846979033688633,1.8345776040342945,-10.63061932624127,3.4362255932511633e-09,27.384600717633717,1.0378719676603682e-15,2.8846979033688633,0-2,19,1.5500000000000682,1550,,,,,0,0.16799516468516598,0.20321940566275784,2.8846979033688633,1.8345776040342945,4.2098775093600444e-07,negative_hard,10.0,0,0,0,0,1,0,0,0,0,0,-1,0,0,0,1,1,0,1,0,0
sim_0039_n3_seed81,81,0.001,3,639.7,0,body_0,23.12038132751752,16.22432647230617,6.267913368022142e-08,4.0686051766526063e-07,0.5581761780750853,2.954157661119559,2,1.593357882377639,4.142046448011234,-10.630595708314626,2.225124900333119e-06,27.384600717633685,-1.2973399595754603e-16,1.593357882377639,0-2,19,2.050000000000068,2050,,,,,0,0.5581761780750853,2.782354903875509,1.593357882377639,4.142046448011234,5.886410191734898e-07,negative_hard,10.0,0,0,0,1,1,0,1,0,0,0,-1,1,0,0,1,1,0,1,0,0
sim_0039_n3_seed81,81,0.001,3,640.0,0,body_0,23.12038132751752,16.22432647230617,0.00019680974603800193,0.0031751055274944315,4.774273820333148,1411.5706163979896,2,0.5462478008816423,8.730331664182346,-10.628485309649385,0.00020074588772927546,27.384600717633617,-2.5946799191509204e-15,0.5462478008816423,0-2,19,2.3500000000000227,2350,,,,,0,4.774273820333148,143.65749063699235,0.5462478008816423,8.730331664182346,0.0018470394833351423,negative_baseline,20.0,1,1,1,1,0,1,1,1,0,0,-1,1,0,0,1,1,0,1,0,0
sim_0039_n3_seed81,81,0.001,3,640.3000000000001,0,body_0,23.12038132751752,16.22432647230617,0.0007142325047481756,0.001242620105016672,0.37195248595795033,1.2834270677618633,2,1.950386866685267,3.3936143071546274,-10.630610930343877,7.932206309907216e-07,27.384600717633678,-3.892019878726381e-16,1.950386866685267,0-2,19,2.650000000000091,2650,,,,,0,0.37195248595795033,1.253238368760056,1.950386866685267,3.3936143071546274,0.006702996615475521,negative_hard,8.0,0,0,0,1,0,1,0,0,0,0,-1,1,0,0,1,1,0,1,0,0
sim_0039_n3_seed81,81,0.001,3,640.65,0,body_0,23.12038132751752,16.22432647230617,0.0010259237086901768,0.0007213756351534132,0.1790012691960212,0.24194757950615817,2,2.7995552341377232,1.9704719706932368,-10.630619094441167,2.5241173617237167e-08,27.384600717633656,-1.1676059636179143e-15,2.7995552341377232,0-2,19,3.0,3000,,,,,0,0.1790012691960212,0.24073343678838374,2.7995552341377232,1.9704719706932368,0.009628187056421917,negative_pre_failure,1.0,0,0,0,1,0,1,0,0,0,0,-1,1,0,0,1,1,0,1,0,0
sim_0039_n3_seed81,81,0.001,3,640.7,0,body_0,23.12038132751752,16.22432647230617,0.0010577963118369605,0.0006704842578837749,0.16821050855647735,0.20380538931061226,2,2.88642448773924,1.8316975916247533,-10.630619330672179,3.0194193073840673e-09,27.384600717633663,-9.081379717028221e-16,2.88642448773924,0-2,19,3.050000000000068,3050,,,,,0,0.16821050855647735,0.2029324293588075,2.88642448773924,1.8316975916247533,0.0099273092971687,negative_pre_failure,1.0,0,0,0,0,0,0,0,0,0,0,-1,0,0,0,1,1,0,1,0,0
sim_0039_n3_seed81,81,0.001,3,641.0,0,body_0,23.12038132751752,16.22432647230617,6.19624757214518e-09,8.708676678578608e-09,0.13005947446024432,0.08169582901375434,2,3.274044916010516,1.1584670432731556,-10.630619837232828,-4.4631675341064074e-08,27.384600717633568,-4.410955862556565e-15,3.274044916010516,0-2,20,0.25,250,,,,,0,0.13005947446024432,0.08154346254004201,3.274044916010516,1.1584670432731556,5.8182842319614074e-08,negative_baseline,20.0,0,0,0,0,0,0,0,0,0,0,-1,0,0,0,1,1,0,1,0,0
sim_0039_n3_seed81,81,0.001,3,642.0,0,body_0,23.12038132751752,16.22432647230617,2.8862041928007147e-08,4.131037511689769e-08,0.13361506088573574,0.09289964987097643,2,3.231129776638422,1.2415063839876135,-10.630619787656451,-3.9968129870211914e-08,27.384600717633433,-9.340847708943314e-15,3.231129776638422,0-2,20,1.25,1250,,,,,0,0.13361506088573574,0.0924358083895287,3.231129776638422,1.2415063839876135,2.710404039789009e-07,negative_baseline,20.0,0,0,0,0,0,0,0,0,0,0,-1,0,0,0,1,1,0,1,0,0
sim_0039_n3_seed81,81,0.001,3,642.25,0,body_0,23.12038132751752,16.22432647230617,3.61151932245941e-08,6.249436205787249e-08,0.16686150240066508,0.19945547493838772,2,2.897654237160895,1.8137002968947489,-10.630619208459589,1.4515700577505642e-08,27.384600717633433,-9.340847708943314e-15,2.897654237160895,0-2,20,1.5,1500,,,,,0,0.16686150240066508,0.19796448106361972,2.897654237160895,1.8137002968947489,3.3915221958679e-07,negative_hard,10.0,0,0,0,0,1,0,0,0,0,0,-1,0,0,0,1,1,0,1,0,0
sim_0039_n3_seed81,81,0.001,3,642.75,0,body_0,23.12038132751752,16.22432647230617,4.625271453602541e-08,3.475650688577267e-07,0.5377527509397364,2.7347879198184932,2,1.6237544942110984,4.071842267153886,-10.630597619634575,2.0453310535863476e-06,27.384600717633447,-8.82191172511313e-15,1.6237544942110984,0-2,20,2.0,2000,,,,,0,0.5377527509397364,2.5850991543604116,1.6237544942110984,4.071842267153886,4.343391103241274e-07,negative_hard,10.0,0,0,0,1,1,0,1,0,0,0,-1,1,0,0,1,1,0,1,0,0
sim_0039_n3_seed81,81,0.001,3,643.0,0,body_0,23.12038132751752,16.22432647230617,6.857253942827362e-06,0.0007589058285239639,66.02762837863085,76.10812659858705,2,0.14691055305548212,17.904641536157865,-10.580293541726434,0.004734044116026644,27.384600717633397,-1.0638187668518774e-14,0.14691055305548212,0-2,20,2.25,2250,,,,,0,66.02762837863085,10082.579153291654,0.14691055305548212,17.904641536157865,6.435446464716153e-05,negative_baseline,20.0,1,1,1,1,0,0,1,1,0,0,-1,1,0,0,1,1,0,1,0,0
sim_0039_n3_seed81,81,0.001,3,643.3000000000001,0,body_0,23.12038132751752,16.22432647230617,0.0006404247160371688,0.0013816231847008833,0.4605156438403133,1.9910008357189215,2,1.7545894413159397,3.7848919439440896,-10.630604491321414,1.3989259284841967e-06,27.38460071763353,-5.838029818089571e-15,1.7545894413159397,0-2,20,2.550000000000068,2550,,,,,0,0.4605156438403133,1.9216574304808152,1.7545894413159397,3.7848919439440896,0.00601031873787941,negative_hard,8.0,0,0,0,1,0,1,0,0,0,0,-1,1,0,0,1,1,0,1,0,0
sim_0039_n3_seed81,81,0.001,3,643.7,0,body_0,23.12038132751752,16.22432647230617,0.0010176232875318883,0.0007276394976486256,0.18116324411544088,0.2488306883499395,2,2.785141622897509,1.9933753892618138,-10.630618901246997,4.341454276933635e-08,27.384600717633337,-1.2843665599797056e-14,2.785141622897509,0-2,20,2.9500000000000455,2950,,,,,0,0.18116324411544088,0.24754939299743045,2.785141622897509,1.9933753892618138,0.009550290555761556,negative_pre_failure,1.0,0,0,0,1,0,1,0,0,0,0,-1,1,0,0,1,1,0,1,0,0
sim_0039_n3_seed81,81,0.001,3,643.75,0,body_0,23.12038132751752,16.22432647230617,0.0010498114568301528,0.0006763415507823414,0.17007442118419472,0.20930115375644254,2,2.873128659651925,1.8530638115783162,-10.630619147766028,2.022501612428199e-08,27.384600717633326,-1.3232867587669694e-14,2.873128659651925,0-2,20,3.0,3000,,,,,0,0.17007442118419472,0.2083826502664293,2.873128659651925,1.8530638115783162,0.009852374584625456,negative_pre_failure,1.0,0,0,0,0,0,1,0,0,0,0,-1,0,0,0,1,1,0,1,0,0
sim_0039_n3_seed81,81,0.001,3,644.0,0,body_0,23.12038132751752,16.22432647230617,5.195991165802162e-09,7.476438781923277e-09,0.13522993916164128,0.0967879487712243,2,3.215558556882327,1.2706933500899513,-10.63061979431702,-4.059467558292602e-08,27.3846007176337,3.892019878726381e-16,3.215558556882327,0-2,21,0.1999999999999318,200,,,,,0,0.13522993916164128,0.09657701271258626,3.215558556882327,1.2706933500899513,4.878313488440729e-08,negative_baseline,20.0,0,0,0,0,0,0,0,0,0,0,-1,0,0,0,1,1,0,1,0,0
sim_0039_n3_seed81,81,0.001,3,645.0,0,body_0,23.12038132751752,16.22432647230617,2.834265762461704e-08,3.9187053746163704e-08,0.1292630985295215,0.07844815847126867,2,3.2875313023256094,1.131651272368258,-10.630619877800372,-4.844777886300978e-08,27.384600717633763,2.7244139151084665e-15,3.2875313023256094,0-2,21,1.1999999999999318,1200,,,,,0,0.1292630985295215,0.07807924168273894,3.2875313023256094,1.131651272368258,2.661187225060121e-07,negative_baseline,20.0,0,0,0,0,0,0,0,0,0,0,-1,0,0,0,1,1,0,1,0,0
sim_0039_n3_seed81,81,0.001,3,645.35,0,body_0,23.12038132751752,16.22432647230617,3.89419966163247e-08,6.978097462053601e-08,0.17593704745356215,0.23011499641106523,2,2.8255339386538068,1.9292001951922242,-10.630619046013809,2.9796633320102784e-08,27.384600717633766,2.8541479110660126e-15,2.8255339386538068,0-2,21,1.5499999999999545,1550,,,,,0,0.17593704745356215,0.22822598230324526,2.8255339386538068,1.9292001951922242,3.6563666529063835e-07,negative_hard,10.0,0,0,0,0,1,0,0,0,0,0,-1,0,0,0,1,1,0,1,0,0
sim_0039_n3_seed81,81,0.001,3,645.85,0,body_0,23.12038132751752,16.22432647230617,4.666253915796168e-08,4.899056721855629e-07,0.6718876991075169,4.292547329286326,2,1.4537480781111627,4.4850258372160114,-10.630582848441435,3.4348261183312286e-06,27.38460071763384,5.578561826174479e-15,1.4537480781111627,0-2,21,2.0499999999999545,2050,,,,,0,0.6718876991075169,3.9587891697119892,1.4537480781111627,4.4850258372160114,4.381080756632224e-07,negative_hard,10.0,0,0,1,1,1,0,1,1,0,0,-1,1,0,0,1,1,0,1,0,0
sim_0039_n3_seed81,81,0.001,3,646.0,0,body_0,23.12038132751752,16.22432647230617,1.9293178509296148e-07,5.9304567820597e-06,3.326713948382841,263.67642469906576,2,0.6542942019014405,7.834345681919792,-10.629562668269514,9.940102875496132e-05,27.38460071763381,4.410955862556565e-15,0.6542942019014405,0-2,21,2.199999999999932,2200,,,,,0,3.326713948382841,72.65849283242345,0.6542942019014405,7.834345681919792,1.8103479785807845e-06,negative_baseline,20.0,1,1,1,1,1,0,1,1,0,0,-1,1,0,0,1,1,0,1,0,0
sim_0039_n3_seed81,81,0.001,3,646.3000000000001,0,body_0,23.12038132751752,16.22432647230617,0.0005589569217824056,0.0015591612686811386,0.6025077927124735,3.4371070617320845,2,1.535193562318885,4.280641459654453,-10.630591017844345,2.6663475723674645e-06,27.38460071763379,3.7622858827688345e-15,1.535193562318885,0-2,21,2.5,2500,,,,,0,0.6025077927124735,3.244883413517716,1.535193562318885,4.280641459654453,0.005245752198575185,negative_hard,8.0,0,0,1,1,0,1,1,1,0,0,-1,1,0,0,1,1,0,1,0,0
sim_0039_n3_seed81,81,0.001,3,646.7,0,body_0,23.12038132751752,16.22432647230617,0.0009751231298366356,0.0007903297973115601,0.196946030677235,0.30798328762709926,2,2.6741719422118817,2.16908251968928,-10.630618540296526,7.736839427811082e-08,27.384600717633848,5.838029818089571e-15,2.6741719422118817,0-2,21,2.8999999999999773,2900,,,,,0,0.196946030677235,0.3060497213055634,2.6741719422118817,2.16908251968928,0.009151430801749337,negative_hard,8.0,0,0,0,1,0,1,0,0,0,0,-1,1,0,0,1,1,0,1,0,0
sim_0039_n3_seed81,81,0.001,3,646.75,0,body_0,23.12038132751752,16.22432647230617,0.0010103750635106076,0.0007345890522985344,0.18329235595090912,0.2558927284133234,2,2.7707125572443885,2.016274022204105,-10.630618881973804,4.522753147317101e-08,27.38460071763384,5.578561826174479e-15,2.7707125572443885,0-2,21,2.949999999999932,2950,,,,,0,0.18329235595090912,0.25454060940041845,2.7707125572443885,2.016274022204105,0.00948226768213666,negative_pre_failure,1.0,0,0,0,1,0,1,0,0,0,0,-1,1,0,0,1,1,0,1,0,0
sim_0039_n3_seed81,81,0.001,3,646.8000000000001,0,body_0,23.12038132751752,16.22432647230617,0.0010429095362369319,0.0006828263211534541,0.17189744865983667,0.21492255358433413,2,2.859817416829881,1.8744037668344085,-10.630619139229212,2.1028056418311006e-08,27.384600717633827,5.059625842344295e-15,2.859817416829881,0-2,21,3.0,3000,,,,,0,0.17189744865983667,0.2139562215609738,2.859817416829881,1.8744037668344085,0.009787601789137339,negative_pre_failure,1.0,0,0,0,0,0,1,0,0,0,0,-1,0,0,0,1,1,0,1,0,0
sim_0039_n3_seed81,81,0.001,3,647.0,0,body_0,23.12038132751752,16.22432647230617,4.097294607427228e-09,6.058482503406461e-09,0.14127378055732603,0.1147463394892195,2,3.1497232186997066,1.3905689278990498,-10.630619733058003,-3.483216868433385e-08,27.38460071763372,1.1676059636179143e-15,3.1497232186997066,0-2,22,0.14999999999997726,150,,,,,0,0.14127378055732603,0.11445473740922361,3.1497232186997066,1.3905689278990498,3.8463921351236145e-08,negative_baseline,20.0,0,0,0,0,0,0,0,0,0,0,-1,0,0,0,1,1,0,1,0,0
sim_0039_n3_seed81,81,0.001,3,648.0,0,body_0,23.12038132751752,16.22432647230617,2.7773996572477534e-08,3.7324822830363294e-08,0.12562274990265263,0.06613545138786527,2,3.336774859411279,1.0296736792754713,-10.630619954813499,-5.569224166565064e-08,27.384600717633763,2.7244139151084665e-15,3.336774859411279,0-2,22,1.1499999999999773,1150,,,,,0,0.12562274990265263,0.06583910641611823,3.336774859411279,1.0296736792754713,2.6074906373319753e-07,negative_baseline,20.0,0,0,0,0,0,0,0,0,0,0,-1,0,0,0,1,1,0,1,0,0
sim_0039_n3_seed81,81,0.001,3,648.45,0,body_0,23.12038132751752,16.22432647230617,4.199015102015484e-08,7.829996811301964e-08,0.1863520039462662,0.2673606780063033,2,2.748235283866662,2.0519241158812407,-10.630618835318096,4.961633583514649e-08,27.384600717633788,3.6325518868112884e-15,2.748235283866662,0-2,22,1.6000000000000227,1600,,,,,0,0.1863520039462662,0.26492963226807476,2.748235283866662,2.0519241158812407,3.94210086728913e-07,negative_hard,10.0,0,0,0,1,1,0,0,0,0,0,-1,1,0,0,1,1,0,1,0,0
sim_0039_n3_seed81,81,0.001,3,648.95,0,body_0,23.12038132751752,16.22432647230617,4.557039590779522e-08,7.528961937760075e-07,0.8877605741659946,7.590083940946865,2,1.2654495348718722,5.014004554636118,-10.630551202136186,6.411727479322452e-06,27.384600717633777,3.2433498989386505e-15,1.2654495348718722,0-2,22,2.1000000000000227,2100,,,,,0,0.8877605741659946,6.682853705045647,1.2654495348718722,5.014004554636118,4.2778208258073534e-07,negative_hard,10.0,0,1,1,1,1,0,1,1,0,0,-1,1,0,0,1,1,0,1,0,0
sim_0039_n3_seed81,81,0.001,3,649.0,0,body_0,23.12038132751752,16.22432647230617,4.8298965006606334e-08,1.4918840331528478e-06,1.3899999202496094,19.89126666831227,2,1.0117812994230542,5.904773811751028,-10.630440561326047,1.6819475735838723e-05,27.38460071763378,3.3730838948961966e-15,1.0117812994230542,0-2,22,2.1499999999999773,2150,,,,,0,1.3899999202496094,15.255474534510574,1.0117812994230542,5.904773811751028,4.5321883184152684e-07,negative_baseline,20.0,0,1,1,1,1,0,1,1,0,0,-1,1,0,0,1,1,0,1,0,0
sim_0039_n3_seed81,81,0.001,3,649.7,0,body_0,23.12038132751752,16.22432647230617,0.0009296056525670456,0.0008595675042362334,0.21653332056292549,0.3879219437793642,2,2.552702610567906,2.3618646378928365,-10.630618017309846,1.2656465104300492e-07,27.384600717633845,5.708295822132025e-15,2.552702610567906,0-2,22,2.8500000000000227,2850,,,,,0,0.21653332056292549,0.38490119549928203,2.552702610567906,2.3618646378928365,0.008724253517292758,negative_hard,8.0,0,0,0,1,0,1,0,0,0,0,-1,1,0,0,1,1,0,1,0,0
sim_0039_n3_seed81,81,0.001,3,649.8000000000001,0,body_0,23.12038132751752,16.22432647230617,0.0010038351628046459,0.0007420493621416691,0.1854122739362218,0.2631604630575983,2,2.756228168158498,2.0392369176651957,-10.630618861798828,4.712534905723924e-08,27.38460071763388,7.0056357817074854e-15,2.756228168158498,0-2,22,2.9500000000000455,2950,,,,,0,0.1854122739362218,0.26173345074704896,2.756228168158498,2.0392369176651957,0.00942089180176265,negative_pre_failure,1.0,0,0,0,1,0,1,0,0,0,0,-1,1,0,0,1,1,0,1,0,0
sim_0039_n3_seed81,81,0.001,3,649.85,0,body_0,23.12038132751752,16.22432647230617,0.0010367384347120473,0.0006897772861938486,0.17370237358410798,0.22069025253711433,2,2.846453517455751,1.895782397384071,-10.630619130286778,2.186925240543159e-08,27.384600717633877,6.875901785749939e-15,2.846453517455751,0-2,22,3.0,3000,,,,,0,0.17370237358410798,0.2196735616316655,2.846453517455751,1.895782397384071,0.00972968703291975,negative_pre_failure,1.0,0,0,0,0,0,1,0,0,0,0,-1,0,0,0,1,1,0,1,0,0
sim_0039_n3_seed81,81,0.001,3,650.0,0,body_0,23.12038132751752,16.22432647230617,2.8824802686088405e-09,4.397734987331165e-09,0.14839196105992142,0.13644332120208447,2,3.0762290697987686,1.5185428541231198,-10.630619647331578,-2.6768064219264943e-08,27.38460071763369,0.0,3.0762290697987686,0-2,23,0.10000000000002274,100,,,,,0,0.14839196105992142,0.1360380627052272,3.0762290697987686,1.5185428541231198,2.705745063250995e-08,negative_baseline,20.0,0,0,0,0,0,0,0,0,0,0,-1,0,0,0,1,1,0,1,0,0
sim_0039_n3_seed81,81,0.001,3,651.0,0,body_0,23.12038132751752,16.22432647230617,2.7162965663521183e-08,3.5674696434985554e-08,0.12261056032221393,0.05553046978951582,2,3.3790853758248716,0.9359408693869671,-10.630620021726266,-6.198658488305531e-08,27.384600717633678,-3.892019878726381e-16,3.3790853758248716,0-2,23,1.1000000000000227,1100,,,,,0,0.12261056032221393,0.05529081891001585,3.3790853758248716,0.9359408693869671,2.5498961431339643e-07,negative_baseline,20.0,0,0,0,0,0,0,0,0,0,0,-1,0,0,0,1,1,0,1,0,0
sim_0039_n3_seed81,81,0.001,3,651.5500000000001,0,body_0,23.12038132751752,16.22432647230617,4.5284643838647923e-08,8.836973582770718e-08,0.1984342340573443,0.31322415503922724,2,2.6654752057775086,2.1828728159292012,-10.630618559702537,7.554291164552661e-08,27.38460071763374,1.9460099393631903e-15,2.6654752057775086,0-2,23,1.650000000000091,1650,,,,,0,0.1984342340573443,0.3100395562030714,2.6654752057775086,2.1828728159292012,4.251009624675307e-07,negative_hard,10.0,0,0,0,1,1,0,0,0,0,0,-1,1,0,0,1,1,0,1,0,0
sim_0039_n3_seed81,81,0.001,3,652.0,0,body_0,23.12038132751752,16.22432647230617,4.954814159641875e-08,7.032789830620298e-07,0.839604443137467,6.761183049225472,2,1.30127654793969,4.90634652781525,-10.630559168575928,5.662341251606938e-06,27.38460071763365,-1.4270739555330063e-15,1.30127654793969,0-2,23,2.1000000000000227,2100,,,,,0,0.839604443137467,6.019377224466781,1.30127654793969,4.90634652781525,4.6510263735872135e-07,negative_baseline,20.0,0,1,1,1,1,0,1,1,0,0,-1,1,0,0,1,1,0,1,0,0
sim_0039_n3_seed81,81,0.001,3,652.0500000000001,0,body_0,23.12038132751752,16.22432647230617,4.695147242949283e-08,1.3330887696731153e-06,1.2821152559151332,16.600306634239853,2,1.0534918404121312,5.739806943257312,-10.630468695903218,1.4172915247591737e-05,27.38460071763365,-1.4270739555330063e-15,1.0534918404121312,0-2,23,2.150000000000091,2150,,,,,0,1.2821152559151332,13.16201377965594,1.0534918404121312,5.739806943257312,4.4063039846797385e-07,negative_hard,10.0,0,1,1,1,1,0,1,1,0,0,-1,1,0,0,1,1,0,1,0,0
sim_0039_n3_seed81,81,0.001,3,652.7,0,body_0,23.12038132751752,16.22432647230617,0.0008804544806251337,0.0009368050194304024,0.2413638264775291,0.4996341665853113,2,2.4197336104394087,2.575876640909715,-10.630617237062225,1.9996090337349936e-07,27.384600717633727,1.4270739555330063e-15,2.4197336104394087,0-2,23,2.800000000000068,2800,,,,,0,0.2413638264775291,0.49470637254916994,2.4197336104394087,2.575876640909715,0.008262974381201178,negative_hard,8.0,0,0,0,1,0,1,0,0,0,0,-1,1,0,0,1,1,0,1,0,0
sim_0039_n3_seed81,81,0.001,3,652.9,0,body_0,23.12038132751752,16.22432647230617,0.0010310777217695842,0.0006970930988345163,0.17550483006087142,0.2266214381247582,2,2.8330108220491255,1.9172457803988368,-10.630619120909877,2.2751317759615823e-08,27.384600717633663,-9.081379717028221e-16,2.8330108220491255,0-2,23,3.0,3000,,,,,0,0.17550483006087142,0.22555161785429795,2.8330108220491255,1.9172457803988368,0.009676561922816672,negative_pre_failure,1.0,0,0,0,0,0,1,0,0,0,0,-1,0,0,0,1,1,0,1,0,0
sim_0039_n3_seed81,81,0.001,3,652.95,0,body_0,23.12038132751752,16.22432647230617,0.0010617696246523552,0.0006478463955474362,0.16539542764763074,0.19153171744685035,2,2.9172380476884583,1.7820167652277568,-10.630619334582523,2.65158146886097e-09,27.384600717633663,-9.081379717028221e-16,2.9172380476884583,0-2,23,3.050000000000068,3050,,,,,0,0.16539542764763074,0.19075730780343977,2.9172380476884583,1.7820167652277568,0.009964603931900557,negative_pre_failure,1.0,0,0,0,0,0,0,0,0,0,0,-1,0,0,0,1,1,0,1,0,0
sim_0039_n3_seed81,81,0.001,3,654.0,0,body_0,23.12038132751752,16.22432647230617,2.106222166118809e-08,2.8085562026738438e-08,0.1201602719703775,0.04633451987319463,2,3.4146461340503342,0.8512737266057684,-10.630619915242512,-5.196988221158828e-08,27.38460071763381,4.410955862556565e-15,3.4146461340503342,0-2,24,1.0,1000,,,,,0,0.1201602719703775,0.04614026710778525,3.4146461340503342,0.8512737266057684,1.9771424358742823e-07,negative_baseline,20.0,0,0,0,0,0,0,0,0,0,0,-1,0,0,0,1,1,0,1,0,0
sim_0039_n3_seed81,81,0.001,3,654.65,0,body_0,23.12038132751752,16.22432647230617,3.749186146982739e-08,8.52981363858595e-08,0.2126034169954573,0.3705758492960894,2,2.5769248810061987,2.323303785302697,-10.630618029523719,1.2541571774352422e-07,27.384600717633734,1.6865419474480983e-15,2.5769248810061987,0-2,24,1.6499999999999773,1650,,,,,0,0.2126034169954573,0.3663187055245063,2.5769248810061987,2.323303785302697,3.5194117600803796e-07,negative_hard,10.0,0,0,0,1,1,0,0,0,0,0,-1,1,0,0,1,1,0,1,0,0
sim_0039_n3_seed81,81,0.001,3,655.0,0,body_0,23.12038132751752,16.22432647230617,3.905848584703901e-08,3.832818714325691e-07,0.5922717026493348,3.316526280957038,2,1.548702705280566,4.247964593115586,-10.630592081608315,2.5662815335926212e-06,27.384600717633766,2.8541479110660126e-15,1.548702705280566,0-2,24,2.0,2000,,,,,0,0.5922717026493348,3.1054104421888757,1.548702705280566,4.247964593115586,3.666388264935789e-07,negative_baseline,20.0,0,0,0,1,1,0,1,1,0,0,-1,1,0,0,1,1,0,1,0,0
sim_0039_n3_seed81,81,0.001,3,655.15,0,body_0,23.12038132751752,16.22432647230617,1.0675740049573539e-07,2.910820562708275e-06,2.1791976911355366,60.80948931603372,2,0.8083582877176525,6.861245723908892,-10.63016642048495,4.260732795226705e-05,27.38460071763373,1.5568079514905524e-15,0.8083582877176525,0-2,24,2.1499999999999773,2150,,,,,0,2.1791976911355366,34.30548782416703,0.8083582877176525,6.861245723908892,1.0017713950496272e-06,negative_hard,10.0,0,1,1,1,1,0,1,1,0,0,-1,1,0,0,1,1,0,1,0,0
sim_0039_n3_seed81,81,0.001,3,655.7,0,body_0,23.12038132751752,16.22432647230617,0.0008270457531325728,0.0010241413024245072,0.2736652513127693,0.6622707052648932,2,2.274005660301662,2.816953145501301,-10.630615862336862,3.2927842627284546e-07,27.384600717633756,2.4649459231933743e-15,2.274005660301662,0-2,24,2.7000000000000455,2700,,,,,0,0.2736652513127693,0.6537807801194138,2.274005660301662,2.816953145501301,0.007761738617692649,negative_hard,8.0,0,0,0,1,0,1,0,0,0,0,-1,1,0,0,1,1,0,1,0,0
sim_0039_n3_seed81,81,0.001,3,655.95,0,body_0,23.12038132751752,16.22432647230617,0.0010257894450930968,0.0007047185900248012,0.1773160478886853,0.232731402940708,2,2.819470024300093,1.9388285919736494,-10.630618945576444,3.924456496585504e-08,27.384600717633734,1.6865419474480983e-15,2.819470024300093,0-2,24,2.9500000000000455,2950,,,,,0,0.1773160478886853,0.2316054386388038,2.819470024300093,1.9388285919736494,0.009626931945516524,negative_pre_failure,1.0,0,0,0,0,0,1,0,0,0,0,-1,0,0,0,1,1,0,1,0,0
sim_0039_n3_seed81,81,0.001,3,656.0,0,body_0,23.12038132751752,16.22432647230617,0.0010568590647417834,0.0006549756518965662,0.16693928838970923,0.19643998134852192,2,2.904762300268085,1.8021816510585074,-10.630619168082877,1.831385291218862e-08,27.38460071763377,2.9838819070235587e-15,2.904762300268085,0-2,24,3.0,3000,,,,,0,0.16693928838970923,0.19562711684639134,2.904762300268085,1.8021816510585074,0.009918518709660788,negative_pre_failure,1.0,0,0,0,0,0,0,0,0,0,0,-1,0,0,0,1,1,0,1,0,0
sim_0039_n3_seed81,81,0.001,3,657.0,0,body_0,23.12038132751752,16.22432647230617,2.0510251146978947e-08,2.6866927376932853e-08,0.11822013705206383,0.03836890969921257,2,3.443604434949379,0.7770145141650778,-10.63061996151534,-5.632266973680486e-08,27.384600717633663,-9.081379717028221e-16,3.443604434949379,0-2,25,0.9499999999999318,950,,,,,0,0.11822013705206383,0.03821219259065821,3.443604434949379,0.7770145141650778,1.9252064842186148e-07,negative_baseline,20.0,0,0,0,0,0,0,0,0,0,0,-1,0,0,0,1,1,0,1,0,0
sim_0039_n3_seed81,81,0.001,3,657.7,0,body_0,23.12038132751752,16.22432647230617,3.883453028103461e-08,8.569995580447e-08,0.2100054962654983,0.35920362917596993,2,2.593342759021715,2.2972024920004137,-10.6306181312796,1.1584375599131608e-07,27.38460071763369,0.0,2.593342759021715,0-2,25,1.6499999999999773,1650,,,,,0,0.2100054962654983,0.3551702496636662,2.593342759021715,2.2972024920004137,3.6452233817991895e-07,negative_hard,10.0,0,0,0,1,1,0,0,0,0,0,-1,1,0,0,1,1,0,1,0,0
sim_0039_n3_seed81,81,0.001,3,658.0,0,body_0,23.12038132751752,16.22432647230617,4.3699422917394196e-08,2.6464247305636585e-07,0.4551679065012246,1.9388780178484943,2,1.765932316252664,3.7611254010992172,-10.630604932549602,1.3574205210237933e-06,27.38460071763374,1.9460099393631903e-15,1.765932316252664,0-2,25,1.9499999999999318,1950,,,,,0,0.4551679065012246,1.8579980224222687,1.765932316252664,3.7611254010992172,4.101844358226108e-07,negative_baseline,20.0,0,0,0,1,1,0,0,0,0,0,-1,1,0,0,1,1,0,1,0,0
sim_0039_n3_seed81,81,0.001,3,658.2,0,body_0,23.12038132751752,16.22432647230617,8.545401107213116e-08,2.4433761587563673e-06,1.9446196970214324,44.68310240433156,2,0.8557068074073436,6.611830621793096,-10.630260414160432,3.3765540632677236e-05,27.384600717633745,2.0757439353207364e-15,0.8557068074073436,0-2,25,2.1499999999999773,2150,,,,,0,1.9446196970214324,27.972883956992057,0.8557068074073436,6.611830621793096,8.018716937078525e-07,negative_hard,10.0,0,1,1,1,1,0,1,1,0,0,-1,1,0,0,1,1,0,1,0,0
sim_0039_n3_seed81,81,0.001,3,658.7,0,body_0,23.12038132751752,16.22432647230617,0.0007686556033918249,0.0011246382416486187,0.3170787291964439,0.9115668934168717,2,2.1138923074307003,3.0935940182431527,-10.630613886282308,5.151617211526702e-07,27.38460071763382,4.800157850429203e-15,2.1138923074307003,0-2,25,2.6499999999999773,2650,,,,,0,0.3170787291964439,0.8958734271049672,2.1138923074307003,3.0935940182431527,0.007213752841433023,negative_hard,8.0,0,0,0,1,0,1,0,0,0,0,-1,1,0,0,1,1,0,1,0,0
sim_0039_n3_seed81,81,0.001,3,659.0,0,body_0,23.12038132751752,16.22432647230617,0.001020771805205738,0.0007126009395981545,0.1791443700902483,0.23903417826092146,2,2.8058167471451134,1.960557168163654,-10.630618928798658,4.082281602525824e-08,27.384600717633756,2.4649459231933743e-15,2.8058167471451134,0-2,25,2.949999999999932,2950,,,,,0,0.1791443700902483,0.23784880361560667,2.8058167471451134,1.960557168163654,0.009579841810900101,negative_pre_failure,1.0,0,0,0,1,0,1,0,0,0,0,-1,1,0,0,1,1,0,1,0,0
sim_0039_n3_seed81,81,0.001,3,659.0500000000001,0,body_0,23.12038132751752,16.22432647230617,0.0010522306142379438,0.0006623370041147199,0.16849208969860474,0.20148948685610585,2,2.8921798654307955,1.82246613323459,-10.630619160557885,1.9021713096824675e-08,27.384600717633756,2.4649459231933743e-15,2.8921798654307955,0-2,25,3.0,3000,,,,,0,0.16849208969860474,0.20063609100708588,2.8921798654307955,1.82246613323459,0.009875081004069499,negative_pre_failure,1.0,0,0,0,0,0,0,0,0,0,0,-1,0,0,0,1,1,0,1,0,0
sim_0039_n3_seed81,81,0.001,3,660.0,0,body_0,23.12038132751752,16.22432647230617,1.992237719119973e-08,2.574795306724719e-08,0.11675063308105951,0.03158984217702466,2,3.4660765416129653,0.715059738819088,-10.630620002395135,-6.016814610592794e-08,27.384600717633667,-7.784039757452762e-16,3.4660765416129653,0-2,26,0.8999999999999773,900,,,,,0,0.11675063308105951,0.03146560997385863,3.4660765416129653,0.715059738819088,1.8699358087993205e-07,negative_baseline,20.0,0,0,0,0,0,0,0,0,0,0,-1,0,0,0,1,1,0,1,0,0
sim_0039_n3_seed81,81,0.001,3,660.75,0,body_0,23.12038132751752,16.22432647230617,4.020129262963142e-08,8.616834744902405e-08,0.20747285019313266,0.34833279272521744,2,2.609529049916995,2.271502744737658,-10.630618229836545,1.0657271160753356e-07,27.3846007176337,3.892019878726381e-16,2.609529049916995,0-2,26,1.6499999999999773,1650,,,,,0,0.20747285019313266,0.3445081245381097,2.609529049916995,2.271502744737658,3.773337780943311e-07,negative_hard,10.0,0,0,0,1,1,0,0,0,0,0,-1,1,0,0,1,1,0,1,0,0
sim_0039_n3_seed81,81,0.001,3,661.0,0,body_0,23.12038132751752,16.22432647230617,4.628694854700373e-08,1.994098883686167e-07,0.3693483470761585,1.2580703123275692,2,1.9596643157737796,3.3760852025137877,-10.630610990577974,7.875545362161896e-07,27.384600717633724,1.2973399595754602e-15,1.9596643157737796,0-2,26,1.8999999999999773,1900,,,,,0,0.3693483470761585,1.2208385652239713,1.9596643157737796,3.3760852025137877,4.344529510846327e-07,negative_baseline,20.0,0,0,0,1,1,0,0,0,0,0,-1,1,0,0,1,1,0,1,0,0
sim_0039_n3_seed81,81,0.001,3,661.25,0,body_0,23.12038132751752,16.22432647230617,6.933361848237193e-08,2.0880906897702375e-06,1.7522618252328053,34.30169787072886,2,0.9014310473592374,6.387978134221273,-10.63032970490999,2.7247505587579003e-05,27.384600717633752,2.3352119272358286e-15,0.9014310473592374,0-2,26,2.1499999999999773,2150,,,,,0,1.7522618252328053,23.191664703981015,0.9014310473592374,6.387978134221273,6.506078926514246e-07,negative_hard,10.0,0,1,1,1,1,0,1,1,0,0,-1,1,0,0,1,1,0,1,0,0
sim_0039_n3_seed81,81,0.001,3,661.7,0,body_0,23.12038132751752,16.22432647230617,0.0007044017803682101,0.0012430275877005302,0.3779663299278426,1.3203437498138615,2,1.9372236198189114,3.41879379550618,-10.6306104523787,8.381818096821956e-07,27.384600717633834,5.319093834259387e-15,1.9372236198189114,0-2,26,2.6000000000000227,2600,,,,,0,0.3779663299278426,1.2884896575224414,1.9372236198189114,3.41879379550618,0.00661073720725203,negative_hard,8.0,0,0,0,1,0,1,0,0,0,0,-1,1,0,0,1,1,0,1,0,0
sim_0039_n3_seed81,81,0.001,3,662.0,0,body_0,23.12038132751752,16.22432647230617,0.0009814353913789034,0.0007753594609398077,0.1940707340683246,0.2947193970172275,2,2.697272181962689,2.1325626621117864,-10.630618591922731,7.25120257288253e-08,27.38460071763386,6.22723180596221e-15,2.697272181962689,0-2,26,2.8999999999999773,2900,,,,,0,0.1940707340683246,0.292943940733665,2.697272181962689,2.1325626621117864,0.009210672295615794,negative_baseline,20.0,0,0,0,1,0,1,0,0,0,0,-1,1,0,0,1,1,0,1,0,0
sim_0039_n3_seed81,81,0.001,3,662.0500000000001,0,body_0,23.12038132751752,16.22432647230617,0.00101596528311488,0.0007207239391693681,0.18099630166168235,0.24554349100021342,2,2.7920393177996727,1.9824535874051619,-10.630618911224023,4.2476024975821564e-08,27.384600717633884,7.13536977766503e-15,2.7920393177996727,0-2,26,2.9500000000000455,2950,,,,,0,0.18099630166168235,0.2442951726191034,2.7920393177996727,1.9824535874051619,0.009534732977219261,negative_pre_failure,1.0,0,0,0,1,0,1,0,0,0,0,-1,1,0,0,1,1,0,1,0,0
sim_0039_n3_seed81,81,0.001,3,662.1,0,body_0,23.12038132751752,16.22432647230617,0.0010478236937556424,0.0006699158501162064,0.17005981445123514,0.20669027642391286,2,2.879480014124995,1.84289030236003,-10.630619152685828,1.9762220918201204e-08,27.384600717633884,7.13536977766503e-15,2.879480014124995,0-2,26,3.0,3000,,,,,0,0.17005981445123514,0.20579411097749492,2.879480014124995,1.84289030236003,0.00983372232585732,negative_pre_failure,1.0,0,0,0,0,0,0,0,0,0,0,-1,0,0,0,1,1,0,1,0,0
sim_0039_n3_seed81,81,0.001,3,663.0,0,body_0,23.12038132751752,16.22432647230617,1.9299784446494457e-08,2.4708382790117744e-08,0.11572275746788183,0.02613799101029461,2,3.4821505120702922,0.6677714239008329,-10.630620038709898,-6.358419944329341e-08,27.38460071763367,-6.486699797877301e-16,3.4821505120702922,0-2,27,0.8500000000000227,850,,,,,0,0.11572275746788183,0.026043683283657734,3.4821505120702922,0.6677714239008329,1.8114242506185003e-07,negative_baseline,20.0,0,0,0,0,0,0,0,0,0,0,-1,0,0,0,1,1,0,1,0,0
sim_0039_n3_seed81,81,0.001,3,663.85,0,body_0,23.12038132751752,16.22432647230617,4.3224690258090766e-08,9.846910950439995e-08,0.2232216589211139,0.4151775105956664,2,2.516994156244032,2.4189433244162846,-10.630617785378675,1.4838192840406176e-07,27.384600717633653,-1.2973399595754602e-15,2.516994156244032,0-2,27,1.7000000000000455,1700,,,,,0,0.2232216589211139,0.40998819959797594,2.516994156244032,2.4189433244162846,4.0569584700029944e-07,negative_hard,10.0,0,0,0,1,1,0,0,0,0,0,-1,1,0,0,1,1,0,1,0,0
sim_0039_n3_seed81,81,0.001,3,664.0,0,body_0,23.12038132751752,16.22432647230617,4.758639966413637e-08,1.592957830367346e-07,0.3112021610357799,0.8748545046133258,2,2.1341506376187693,3.0577602554231165,-10.630614235093471,4.823497888313905e-07,27.384600717633617,-2.5946799191509204e-15,2.1341506376187693,0-2,27,1.8500000000000227,1850,,,,,0,0.3112021610357799,0.8554300018529746,2.1341506376187693,3.0577602554231165,4.466329823612884e-07,negative_baseline,20.0,0,0,0,1,1,0,0,0,0,0,-1,1,0,0,1,1,0,1,0,0
sim_0039_n3_seed81,81,0.001,3,664.35,0,body_0,23.12038132751752,16.22432647230617,2.2326933490667802e-07,6.849887835544653e-06,3.6428243643329625,405.13690650766887,2,0.6253507757213983,8.052963463824632,-10.629357163141115,0.00011873246386575058,27.384600717633578,-4.021753874683927e-15,0.6253507757213983,0-2,27,2.2000000000000455,2200,,,,,0,3.6428243643329625,85.18419473269917,0.6253507757213983,8.052963463824632,2.0952769101490934e-06,negative_hard,10.0,1,1,1,1,1,0,1,1,0,0,-1,1,0,0,1,1,0,1,0,0
sim_0039_n3_seed81,81,0.001,3,664.7,0,body_0,23.12038132751752,16.22432647230617,0.0006331012997014794,0.001387009865526372,0.4684494751368226,2.055682393549016,2,1.7409846003314857,3.8137212176530904,-10.630603917180101,1.4529341939180367e-06,27.384600717633617,-2.5946799191509204e-15,1.7409846003314857,0-2,27,2.550000000000068,2550,,,,,0,0.4684494751368226,1.9820490214994204,1.7409846003314857,3.8137212176530904,0.005941589515182198,negative_hard,8.0,0,0,0,1,0,1,0,0,0,0,-1,1,0,0,1,1,0,1,0,0
sim_0039_n3_seed81,81,0.001,3,665.0,0,body_0,23.12038132751752,16.22432647230617,0.0009385059485704364,0.0008442959246438549,0.2126020728915769,0.369516357708905,2,2.5783656559688617,2.32101661451177,-10.630618107296666,1.1809978021068063e-07,27.384600717633592,-3.5028178908537427e-15,2.5783656559688617,0-2,27,2.8500000000000227,2850,,,,,0,0.2126020728915769,0.36676709260084184,2.5783656559688617,2.32101661451177,0.008807782878268604,negative_baseline,20.0,0,0,0,1,0,1,0,0,0,0,-1,1,0,0,1,1,0,1,0,0
sim_0039_n3_seed81,81,0.001,3,665.1,0,body_0,23.12038132751752,16.22432647230617,0.001011327115146779,0.0007290750129450092,0.1828770466168081,0.2522729067033481,2,2.7781282858028753,2.0045362873021175,-10.630618892782886,4.421074390314348e-08,27.384600717633578,-4.021753874683927e-15,2.7781282858028753,0-2,27,2.9500000000000455,2950,,,,,0,0.1828770466168081,0.25095782713129483,2.7781282858028753,2.0045362873021175,0.009491204135482191,negative_pre_failure,1.0,0,0,0,1,0,1,0,0,0,0,-1,1,0,0,1,1,0,1,0,0
sim_0039_n3_seed81,81,0.001,3,665.15,0,body_0,23.12038132751752,16.22432647230617,0.0010435950067022271,0.0006777003660162348,0.17164714393327765,0.21205212508206092,2,2.866654100141977,1.8634707133519368,-10.63061914442914,2.0538910168015355e-08,27.38460071763358,-3.892019878726381e-15,2.866654100141977,0-2,27,3.0,3000,,,,,0,0.17164714393327765,0.21111078128655122,2.866654100141977,1.8634707133519368,0.009794036366013802,negative_pre_failure,1.0,0,0,0,0,0,1,0,0,0,0,-1,0,0,0,1,1,0,1,0,0
sim_0039_n3_seed81,81,0.001,3,666.0,0,body_0,23.12038132751752,16.22432647230617,1.8642518860553997e-08,2.3730060416944938e-08,0.11511676073099408,0.022404881707973532,2,3.491888581454896,0.6376459467232385,-10.630620071025778,-6.662408626899598e-08,27.38460071763368,-2.5946799191509205e-16,3.491888581454896,0-2,28,0.7999999999999545,800,,,,,0,0.11511676073099408,0.02233962912868258,3.491888581454896,0.6376459467232385,1.7496782616930292e-07,negative_baseline,20.0,0,0,0,0,0,0,0,0,0,0,-1,0,0,0,1,1,0,1,0,0
sim_0039_n3_seed81,81,0.001,3,666.95,0,body_0,23.12038132751752,16.22432647230617,4.647463487802762e-08,1.1357555968808185e-07,0.24208043819000571,0.5013404512261365,2,2.4180062038994836,2.5786979146132527,-10.63061718349466,2.0499989148682435e-07,27.38460071763358,-3.892019878726381e-15,2.4180062038994836,0-2,28,1.75,1750,,,,,0,0.24208043819000571,0.49411599303801845,2.4180062038994836,2.5786979146132527,4.361852714403008e-07,negative_hard,10.0,0,0,0,1,1,0,0,0,0,0,-1,1,0,0,1,1,0,1,0,0
sim_0039_n3_seed81,81,0.001,3,667.0,0,body_0,23.12038132751752,16.22432647230617,4.8114143760415754e-08,1.3262512392810174e-07,0.2695572189555665,0.639051430985689,2,2.2923037743190884,2.7862053955304087,-10.63061613896279,3.032568072064581e-07,27.38460071763358,-3.892019878726381e-15,2.2923037743190884,0-2,28,1.7999999999999545,1800,,,,,0,0.2695572189555665,0.6279526801957256,2.2923037743190884,2.7862053955304087,4.515726312096543e-07,negative_baseline,20.0,0,0,0,1,1,0,0,0,0,0,-1,1,0,0,1,1,0,1,0,0
sim_0039_n3_seed81,81,0.001,3,667.45,0,body_0,23.12038132751752,16.22432647230617,1.8707663965940045e-06,0.00011523210061932583,20.293371663426612,105.55013904650882,2,0.26499259320581636,13.10119370856838,-10.60340143629847,0.0025603330853258576,27.384600717633546,-5.189359838301841e-15,0.26499259320581636,0-2,28,2.25,2250,,,,,0,20.293371663426612,1578.093436411352,0.26499259320581636,13.10119370856838,1.7556879402138318e-05,negative_hard,10.0,1,1,1,1,1,0,1,1,0,0,-1,1,0,0,1,1,0,1,0,0
sim_0039_n3_seed81,81,0.001,3,667.7,0,body_0,23.12038132751752,16.22432647230617,0.0005530529495111118,0.0015702586761934642,0.6145340196810014,3.5721178309171764,2,1.5207462494737427,4.316020940403796,-10.630589747776696,2.785820164314519e-06,27.384600717633614,-2.7244139151084665e-15,1.5207462494737427,0-2,28,2.5,2500,,,,,0,0.6145340196810014,3.3657083654423365,1.5207462494737427,4.316020940403796,0.005190344050092489,negative_hard,8.0,0,0,1,1,0,1,1,1,0,0,-1,1,0,0,1,1,0,1,0,0
sim_0039_n3_seed81,81,0.001,3,668.0,0,body_0,23.12038132751752,16.22432647230617,0.0008915853008868173,0.0009208421758741165,0.23604554313553056,0.4732623615045003,2,2.4481527015423223,2.5297734988468745,-10.630617390224897,1.8555321303561601e-07,27.384600717633617,-2.5946799191509204e-15,2.4481527015423223,0-2,28,2.7999999999999545,2800,,,,,0,0.23604554313553056,0.46882527096844145,2.4481527015423223,2.5297734988468745,0.00836743666618439,negative_baseline,20.0,0,0,0,1,0,1,0,0,0,0,-1,1,0,0,1,1,0,1,0,0
sim_0039_n3_seed81,81,0.001,3,668.1,0,body_0,23.12038132751752,16.22432647230617,0.000971415033734013,0.0007936322567434416,0.19862073012095668,0.3122677522408037,2,2.6669861235236825,2.1804841195317035,-10.630618524518356,7.885261352661467e-08,27.38460071763365,-1.4270739555330063e-15,2.6669861235236825,0-2,28,2.8999999999999773,2900,,,,,0,0.19862073012095668,0.31028238419421283,2.6669861235236825,2.1804841195317035,0.009116632139450328,negative_hard,8.0,0,0,0,1,0,1,0,0,0,0,-1,1,0,0,1,1,0,1,0,0
sim_0039_n3_seed81,81,0.001,3,668.15,0,body_0,23.12038132751752,16.22432647230617,0.0010068290036461974,0.0007376493917630925,0.18479090603491038,0.25923617626991585,2,2.7640756592220797,2.026821408239445,-10.630618873437584,4.603051578931944e-08,27.384600717633656,-1.1676059636179143e-15,2.7640756592220797,0-2,28,2.949999999999932,2950,,,,,0,0.18479090603491038,0.2578502129408174,2.7640756592220797,2.026821408239445,0.009448989727059483,negative_pre_failure,1.0,0,0,0,1,0,1,0,0,0,0,-1,1,0,0,1,1,0,1,0,0
sim_0039_n3_seed81,81,0.001,3,668.2,0,body_0,23.12038132751752,16.22432647230617,0.0010395160692822658,0.000685685913130195,0.17325784501551222,0.21758482070195553,2,2.853694850391423,1.884221667556444,-10.630619135784112,2.1352129747206392e-08,27.38460071763368,-2.5946799191509205e-16,2.853694850391423,0-2,28,3.0,3000,,,,,0,0.17325784501551222,0.21659570809485545,2.853694850391423,1.884221667556444,0.009755755819662168,negative_pre_failure,1.0,0,0,0,0,0,1,0,0,0,0,-1,0,0,0,1,1,0,1,0,0
sim_0039_n3_seed81,81,0.001,3,669.0,0,body_0,23.12038132751752,16.22432647230617,1.795019497208594e-08,2.279721057232167e-08,0.11492130501195383,0.020969103343551215,2,3.495328727263937,0.6266952081309921,-10.630620099691166,-6.93205790420949e-08,27.384600717633585,-3.7622858827688345e-15,3.495328727263937,0-2,29,0.75,750,,,,,0,0.11492130501195383,0.020930564121664358,3.495328727263937,0.6266952081309921,1.6846500078051812e-07,negative_baseline,20.0,0,0,0,0,0,0,0,0,0,0,-1,0,0,0,1,1,0,1,0,0
sim_0039_n3_seed81,81,0.001,3,670.0,0,body_0,23.12038132751752,16.22432647230617,4.816969312865194e-08,1.1384828158392634e-07,0.23848843002212455,0.48417899457207275,2,2.4362276875846023,2.549085727300559,-10.630617336337073,1.9062232727458303e-07,27.38460071763355,-5.059625842344295e-15,2.4362276875846023,0-2,29,1.75,1750,,,,,0,0.23848843002212455,0.47738393994221623,2.4362276875846023,2.549085727300559,4.5208170529967385e-07,negative_baseline,20.0,0,0,0,1,1,0,0,0,0,0,-1,1,0,0,1,1,0,1,0,0
sim_0039_n3_seed81,81,0.001,3,670.0500000000001,0,body_0,23.12038132751752,16.22432647230617,4.996107921033738e-08,1.324737135860844e-07,0.2649847651477057,0.6149446961201875,2,2.312051592897105,2.753185444818229,-10.630616351160986,2.832957692320493e-07,27.384600717633546,-5.189359838301841e-15,2.312051592897105,0-2,29,1.8000000000000682,1800,,,,,0,0.2649847651477057,0.6045777892193623,2.312051592897105,2.753185444818229,4.6889412894419483e-07,negative_hard,10.0,0,0,0,1,1,0,0,0,0,0,-1,1,0,0,1,1,0,1,0,0
sim_0039_n3_seed81,81,0.001,3,670.5500000000001,0,body_0,23.12038132751752,16.22432647230617,0.00010899062949087224,0.004279946992746609,14.368427971920239,133.0459406866171,2,0.3149172037545402,11.92708545644465,-10.614946227292478,0.0014743388831028167,27.384600717633504,-6.746167789792393e-15,0.3149172037545402,0-2,29,2.300000000000068,2300,,,,,0,14.368427971920239,990.6760622998037,0.3149172037545402,11.92708545644465,0.0010228656797697609,negative_hard,10.0,1,1,1,1,0,1,1,1,0,0,-1,1,0,0,1,1,0,1,0,0
sim_0039_n3_seed81,81,0.001,3,671.0,0,body_0,23.12038132751752,16.22432647230617,0.000840191805660235,0.0010070037694095036,0.2664144508705216,0.622891644578797,2,2.3054433101624388,2.764229232240412,-10.630616289859915,2.89062232012268e-07,27.384600717633546,-5.189359838301841e-15,2.3054433101624388,0-2,29,2.75,2750,,,,,0,0.2664144508705216,0.6153482272420264,2.3054433101624388,2.764229232240412,0.007885113450097481,negative_baseline,20.0,0,0,0,1,0,1,0,0,0,0,-1,1,0,0,1,1,0,1,0,0
sim_0039_n3_seed81,81,0.001,3,671.1,0,body_0,23.12038132751752,16.22432647230617,0.0009277511670235143,0.0008647343277870344,0.21826538118565952,0.3934925362547397,2,2.5452480112170672,2.3737862621695336,-10.630617990595866,1.2907757897782425e-07,27.38460071763355,-5.059625842344295e-15,2.5452480112170672,0-2,29,2.8500000000000227,2850,,,,,0,0.21826538118565952,0.39038770346693413,2.5452480112170672,2.3737862621695336,0.008706850302487714,negative_hard,8.0,0,0,0,1,0,1,0,0,0,0,-1,1,0,0,1,1,0,1,0,0
sim_0039_n3_seed81,81,0.001,3,671.2,0,body_0,23.12038132751752,16.22432647230617,0.0010024533848293263,0.0007464485238680133,0.18674152734504892,0.26644745823663624,2,2.74987445807366,2.0493235502400693,-10.630618853114047,4.794230812595129e-08,27.384600717633525,-5.9677638140471174e-15,2.74987445807366,0-2,29,2.9500000000000455,2950,,,,,0,0.18674152734504892,0.26498615895269517,2.74987445807366,2.0493235502400693,0.00940792492645095,negative_pre_failure,1.0,0,0,0,1,0,1,0,0,0,0,-1,1,0,0,1,1,0,1,0,0
sim_0039_n3_seed81,81,0.001,3,671.25,0,body_0,23.12038132751752,16.22432647230617,0.001035569408905201,0.0006938735743949225,0.17489501274747277,0.22329833883829683,2,2.8405959480534775,1.9051559328778214,-10.630619126712755,2.2205453216831397e-08,27.384600717633532,-5.708295822132025e-15,2.8405959480534775,0-2,29,3.0,3000,,,,,0,0.17489501274747277,0.22225867204641822,2.8405959480534775,1.9051559328778214,0.009718716716967222,negative_pre_failure,1.0,0,0,0,0,0,1,0,0,0,0,-1,0,0,0,1,1,0,1,0,0
sim_0039_n3_seed81,81,0.001,3,672.0,0,body_0,23.12038132751752,16.22432647230617,1.7221590225216755e-08,2.1894937306752722e-08,0.1151329983256988,0.022167554873004064,2,3.492485629501231,0.6357458543376985,-10.630620124861887,-7.168833577949321e-08,27.38460071763374,1.9460099393631903e-15,3.492485629501231,0-2,30,0.6999999999999318,700,,,,,0,0.1151329983256988,0.022147553317775404,3.492485629501231,0.6357458543376985,1.6162250634749992e-07,negative_baseline,20.0,0,0,0,0,0,0,0,0,0,0,-1,0,0,0,1,1,0,1,0,0
sim_0039_n3_seed81,81,0.001,3,673.0,0,body_0,23.12038132751752,16.22432647230617,4.7926278328922274e-08,1.0003874599616486e-07,0.21458038220031664,0.3772397274766366,2,2.5675027443241327,2.3382916314723654,-10.630618132055758,1.1577074445941869e-07,27.384600717633813,4.540689858514111e-15,2.5675027443241327,0-2,30,1.6999999999999318,1700,,,,,0,0.21458038220031664,0.372847682454749,2.5675027443241327,2.3382916314723654,4.497862058187042e-07,negative_baseline,20.0,0,0,0,1,1,0,0,0,0,0,-1,1,0,0,1,1,0,1,0,0
sim_0039_n3_seed81,81,0.001,3,673.15,0,body_0,23.12038132751752,16.22432647230617,5.368440452059045e-08,1.5664025470297967e-07,0.2932752867204511,0.7687968479374975,2,2.198509303699533,2.945597954568197,-10.630615170370021,3.943702913416989e-07,27.384600717633774,3.113615902981105e-15,2.198509303699533,0-2,30,1.849999999999909,1850,,,,,0,0.2932752867204511,0.7533734852253271,2.198509303699533,2.945597954568197,5.038260614910104e-07,negative_hard,10.0,0,0,0,1,1,0,0,0,0,0,-1,1,0,0,1,1,0,1,0,0
sim_0039_n3_seed81,81,0.001,3,673.65,0,body_0,23.12038132751752,16.22432647230617,0.00023863699285086535,0.0028241052111810795,3.25557140480084,239.74418162921225,2,0.6614635906965423,7.782294761636947,-10.629607157228158,9.52160460060643e-05,27.384600717633727,1.4270739555330063e-15,0.6614635906965423,0-2,30,2.349999999999909,2350,,,,,0,3.25557140480084,72.61823022715846,0.6614635906965423,7.782294761636947,0.002239583202708486,negative_hard,10.0,1,1,1,1,0,1,1,1,0,0,-1,1,0,0,1,1,0,1,0,0
sim_0039_n3_seed81,81,0.001,3,674.0,0,body_0,23.12038132751752,16.22432647230617,0.0007837197599144718,0.0011056815219823558,0.30696686208540563,0.8495091713232538,2,2.148704069592374,3.0321923100678827,-10.630614519684526,4.555789070031035e-07,27.384600717633724,1.2973399595754602e-15,2.148704069592374,0-2,30,2.699999999999932,2700,,,,,0,0.30696686208540563,0.8358010539105183,2.148704069592374,3.0321923100678827,0.007355128732414319,negative_baseline,20.0,0,0,0,1,0,1,0,0,0,0,-1,1,0,0,1,1,0,1,0,0
sim_0039_n3_seed81,81,0.001,3,674.15,0,body_0,23.12038132751752,16.22432647230617,0.0009225123742250967,0.0008753911033659308,0.2212091523823294,0.40626978185683316,2,2.5284223721839276,2.400669439933114,-10.630617927257184,1.3503571553539382e-07,27.38460071763375,2.2054779312782825e-15,2.5284223721839276,0-2,30,2.849999999999909,2850,,,,,0,0.2212091523823294,0.4029669088116146,2.5284223721839276,2.400669439933114,0.008657684761951992,negative_hard,8.0,0,0,0,1,0,1,0,0,0,0,-1,1,0,0,1,1,0,1,0,0
sim_0039_n3_seed81,81,0.001,3,674.3000000000001,0,body_0,23.12038132751752,16.22432647230617,0.0010317462908969195,0.0007022694202864708,0.17656122628661766,0.22920298502590003,2,2.8273517345153776,1.9262852589410562,-10.630619117197696,2.310051479680705e-08,27.384600717633724,1.2973399595754602e-15,2.8273517345153776,0-2,30,3.0,3000,,,,,0,0.17656122628661766,0.22810976855537807,2.8273517345153776,1.9262852589410562,0.00968283708673311,negative_pre_failure,1.0,0,0,0,0,0,1,0,0,0,0,-1,0,0,0,1,1,0,1,0,0
sim_0039_n3_seed81,81,0.001,3,674.35,0,body_0,23.12038132751752,16.22432647230617,0.0010626865124360118,0.0006526750409401874,0.16634353348641312,0.19361094443701363,2,2.9120336427707842,1.7904474398271812,-10.630619334574426,2.652343102233184e-09,27.384600717633724,1.2973399595754602e-15,2.9120336427707842,0-2,30,3.0499999999999545,3050,,,,,0,0.16634353348641312,0.19282049937654683,2.9120336427707842,1.7904474398271812,0.009973209392011004,negative_pre_failure,1.0,0,0,0,0,0,0,0,0,0,0,-1,0,0,0,1,1,0,1,0,0
sim_0039_n3_seed81,81,0.001,3,675.0,0,body_0,23.12038132751752,16.22432647230617,1.2949018254207523e-08,1.6758110939980647e-08,0.11575627742876986,0.025711391398058586,2,3.4833511555378736,0.664098484051384,-10.63061997830107,-5.7901668059139296e-08,27.384600717633685,-1.2973399595754603e-16,3.4833511555378736,0-2,31,0.6000000000000227,600,,,,,0,0.11575627742876986,0.025697945699007844,3.4833511555378736,0.664098484051384,1.2152126766849604e-07,negative_baseline,20.0,0,0,0,0,0,0,0,0,0,0,-1,0,0,0,1,1,0,1,0,0
sim_0039_n3_seed81,81,0.001,3,676.0,0,body_0,23.12038132751752,16.22432647230617,3.667571202386127e-08,7.568231160660134e-08,0.19573492405560355,0.3003966649011353,2,2.687351845773015,2.148241957860518,-10.63061851730474,7.95311832434618e-08,27.384600717633674,-5.189359838301841e-16,2.687351845773015,0-2,31,1.6000000000000227,1600,,,,,0,0.19573492405560355,0.2974310252894962,2.687351845773015,2.148241957860518,3.4419016598157437e-07,negative_baseline,20.0,0,0,0,1,1,0,0,0,0,0,-1,1,0,0,1,1,0,1,0,0
sim_0039_n3_seed81,81,0.001,3,676.2,0,body_0,23.12038132751752,16.22432647230617,4.17479967682939e-08,1.3438050279096737e-07,0.2877680950341066,0.7375473931328259,2,2.21940344278111,2.90969683357893,-10.630615279196572,3.8413320659505014e-07,27.384600717633692,1.2973399595754603e-16,2.21940344278111,0-2,31,1.8000000000000682,1800,,,,,0,0.2877680950341066,0.723223256518377,2.21940344278111,2.90969683357893,3.917918397253129e-07,negative_hard,10.0,0,0,0,1,1,0,0,0,0,0,-1,1,0,0,1,1,0,1,0,0
sim_0039_n3_seed81,81,0.001,3,676.7,0,body_0,23.12038132751752,16.22432647230617,0.00021876170432666778,0.0029764022200076223,3.8664411464880786,555.59789087362,2,0.606987123378881,8.199114889842349,-10.62920055242435,0.000133464504532471,27.384600717633717,1.0378719676603682e-15,0.606987123378881,0-2,31,2.300000000000068,2300,,,,,0,3.8664411464880786,98.72218056020735,0.606987123378881,8.199114889842349,0.0020530556952631784,negative_hard,10.0,1,1,1,1,0,1,1,1,0,0,-1,1,0,0,1,1,0,1,0,0
sim_0039_n3_seed81,81,0.001,3,677.0,0,body_0,23.12038132751752,16.22432647230617,0.0007213823429642717,0.001221269216863979,0.363313855211865,1.215201234741695,2,1.9759009189602066,3.3454766976666956,-10.630611320744748,7.564964423597662e-07,27.38460071763362,-2.4649459231933743e-15,1.9759009189602066,0-2,31,2.6000000000000227,2600,,,,,0,0.363313855211865,1.1880021342182177,1.9759009189602066,3.3454766976666956,0.006770098252369358,negative_baseline,20.0,0,0,0,1,0,1,0,0,0,0,-1,1,0,0,1,1,0,1,0,0
sim_0039_n3_seed81,81,0.001,3,677.15,0,body_0,23.12038132751752,16.22432647230617,0.0008742159810212898,0.0009560508571776251,0.24704831787276238,0.5254831699220677,2,2.3934862589402406,2.6187310809352855,-10.630616916959488,2.3007229446767797e-07,27.384600717633646,-1.5568079514905524e-15,2.3934862589402406,0-2,31,2.75,2750,,,,,0,0.24704831787276238,0.5200508221319019,2.3934862589402406,2.6187310809352855,0.008204427387834444,negative_hard,8.0,0,0,0,1,0,1,0,0,0,0,-1,1,0,0,1,1,0,1,0,0
sim_0039_n3_seed81,81,0.001,3,677.35,0,body_0,23.12038132751752,16.22432647230617,0.0010280495152394389,0.0007108916696372765,0.17825866083718175,0.2353095876519499,2,2.8139568597131053,1.9476210291516372,-10.630618938992829,3.98638718195701e-08,27.3846007176336,-3.2433498989386505e-15,2.8139568597131053,0-2,31,2.9500000000000455,2950,,,,,0,0.17825866083718175,0.23415959791206573,2.8139568597131053,1.9476210291516372,0.00964814320867916,negative_pre_failure,1.0,0,0,0,1,0,1,0,0,0,0,-1,1,0,0,1,1,0,1,0,0
sim_0039_n3_seed81,81,0.001,3,677.4,0,body_0,23.12038132751752,16.22432647230617,0.0010594121617822237,0.0006607249395328207,0.16777340062137155,0.19851017571892945,2,2.8996947345347386,1.810369954167182,-10.630619165270073,1.8578447487140873e-08,27.38460071763363,-2.0757439353207364e-15,2.8996947345347386,0-2,31,3.0,3000,,,,,0,0.16777340062137155,0.19768091106749422,2.8996947345347386,1.810369954167182,0.009942479912858421,negative_pre_failure,1.0,0,0,0,0,0,0,0,0,0,0,-1,0,0,0,1,1,0,1,0,0
sim_0039_n3_seed81,81,0.001,3,678.0,0,body_0,23.12038132751752,16.22432647230617,1.225133711834585e-08,1.5926312188545812e-08,0.1168036626123887,0.031019214167198886,2,3.4678940565962826,0.7098150233657902,-10.63061998971054,-5.897493296612188e-08,27.384600717633717,1.0378719676603682e-15,3.4678940565962826,0-2,32,0.5499999999999545,550,,,,,0,0.1168036626123887,0.031002127714615118,3.4678940565962826,0.7098150233657902,1.1497065647976776e-07,negative_baseline,20.0,0,0,0,0,0,0,0,0,0,0,-1,0,0,0,1,1,0,1,0,0
sim_0039_n3_seed81,81,0.001,3,679.0,0,body_0,23.12038132751752,16.22432647230617,3.64300487699836e-08,6.83311490135567e-08,0.1805968523967308,0.2433465849628432,2,2.7967425532224133,1.9749633558724553,-10.630618911070835,4.2490435019068507e-08,27.38460071763372,1.1676059636179143e-15,2.7967425532224133,0-2,32,1.5499999999999545,1550,,,,,0,0.1805968523967308,0.24127085545979204,2.7967425532224133,1.9749633558724553,3.4187548431026983e-07,negative_baseline,20.0,0,0,0,1,1,0,0,0,0,0,-1,1,0,0,1,1,0,1,0,0
sim_0039_n3_seed81,81,0.001,3,679.25,0,body_0,23.12038132751752,16.22432647230617,4.3475952536491885e-08,1.336843516914223e-07,0.28247032783324116,0.7080765285829038,2,2.2400377967197755,2.874471023251736,-10.630615535038306,3.600667129274964e-07,27.38460071763371,7.784039757452762e-16,2.2400377967197755,0-2,32,1.7999999999999545,1800,,,,,0,0.28247032783324116,0.6947553313766822,2.2400377967197755,2.874471023251736,4.079979365242796e-07,negative_hard,10.0,0,0,0,1,1,0,0,0,0,0,-1,1,0,0,1,1,0,1,0,0
sim_0039_n3_seed81,81,0.001,3,679.75,0,body_0,23.12038132751752,16.22432647230617,0.00019785611672723283,0.003157510318875039,4.710668919377753,1385.7395551841912,2,0.5499313861263512,8.695828443956968,-10.628539922035436,0.00019560861546055866,27.384600717633703,5.189359838301841e-16,0.5499313861263512,0-2,32,2.2999999999999545,2300,,,,,0,4.710668919377753,140.26430646073172,0.5499313861263512,8.695828443956968,0.001856858939703579,negative_hard,10.0,1,1,1,1,0,1,1,1,0,0,-1,1,0,0,1,1,0,1,0,0
sim_0039_n3_seed81,81,0.001,3,680.0,0,body_0,23.12038132751752,16.22432647230617,0.000652086821039058,0.0013607700714601753,0.44593420030686903,1.8584220540753176,2,1.7842324682047828,3.7230476220390907,-10.63060566758339,1.288277438817723e-06,27.384600717633724,1.2973399595754602e-15,1.7842324682047828,0-2,32,2.5499999999999545,2550,,,,,0,0.44593420030686903,1.7975261896776995,1.7842324682047828,3.7230476220390907,0.00611976679606169,negative_baseline,20.0,0,0,0,1,0,1,0,0,0,0,-1,1,0,0,1,1,0,1,0,0
sim_0039_n3_seed81,81,0.001,3,680.15,0,body_0,23.12038132751752,16.22432647230617,0.0008211666301523202,0.0010474552306118773,0.28090415047554146,0.7005268868678961,2,2.2454874176178468,2.86522636414244,-10.630615594598234,3.544640357445228e-07,27.38460071763373,1.5568079514905524e-15,2.2454874176178468,0-2,32,2.699999999999932,2700,,,,,0,0.28090415047554146,0.6910659676787179,2.2454874176178468,2.86522636414244,0.0077065641773505006,negative_hard,8.0,0,0,0,1,0,1,0,0,0,0,-1,1,0,0,1,1,0,1,0,0
sim_0039_n3_seed81,81,0.001,3,680.4,0,body_0,23.12038132751752,16.22432647230617,0.001024476961165224,0.0007197417565812169,0.17998907245572413,0.24162934903055833,2,2.8004066180954457,1.9691734956959286,-10.630618921990225,4.146327098806078e-08,27.3846007176337,3.892019878726381e-16,2.8004066180954457,0-2,32,2.949999999999932,2950,,,,,0,0.17998907245572413,0.2404191165158067,2.8004066180954457,1.9691734956959286,0.00961461518651642,negative_pre_failure,1.0,0,0,0,1,0,1,0,0,0,0,-1,1,0,0,1,1,0,1,0,0
sim_0039_n3_seed81,81,0.001,3,680.45,0,body_0,23.12038132751752,16.22432647230617,0.0010562723852729499,0.0006689805896710523,0.16922737077538505,0.20356708675569044,2,2.887209497022345,1.8304787706137593,-10.630619157616508,1.92984022359456e-08,27.38460071763369,0.0,2.887209497022345,0-2,32,3.0,3000,,,,,0,0.16922737077538505,0.2026967922371861,2.887209497022345,1.8304787706137593,0.009913013459660369,negative_pre_failure,1.0,0,0,0,0,0,0,0,0,0,0,-1,0,0,0,1,1,0,1,0,0
sim_0039_n3_seed81,81,0.001,3,681.0,0,body_0,23.12038132751752,16.22432647230617,1.151070228431154e-08,1.507825147681395e-08,0.1182963515029148,0.0376742879829216,2,3.4460597590993225,0.7704059115850261,-10.630619996643322,-5.962708513369004e-08,27.384600717633752,2.3352119272358286e-15,3.4460597590993225,0-2,33,0.5,500,,,,,0,0.1182963515029148,0.03764631631822425,3.4460597590993225,0.7704059115850261,1.0801725791956311e-07,negative_baseline,20.0,0,0,0,0,0,0,0,0,0,0,-1,0,0,0,1,1,0,0,0,0
sim_0039_n3_seed81,81,0.001,3,682.0,0,body_0,23.12038132751752,16.22432647230617,3.6063896632086264e-08,6.246327843787019e-08,0.16825447063706683,0.1998121944155819,2,2.896455126488614,1.8155570741293598,-10.630619203862862,1.4948104974473226e-08,27.38460071763374,1.9460099393631903e-15,2.896455126488614,0-2,33,1.5,1500,,,,,0,0.16825447063706683,0.19831509581836393,2.896455126488614,1.8155570741293598,3.384299433265697e-07,negative_baseline,20.0,0,0,0,0,1,0,0,0,0,0,-1,0,0,0,1,1,0,0,0,0
sim_0039_n3_seed81,81,0.001,3,682.3000000000001,0,body_0,23.12038132751752,16.22432647230617,4.523147716682261e-08,1.331424716222318e-07,0.2773683550821326,0.6802444814207926,2,2.2604236917142844,2.8398829896354294,-10.630615777245927,3.3728275154149576e-07,27.3846007176337,3.892019878726381e-16,2.2604236917142844,0-2,33,1.8000000000000682,1800,,,,,0,0.2773683550821326,0.667840148260974,2.2604236917142844,2.8398829896354294,4.244618727311676e-07,negative_hard,10.0,0,0,0,1,1,0,0,0,0,0,-1,1,0,0,1,1,0,0,0,0
sim_0039_n3_seed81,81,0.001,3,682.8000000000001,0,body_0,23.12038132751752,16.22432647230617,0.00017573471202568752,0.003378676035012701,5.937068256090903,752.362672160705,2,0.48986625967023917,9.304013773356115,-10.627390120556683,0.0003037680217487901,27.38460071763377,2.9838819070235587e-15,0.48986625967023917,0-2,33,2.300000000000068,2300,,,,,0,5.937068256090903,211.26952503438753,0.48986625967023917,9.304013773356115,0.0016492518660977443,negative_hard,10.0,1,1,1,1,0,1,1,1,0,0,-1,1,0,0,1,1,0,0,0,0
sim_0039_n3_seed81,81,0.001,3,683.0,0,body_0,23.12038132751752,16.22432647230617,0.0005742730727791294,0.0015363885881300192,0.5766797419921185,3.1403323960936826,2,1.5696344999510294,4.197936907383785,-10.630593799212834,2.4047100897806697e-06,27.384600717633766,2.8541479110660126e-15,1.5696344999510294,0-2,33,2.5,2500,,,,,0,0.5766797419921185,2.977713016626006,1.5696344999510294,4.197936907383785,0.005389492764463983,negative_baseline,20.0,0,0,1,1,0,1,1,1,0,0,-1,1,0,0,1,1,0,0,0,0
sim_0039_n3_seed81,81,0.001,3,683.15,0,body_0,23.12038132751752,16.22432647230617,0.0007627005491313454,0.0011530574706039233,0.326778776459064,0.9717896841728207,2,2.0827160588572324,3.1492957511444026,-10.630613421188944,5.589120755618127e-07,27.384600717633827,5.059625842344295e-15,2.0827160588572324,0-2,33,2.6499999999999773,2650,,,,,0,0.326778776459064,0.9540460738389783,2.0827160588572324,3.1492957511444026,0.007157865664308556,negative_hard,8.0,0,0,0,1,0,1,0,0,0,0,-1,1,0,0,1,1,0,0,0,0
sim_0039_n3_seed81,81,0.001,3,683.45,0,body_0,23.12038132751752,16.22432647230617,0.0010210455343570457,0.0007288483597824051,0.18175390270839784,0.2481743582395263,2,2.7866960603600672,1.9909535976266886,-10.630618904135073,4.3142867577334036e-08,27.384600717633827,5.059625842344295e-15,2.7866960603600672,0-2,33,2.9500000000000455,2950,,,,,0,0.18175390270839784,0.24690014347283215,2.7866960603600672,1.9909535976266886,0.009582411680352627,negative_pre_failure,1.0,0,0,0,1,0,1,0,0,0,0,-1,1,0,0,1,1,0,0,0,0
sim_0039_n3_seed81,81,0.001,3,683.5,0,body_0,23.12038132751752,16.22432647230617,0.0010532850338631381,0.0006774688481607528,0.170706411453944,0.20879023376008424,2,2.8745735428849484,1.8507831938771726,-10.63061914958936,2.005349906268879e-08,27.38460071763379,3.7622858827688345e-15,2.8745735428849484,0-2,33,3.0,3000,,,,,0,0.170706411453944,0.2078765372851073,2.8745735428849484,1.8507831938771726,0.009884977563867673,negative_pre_failure,1.0,0,0,0,0,0,1,0,0,0,0,-1,0,0,0,1,1,0,0,0,0
sim_0039_n3_seed81,81,0.001,3,684.0,0,body_0,23.12038132751752,16.22432647230617,1.0723130026787167e-08,1.419886450144061e-08,0.12026528812518032,0.045513716673045594,2,3.4177690534973824,0.843469309572181,-10.630619998400807,-5.979240803392418e-08,27.384600717633703,5.189359838301841e-16,3.4177690534973824,0-2,34,0.4499999999999318,450,,,,,0,0.12026528812518032,0.04546907836298626,3.4177690534973824,0.843469309572181,1.0062377633514595e-07,negative_baseline,20.0,0,0,0,0,0,0,0,0,0,0,-1,0,0,0,1,1,0,0,0,0
sim_0039_n3_seed81,81,0.001,3,685.0,0,body_0,23.12038132751752,16.22432647230617,3.560873331837839e-08,5.768720382493409e-08,0.1580736718048687,0.16579838469516567,2,2.987127107685476,1.667879424714677,-10.63061942805097,-6.140798731637525e-09,27.3846007176337,3.892019878726381e-16,2.987127107685476,0-2,34,1.4499999999999318,1450,,,,,0,0.1580736718048687,0.1646908987095718,2.987127107685476,1.667879424714677,3.3414899673371844e-07,negative_baseline,20.0,0,0,0,0,0,0,0,0,0,0,-1,0,0,0,1,1,0,0,0,0
sim_0039_n3_seed81,81,0.001,3,685.4,0,body_0,23.12038132751752,16.22432647230617,4.8380746994200673e-08,1.5879226448683149e-07,0.3087411875513489,0.8591993849697707,2,2.14312500442396,3.0419634690971775,-10.63061437098293,4.6956695339431967e-07,27.38460071763374,1.9460099393631903e-15,2.14312500442396,0-2,34,1.849999999999909,1850,,,,,0,0.3087411875513489,0.8403866743170954,2.14312500442396,3.0419634690971775,4.540038789965466e-07,negative_hard,10.0,0,0,0,1,1,0,0,0,0,0,-1,1,0,0,1,1,0,0,0,0
sim_0039_n3_seed81,81,0.001,3,685.9,0,body_0,23.12038132751752,16.22432647230617,0.0002890524032455742,0.0025383416865848714,2.2612451672396094,67.6153900056036,2,0.7935641414631074,6.943275974150908,-10.630130837507316,4.59545438030418e-05,27.38460071763363,-2.0757439353207364e-15,0.7935641414631074,0-2,34,2.349999999999909,2350,,,,,0,2.2612451672396094,37.72724294747794,0.7935641414631074,6.943275974150908,0.002712726526503287,negative_hard,10.0,0,1,1,1,0,1,1,1,0,0,-1,1,0,0,1,1,0,0,0,0
sim_0039_n3_seed81,81,0.001,3,686.0,0,body_0,23.12038132751752,16.22432647230617,0.0004855001748752438,0.0017719120326437742,0.8090125059745931,6.2619558918596985,2,1.3257637930361101,4.834839200811041,-10.630563890847633,5.218127086543692e-06,27.38460071763364,-1.8162759434056442e-15,1.3257637930361101,0-2,34,2.449999999999932,2450,,,,,0,0.8090125059745931,5.686032394176058,1.3257637930361101,4.834839200811041,0.004556368331754846,negative_baseline,20.0,0,1,1,1,0,1,1,1,0,0,-1,1,0,0,1,1,0,0,0,0
sim_0039_n3_seed81,81,0.001,3,686.15,0,body_0,23.12038132751752,16.22432647230617,0.0006979220733940804,0.0012781737339127716,0.39177105853885313,1.423160586190496,2,1.902872740829567,3.4850687044120363,-10.63060958883549,9.19413502851116e-07,27.384600717633646,-1.5568079514905524e-15,1.902872740829567,0-2,34,2.599999999999909,2600,,,,,0,0.39177105853885313,1.3864161160705715,1.902872740829567,3.4850687044120363,0.006549926110172185,negative_hard,8.0,0,0,0,1,0,1,0,0,0,0,-1,1,0,0,1,1,0,0,0,0
sim_0039_n3_seed81,81,0.001,3,686.5,0,body_0,23.12038132751752,16.22432647230617,0.0010177763760089475,0.0007382399826607357,0.1835541851539859,0.2549574621630221,2,2.7728203698730964,2.0129721306195214,-10.630618885381146,4.4907009982573074e-08,27.384600717633592,-3.5028178908537427e-15,2.7728203698730964,0-2,34,2.949999999999932,2950,,,,,0,0.1835541851539859,0.2536152310226739,2.7728203698730964,2.0129721306195214,0.009551731105281907,negative_pre_failure,1.0,0,0,0,1,0,1,0,0,0,0,-1,1,0,0,1,1,0,0,0,0
sim_0039_n3_seed81,81,0.001,3,686.5500000000001,0,body_0,23.12038132751752,16.22432647230617,0.0010504725679401567,0.0006862158623695079,0.17221105591449076,0.21418866841614873,2,2.8617826275229805,1.8712923110887878,-10.630619141175373,2.084498518796943e-08,27.384600717633607,-2.9838819070235587e-15,2.8617826275229805,0-2,34,3.0,3000,,,,,0,0.17221105591449076,0.21322902225349846,2.8617826275229805,1.8712923110887878,0.009858583021383194,negative_pre_failure,1.0,0,0,0,0,0,1,0,0,0,0,-1,0,0,0,1,1,0,0,0,0
sim_0039_n3_seed81,81,0.001,3,687.0,0,body_0,23.12038132751752,16.22432647230617,9.883625683374718e-09,1.3270498105021826e-08,0.1227527454168392,0.05456422023253813,2,3.382916516193332,0.9270482578867728,-10.630619993969699,-5.9375583033064174e-08,27.38460071763369,0.0,3.382916516193332,0-2,35,0.39999999999997726,400,,,,,0,0.1227527454168392,0.05449708483013699,3.382916516193332,0.9270482578867728,9.274326949619776e-08,negative_baseline,20.0,0,0,0,0,0,0,0,0,0,0,-1,0,0,0,1,1,0,0,0,0
sim_0039_n3_seed81,81,0.001,3,688.0,0,body_0,23.12038132751752,16.22432647230617,3.5084847807459125e-08,5.373299534399995e-08,0.14960090008204224,0.13866789024640894,2,3.0692852038935157,1.5303435100620932,-10.630619604350708,-2.2724944157150577e-08,27.384600717633663,-9.081379717028221e-16,3.0692852038935157,0-2,35,1.3999999999999773,1400,,,,,0,0.14960090008204224,0.13783074263594708,3.0692852038935157,1.5303435100620932,3.292225505689482e-07,negative_baseline,20.0,0,0,0,0,0,0,0,0,0,0,-1,0,0,0,1,1,0,0,0,0
sim_0039_n3_seed81,81,0.001,3,688.5,0,body_0,23.12038132751752,16.22432647230617,5.1634715610410466e-08,1.9304339788980727e-07,0.3487294274065676,1.113855848658343,2,2.0170856909682784,3.2687615607235383,-10.630612279036278,6.663519741041663e-07,27.384600717633674,-5.189359838301841e-16,2.0170856909682784,0-2,35,1.8999999999999773,1900,,,,,0,0.3487294274065676,1.083915288981002,2.0170856909682784,3.2687615607235383,4.845258900262332e-07,negative_hard,10.0,0,0,0,1,1,0,0,0,0,0,-1,1,0,0,1,1,0,0,0,0
sim_0039_n3_seed81,81,0.001,3,689.0,0,body_0,23.12038132751752,16.22432647230617,0.00038149251542446075,0.002123042221393657,1.3118510863708581,17.469512186026847,2,1.0415416384014864,5.786214085980672,-10.630461076165453,1.488968794964912e-05,27.384600717633578,-4.021753874683927e-15,1.0415416384014864,0-2,35,2.3999999999999773,2400,,,,,0,1.3118510863708581,13.989010008437399,1.0415416384014864,5.786214085980672,0.0035802673056074706,negative_hard,10.0,0,1,1,1,0,1,1,1,0,0,-1,1,0,0,1,1,0,0,0,0
sim_0039_n3_seed81,81,0.001,3,689.15,0,body_0,23.12038132751752,16.22432647230617,0.0006255745672763566,0.0014315673977526406,0.4896720618570638,2.2523037895959592,2,1.7027300719642213,3.8959001848997428,-10.630602144803662,1.6196579170528994e-06,27.384600717633504,-6.746167789792393e-15,1.7027300719642213,0-2,35,2.5499999999999545,2550,,,,,0,0.4896720618570638,2.164855135121562,1.7027300719642213,3.8959001848997428,0.005870952098638412,negative_hard,8.0,0,0,0,1,0,1,0,0,0,0,-1,1,0,0,1,1,0,0,0,0
sim_0039_n3_seed81,81,0.001,3,689.5500000000001,0,body_0,23.12038132751752,16.22432647230617,0.0010147004435511024,0.0007479539361045791,0.18539048140599107,0.2619924741517055,2,2.7587746381781453,2.035240190493056,-10.630618865654984,4.67626085478121e-08,27.384600717633422,-9.730049696815953e-15,2.7587746381781453,0-2,35,2.9500000000000455,2950,,,,,0,0.18539048140599107,0.26057786915556136,2.7587746381781453,2.035240190493056,0.009522863997282239,negative_pre_failure,1.0,0,0,0,1,0,1,0,0,0,0,-1,1,0,0,1,1,0,0,0,0
sim_0039_n3_seed81,81,0.001,3,689.6,0,body_0,23.12038132751752,16.22432647230617,0.001047867666614837,0.0006952559244572817,0.17374133257701851,0.21977209566955386,2,2.848832451660389,1.8920153985586305,-10.630619132336992,2.1676393066699455e-08,27.384600717633447,-8.82191172511313e-15,2.848832451660389,0-2,35,3.0,3000,,,,,0,0.17374133257701851,0.21876376029146946,2.848832451660389,1.8920153985586305,0.00983413652659256,negative_pre_failure,1.0,0,0,0,0,0,1,0,0,0,0,-1,0,0,0,1,1,0,0,0,0
sim_0039_n3_seed81,81,0.001,3,690.0,0,body_0,23.12038132751752,16.22432647230617,8.985837272809421e-09,1.227279290508277e-08,0.12581459742001658,0.06498873171213784,2,3.3413682248864354,1.0197355430233144,-10.630619981927863,-5.824283285531057e-08,27.384600717633738,1.8162759434056442e-15,3.3413682248864354,0-2,36,0.35000000000002274,350,,,,,0,0.12581459742001658,0.06489203513448698,3.3413682248864354,1.0197355430233144,8.431603525741243e-08,negative_baseline,20.0,0,0,0,0,0,0,0,0,0,0,-1,0,0,0,1,1,0,0,0,0
sim_0039_n3_seed81,81,0.001,3,691.0,0,body_0,23.12038132751752,16.22432647230617,3.4506867879851345e-08,5.041122592870389e-08,0.14250395202983224,0.1166252835771251,2,3.1433680631036154,1.4017971737276975,-10.630619746450126,-3.60919375189738e-08,27.38460071763378,3.3730838948961966e-15,3.1433680631036154,0-2,36,1.3500000000000227,1350,,,,,0,0.14250395202983224,0.11598070414325858,3.1433680631036154,1.4017971737276975,3.237871839174171e-07,negative_baseline,20.0,0,0,0,0,0,0,0,0,0,0,-1,0,0,0,1,1,0,0,0,0
sim_0039_n3_seed81,81,0.001,3,691.6,0,body_0,23.12038132751752,16.22432647230617,5.4896438307520656e-08,2.405080890668746e-07,0.4011362957226642,1.4926645274765658,2,1.8812448471945187,3.527337245015331,-10.630609028974174,9.720784791157027e-07,27.384600717633806,4.281221866599019e-15,1.8812448471945187,0-2,36,1.9500000000000455,1950,,,,,0,0.4011362957226642,1.4420466895055313,1.8812448471945187,3.527337245015331,5.151168059566126e-07,negative_hard,10.0,0,0,0,1,1,0,0,0,0,0,-1,1,0,0,1,1,0,0,0,0
sim_0039_n3_seed81,81,0.001,3,692.0,0,body_0,23.12038132751752,16.22432647230617,0.00025305832296589016,0.0027728317418658677,2.961731074797031,164.09705372880168,2,0.6934441056370276,7.559176011550891,-10.629779120848923,7.903978995765761e-05,27.384600717633706,6.486699797877301e-16,0.6934441056370276,0-2,36,2.3500000000000227,2350,,,,,0,2.961731074797031,61.328638914004124,0.6934441056370276,7.559176011550891,0.002374925849376667,negative_baseline,20.0,1,1,1,1,0,1,1,1,0,0,-1,1,0,0,1,1,0,0,0,0
sim_0039_n3_seed81,81,0.001,3,692.1,0,body_0,23.12038132751752,16.22432647230617,0.0004616876856948329,0.001856583253415537,0.9020234752543629,7.843149405450559,2,1.255591768183055,5.044312672279314,-10.63054877907392,6.639659849366073e-06,27.38460071763369,0.0,1.255591768183055,0-2,36,2.4500000000000455,2450,,,,,0,0.9020234752543629,6.980240274291691,1.255591768183055,5.044312672279314,0.004332890623186939,negative_hard,10.0,0,1,1,1,0,1,1,1,0,0,-1,1,0,0,1,1,0,0,0,0
sim_0039_n3_seed81,81,0.001,3,692.15,0,body_0,23.12038132751752,16.22432647230617,0.0005437847661578124,0.0016290815836715656,0.6508891134289821,4.018982758094535,2,1.4774837055666534,4.424172606077617,-10.630585505537828,3.184878650276617e-06,27.384600717633724,1.2973399595754602e-15,1.4774837055666534,0-2,36,2.5,2500,,,,,0,0.6508891134289821,3.762353182411386,1.4774837055666534,4.424172606077617,0.005103363222450213,negative_hard,8.0,0,0,1,1,0,1,1,1,0,0,-1,1,0,0,1,1,0,0,0,0
sim_0039_n3_seed81,81,0.001,3,692.5500000000001,0,body_0,23.12038132751752,16.22432647230617,0.0009754075091471918,0.0008156531706406263,0.20164450552084226,0.32522778351651016,2,2.6458135135160403,2.2140209411329055,-10.630618473393271,8.366184268491694e-08,27.384600717633678,-3.892019878726381e-16,2.6458135135160403,0-2,36,2.900000000000091,2900,,,,,0,0.20164450552084226,0.32307978565105916,2.6458135135160403,2.2140209411329055,0.009154102738318294,negative_hard,8.0,0,0,0,1,0,1,0,0,0,0,-1,1,0,0,1,1,0,0,0,0
sim_0039_n3_seed81,81,0.001,3,692.6,0,body_0,23.12038132751752,16.22432647230617,0.0010118613043932762,0.000758039204648243,0.18726273656104805,0.2692943448892176,2,2.744553773753753,2.057769345543165,-10.630618844887037,4.8716205666956846e-08,27.38460071763368,-2.5946799191509205e-16,2.744553773753753,0-2,36,2.9500000000000455,2950,,,,,0,0.18726273656104805,0.26780265239809486,2.744553773753753,2.057769345543165,0.009496219242360802,negative_pre_failure,1.0,0,0,0,1,0,1,0,0,0,0,-1,1,0,0,1,1,0,0,0,0
sim_0039_n3_seed81,81,0.001,3,692.65,0,body_0,23.12038132751752,16.22432647230617,0.0010455161538380881,0.000704634128862084,0.17529661651756218,0.22555099981865614,2,2.835718586303643,1.9129620667220528,-10.630619123043864,2.255057807208299e-08,27.384600717633685,-1.2973399595754603e-16,2.835718586303643,0-2,36,3.0,3000,,,,,0,0.17529661651756218,0.2244910254823619,2.835718586303643,1.9129620667220528,0.009812068143421554,negative_pre_failure,1.0,0,0,0,0,0,1,0,0,0,0,-1,0,0,0,1,1,0,0,0,0
sim_0039_n3_seed81,81,0.001,3,693.0,0,body_0,23.12038132751752,16.22432647230617,8.021695513711835e-09,1.1180924643540117e-08,0.12952350793593687,0.07706742354391372,2,3.2929587033352927,1.1206450898269031,-10.63061996030195,-5.6208528666022733e-08,27.384600717633703,5.189359838301841e-16,3.2929587033352927,0-2,37,0.2999999999999545,300,,,,,0,0.12952350793593687,0.07693172201202593,3.2929587033352927,1.1206450898269031,7.526651732788337e-08,negative_baseline,20.0,0,0,0,0,0,0,0,0,0,0,-1,0,0,0,1,1,0,0,0,0
sim_0039_n3_seed81,81,0.001,3,694.0,0,body_0,23.12038132751752,16.22432647230617,3.3884747017135964e-08,4.7584619532667243e-08,0.13653446518308077,0.09841612810462282,2,3.209743022459384,1.2814520309622988,-10.63061986364422,-4.711613944264741e-08,27.38460071763369,0.0,3.209743022459384,0-2,37,1.2999999999999545,1300,,,,,0,0.13653446518308077,0.09791196843791483,3.209743022459384,1.2814520309622988,3.179366449668255e-07,negative_baseline,20.0,0,0,0,0,0,0,0,0,0,0,-1,0,0,0,1,1,0,0,0,0
sim_0039_n3_seed81,81,0.001,3,694.7,0,body_0,23.12038132751752,16.22432647230617,5.7971454594462574e-08,3.0948668268288647e-07,0.4722986950008123,2.0893058275987855,2,1.73422572722614,3.828086213993348,-10.630603691707964,1.4741438835200018e-06,27.384600717633717,1.0378719676603682e-15,1.73422572722614,0-2,37,2.0,2000,,,,,0,0.4722986950008123,1.9967895749702262,1.73422572722614,3.828086213993348,5.439511471503129e-07,negative_hard,10.0,0,0,0,1,1,0,0,0,0,0,-1,1,0,0,1,1,0,0,0,0
sim_0039_n3_seed81,81,0.001,3,695.0,0,body_0,23.12038132751752,16.22432647230617,6.795042142205506e-05,0.005422243427374249,33.228302077455595,86.66867248565273,2,0.2070879371415378,14.949227754017112,-10.577448697515052,0.005001652626340187,27.38460071763375,2.2054779312782825e-15,0.2070879371415378,0-2,37,2.2999999999999545,2300,,,,,0,33.228302077455595,4132.278202119605,0.2070879371415378,14.949227754017112,0.0006377075117065468,negative_baseline,20.0,1,1,1,1,0,1,1,1,0,0,-1,1,0,0,1,1,0,0,0,0
sim_0039_n3_seed81,81,0.001,3,695.5500000000001,0,body_0,23.12038132751752,16.22432647230617,0.0009322769198839674,0.0008906697097201249,0.22201574355933842,0.4113518716538764,2,2.5220545269542534,2.410874324328732,-10.630617901325916,1.3747501534613862e-07,27.384600717633816,4.670423854471657e-15,2.5220545269542534,0-2,37,2.8500000000000227,2850,,,,,0,0.22201574355933842,0.4079679747244124,2.5220545269542534,2.410874324328732,0.008749325661009263,negative_hard,8.0,0,0,0,1,0,1,0,0,0,0,-1,1,0,0,1,1,0,0,0,0
sim_0039_n3_seed81,81,0.001,3,695.65,0,body_0,23.12038132751752,16.22432647230617,0.0010093195535319508,0.0007685608008502493,0.18917003755134226,0.27687936971070576,2,2.730152425443239,2.08057179302385,-10.630618823007984,5.077432217825155e-08,27.38460071763381,4.410955862556565e-15,2.730152425443239,0-2,37,2.949999999999932,2950,,,,,0,0.18917003755134226,0.27530548227423673,2.730152425443239,2.08057179302385,0.009472365530374125,negative_pre_failure,1.0,0,0,0,1,0,1,0,0,0,0,-1,1,0,0,1,1,0,0,0,0
sim_0039_n3_seed81,81,0.001,3,695.7,0,body_0,23.12038132751752,16.22432647230617,0.0010434816162770578,0.0007144104096382008,0.17687538406097342,0.23153679941902117,2,2.8224364158785726,1.9341423831845155,-10.630619113269738,2.3470009580595366e-08,27.38460071763383,5.189359838301841e-15,2.8224364158785726,0-2,37,3.0,3000,,,,,0,0.17687538406097342,0.2304220050515124,2.8224364158785726,1.9341423831845155,0.009792974638721561,negative_pre_failure,1.0,0,0,0,0,0,1,0,0,0,0,-1,0,0,0,1,1,0,0,0,0
sim_0039_n3_seed81,81,0.001,3,696.0,0,body_0,23.12038132751752,16.22432647230617,6.980977309564846e-09,9.963794055180356e-09,0.1339733827470113,0.09120575822337056,2,3.2374869202114285,1.2293421441110135,-10.63061992635572,-5.3015278321850555e-08,27.384600717633692,1.2973399595754603e-16,3.2374869202114285,0-2,38,0.25,250,,,,,0,0.1339733827470113,0.09101779290833738,3.2374869202114285,1.2293421441110135,6.549888191808606e-08,negative_baseline,20.0,0,0,0,0,0,0,0,0,0,0,-1,0,0,0,1,1,0,0,0,0
sim_0039_n3_seed81,81,0.001,3,697.0,0,body_0,23.12038132751752,16.22432647230617,3.3225298440275706e-08,4.515119769125484e-08,0.13150332892489805,0.08314533916088117,2,3.2687186774516124,1.1688505171155703,-10.630619962396375,-5.640554691063487e-08,27.384600717633624,-2.3352119272358286e-15,3.2687186774516124,0-2,38,1.25,1250,,,,,0,0.13150332892489805,0.08274579150781933,3.2687186774516124,1.1688505171155703,3.1173414956182977e-07,negative_baseline,20.0,0,0,0,0,0,0,0,0,0,0,-1,0,0,0,1,1,0,0,0,0
sim_0039_n3_seed81,81,0.001,3,697.3000000000001,0,body_0,23.12038132751752,16.22432647230617,4.40088413423231e-08,7.308425134255616e-08,0.17039218188986405,0.20791227473177198,2,2.876734848808715,1.8472553772540226,-10.6306192873618,7.0935355752126765e-09,27.384600717633575,-4.151487870641473e-15,2.876734848808715,0-2,38,1.5500000000000682,1550,,,,,0,0.17039218188986405,0.2063135970837497,2.876734848808715,1.8472553772540226,4.1291882869160495e-07,negative_hard,10.0,0,0,0,0,1,0,0,0,0,0,-1,0,0,0,1,1,0,0,0,0
sim_0039_n3_seed81,81,0.001,3,697.8000000000001,0,body_0,23.12038132751752,16.22432647230617,6.047565150436464e-08,4.1624609061809137e-07,0.5735432255423277,3.1041397822863104,2,1.5741809185751854,4.187138041417748,-10.630594263749883,2.361012066836258e-06,27.384600717633557,-4.800157850429203e-15,1.5741809185751854,0-2,38,2.050000000000068,2050,,,,,0,0.5735432255423277,2.9163804641212407,1.5741809185751854,4.187138041417748,5.674213306178976e-07,negative_hard,10.0,0,0,0,1,1,0,1,1,0,0,-1,1,0,0,1,1,0,0,0,0
sim_0039_n3_seed81,81,0.001,3,698.0,0,body_0,23.12038132751752,16.22432647230617,3.932149076808555e-07,1.4722190834447468e-05,5.7295383420745605,870.5758627849796,2,0.4986887449040943,9.208221722533679,-10.627595316796608,0.000284465643126938,27.384600717633628,-2.2054779312782825e-15,0.4986887449040943,0-2,38,2.25,2250,,,,,0,5.7295383420745605,187.48969637732503,0.4986887449040943,9.208221722533679,3.6902156966858074e-06,negative_baseline,20.0,1,1,1,1,1,0,1,1,0,0,-1,1,0,0,1,1,0,0,0,0
sim_0039_n3_seed81,81,0.001,3,698.6,0,body_0,23.12038132751752,16.22432647230617,0.0009289315966910983,0.0009037109900638988,0.22496516860321586,0.42497154603896004,2,2.5049458638933455,2.438292246545226,-10.630617832488861,1.439503723143517e-07,27.38460071763371,7.784039757452762e-16,2.5049458638933455,0-2,38,2.8500000000000227,2850,,,,,0,0.22496516860321586,0.4213673898406472,2.5049458638933455,2.438292246545226,0.008717930458551824,negative_hard,8.0,0,0,0,1,0,1,0,0,0,0,-1,1,0,0,1,1,0,0,0,0
sim_0039_n3_seed81,81,0.001,3,698.7,0,body_0,23.12038132751752,16.22432647230617,0.0010071597751813285,0.0007796064770166204,0.1911102171676977,0.28476544613003907,2,2.7155649350530875,2.1036604827051892,-10.630618799935979,5.2944657129003087e-08,27.384600717633745,2.0757439353207364e-15,2.7155649350530875,0-2,38,2.9500000000000455,2950,,,,,0,0.1911102171676977,0.2831038190113686,2.7155649350530875,2.1036604827051892,0.009452096688142161,negative_pre_failure,1.0,0,0,0,1,0,1,0,0,0,0,-1,1,0,0,1,1,0,0,0,0
sim_0039_n3_seed81,81,0.001,3,698.75,0,body_0,23.12038132751752,16.22432647230617,0.001041852673804485,0.0007246657643791105,0.1784748139554283,0.23774204348946418,2,2.8089811157025397,1.9555669545308305,-10.63061910298038,2.443790790780247e-08,27.384600717633738,1.8162759434056442e-15,2.8089811157025397,0-2,38,3.0,3000,,,,,0,0.1784748139554283,0.23656899235545442,2.8089811157025397,1.9555669545308305,0.009777687712888448,negative_pre_failure,1.0,0,0,0,1,0,1,0,0,0,0,-1,1,0,0,1,1,0,0,0,0
sim_0039_n3_seed81,81,0.001,3,699.0,0,body_0,23.12038132751752,16.22432647230617,5.850662493607748e-09,8.58128710818464e-09,0.13928561004100945,0.10796528382989046,2,3.1747110986525047,1.345778938394418,-10.630619876268227,-4.8303653198719513e-08,27.384600717633717,1.0378719676603682e-15,3.1747110986525047,0-2,39,0.1999999999999318,200,,,,,0,0.13928561004100945,0.10770588430499183,3.1747110986525047,1.345778938394418,5.489083747212896e-08,negative_baseline,20.0,0,0,0,0,0,0,0,0,0,0,-1,0,0,0,1,1,0,0,0,0
sim_0039_n3_seed81,81,0.001,3,700.0,0,body_0,23.12038132751752,16.22432647230617,3.253300028690876e-08,4.3033076540640924e-08,0.12726402310859547,0.07016483331320812,2,3.3205545007778046,1.0638647409686697,-10.630620047292789,-6.439157392916281e-08,27.384600717633752,2.3352119272358286e-15,3.3205545007778046,0-2,39,1.1999999999999318,1200,,,,,0,0.12726402310859547,0.06984482908639816,3.3205545007778046,1.0638647409686697,3.0521925685116e-07,negative_baseline,20.0,0,0,0,0,0,0,0,0,0,0,-1,0,0,0,1,1,0,0,0,0
sim_0039_n3_seed81,81,0.001,3,700.35,0,body_0,23.12038132751752,16.22432647230617,4.539862605007963e-08,7.406629703932654e-08,0.1687687190732335,0.20263231349627212,2,2.8896179238182125,1.8265416707577156,-10.630619349137671,1.2824092973139211e-09,27.384600717633713,9.081379717028221e-16,2.8896179238182125,0-2,39,1.5499999999999545,1550,,,,,0,0.1687687190732335,0.2010996381785534,2.8896179238182125,1.8265416707577156,4.2593553076833363e-07,negative_hard,10.0,0,0,0,0,1,0,0,0,0,0,-1,0,0,0,1,1,0,0,0,0
sim_0039_n3_seed81,81,0.001,3,700.85,0,body_0,23.12038132751752,16.22432647230617,6.408250404670224e-08,4.021510345729013e-07,0.5521748204662646,2.874402103842439,2,1.6041698139207092,4.116927943849037,-10.630596455952121,2.1547962139686464e-06,27.384600717633756,2.4649459231933743e-15,1.6041698139207092,0-2,39,2.0499999999999545,2050,,,,,0,0.5521748204662646,2.7106852221085953,1.6041698139207092,4.116927943849037,6.01238212539992e-07,negative_hard,10.0,0,0,0,1,1,0,1,0,0,0,-1,1,0,0,1,1,0,0,0,0
sim_0039_n3_seed81,81,0.001,3,701.0,0,body_0,23.12038132751752,16.22432647230617,6.343487059542271e-08,2.2923171480504595e-06,1.7822901863471,35.811387892494245,2,0.8938792584769777,6.423882883425225,-10.63031910299507,2.8244805420967353e-05,27.38460071763378,3.3730838948961966e-15,0.8938792584769777,0-2,39,2.199999999999932,2200,,,,,0,1.7822901863471,23.917133559171916,0.8938792584769777,6.423882883425225,5.95133459054998e-07,negative_baseline,20.0,0,1,1,1,1,0,1,1,0,0,-1,1,0,0,1,1,0,0,0,0
sim_0039_n3_seed81,81,0.001,3,701.65,0,body_0,23.12038132751752,16.22432647230617,0.0009260205511145252,0.0009175336812536849,0.22798742984389067,0.43925244872110186,2,2.4876091315699504,2.4661437970195172,-10.630617759381842,1.5082739580755958e-07,27.3846007176337,3.892019878726381e-16,2.4876091315699504,0-2,39,2.849999999999909,2850,,,,,0,0.22798742984389067,0.43541013760465536,2.4876091315699504,2.4661437970195172,0.00869061098777523,negative_hard,8.0,0,0,0,1,0,1,0,0,0,0,-1,1,0,0,1,1,0,0,0,0
sim_0039_n3_seed81,81,0.001,3,701.75,0,body_0,23.12038132751752,16.22432647230617,0.0010055017139146344,0.0007912973458116762,0.1930791996292921,0.2929723984947624,2,2.700785357324227,2.1270491575570944,-10.630618775565615,5.5237125956393064e-08,27.384600717633628,-2.2054779312782825e-15,2.700785357324227,0-2,39,2.949999999999932,2950,,,,,0,0.1930791996292921,0.29121699924408556,2.700785357324227,2.1270491575570944,0.00943653651716758,negative_pre_failure,1.0,0,0,0,1,0,1,0,0,0,0,-1,1,0,0,1,1,0,0,0,0
sim_0039_n3_seed81,81,0.001,3,701.8000000000001,0,body_0,23.12038132751752,16.22432647230617,0.001040754638841464,0.0007355121042870967,0.18009013282483183,0.24418066602984007,2,2.795347704009796,1.9772469144463756,-10.630619092123238,2.545921631830504e-08,27.38460071763366,-1.0378719676603682e-15,2.795347704009796,0-2,39,3.0,3000,,,,,0,0.18009013282483183,0.24294563757161766,2.795347704009796,1.9772469144463756,0.009767383418274333,negative_pre_failure,1.0,0,0,0,1,0,1,0,0,0,0,-1,1,0,0,1,1,0,0,0,0
sim_0039_n3_seed81,81,0.001,3,702.0,0,body_0,23.12038132751752,16.22432647230617,4.61372952893614e-09,6.980697663617063e-09,0.14561789094809516,0.12811981107545575,2,3.104342003765633,1.470253534697385,-10.63061980464104,-4.156583432925525e-08,27.384600717633667,-7.784039757452762e-16,3.104342003765633,0-2,40,0.14999999999997726,150,,,,,0,0.14561789094809516,0.1277605896919031,3.104342003765633,1.470253534697385,4.328325153760047e-08,negative_baseline,20.0,0,0,0,0,0,0,0,0,0,0,-1,0,0,0,1,1,0,0,0,0
sim_0039_n3_seed81,81,0.001,3,703.0,0,body_0,23.12038132751752,16.22432647230617,3.181103725671285e-08,4.1171176194580443e-08,0.12370089735157731,0.059003820803641666,2,3.365468368959505,0.9667245396344742,-10.63062012164588,-7.138581276493474e-08,27.384600717633546,-5.189359838301841e-15,3.365468368959505,0-2,40,1.1499999999999773,1150,,,,,0,0.12370089735157731,0.058745563882273207,3.365468368959505,0.9667245396344742,2.9842240795031235e-07,negative_baseline,20.0,0,0,0,0,0,0,0,0,0,0,-1,0,0,0,1,1,0,0,0,0
sim_0039_n3_seed81,81,0.001,3,703.45,0,body_0,23.12038132751752,16.22432647230617,4.9032994219954165e-08,8.267549354173613e-08,0.1776035625449815,0.2340708707651224,2,2.816830797631742,1.942978272190326,-10.630619186306086,1.659963392022649e-08,27.38460071763349,-7.265103773622577e-15,2.816830797631742,0-2,40,1.6000000000000227,1600,,,,,0,0.1776035625449815,0.23212450865756132,2.816830797631742,1.942978272190326,4.6000614744382425e-07,negative_hard,10.0,0,0,0,1,1,0,0,0,0,0,-1,1,0,0,1,1,0,0,0,0
sim_0039_n3_seed81,81,0.001,3,703.95,0,body_0,23.12038132751752,16.22432647230617,6.607230702595391e-08,5.676426242191816e-07,0.6936427910290666,4.57116692039964,2,1.4316867919137153,4.542665988616554,-10.630580306195823,3.673969814995812e-06,27.384600717633543,-5.319093834259387e-15,1.4316867919137153,0-2,40,2.1000000000000227,2100,,,,,0,0.6936427910290666,4.197811288741119,1.4316867919137153,4.542665988616554,6.198558037278236e-07,negative_hard,10.0,0,1,1,1,1,0,1,1,0,0,-1,1,0,0,1,1,0,0,0,0
sim_0039_n3_seed81,81,0.001,3,704.0,0,body_0,23.12038132751752,16.22432647230617,6.041098512260832e-08,9.424181105838559e-07,0.9825825799791074,9.370677651551567,2,1.2033861413781368,5.209698726944353,-10.630534360918482,7.99594540014608e-06,27.384600717633575,-4.151487870641473e-15,1.2033861413781368,0-2,40,2.1499999999999773,2150,,,,,0,0.9825825799791074,8.063457960903422,1.2033861413781368,5.209698726944353,5.666945601625656e-07,negative_baseline,20.0,0,1,1,1,1,0,1,1,0,0,-1,1,0,0,1,1,0,0,0,0
sim_0039_n3_seed81,81,0.001,3,704.7,0,body_0,23.12038132751752,16.22432647230617,0.0009236992711508785,0.0009323402842410888,0.2310783180431996,0.454245112688729,2,2.4700355015801936,2.4944521227668943,-10.630617681645731,1.5813986822604608e-07,27.384600717633766,2.8541479110660126e-15,2.4700355015801936,0-2,40,2.8500000000000227,2850,,,,,0,0.2310783180431996,0.4501448714613849,2.4700355015801936,2.4944521227668943,0.008668826506025512,negative_hard,8.0,0,0,0,1,0,1,0,0,0,0,-1,1,0,0,1,1,0,0,0,0
sim_0039_n3_seed81,81,0.001,3,704.8000000000001,0,body_0,23.12038132751752,16.22432647230617,0.0010045187536211035,0.000803805270123051,0.19506989242519887,0.3015223875028101,2,2.6858076402204034,2.1507521846353495,-10.63061874980422,5.7660446170958656e-08,27.38460071763377,2.9838819070235587e-15,2.6858076402204034,0-2,40,2.9500000000000455,2950,,,,,0,0.19506989242519887,0.2996666374179005,2.6858076402204034,2.1507521846353495,0.009427312217601284,negative_pre_failure,1.0,0,0,0,1,0,1,0,0,0,0,-1,1,0,0,1,1,0,0,0,0
sim_0039_n3_seed81,81,0.001,3,704.85,0,body_0,23.12038132751752,16.22432647230617,0.0010403687948963825,0.0007471083861253461,0.18171351405845307,0.25086832106373075,2,2.7815312635190343,1.999193689396603,-10.630619080664758,2.6537091463273445e-08,27.384600717633802,4.151487870641473e-15,2.7815312635190343,0-2,40,3.0,3000,,,,,0,0.18171351405845307,0.24956727831856998,2.7815312635190343,1.999193689396603,0.009763763083047085,negative_pre_failure,1.0,0,0,0,1,0,1,0,0,0,0,-1,1,0,0,1,1,0,0,0,0
sim_0039_n3_seed81,81,0.001,3,705.0,0,body_0,23.12038132751752,16.22432647230617,3.2479214528986896e-09,5.090480052863235e-09,0.15317690360473543,0.15274706676392036,2,3.026034263359092,1.6033970551217904,-10.630619703717413,-3.207216106855277e-08,27.38460071763366,-1.0378719676603682e-15,3.026034263359092,0-2,41,0.10000000000002274,100,,,,,0,0.15317690360473543,0.15224496162320234,3.026034263359092,1.6033970551217904,3.0467660360484917e-08,negative_baseline,20.0,0,0,0,0,0,0,0,0,0,0,-1,0,0,0,1,1,0,0,0,0
sim_0039_n3_seed81,81,0.001,3,706.0,0,body_0,23.12038132751752,16.22432647230617,3.1061339233918017e-08,3.951831008188168e-08,0.12072048760057326,0.049327963378452945,2,3.4036426485146962,0.8780720295138426,-10.630620187880158,-7.761633200807791e-08,27.38460071763373,1.5568079514905524e-15,3.4036426485146962,0-2,41,1.1000000000000227,1100,,,,,0,0.12072048760057326,0.049118756880390954,3.4036426485146962,0.8780720295138426,2.91358742070834e-07,negative_baseline,20.0,0,0,0,0,0,0,0,0,0,0,-1,0,0,0,1,1,0,0,0,0
sim_0039_n3_seed81,81,0.001,3,706.5500000000001,0,body_0,23.12038132751752,16.22432647230617,5.29946625768653e-08,9.275655091249976e-08,0.18783660313815986,0.27224094536904764,2,2.7389575053355473,2.0665341939721267,-10.6306189742801,3.654447239728933e-08,27.384600717633674,-5.189359838301841e-16,2.7389575053355473,0-2,41,1.650000000000091,1650,,,,,0,0.18783660313815986,0.26973070948699285,2.7389575053355473,2.0665341939721267,4.971345884801886e-07,negative_hard,10.0,0,0,0,1,1,0,0,0,0,0,-1,1,0,0,1,1,0,0,0,0
sim_0039_n3_seed81,81,0.001,3,707.0,0,body_0,23.12038132751752,16.22432647230617,7.049002436867728e-08,5.422584578429282e-07,0.6628317225915746,4.168983187916168,2,1.4643940737470773,4.457565622471291,-10.630584194437846,3.3082110674781183e-06,27.38460071763365,-1.4270739555330063e-15,1.4643940737470773,0-2,41,2.1000000000000227,2100,,,,,0,0.6628317225915746,3.8517069110285838,1.4643940737470773,4.457565622471291,6.612584060037974e-07,negative_baseline,20.0,0,0,1,1,1,0,1,1,0,0,-1,1,0,0,1,1,0,0,0,0
sim_0039_n3_seed81,81,0.001,3,707.0500000000001,0,body_0,23.12038132751752,16.22432647230617,6.574582457590568e-08,8.757810452637439e-07,0.9243127493891167,8.248980925281966,2,1.2406174901255658,5.090837800626349,-10.630545010314368,6.994179132103866e-06,27.38460071763367,-6.486699797877301e-16,1.2406174901255658,0-2,41,2.150000000000091,2150,,,,,0,0.9243127493891167,7.199665387226078,1.2406174901255658,5.090837800626349,6.167009803505034e-07,negative_hard,10.0,0,1,1,1,1,0,1,1,0,0,-1,1,0,0,1,1,0,0,0,0
sim_0039_n3_seed81,81,0.001,3,707.75,0,body_0,23.12038132751752,16.22432647230617,0.0009222003903499388,0.0009484273987195265,0.2342288311964817,0.47000618766347546,2,2.452216087034619,2.5232414187917116,-10.63061759884524,1.6592873630331876e-07,27.384600717633674,-5.189359838301841e-16,2.452216087034619,0-2,41,2.8500000000000227,2850,,,,,0,0.2342288311964817,0.46562610131041204,2.452216087034619,2.5232414187917116,0.008654760266016357,negative_hard,8.0,0,0,0,1,0,1,0,0,0,0,-1,1,0,0,1,1,0,0,0,0
sim_0039_n3_seed81,81,0.001,3,707.85,0,body_0,23.12038132751752,16.22432647230617,0.0010044697672069976,0.0008173825777592873,0.19707024260356432,0.31044041156751884,2,2.6706261913026146,2.1747838603064107,-10.630618722517502,6.022725039291472e-08,27.384600717633692,1.2973399595754603e-16,2.6706261913026146,0-2,41,2.9500000000000455,2950,,,,,0,0.19707024260356432,0.3084771184098194,2.6706261913026146,2.1747838603064107,0.009426853268761847,negative_pre_failure,1.0,0,0,0,1,0,1,0,0,0,0,-1,1,0,0,1,1,0,0,0,0
sim_0039_n3_seed81,81,0.001,3,707.9,0,body_0,23.12038132751752,16.22432647230617,0.0010409656119980517,0.0007596881855552587,0.1833321593559672,0.25782282291442843,2,2.767527558891668,2.021418228082817,-10.630619068536765,2.7677946235546377e-08,27.38460071763368,-2.5946799191509205e-16,2.767527558891668,0-2,41,3.0,3000,,,,,0,0.1833321593559672,0.2564513753089289,2.767527558891668,2.021418228082817,0.00976936499991656,negative_pre_failure,1.0,0,0,0,1,0,1,0,0,0,0,-1,1,0,0,1,1,0,0,0,0
sim_0039_n3_seed81,81,0.001,3,708.0,0,body_0,23.12038132751752,16.22432647230617,1.723510204452648e-09,2.8110774268117677e-09,0.16223675723625267,0.18608313052719894,2,2.9393751595603974,1.7461915022225636,-10.630619562124421,-1.8752806219889816e-08,27.384600717633678,-3.892019878726381e-16,2.9393751595603974,0-2,42,0.049999999999954525,50,,,,,0,0.16223675723625267,0.1826642030986038,2.9393751595603974,1.7461915022225636,1.6165978803896746e-08,negative_baseline,20.0,0,0,0,0,0,0,0,0,0,0,-1,0,0,0,1,1,0,0,0,0
sim_0039_n3_seed81,81,0.001,3,709.0,0,body_0,23.12038132751752,16.22432647230617,3.028496994651761e-08,3.8036853672273534e-08,0.11824452062069588,0.04092214998508607,2,3.435229425102196,0.7990329216841422,-10.630620247789473,-8.325187522507543e-08,27.384600717633614,-2.7244139151084665e-15,3.435229425102196,0-2,42,1.0499999999999545,1050,,,,,0,0.11824452062069588,0.04075305584200144,3.435229425102196,0.7990329216841422,2.840356607700234e-07,negative_baseline,20.0,0,0,0,0,0,0,0,0,0,0,-1,0,0,0,1,1,0,0,0,0
sim_0039_n3_seed81,81,0.001,3,709.65,0,body_0,23.12038132751752,16.22432647230617,5.732261695955632e-08,1.0468180981534744e-07,0.19976975735181499,0.31921615509240314,2,2.6557465593501406,2.198183227066279,-10.63061869590954,6.273020540878849e-08,27.38460071763364,-1.8162759434056442e-15,2.6557465593501406,0-2,42,1.6999999999999318,1700,,,,,0,0.19976975735181499,0.3159214678318089,2.6557465593501406,2.198183227066279,5.37680692289493e-07,negative_hard,10.0,0,0,0,1,1,0,0,0,0,0,-1,1,0,0,1,1,0,0,0,0
sim_0039_n3_seed81,81,0.001,3,710.0,0,body_0,23.12038132751752,16.22432647230617,7.502208820539142e-08,3.6858542255226983e-07,0.495828029931668,2.312291701879737,2,1.692022932094967,3.9191761601538277,-10.6306017844176,1.653558675797767e-06,27.384600717633738,1.8162759434056442e-15,1.692022932094967,0-2,42,2.0499999999999545,2050,,,,,0,0.495828029931668,2.2012721301180145,1.692022932094967,3.9191761601538277,7.037323734631816e-07,negative_baseline,20.0,0,0,0,1,1,0,0,0,0,0,-1,1,0,0,1,1,0,0,0,0
sim_0039_n3_seed81,81,0.001,3,710.15,0,body_0,23.12038132751752,16.22432647230617,6.282334757460323e-08,1.566592586734019e-06,1.354127003865822,18.762040563005975,2,1.02530138031193,5.8503330829050775,-10.630450060741222,1.592588573413645e-05,27.38460071763375,2.2054779312782825e-15,1.02530138031193,0-2,42,2.199999999999932,2200,,,,,0,1.354127003865822,14.544418107372381,1.02530138031193,5.8503330829050775,5.891098187342492e-07,negative_hard,10.0,0,1,1,1,1,0,1,1,0,0,-1,1,0,0,1,1,0,0,0,0
sim_0039_n3_seed81,81,0.001,3,710.8000000000001,0,body_0,23.12038132751752,16.22432647230617,0.000921885922093965,0.000966248077587498,0.2374214586042258,0.48659915743389687,2,2.43414334164756,2.5525350230093253,-10.630617510512685,1.7423799380766852e-07,27.384600717633575,-4.151487870641473e-15,2.43414334164756,0-2,42,2.8500000000000227,2850,,,,,0,0.2374214586042258,0.48191487446081416,2.43414334164756,2.5525350230093253,0.008651809714988265,negative_hard,8.0,0,0,0,1,0,1,0,0,0,0,-1,1,0,0,1,1,0,0,0,0
sim_0039_n3_seed81,81,0.001,3,710.9,0,body_0,23.12038132751752,16.22432647230617,0.0010057568870079929,0.0008324155118624116,0.19905967274935094,0.31975485218391764,2,2.6552373983726136,2.1991563814398396,-10.63061869357763,6.29495633394028e-08,27.384600717633614,-2.7244139151084665e-15,2.6552373983726136,0-2,42,2.949999999999932,2950,,,,,0,0.19905967274935094,0.3176761359180551,2.6552373983726136,2.1991563814398396,0.009438933551761144,negative_pre_failure,1.0,0,0,0,1,0,1,0,0,0,0,-1,1,0,0,1,1,0,0,0,0
sim_0039_n3_seed81,81,0.001,3,710.95,0,body_0,23.12038132751752,16.22432647230617,0.0010429649736901658,0.000773609313172069,0.18492480708148304,0.26506470083586015,2,2.7533346117208515,2.0439289030765395,-10.630619055685568,2.8886831343835676e-08,27.384600717633596,-3.3730838948961966e-15,2.7533346117208515,0-2,42,3.0,3000,,,,,0,0.18492480708148304,0.2636180637171813,2.7533346117208515,2.0439289030765395,0.009788129580112567,negative_pre_failure,1.0,0,0,0,1,0,1,0,0,0,0,-1,1,0,0,1,1,0,0,0,0
sim_0039_n3_seed81,81,0.001,3,712.0,0,body_0,23.12038132751752,16.22432647230617,2.94824184335366e-08,3.6695887734997534e-08,0.11620345799602455,0.03369948175373944,2,3.4603555670278574,0.7312741774455438,-10.630620302705083,-8.84176711174202e-08,27.384600717633663,-9.081379717028221e-16,3.4603555670278574,0-2,43,1.0,1000,,,,,0,0.11620345799602455,0.03356456862376473,3.4603555670278574,0.7312741774455438,2.764523305953157e-07,negative_baseline,20.0,0,0,0,0,0,0,0,0,0,0,-1,0,0,0,1,1,0,0,0,0
sim_0039_n3_seed81,81,0.001,3,712.75,0,body_0,23.12038132751752,16.22432647230617,6.206161845221594e-08,1.1895207954954768e-07,0.21379875658280909,0.37791059594589754,2,2.566913251188169,2.339131624389003,-10.63061832644267,9.74851765854445e-08,27.384600717633774,3.113615902981105e-15,2.566913251188169,0-2,43,1.75,1750,,,,,0,0.21379875658280909,0.3734990679020748,2.566913251188169,2.339131624389003,5.82052965925048e-07,negative_hard,10.0,0,0,0,1,1,0,0,0,0,0,-1,1,0,0,1,1,0,0,0,0
sim_0039_n3_seed81,81,0.001,3,713.0,0,body_0,23.12038132751752,16.22432647230617,7.66625795608553e-08,2.762315103539075e-07,0.3949222418093521,1.4509652766923822,2,1.8943261989223663,3.5016300722389446,-10.630609602619394,9.181168800179807e-07,27.384600717633898,7.654305761495215e-15,1.8943261989223663,0-2,43,2.0,2000,,,,,0,0.3949222418093521,1.4028065057280614,1.8943261989223663,3.5016300722389446,7.190352024326308e-07,negative_baseline,20.0,0,0,0,1,1,0,0,0,0,0,-1,1,0,0,1,1,0,0,0,0
sim_0039_n3_seed81,81,0.001,3,713.25,0,body_0,23.12038132751752,16.22432647230617,8.891002070691416e-08,3.7303479971089386e-06,2.3683585702115217,77.75189563817969,2,0.7755093903925318,7.046191920435141,-10.630081488304228,5.059671952247705e-05,27.384600717633933,8.951645721070676e-15,0.7755093903925318,0-2,43,2.25,2250,,,,,0,2.3683585702115217,39.82715101930415,0.7755093903925318,7.046191920435141,8.338187576536597e-07,negative_hard,10.0,0,1,1,1,1,0,1,1,0,0,-1,1,0,0,1,1,0,0,0,0
sim_0039_n3_seed81,81,0.001,3,713.85,0,body_0,23.12038132751752,16.22432647230617,0.0009233483445736528,0.0009865312026166176,0.24062282291916615,0.5040940317491943,2,2.4158150048128872,2.5823497004061546,-10.630617416107086,1.8311852997968495e-07,27.384600717633997,1.1286857648306504e-14,2.4158150048128872,0-2,43,2.8500000000000227,2850,,,,,0,0.24062282291916615,0.49907845502669335,2.4158150048128872,2.5823497004061546,0.008665535096029043,negative_hard,8.0,0,0,0,1,0,1,0,0,0,0,-1,1,0,0,1,1,0,0,0,0
sim_0039_n3_seed81,81,0.001,3,713.95,0,body_0,23.12038132751752,16.22432647230617,0.0010090371918170186,0.0008495266630279349,0.20100219159276547,0.3294977982572333,2,2.6396436219755426,2.2238742962445106,-10.630618662822682,6.584261650818014e-08,27.38460071763401,1.1805793632136689e-14,2.6396436219755426,0-2,43,2.9500000000000455,2950,,,,,0,0.20100219159276547,0.3272950200447708,2.6396436219755426,2.2238742962445106,0.009469719357432073,negative_pre_failure,1.0,0,0,0,1,0,1,0,0,0,0,-1,1,0,0,1,1,0,0,0,0
sim_0039_n3_seed81,81,0.001,3,714.0,0,body_0,23.12038132751752,16.22432647230617,0.0010470525718121616,0.0007894489452171195,0.18645504405857438,0.27261777993122654,2,2.738956716582516,2.066725965594996,-10.630619042030707,3.017131533179229e-08,27.384600717634036,1.271393160383951e-14,2.738956716582516,0-2,43,3.0,3000,,,,,0,0.18645504405857438,0.27109073760034924,2.738956716582516,2.066725965594996,0.009826491475246531,negative_pre_failure,1.0,0,0,0,1,0,1,0,0,0,0,-1,1,0,0,1,1,0,0,0,0
sim_0039_n3_seed81,81,0.001,3,715.0,0,body_0,23.12038132751752,16.22432647230617,2.865392708399812e-08,3.546893773336756e-08,0.11452937455004224,0.027747452487679715,2,3.47912876302859,0.6769759097024889,-10.630620353605192,-9.320573729489954e-08,27.384600717633578,-4.021753874683927e-15,3.47912876302859,0-2,44,0.9499999999999318,950,,,,,0,0.11452937455004224,0.027643460564199043,3.47912876302859,0.6769759097024889,2.6859871244489193e-07,negative_baseline,20.0,0,0,0,0,0,0,0,0,0,0,-1,0,0,0,1,1,0,0,0,0
sim_0039_n3_seed81,81,0.001,3,715.85,0,body_0,23.12038132751752,16.22432647230617,6.726249016851972e-08,1.3625324885251396e-07,0.23045324709880252,0.4525180469669079,2,2.472132883246477,2.490886427955885,-10.630617829276417,1.442525601300193e-07,27.384600717633717,1.0378719676603682e-15,2.472132883246477,0-2,44,1.7999999999999545,1800,,,,,0,0.23045324709880252,0.44647386648610177,2.472132883246477,2.490886427955885,6.307019925209528e-07,negative_hard,10.0,0,0,0,1,1,0,0,0,0,0,-1,1,0,0,1,1,0,0,0,0
sim_0039_n3_seed81,81,0.001,3,716.0,0,body_0,23.12038132751752,16.22432647230617,7.690187521854535e-08,2.2052984692812876e-07,0.3280494391450825,0.9855451260436859,2,2.076254434429682,3.16078378459664,-10.630613628130257,5.394455415057148e-07,27.384600717633703,5.189359838301841e-16,2.076254434429682,0-2,44,1.9499999999999318,1950,,,,,0,0.3280494391450825,0.9614650567297913,2.076254434429682,3.16078378459664,7.211323937130387e-07,negative_baseline,20.0,0,0,0,1,1,0,0,0,0,0,-1,1,0,0,1,1,0,0,0,0
sim_0039_n3_seed81,81,0.001,3,716.35,0,body_0,23.12038132751752,16.22432647230617,4.2390216600860887e-07,1.872809497454587e-05,6.499916845765681,527.2837233268899,2,0.46823064612046894,9.549636693955296,-10.626762828074021,0.0003627761059681013,27.38460071763372,1.1676059636179143e-15,0.46823064612046894,0-2,44,2.2999999999999545,2300,,,,,0,6.499916845765681,233.3354506113037,0.46823064612046894,9.549636693955296,3.9777341650498345e-06,negative_hard,10.0,1,1,1,1,1,0,1,1,0,0,-1,1,0,0,1,1,0,0,0,0
sim_0039_n3_seed81,81,0.001,3,716.9,0,body_0,23.12038132751752,16.22432647230617,0.0009276224322391056,0.0010105285644109007,0.24376812068727832,0.522562881638761,2,2.397245323654592,2.6126788731007258,-10.630617315074069,1.9262249331162356e-07,27.38460071763377,2.9838819070235587e-15,2.397245323654592,0-2,44,2.849999999999909,2850,,,,,0,0.24376812068727832,0.5171859536183425,2.397245323654592,2.6126788731007258,0.00870564721332108,negative_hard,8.0,0,0,0,1,0,1,0,0,0,0,-1,1,0,0,1,1,0,0,0,0
sim_0039_n3_seed81,81,0.001,3,717.0,0,body_0,23.12038132751752,16.22432647230617,0.00101545649479285,0.0008697872689028903,0.20283226373326615,0.3397040297572073,2,2.6238640695278983,2.248919010234324,-10.63061863009741,6.892101394344698e-08,27.38460071763383,5.189359838301841e-15,2.6238640695278983,0-2,44,2.949999999999932,2950,,,,,0,0.20283226373326615,0.3373677637166492,2.6238640695278983,2.248919010234324,0.00952996290875901,negative_pre_failure,1.0,0,0,0,1,0,1,0,0,0,0,-1,1,0,0,1,1,0,0,0,0
sim_0039_n3_seed81,81,0.001,3,717.0500000000001,0,body_0,23.12038132751752,16.22432647230617,0.0010544234518205875,0.0008082009261313922,0.1878577625731128,0.28050923923476717,2,2.72441516900911,2.0897863721661305,-10.630619027499735,3.153821329750437e-08,27.38460071763385,5.9677638140471174e-15,2.72441516900911,0-2,44,3.0,3000,,,,,0,0.1878577625731128,0.2788961365408885,2.72441516900911,2.0897863721661305,0.009895664457773491,negative_pre_failure,1.0,0,0,0,1,0,1,0,0,0,0,-1,1,0,0,1,1,0,0,0,0
sim_0039_n3_seed81,81,0.001,3,718.0,0,body_0,23.12038132751752,16.22432647230617,2.7799066511590047e-08,3.4333552072063536e-08,0.11314705075196119,0.023417853461721736,2,3.4916469591674253,0.6385919972318438,-10.630620401167656,-9.767983824483321e-08,27.384600717633603,-3.113615902981105e-15,3.4916469591674253,0-2,45,0.8999999999999773,900,,,,,0,0.11314705075196119,0.023343755623283398,3.4916469591674253,0.6385919972318438,2.604560474882332e-07,negative_baseline,20.0,0,0,0,0,0,0,0,0,0,0,-1,0,0,0,1,1,0,0,0,0
sim_0039_n3_seed81,81,0.001,3,718.95,0,body_0,23.12038132751752,16.22432647230617,7.298337030918582e-08,1.5755339448015625e-07,0.25046549675044216,0.5492530502637443,2,2.371023838955673,2.655366725456688,-10.630617148634295,2.0827913271177207e-07,27.384600717633464,-8.1732417453254e-15,2.371023838955673,0-2,45,1.8500000000000227,1850,,,,,0,0.25046549675044216,0.5407478418017463,2.371023838955673,2.655366725456688,6.841424242741378e-07,negative_hard,10.0,0,0,0,1,1,0,0,0,0,0,-1,1,0,0,1,1,0,0,0,0
sim_0039_n3_seed81,81,0.001,3,719.0,0,body_0,23.12038132751752,16.22432647230617,7.643876725069515e-08,1.839485578170449e-07,0.280783847879783,0.7072895986918059,2,2.2411352526322945,2.872431112749928,-10.630615926050927,3.2328497819981234e-07,27.384600717633518,-6.22723180596221e-15,2.2411352526322945,0-2,45,1.8999999999999773,1900,,,,,0,0.280783847879783,0.6939682713330478,2.2411352526322945,2.872431112749928,7.16556758937887e-07,negative_baseline,20.0,0,0,0,1,1,0,0,0,0,0,-1,1,0,0,1,1,0,0,0,0
sim_0039_n3_seed81,81,0.001,3,719.45,0,body_0,23.12038132751752,16.22432647230617,2.419891153174471e-05,0.006723484526557632,140.17008770309536,70.41700313580677,2,0.10083020662808667,21.72443873520668,-11.47744523798525,-0.07965912862805019,27.384600717633518,-6.22723180596221e-15,0.10083020662808667,0-2,45,2.3500000000000227,2350,,,,,0,140.17008770309536,32133.154043159764,0.10083020662808667,21.72443873520668,0.00022710306077234629,negative_hard,10.0,1,1,1,1,0,0,1,1,0,0,-1,1,0,0,1,1,0,0,0,0
sim_0039_n3_seed81,81,0.001,3,719.95,0,body_0,23.12038132751752,16.22432647230617,0.0009366764698983036,0.001040579161079564,0.24672575990693374,0.542059206283892,2,2.3784992054874605,2.6434406463871256,-10.630617206941059,2.0279433809427934e-07,27.384600717633383,-1.1157123652348958e-14,2.3784992054874605,0-2,45,2.8500000000000227,2850,,,,,0,0.24672575990693374,0.5362882089172475,2.3784992054874605,2.6434406463871256,0.00879061639551506,negative_hard,8.0,0,0,0,1,0,1,0,0,0,0,-1,1,0,0,1,1,0,0,0,0
sim_0039_n3_seed81,81,0.001,3,720.0,0,body_0,23.12038132751752,16.22432647230617,0.0009837301529421463,0.0009644041311030264,0.22328032310224058,0.43173528077035267,2,2.4977820995982287,2.449948921470466,-10.630618020935273,1.2622361474531176e-07,27.38460071763342,-9.859783692773497e-15,2.4977820995982287,0-2,45,2.8999999999999773,2900,,,,,0,0.22328032310224058,0.4280200062658798,2.4977820995982287,2.449948921470466,0.009232209621956193,negative_pre_failure,1.0,0,0,0,1,0,1,0,0,0,0,-1,1,0,0,1,1,0,0,0,0
sim_0039_n3_seed81,81,0.001,3,720.0500000000001,0,body_0,23.12038132751752,16.22432647230617,0.0010271907472075396,0.0008952030665011846,0.20442416961383855,0.35040383645731743,2,2.6079669067154785,2.274202177776891,-10.630618595254626,7.219860139799437e-08,27.384600717633393,-1.076792166447632e-14,2.6079669067154785,0-2,45,2.9500000000000455,2950,,,,,0,0.20442416961383855,0.34792403078536593,2.6079669067154785,2.274202177776891,0.009640081211363378,negative_pre_failure,1.0,0,0,0,1,0,1,0,0,0,0,-1,1,0,0,1,1,0,0,0,0
sim_0039_n3_seed81,81,0.001,3,721.0,0,body_0,23.12038132751752,16.22432647230617,3.4481746193773864e-08,4.216496546167671e-08,0.11196588698278276,0.0213794803679365,2,3.498017027852698,0.6182672165406059,-10.63062075535065,-1.3099708740577438e-07,27.38460071763392,8.432709737240492e-15,3.498017027852698,0-2,46,0.8999999999999773,900,,,,,0,0.11196588698278276,0.02133406689971586,3.498017027852698,0.6182672165406059,3.229377164983545e-07,negative_baseline,20.0,0,0,0,0,0,0,0,0,0,0,-1,0,0,0,1,1,0,0,0,0
sim_0039_n3_seed81,81,0.001,3,722.0,0,body_0,23.12038132751752,16.22432647230617,9.955067131884986e-08,1.9248328698592776e-07,0.24575888509645283,0.5284881069767057,2,2.3913225099419346,2.621984383540139,-10.630617652416882,1.6088936453263912e-07,27.384600717633884,7.13536977766503e-15,2.3913225099419346,0-2,46,1.8999999999999773,1900,,,,,0,0.24575888509645283,0.520538046106816,2.3913225099419346,2.621984383540139,9.330838044414659e-07,negative_hard,10.0,0,0,0,1,1,0,0,0,0,0,-1,1,0,0,1,1,0,0,0,0
sim_0039_n3_seed81,81,0.001,3,722.5,0,body_0,23.12038132751752,16.22432647230617,7.862113971970045e-06,0.0009993308522605248,77.1436273206807,73.1654191522241,2,0.13592055898568825,18.643310953730346,-10.594842775253454,0.0033654283251185954,27.384600717633862,6.356965801919755e-15,0.13592055898568825,0-2,46,2.3999999999999773,2400,,,,,0,77.1436273206807,12877.859790505068,0.13592055898568825,18.643310953730346,7.378221993171678e-05,negative_hard,10.0,1,1,1,1,0,0,1,1,0,0,-1,1,0,0,1,1,0,0,0,0
sim_0039_n3_seed81,81,0.001,3,723.0,0,body_0,23.12038132751752,16.22432647230617,0.000954702243855496,0.0010815552323951167,0.24921265873642345,0.5625270466651975,2,2.3598100392803354,2.6742960060692593,-10.630617401509634,1.8449168159369782e-07,27.384600717633887,7.265103773622577e-15,2.3598100392803354,0-2,46,2.8999999999999773,2900,,,,,0,0.24921265873642345,0.5563291705315792,2.3598100392803354,2.6742960060692593,0.008959773780818702,negative_baseline,20.0,0,0,0,1,0,1,0,0,0,0,-1,1,0,0,1,1,0,0,0,0
sim_0039_n3_seed81,81,0.001,3,723.0500000000001,0,body_0,23.12038132751752,16.22432647230617,0.0010036560014123291,0.001002059036081039,0.2249664102393935,0.4466247694836427,2,2.4806068987546754,2.477690207020326,-10.630618263033897,1.0344990650185584e-07,27.38460071763391,8.043507749367853e-15,2.4806068987546754,0-2,46,2.9500000000000455,2950,,,,,0,0.2249664102393935,0.4426596028979064,2.4806068987546754,2.477690207020326,0.009419191745262153,negative_pre_failure,1.0,0,0,0,1,0,1,0,0,0,0,-1,1,0,0,1,1,0,0,0,0
sim_0039_n3_seed81,81,0.001,3,723.1,0,body_0,23.12038132751752,16.22432647230617,0.0010488667652235294,0.0009299628803294551,0.2055257726438053,0.36158493112070417,2,2.5921774398052593,2.29940553782444,-10.630618867937693,4.6547878901783915e-08,27.384600717633866,6.486699797877301e-15,2.5921774398052593,0-2,46,3.0,3000,,,,,0,0.2055257726438053,0.3589518508986387,2.5921774398052593,2.29940553782444,0.009843478974258288,negative_pre_failure,1.0,0,0,0,1,0,1,0,0,0,0,-1,1,0,0,1,1,0,0,0,0
sim_0039_n3_seed81,81,0.001,3,724.0,0,body_0,23.12038132751752,16.22432647230617,3.339721939152752e-08,4.1075603603711714e-08,0.1109148785790461,0.022381960122843582,2,3.498398100658198,0.6168878492213894,-10.630620810695909,-1.362032994949973e-07,27.38460071763374,1.9460099393631903e-15,3.498398100658198,0-2,47,0.8500000000000227,850,,,,,0,0.1109148785790461,0.022358315759921442,3.498398100658198,0.6168878492213894,3.1236517175464197e-07,negative_baseline,20.0,0,0,0,0,0,0,0,0,0,0,-1,0,0,0,1,1,0,0,0,0
sim_0039_n3_seed81,81,0.001,3,725.0,0,body_0,23.12038132751752,16.22432647230617,9.775266320046634e-08,1.709787113925679e-07,0.219056658973316,0.4075219709748504,2,2.5283814782543548,2.400282056080269,-10.630618592089858,7.249630446638753e-08,27.384600717633717,1.0378719676603682e-15,2.5283814782543548,0-2,47,1.8500000000000227,1850,,,,,0,0.219056658973316,0.4024836551662516,2.5283814782543548,2.400282056080269,9.15569354022872e-07,negative_baseline,20.0,0,0,0,1,1,0,0,0,0,0,-1,1,0,0,1,1,0,0,0,0
sim_0039_n3_seed81,81,0.001,3,725.1,0,body_0,23.12038132751752,16.22432647230617,1.0875021908611327e-07,2.2434396186005757e-07,0.2694684352408069,0.650231657995532,2,2.2848089522153088,2.798437987120415,-10.630616771586164,2.4374725724119305e-07,27.38460071763369,0.0,2.2848089522153088,0-2,47,1.9500000000000455,1950,,,,,0,0.2694684352408069,0.6387486741846917,2.2848089522153088,2.798437987120415,1.0187764181300982e-06,negative_hard,10.0,0,0,0,1,1,0,0,0,0,0,-1,1,0,0,1,1,0,0,0,0
sim_0039_n3_seed81,81,0.001,3,725.6,0,body_0,23.12038132751752,16.22432647230617,0.00017774867754139086,0.004203407133577838,7.684256701480126,313.78473032295193,2,0.43029505003079127,10.022109592488935,-10.625263912586902,0.0005037759325979716,27.384600717633685,-1.2973399595754603e-16,0.43029505003079127,0-2,47,2.4500000000000455,2450,,,,,0,7.684256701480126,335.5876383564133,0.43029505003079127,10.022109592488935,0.001668155135913541,negative_hard,10.0,1,1,1,1,0,1,1,1,0,0,-1,1,0,0,1,1,0,0,0,0
sim_0039_n3_seed81,81,0.001,3,725.75,0,body_0,23.12038132751752,16.22432647230617,0.0005627200524150204,0.0020398274750900286,0.7940939706587381,6.186259911139258,2,1.3307871696053388,4.820602119767772,-10.630565126263427,5.101914121673524e-06,27.38460071763367,-6.486699797877301e-16,1.3307871696053388,0-2,47,2.6000000000000227,2600,,,,,0,0.7940939706587381,5.620139855291423,1.3307871696053388,4.820602119767772,0.0052810736550902675,negative_hard,8.0,0,1,1,1,0,1,1,1,0,0,-1,1,0,0,1,1,0,0,0,0
sim_0039_n3_seed81,81,0.001,3,726.0,0,body_0,23.12038132751752,16.22432647230617,0.0009359071473155838,0.0012398562572972695,0.2825779563371723,0.7558001380273509,2,2.2094468240041443,2.9273003248634324,-10.63061594586436,3.214211702695133e-07,27.384600717633674,-5.189359838301841e-16,2.2094468240041443,0-2,47,2.8500000000000227,2850,,,,,0,0.2825779563371723,0.7448419597086714,2.2094468240041443,2.9273003248634324,0.008783341283737115,negative_baseline,20.0,0,0,0,1,0,1,0,0,0,0,-1,1,0,0,1,1,0,0,0,0
sim_0039_n3_seed81,81,0.001,3,726.0500000000001,0,body_0,23.12038132751752,16.22432647230617,0.000992196003651621,0.0011453360393677938,0.2506292522736541,0.5833237248164798,2,2.342067960004253,2.7038842549225524,-10.630617297044445,1.943185021141889e-07,27.384600717633678,-3.892019878726381e-16,2.342067960004253,0-2,47,2.900000000000091,2900,,,,,0,0.2506292522736541,0.5766793878771898,2.342067960004253,2.7038842549225524,0.009311574386896075,negative_pre_failure,1.0,0,0,0,1,0,1,0,0,0,0,-1,1,0,0,1,1,0,0,0,0
sim_0039_n3_seed81,81,0.001,3,726.1,0,body_0,23.12038132751752,16.22432647230617,0.00104410189557201,0.0010608350687633585,0.2256483156142087,0.46173897352622084,2,2.464370488256997,2.5041500801858985,-10.630618207582847,1.0866607012146101e-07,27.384600717633674,-5.189359838301841e-16,2.464370488256997,0-2,47,2.9500000000000455,2950,,,,,0,0.2256483156142087,0.45751441910329177,2.464370488256997,2.5041500801858985,0.009798662936248143,negative_pre_failure,1.0,0,0,0,1,0,1,0,0,0,0,-1,1,0,0,1,1,0,0,0,0
sim_0039_n3_seed81,81,0.001,3,727.0,0,body_0,23.12038132751752,16.22432647230617,4.200493908169887e-08,5.191341213364287e-08,0.1105264781473984,0.027071236235322288,2,3.493075248096045,0.6326587037373723,-10.630621318031736,-1.839273134371635e-07,27.384600717633834,5.319093834259387e-15,3.493075248096045,0-2,48,0.8500000000000227,850,,,,,0,0.1105264781473984,0.027055117285731952,3.493075248096045,0.6326587037373723,3.9234858914513603e-07,negative_baseline,20.0,0,0,0,0,0,0,0,0,0,0,-1,0,0,0,1,1,0,0,0,0
sim_0039_n3_seed81,81,0.001,3,728.0,0,body_0,23.12038132751752,16.22432647230617,1.2631935464819206e-07,1.940894059298014e-07,0.20039849484803848,0.324944084903268,2,2.6520130249484257,2.203522415778987,-10.630619683881658,-3.0206253382888397e-08,27.384600717633816,4.670423854471657e-15,2.6520130249484257,0-2,48,1.8500000000000227,1850,,,,,0,0.20039849484803848,0.3215674072392489,2.6520130249484257,2.203522415778987,1.183200702712856e-06,negative_baseline,20.0,0,0,0,1,1,0,0,0,0,0,-1,1,0,0,1,1,0,0,0,0
sim_0039_n3_seed81,81,0.001,3,728.15,0,body_0,23.12038132751752,16.22432647230617,1.4970070530941625e-07,2.813854442561692e-07,0.2673712438264182,0.6298335156185485,2,2.303863764490968,2.7667014753266015,-10.630617442925448,1.8059578302331711e-07,27.38460071763386,6.22723180596221e-15,2.303863764490968,0-2,48,2.0,2000,,,,,0,0.2673712438264182,0.6190219458380083,2.303863764490968,2.7667014753266015,1.4030021500889276e-06,negative_hard,10.0,0,0,0,1,1,0,0,0,0,0,-1,1,0,0,1,1,0,0,0,0
sim_0039_n3_seed81,81,0.001,3,728.65,0,body_0,23.12038132751752,16.22432647230617,0.0001693773548660985,0.004945897902001614,9.997983182876306,186.73722853284553,2,0.3770842714364886,10.796120826890578,-10.621804383086115,0.0008292065949828152,27.384600717633823,4.929891846386749e-15,0.3770842714364886,0-2,48,2.5,2500,,,,,0,9.997983182876306,535.6523318007281,0.3770842714364886,10.796120826890578,0.0015895985119690796,negative_hard,10.0,1,1,1,1,0,1,1,1,0,0,-1,1,0,0,1,1,0,0,0,0
sim_0039_n3_seed81,81,0.001,3,728.9,0,body_0,23.12038132751752,16.22432647230617,0.0007948972193346991,0.0017927865561863205,0.46944170111778255,2.193723266444723,2,1.7160075353725905,3.868497823160963,-10.630603812835004,1.46274971776803e-06,27.384600717633813,4.540689858514111e-15,1.7160075353725905,0-2,48,2.75,2750,,,,,0,0.46944170111778255,2.1100173162442686,1.7160075353725905,3.868497823160963,0.007459939311551233,negative_hard,8.0,0,0,0,1,0,1,0,0,0,0,-1,1,0,0,1,1,0,0,0,0
sim_0039_n3_seed81,81,0.001,3,729.0,0,body_0,23.12038132751752,16.22432647230617,0.0009500299313052326,0.001488693747614988,0.32636657978425193,1.0468030006957778,2,2.0498154406397835,3.2101587623987324,-10.630614038159706,5.008749338464451e-07,27.384600717633834,5.319093834259387e-15,2.0498154406397835,0-2,48,2.8500000000000227,2850,,,,,0,0.32636657978425193,1.0262551891125389,2.0498154406397835,3.2101587623987324,0.008915627160082125,negative_pre_failure,1.0,0,0,0,1,0,1,0,0,0,0,-1,1,0,0,1,1,0,0,0,0
sim_0039_n3_seed81,81,0.001,3,729.0500000000001,0,body_0,23.12038132751752,16.22432647230617,0.001017758604777941,0.0013695295881492632,0.2836269587394748,0.7787412741271473,2,2.195546356708824,2.952048321442043,-10.630616251609595,2.9266035917111183e-07,27.384600717633838,5.448827830216933e-15,2.195546356708824,0-2,48,2.900000000000091,2900,,,,,0,0.2836269587394748,0.7670976680382252,2.195546356708824,2.952048321442043,0.009551075745207478,negative_pre_failure,1.0,0,0,0,1,0,1,0,0,0,0,-1,1,0,0,1,1,0,0,0,0
sim_0039_n3_seed81,81,0.001,3,730.0,0,body_0,23.12038132751752,16.22432647230617,7.194863122843214e-08,9.098072724173845e-08,0.12223865692588014,0.03848151732074814,2,3.481541181038583,0.656292789491459,-10.630622966341473,-3.3898034293064913e-07,27.38460071763369,0.0,3.481541181038583,0-2,49,0.8999999999999773,900,,,,,0,0.12223865692588014,0.03845081587116573,3.481541181038583,0.656292789491459,6.748370701797962e-07,negative_baseline,20.0,0,0,0,0,0,0,0,0,0,0,-1,0,0,0,0,0,0,0,1,0
sim_0039_n3_seed81,81,0.001,3,730.85,0,body_0,23.12038132751752,16.22432647230617,1.8716951276010384e-07,2.3798786887226103e-07,0.18597952218683872,0.19504055851724086,2,2.999368156229704,1.6480153036716527,-10.630622312789566,-2.775020898391936e-07,27.384600717633653,-1.2973399595754602e-15,2.999368156229704,0-2,49,1.75,1750,,,,,0,0.18597952218683872,0.1939122734582737,2.999368156229704,1.6480153036716527,1.7684623846422812e-06,negative_hard,10.0,0,0,0,0,0,0,0,0,0,0,-1,0,0,0,0,0,0,0,1,0
sim_0039_n3_seed81,81,0.001,3,731.0,0,body_0,23.12038132751752,16.22432647230617,2.2110341515390355e-07,3.073094797736026e-07,0.22266653656632934,0.309211158948112,2,2.7436484095440066,2.063706316404974,-10.630621628306296,-2.131141885602914e-07,27.384600717633628,-2.2054779312782825e-15,2.7436484095440066,0-2,49,1.8999999999999773,1900,,,,,0,0.22266653656632934,0.30662506190081706,2.7436484095440066,2.063706316404974,2.092034846478105e-06,negative_baseline,20.0,0,0,0,1,1,0,0,0,0,0,-1,1,0,0,0,0,0,0,0,0
sim_0039_n3_seed81,81,0.001,3,731.35,0,body_0,23.12038132751752,16.22432647230617,3.469602841822794e-07,8.20532633203192e-07,0.4741420950347953,1.711666535037948,2,1.8380150428193849,3.6241375932032804,-10.6306103081027,8.517535495781143e-07,27.384600717633653,-1.2973399595754602e-15,1.8380150428193849,0-2,49,2.25,2250,,,,,0,0.4741420950347953,1.6499805673075756,1.8380150428193849,3.6241375932032804,3.290890447957545e-06,negative_hard,10.0,0,0,0,1,1,0,0,0,0,0,-1,1,0,0,0,0,0,0,0,0
sim_0039_n3_seed81,81,0.001,3,732.0,0,body_0,23.12038132751752,16.22432647230617,0.0009146890186802408,0.001661510758523401,0.44811690297765167,1.3027847075971442,2,1.914018047125143,3.463000569198461,-10.630612776008672,6.196028264821036e-07,27.384600717633663,-9.081379717028221e-16,1.914018047125143,0-2,49,2.8999999999999773,2900,,,,,0,0.44811690297765167,1.2669884439155155,1.914018047125143,3.463000569198461,0.008585174976617083,negative_baseline,20.0,0,0,0,1,0,1,0,0,0,0,-1,1,0,0,0,0,0,0,0,0
sim_0039_n3_seed81,81,0.001,3,732.0500000000001,0,body_0,23.12038132751752,16.22432647230617,0.000990382144687498,0.0015224106176497415,0.4009335585169603,0.9005570647622904,2,2.0709958158000927,3.1678235581405927,-10.63061619289605,2.9818341893098503e-07,27.384600717633667,-7.784039757452762e-16,2.0709958158000927,0-2,49,2.9500000000000455,2950,,,,,0,0.4009335585169603,0.8816275593611856,2.0709958158000927,3.1678235581405927,0.0092967971181138,negative_pre_failure,1.0,0,0,0,1,0,1,0,0,0,0,-1,1,0,0,0,0,0,0,0,0
sim_0039_n3_seed81,81,0.001,3,732.1,0,body_0,23.12038132751752,16.22432647230617,0.001059848880709841,0.0014022006819084409,0.3682866032122917,0.6416908246756954,2,2.2147226477397117,2.912783195397038,-10.630618275946794,1.0223521740639004e-07,27.384600717633678,-3.892019878726381e-16,2.2147226477397117,0-2,49,3.0,3000,,,,,0,0.3682866032122917,0.6308819435278464,2.2147226477397117,2.912783195397038,0.009950878271038011,negative_pre_failure,1.0,0,0,0,1,0,1,0,0,0,0,-1,1,0,0,0,0,0,0,0,0
sim_0039_n3_seed81,81,0.001,3,732.2,0,body_0,23.12038132751752,16.22432647230617,3.545089144933651e-09,1.0635346892245296e-08,0.32910426187901903,0.34443571529705946,2,2.4683261940248014,2.487365801085966,-10.630620265535232,-8.492118140891624e-08,27.3846007176337,3.892019878726381e-16,2.4683261940248014,0-2,50,0.05000000000006821,50,,,,,0,0.32910426187901903,0.33492503296818826,2.4683261940248014,2.487365801085966,4.1967748169134257e-08,negative_hard,10.0,0,0,0,1,0,1,0,0,0,0,-1,1,0,0,0,0,0,0,0,0
sim_0039_n3_seed81,81,0.001,3,732.7,0,body_0,23.12038132751752,16.22432647230617,2.9672336772645413e-08,6.08948289553321e-08,0.2916374302200916,0.0896255930639447,2,3.2538956395646834,1.2403963953649408,-10.630620798580729,-1.3506365000168747e-07,27.384600717633706,6.486699797877301e-16,1.5930556521289747,1-2,50,0.5500000000000682,550,,,,,0,0.2916374302200916,0.08981278926700889,3.2538956395646834,1.2403963953649408,3.851344452163703e-07,negative_hard,10.0,0,0,0,0,0,0,0,0,0,0,-1,0,0,0,0,0,0,0,1,0
sim_0039_n3_seed81,81,0.001,3,733.0,0,body_0,23.12038132751752,16.22432647230617,4.7733180830642164e-08,7.519425884776874e-08,0.2926119891101571,0.14381136203134143,2,3.481689288041652,1.7445317316759497,-10.630678486579829,-5.561652368009228e-06,27.38460071763365,-1.4270739555330063e-15,0.45947332497396093,1-2,50,0.8500000000000227,850,,,,,0,0.2926119891101571,0.14271851347200673,3.481689288041652,1.7445317316759497,1.1463326445479543e-06,negative_baseline,20.0,0,0,0,0,0,0,0,0,0,0,-1,0,0,0,1,0,0,0,1,0
sim_0039_n3_seed81,81,0.001,3,733.2,0,body_0,23.12038132751752,16.22432647230617,6.313924556374763e-08,8.175641494743244e-08,0.2867942148026966,0.19074114115516413,1,3.672980011909607,3.6685236141407933,-10.630612425030819,6.526185747678759e-07,27.384600717633653,-1.2973399595754602e-15,0.8899746652363417,1-2,50,1.0500000000000682,1050,,,,,0,0.2867942148026966,0.1910547672195175,3.672980011909607,3.6685236141407933,2.3671409913414986e-06,negative_hard,10.0,0,0,0,0,0,0,0,0,0,0,-1,0,0,0,1,0,0,0,1,0
sim_0039_n3_seed81,81,0.001,3,734.0,0,body_0,23.12038132751752,16.22432647230617,1.413674216130879e-07,2.3037329930143424e-07,0.23473191718867933,0.17507002744092606,1,3.7191398885708344,3.3734226919062955,-10.630623431693957,-3.8275507211417473e-07,27.384600717633653,-1.2973399595754602e-15,3.7191398885708344,0-1,50,1.8500000000000227,1850,,,,,0,0.23473191718867933,0.17531175349606493,3.7191398885708344,3.3734226919062955,1.0355922148105712e-05,negative_baseline,20.0,0,0,0,0,0,0,0,0,0,0,-1,0,0,0,0,0,1,0,1,0
sim_0039_n3_seed81,81,0.001,3,735.0,0,body_0,23.12038132751752,16.22432647230617,8.932720035412568e-07,1.625439491823459e-06,0.14901970274239773,0.11742977049709866,2,3.4737422176534167,1.9515340225613145,-10.630622707443417,-3.146263473697221e-07,27.384600717633653,-1.2973399595754602e-15,3.4737422176534167,0-2,50,2.8500000000000227,2850,,,,,0,0.14901970274239773,0.11719564199723398,3.4737422176534167,1.9515340225613145,2.16859135144534e-05,negative_baseline,20.0,0,0,0,0,0,0,0,0,0,0,-1,0,0,0,0,0,0,1,0,0
sim_0039_n3_seed81,81,0.001,3,735.25,0,body_0,23.12038132751752,16.22432647230617,1.3845752098476155e-06,2.435696505130225e-06,0.15385547249778667,0.18774882073613788,2,3.0942007846774735,2.3560323616120087,-10.630622308817902,-2.7712848377249833e-07,27.384600717633642,-1.6865419474480983e-15,3.0942007846774735,0-2,50,3.1000000000000227,3100,,,,,0,0.15385547249778667,0.18684766699734712,3.0942007846774735,2.3560323616120087,2.6126174909434135e-05,negative_hard,10.0,0,0,0,0,1,0,0,0,0,0,-1,0,0,0,0,0,0,1,0,0
sim_0039_n3_seed81,81,0.001,3,735.75,0,body_0,23.12038132751752,16.22432647230617,3.404404587515853e-06,7.476296471352978e-06,0.3473471906621571,1.1840504978978181,2,1.9742568499282331,3.81423871671623,-10.630617099794499,2.128733895975309e-07,27.384600717633628,-2.2054779312782825e-15,1.9742568499282331,0-2,50,3.6000000000000227,3600,,,,,0,0.3473471906621571,1.1610840055228002,1.9742568499282331,3.81423871671623,4.379389454923944e-05,negative_hard,10.0,0,0,0,1,1,0,0,0,0,0,-1,1,0,0,0,0,0,1,0,0
sim_0039_n3_seed81,81,0.001,3,736.0,0,body_0,23.12038132751752,16.22432647230617,6.274959358981368e-06,2.4124352275302514e-05,1.0712522783803657,8.476168770538875,2,1.1509632277981707,5.686640871445926,-10.630587507982455,2.996512896807217e-06,27.384600717633617,-2.5946799191509204e-15,1.1509632277981707,0-2,50,3.8500000000000227,3850,,,,,0,1.0712522783803657,7.980971252509213,1.1509632277981707,5.686640871445926,6.976228695614049e-05,negative_baseline,20.0,0,1,1,1,1,0,1,1,0,0,-1,1,0,0,1,1,0,1,0,0
sim_0039_n3_seed81,81,0.001,3,736.25,0,body_0,23.12038132751752,16.22432647230617,1.2178861835380376e-05,7.635342741211778e-05,3.4823501276135054,41.283430535257686,2,0.6424501110506236,8.130687151847871,-10.630906462720596,-2.7006888340381563e-05,27.384600717633646,-1.5568079514905524e-15,0.6424501110506236,0-2,50,4.100000000000023,4100,,,,,0,3.4823501276135054,50.02973441178043,0.6424501110506236,8.130687151847871,0.00011295241117627715,negative_hard,10.0,1,1,1,1,0,1,1,1,0,0,-1,1,0,0,1,1,0,1,0,0
sim_0039_n3_seed81,81,0.001,3,736.75,0,body_0,23.12038132751752,16.22432647230617,6.141369066490234e-06,7.954332951349329e-06,0.2533882248665754,0.6962953308192309,2,2.261626912028258,3.3770389083428998,-10.63061967164638,-2.9055306550688253e-08,27.384600717633617,-2.5946799191509204e-15,2.261626912028258,0-2,50,4.600000000000023,4600,,,,,0,0.2533882248665754,0.6900223476257961,2.261626912028258,3.3770389083428998,4.8708114022963545e-05,negative_hard,10.0,0,0,0,1,0,1,0,0,0,0,-1,1,0,0,0,0,0,1,0,0
sim_0039_n3_seed81,81,0.001,3,737.0,0,body_0,23.12038132751752,16.22432647230617,6.383927879144937e-06,6.258581496943134e-06,0.14979075055387814,0.27589372865102924,2,2.828298868694277,2.6594949152032537,-10.630621833565385,-2.324224793306163e-07,27.384600717633564,-4.540689858514111e-15,2.828298868694277,0-2,50,4.850000000000023,4850,,,,,0,0.14979075055387814,0.27482362560248774,2.828298868694277,2.6594949152032537,5.3752578979848964e-05,negative_baseline,20.0,0,0,0,0,0,1,0,0,0,0,-1,0,0,0,0,0,0,1,0,0
sim_0039_n3_seed81,81,0.001,3,738.0,0,body_0,23.12038132751752,16.22432647230617,9.474685239336952e-06,2.5593100067866936e-06,0.05670563523792722,0.036085646576939315,2,4.056399397908714,1.3666791215893215,-10.630622873854765,-3.3028031286525843e-07,27.38460071763352,-6.0974978100046635e-15,4.056399397908714,0-2,50,5.850000000000023,5850,,,,,0,0.05670563523792722,0.03606924448210396,4.056399397908714,1.3666791215893215,8.526754930741395e-05,negative_baseline,20.0,0,0,0,0,0,0,0,0,0,0,-1,0,0,0,0,0,0,1,0,0
sim_0039_n3_seed81,81,0.001,3,739.0,0,body_0,23.12038132751752,16.22432647230617,1.0627967785241049e-05,2.1034919886793264e-06,0.05783730565709696,0.03394107528365226,2,4.1241985455638055,1.2911924287730823,-10.630622894073987,-3.3218229253007153e-07,27.384600717633496,-7.0056357817074854e-15,4.1241985455638055,0-2,50,6.850000000000023,6850,,,,,0,0.05783730565709696,0.03389074734626007,4.1241985455638055,1.2911924287730823,9.321048714481145e-05,negative_baseline,20.0,0,0,0,0,0,0,0,0,0,0,-1,0,0,0,0,0,0,1,0,0
sim_0039_n3_seed81,81,0.001,3,740.0,0,body_0,23.12038132751752,16.22432647230617,1.0864374910634211e-05,7.3266829485951364e-06,0.13321798810954907,0.19507569958766313,2,3.066350477298319,2.3953516181101717,-10.63062224439077,-2.710679589925965e-07,27.384600717633514,-6.356965801919755e-15,3.066350477298319,0-2,50,7.850000000000023,7850,,,,,0,0.13321798810954907,0.1940477785339478,3.066350477298319,2.3953516181101717,8.407492084456372e-05,negative_baseline,20.0,0,0,0,0,1,0,0,0,0,0,-1,0,0,0,0,0,0,1,0,0
sim_0039_n3_seed81,81,0.001,3,740.2,0,body_0,23.12038132751752,16.22432647230617,1.1575384274484998e-05,9.694183616825833e-06,0.18304781938670675,0.3527728649389469,2,2.6756934894563114,2.840213419573531,-10.630621475629527,-1.9875220608353178e-07,27.384600717633564,-4.540689858514111e-15,2.6756934894563114,0-2,50,8.050000000000068,8050,,,,,0,0.18304781938670675,0.34989536712042685,2.6756934894563114,2.840213419573531,8.62246302453806e-05,negative_hard,10.0,0,0,0,1,1,0,0,0,0,0,-1,1,0,0,1,1,0,1,0,0
sim_0039_n3_seed81,81,0.001,3,740.7,0,body_0,23.12038132751752,16.22432647230617,1.918952620841932e-05,4.1821339072512206e-05,0.8898625556066344,6.114101334269607,2,1.2639253525042247,5.343032602906593,-10.630594718682055,2.3182175544556305e-06,27.384600717633607,-2.9838819070235587e-15,1.2639253525042247,0-2,50,8.550000000000068,8550,,,,,0,0.8898625556066344,5.796366451743822,1.2639253525042247,5.343032602906593,0.00014903177077826835,negative_hard,10.0,0,1,1,1,1,0,1,1,0,0,-1,1,0,0,1,1,0,1,0,0
sim_0039_n3_seed81,81,0.001,3,741.0,0,body_0,23.12038132751752,16.22432647230617,2.466304830866301e-05,0.00014118499024980472,2.944582824657759,36.448629115213556,2,0.6967299419904568,7.7568785982407915,-10.630732972300962,-1.0687009534300527e-05,27.384600717633575,-4.151487870641473e-15,0.6967299419904568,0-2,50,8.850000000000023,8850,,,,,0,2.944582824657759,40.04484150973964,0.6967299419904568,7.7568785982407915,0.00023587548271400494,negative_baseline,20.0,1,1,1,1,0,1,1,1,0,0,-1,1,0,0,1,1,0,1,0,0
sim_0039_n3_seed81,81,0.001,3,741.2,0,body_0,23.12038132751752,16.22432647230617,1.4551721433246986e-05,3.225676069774848e-05,0.6930266157296394,3.9979449969765617,2,1.423073302875892,4.920060593846995,-10.630603228584032,1.5177089775459267e-06,27.384600717633564,-4.540689858514111e-15,1.423073302875892,0-2,50,9.050000000000068,9050,,,,,0,0.6930266157296394,3.863123750819638,1.423073302875892,4.920060593846995,0.00014011855512665726,negative_hard,10.0,0,0,1,1,0,1,1,1,0,0,-1,1,0,0,1,1,0,1,0,0
sim_0039_n3_seed81,81,0.001,3,741.7,0,body_0,23.12038132751752,16.22432647230617,1.4313175410114761e-05,1.2547767550568566e-05,0.16773460682527308,0.30219819376253765,2,2.770383344488273,2.7291507947272735,-10.630621719669971,-2.217085773365464e-07,27.384600717633575,-4.151487870641473e-15,2.770383344488273,0-2,50,9.550000000000068,9550,,,,,0,0.16773460682527308,0.3009135742683409,2.770383344488273,2.7291507947272735,0.00011683839797749704,negative_hard,10.0,0,0,0,1,0,1,0,0,0,0,-1,1,0,0,1,1,0,1,0,0
sim_0039_n3_seed81,81,0.001,3,742.0,0,body_0,23.12038132751752,16.22432647230617,1.659088790757663e-05,9.237260914360453e-06,0.11178326225781422,0.13395327497942747,2,3.30541844068308,2.1424296530884646,-10.63062250945125,-2.960016407646574e-07,27.384600717633614,-2.7244139151084665e-15,3.30541844068308,0-2,50,9.850000000000023,9850,,,,,0,0.11178326225781422,0.13369814124718088,3.30541844068308,2.1424296530884646,0.00013533998896120766,negative_baseline,20.0,0,0,0,0,0,0,0,0,0,0,-1,0,0,0,1,1,0,1,0,0
sim_0039_n3_seed81,81,0.001,3,743.0,0,body_0,23.12038132751752,16.22432647230617,2.1245490286260495e-05,2.3076967805628035e-06,0.0639042987139102,0.02549342987233351,2,4.1801599652664,1.223696855066938,-10.630622912606619,-3.339256181818565e-07,27.384600717633568,-4.410955862556565e-15,4.1801599652664,0-2,50,10.850000000000023,10850,,,,,0,0.0639042987139102,0.02548221453745403,4.1801599652664,1.223696855066938,0.00017885630438819157,negative_baseline,20.0,0,0,0,0,0,0,0,0,0,0,-1,0,0,0,0,0,0,1,0,0
sim_0039_n3_seed81,81,0.001,3,744.0,0,body_0,23.12038132751752,16.22432647230617,2.1215896842852345e-05,5.321012711001922e-06,0.07662847114168726,0.046947989849439514,2,3.951027703325123,1.4729475552775757,-10.630622854712904,-3.2847967822902096e-07,27.38460071763352,-6.0974978100046635e-15,3.951027703325123,0-2,50,11.850000000000023,11850,,,,,0,0.07662847114168726,0.046848997712510616,3.951027703325123,1.4729475552775757,0.00017373961404583833,negative_baseline,20.0,0,0,0,0,0,0,0,0,0,0,-1,0,0,0,0,0,0,1,0,0
sim_0039_n3_seed81,81,0.001,3,745.0,0,body_0,23.12038132751752,16.22432647230617,2.3082477810443596e-05,1.8116795316173515e-05,0.2228329329624906,0.48355179433784157,2,2.47885781708906,3.086667504451384,-10.630620791934334,-1.344384375651201e-07,27.384600717633553,-4.929891846386749e-15,2.47885781708906,0-2,50,12.850000000000023,12850,,,,,0,0.2228329329624906,0.4785318967467062,2.47885781708906,3.086667504451384,0.00014821118994832165,negative_baseline,20.0,0,0,0,1,1,0,0,0,0,0,-1,1,0,0,1,1,0,1,0,0
sim_0039_n3_seed81,81,0.001,3,745.1,0,body_0,23.12038132751752,16.22432647230617,2.4514347640131576e-05,2.160768207014373e-05,0.27848315717789535,0.7381154802601185,2,2.230515597404982,3.425025750547684,-10.630619442193343,-7.471141971642664e-09,27.384600717633553,-4.929891846386749e-15,2.230515597404982,0-2,50,12.950000000000045,12950,,,,,0,0.27848315717789535,0.7277281677608455,2.230515597404982,3.425025750547684,0.00015419972547410944,negative_hard,10.0,0,0,0,1,1,0,0,0,0,0,-1,1,0,0,1,1,0,1,0,0
sim_0039_n3_seed81,81,0.001,3,745.6,0,body_0,23.12038132751752,16.22432647230617,4.645271387879525e-05,0.0003038075058684125,3.925155599609672,45.158900379231234,2,0.6035849395062552,8.429365761228864,-10.631098378258969,-4.5059979305643126e-05,27.384600717633603,-3.113615902981105e-15,0.6035849395062552,0-2,50,13.450000000000045,13450,,,,,0,3.925155599609672,59.03123664085711,0.6035849395062552,8.429365761228864,0.0003911565491742472,negative_hard,10.0,1,1,1,1,1,0,1,1,0,0,-1,1,0,0,1,1,0,1,0,0
sim_0039_n3_seed81,81,0.001,3,746.0,0,body_0,23.12038132751752,16.22432647230617,1.688327293055993e-05,3.5678301630923166e-05,0.4701902229747258,1.987511586255825,2,1.7221343995531073,4.2696215793302095,-10.630612787451543,6.185264196285879e-07,27.384600717633543,-5.319093834259387e-15,1.7221343995531073,0-2,50,13.850000000000023,13850,,,,,0,0.4701902229747258,1.945385404183949,1.7221343995531073,4.2696215793302095,0.00019290141677997014,negative_baseline,20.0,0,0,0,1,0,1,1,0,0,0,-1,1,0,0,1,1,0,1,0,0
sim_0039_n3_seed81,81,0.001,3,746.1,0,body_0,23.12038132751752,16.22432647230617,1.745709205708559e-05,2.8314711977144528e-05,0.3370249052856066,1.0820891752136348,2,2.0218454148146616,3.742487435928225,-10.630617592190438,1.665547394483366e-07,27.384600717633543,-5.319093834259387e-15,2.0218454148146616,0-2,50,13.950000000000045,13950,,,,,0,0.3370249052856066,1.067816577759896,2.0218454148146616,3.742487435928225,0.0001792627723383734,negative_hard,10.0,0,0,0,1,0,1,0,0,0,0,-1,1,0,0,1,1,0,1,0,0
sim_0039_n3_seed81,81,0.001,3,747.0,0,body_0,23.12038132751752,16.22432647230617,2.8705524096332885e-05,9.557991461914284e-06,0.09072866078166363,0.07374886872640768,2,3.691911002636397,1.7436595503198231,-10.630622757408208,-3.1932643018807346e-07,27.38460071763355,-5.059625842344295e-15,3.691911002636397,0-2,50,14.850000000000023,14850,,,,,0,0.09072866078166363,0.07367551534186745,3.691911002636397,1.7436595503198231,0.00023675181564256014,negative_baseline,20.0,0,0,0,0,0,0,0,0,0,0,-1,0,0,0,1,1,0,1,0,0
sim_0039_n3_seed81,81,0.001,3,748.0,0,body_0,23.12038132751752,16.22432647230617,3.2688973218229255e-05,2.0238693831696885e-06,0.06711678666636442,0.022236674170819648,2,4.225569215628915,1.1681644084861678,-10.630622921243482,-3.3473806977794563e-07,27.38460071763354,-5.448827830216933e-15,4.225569215628915,0-2,50,15.850000000000023,15850,,,,,0,0.06711678666636442,0.0222184710841287,4.225569215628915,1.1681644084861678,0.0002776422405677072,negative_baseline,20.0,0,0,0,0,0,0,0,0,0,0,-1,0,0,0,0,0,0,1,0,0
sim_0039_n3_seed81,81,0.001,3,749.0,0,body_0,23.12038132751752,16.22432647230617,3.11196627330969e-05,1.1258367525179176e-05,0.09528814107239619,0.07679763017660401,2,3.6721979974570127,1.7620438334999906,-10.630622746190566,-3.182712102104163e-07,27.384600717633564,-4.540689858514111e-15,3.6721979974570127,0-2,50,16.850000000000023,16850,,,,,0,0.09528814107239619,0.07657568804616223,3.6721979974570127,1.7620438334999906,0.00024725899660768194,negative_baseline,20.0,0,0,0,0,0,0,0,0,0,0,-1,0,0,0,1,1,0,1,0,0
sim_0039_n3_seed81,81,0.001,3,749.5,0,body_0,23.12038132751752,16.22432647230617,3.223668384611336e-05,1.9349402357677833e-05,0.15916971212950307,0.24325378771662762,2,2.9164380609809535,2.561577155710744,-10.630622002175166,-2.482832466675053e-07,27.384600717633557,-4.800157850429203e-15,2.9164380609809535,0-2,50,17.350000000000023,17350,,,,,0,0.15916971212950307,0.24170861830248241,2.9164380609809535,2.561577155710744,0.00021711985723220695,negative_hard,10.0,0,0,0,0,1,0,0,0,0,0,-1,0,0,0,1,1,0,1,0,0
sim_0039_n3_seed81,81,0.001,3,750.0,0,body_0,23.12038132751752,16.22432647230617,4.380040609637662e-05,4.8774325635114974e-05,0.5143251109543754,2.2865249980661346,2,1.659498683551584,4.393989280708176,-10.6306111520303,7.723670556210061e-07,27.384600717633493,-7.13536977766503e-15,1.659498683551584,0-2,50,17.850000000000023,17850,,,,,0,0.5143251109543754,2.2165596119625226,1.659498683551584,4.393989280708176,0.0002581840210422704,negative_hard,10.0,0,0,0,1,1,0,1,0,0,0,-1,1,0,0,1,1,0,1,0,0
sim_0039_n3_seed81,81,0.001,3,750.5,0,body_0,23.12038132751752,16.22432647230617,2.4903855595262664e-05,0.00012900610681824008,1.3994355539578403,13.449455120074704,2,1.0077333541807274,6.200097470802135,-10.630575616416404,4.115127499050176e-06,27.38460071763349,-7.265103773622577e-15,1.0077333541807274,0-2,50,18.350000000000023,18350,,,,,0,1.3994355539578403,12.716548851719487,1.0077333541807274,6.200097470802135,0.00038359243083033607,negative_hard,10.0,0,1,1,1,0,1,1,1,0,0,-1,1,0,0,1,1,0,1,0,0
sim_0039_n3_seed81,81,0.001,3,751.0,0,body_0,23.12038132751752,16.22432647230617,2.7333280675271376e-05,2.761727960692496e-05,0.21088815977188133,0.4450529327042726,2,2.530807633740342,3.021717338458879,-10.630620980830685,-1.5220751992611884e-07,27.38460071763353,-5.838029818089571e-15,2.530807633740342,0-2,50,18.850000000000023,18850,,,,,0,0.21088815977188133,0.4423261755673901,2.530807633740342,3.021717338458879,0.0002534888272276885,negative_hard,10.0,0,0,0,1,0,1,0,0,0,0,-1,1,0,0,1,1,0,1,0,0
sim_0039_n3_seed81,81,0.001,3,752.0,0,body_0,23.12038132751752,16.22432647230617,4.219603920952301e-05,8.272910453315009e-06,0.07859644887287356,0.0444871726830401,2,3.973445661129957,1.448537920128472,-10.630622858773396,-3.2886164020585464e-07,27.384600717633568,-4.410955862556565e-15,3.973445661129957,0-2,50,19.850000000000023,19850,,,,,0,0.07859644887287356,0.04446268263766658,3.973445661129957,1.448537920128472,0.0003561957133561358,negative_baseline,20.0,0,0,0,0,0,0,0,0,0,0,-1,0,0,0,0,0,0,1,0,0
sim_0039_n3_seed81,81,0.001,3,753.0,0,body_0,23.12038132751752,16.22432647230617,4.414145911483354e-05,6.248366655749273e-06,0.07174531192686578,0.026780257034125506,2,4.1790581693327775,1.2197488858539707,-10.630622908776381,-3.335653158015505e-07,27.384600717633504,-6.746167789792393e-15,4.1790581693327775,0-2,50,20.850000000000023,20850,,,,,0,0.07174531192686578,0.026741922601883083,4.1790581693327775,1.2197488858539707,0.0003811857086341257,negative_baseline,20.0,0,0,0,0,0,0,0,0,0,0,-1,0,0,0,0,0,0,1,0,0
sim_0039_n3_seed81,81,0.001,3,754.0,0,body_0,23.12038132751752,16.22432647230617,4.335028700169266e-05,2.0752736800654408e-05,0.12632347727089316,0.1442963198493011,2,3.266524517477267,2.1819327218998668,-10.630622458780735,-2.912351720231935e-07,27.384600717633564,-4.540689858514111e-15,3.266524517477267,0-2,50,21.850000000000023,21850,,,,,0,0.12632347727089316,0.1436610794618232,3.266524517477267,2.1819327218998668,0.00031921959419389703,negative_baseline,20.0,0,0,0,0,0,0,0,0,0,0,-1,0,0,0,1,1,0,1,0,0
sim_0039_n3_seed81,81,0.001,3,754.4,0,body_0,23.12038132751752,16.22432647230617,4.87533351659701e-05,3.230661064026403e-05,0.22517453738381124,0.47894639002440065,2,2.4872011323480776,3.0771151669800414,-10.630620786791619,-1.3395467321207155e-07,27.384600717633568,-4.410955862556565e-15,2.4872011323480776,0-2,50,22.25,22250,,,,,0,0.22517453738381124,0.47395970445493685,2.4872011323480776,3.0771151669800414,0.00029671175520779714,negative_hard,10.0,0,0,0,1,1,0,0,0,0,0,-1,1,0,0,1,1,0,1,0,0
sim_0039_n3_seed81,81,0.001,3,754.9,0,body_0,23.12038132751752,16.22432647230617,7.707232366189057e-05,0.00019599593267127465,1.6576072127548453,17.63254308704578,2,0.9287530695877066,6.526416359638014,-10.630571470689773,4.505107281962955e-06,27.384600717633564,-4.540689858514111e-15,0.9287530695877066,0-2,50,22.75,22750,,,,,0,1.6576072127548453,16.480005307459535,0.9287530695877066,6.526416359638014,0.0005024187555003438,negative_hard,10.0,0,1,1,1,1,0,1,1,0,0,-1,1,0,0,1,1,0,1,0,0
sim_0039_n3_seed81,81,0.001,3,755.0,0,body_0,23.12038132751752,16.22432647230617,8.202893292420202e-05,0.0005130866290286287,4.040907341169412,47.28921287841024,2,0.5947238580191783,8.501880814547347,-10.631120754527707,-4.716486783327864e-05,27.38460071763358,-3.892019878726381e-15,0.5947238580191783,0-2,50,22.850000000000023,22850,,,,,0,4.040907341169412,62.461506985308574,0.5947238580191783,8.501880814547347,0.0006727250634600817,negative_baseline,20.0,1,1,1,1,1,0,1,1,0,0,-1,1,0,0,1,1,0,1,0,0
sim_0039_n3_seed81,81,0.001,3,755.4,0,body_0,23.12038132751752,16.22432647230617,2.6640823986381326e-05,5.830896216361695e-05,0.4673630585259717,1.9687145530991021,2,1.7288311473272888,4.2581747375167405,-10.630612717285235,6.251268166444815e-07,27.38460071763358,-3.892019878726381e-15,1.7288311473272888,0-2,50,23.25,23250,,,,,0,0.4673630585259717,1.9265866684058233,1.7288311473272888,4.2581747375167405,0.00036387002447071053,negative_hard,10.0,0,0,0,1,0,1,1,0,0,0,-1,1,0,0,1,1,0,1,0,0
sim_0039_n3_seed81,81,0.001,3,756.0,0,body_0,23.12038132751752,16.22432647230617,4.724824060065544e-05,2.409600566713736e-05,0.13552239402727076,0.1730759455455855,2,3.141415956256248,2.315726753131795,-10.630622320223589,-2.782013927604193e-07,27.384600717633656,-1.1676059636179143e-15,3.141415956256248,0-2,50,23.850000000000023,23850,,,,,0,0.13552239402727076,0.1726430938417612,3.141415956256248,2.315726753131795,0.0003915594313150827,negative_baseline,20.0,0,0,0,0,0,1,0,0,0,0,-1,0,0,0,0,0,0,1,0,0
sim_0039_n3_seed81,81,0.001,3,757.0,0,body_0,23.12038132751752,16.22432647230617,5.956111032405998e-05,9.847609341133272e-06,0.081420506065203,0.028790255815446635,2,4.151211080538728,1.2463541846056616,-10.630622891939925,-3.3198154582441635e-07,27.384600717633713,9.081379717028221e-16,4.151211080538728,0-2,50,24.850000000000023,24850,,,,,0,0.081420506065203,0.02877859769227701,4.151211080538728,1.2463541846056616,0.0005047748464860179,negative_baseline,20.0,0,0,0,0,0,0,0,0,0,0,-1,0,0,0,0,0,0,1,0,0
sim_0039_n3_seed81,81,0.001,3,758.0,0,body_0,23.12038132751752,16.22432647230617,6.156020862855348e-05,1.6916290009472666e-05,0.09736954063386978,0.04771107924908998,2,4.016556726271077,1.39620954985833,-10.63062284551809,-3.276147414379021e-07,27.384600717633674,-5.189359838301841e-16,4.016556726271077,0-2,50,25.850000000000023,25850,,,,,0,0.09736954063386978,0.0476264588619206,4.016556726271077,1.39620954985833,0.0005107177421294819,negative_baseline,20.0,0,0,0,0,0,0,0,0,0,0,-1,0,0,0,0,0,0,1,0,0
sim_0039_n3_seed81,81,0.001,3,758.8000000000001,0,body_0,23.12038132751752,16.22432647230617,6.61405405267269e-05,2.985727124326066e-05,0.1712098899588736,0.21131248234405145,2,3.048938237928217,2.4219887524118695,-10.630622153212576,-2.6249101810397346e-07,27.38460071763369,0.0,3.048938237928217,0-2,50,26.65000000000009,26650,,,,,0,0.1712098899588736,0.210201242845685,3.048938237928217,2.4219887524118695,0.00045563729467507677,negative_hard,10.0,0,0,0,0,1,0,0,0,0,0,-1,0,0,0,0,0,0,1,0,0
sim_0039_n3_seed81,81,0.001,3,759.0,0,body_0,23.12038132751752,16.22432647230617,6.996258206954653e-05,3.463921864455646e-05,0.22306278763479018,0.3827439790420699,2,2.646571903598002,2.886813703113755,-10.630621287980777,-1.811004829366051e-07,27.384600717633656,-1.1676059636179143e-15,2.646571903598002,0-2,50,26.850000000000023,26850,,,,,0,0.22306278763479018,0.37953065911682515,2.646571903598002,2.886813703113755,0.0004455167124511876,negative_baseline,20.0,0,0,0,1,1,0,0,0,0,0,-1,1,0,0,0,0,0,1,0,0
sim_0039_n3_seed81,81,0.001,3,759.3000000000001,0,body_0,23.12038132751752,16.22432647230617,8.055396431760466e-05,5.199419489617533e-05,0.42908759051228074,1.4920458503854972,2,1.8649858238318433,4.017944015117248,-10.630615183287361,3.931551843337575e-07,27.384600717633663,-9.081379717028221e-16,1.8649858238318433,0-2,50,27.15000000000009,27150,,,,,0,0.42908759051228074,1.4575177515911404,1.8649858238318433,4.017944015117248,0.0004674501528302561,negative_hard,10.0,0,0,0,1,1,0,1,0,0,0,-1,1,0,0,0,0,0,1,0,0
sim_0039_n3_seed81,81,0.001,3,759.8000000000001,0,body_0,23.12038132751752,16.22432647230617,7.012088561324855e-05,0.0003182495438940176,2.3894502508921422,30.518317357590224,2,0.7706144494631553,7.318533993555795,-10.630607136279004,1.150120332161205e-06,27.3846007176336,-3.2433498989386505e-15,0.7706144494631553,0-2,50,27.65000000000009,27650,,,,,0,2.3894502508921422,30.426112296203048,0.7706144494631553,7.318533993555795,0.0007314787672488679,negative_hard,10.0,0,1,1,1,0,1,1,1,0,0,-1,1,0,0,1,1,0,1,0,0
sim_0039_n3_seed81,81,0.001,3,760.0,0,body_0,23.12038132751752,16.22432647230617,6.566612420027538e-05,6.755281980934689e-05,0.650774657150097,3.193731004189324,2,1.5175231699465364,4.70921633398369,-10.630606152730415,1.242640678792734e-06,27.38460071763362,-2.4649459231933743e-15,1.5175231699465364,0-2,50,27.850000000000023,27850,,,,,0,0.650774657150097,3.094204117383223,1.5175231699465364,4.70921633398369,0.0005492181505204249,negative_baseline,20.0,0,0,1,1,0,1,1,1,0,0,-1,1,0,0,0,0,0,1,0,0
sim_0039_n3_seed81,81,0.001,3,760.3000000000001,0,body_0,23.12038132751752,16.22432647230617,7.556344499529632e-05,3.651165237819232e-05,0.3212218739181295,0.5138028925380881,2,2.3939478422887155,3.2065229670916398,-10.630620315073372,-8.958113009206833e-08,27.384600717633596,-3.3730838948961966e-15,2.3939478422887155,0-2,50,28.15000000000009,28150,,,,,0,0.3212218739181295,0.5092940610101423,2.3939478422887155,3.2065229670916398,0.0005370027655942219,negative_hard,10.0,0,0,0,1,0,1,0,0,0,0,-1,1,0,0,0,0,0,1,0,0
sim_0039_n3_seed81,81,0.001,3,760.8000000000001,0,body_0,23.12038132751752,16.22432647230617,8.909993250843703e-05,4.3085112560767095e-05,0.2542307497717515,0.08897968875133982,2,3.35859490100187,2.0882806995662557,-10.630622241604867,-2.7080589495204286e-07,27.384600717633614,-2.7244139151084665e-15,2.4176839390715337,1-2,50,28.65000000000009,28650,,,,,0,0.2542307497717515,0.08876631733829547,3.35859490100187,2.0882806995662557,0.0006338882042694966,negative_hard,10.0,0,0,0,0,0,0,0,0,0,0,-1,0,0,0,0,0,0,1,0,0
sim_0039_n3_seed81,81,0.001,3,761.0,0,body_0,23.12038132751752,16.22432647230617,9.35337788662217e-05,4.7897351687599336e-05,0.25568033313558824,0.10163053844913691,2,3.621043111615594,1.8392102151080807,-10.630621223882635,-1.7507090556975745e-07,27.384600717633656,-1.1676059636179143e-15,1.6869720170405234,1-2,50,28.850000000000023,28850,,,,,0,0.25568033313558824,0.10157567869738156,3.621043111615594,1.8392102151080807,0.0006806151522367597,negative_baseline,20.0,0,0,0,0,0,0,0,0,0,0,-1,0,0,0,0,0,0,1,0,0
sim_0039_n3_seed81,81,0.001,3,761.3000000000001,0,body_0,23.12038132751752,16.22432647230617,9.931868976757338e-05,5.443583257320939e-05,0.263409074749209,0.14760737697368972,1,3.8376874588859846,3.975882443993521,-10.630433852867487,1.7450526320125978e-05,27.38460071763363,-2.0757439353207364e-15,0.4240023538937406,1-2,50,29.15000000000009,29150,,,,,0,0.263409074749209,0.1473482995130014,3.8376874588859846,3.975882443993521,0.0008549636713592957,negative_hard,10.0,0,0,0,0,0,0,0,0,0,0,-1,0,0,0,1,0,0,1,0,0
sim_0039_n3_seed81,81,0.001,3,761.8000000000001,0,body_0,23.12038132751752,16.22432647230617,0.00010740743680635915,5.709758132159771e-05,0.3201990193046144,0.3946053339273429,2,2.6891393500743215,3.5842911952171606,-10.630619602115093,-2.251464461730144e-08,27.38460071763369,0.0,1.9809121104836678,1-2,50,29.65000000000009,29650,,,,,0,0.3201990193046144,0.39041285513664736,2.6891393500743215,3.5842911952171606,0.001643681536079977,negative_hard,10.0,0,0,0,1,1,0,0,0,0,0,-1,1,0,0,0,0,0,1,0,0
sim_0039_n3_seed81,81,0.001,3,762.0,0,body_0,23.12038132751752,16.22432647230617,0.00011106908080285366,5.22884141512361e-05,0.42717901023765475,0.9980239012638571,2,2.111935375759048,4.180762633787439,-10.630617907181684,1.369241756230066e-07,27.38460071763373,1.5568079514905524e-15,2.111935375759048,0-2,50,29.850000000000023,29850,,,,,0,0.42717901023765475,0.9821086378598174,2.111935375759048,4.180762633787439,0.002119479156402853,negative_baseline,20.0,0,0,0,1,1,0,1,0,0,0,-1,1,0,0,0,0,0,1,0,0
sim_0039_n3_seed81,81,0.001,3,762.3000000000001,0,body_0,23.12038132751752,16.22432647230617,0.0001390290445082333,0.0005628287421879182,1.107055821135291,7.137476456392844,2,1.1692229600619153,5.9990601018818435,-10.63062024458926,-8.29508378801774e-08,27.38460071763373,1.5568079514905524e-15,1.1692229600619153,0-2,50,30.15000000000009,30150,,,,,0,1.107055821135291,7.069703496758323,1.1692229600619153,5.9990601018818435,0.002875481867604268,negative_hard,10.0,0,1,1,1,1,0,1,1,0,0,-1,1,0,0,1,1,0,1,0,0
sim_0039_n3_seed81,81,0.001,3,762.7,0,body_0,23.12038132751752,16.22432647230617,0.0006875189757279848,0.0017185762065822982,0.7514635277274966,4.952008104027974,2,1.3150429536395254,5.600541497044675,-10.630613306663832,5.696852118452308e-07,27.384600717633752,2.3352119272358286e-15,1.3150429536395254,0-2,50,30.550000000000068,30550,,,,,0,0.7514635277274966,4.888593882068271,1.3150429536395254,5.600541497044675,0.005536030046567554,negative_hard,8.0,0,1,1,1,0,1,1,1,0,0,-1,1,0,0,1,1,0,1,0,0
sim_0039_n3_seed81,81,0.001,3,763.0,0,body_0,23.12038132751752,16.22432647230617,0.0009419696465427567,0.0009463533002510311,0.2407992987208025,0.7891555325435803,2,2.2513847128539077,3.9796681315796576,-10.630619253769899,1.0253455018304981e-08,27.38460071763376,2.5946799191509204e-15,2.2513847128539077,0-2,50,30.850000000000023,30850,,,,,0,0.2407992987208025,0.7822562929363696,2.2513847128539077,3.9796681315796576,0.006335428375356304,negative_baseline,20.0,0,0,0,1,0,1,1,0,0,0,-1,1,0,0,0,0,0,1,0,0
sim_0039_n3_seed81,81,0.001,3,763.1,0,body_0,23.12038132751752,16.22432647230617,0.0010039627365192364,0.0008206545848742277,0.18974747743484421,0.5113512300090691,2,2.5362262878611093,3.6581601890750455,-10.63062050922447,-1.0784451535230227e-07,27.384600717633763,2.7244139151084665e-15,2.5362262878611093,0-2,50,30.950000000000045,30950,,,,,0,0.18974747743484421,0.5081031443484983,2.5362262878611093,3.6581601890750455,0.006564883307653252,negative_hard,8.0,0,0,0,1,0,1,0,0,0,0,-1,1,0,0,0,0,0,1,0,0
sim_0039_n3_seed81,81,0.001,3,763.5,0,body_0,23.12038132751752,16.22432647230617,0.0011957576865498263,0.0005252138334456855,0.10555679291553384,0.14736132591746323,2,3.530767942099952,2.8101722583917637,-10.630622295057465,-2.7583406847303576e-07,27.384600717633806,4.281221866599019e-15,3.530767942099952,0-2,50,31.350000000000023,31350,,,,,0,0.10555679291553384,0.14706166096270593,3.530767942099952,2.8101722583917637,0.007334148660781918,negative_hard,8.0,0,0,0,0,0,1,0,0,0,0,-1,0,0,0,0,0,0,1,0,0
sim_0039_n3_seed81,81,0.001,3,763.9,0,body_0,23.12038132751752,16.22432647230617,0.0013288928204859942,0.0003639215154881966,0.07873223387057433,0.06640262321482548,2,4.340430323699352,2.296074117509575,-10.63062270214434,-3.1412787436903075e-07,27.38460071763382,4.800157850429203e-15,4.340430323699352,0-2,50,31.75,31750,,,,,0,0.07873223387057433,0.06635334205165773,4.340430323699352,2.296074117509575,0.007886194115911228,negative_hard,8.0,0,0,0,0,0,1,0,0,0,0,-1,0,0,0,0,0,0,1,0,0
sim_0039_n3_seed81,81,0.001,3,764.0,0,body_0,23.12038132751752,16.22432647230617,0.0013554709161796266,0.0003329691993926411,0.07479451640143879,0.05676841424318832,2,4.519695157716324,2.194599730518875,-10.630622749881017,-3.1861836313592647e-07,27.38460071763385,5.9677638140471174e-15,4.519695157716324,0-2,50,31.850000000000023,31850,,,,,0,0.07479451640143879,0.05673555736727887,4.519695157716324,2.194599730518875,0.007994899517241704,negative_baseline,20.0,0,0,0,0,0,1,0,0,0,0,-1,0,0,0,0,0,0,1,0,0
sim_0039_n3_seed81,81,0.001,3,764.3000000000001,0,body_0,23.12038132751752,16.22432647230617,0.0014218991295679843,0.00025358285915235915,0.06611839192106633,0.03812508693610305,2,5.010229371102617,1.9322587283987354,-10.630622840925447,-3.2718272119958364e-07,27.384600717633838,5.448827830216933e-15,5.010229371102617,0-2,50,32.15000000000009,32150,,,,,0,0.06611839192106633,0.038114887060147914,5.010229371102617,1.9322587283987354,0.008259978784909007,negative_hard,8.0,0,0,0,0,0,0,0,0,0,0,-1,0,0,0,0,0,0,1,0,0
sim_0039_n3_seed81,81,0.001,3,764.7,0,body_0,23.12038132751752,16.22432647230617,0.0014835899349810227,0.00016923787943463832,0.05879794171211377,0.02544425342307267,2,5.567547517051398,1.6527851594936902,-10.630622900862708,-3.3282089320469255e-07,27.38460071763384,5.578561826174479e-15,5.567547517051398,0-2,50,32.55000000000007,32550,,,,,0,0.05879794171211377,0.025442217053121337,5.567547517051398,1.6527851594936902,0.008488633055537318,negative_hard,8.0,0,0,0,0,0,0,0,0,0,0,-1,0,0,0,0,0,0,1,0,0
sim_0039_n3_seed81,81,0.001,3,765.0,0,body_0,23.12038132751752,16.22432647230617,0.001512543709866135,0.00011709251455189642,0.05508385990260077,0.02013029854318271,2,5.9224763206028275,1.4800009434810775,-10.63062292499394,-3.350908674460944e-07,27.384600717633823,4.929891846386749e-15,5.9224763206028275,0-2,50,32.85000000000002,32850,,,,,0,0.05508385990260077,0.020129856363047774,5.9224763206028275,1.4800009434810775,0.008580036275921053,negative_baseline,20.0,0,0,0,0,0,0,0,0,0,0,-1,0,0,0,0,0,0,1,0,0
sim_0039_n3_seed81,81,0.001,3,765.1,0,body_0,23.12038132751752,16.22432647230617,0.0015192261778516963,0.00010153053766027291,0.05407564730672881,0.01881764332219655,2,6.029866675714118,1.4279275866047825,-10.630622930816504,-3.3563858377058807e-07,27.3846007176338,4.021753874683927e-15,6.029866675714118,0-2,50,32.950000000000045,32950,,,,,0,0.05407564730672881,0.01881742099409682,6.029866675714118,1.4279275866047825,0.008596938186386682,negative_hard,8.0,0,0,0,0,0,0,0,0,0,0,-1,0,0,0,0,0,0,1,0,0
sim_0039_n3_seed81,81,0.001,3,765.5,0,body_0,23.12038132751752,16.22432647230617,0.0015324136954654273,5.1080469953897275e-05,0.05090019043535679,0.01504688262316234,2,6.408965986907296,1.2427035834296398,-10.6306229471869,-3.371785125400432e-07,27.38460071763381,4.410955862556565e-15,6.408965986907296,0-2,50,33.35000000000002,33350,,,,,0,0.05090019043535679,0.01504685822081036,6.408965986907296,1.2427035834296398,0.008603733697014077,negative_hard,8.0,0,0,0,0,0,0,0,0,0,0,-1,0,0,0,0,0,0,1,0,0
sim_0039_n3_seed81,81,0.001,3,765.9,0,body_0,23.12038132751752,16.22432647230617,0.001525909277178556,4.62423177912071e-05,0.04878527751539695,0.012866029641809757,2,6.71308527400866,1.0895058965327338,-10.630622956533113,-3.380576911065709e-07,27.384600717633756,2.4649459231933743e-15,6.71308527400866,0-2,50,33.75,33750,,,,,0,0.04878527751539695,0.012865698568886858,6.71308527400866,1.0895058965327338,0.008524197475428449,negative_hard,8.0,0,0,0,0,0,0,0,0,0,0,-1,0,0,0,0,0,0,1,0,0
sim_0039_n3_seed81,81,0.001,3,766.0,0,body_0,23.12038132751752,16.22432647230617,0.0015214857772994268,5.392429029414116e-05,0.04839012686070134,0.01249596871818075,2,6.778129721530811,1.0557625365748358,-10.630622958159897,-3.382107192590515e-07,27.384600717633766,2.8541479110660126e-15,6.778129721530811,0-2,50,33.85000000000002,33850,,,,,0,0.04839012686070134,0.012495521853319601,6.778129721530811,1.0557625365748358,0.008492401561613608,negative_baseline,20.0,0,0,0,0,0,0,0,0,0,0,-1,0,0,0,0,0,0,1,0,0
sim_0039_n3_seed81,81,0.001,3,766.3000000000001,0,body_0,23.12038132751752,16.22432647230617,0.001502061298777191,8.37080313424581e-05,0.04748391102387794,0.011721279574150395,2,6.9481102778897945,0.9651446691144271,-10.630622961802732,-3.3855339311862437e-07,27.38460071763374,1.9460099393631903e-15,6.9481102778897945,0-2,50,34.15000000000009,34150,,,,,0,0.04748391102387794,0.011720418147191885,6.9481102778897945,0.9651446691144271,0.008371626514677915,negative_hard,8.0,0,0,0,0,0,0,0,0,0,0,-1,0,0,0,0,0,0,1,0,0
sim_0039_n3_seed81,81,0.001,3,766.7,0,body_0,23.12038132751752,16.22432647230617,0.0014631263752370091,0.00012699047582706498,0.046871207342721474,0.01136338338353828,1,6.923267756509133,1.3334825799378127,-10.630622964405399,-3.387982204836089e-07,27.384600717633692,1.2973399595754603e-16,6.923267756509133,0-1,50,34.55000000000007,34550,,,,,0,0.046871207342721474,0.011361821840939805,6.923267756509133,1.3334825799378127,0.008158958690540234,negative_hard,8.0,0,0,0,0,0,0,0,0,0,0,-1,0,0,0,0,0,0,1,0,0
sim_0039_n3_seed81,81,0.001,3,767.0,0,body_0,23.12038132751752,16.22432647230617,0.0014254935971298487,0.00015930887195957612,0.04683181787702188,0.011549046695017853,1,6.853378596316653,1.365568852614405,-10.630622965020827,-3.3885611247351025e-07,27.384600717633703,5.189359838301841e-16,6.853378596316653,0-1,50,34.85000000000002,34850,,,,,0,0.04683181787702188,0.011546832647568414,6.853378596316653,1.365568852614405,0.007968420520637301,negative_baseline,20.0,0,0,0,0,0,0,0,0,0,0,-1,0,0,0,0,0,0,1,0,0
sim_0039_n3_seed81,81,0.001,3,767.1,0,body_0,23.12038132751752,16.22432647230617,0.0014115770437560023,0.00016998299564764937,0.04689808970983834,0.011695242689946752,1,6.824493491626285,1.3784160933132381,-10.630622964998972,-3.388540566649586e-07,27.384600717633703,5.189359838301841e-16,6.824493491626285,0-1,50,34.950000000000045,34950,,,,,0,0.04689808970983834,0.01169278081452797,6.824493491626285,1.3784160933132381,0.00790031500951246,negative_hard,8.0,0,0,0,0,0,0,0,0,0,0,-1,0,0,0,0,0,0,1,0,0
sim_0039_n3_seed81,81,0.001,3,767.5,0,body_0,23.12038132751752,16.22432647230617,0.0013504864755295356,0.00021228844698388769,0.04757469231276026,0.012718465965852575,1,6.680869449901873,1.440616721550877,-10.630622963807852,-3.3874201050369546e-07,27.384600717633717,1.0378719676603682e-15,6.680869449901873,0-1,50,35.35000000000002,35350,,,,,0,0.04757469231276026,0.012714807901058072,6.680869449901873,1.440616721550877,0.007612833326541094,negative_hard,8.0,0,0,0,0,0,0,0,0,0,0,-1,0,0,0,0,0,0,1,0,0
sim_0039_n3_seed81,81,0.001,3,767.9,0,body_0,23.12038132751752,16.22432647230617,0.001284083142425045,0.0002544691402573042,0.04897060209833877,0.014530030858218296,1,6.491908898561992,1.52043675118781,-10.630622960742588,-3.3845366760532816e-07,27.384600717633667,-7.784039757452762e-16,6.491908898561992,0-1,50,35.75,35750,,,,,0,0.04897060209833877,0.014524691895035127,6.491908898561992,1.52043675118781,0.007319053974848209,negative_hard,8.0,0,0,0,0,0,0,0,0,0,0,-1,0,0,0,0,0,0,1,0,0
sim_0039_n3_seed81,81,0.001,3,768.0,0,body_0,23.12038132751752,16.22432647230617,0.0012673213371342477,0.00026510665971120383,0.04944683530958041,0.015128837147716876,1,6.437503878944185,1.5432329607688131,-10.630622959645072,-3.383504265140333e-07,27.38460071763366,-1.0378719676603682e-15,6.437503878944185,0-1,50,35.85000000000002,35850,,,,,0,0.04944683530958041,0.015122966255966961,6.437503878944185,1.5432329607688131,0.007248025339087065,negative_baseline,20.0,0,0,0,0,0,0,0,0,0,0,-1,0,0,0,0,0,0,1,0,0
sim_0039_n3_seed81,81,0.001,3,768.3000000000001,0,body_0,23.12038132751752,16.22432647230617,0.0012185792595136322,0.0002975848922262068,0.05123002416158167,0.01735542960940693,1,6.256879599901794,1.618751238450744,-10.63062295541544,-3.379525539525567e-07,27.384600717633617,-2.5946799191509204e-15,6.256879599901794,0-1,50,36.15000000000009,36150,,,,,0,0.05123002416158167,0.017347574161283054,6.256879599901794,1.618751238450744,0.007050023859150696,negative_hard,8.0,0,0,0,0,0,0,0,0,0,0,-1,0,0,0,0,0,0,1,0,0
sim_0039_n3_seed81,81,0.001,3,768.7,0,body_0,23.12038132751752,16.22432647230617,0.0011633219914158914,0.0003434053635920857,0.05460730524429081,0.021626429878970503,1,5.974860897709059,1.7371755448599975,-10.630622947087101,-3.3716912463172426e-07,27.384600717633628,-2.2054779312782825e-15,5.974860897709059,0-1,50,36.55000000000007,36550,,,,,0,0.05460730524429081,0.021614563952021583,5.974860897709059,1.7371755448599975,0.00684890034441354,negative_hard,8.0,0,0,0,0,0,0,0,0,0,0,-1,0,0,0,0,0,0,1,0,0
sim_0039_n3_seed81,81,0.001,3,769.0,0,body_0,23.12038132751752,16.22432647230617,0.0011366652218339176,0.00038134327864296186,0.058125784881787816,0.026236612604937398,1,5.731911348084266,1.8407294100447027,-10.63062293817667,-3.363309390848919e-07,27.384600717633653,-1.2973399595754602e-15,5.731911348084266,0-1,50,36.85000000000002,36850,,,,,0,0.058125784881787816,0.02622002610833637,5.731911348084266,1.8407294100447027,0.0067770354570504746,negative_baseline,20.0,0,0,0,0,0,0,0,0,0,0,-1,0,0,0,0,0,0,1,0,0
sim_0039_n3_seed81,81,0.001,3,769.1,0,body_0,23.12038132751752,16.22432647230617,0.001132020664461766,0.00039505697175656754,0.05953811884303731,0.028140547319777352,1,5.644863076317371,1.8783479804381047,-10.630622934570901,-3.3599175206243573e-07,27.38460071763365,-1.4270739555330063e-15,5.644863076317371,0-1,50,36.950000000000045,36950,,,,,0,0.05953811884303731,0.028121893665571784,5.644863076317371,1.8783479804381047,0.00677386765445002,negative_hard,8.0,0,0,0,0,0,0,0,0,0,0,-1,0,0,0,0,0,0,1,0,0
sim_0039_n3_seed81,81,0.001,3,769.5,0,body_0,23.12038132751752,16.22432647230617,0.0011430860224565772,0.00045838903069801674,0.06678087016791313,0.038395171292179356,1,5.266085269947191,2.046313962656332,-10.630622916198005,-3.3426345237768226e-07,27.38460071763363,-2.0757439353207364e-15,5.266085269947191,0-1,50,37.35000000000002,37350,,,,,0,0.06678087016791313,0.038364336232345475,5.266085269947191,2.046313962656332,0.006897822048574771,negative_hard,8.0,0,0,0,0,0,0,0,0,0,0,-1,0,0,0,0,0,0,1,0,0
sim_0039_n3_seed81,81,0.001,3,769.9,0,body_0,23.12038132751752,16.22432647230617,0.0012176481526672744,0.0005447324821656098,0.07770480943195605,0.055318116409144684,1,4.838483801143837,2.2470388777286905,-10.63062289034406,-3.318314261823519e-07,27.38460071763358,-3.892019878726381e-15,4.838483801143837,0-1,50,37.75,37750,,,,,0,0.07770480943195605,0.05526418465600026,4.838483801143837,2.2470388777286905,0.007302604439042583,negative_hard,8.0,0,0,0,0,0,0,0,0,0,0,-1,0,0,0,0,0,0,1,0,0
sim_0039_n3_seed81,81,0.001,3,770.0,0,body_0,23.12038132751752,16.22432647230617,0.0012486314539043738,0.0005721562143473614,0.08127296586734127,0.06118748988197932,1,4.72411258125503,2.303267930371312,-10.630622882722196,-3.311144534671498e-07,27.384600717633614,-2.7244139151084665e-15,4.72411258125503,0-1,50,37.85000000000002,37850,,,,,0,0.08127296586734127,0.06112491968887356,4.72411258125503,2.303267930371312,0.007457409515551561,negative_baseline,20.0,0,0,0,0,0,0,0,0,0,0,-1,0,0,0,0,0,0,1,0,0
sim_0039_n3_seed81,81,0.001,3,770.3000000000001,0,body_0,23.12038132751752,16.22432647230617,0.0013758579481338161,0.0006762082058673212,0.09489203123796411,0.08492705605569675,1,4.364056176974099,2.4889648350096567,-10.630622858796265,-3.288637914274505e-07,27.384600717633624,-2.3352119272358286e-15,4.364056176974099,0-1,50,38.15000000000009,38150,,,,,0,0.09489203123796411,0.08482759744303255,4.364056176974099,2.4889648350096567,0.008070791730337834,negative_hard,8.0,0,0,0,0,0,0,0,0,0,0,-1,0,0,0,0,0,0,1,0,0
sim_0039_n3_seed81,81,0.001,3,770.7,0,body_0,23.12038132751752,16.22432647230617,0.0016358650296315435,0.0008949223776168932,0.12338351016892019,0.14011276789171637,1,3.8498326999225716,2.7829630961036775,-10.630622843070071,-3.2738446147084464e-07,27.384600717633617,-2.5946799191509204e-15,3.8498326999225716,0-1,50,38.55000000000007,38550,,,,,0,0.12338351016892019,0.13992583774658496,3.8498326999225716,2.7829630961036775,0.00928494604137186,negative_hard,8.0,0,0,0,0,0,0,0,0,0,0,-1,0,0,0,0,0,0,1,0,0
sim_0039_n3_seed81,81,0.001,3,770.8000000000001,0,body_0,23.12038132751752,16.22432647230617,0.0017190009970725942,0.0009710618067002891,0.13327096067969635,0.1606462870860697,1,3.7168627924200415,2.865900856028551,-10.630622850425073,-3.280763310308235e-07,27.384600717633628,-2.2054779312782825e-15,3.7168627924200415,0-1,50,38.65000000000009,38650,,,,,0,0.13327096067969635,0.16042938410100396,3.7168627924200415,2.865900856028551,0.009668770970627053,negative_pre_failure,1.0,0,0,0,0,0,0,0,0,0,0,-1,0,0,0,0,0,0,1,0,0
sim_0039_n3_seed81,81,0.001,3,770.85,0,body_0,23.12038132751752,16.22432647230617,0.0017635194913406195,0.0010133052384389604,0.13876037922345966,0.17230152026908585,1,3.649994920817793,2.908869976653624,-10.630622857612787,-3.287524641224329e-07,27.384600717633603,-3.113615902981105e-15,3.649994920817793,0-1,50,38.700000000000045,38700,,,,,0,0.13876037922345966,0.17206874286662507,3.649994920817793,2.908869976653624,0.009873834814283803,negative_pre_failure,1.0,0,0,0,0,0,0,0,0,0,0,-1,0,0,0,0,0,0,1,0,0
sim_0039_n3_seed81,81,0.001,3,771.0,0,body_0,23.12038132751752,16.22432647230617,3.162919563871522e-09,2.9603507791597183e-09,0.15638975900581417,0.21152213732665698,1,3.457223495913662,3.0381483552859887,-10.630619394073182,-2.9445797217148494e-09,27.384600717633713,9.081379717028221e-16,3.457223495913662,0-1,51,0.10000000000002274,100,,,,,0,0.15638975900581417,0.2112444473147897,3.457223495913662,3.0381483552859887,1.9463371493571504e-08,negative_baseline,20.0,0,0,0,0,0,0,0,0,0,0,-1,0,0,0,0,0,0,1,0,0
sim_0039_n3_seed81,81,0.001,3,771.7,0,body_0,23.12038132751752,16.22432647230617,3.562749609911038e-08,6.126939320832785e-08,0.31560733818969267,0.6011825111443343,1,2.6004622994875675,3.734853287849809,-10.630620839999036,-1.38959783010774e-07,27.384600717633617,-2.5946799191509204e-15,2.6004622994875675,0-1,51,0.8000000000000682,800,,,,,0,0.31560733818969267,0.6016055403503848,2.6004622994875675,3.734853287849809,2.1445354062658216e-07,negative_hard,10.0,0,0,0,1,0,0,0,0,0,0,-1,1,0,0,0,0,0,1,0,0
sim_0039_n3_seed81,81,0.001,3,772.0,0,body_0,23.12038132751752,16.22432647230617,5.84723527259621e-08,1.285558056077759e-07,0.4165321771103183,0.8626465735680492,1,2.377379860572372,3.956644852714851,-10.630622186291486,-2.656026816062376e-07,27.38460071763361,-2.8541479110660126e-15,2.377379860572372,0-1,51,1.1000000000000227,1100,,,,,0,0.4165321771103183,0.8645574097015484,2.377379860572372,3.956644852714851,3.512186018343945e-07,negative_baseline,20.0,0,0,0,1,0,0,1,0,0,0,-1,1,0,0,0,0,0,1,0,0
sim_0039_n3_seed81,81,0.001,3,772.2,0,body_0,23.12038132751752,16.22432647230617,7.784207725443283e-08,1.9003164059341213e-07,0.4800166962129127,1.0373888795290835,1,2.3214610342875233,4.005780518436198,-10.630622234792622,-2.701650813966083e-07,27.38460071763361,-2.8541479110660126e-15,2.3214610342875233,0-1,51,1.3000000000000682,1300,,,,,0,0.4800166962129127,1.0393754508091984,2.3214610342875233,4.005780518436198,4.72094848183347e-07,negative_hard,10.0,0,0,0,1,0,0,1,0,0,0,-1,1,0,0,0,0,0,1,0,0
sim_0039_n3_seed81,81,0.001,3,772.7,0,body_0,23.12038132751752,16.22432647230617,1.4294193353886048e-07,4.1465576715098816e-07,0.7546152437855645,3.1306754542622994,2,1.5651575107515452,5.060085311072401,-10.630614465540305,4.606721400220863e-07,27.384600717633596,-3.3730838948961966e-15,1.5651575107515452,0-2,51,1.8000000000000682,1800,,,,,0,0.7546152437855645,3.083446804997496,1.5651575107515452,5.060085311072401,1.0593887305712343e-06,negative_hard,10.0,0,0,0,1,1,0,1,1,0,0,-1,1,0,0,0,0,0,1,0,0
sim_0039_n3_seed81,81,0.001,3,773.0,0,body_0,23.12038132751752,16.22432647230617,2.3436610809768814e-07,2.302888480722893e-06,1.482946825072941,12.197658351856349,2,0.8997225280981628,7.020676881424831,-10.630755193673359,-1.2777327288982831e-05,27.384600717633596,-3.3730838948961966e-15,0.8997225280981628,0-2,51,2.1000000000000227,2100,,,,,0,1.482946825072941,13.65509898031212,0.8997225280981628,7.020676881424831,2.893762756799417e-06,negative_baseline,20.0,0,1,0,1,0,0,1,1,0,0,-1,1,0,0,0,0,0,1,0,0
sim_0039_n3_seed81,81,0.001,3,773.2,0,body_0,23.12038132751752,16.22432647230617,5.043552430987306e-07,3.03915580496469e-06,0.6729878211415682,5.038887355919942,2,1.2807197067458829,5.752206848430521,-10.630616090952984,3.0777298865085376e-07,27.384600717633607,-2.9838819070235587e-15,1.2807197067458829,0-2,51,2.300000000000068,2300,,,,,0,0.6729878211415682,5.0263214285297355,1.2807197067458829,5.752206848430521,5.869170809862186e-06,negative_hard,10.0,0,1,1,1,0,1,1,1,0,0,-1,1,0,0,0,0,0,1,0,0
sim_0039_n3_seed81,81,0.001,3,773.7,0,body_0,23.12038132751752,16.22432647230617,1.4310249918870238e-06,1.9449363059168082e-06,0.228682183247505,0.39027536511748673,2,2.7694824671638893,3.4844394849404696,-10.630617611956282,1.6469540807750262e-07,27.38460071763367,-6.486699797877301e-16,2.7694824671638893,0-2,51,2.800000000000068,2800,,,,,0,0.228682183247505,0.38904861678978664,2.7694824671638893,3.4844394849404696,1.5112871173356324e-05,negative_hard,10.0,0,0,0,1,0,1,0,0,0,0,-1,1,0,0,0,0,0,1,0,0
sim_0039_n3_seed81,81,0.001,3,774.0,0,body_0,23.12038132751752,16.22432647230617,1.886638970656663e-06,1.6685536497795607e-06,0.17506355159220796,0.19065400690041628,2,3.5112244910292048,2.870743867904206,-10.63061868566445,6.369393948297476e-08,27.384600717633734,1.6865419474480983e-15,3.5112244910292048,0-2,51,3.1000000000000227,3100,,,,,0,0.17506355159220796,0.19048004254523251,3.5112244910292048,2.870743867904206,1.96357703131837e-05,negative_baseline,20.0,0,0,0,0,0,1,0,0,0,0,-1,0,0,0,0,0,0,1,0,0
sim_0039_n3_seed81,81,0.001,3,775.0,0,body_0,23.12038132751752,16.22432647230617,3.0852208048654396e-06,1.2179272956884225e-06,0.098730121059655,0.05436754730205823,1,5.1875833652670185,2.0309885817024416,-10.630619342466728,1.9099308632298172e-09,27.384600717633777,3.2433498989386505e-15,5.1875833652670185,0-1,51,4.100000000000023,4100,,,,,0,0.098730121059655,0.05436735641446255,5.1875833652670185,2.0309885817024416,3.1123751803164705e-05,negative_baseline,20.0,0,0,0,0,0,0,0,0,0,0,-1,0,0,0,0,0,0,1,0,0
sim_0039_n3_seed81,81,0.001,3,776.0,0,body_0,23.12038132751752,16.22432647230617,3.997777953767997e-06,1.018402650065508e-06,0.0698040299243146,0.025785933816485324,1,5.955338154241187,1.705496963772046,-10.630619436311143,-6.917815828023918e-09,27.384600717633848,5.838029818089571e-15,5.955338154241187,0-1,51,5.100000000000023,5100,,,,,0,0.0698040299243146,0.025787645579448484,5.955338154241187,1.705496963772046,3.908637524958344e-05,negative_baseline,20.0,0,0,0,0,0,0,0,0,0,0,-1,0,0,0,0,0,0,1,0,0
sim_0039_n3_seed81,81,0.001,3,777.0,0,body_0,23.12038132751752,16.22432647230617,4.731171210368345e-06,9.604707157602774e-07,0.05585619192676884,0.015543904288499971,1,6.423067394377063,1.5267432055438899,-10.630619461937467,-9.328430233384509e-09,27.384600717633948,9.47058170490086e-15,6.423067394377063,0-1,51,6.100000000000023,6100,,,,,0,0.05585619192676884,0.015544728138137783,6.423067394377063,1.5267432055438899,4.468350036213975e-05,negative_baseline,20.0,0,0,0,0,0,0,0,0,0,0,-1,0,0,0,0,0,0,1,0,0
sim_0039_n3_seed81,81,0.001,3,778.0,0,body_0,23.12038132751752,16.22432647230617,5.350112171600358e-06,1.0573966085622954e-06,0.0485285992274374,0.011497750301566955,1,6.61713462078887,1.463118250822768,-10.630619469456589,-1.0035738158631538e-08,27.384600717634036,1.271393160383951e-14,6.61713462078887,0-1,51,7.100000000000023,7100,,,,,0,0.0485285992274374,0.011497637142057286,6.61713462078887,1.463118250822768,4.854043649096531e-05,negative_baseline,20.0,0,0,0,0,0,0,0,0,0,0,-1,0,0,0,0,0,0,1,0,0
sim_0039_n3_seed81,81,0.001,3,779.0,0,body_0,23.12038132751752,16.22432647230617,5.936298805390062e-06,1.3536197853270724e-06,0.04478272025746915,0.010605053280384025,1,6.55408967700774,1.5013487578990123,-10.630619468471734,-9.943094933366911e-09,27.38460071763399,1.1027389656391412e-14,6.55408967700774,0-1,51,8.100000000000023,8100,,,,,0,0.04478272025746915,0.010603926304141077,6.55408967700774,1.5013487578990123,5.1220195296836856e-05,negative_baseline,20.0,0,0,0,0,0,0,0,0,0,0,-1,0,0,0,0,0,0,1,0,0
sim_0039_n3_seed81,81,0.001,3,780.0,0,body_0,23.12038132751752,16.22432647230617,6.644863391168346e-06,1.940751630370507e-06,0.04312092518060603,0.012145290254054747,1,6.242861515717081,1.635643022140457,-10.630619457953316,-8.953649466687767e-09,27.38460071763399,1.1027389656391412e-14,6.242861515717081,0-1,51,9.100000000000023,9100,,,,,0,0.04312092518060603,0.012142852200429002,6.242861515717081,1.635643022140457,5.357515960897289e-05,negative_baseline,20.0,0,0,0,0,0,0,0,0,0,0,-1,0,0,0,0,0,0,1,0,0
sim_0039_n3_seed81,81,0.001,3,781.0,0,body_0,23.12038132751752,16.22432647230617,7.822181448479396e-06,3.0817888081166287e-06,0.04167007080324381,0.01720507221244282,1,5.689470127473039,1.8678939980702765,-10.630619422335808,-5.6031854955489976e-09,27.384600717634026,1.2324729615966873e-14,5.689470127473039,0-1,51,10.100000000000023,10100,,,,,0,0.04167007080324381,0.0171986833543528,5.689470127473039,1.8678939980702765,5.7441521147360564e-05,negative_baseline,20.0,0,0,0,0,0,0,0,0,0,0,-1,0,0,0,0,0,0,1,0,0
sim_0039_n3_seed81,81,0.001,3,782.0,0,body_0,23.12038132751752,16.22432647230617,1.0336219968304609e-05,5.749017904413051e-06,0.032220725428567264,0.045424030380551546,2,4.449814528115443,2.1512056500266863,-10.630619244820497,1.1095306364373749e-08,27.384600717634097,1.4919409535117794e-14,4.449814528115443,0-2,51,11.100000000000023,11100,,,,,0,0.032220725428567264,0.04532073488628547,4.449814528115443,2.1512056500266863,6.784937818964382e-05,negative_baseline,20.0,0,0,0,0,1,0,0,0,0,0,-1,0,0,0,0,0,0,1,0,0
sim_0039_n3_seed81,81,0.001,3,782.35,0,body_0,23.12038132751752,16.22432647230617,1.1930932692883582e-05,7.736857227822965e-06,0.025082452996469173,0.09436416925907634,2,3.778435016804924,2.5453249611715774,-10.630618985211585,3.551617059497151e-08,27.384600717634065,1.3751803571499879e-14,3.778435016804924,0-2,51,11.450000000000045,11450,,,,,0,0.025082452996469173,0.09396775848990327,3.778435016804924,2.5453249611715774,7.565442117546639e-05,negative_hard,10.0,0,0,0,0,1,0,0,0,0,0,-1,0,0,0,0,0,0,1,0,0
sim_0039_n3_seed81,81,0.001,3,782.85,0,body_0,23.12038132751752,16.22432647230617,1.5761000381451114e-05,1.4425593673565081e-05,0.10543775661041027,0.4728525195661512,2,2.5728876411248063,3.5131192560272297,-10.630616967112704,2.2535448688005845e-07,27.384600717634076,1.4141005559372517e-14,2.5728876411248063,0-2,51,11.950000000000045,11950,,,,,0,0.10543775661041027,0.4674564105906771,2.5728876411248063,3.5131192560272297,9.755822164009217e-05,negative_hard,10.0,0,0,0,1,1,0,0,0,0,0,-1,1,0,0,0,0,0,1,0,0
sim_0039_n3_seed81,81,0.001,3,783.0,0,body_0,23.12038132751752,16.22432647230617,1.7650157723100726e-05,1.945588768338267e-05,0.20244613426600355,0.9703650618696456,2,2.1306384436552745,4.027149392987028,-10.63061429369603,4.768371693639911e-07,27.38460071763409,1.46599415432027e-14,2.1306384436552745,0-2,51,12.100000000000023,12100,,,,,0,0.20244613426600355,0.9531423946144703,2.1306384436552745,4.027149392987028,0.00010998841864099308,negative_baseline,20.0,0,0,0,1,1,0,1,0,0,0,-1,1,0,0,0,0,0,1,0,0
sim_0039_n3_seed81,81,0.001,3,783.35,0,body_0,23.12038132751752,16.22432647230617,2.6196544729602518e-05,8.395422928689068e-05,1.6407892877028212,16.44012003497039,2,0.9206831985128828,6.805494591712837,-10.630614045794978,5.001566998743992e-07,27.38460071763403,1.245446361192442e-14,0.9206831985128828,0-2,51,12.450000000000045,12450,,,,,0,1.6407892877028212,16.261410731377246,0.9206831985128828,6.805494591712837,0.00018232255614043154,negative_hard,10.0,0,1,1,1,1,0,1,1,0,0,-1,1,0,0,1,1,0,1,0,0
sim_0039_n3_seed81,81,0.001,3,783.85,0,body_0,23.12038132751752,16.22432647230617,1.0330020977805975e-05,2.5868093529840415e-05,0.56090867384744,1.7496857909755856,2,1.8296468908950845,4.432161823250976,-10.630611581504319,7.319673381295886e-07,27.384600717634008,1.1676059636179143e-14,1.8296468908950845,0-2,51,12.950000000000045,12950,,,,,0,0.56090867384744,1.715731189821127,1.8296468908950845,4.432161823250976,0.00016085810332698902,negative_hard,10.0,0,0,0,1,0,1,1,0,0,0,-1,1,0,0,0,0,0,1,0,0
sim_0039_n3_seed81,81,0.001,3,784.0,0,body_0,23.12038132751752,16.22432647230617,7.482885605191107e-06,1.8064200533102478e-05,0.4350490115966294,0.8071240659860048,2,2.2945253871849567,3.7485107284443155,-10.630616916121284,2.301511425708913e-07,27.38460071763399,1.1027389656391412e-14,2.2945253871849567,0-2,51,13.100000000000023,13100,,,,,0,0.4350490115966294,0.7988221286644108,2.2945253871849567,3.7485107284443155,0.0001530054375322575,negative_baseline,20.0,0,0,0,1,0,1,0,0,0,0,-1,1,0,0,0,0,1,1,0,0
sim_0039_n3_seed81,81,0.001,3,785.0,0,body_0,23.12038132751752,16.22432647230617,9.608645844129757e-06,9.13761037447746e-06,0.29518447605691484,0.303912020468651,1,3.2716960737406358,3.5723436935222197,-10.630620171901665,-7.611326876689059e-08,27.38460071763396,9.859783692773497e-15,3.018468433293294,1-2,51,14.100000000000023,14100,,,,,0,0.29518447605691484,0.3043813755290028,3.2716960737406358,3.5723436935222197,0.00015354543123009568,negative_baseline,20.0,0,0,0,0,0,0,0,0,0,0,-1,0,0,0,0,0,0,1,0,0
sim_0039_n3_seed81,81,0.001,3,786.0,0,body_0,23.12038132751752,16.22432647230617,1.548395266250422e-05,4.763249376250171e-06,0.1704641937906354,0.09746184767972443,1,4.563681237689189,2.8309821445367107,-10.630619407420184,-4.200104096221494e-09,27.384600717633923,8.562443733198038e-15,3.241008662735147,1-2,51,15.100000000000023,15100,,,,,0,0.1704641937906354,0.09748175381020548,4.563681237689189,2.8309821445367107,0.00015192879152272143,negative_baseline,20.0,0,0,0,0,0,0,0,0,0,0,-1,0,0,0,0,0,0,1,0,0
sim_0039_n3_seed81,81,0.001,3,787.0,0,body_0,23.12038132751752,16.22432647230617,1.7350046479395685e-05,1.5069317004509495e-06,0.1287952336168495,0.016604928616457796,2,4.578884700120689,1.5748293417922088,-10.63061936560647,-2.6677604131343007e-10,27.384600717633806,4.281221866599019e-15,4.200378608635622,1-2,51,16.100000000000023,16100,,,,,0,0.1287952336168495,0.01661099079926007,4.578884700120689,1.5748293417922088,0.00016208206993415016,negative_baseline,20.0,0,0,0,0,0,0,0,0,0,0,-1,0,0,0,0,0,0,1,0,0
sim_0039_n3_seed81,81,0.001,3,788.0,0,body_0,23.12038132751752,16.22432647230617,1.6177211377443436e-05,4.258794578314906e-06,0.1597822488706434,0.11833927567079656,2,3.4262145809068123,2.504584905987254,-10.630619096152842,2.508016001121891e-08,27.38460071763377,2.9838819070235587e-15,3.4262145809068123,0-2,51,17.100000000000023,17100,,,,,0,0.1597822488706434,0.11789029350506057,3.4262145809068123,2.504584905987254,0.00017597022872041046,negative_baseline,20.0,0,0,0,0,0,0,0,0,0,0,-1,0,0,0,0,0,0,1,0,0
sim_0039_n3_seed81,81,0.001,3,788.2,0,body_0,23.12038132751752,16.22432647230617,1.569422458460662e-05,5.907233718060105e-06,0.18556857502512353,0.19459065709217263,2,3.0815940855215587,2.809451150284294,-10.630618874053054,4.597261978906249e-08,27.384600717633734,1.6865419474480983e-15,3.0815940855215587,0-2,51,17.300000000000068,17300,,,,,0,0.18556857502512353,0.19367886617898308,3.0815940855215587,2.809451150284294,0.00017571168320627375,negative_hard,10.0,0,0,0,0,1,0,0,0,0,0,-1,0,0,0,0,0,0,1,0,0
sim_0039_n3_seed81,81,0.001,3,788.7,0,body_0,23.12038132751752,16.22432647230617,1.5655098728680933e-05,1.2580525102252138e-05,0.3772117165880209,0.999261143660032,2,2.021884835400129,4.032158735555716,-10.63061715859477,2.0734217177173007e-07,27.384600717633766,2.8541479110660126e-15,2.021884835400129,0-2,51,17.800000000000068,17800,,,,,0,0.3772117165880209,0.9895754907478879,2.021884835400129,4.032158735555716,0.00016358535506954573,negative_hard,10.0,0,0,0,1,1,0,1,0,0,0,-1,1,0,0,0,0,0,1,0,0
sim_0039_n3_seed81,81,0.001,3,789.0,0,body_0,23.12038132751752,16.22432647230617,1.9065187071117418e-05,1.9280715828805822e-05,0.8454951252936189,4.08239006594681,2,1.3119895289565309,5.421354517673235,-10.630627986635666,-8.112288565389026e-07,27.384600717633802,4.151487870641473e-15,1.3119895289565309,0-2,51,18.100000000000023,18100,,,,,0,0.8454951252936189,4.105196848037496,1.3119895289565309,5.421354517673235,0.000149870290399259,negative_baseline,20.0,0,0,0,1,1,0,1,1,0,0,-1,1,0,0,1,1,0,1,0,0
sim_0039_n3_seed81,81,0.001,3,789.2,0,body_0,23.12038132751752,16.22432647230617,2.1243207159705636e-05,3.216714585885965e-05,1.2564220239933939,6.92245750315804,2,1.0632632234158417,6.176098004963754,-10.630680188999072,-5.721795364922532e-06,27.384600717633777,3.2433498989386505e-15,1.0632632234158417,0-2,51,18.300000000000068,18300,,,,,0,1.2564220239933939,7.329695376660923,1.0632632234158417,6.176098004963754,0.0001688298388142026,negative_hard,10.0,0,1,0,1,0,0,1,1,0,0,-1,1,0,0,1,1,0,1,0,0
sim_0039_n3_seed81,81,0.001,3,789.7,0,body_0,23.12038132751752,16.22432647230617,1.5832427173016893e-05,1.9207182407983345e-05,0.3392162402299797,1.0337407102113707,2,2.0013069650006825,4.063062088526566,-10.630617121956043,2.1078869980148054e-07,27.384600717633813,4.540689858514111e-15,2.0013069650006825,0-2,51,18.800000000000068,18800,,,,,0,0.3392162402299797,1.0280399587660396,2.0013069650006825,4.063062088526566,0.00021420285572171826,negative_hard,10.0,0,0,0,1,0,1,1,0,0,0,-1,1,0,0,1,1,0,1,0,0
sim_0039_n3_seed81,81,0.001,3,790.0,0,body_0,23.12038132751752,16.22432647230617,1.6736177104164288e-05,1.3342293515386175e-05,0.18822581219598325,0.3557731330969661,2,2.6747473753978497,3.2133805126109363,-10.630618438167067,8.697549760696296e-08,27.384600717633816,4.670423854471657e-15,2.6747473753978497,0-2,51,19.100000000000023,19100,,,,,0,0.18822581219598325,0.35467987491376296,2.6747473753978497,3.2133805126109363,0.00020989309102759934,negative_baseline,20.0,0,0,0,1,0,1,0,0,0,0,-1,1,0,0,0,0,0,1,0,0
sim_0039_n3_seed81,81,0.001,3,791.0,0,body_0,23.12038132751752,16.22432647230617,2.251355069405573e-05,8.142430860336698e-06,0.07920929873055865,0.04917775826660549,2,4.219285489892611,1.8913742172366848,-10.630619365143247,-2.232015222833968e-10,27.3846007176338,4.021753874683927e-15,4.219285489892611,0-2,51,20.100000000000023,20100,,,,,0,0.07920929873055865,0.049158818757357996,4.219285489892611,1.8913742172366848,0.00018506581773627652,negative_baseline,20.0,0,0,0,0,0,0,0,0,0,0,-1,0,0,0,0,0,0,1,0,0
sim_0039_n3_seed81,81,0.001,3,792.0,0,body_0,23.12038132751752,16.22432647230617,2.8006737332800002e-05,6.804827832009498e-06,0.06071614490236415,0.01691423518296336,2,4.927144458342092,1.3726851038709003,-10.630619447868323,-8.004975447555791e-09,27.384600717633873,6.746167789792393e-15,4.927144458342092,0-2,51,21.100000000000023,21100,,,,,0,0.06071614490236415,0.016912602887454244,4.927144458342092,1.3726851038709003,0.00016849601441826876,negative_baseline,20.0,0,0,0,0,0,0,0,0,0,0,-1,0,0,0,0,0,0,1,0,0
sim_0039_n3_seed81,81,0.001,3,793.0,0,body_0,23.12038132751752,16.22432647230617,3.395093210160379e-05,7.306704875400875e-06,0.0596932587755832,0.014268796603816745,2,4.962024906616526,1.3428361570659295,-10.630619450811285,-8.281813638227404e-09,27.384600717633827,5.059625842344295e-15,4.962024906616526,0-2,51,22.100000000000023,22100,,,,,0,0.0596932587755832,0.014256986488593314,4.962024906616526,1.3428361570659295,0.00017269967654353144,negative_baseline,20.0,0,0,0,0,0,0,0,0,0,0,-1,0,0,0,0,0,0,1,0,0
sim_0039_n3_seed81,81,0.001,3,794.0,0,body_0,23.12038132751752,16.22432647230617,4.22222736898675e-05,1.1375716854068468e-05,0.07588238148216868,0.04088407366846282,2,4.328940351493172,1.8020705461806361,-10.6306193838433,-1.9822761747992035e-09,27.384600717633777,3.2433498989386505e-15,4.328940351493172,0-2,51,23.100000000000023,23100,,,,,0,0.07588238148216868,0.04081288382053066,4.328940351493172,1.8020705461806361,0.00021450317711289805,negative_baseline,20.0,0,0,0,0,0,0,0,0,0,0,-1,0,0,0,0,0,0,1,0,0
sim_0039_n3_seed81,81,0.001,3,794.85,0,body_0,23.12038132751752,16.22432647230617,5.4868058104763856e-05,2.5468088551759933e-05,0.1410045445538931,0.18504291904319323,2,3.1585274868689983,2.7301838119071333,-10.630618932498983,4.047473420112672e-08,27.38460071763379,3.7622858827688345e-15,3.1585274868689983,0-2,51,23.950000000000045,23950,,,,,0,0.1410045445538931,0.1842586689424439,3.1585274868689983,2.7301838119071333,0.00031671436949774377,negative_hard,10.0,0,0,0,0,1,0,0,0,0,0,-1,0,0,0,0,0,0,1,0,0
sim_0039_n3_seed81,81,0.001,3,795.0,0,body_0,23.12038132751752,16.22432647230617,5.8347584940708055e-05,3.1763583499028575e-05,0.17065620719532695,0.2711470190948179,2,2.8752007092096714,2.997862121297127,-10.630618659226263,6.618092409306764e-08,27.384600717633788,3.6325518868112884e-15,2.8752007092096714,0-2,51,24.100000000000023,24100,,,,,0,0.17065620719532695,0.26970092780842686,2.8752007092096714,2.997862121297127,0.0003497980509736953,negative_baseline,20.0,0,0,0,0,1,0,0,0,0,0,-1,0,0,0,0,0,0,1,0,0
sim_0039_n3_seed81,81,0.001,3,795.35,0,body_0,23.12038132751752,16.22432647230617,6.958576772737345e-05,6.446952541744186e-05,0.32126863882562495,0.8734832893178827,2,2.1075197346100647,3.900327549880216,-10.630617143351158,2.0877610634075456e-07,27.384600717633788,3.6325518868112884e-15,2.1075197346100647,0-2,51,24.450000000000045,24450,,,,,0,0.32126863882562495,0.86495624992216,2.1075197346100647,3.900327549880216,0.00047038559600137746,negative_hard,10.0,0,0,0,1,1,0,0,0,0,0,-1,1,0,0,1,1,0,1,0,0
sim_0039_n3_seed81,81,0.001,3,795.85,0,body_0,23.12038132751752,16.22432647230617,9.045473504600571e-05,0.0003184990700118171,1.3368400576083148,7.597188164029989,2,1.0386117301882636,6.260841200568091,-10.63068420433168,-6.099509256261445e-06,27.384600717633806,4.281221866599019e-15,1.0386117301882636,0-2,51,24.950000000000045,24950,,,,,0,1.3368400576083148,8.061736675399253,1.0386117301882636,6.260841200568091,0.0008680009410007422,negative_hard,10.0,0,1,0,1,0,0,1,1,0,0,-1,1,0,0,1,1,0,1,0,0
sim_0039_n3_seed81,81,0.001,3,796.0,0,body_0,23.12038132751752,16.22432647230617,8.002801683912714e-05,0.0002908045717399529,1.1514367600059112,6.418043567082474,2,1.1188496357991933,5.983888736259006,-10.630654584373648,-3.3132221152767144e-06,27.38460071763379,3.7622858827688345e-15,1.1188496357991933,0-2,51,25.100000000000023,25100,,,,,0,1.1514367600059112,6.661112768939755,1.1188496357991933,5.983888736259006,0.0008883310527477592,negative_baseline,20.0,0,1,1,1,0,0,1,1,0,0,-1,1,0,0,1,1,0,1,0,0
sim_0039_n3_seed81,81,0.001,3,796.35,0,body_0,23.12038132751752,16.22432647230617,5.576179353301368e-05,0.00010735426317623734,0.38430821213648186,1.2004251423545467,2,1.9241976559078662,4.175298312119598,-10.63061666194539,2.540609340989186e-07,27.384600717633845,5.708295822132025e-15,1.9241976559078662,0-2,51,25.450000000000045,25450,,,,,0,0.38430821213648186,1.1928233773952002,1.9241976559078662,4.175298312119598,0.000704145759760833,negative_hard,10.0,0,0,0,1,0,1,1,0,0,0,-1,1,0,0,1,1,0,1,0,0
sim_0039_n3_seed81,81,0.001,3,797.0,0,body_0,23.12038132751752,16.22432647230617,5.231048804539613e-05,4.250197735974013e-05,0.12385298567476287,0.15646112909434154,2,3.2903138196929924,2.615482907339686,-10.630619014730541,3.273938448675135e-08,27.384600717633877,6.875901785749939e-15,3.2903138196929924,0-2,51,26.100000000000023,26100,,,,,0,0.12385298567476287,0.15622644897590643,3.2903138196929924,2.615482907339686,0.0005284887994835208,negative_baseline,20.0,0,0,0,0,0,1,0,0,0,0,-1,0,0,0,0,0,0,1,0,0
sim_0039_n3_seed81,81,0.001,3,798.0,0,body_0,23.12038132751752,16.22432647230617,6.74564099965984e-05,3.2331949704152565e-05,0.06009393177225242,0.036651158692551186,2,4.5395550773329845,1.6651280254152305,-10.630619383762143,-1.974641961574911e-09,27.384600717633912,8.1732417453254e-15,4.5395550773329845,0-2,51,27.100000000000023,27100,,,,,0,0.06009393177225242,0.03664455795755178,4.5395550773329845,1.6651280254152305,0.00046610118806884106,negative_baseline,20.0,0,0,0,0,0,0,0,0,0,0,-1,0,0,0,0,0,0,1,0,0
sim_0039_n3_seed81,81,0.001,3,799.0,0,body_0,23.12038132751752,16.22432647230617,9.244746699342339e-05,4.2926248865069417e-05,0.05193341522178335,0.03450460214988302,2,5.042400433628462,1.3268835279075977,-10.630619386543483,-2.236276726978673e-09,27.384600717633948,9.47058170490086e-15,5.042400433628462,0-2,51,28.100000000000023,28100,,,,,0,0.05193341522178335,0.0344802627653135,5.042400433628462,1.3268835279075977,0.0005373705958402073,negative_baseline,20.0,0,0,0,0,0,0,0,0,0,0,-1,0,0,0,0,0,0,1,0,0
sim_0039_n3_seed81,81,0.001,3,800.0,0,body_0,23.12038132751752,16.22432647230617,0.0001354824874818387,7.868771345530487e-05,0.08219955294072634,0.09755142900354441,1,4.407922034628283,2.6735358558301345,-10.630619272172968,8.522317004358784e-09,27.384600717633973,1.0378719676603682e-14,4.407922034628283,0-1,51,29.100000000000023,29100,,,,,0,0.08219955294072634,0.09739901959126931,4.407922034628283,2.6735358558301345,0.0007367269608442795,negative_baseline,20.0,0,0,0,0,0,0,0,0,0,0,-1,0,0,0,0,0,0,1,0,0
sim_0039_n3_seed81,81,0.001,3,800.45,0,body_0,23.12038132751752,16.22432647230617,0.00016701579664794684,0.00011573453324186608,0.12828458098525836,0.19420132841417845,1,3.6734493350064263,3.0689968855802743,-10.63061922239515,1.3204811572631392e-08,27.384600717633973,1.0378719676603682e-14,3.6734493350064263,0-1,51,29.550000000000068,29550,,,,,0,0.12828458098525836,0.19384156279406817,3.6734493350064263,3.0689968855802743,0.0008845834660814239,negative_hard,10.0,0,0,0,0,1,0,0,0,0,0,-1,0,0,0,0,0,0,1,0,0
sim_0039_n3_seed81,81,0.001,3,801.0,0,body_0,23.12038132751752,16.22432647230617,0.000224020521881674,0.0002042414568855222,0.2634908353306353,0.5137850735452948,1,2.7834960383357634,3.7088851675877197,-10.630619975521888,-5.764023631798899e-08,27.384600717634004,1.1546325640221597e-14,2.7834960383357634,0-1,51,30.100000000000023,30100,,,,,0,0.2634908353306353,0.5134261233347646,2.7834960383357634,3.7088851675877197,0.0011378816124825324,negative_baseline,20.0,0,0,0,1,0,0,0,0,0,0,-1,1,0,0,0,0,0,1,0,0
sim_0039_n3_seed81,81,0.001,3,801.25,0,body_0,23.12038132751752,16.22432647230617,0.00025677574552149924,0.00026318779557955,0.3709604130342254,0.7761303623580866,1,2.446287814458765,4.025736528266319,-10.630621658147419,-2.1592128025756777e-07,27.38460071763403,1.245446361192442e-14,2.446287814458765,0-1,51,30.350000000000023,30350,,,,,0,0.3709604130342254,0.7773801536984529,2.446287814458765,4.025736528266319,0.0012753816974912415,negative_hard,10.0,0,0,0,1,0,0,1,0,0,0,-1,1,0,0,0,0,0,1,0,0
sim_0039_n3_seed81,81,0.001,3,801.75,0,body_0,23.12038132751752,16.22432647230617,0.0003094121683551203,0.0003122093358177232,0.5605602833653606,1.1387520399565314,1,2.172594796246406,4.318926104205937,-10.630625085830196,-5.383561883887549e-07,27.38460071763402,1.2065261624051781e-14,2.172594796246406,0-1,51,30.850000000000023,30850,,,,,0,0.5605602833653606,1.1453737581468966,2.172594796246406,4.318926104205937,0.001487928400233331,negative_hard,10.0,0,0,0,1,0,0,1,0,0,0,-1,1,0,0,0,0,0,1,0,0
sim_0039_n3_seed81,81,0.001,3,802.0,0,body_0,23.12038132751752,16.22432647230617,0.0003147760604333333,0.00024714984611732204,0.5566699605552822,1.014950570868743,1,2.308813618853872,4.152143526969674,-10.630622779915942,-3.2144368540857404e-07,27.384600717634015,1.1935527628094235e-14,2.308813618853872,0-1,51,31.100000000000023,31100,,,,,0,0.5566699605552822,1.018430323741163,2.308813618853872,4.152143526969674,0.0015266675103562596,negative_baseline,20.0,0,0,0,1,0,0,1,0,0,0,-1,1,0,0,0,0,1,1,0,0
sim_0039_n3_seed81,81,0.001,3,802.25,0,body_0,23.12038132751752,16.22432647230617,0.0003107161176018366,0.00015986353801088297,0.5229747387698325,0.8341633825744883,1,2.5822602101691543,3.8642848755142314,-10.63062114048984,-1.6722632078631303e-07,27.384600717634015,1.1935527628094235e-14,2.260027815104918,1-2,51,31.350000000000023,31350,,,,,0,0.5229747387698325,0.8338353702996313,2.5822602101691543,3.8642848755142314,0.0015673994908924952,negative_hard,10.0,0,0,0,1,0,0,0,0,0,0,-1,1,0,0,0,0,1,1,0,0
sim_0039_n3_seed81,81,0.001,3,802.75,0,body_0,23.12038132751752,16.22432647230617,0.00031816923643257494,0.00028203973173602934,0.5708370179201983,1.7226109293249672,2,1.7357005474127347,4.652533050539973,-10.630622109816834,-2.5840887193449903e-07,27.38460071763401,1.1805793632136689e-14,1.7357005474127347,0-2,51,31.850000000000023,31850,,,,,0,0.5708370179201983,1.723357713443504,1.7357005474127347,4.652533050539973,0.0018854911789339798,negative_hard,10.0,0,0,0,1,1,0,1,0,0,0,-1,1,0,0,0,0,0,1,0,0
sim_0039_n3_seed81,81,0.001,3,803.0,0,body_0,23.12038132751752,16.22432647230617,0.00033406054667194844,0.000473645054888384,0.6382726469981767,2.7278298462225083,2,1.4264367641461775,5.287788718739247,-10.630636861631373,-1.6460810325383638e-06,27.384600717634022,1.2194995620009327e-14,1.4264367641461775,0-2,51,32.10000000000002,32100,,,,,0,0.6382726469981767,2.7857669866732078,1.4264367641461775,5.287788718739247,0.002095042513508227,negative_baseline,20.0,0,0,0,1,0,0,1,1,0,0,-1,1,0,0,0,0,0,1,0,0
sim_0039_n3_seed81,81,0.001,3,803.25,0,body_0,23.12038132751752,16.22432647230617,0.00031517443923886115,0.000402941478855757,0.4712907938502301,2.1016874426892693,2,1.5326155217476847,5.072101410471107,-10.630629179965684,-9.234829009355532e-07,27.384600717634022,1.2194995620009327e-14,1.5326155217476847,0-2,51,32.35000000000002,32350,,,,,0,0.4712907938502301,2.1316945844546464,1.5326155217476847,5.072101410471107,0.0019826237720050647,negative_hard,10.0,0,0,0,1,0,0,1,1,0,0,-1,1,0,0,0,0,0,1,0,0
sim_0039_n3_seed81,81,0.001,3,803.75,0,body_0,23.12038132751752,16.22432647230617,0.00023537081598585844,0.000120699094348227,0.17932380033865938,0.4047441558074827,2,2.4852850739970527,3.6702918386725822,-10.630618536509207,7.772465939999079e-08,27.384600717634033,1.2584197607881964e-14,2.4852850739970527,0-2,51,32.85000000000002,32850,,,,,0,0.17932380033865938,0.4039511131116151,2.4852850739970527,3.6702918386725822,0.0014022259355387131,negative_hard,10.0,0,0,0,1,0,1,0,0,0,0,-1,1,0,0,0,0,0,1,0,0
sim_0039_n3_seed81,81,0.001,3,804.0,0,body_0,23.12038132751752,16.22432647230617,0.0002118823636536277,8.063261923027239e-05,0.13817218523926905,0.2009030629456363,2,2.992855085019252,3.1761523572942747,-10.630618802526229,5.270099778009395e-08,27.384600717634058,1.3492335579584786e-14,2.992855085019252,0-2,51,33.10000000000002,33100,,,,,0,0.13817218523926905,0.20061189843232213,2.992855085019252,3.1761523572942747,0.0012353495100439114,negative_baseline,20.0,0,0,0,0,0,1,0,0,0,0,-1,0,0,0,0,0,0,1,0,0
sim_0039_n3_seed81,81,0.001,3,805.0,0,body_0,23.12038132751752,16.22432647230617,0.0002020007491514121,6.539030460031498e-05,0.0809794980591705,0.03942138038650632,2,4.610031002148416,2.0524853966884584,-10.63061934042154,2.1023174812927975e-09,27.384600717634065,1.3751803571499879e-14,4.610031002148416,0-2,51,34.10000000000002,34100,,,,,0,0.0809794980591705,0.03941813776596197,4.610031002148416,2.0524853966884584,0.0012248953299934756,negative_baseline,20.0,0,0,0,0,0,0,0,0,0,0,-1,0,0,0,0,0,0,1,0,0
sim_0039_n3_seed81,81,0.001,3,806.0,0,body_0,23.12038132751752,16.22432647230617,0.0002549160026866258,6.69421091670995e-05,0.061039982201502786,0.016774097238302373,2,5.617460040384363,1.4949287763292067,-10.630619434359883,-6.73426485889085e-09,27.384600717634118,1.569781351086307e-14,5.617460040384363,0-2,51,35.10000000000002,35100,,,,,0,0.061039982201502786,0.01677553572595316,5.617460040384363,1.4949287763292067,0.0016269524709558887,negative_baseline,20.0,0,0,0,0,0,0,0,0,0,0,-1,0,0,0,0,0,0,1,0,0
sim_0039_n3_seed81,81,0.001,3,807.0,0,body_0,23.12038132751752,16.22432647230617,0.00032244427849001503,7.084353212699812e-05,0.05156605719818838,0.00874190034431449,2,6.132905404739494,1.209892144923657,-10.63061945862805,-9.01712036255621e-09,27.384600717634044,1.2973399595754602e-14,6.132905404739494,0-2,51,36.10000000000002,36100,,,,,0,0.05156605719818838,0.008743112455907141,6.132905404739494,1.209892144923657,0.002088151422534987,negative_baseline,20.0,0,0,0,0,0,0,0,0,0,0,-1,0,0,0,0,0,0,1,0,0
sim_0039_n3_seed81,81,0.001,3,808.0,0,body_0,23.12038132751752,16.22432647230617,0.000391528877096082,8.362837455646707e-05,0.0472025844737051,0.004844500881663107,2,6.212619484987286,1.1573892079733652,-10.630619463261056,-9.452937405061469e-09,27.38460071763399,1.1027389656391412e-14,6.212619484987286,0-2,51,37.10000000000002,37100,,,,,0,0.0472025844737051,0.004844967991421546,6.212619484987286,1.1573892079733652,0.0025560058881224338,negative_baseline,20.0,0,0,0,0,0,0,0,0,0,0,-1,0,0,0,0,0,0,1,0,0
sim_0039_n3_seed81,81,0.001,3,809.0,0,body_0,23.12038132751752,16.22432647230617,0.00046178408898447975,0.0001128682575700171,0.04656834319147646,0.005651804828276248,2,5.864889067075709,1.3377321619126397,-10.630619453993749,-8.581181338400729e-09,27.384600717633923,8.562443733198038e-15,5.864889067075709,0-2,51,38.10000000000002,38100,,,,,0,0.04656834319147646,0.005646055961221423,5.864889067075709,1.3377321619126397,0.0030556798455720763,negative_baseline,20.0,0,0,0,0,0,0,0,0,0,0,-1,0,0,0,0,0,0,1,0,0
sim_0039_n3_seed81,81,0.001,3,810.0,0,body_0,23.12038132751752,16.22432647230617,0.0005407728854893983,0.00017470553453466085,0.051834971272420094,0.019312275560957045,2,5.050871600538013,1.763492549491118,-10.630619409766528,-4.420819699312609e-09,27.384600717633894,7.524571765537669e-15,5.050871600538013,0-2,51,39.10000000000002,39100,,,,,0,0.051834971272420094,0.019279900200361366,5.050871600538013,1.763492549491118,0.0036727872590667215,negative_baseline,20.0,0,0,0,0,0,0,0,0,0,0,-1,0,0,0,0,0,0,1,0,0
sim_0039_n3_seed81,81,0.001,3,811.0,0,body_0,23.12038132751752,16.22432647230617,0.0006532121938735699,0.0003391859017956472,0.08770650297525498,0.10477776953987755,2,3.6562421715841196,2.5993380022823436,-10.630619135354358,2.1392555802875467e-08,27.384600717633916,8.302975741282946e-15,3.6562421715841196,0-2,51,40.10000000000002,40100,,,,,0,0.08770650297525498,0.10442161898458974,3.6562421715841196,2.5993380022823436,0.004677450255075911,negative_baseline,20.0,0,0,0,0,1,0,0,0,0,0,-1,0,0,0,0,0,0,1,0,0
sim_0039_n3_seed81,81,0.001,3,811.2,0,body_0,23.12038132751752,16.22432647230617,0.0006855723334011076,0.0004106868482110195,0.11047896706298307,0.1648804406597028,2,3.2882347058964934,2.8706388859675678,-10.630618949648031,3.886155929397025e-08,27.38460071763395,9.600315700858407e-15,3.2882347058964934,0-2,51,40.30000000000007,40300,,,,,0,0.11047896706298307,0.16418170115354128,3.2882347058964934,2.8706388859675678,0.004996499833172061,negative_hard,10.0,0,0,0,0,1,0,0,0,0,0,-1,0,0,0,0,0,0,1,0,0
sim_0039_n3_seed81,81,0.001,3,811.5500000000001,0,body_0,23.12038132751752,16.22432647230617,0.0007589734123530356,0.0006365823940371746,0.19647484870277582,0.4393757104891177,2,2.5586750471725535,3.5298958944283174,-10.630618239243805,1.0568779037885074e-07,27.384600717633926,8.692177729155584e-15,2.5586750471725535,0-2,51,40.65000000000009,40650,,,,,0,0.19647484870277582,0.4364480464136633,2.5586750471725535,3.5298958944283174,0.005776480572005963,negative_hard,8.0,0,0,0,1,1,0,0,0,0,0,-1,1,0,0,0,0,0,1,0,0
sim_0039_n3_seed81,81,0.001,3,811.95,0,body_0,23.12038132751752,16.22432647230617,0.0008849236127770893,0.0014096162731514253,0.5420603177213663,2.0768853767256457,2,1.625891337190315,4.841369312648726,-10.630619797064742,-4.0853148015822294e-08,27.384600717633923,8.562443733198038e-15,1.625891337190315,0-2,51,41.05000000000007,41050,,,,,0,0.5420603177213663,2.068310701168318,1.625891337190315,4.841369312648726,0.0073584459589556865,negative_hard,8.0,0,0,0,1,1,0,1,0,0,0,-1,1,0,0,1,1,0,1,0,0
sim_0039_n3_seed81,81,0.001,3,812.0,0,body_0,23.12038132751752,16.22432647230617,0.0009028120918456105,0.0015970031445830238,0.6304626273995257,2.570112601017084,2,1.5160631062797207,5.062410773698419,-10.630622503603718,-2.9545157570855334e-07,27.384600717633916,8.302975741282946e-15,1.5160631062797207,0-2,51,41.10000000000002,41100,,,,,0,0.6304626273995257,2.5704434867593404,1.5160631062797207,5.062410773698419,0.007628490192097924,negative_baseline,20.0,0,0,0,1,1,0,1,1,0,0,-1,1,0,0,1,1,0,1,0,0
sim_0039_n3_seed81,81,0.001,3,812.35,0,body_0,23.12038132751752,16.22432647230617,0.0008843368355737768,0.002250993656970289,1.025519604056843,4.541784495022456,2,1.223005614251853,5.783495303935314,-10.630650325380024,-2.9125875446827403e-06,27.38460071763394,9.211113712985768e-15,1.223005614251853,0-2,51,41.450000000000045,41450,,,,,0,1.025519604056843,4.704812638116942,1.223005614251853,5.783495303935314,0.008517832975887388,negative_hard,8.0,0,1,0,1,0,0,1,1,0,0,-1,1,0,0,1,1,0,1,0,0
sim_0039_n3_seed81,81,0.001,3,812.75,0,body_0,23.12038132751752,16.22432647230617,0.0006609493065095742,0.0008329237611773666,0.39551415578996274,0.9350390620864044,2,2.0356825576572666,4.1606530315995265,-10.63061754038732,1.714277498037737e-07,27.384600717633933,8.951645721070676e-15,2.0356825576572666,0-2,51,41.85000000000002,41850,,,,,0,0.39551415578996274,0.9311047808353362,2.0356825576572666,4.1606530315995265,0.006794387406708589,negative_hard,8.0,0,0,0,1,0,1,1,0,0,0,-1,1,0,0,0,0,0,1,0,0
sim_0039_n3_seed81,81,0.001,3,813.0,0,body_0,23.12038132751752,16.22432647230617,0.0006020077613758897,0.0005798895826157159,0.25502749030053906,0.34983296031518185,2,2.6118507635711357,3.4524382977576993,-10.630618230134989,1.0654463761428383e-07,27.384600717633923,8.562443733198038e-15,2.6118507635711357,0-2,51,42.10000000000002,42100,,,,,0,0.25502749030053906,0.34877280878431705,2.6118507635711357,3.4524382977576993,0.0062355587295444435,negative_baseline,20.0,0,0,0,1,0,1,0,0,0,0,-1,1,0,0,0,0,0,1,0,0
sim_0039_n3_seed81,81,0.001,3,813.15,0,body_0,23.12038132751752,16.22432647230617,0.0005851205837717095,0.0005193736580975873,0.21496103838321906,0.20941017964697406,2,2.9312689750524292,3.1389706068211924,-10.63061859029743,7.26649143543498e-08,27.384600717633937,9.081379717028222e-15,2.9312689750524292,0-2,51,42.25,42250,,,,,0,0.21496103838321906,0.2090164428462108,2.9312689750524292,3.1389706068211924,0.006062380814649329,negative_hard,8.0,0,0,0,0,0,1,0,0,0,0,-1,0,0,0,0,0,0,1,0,0
sim_0039_n3_seed81,81,0.001,3,813.5500000000001,0,body_0,23.12038132751752,16.22432647230617,0.0005775764864746398,0.0004916479724332822,0.1857884087718914,0.12979660891449948,2,3.676355792412589,2.5486609586676323,-10.630619081980797,2.6413294458738192e-08,27.384600717633926,8.692177729155584e-15,3.676355792412589,0-2,51,42.65000000000009,42650,,,,,0,0.1857884087718914,0.12969891856197274,3.676355792412589,2.5486609586676323,0.005948313316778389,negative_hard,8.0,0,0,0,0,0,0,0,0,0,0,-1,0,0,0,0,0,0,1,0,0
sim_0039_n3_seed81,81,0.001,3,813.95,0,body_0,23.12038132751752,16.22432647230617,0.00059737594890968,0.0005623995788718087,0.22451978624436972,0.24302562702245825,1,3.3850119698537307,3.2927112049450713,-10.630619460079936,-9.153696198188443e-09,27.384600717633983,1.076792166447632e-14,3.3850119698537307,0-1,51,43.05000000000007,43050,,,,,0,0.22451978624436972,0.24280842861715632,3.3850119698537307,3.2927112049450713,0.006113694682232038,negative_hard,8.0,0,0,0,0,0,0,0,0,0,0,-1,0,0,0,0,0,0,1,0,0
sim_0039_n3_seed81,81,0.001,3,814.0,0,body_0,23.12038132751752,16.22432647230617,0.0006004614690422313,0.0005761260277103199,0.23300890805780466,0.26303519290953387,1,3.3145770790273605,3.3407445735561043,-10.630619533278432,-1.6039324744877862e-08,27.38460071763399,1.1027389656391412e-14,3.3145770790273605,0-1,51,43.10000000000002,43100,,,,,0,0.23300890805780466,0.26282678363646134,3.3145770790273605,3.3407445735561043,0.00614402364772054,negative_baseline,20.0,0,0,0,0,0,0,0,0,0,0,-1,0,0,0,0,0,0,1,0,0
sim_0039_n3_seed81,81,0.001,3,814.35,0,body_0,23.12038132751752,16.22432647230617,0.0006171616375358877,0.0006913220373050633,0.3107446787833321,0.43409638509839266,1,2.863676585626093,3.684693285937766,-10.63062047297095,-1.0443422305788849e-07,27.384600717634022,1.2194995620009327e-14,2.863676585626093,0-1,51,43.450000000000045,43450,,,,,0,0.3107446787833321,0.4343838858443834,2.863676585626093,3.684693285937766,0.006354398842719145,negative_hard,8.0,0,0,0,0,0,0,0,0,0,0,-1,0,0,0,0,0,0,1,0,0
sim_0039_n3_seed81,81,0.001,3,814.75,0,body_0,23.12038132751752,16.22432647230617,0.0006002224947959433,0.0007842053284267257,0.4065863605320337,0.6287679530901578,1,2.5296938107129963,3.9916047906049257,-10.630622473095979,-2.925817769210567e-07,27.384600717634047,1.3103133591712148e-14,2.5296938107129963,0-1,51,43.85000000000002,43850,,,,,0,0.4065863605320337,0.6309597729188106,2.5296938107129963,3.9916047906049257,0.006396416750230682,negative_hard,8.0,0,0,0,1,0,0,1,0,0,0,-1,1,0,0,0,0,0,1,0,0
sim_0039_n3_seed81,81,0.001,3,815.0,0,body_0,23.12038132751752,16.22432647230617,0.0005544360681403542,0.0007397688894545074,0.42830463437954924,0.664087354946792,1,2.485840973991654,4.037100832309006,-10.630622922579459,-3.3486374229212757e-07,27.384600717634058,1.3492335579584786e-14,2.485840973991654,0-1,51,44.10000000000002,44100,,,,,0,0.42830463437954924,0.6669308559239079,2.485840973991654,4.037100832309006,0.006186420037701178,negative_baseline,20.0,0,0,0,1,0,0,1,0,0,0,-1,1,0,0,0,0,0,1,0,0
sim_0039_n3_seed81,81,0.001,3,815.15,0,body_0,23.12038132751752,16.22432647230617,0.0005140605084127988,0.0006694630364913275,0.4182286274243539,0.6374201189813185,1,2.5301581920995697,3.9932789037130627,-10.630622489663644,-2.941402622743756e-07,27.38460071763406,1.3622069575542333e-14,2.5301581920995697,0-1,51,44.25,44250,,,,,0,0.4182286274243539,0.639958381635816,2.5301581920995697,3.9932789037130627,0.005972484497408197,negative_hard,8.0,0,0,0,1,0,0,1,0,0,0,-1,1,0,0,0,0,0,1,0,0
sim_0039_n3_seed81,81,0.001,3,815.5500000000001,0,body_0,23.12038132751752,16.22432647230617,0.0003837150729662182,0.0004403647246103442,0.3381846837098957,0.45272765801586135,1,2.8663040593986806,3.687821763745584,-10.630620525243799,-1.0935142001288271e-07,27.384600717634054,1.336260158362724e-14,2.8663040593986806,0-1,51,44.65000000000009,44650,,,,,0,0.3381846837098957,0.45357233906324584,2.8663040593986806,3.687821763745584,0.0052797052591616765,negative_hard,8.0,0,0,0,0,0,0,0,0,0,0,-1,0,0,0,0,0,0,1,0,0
sim_0039_n3_seed81,81,0.001,3,816.0,0,body_0,23.12038132751752,16.22432647230617,0.00025393981306500075,0.00029351369366111826,0.24446520889014053,0.24830199144495324,1,3.4639381819000254,3.2429390250092514,-10.630619536071787,-1.630208976217492e-08,27.384600717634076,1.4141005559372517e-14,3.4639381819000254,0-1,51,45.10000000000002,45100,,,,,0,0.24446520889014053,0.24840248461277656,3.4639381819000254,3.2429390250092514,0.004668500710019345,negative_baseline,20.0,0,0,0,0,0,0,0,0,0,0,-1,0,0,0,0,0,0,1,0,0
sim_0039_n3_seed81,81,0.001,3,817.0,0,body_0,23.12038132751752,16.22432647230617,0.00023949022478160067,0.00022716828541633047,0.14621441067381252,0.05787857170080618,1,4.912109287129643,2.4278024376706497,-10.630619378869211,-1.5143741150278514e-09,27.384600717634076,1.4141005559372517e-14,3.3656774960425024,1-2,51,46.10000000000002,46100,,,,,0,0.14621441067381252,0.05788181738794741,4.912109287129643,2.4278024376706497,0.00432140531145709,negative_baseline,20.0,0,0,0,0,0,0,0,0,0,0,-1,0,0,0,0,0,0,1,0,0
sim_0039_n3_seed81,81,0.001,3,818.0,0,body_0,23.12038132751752,16.22432647230617,0.00037323965766121095,0.00017160648119358998,0.13308867169556296,0.03147089022750511,2,4.452428109302144,2.328551706614988,-10.630619415186334,-4.930649525835985e-09,27.384600717633905,7.913773753410307e-15,3.537766697042339,1-2,51,47.10000000000002,47100,,,,,0,0.13308867169556296,0.03140396309966486,4.452428109302144,2.328551706614988,0.004829369926974854,negative_baseline,20.0,0,0,0,0,0,0,0,0,0,0,-1,0,0,0,0,0,0,1,0,0
sim_0039_n3_seed81,81,0.001,3,818.4,0,body_0,23.12038132751752,16.22432647230617,0.00040069811456494293,0.0001488775770820058,0.1444936376911363,0.06496142410434097,2,3.976936898148098,2.6271739828895098,-10.630619428158695,-6.150932231906178e-09,27.384600717633898,7.654305761495215e-15,3.7974461817544998,1-2,51,47.5,47500,,,,,0,0.1444936376911363,0.06485622958174275,3.976936898148098,2.6271739828895098,0.005283999643585466,negative_hard,8.0,0,0,0,0,0,0,0,0,0,0,-1,0,0,0,0,0,0,1,0,0
sim_0039_n3_seed81,81,0.001,3,818.8000000000001,0,body_0,23.12038132751752,16.22432647230617,0.0004010307909339578,0.0001732671299189835,0.16756039348135315,0.12022685396422599,2,3.4727924459007684,2.9586755511611686,-10.63061948841586,-1.1819196943026901e-08,27.38460071763391,8.043507749367853e-15,3.4727924459007684,0-2,51,47.90000000000009,47900,,,,,0,0.16756039348135315,0.1200739436335133,3.4727924459007684,2.9586755511611686,0.0059594700589288875,negative_hard,8.0,0,0,0,0,0,0,0,0,0,0,-1,0,0,0,0,0,0,1,0,0
sim_0039_n3_seed81,81,0.001,3,819.0,0,body_0,23.12038132751752,16.22432647230617,0.00039035532743000206,0.0002261524160672417,0.1843485349005885,0.16040906270455824,2,3.2212129739607813,3.139198253059015,-10.630619577532121,-2.0202176146415737e-08,27.38460071763389,7.394837769580123e-15,3.2212129739607813,0-2,51,48.10000000000002,48100,,,,,0,0.1843485349005885,0.16025239869538807,3.2212129739607813,3.139198253059015,0.006402778964678361,negative_baseline,20.0,0,0,0,0,0,0,0,0,0,0,-1,0,0,0,0,0,0,1,0,0
sim_0039_n3_seed81,81,0.001,3,819.2,0,body_0,23.12038132751752,16.22432647230617,0.00037575755520202064,0.00031254288665792266,0.20475428409624946,0.21132648962604728,2,2.979469575762901,3.3276110286090472,-10.63061975444792,-3.6844273215870026e-08,27.384600717633866,6.486699797877301e-15,2.979469575762901,0-2,51,48.30000000000007,48300,,,,,0,0.20475428409624946,0.21122852531675565,2.979469575762901,3.3276110286090472,0.006925454994806196,negative_hard,8.0,0,0,0,0,0,0,0,0,0,0,-1,0,0,0,0,0,0,1,0,0
sim_0039_n3_seed81,81,0.001,3,819.6,0,body_0,23.12038132751752,16.22432647230617,0.000381382578050467,0.0005827749700553375,0.2506595678037582,0.33729507189957153,2,2.5727639131893496,3.6911711384726535,-10.63062056000788,-1.1262160401675232e-07,27.384600717633873,6.746167789792393e-15,2.5727639131893496,0-2,51,48.700000000000045,48700,,,,,0,0.2506595678037582,0.3378262906592032,2.5727639131893496,3.6911711384726535,0.008177387055751661,negative_hard,8.0,0,0,0,1,0,0,0,0,0,0,-1,1,0,0,0,0,0,1,0,0
sim_0039_n3_seed81,81,0.001,3,820.0,0,body_0,23.12038132751752,16.22432647230617,0.0005459610418254665,0.0008903685991246973,0.2714696696328541,0.419879783894465,2,2.3773440281501244,3.893388905279502,-10.630621485312254,-1.9966303989088124e-07,27.38460071763386,6.22723180596221e-15,2.3773440281501244,0-2,51,49.10000000000002,49100,,,,,0,0.2714696696328541,0.4214728300885947,2.3773440281501244,3.893388905279502,0.009417599872075504,negative_hard,8.0,0,0,0,1,0,0,0,0,0,0,-1,1,0,0,0,0,0,1,0,0
sim_0039_n3_seed81,81,0.001,3,820.2,0,body_0,23.12038132751752,16.22432647230617,0.0006800138820484305,0.0009831187688161501,0.2582319906301148,0.4094457106154746,2,2.393897726216876,3.874606100332063,-10.630621386340977,-1.903530200304784e-07,27.384600717633838,5.448827830216933e-15,2.393897726216876,0-2,51,49.30000000000007,49300,,,,,0,0.2582319906301148,0.4110225593875433,2.393897726216876,3.874606100332063,0.009852706520165143,negative_pre_failure,1.0,0,0,0,1,0,0,0,0,0,0,-1,1,0,0,0,0,0,1,0,0
sim_0039_n3_seed81,81,0.001,3,820.25,0,body_0,23.12038132751752,16.22432647230617,0.0007150798300987639,0.0009959706931536847,0.2524432906618497,0.40106742252273914,2,2.410391036087655,3.8565347995347623,-10.630621290751133,-1.813610845341413e-07,27.384600717633855,6.0974978100046635e-15,2.410391036087655,0-2,51,49.35000000000002,49350,,,,,0,0.2524432906618497,0.40256358416578947,2.410391036087655,3.8565347995347623,0.009933133412065509,negative_pre_failure,1.0,0,0,0,1,0,0,0,0,0,0,-1,1,0,0,0,0,0,1,0,0
sim_0039_n3_seed81,81,0.001,3,821.0,0,body_0,23.12038132751752,16.22432647230617,3.269010712361352e-08,2.92281883172213e-08,0.1361541917679988,0.18443567492191643,2,3.0707020700290144,3.246747943951099,-10.630617871237352,1.4030538331455346e-07,27.384600717633706,6.486699797877301e-16,3.0707020700290144,0-2,52,0.6999999999999318,700,,,,,0,0.1361541917679988,0.18457293078906195,3.0707020700290144,3.246747943951099,3.048126547422777e-07,negative_baseline,20.0,0,0,0,0,0,0,0,0,0,0,-1,0,0,0,0,0,0,1,0,0
sim_0039_n3_seed81,81,0.001,3,822.0,0,body_0,23.12038132751752,16.22432647230617,5.893766086399411e-08,5.752912605813374e-08,0.06631697831096466,0.051462817423909284,2,4.292483074674794,2.459127216645313,-10.630617618290698,1.6409954292209552e-07,27.384600717633713,9.081379717028221e-16,4.292483074674794,0-2,52,1.6999999999999318,1700,,,,,0,0.06631697831096466,0.051467877923400476,4.292483074674794,2.459127216645313,5.425707712524892e-07,negative_baseline,20.0,0,0,0,0,0,0,0,0,0,0,-1,0,0,0,0,0,0,1,0,0
sim_0039_n3_seed81,81,0.001,3,823.0,0,body_0,23.12038132751752,16.22432647230617,1.215708989384851e-07,8.194440281130012e-08,0.05930551617457337,0.024467566792835287,2,5.3227722922150935,1.967422004660307,-10.630617611610887,1.6472789864198116e-07,27.38460071763363,-2.0757439353207364e-15,5.3227722922150935,0-2,52,2.699999999999932,2700,,,,,0,0.05930551617457337,0.02446469094521643,5.3227722922150935,1.967422004660307,1.1235012345717127e-06,negative_baseline,20.0,0,0,0,0,0,0,0,0,0,0,-1,0,0,0,0,0,0,1,0,0
sim_0039_n3_seed81,81,0.001,3,824.0,0,body_0,23.12038132751752,16.22432647230617,2.1082637395256345e-07,1.0113017251535162e-07,0.0811726033895824,0.04512376922346492,1,5.286984136545201,1.904037246752862,-10.630617545972996,1.7090231702030347e-07,27.384600717633703,5.189359838301841e-16,5.286984136545201,0-1,52,3.699999999999932,3700,,,,,0,0.0811726033895824,0.04507244333382765,5.286984136545201,1.904037246752862,1.9686721311109445e-06,negative_baseline,20.0,0,0,0,0,0,0,0,0,0,0,-1,0,0,0,0,0,0,1,0,0
sim_0039_n3_seed81,81,0.001,3,824.75,0,body_0,23.12038132751752,16.22432647230617,2.881095707203088e-07,1.124079884431999e-07,0.13160176187269873,0.12334004483762533,1,4.207366823881986,2.468051485608776,-10.63061731536509,1.925951176215468e-07,27.38460071763375,2.2054779312782825e-15,4.207366823881986,0-1,52,4.449999999999932,4450,,,,,0,0.13160176187269873,0.12306888613633736,4.207366823881986,2.468051485608776,2.7143835534127424e-06,negative_hard,10.0,0,0,0,0,1,0,0,0,0,0,-1,0,0,0,0,0,0,1,0,0
sim_0039_n3_seed81,81,0.001,3,825.0,0,body_0,23.12038132751752,16.22432647230617,3.1565581627731475e-07,1.1463403576314639e-07,0.16611644963123418,0.1919113827621592,1,3.769397036307445,2.7389064889479626,-10.630617114478312,2.1149211417271133e-07,27.384600717633774,3.113615902981105e-15,3.769397036307445,0-1,52,4.699999999999932,4700,,,,,0,0.16611644963123418,0.19136523864681956,3.769397036307445,2.7389064889479626,2.9814614380461127e-06,negative_baseline,20.0,0,0,0,0,1,0,0,0,0,0,-1,0,0,0,0,0,0,1,0,0
sim_0039_n3_seed81,81,0.001,3,825.25,0,body_0,23.12038132751752,16.22432647230617,3.446508418861873e-07,1.1475559247148903e-07,0.22161523073568076,0.32444792969159464,1,3.2871645579061486,3.0809176652362797,-10.630616756003976,2.4521304088489445e-07,27.38460071763373,1.5568079514905524e-15,3.2871645579061486,0-1,52,4.949999999999932,4950,,,,,0,0.22161523073568076,0.3232191305043316,3.2871645579061486,3.0809176652362797,3.2577872294956334e-06,negative_hard,10.0,0,0,0,0,1,0,0,0,0,0,-1,0,0,0,0,0,0,1,0,0
sim_0039_n3_seed81,81,0.001,3,825.75,0,body_0,23.12038132751752,16.22432647230617,4.192791501065331e-07,1.0936470607020399e-07,0.5102000953236316,1.3449367323462325,1,2.199619414870114,4.146672790471799,-10.630615838785797,3.3149382542264315e-07,27.38460071763374,1.9460099393631903e-15,2.199619414870114,0-1,52,5.449999999999932,5450,,,,,0,0.5102000953236316,1.3373885530841263,2.199619414870114,4.146672790471799,3.843864425579494e-06,negative_hard,10.0,0,0,0,1,1,0,1,0,0,0,-1,1,0,0,0,0,0,1,0,0
sim_0039_n3_seed81,81,0.001,3,826.0,0,body_0,23.12038132751752,16.22432647230617,4.955441222929394e-07,2.674706818130737e-07,0.9046978743646488,3.23597647228326,1,1.662716432848962,4.971755628887597,-10.630624173234416,-4.525102231504519e-07,27.384600717633724,1.2973399595754602e-15,1.662716432848962,0-1,52,5.699999999999932,5700,,,,,0,0.9046978743646488,3.245571744473523,1.662716432848962,4.971755628887597,4.174067926079683e-06,negative_baseline,20.0,0,0,0,1,1,0,1,0,0,0,-1,1,0,0,1,1,0,1,0,0
sim_0039_n3_seed81,81,0.001,3,826.25,0,body_0,23.12038132751752,16.22432647230617,6.36023050987473e-07,1.1034702103580747e-06,1.3621529125066543,5.441679063186076,1,1.3617333191218544,5.615614615222593,-10.63065969022501,-3.7935188117369156e-06,27.384600717633713,9.081379717028221e-16,1.3617333191218544,0-1,52,5.949999999999932,5950,,,,,0,1.3621529125066543,5.602699683572717,1.3617333191218544,5.615614615222593,4.598382390042664e-06,negative_hard,10.0,0,1,0,1,0,0,1,1,0,0,-1,1,0,0,1,1,0,1,0,0
sim_0039_n3_seed81,81,0.001,3,826.75,0,body_0,23.12038132751752,16.22432647230617,1.0442999935760448e-06,1.6298226819247176e-06,0.5965434402764609,1.6212595307664555,1,2.0813646951462044,4.303458234758191,-10.630616185010542,2.989251920195608e-07,27.38460071763374,1.9460099393631903e-15,2.0813646951462044,0-1,52,6.449999999999932,6450,,,,,0,0.5965434402764609,1.6185349944015524,2.0813646951462044,4.303458234758191,6.182754580901657e-06,negative_hard,10.0,0,0,0,1,0,1,1,0,0,0,-1,1,0,0,0,0,0,1,0,0
sim_0039_n3_seed81,81,0.001,3,827.0,0,body_0,23.12038132751752,16.22432647230617,1.2611240533465443e-06,1.4108934009409269e-06,0.37531251322180437,0.718261462581437,1,2.644808718186498,3.641378844024076,-10.630616009228792,3.15460611457147e-07,27.384600717633717,1.0378719676603682e-15,2.644808718186498,0-1,52,6.699999999999932,6700,,,,,0,0.37531251322180437,0.7165261393265548,2.644808718186498,3.641378844024076,7.271498485158379e-06,negative_baseline,20.0,0,0,0,1,0,1,0,0,0,0,-1,1,0,0,0,0,0,1,0,0
sim_0039_n3_seed81,81,0.001,3,828.0,0,body_0,23.12038132751752,16.22432647230617,1.9682529345577026e-06,9.612442651076413e-07,0.1411173546300775,0.08788480738397689,1,4.514099683388145,2.268683661272283,-10.63061742173105,1.8258949556266825e-07,27.3846007176337,3.892019878726381e-16,4.514099683388145,0-1,52,7.699999999999932,7700,,,,,0,0.1411173546300775,0.087845125799799,4.514099683388145,2.268683661272283,1.1242835043323375e-05,negative_baseline,20.0,0,0,0,0,0,0,0,0,0,0,-1,0,0,0,0,0,0,1,0,0
sim_0039_n3_seed81,81,0.001,3,829.0,0,body_0,23.12038132751752,16.22432647230617,2.51148567778291e-06,8.082034397793031e-07,0.09966903631741852,0.021930520672646746,1,5.7342077354914585,1.6243468332376676,-10.630617607062824,1.6515572538510237e-07,27.384600717633703,5.189359838301841e-16,5.7342077354914585,0-1,52,8.699999999999932,8700,,,,,0,0.09966903631741852,0.021929571709823802,5.7342077354914585,1.6243468332376676,1.4219657588174215e-05,negative_baseline,20.0,0,0,0,0,0,0,0,0,0,0,-1,0,0,0,0,0,1,1,0,0
sim_0039_n3_seed81,81,0.001,3,830.0,0,body_0,23.12038132751752,16.22432647230617,2.9671011442653837e-06,7.827080343484277e-07,0.09192687711347648,0.012464713793151507,2,5.909803748651432,2.109614337432088,-10.630617654240343,1.6071783543997904e-07,27.384600717633663,-9.081379717028221e-16,5.334165173544347,1-2,52,9.699999999999932,9700,,,,,0,0.09192687711347648,0.01245662680953591,5.909803748651432,2.109614337432088,1.6415954239314225e-05,negative_baseline,20.0,0,0,0,0,0,0,0,0,0,0,-1,0,0,0,0,0,1,1,0,0
sim_0039_n3_seed81,81,0.001,3,831.0,0,body_0,23.12038132751752,16.22432647230617,3.3730675872016034e-06,8.419559966387175e-07,0.09825046100323981,0.026093909810778092,2,5.320305012234198,2.364042340656111,-10.630617687497368,1.5758941700611513e-07,27.38460071763372,1.1676059636179143e-15,4.842776530021286,1-2,52,10.699999999999932,10700,,,,,0,0.09825046100323981,0.026084148446760897,5.320305012234198,2.364042340656111,1.8011192383532652e-05,negative_baseline,20.0,0,0,0,0,0,0,0,0,0,0,-1,0,0,0,0,0,1,1,0,0
sim_0039_n3_seed81,81,0.001,3,832.0,0,body_0,23.12038132751752,16.22432647230617,3.7120467927054706e-06,9.726221565126338e-07,0.11311685616396737,0.04439167867442134,2,4.801505795060369,2.6036764050258023,-10.630617729923994,1.5359843357228752e-07,27.384600717633734,1.6865419474480983e-15,4.511064521339833,1-2,52,11.699999999999932,11700,,,,,0,0.11311685616396737,0.044387461780060075,4.801505795060369,2.6036764050258023,1.9130207495954173e-05,negative_baseline,20.0,0,0,0,0,0,0,0,0,0,0,-1,0,0,0,0,0,0,1,0,0
sim_0039_n3_seed81,81,0.001,3,833.0,0,body_0,23.12038132751752,16.22432647230617,3.8681671744736e-06,1.1768275465236951e-06,0.13288900622456373,0.06353067897596398,2,4.537471908179055,2.7258964453495986,-10.630617721753778,1.5436698865120963e-07,27.384600717633788,3.6325518868112884e-15,4.385349329044096,1-2,52,12.699999999999932,12700,,,,,0,0.13288900622456373,0.06351869435251248,4.537471908179055,2.7258964453495986,1.9838216852951427e-05,negative_baseline,20.0,0,0,0,0,0,0,0,0,0,0,-1,0,0,0,0,0,1,1,0,0
sim_0039_n3_seed81,81,0.001,3,834.0,0,body_0,23.12038132751752,16.22432647230617,3.6596093422158412e-06,1.4975884888327382e-06,0.1775901483921555,0.12554361365825098,1,4.391082675664671,2.3668193518861402,-10.630617432924282,1.8153657168070387e-07,27.38460071763375,2.2054779312782825e-15,4.116901406749271,1-2,52,13.699999999999932,13700,,,,,0,0.1775901483921555,0.1252959863157306,4.391082675664671,2.3668193518861402,1.9977155264328265e-05,negative_baseline,20.0,0,0,0,0,1,0,0,0,0,0,-1,0,0,0,0,0,1,1,0,0
sim_0039_n3_seed81,81,0.001,3,834.15,0,body_0,23.12038132751752,16.22432647230617,3.5869891319514312e-06,1.56542184761723e-06,0.19292622027512105,0.15479267713495215,1,4.131201737003343,2.525132080795324,-10.630617315651866,1.925681411289528e-07,27.384600717633752,2.3352119272358286e-15,4.035240282698353,1-2,52,13.849999999999909,13850,,,,,0,0.19292622027512105,0.15441309896105088,4.131201737003343,2.525132080795324,1.9925827321821585e-05,negative_hard,10.0,0,0,0,0,1,0,0,0,0,0,-1,0,0,0,0,0,1,1,0,0
sim_0039_n3_seed81,81,0.001,3,834.65,0,body_0,23.12038132751752,16.22432647230617,3.246311195712814e-06,1.8615258583390568e-06,0.29943038250215176,0.4223288849480636,1,3.1296558877149767,3.239033756459066,-10.63061641390208,2.7739384649765065e-07,27.384600717633724,1.2973399595754602e-15,3.1296558877149767,0-1,52,14.349999999999909,14350,,,,,0,0.29943038250215176,0.42028895997494126,3.1296558877149767,3.239033756459066,1.958563303994786e-05,negative_hard,10.0,0,0,0,0,1,0,0,0,0,0,-1,0,0,0,0,0,0,1,0,0
sim_0039_n3_seed81,81,0.001,3,835.0,0,body_0,23.12038132751752,16.22432647230617,2.878378193823821e-06,2.1259609424141128e-06,0.5190772262889748,1.2335631369631133,1,2.3026680000024657,4.056738770530526,-10.630614828675629,4.265127639702254e-07,27.38460071763371,7.784039757452762e-16,2.3026680000024657,0-1,52,14.699999999999932,14700,,,,,0,0.5190772262889748,1.224407596948819,2.3026680000024657,4.056738770530526,1.9192175644087425e-05,negative_baseline,20.0,0,0,0,1,1,0,1,0,0,0,-1,1,0,0,0,0,0,1,0,0
sim_0039_n3_seed81,81,0.001,3,835.15,0,body_0,23.12038132751752,16.22432647230617,2.6631357120017473e-06,2.188439617278221e-06,0.7211750524990649,2.203134167256435,1,1.930606974876791,4.556044760928479,-10.630615137840604,3.974302652032302e-07,27.38460071763373,1.5568079514905524e-15,1.930606974876791,0-1,52,14.849999999999909,14850,,,,,0,0.7211750524990649,2.18806661534555,1.930606974876791,4.556044760928479,1.899761073297017e-05,negative_hard,10.0,0,0,0,1,1,0,1,0,0,0,-1,1,0,0,0,0,0,1,0,0
sim_0039_n3_seed81,81,0.001,3,835.65,0,body_0,23.12038132751752,16.22432647230617,1.828432291302059e-06,2.037765811846446e-06,1.5098845140104553,6.838471631151525,1,1.29105017133623,5.816771753644008,-10.630664667686219,-4.261738116705419e-06,27.384600717633752,2.3352119272358286e-15,1.29105017133623,0-1,52,15.349999999999909,15350,,,,,0,1.5098845140104553,7.0680343095710265,1.29105017133623,5.816771753644008,1.8773493668181998e-05,negative_hard,10.0,0,1,0,1,0,0,1,1,0,0,-1,1,0,0,1,1,0,1,0,0
sim_0039_n3_seed81,81,0.001,3,836.0,0,body_0,23.12038132751752,16.22432647230617,1.4875994469609731e-06,2.175400073335766e-06,0.5865774339488283,1.9478993952394472,1,1.996923479440661,4.455721868685627,-10.63061475910217,4.3305739298081487e-07,27.384600717633745,2.0757439353207364e-15,1.996923479440661,0-1,52,15.699999999999932,15700,,,,,0,0.5865774339488283,1.9418684200177456,1.996923479440661,4.455721868685627,1.917861476623469e-05,negative_baseline,20.0,0,0,0,1,0,1,1,0,0,0,-1,1,0,0,0,0,0,1,0,0
sim_0039_n3_seed81,81,0.001,3,836.15,0,body_0,23.12038132751752,16.22432647230617,1.3674954101634e-06,2.06509208203169e-06,0.3973393268263068,1.1038286882945376,1,2.368260186831171,3.982686129441441,-10.630614888645745,4.208715013177158e-07,27.38460071763375,2.2054779312782825e-15,2.368260186831171,0-1,52,15.849999999999909,15850,,,,,0,0.3973393268263068,1.099884302085422,2.368260186831171,3.982686129441441,1.9528347732445208e-05,negative_hard,10.0,0,0,0,1,0,1,1,0,0,0,-1,1,0,0,0,0,0,1,0,0
sim_0039_n3_seed81,81,0.001,3,837.0,0,body_0,23.12038132751752,16.22432647230617,1.708833694514009e-06,1.4760443756595668e-06,0.08036985692139302,0.13881418318196195,1,4.208174192396143,2.561488962127087,-10.63061726369096,1.974559943118479e-07,27.38460071763371,7.784039757452762e-16,4.208174192396143,0-1,52,16.699999999999932,16700,,,,,0,0.08036985692139302,0.1387235142768149,4.208174192396143,2.561488962127087,2.281331123227022e-05,negative_baseline,20.0,0,0,0,0,0,1,0,0,0,0,-1,0,0,0,0,0,0,1,0,0
sim_0039_n3_seed81,81,0.001,3,838.0,0,body_0,23.12038132751752,16.22432647230617,2.6306236674269684e-06,1.1720197027275205e-06,0.031384184259117966,0.04215033763197962,2,4.628207056151714,2.1058983405566916,-10.630617606682613,1.6519149107334032e-07,27.384600717633727,1.4270739555330063e-15,4.628207056151714,0-2,52,17.699999999999932,17700,,,,,0,0.031384184259117966,0.04215381056574837,4.628207056151714,2.1058983405566916,2.7229873459501345e-05,negative_baseline,20.0,0,0,0,0,0,0,0,0,0,0,-1,0,0,0,0,0,0,1,0,0
sim_0039_n3_seed81,81,0.001,3,839.0,0,body_0,23.12038132751752,16.22432647230617,3.4617889051481074e-06,1.2157951980772412e-06,0.05634120301434083,0.03643983051660618,2,4.287762759778637,2.273736203081077,-10.6306176870373,1.5763269459173086e-07,27.38460071763369,0.0,4.287762759778637,0-2,52,18.699999999999932,18700,,,,,0,0.05634120301434083,0.036436081479693766,4.287762759778637,2.273736203081077,3.114422333456124e-05,negative_baseline,20.0,0,0,0,0,0,0,0,0,0,0,-1,0,0,0,0,0,0,1,0,0
sim_0039_n3_seed81,81,0.001,3,840.0,0,body_0,23.12038132751752,16.22432647230617,4.369765882004656e-06,1.5661943854057722e-06,0.09439230610416283,0.0626818904548988,2,3.7996811721045516,2.5582503053281336,-10.630617764175517,1.503764649043954e-07,27.384600717633667,-7.784039757452762e-16,3.7996811721045516,0-2,52,19.699999999999932,19700,,,,,0,0.09439230610416283,0.06266612585613708,3.7996811721045516,2.5582503053281336,3.4406369696005704e-05,negative_baseline,20.0,0,0,0,0,0,0,0,0,0,0,-1,0,0,0,0,0,0,1,0,0
sim_0039_n3_seed81,81,0.001,3,841.0,0,body_0,23.12038132751752,16.22432647230617,5.639858407571598e-06,2.2307050053190027e-06,0.14590632403890885,0.11928181423555109,2,3.2713185048409232,2.9321153631198973,-10.630617975676909,1.3048097385328301e-07,27.3846007176337,3.892019878726381e-16,3.2713185048409232,0-2,52,20.699999999999932,20700,,,,,0,0.14590632403890885,0.11930653015057709,3.2713185048409232,2.9321153631198973,3.7066738879944134e-05,negative_baseline,20.0,0,0,0,0,0,0,0,0,0,0,-1,0,0,0,0,0,0,1,0,0
sim_0039_n3_seed81,81,0.001,3,842.0,0,body_0,23.12038132751752,16.22432647230617,7.271619446470216e-06,2.892758658187043e-06,0.1837270275921888,0.1683024149452544,2,3.00532436158071,3.1595161626453687,-10.630618254261718,1.0427508696669477e-07,27.384600717633695,2.5946799191509205e-16,3.00532436158071,0-2,52,21.699999999999932,21700,,,,,0,0.1837270275921888,0.16848563918248707,3.00532436158071,3.1595161626453687,3.90956239390791e-05,negative_baseline,20.0,0,0,0,0,0,0,0,0,0,0,-1,0,0,0,0,0,0,1,0,0
sim_0039_n3_seed81,81,0.001,3,843.0,0,body_0,23.12038132751752,16.22432647230617,8.284446777398447e-06,2.815989293172262e-06,0.15945433672313875,0.1278345394676258,2,3.2712687106506126,2.941974865962277,-10.630617983740365,1.2972246154033357e-07,27.384600717633692,1.2973399595754603e-16,3.2712687106506126,0-2,52,22.699999999999932,22700,,,,,0,0.15945433672313875,0.12792960406250858,3.2712687106506126,2.941974865962277,4.030365859033118e-05,negative_baseline,20.0,0,0,0,0,0,0,0,0,0,0,-1,0,0,0,0,0,0,1,0,0
sim_0039_n3_seed81,81,0.001,3,844.0,0,body_0,23.12038132751752,16.22432647230617,8.146489314324344e-06,2.4752446580683425e-06,0.12015971029049105,0.06960047196851667,2,3.8141172540856703,2.5416261698737723,-10.630617757473818,1.5100687960769755e-07,27.3846007176337,3.892019878726381e-16,3.8141172540856703,0-2,52,23.699999999999932,23700,,,,,0,0.12015971029049105,0.0696180639701672,3.8141172540856703,2.5416261698737723,4.0766659441123746e-05,negative_baseline,20.0,0,0,0,0,0,0,0,0,0,0,-1,0,0,0,0,0,0,1,0,0
sim_0039_n3_seed81,81,0.001,3,845.0,0,body_0,23.12038132751752,16.22432647230617,7.215286292979961e-06,2.407390271646369e-06,0.10194092883227723,0.04031185619053863,2,4.283650565032197,2.2428389842527583,-10.63061768249146,1.5806031229506517e-07,27.384600717633646,-1.5568079514905524e-15,4.283650565032197,0-2,52,24.699999999999932,24700,,,,,0,0.10194092883227723,0.040312049494640165,4.283650565032197,2.2428389842527583,4.012550814431256e-05,negative_baseline,20.0,0,0,0,0,0,0,0,0,0,0,-1,0,0,0,0,0,0,1,0,0
sim_0039_n3_seed81,81,0.001,3,846.0,0,body_0,23.12038132751752,16.22432647230617,5.754258532314332e-06,2.658890537167415e-06,0.11091418755328836,0.04199382718902145,2,4.536161466081628,2.103419535825769,-10.63061760315191,1.6552361686213192e-07,27.384600717633774,3.113615902981105e-15,4.536161466081628,0-2,52,25.699999999999932,25700,,,,,0,0.11091418755328836,0.041956900533082375,4.536161466081628,2.103419535825769,3.794176844290725e-05,negative_baseline,20.0,0,0,0,0,0,0,0,0,0,0,-1,0,0,0,0,0,0,1,0,0
sim_0039_n3_seed81,81,0.001,3,846.95,0,body_0,23.12038132751752,16.22432647230617,4.034332782900964e-06,3.2146512304782863e-06,0.17380038022544314,0.13406836762879817,1,4.163533174248662,2.7203292795152763,-10.630617316665045,1.9247283352367064e-07,27.3846007176338,4.021753874683927e-15,4.163533174248662,0-1,52,26.649999999999977,26650,,,,,0,0.17380038022544314,0.13374660363787896,4.163533174248662,2.7203292795152763,3.431172003308675e-05,negative_hard,10.0,0,0,0,0,1,0,0,0,0,0,-1,0,0,0,0,0,1,1,0,0
sim_0039_n3_seed81,81,0.001,3,847.0,0,body_0,23.12038132751752,16.22432647230617,3.941293396215686e-06,3.254147470435736e-06,0.18058257389684576,0.1462692943496743,1,4.07224497837904,2.7710411427169737,-10.630617284094921,1.9553663660642997e-07,27.38460071763379,3.7622858827688345e-15,4.07224497837904,0-1,52,26.699999999999932,26700,,,,,0,0.18058257389684576,0.1459025443338723,4.07224497837904,2.7710411427169737,3.408248757961685e-05,negative_baseline,20.0,0,0,0,0,1,0,0,0,0,0,-1,0,0,0,0,0,1,1,0,0
sim_0039_n3_seed81,81,0.001,3,847.45,0,body_0,23.12038132751752,16.22432647230617,3.1597261974180405e-06,3.647054996257113e-06,0.2807199705872881,0.3664325277410206,1,3.1921250056879424,3.3475101179667974,-10.63061684370353,2.3696332830535564e-07,27.38460071763379,3.7622858827688345e-15,3.1921250056879424,0-1,52,27.149999999999977,27150,,,,,0,0.2807199705872881,0.3650941106703713,3.1921250056879424,3.3475101179667974,3.19103253955574e-05,negative_hard,10.0,0,0,0,0,1,0,0,0,0,0,-1,0,0,0,0,0,1,1,0,0
sim_0039_n3_seed81,81,0.001,3,847.95,0,body_0,23.12038132751752,16.22432647230617,2.623998573137227e-06,3.858009707508661e-06,0.5929694183303654,1.3843456181274842,1,2.1539515981959196,4.372962240043339,-10.630618640367313,6.795494584228767e-08,27.384600717633756,2.4649459231933743e-15,2.1539515981959196,0-1,52,27.649999999999977,27650,,,,,0,0.5929694183303654,1.3825448108014733,2.1539515981959196,4.372962240043339,2.9601827178894445e-05,negative_hard,10.0,0,0,0,1,1,0,1,0,0,0,-1,1,0,0,0,0,0,1,0,0
sim_0039_n3_seed81,81,0.001,3,848.0,0,body_0,23.12038132751752,16.22432647230617,2.599442124672406e-06,3.8103006386559014e-06,0.6465156211361086,1.587965886449527,1,2.059273414822914,4.498967615032958,-10.630619840943819,-4.498076042249414e-08,27.38460071763375,2.2054779312782825e-15,2.059273414822914,0-1,52,27.699999999999932,27700,,,,,0,0.6465156211361086,1.5881651061351545,2.059273414822914,4.498967615032958,2.9415536722765314e-05,negative_baseline,20.0,0,0,0,1,1,0,1,0,0,0,-1,1,0,0,0,0,0,1,0,0
sim_0039_n3_seed81,81,0.001,3,848.45,0,body_0,23.12038132751752,16.22432647230617,2.5284795034541535e-06,3.34515628939225e-06,0.9876067748342147,2.903384304376337,1,1.6503863004541621,5.147447638532254,-10.630637402814791,-1.696989018198574e-06,27.384600717633752,2.3352119272358286e-15,1.6503863004541621,0-1,52,28.149999999999977,28150,,,,,0,0.9876067748342147,2.9528950920715107,1.6503863004541621,5.147447638532254,2.8292233859016702e-05,negative_hard,10.0,0,0,0,1,0,0,1,0,0,0,-1,1,0,0,0,0,0,1,0,0
sim_0039_n3_seed81,81,0.001,3,848.95,0,body_0,23.12038132751752,16.22432647230617,3.2365972197442292e-06,4.5381936320527445e-06,0.4901040748344335,0.9657336989176986,1,2.4029941411148026,4.074037900882828,-10.630617344126833,1.8988956094344373e-07,27.384600717633802,4.151487870641473e-15,2.4029941411148026,0-1,52,28.649999999999977,28650,,,,,0,0.4901040748344335,0.9648136486191351,2.4029941411148026,4.074037900882828,2.756768934698959e-05,negative_hard,10.0,0,0,0,1,0,1,1,0,0,0,-1,1,0,0,0,0,0,1,0,0
sim_0039_n3_seed81,81,0.001,3,849.0,0,body_0,23.12038132751752,16.22432647230617,3.34123454582715e-06,4.559622252408753e-06,0.4570634545774862,0.8354109444449322,1,2.506528995184623,3.962126946537583,-10.630617126924694,2.1032130922914936e-07,27.38460071763381,4.410955862556565e-15,2.506528995184623,0-1,52,28.699999999999932,28700,,,,,0,0.4570634545774862,0.834224879286769,2.506528995184623,3.962126946537583,2.7595377918086164e-05,negative_baseline,20.0,0,0,0,1,0,1,1,0,0,0,-1,1,0,0,0,0,1,1,0,0
sim_0039_n3_seed81,81,0.001,3,850.0,0,body_0,23.12038132751752,16.22432647230617,5.501452796694104e-06,4.209272846226491e-06,0.2707702462564467,0.20366154155288302,2,3.048508613318961,3.5694684292152807,-10.63061812834296,1.1611999964676647e-07,27.384600717633756,2.4649459231933743e-15,2.450002081654247,1-2,52,29.699999999999932,29700,,,,,0,0.2707702462564467,0.203849434095275,3.048508613318961,3.5694684292152807,3.180127237607222e-05,negative_baseline,20.0,0,0,0,0,0,0,0,0,0,0,-1,0,0,0,0,0,0,1,0,0
sim_0039_n3_seed81,81,0.001,3,850.1,0,body_0,23.12038132751752,16.22432647230617,5.696198802049006e-06,4.1264254971182564e-06,0.26361580807506924,0.20677298020358048,2,3.072350677656693,3.5854324854949704,-10.63061817700148,1.1154279496021803e-07,27.384600717633766,2.8541479110660126e-15,2.2821876982930442,1-2,52,29.799999999999955,29800,,,,,0,0.26361580807506924,0.20704064729626123,3.072350677656693,3.5854324854949704,3.2555231920829684e-05,negative_hard,10.0,0,0,0,0,0,0,0,0,0,0,-1,0,0,0,0,0,0,1,0,0
sim_0039_n3_seed81,81,0.001,3,850.6,0,body_0,23.12038132751752,16.22432647230617,6.568833932646612e-06,3.551702925049573e-06,0.21104835893699275,0.1783524154448868,2,3.459828878970508,3.5205075118737605,-10.63061833338171,9.68324357310904e-08,27.38460071763377,2.9838819070235587e-15,1.765535611410675,1-2,52,30.299999999999955,30300,,,,,0,0.21104835893699275,0.17865605123870965,3.459828878970508,3.5205075118737605,3.7021068978419415e-05,negative_hard,10.0,0,0,0,0,0,0,0,0,0,0,-1,0,0,0,0,0,0,1,0,0
sim_0039_n3_seed81,81,0.001,3,851.0,0,body_0,23.12038132751752,16.22432647230617,7.160459073451801e-06,3.0246300886561626e-06,0.1652419998599959,0.11792031586509648,2,4.072864120349996,3.1938787666189588,-10.630617607279563,1.6513533723840558e-07,27.384600717633788,3.6325518868112884e-15,2.0349109910168255,1-2,52,30.699999999999932,30700,,,,,0,0.1652419998599959,0.11797529927720328,4.072864120349996,3.1938787666189588,4.013168556554458e-05,negative_baseline,20.0,0,0,0,0,0,1,0,0,0,0,-1,0,0,0,0,0,0,1,0,0
sim_0039_n3_seed81,81,0.001,3,851.1,0,body_0,23.12038132751752,16.22432647230617,7.296985196286764e-06,2.9110420924952927e-06,0.15588722495055504,0.10394761103290517,2,4.248677047791839,3.092623620762071,-10.63061751690909,1.7363629742808632e-07,27.384600717633784,3.5028178908537427e-15,2.1700530686118027,1-2,52,30.799999999999955,30800,,,,,0,0.15588722495055504,0.10397167937855312,4.248677047791839,3.092623620762071,4.076894268572937e-05,negative_hard,10.0,0,0,0,0,0,1,0,0,0,0,-1,0,0,0,0,0,0,1,0,0
sim_0039_n3_seed81,81,0.001,3,852.0,0,body_0,23.12038132751752,16.22432647230617,8.362438937899967e-06,2.371685717555343e-06,0.10828549509328596,0.03644400416810067,2,5.823426625777652,2.3221430052921717,-10.630617553839866,1.7016229712552783e-07,27.384600717633752,2.3352119272358286e-15,3.580958110771143,1-2,52,31.699999999999932,31700,,,,,0,0.10828549509328596,0.036439857860315464,5.823426625777652,2.3221430052921717,4.658728038220937e-05,negative_baseline,20.0,0,0,0,0,0,0,0,0,0,0,-1,0,0,0,0,0,0,1,0,0
sim_0039_n3_seed81,81,0.001,3,853.0,0,body_0,23.12038132751752,16.22432647230617,9.238145049974438e-06,2.589994518849453e-06,0.09525607143980024,0.021879378468359436,1,5.847126229334398,1.5225136925594305,-10.63061762072895,1.6387018166067217e-07,27.384600717633838,5.448827830216933e-15,4.870750964384247,1-2,52,32.69999999999993,32700,,,,,0,0.09525607143980024,0.02187245813700059,5.847126229334398,1.5225136925594305,5.543057938359244e-05,negative_baseline,20.0,0,0,0,0,0,0,0,0,0,0,-1,0,0,0,0,0,0,1,0,0
sim_0039_n3_seed81,81,0.001,3,854.0,0,body_0,23.12038132751752,16.22432647230617,9.88954726140108e-06,3.6404265641242666e-06,0.10297077356625772,0.03411474771898443,1,5.3620605110743975,1.7733525978096958,-10.630617624486563,1.6351671092117123e-07,27.384600717633862,6.356965801919755e-15,5.3620605110743975,0-1,52,33.69999999999993,33700,,,,,0,0.10297077356625772,0.03409049092671712,5.3620605110743975,1.7733525978096958,6.739243295352699e-05,negative_baseline,20.0,0,0,0,0,0,0,0,0,0,0,-1,0,0,0,0,0,0,1,0,0
sim_0039_n3_seed81,81,0.001,3,855.0,0,body_0,23.12038132751752,16.22432647230617,1.0706037833015604e-05,6.226949635936058e-06,0.13804408216726288,0.08275685007562956,1,4.473272725271602,2.2491258542950194,-10.630617575827156,1.68093998989697e-07,27.384600717633848,5.838029818089571e-15,4.473272725271602,0-1,52,34.69999999999993,34700,,,,,0,0.13804408216726288,0.08266165822590882,4.473272725271602,2.2491258542950194,8.41104980195133e-05,negative_baseline,20.0,0,0,0,0,0,0,0,0,0,0,-1,0,0,0,0,0,0,1,0,0
sim_0039_n3_seed81,81,0.001,3,856.0,0,body_0,23.12038132751752,16.22432647230617,1.3367323402848458e-05,1.4121673016251e-05,0.25816097709451685,0.31468491207641297,1,3.1783834143369245,3.11784628132061,-10.630617559190568,1.696589677512743e-07,27.38460071763381,4.410955862556565e-15,3.1783834143369245,0-1,52,35.69999999999993,35700,,,,,0,0.25816097709451685,0.31414070053817483,3.1783834143369245,3.11784628132061,0.0001114617121647517,negative_baseline,20.0,0,0,0,0,0,0,0,0,0,0,-1,0,0,0,0,0,0,1,0,0
sim_0039_n3_seed81,81,0.001,3,856.3000000000001,0,body_0,23.12038132751752,16.22432647230617,1.5284524492956707e-05,1.959096511989486e-05,0.34171626486976314,0.525021855188684,1,2.7418848751283207,3.505034028482131,-10.630617988658646,1.292598092031719e-07,27.384600717633802,4.151487870641473e-15,2.7418848751283207,0-1,52,36.0,36000,,,,,0,0.34171626486976314,0.5243751965088592,2.7418848751283207,3.505034028482131,0.00012362581354009346,negative_hard,10.0,0,0,0,1,0,0,0,0,0,0,-1,1,0,0,0,0,0,1,0,0
sim_0039_n3_seed81,81,0.001,3,856.8000000000001,0,body_0,23.12038132751752,16.22432647230617,2.0541553728243357e-05,3.419617223646975e-05,0.5548486897178375,1.1529420908682073,1,2.1293196772855616,4.202742141330636,-10.630622408602807,-2.865150399331955e-07,27.38460071763378,3.3730838948961966e-15,2.1293196772855616,0-1,52,36.5,36500,,,,,0,0.5548486897178375,1.1575601717512112,2.1293196772855616,4.202742141330636,0.00014702011046123628,negative_hard,10.0,0,0,0,1,0,0,1,0,0,0,-1,1,0,0,1,1,0,1,0,0
sim_0039_n3_seed81,81,0.001,3,857.0,0,body_0,23.12038132751752,16.22432647230617,2.3022301151715274e-05,3.924809082984423e-05,0.6171663323436862,1.3453992138097914,1,2.0121818117161725,4.36656977115935,-10.630625034780774,-5.335540766090959e-07,27.384600717633788,3.6325518868112884e-15,2.0121818117161725,0-1,52,36.69999999999993,36700,,,,,0,0.6171663323436862,1.3545788551787223,2.0121818117161725,4.36656977115935,0.0001540734628915625,negative_baseline,20.0,0,0,0,1,0,0,1,0,0,0,-1,1,0,0,1,1,0,1,0,0
sim_0039_n3_seed81,81,0.001,3,857.3000000000001,0,body_0,23.12038132751752,16.22432647230617,2.5835274020979626e-05,3.903875477866853e-05,0.5809049978286439,1.2551283809145763,1,2.064583987110294,4.292481357922495,-10.630623724450594,-4.1029407306230786e-07,27.38460071763374,1.9460099393631903e-15,2.064583987110294,0-1,52,37.0,37000,,,,,0,0.5809049978286439,1.262988366748434,2.064583987110294,4.292481357922495,0.0001566302878636843,negative_hard,10.0,0,0,0,1,0,0,1,0,0,0,-1,1,0,0,1,1,0,1,0,0
sim_0039_n3_seed81,81,0.001,3,857.8000000000001,0,body_0,23.12038132751752,16.22432647230617,2.725077021969559e-05,2.662027383862326e-05,0.35606085893095957,0.6101269533600608,1,2.618814505906085,3.6297584061182566,-10.630618300762297,9.990087528624527e-08,27.38460071763371,7.784039757452762e-16,2.618814505906085,0-1,52,37.5,37500,,,,,0,0.35606085893095957,0.6106989048993124,2.618814505906085,3.6297584061182566,0.0001471939502242954,negative_hard,10.0,0,0,0,1,0,0,0,0,0,0,-1,1,0,0,1,1,0,1,0,0
sim_0039_n3_seed81,81,0.001,3,858.0,0,body_0,23.12038132751752,16.22432647230617,2.7283602353389525e-05,2.244778741455395e-05,0.2877463156071866,0.42971106104693046,1,2.9067498349063072,3.351959731524607,-10.630617739229326,1.527231006026067e-07,27.3846007176337,3.892019878726381e-16,2.9067498349063072,0-1,52,37.69999999999993,37700,,,,,0,0.2877463156071866,0.4297926623598964,2.9067498349063072,3.351959731524607,0.00014339122216927214,negative_baseline,20.0,0,0,0,0,0,0,0,0,0,0,-1,0,0,0,0,0,0,1,0,0
sim_0039_n3_seed81,81,0.001,3,859.0,0,body_0,23.12038132751752,16.22432647230617,2.7257663544847493e-05,1.2447904957969707e-05,0.13291316274304454,0.10226351559219023,1,4.2654153104883665,2.3672270324695264,-10.630617557997633,1.6977118468684777e-07,27.384600717633692,1.2973399595754603e-16,4.2654153104883665,0-1,52,38.69999999999993,38700,,,,,0,0.13291316274304454,0.10225241767526953,4.2654153104883665,2.3672270324695264,0.00013825574618412515,negative_baseline,20.0,0,0,0,0,0,0,0,0,0,0,-1,0,0,0,0,0,0,1,0,0
sim_0039_n3_seed81,81,0.001,3,860.0,0,body_0,23.12038132751752,16.22432647230617,2.8044549456938388e-05,9.6526794261902e-06,0.08995168250961641,0.04155250277981402,1,5.232791411430007,1.8328876708773916,-10.630617626369714,1.6333956682934342e-07,27.3846007176337,3.892019878726381e-16,5.232791411430007,0-1,52,39.69999999999993,39700,,,,,0,0.08995168250961641,0.041552353210390074,5.232791411430007,1.8328876708773916,0.0001500978262391225,negative_baseline,20.0,0,0,0,0,0,0,0,0,0,0,-1,0,0,0,0,0,0,1,0,0
sim_0039_n3_seed81,81,0.001,3,861.0,0,body_0,23.12038132751752,16.22432647230617,2.975596520893811e-05,9.052300975062483e-06,0.07591724766813186,0.025099323105781307,1,5.792798802238363,1.5451768391980967,-10.630617644120647,1.6166977388858877e-07,27.38460071763371,7.784039757452762e-16,5.792798802238363,0-1,52,40.69999999999993,40700,,,,,0,0.07591724766813186,0.025097656874890278,5.792798802238363,1.5451768391980967,0.0001740780167301445,negative_baseline,20.0,0,0,0,0,0,0,0,0,0,0,-1,0,0,0,0,0,0,1,0,0
sim_0039_n3_seed81,81,0.001,3,862.0,0,body_0,23.12038132751752,16.22432647230617,3.270014075426212e-05,9.698436458746805e-06,0.07485114942724967,0.023521714780748028,1,5.969939401334947,1.4487258217939094,-10.630617638553929,1.6219342340059163e-07,27.38460071763364,-1.8162759434056442e-15,5.969939401334947,0-1,52,41.69999999999993,41700,,,,,0,0.07485114942724967,0.023514749801522485,5.969939401334947,1.4487258217939094,0.00021108844293874212,negative_baseline,20.0,0,0,0,0,0,0,0,0,0,0,-1,0,0,0,0,0,0,1,0,0
sim_0039_n3_seed81,81,0.001,3,863.0,0,body_0,23.12038132751752,16.22432647230617,3.772969450031586e-05,1.1835293815109884e-05,0.08554291558398981,0.03533627184353648,1,5.767401241496906,1.5400070890801427,-10.63061760120454,1.6570680188631432e-07,27.38460071763368,-2.5946799191509205e-16,5.767401241496906,0-1,52,42.69999999999993,42700,,,,,0,0.08554291558398981,0.03531317344680593,5.767401241496906,1.5400070890801427,0.00026734121215069354,negative_baseline,20.0,0,0,0,0,0,0,0,0,0,0,-1,0,0,0,0,0,0,1,0,0
sim_0039_n3_seed81,81,0.001,3,863.95,0,body_0,23.12038132751752,16.22432647230617,4.6535124937861984e-05,1.7341408076241983e-05,0.11686713861528172,0.07973185209448842,2,4.896628923224629,2.4294915735637286,-10.630617453419577,1.796086224567546e-07,27.384600717633635,-1.9460099393631903e-15,4.896628923224629,0-2,52,43.64999999999998,43650,,,,,0,0.11686713861528172,0.07962389775214314,4.896628923224629,2.4294915735637286,0.00035525235950660517,negative_hard,10.0,0,0,0,0,1,0,0,0,0,0,-1,0,0,0,0,0,1,1,0,0
sim_0039_n3_seed81,81,0.001,3,864.0,0,body_0,23.12038132751752,16.22432647230617,4.7197701278496654e-05,1.7858909564072732e-05,0.1196881909178517,0.08446599601789222,2,4.804244354475948,2.4717649033583386,-10.630617436976053,1.8115543015579152e-07,27.38460071763364,-1.8162759434056442e-15,4.804244354475948,0-2,52,43.69999999999993,43700,,,,,0,0.1196881909178517,0.08434624481438047,4.804244354475948,2.4717649033583386,0.0003615236197729195,negative_baseline,20.0,0,0,0,0,1,0,0,0,0,0,-1,0,0,0,0,0,1,1,0,0
sim_0039_n3_seed81,81,0.001,3,864.45,0,body_0,23.12038132751752,16.22432647230617,5.4790275120062205e-05,2.513833941677126e-05,0.1563031205952576,0.15721658164674576,2,3.9068264546974265,2.9338736264427743,-10.630617184398549,2.0491486459528185e-07,27.384600717633617,-2.5946799191509204e-15,3.9068264546974265,0-2,52,44.14999999999998,44150,,,,,0,0.1563031205952576,0.15685984315570656,3.9068264546974265,2.9338736264427743,0.0004309229844117886,negative_hard,10.0,0,0,0,0,1,0,0,0,0,0,-1,0,0,0,0,0,0,1,0,0
sim_0039_n3_seed81,81,0.001,3,864.95,0,body_0,23.12038132751752,16.22432647230617,6.955003394600545e-05,4.866175807769689e-05,0.2501498090541873,0.4357322465650613,2,2.7656024423642314,3.7440697780340755,-10.630616441219246,2.7482417821338664e-07,27.38460071763363,-2.0757439353207364e-15,2.7656024423642314,0-2,52,44.64999999999998,44650,,,,,0,0.2501498090541873,0.43399810156096547,2.7656024423642314,3.7440697780340755,0.0005556020216958615,negative_hard,10.0,0,0,0,1,1,0,0,0,0,0,-1,1,0,0,0,0,0,1,0,0
sim_0039_n3_seed81,81,0.001,3,865.0,0,body_0,23.12038132751752,16.22432647230617,7.170535271166907e-05,5.334841365273132e-05,0.26636509426123994,0.4960701036377687,2,2.644758175764203,3.8543107871006255,-10.630616347458954,2.8364401163750395e-07,27.384600717633653,-1.2973399595754602e-15,2.644758175764203,0-2,52,44.69999999999993,44700,,,,,0,0.26636509426123994,0.49404068006572815,2.644758175764203,3.8543107871006255,0.0005728611029029751,negative_baseline,20.0,0,0,0,1,1,0,0,0,0,0,-1,1,0,0,0,0,0,1,0,0
sim_0039_n3_seed81,81,0.001,3,865.45,0,body_0,23.12038132751752,16.22432647230617,0.00010121622746637293,0.0001524559213444143,0.5302303801834276,1.7864328433277494,2,1.6327516349289586,5.161765834296951,-10.630623933932945,-4.2999963718013984e-07,27.384600717633642,-1.6865419474480983e-15,1.6327516349289586,0-2,52,45.14999999999998,45150,,,,,0,0.5302303801834276,1.8084764151040116,1.6327516349289586,5.161765834296951,0.0007868155298051318,negative_hard,10.0,0,0,0,1,1,0,1,0,0,0,-1,1,0,0,0,0,0,1,0,0
sim_0039_n3_seed81,81,0.001,3,865.95,0,body_0,23.12038132751752,16.22432647230617,0.00011633631364703419,0.00018042890495892388,0.23560536640209084,1.8898638987622627,2,1.7828745524477159,4.9534365851853845,-10.630619124921758,2.2373928590782124e-08,27.38460071763364,-1.8162759434056442e-15,1.7828745524477159,0-2,52,45.64999999999998,45650,,,,,0,0.23560536640209084,1.9069743357422548,1.7828745524477159,4.9534365851853845,0.0008185805022230864,negative_hard,10.0,0,0,0,1,0,1,1,0,0,0,-1,1,0,0,0,0,0,1,0,0
sim_0039_n3_seed81,81,0.001,3,866.0,0,body_0,23.12038132751752,16.22432647230617,0.00011475399035666224,0.00017250772284898026,0.21623534276115436,1.8511855543080327,2,1.8913498456275053,4.79647578538178,-10.630617455965073,1.7936917297866153e-07,27.38460071763363,-2.0757439353207364e-15,1.8913498456275053,0-2,52,45.69999999999993,45700,,,,,0,0.21623534276115436,1.8613288426699273,1.8913498456275053,4.79647578538178,0.0008011144922581444,negative_baseline,20.0,0,0,0,1,0,1,1,0,0,0,-1,1,0,0,0,0,0,1,0,0
sim_0039_n3_seed81,81,0.001,3,866.45,0,body_0,23.12038132751752,16.22432647230617,9.827056480153195e-05,0.00018893407999092217,0.8656776185427842,3.519840503157316,1,1.5722996559469393,4.94947721366375,-10.63063064680916,-1.0614657808668614e-06,27.384600717633635,-1.9460099393631903e-15,1.5722996559469393,0-1,52,46.14999999999998,46150,,,,,0,0.8656776185427842,3.556015214472935,1.5722996559469393,4.94947721366375,0.0006859309561424708,negative_hard,10.0,0,0,0,1,0,0,1,1,0,0,-1,1,0,0,0,0,0,1,0,0
sim_0039_n3_seed81,81,0.001,3,866.95,0,body_0,23.12038132751752,16.22432647230617,6.978579279110166e-05,0.0001526257394627996,0.9224457226761612,2.9308732590526403,1,1.6548369442736257,4.764253377914555,-10.630625952927723,-6.19922228582188e-07,27.38460071763363,-2.0757439353207364e-15,1.6548369442736257,0-1,52,46.64999999999998,46650,,,,,0,0.9224457226761612,2.953054600962066,1.6548369442736257,4.764253377914555,0.0006124915864808623,negative_hard,10.0,0,0,0,1,0,0,1,0,0,0,-1,1,0,0,0,0,0,1,0,0
sim_0039_n3_seed81,81,0.001,3,867.0,0,body_0,23.12038132751752,16.22432647230617,6.752272396594224e-05,0.0001412939140467919,0.847992877142598,2.5597570294659664,1,1.7332979629756327,4.614028200770184,-10.630622756821737,-3.1927126206513143e-07,27.38460071763363,-2.0757439353207364e-15,1.7332979629756327,0-1,52,46.69999999999993,46700,,,,,0,0.847992877142598,2.5722415929799958,1.7332979629756327,4.614028200770184,0.000606052826132047,negative_baseline,20.0,0,0,0,1,0,0,1,0,0,0,-1,1,0,0,0,0,0,1,0,0
sim_0039_n3_seed81,81,0.001,3,867.45,0,body_0,23.12038132751752,16.22432647230617,5.89622519123704e-05,7.925693601855547e-05,0.4155472292165275,0.7214908605529767,1,2.545652803950787,3.444578752411983,-10.630616692228248,2.512122894360429e-07,27.384600717633703,5.189359838301841e-16,2.545652803950787,0-1,52,47.14999999999998,47150,,,,,0,0.4155472292165275,0.7205109410000117,2.545652803950787,3.444578752411983,0.000580850154586357,negative_hard,10.0,0,0,0,1,0,1,0,0,0,0,-1,1,0,0,0,0,0,1,0,0
sim_0039_n3_seed81,81,0.001,3,868.0,0,body_0,23.12038132751752,16.22432647230617,6.233009345084181e-05,5.33338006051249e-05,0.23715834100743835,0.23441833413638347,1,3.422053443203893,2.6015604592005785,-10.630617255395547,1.9823632630135364e-07,27.384600717633674,-5.189359838301841e-16,3.422053443203893,0-1,52,47.69999999999993,47700,,,,,0,0.23715834100743835,0.23426553397889296,3.422053443203893,2.6015604592005785,0.0006195110253398976,negative_baseline,20.0,0,0,0,0,0,0,0,0,0,0,-1,0,0,0,0,0,0,1,0,0
sim_0039_n3_seed81,81,0.001,3,869.0,0,body_0,23.12038132751752,16.22432647230617,7.156376935722427e-05,4.053051136954923e-05,0.14163355326494975,0.06771216729977209,1,4.443822978150756,1.8384695291661357,-10.630617579513306,1.677472506088104e-07,27.384600717633578,-4.021753874683927e-15,4.443822978150756,0-1,52,48.69999999999993,48700,,,,,0,0.14163355326494975,0.06770390404711836,4.443822978150756,1.8384695291661357,0.0007854287595515968,negative_baseline,20.0,0,0,0,0,0,0,0,0,0,0,-1,0,0,0,0,0,0,1,0,0
sim_0039_n3_seed81,81,0.001,3,870.0,0,body_0,23.12038132751752,16.22432647230617,7.575194102910434e-05,4.7393948465527754e-05,0.11820653787858326,0.03722220313421598,1,4.819702185531125,1.5779029924953747,-10.630617635983219,1.6243524466983987e-07,27.38460071763358,-3.892019878726381e-15,4.819702185531125,0-1,52,49.69999999999993,49700,,,,,0,0.11820653787858326,0.03721259422340893,4.819702185531125,1.5779029924953747,0.0009923011697827886,negative_baseline,20.0,0,0,0,0,0,0,0,0,0,0,-1,0,0,0,0,0,0,1,0,0
sim_0039_n3_seed81,81,0.001,3,871.0,0,body_0,23.12038132751752,16.22432647230617,8.464209262436611e-05,7.260863905905389e-05,0.12590648575471539,0.050275415419842075,1,4.6032382604196975,1.7272492963877462,-10.630617620568739,1.6388525241000813e-07,27.38460071763354,-5.448827830216933e-15,4.6032382604196975,0-1,52,50.69999999999993,50700,,,,,0,0.12590648575471539,0.05023120516317891,4.6032382604196975,1.7272492963877462,0.0012267898854167855,negative_baseline,20.0,0,0,0,0,0,0,0,0,0,0,-1,0,0,0,0,0,0,1,0,0
sim_0039_n3_seed81,81,0.001,3,872.0,0,body_0,23.12038132751752,16.22432647230617,0.0001319510350194648,0.00013796704291680627,0.182606405070099,0.14728158383622578,1,3.760973125110143,2.3384256015379576,-10.630617455952521,1.7937035369419642e-07,27.384600717633592,-3.5028178908537427e-15,3.760973125110143,0-1,52,51.69999999999993,51700,,,,,0,0.182606405070099,0.14700262536097194,3.760973125110143,2.3384256015379576,0.0015291867311508667,negative_baseline,20.0,0,0,0,0,0,0,0,0,0,0,-1,0,0,0,0,0,0,1,0,0
sim_0039_n3_seed81,81,0.001,3,872.95,0,body_0,23.12038132751752,16.22432647230617,0.0002850787744480643,0.0004029865023523375,0.47366989622991024,1.0055078151709151,1,2.3051331356416567,3.751472881556402,-10.630617128071275,2.1021345271982597e-07,27.384600717633653,-1.2973399595754602e-15,2.3051331356416567,0-1,52,52.64999999999998,52650,,,,,0,0.47366989622991024,1.00163303483494,2.3051331356416567,3.751472881556402,0.0020352501674499274,negative_hard,10.0,0,0,0,1,1,0,0,0,0,0,-1,1,0,0,1,1,0,1,0,0
sim_0039_n3_seed81,81,0.001,3,873.0,0,body_0,23.12038132751752,16.22432647230617,0.0002994713286246709,0.00043700049465544854,0.5127823945352854,1.1558629773919853,1,2.214445015284617,3.870970301823694,-10.630617353166208,1.8903924590892916e-07,27.384600717633663,-9.081379717028221e-16,2.214445015284617,0-1,52,52.69999999999993,52700,,,,,0,0.5127823945352854,1.1516310997528707,2.214445015284617,3.870970301823694,0.002075843778506158,negative_baseline,20.0,0,0,0,1,1,0,0,0,0,0,-1,1,0,0,1,1,0,1,0,0
sim_0039_n3_seed81,81,0.001,3,873.45,0,body_0,23.12038132751752,16.22432647230617,0.00046397037146472667,0.0009213976039036104,1.0806216917023506,3.70370743533039,1,1.5215659687701326,5.052528230994234,-10.630638018993839,-1.7549516849364377e-06,27.38460071763364,-1.8162759434056442e-15,1.5215659687701326,0-1,52,53.14999999999998,53150,,,,,0,1.0806216917023506,3.75544794220584,1.5215659687701326,5.052528230994234,0.0024785122812792755,negative_hard,10.0,0,0,0,1,0,0,1,1,0,0,-1,1,0,0,1,1,0,1,0,0
sim_0039_n3_seed81,81,0.001,3,873.95,0,body_0,23.12038132751752,16.22432647230617,0.0004987706195630724,0.00067854746533944,0.7752954243475203,2.293354077669405,1,1.7962621755901158,4.513931073907104,-10.630622189647756,-2.659183988578964e-07,27.384600717633607,-2.9838819070235587e-15,1.7962621755901158,0-1,52,53.64999999999998,53650,,,,,0,0.7752954243475203,2.3021712101726055,1.7962621755901158,4.513931073907104,0.0023488452125726153,negative_hard,10.0,0,0,0,1,0,0,1,0,0,0,-1,1,0,0,1,1,0,1,0,0
sim_0039_n3_seed81,81,0.001,3,874.0,0,body_0,23.12038132751752,16.22432647230617,0.0004906555448600305,0.0006231622443676115,0.7086182957018264,1.9909433688455942,1,1.879126485109493,4.372283356859568,-10.630620327601441,-9.075961921120174e-08,27.384600717633603,-3.113615902981105e-15,1.879126485109493,0-1,52,53.69999999999993,53700,,,,,0,0.7086182957018264,1.995264137908688,1.879126485109493,4.372283356859568,0.0023130904611003466,negative_baseline,20.0,0,0,0,1,0,1,1,0,0,0,-1,1,0,0,1,1,0,1,0,0
sim_0039_n3_seed81,81,0.001,3,874.45,0,body_0,23.12038132751752,16.22432647230617,0.00041723430349072403,0.00032092267897751583,0.3499138324861831,0.5827535632973774,1,2.6804066231105996,3.3105593877928667,-10.630616963318534,2.2571139649950677e-07,27.384600717633553,-4.929891846386749e-15,2.6804066231105996,0-1,52,54.14999999999998,54150,,,,,0,0.3499138324861831,0.5819915372940693,2.6804066231105996,3.3105593877928667,0.0020997883577155304,negative_hard,10.0,0,0,0,1,0,1,0,0,0,0,-1,1,0,0,1,1,0,1,0,0
sim_0039_n3_seed81,81,0.001,3,875.0,0,body_0,23.12038132751752,16.22432647230617,0.00035214710708158587,0.00019532930976661446,0.20416125090475337,0.19640424541450324,1,3.5237211072571233,2.526268441027711,-10.630617375437748,1.8694420906117314e-07,27.384600717633568,-4.410955862556565e-15,3.5237211072571233,0-1,52,54.69999999999993,54700,,,,,0,0.20416125090475337,0.1962831190766205,3.5237211072571233,2.526268441027711,0.0020460854625160333,negative_baseline,20.0,0,0,0,0,0,0,0,0,0,0,-1,0,0,0,1,1,0,1,0,0
sim_0039_n3_seed81,81,0.001,3,876.0,0,body_0,23.12038132751752,16.22432647230617,0.00027064618062655894,0.00013028751554158607,0.12711884510344218,0.05852620297668257,1,4.493967228925941,1.800909059080601,-10.6306176144448,1.644613184397007e-07,27.38460071763353,-5.838029818089571e-15,4.493967228925941,0-1,52,55.69999999999993,55700,,,,,0,0.12711884510344218,0.05851814962457267,4.493967228925941,1.800909059080601,0.002184918093552924,negative_baseline,20.0,0,0,0,0,0,0,0,0,0,0,-1,0,0,0,1,1,0,1,0,0
sim_0039_n3_seed81,81,0.001,3,877.0,0,body_0,23.12038132751752,16.22432647230617,0.00020339185091767465,0.00012491166460245858,0.11101244288631534,0.035344601987934404,1,4.820120364807596,1.5730020258086017,-10.63061765010225,1.6110709709953875e-07,27.38460071763357,-4.281221866599019e-15,4.820120364807596,0-1,52,56.69999999999993,56700,,,,,0,0.11101244288631534,0.035332687048794116,4.820120364807596,1.5730020258086017,0.002451737221079814,negative_baseline,20.0,0,0,0,0,0,0,0,0,0,0,-1,0,0,0,0,0,0,1,0,0
sim_0039_n3_seed81,81,0.001,3,878.0,0,body_0,23.12038132751752,16.22432647230617,0.0001504126420833318,0.00015848867318031857,0.12415805911618517,0.053963585347105485,1,4.549550563625983,1.76293057910917,-10.630617622526724,1.6370106880727542e-07,27.384600717633518,-6.22723180596221e-15,4.549550563625983,0-1,52,57.69999999999993,57700,,,,,0,0.12415805911618517,0.05391246295251962,4.549550563625983,1.76293057910917,0.00281171537094803,negative_baseline,20.0,0,0,0,0,0,0,0,0,0,0,-1,0,0,0,1,1,0,1,0,0
sim_0039_n3_seed81,81,0.001,3,879.0,0,body_0,23.12038132751752,16.22432647230617,0.00020238774928164473,0.00027746726254757666,0.19151910800336705,0.16934930958902258,1,3.6444820412165324,2.429958260193686,-10.63061742446029,1.823327616189349e-07,27.384600717633585,-3.7622858827688345e-15,3.6444820412165324,0-1,52,58.69999999999993,58700,,,,,0,0.19151910800336705,0.1690024159919119,3.6444820412165324,2.429958260193686,0.003331401081879782,negative_baseline,20.0,0,0,0,0,0,0,0,0,0,0,-1,0,0,0,1,1,0,1,0,0
sim_0039_n3_seed81,81,0.001,3,879.95,0,body_0,23.12038132751752,16.22432647230617,0.000527427403777643,0.0008579559176991168,0.5507707650700618,1.3033581816464779,1,2.1366926986269026,3.978529934792358,-10.630617712627163,1.5522551004301748e-07,27.384600717633578,-4.021753874683927e-15,2.1366926986269026,0-1,52,59.64999999999998,59650,,,,,0,0.5507707650700618,1.2990659399339135,2.1366926986269026,3.978529934792358,0.004296861353268665,negative_hard,10.0,0,0,0,1,1,0,1,0,0,0,-1,1,0,0,1,1,0,1,0,0
sim_0039_n3_seed81,81,0.001,3,880.0,0,body_0,23.12038132751752,16.22432647230617,0.0005590690229175316,0.0009356353405279206,0.599715402199664,1.5046847840770206,1,2.0471570668914305,4.108284255448254,-10.63061829215605,1.0071044677860389e-07,27.384600717633564,-4.540689858514111e-15,2.0471570668914305,0-1,52,59.69999999999993,59700,,,,,0,0.599715402199664,1.500600591350495,2.0471570668914305,4.108284255448254,0.004376130215510471,negative_baseline,20.0,0,0,0,1,1,0,1,0,0,0,-1,1,0,0,1,1,0,1,0,0
sim_0039_n3_seed81,81,0.001,3,880.6,0,body_0,23.12038132751752,16.22432647230617,0.0009528050473064792,0.0017763377231550582,1.1255958676999953,3.885624452535453,1,1.4918224413996248,5.118614303230523,-10.630641672767037,-2.098654443353318e-06,27.384600717633596,-3.3730838948961966e-15,1.4918224413996248,0-1,52,60.299999999999955,60300,,,,,0,1.1255958676999953,3.9549164655742755,1.4918224413996248,5.118614303230523,0.004991141269295367,negative_hard,10.0,0,0,0,1,0,0,1,1,0,0,-1,1,0,0,1,1,0,1,0,0
sim_0039_n3_seed81,81,0.001,3,881.0,0,body_0,23.12038132751752,16.22432647230617,0.0008981035125586492,0.0009696220681828507,0.6002081197593648,1.5153024820108496,1,2.0427442864389365,4.1149144641670645,-10.630618328428106,9.729841081498452e-08,27.38460071763354,-5.448827830216933e-15,2.0427442864389365,0-1,52,60.69999999999993,60700,,,,,0,0.6002081197593648,1.5156376476625861,2.0427442864389365,4.1149144641670645,0.004455288365656928,negative_baseline,20.0,0,0,0,1,0,1,1,0,0,0,-1,1,0,0,1,1,0,1,0,0
sim_0039_n3_seed81,81,0.001,3,881.1,0,body_0,23.12038132751752,16.22432647230617,0.0008693785534456646,0.0008245071187022989,0.5071884267623947,1.1391209902137773,1,2.222463274205517,3.8604449678262247,-10.630617364989725,1.879270325952267e-07,27.384600717633543,-5.319093834259387e-15,2.222463274205517,0-1,52,60.799999999999955,60800,,,,,0,0.5071884267623947,1.1381821160330439,2.222463274205517,3.8604449678262247,0.0043400718619565955,negative_hard,10.0,0,0,0,1,0,1,0,0,0,0,-1,1,0,0,1,1,0,1,0,0
sim_0039_n3_seed81,81,0.001,3,882.0,0,body_0,23.12038132751752,16.22432647230617,0.0006681506961486906,0.0003220840168697947,0.190096677743927,0.1699458392707419,1,3.641295945399408,2.4319230899142212,-10.630617423465875,1.8242630416644813e-07,27.38460071763359,-3.6325518868112884e-15,3.641295945399408,0-1,52,61.69999999999993,61700,,,,,0,0.190096677743927,0.16985621320883101,3.641295945399408,2.4319230899142212,0.003944414306862027,negative_baseline,20.0,0,0,0,0,0,0,0,0,0,0,-1,0,0,0,1,1,0,1,0,0
sim_0039_n3_seed81,81,0.001,3,883.0,0,body_0,23.12038132751752,16.22432647230617,0.0005290171891669035,0.00021493235791693804,0.12290659279081077,0.05414068375038201,1,4.547008580528163,1.7636897889892538,-10.630617622678884,1.636867555138579e-07,27.384600717633592,-3.5028178908537427e-15,4.547008580528163,0-1,52,62.69999999999993,62700,,,,,0,0.12290659279081077,0.05413357257655124,4.547008580528163,1.7636897889892538,0.004068210072628505,negative_baseline,20.0,0,0,0,0,0,0,0,0,0,0,-1,0,0,0,1,1,0,1,0,0
sim_0039_n3_seed81,81,0.001,3,884.0,0,body_0,23.12038132751752,16.22432647230617,0.0004159882170857195,0.00020125020362069004,0.1099942452503783,0.03541260247760297,1,4.817085279899286,1.574816224138839,-10.630617650826345,1.6103898304734875e-07,27.38460071763358,-3.892019878726381e-15,4.817085279899286,0-1,52,63.69999999999993,63700,,,,,0,0.1099942452503783,0.03539886309095364,4.817085279899286,1.574816224138839,0.0043965148242221365,negative_baseline,20.0,0,0,0,0,0,0,0,0,0,0,-1,0,0,0,1,1,0,1,0,0
sim_0039_n3_seed81,81,0.001,3,885.0,0,body_0,23.12038132751752,16.22432647230617,0.00031654843582959257,0.00024865283808782573,0.12645543263299144,0.058573458270561214,1,4.490391726373905,1.8042523833126662,-10.630617616056554,1.6430970410467565e-07,27.38460071763355,-5.059625842344295e-15,4.490391726373905,0-1,52,64.69999999999993,64700,,,,,0,0.12645543263299144,0.05851415784328765,4.490391726373905,1.8042523833126662,0.004875678326385629,negative_baseline,20.0,0,0,0,0,0,0,0,0,0,0,-1,0,0,0,1,1,0,1,0,0
sim_0039_n3_seed81,81,0.001,3,885.3000000000001,0,body_0,23.12038132751752,16.22432647230617,0.00029689781692978154,0.0002815361726320137,0.13955984315526285,0.07829070526598349,1,4.271431124692189,1.9597362763486987,-10.630617583340921,1.673871948653752e-07,27.384600717633518,-6.22723180596221e-15,4.271431124692189,0-1,52,65.0,65000,,,,,0,0.13955984315526285,0.07819240868252034,4.271431124692189,1.9597362763486987,0.005058305667327799,negative_hard,8.0,0,0,0,0,0,0,0,0,0,0,-1,0,0,0,1,1,0,1,0,0
sim_0039_n3_seed81,81,0.001,3,885.7,0,body_0,23.12038132751752,16.22432647230617,0.0002945833868510332,0.0003514042366450962,0.16822290682396113,0.12630123472957477,1,3.8856060266682544,2.2432199974751246,-10.630617500157598,1.7521207510065856e-07,27.384600717633457,-8.432709737240492e-15,3.8856060266682544,0-1,52,65.39999999999998,65400,,,,,0,0.16822290682396113,0.12608499262887332,3.8856060266682544,2.2432199974751246,0.00534573433189308,negative_hard,8.0,0,0,0,0,0,0,0,0,0,0,-1,0,0,0,1,1,0,1,0,0
sim_0039_n3_seed81,81,0.001,3,886.0,0,body_0,23.12038132751752,16.22432647230617,0.00032550742035288883,0.00043777434292724887,0.20432320180511832,0.1965908875536711,1,3.521518425495379,2.528974316451884,-10.630617381208191,1.8640139556352766e-07,27.384600717633457,-8.432709737240492e-15,3.521518425495379,0-1,52,65.69999999999993,65700,,,,,0,0.20432320180511832,0.19615306808961802,3.521518425495379,2.528974316451884,0.005609448225810613,negative_baseline,20.0,0,0,0,0,0,0,0,0,0,0,-1,0,0,0,1,1,0,1,0,0
sim_0039_n3_seed81,81,0.001,3,886.1,0,body_0,23.12038132751752,16.22432647230617,0.0003446919804815054,0.0004771310859911755,0.22090674453382206,0.2324296867675863,1,3.3853126463704415,2.642207555604389,-10.630617324517363,1.917341824969479e-07,27.384600717633468,-8.043507749367853e-15,3.3853126463704415,0-1,52,65.79999999999995,65800,,,,,0,0.22090674453382206,0.23186142524374012,3.3853126463704415,2.642207555604389,0.005710215838105994,negative_hard,8.0,0,0,0,0,0,0,0,0,0,0,-1,0,0,0,1,1,0,1,0,0
sim_0039_n3_seed81,81,0.001,3,886.5,0,body_0,23.12038132751752,16.22432647230617,0.00048113713905289,0.0007326897659199231,0.32962948263812686,0.516995066081067,1,2.7663591497184306,3.2200455889300748,-10.630617016951517,2.206662546625753e-07,27.384600717633493,-7.13536977766503e-15,2.7663591497184306,0-1,52,66.19999999999993,66200,,,,,0,0.32962948263812686,0.5151728936977665,2.7663591497184306,3.2200455889300748,0.00620947242186536,negative_hard,8.0,0,0,0,1,1,0,0,0,0,0,-1,1,0,0,1,1,0,1,0,0
sim_0039_n3_seed81,81,0.001,3,886.9,0,body_0,23.12038132751752,16.22432647230617,0.0007570586098466451,0.0013453978484430523,0.593292785958305,1.4757187400860072,1,2.0584786548351275,4.091530953217663,-10.630618233568331,1.0622167030804985e-07,27.384600717633543,-5.319093834259387e-15,2.0584786548351275,0-1,52,66.59999999999991,66600,,,,,0,0.593292785958305,1.4716465798913532,2.0584786548351275,4.091530953217663,0.0069516537154508005,negative_hard,8.0,0,0,0,1,1,0,1,0,0,0,-1,1,0,0,1,1,0,1,0,0
sim_0039_n3_seed81,81,0.001,3,887.0,0,body_0,23.12038132751752,16.22432647230617,0.0008571671403528084,0.00160891398143747,0.7072234456743077,1.9664964921242138,1,1.8847217375447072,4.363078080600902,-10.630620353394157,-9.31858857003656e-08,27.384600717633543,-5.319093834259387e-15,1.8847217375447072,0-1,52,66.69999999999993,66700,,,,,0,0.7072234456743077,1.9651838255984084,1.8847217375447072,4.363078080600902,0.007184063024065289,negative_baseline,20.0,0,0,0,1,1,0,1,0,0,0,-1,1,0,0,1,1,0,1,0,0
sim_0039_n3_seed81,81,0.001,3,887.3000000000001,0,body_0,23.12038132751752,16.22432647230617,0.0012092657384197715,0.0025519622457981237,1.114909227591586,3.82468856566585,1,1.499885172410989,5.10051091491588,-10.630640836747606,-2.020011854155898e-06,27.384600717633557,-4.800157850429203e-15,1.499885172410989,0-1,52,67.0,67000,,,,,0,1.114909227591586,3.8863569686457535,1.499885172410989,5.10051091491588,0.0078122198800417405,negative_hard,8.0,0,0,0,1,0,0,1,1,0,0,-1,1,0,0,1,1,0,1,0,0
sim_0039_n3_seed81,81,0.001,3,887.7,0,body_0,23.12038132751752,16.22432647230617,0.001391520410480108,0.0020033026666033482,0.8632866516285264,2.6834666209492712,1,1.7035274623307854,4.6829391041380015,-10.63062559421757,-5.861791190891665e-07,27.384600717633532,-5.708295822132025e-15,1.7035274623307854,0-1,52,67.39999999999998,67400,,,,,0,0.8632866516285264,2.701431156669174,1.7035274623307854,4.6829391041380015,0.007451617538175816,negative_hard,8.0,0,0,0,1,0,0,1,0,0,0,-1,1,0,0,1,1,0,1,0,0
sim_0039_n3_seed81,81,0.001,3,888.0,0,body_0,23.12038132751752,16.22432647230617,0.001302462090344025,0.0012076581793005587,0.5121691821367755,1.1576175716034158,1,2.2115278275305448,3.875230846920358,-10.630617421775273,1.8258533548710119e-07,27.38460071763352,-6.0974978100046635e-15,2.2115278275305448,0-1,52,67.69999999999993,67700,,,,,0,0.5121691821367755,1.1567409014922048,2.2115278275305448,3.875230846920358,0.006882624202858624,negative_baseline,20.0,0,0,0,1,0,1,0,0,0,0,-1,1,0,0,1,1,0,1,0,0
sim_0039_n3_seed81,81,0.001,3,888.1,0,body_0,23.12038132751752,16.22432647230617,0.0012670524403592459,0.0010378740660198827,0.4380224502229744,0.8805371209927588,1,2.3915680476556966,3.6431155412312046,-10.630617051028654,2.1746069002016587e-07,27.384600717633532,-5.708295822132025e-15,2.3915680476556966,0-1,52,67.79999999999995,67800,,,,,0,0.4380224502229744,0.8794829441000016,2.3915680476556966,3.6431155412312046,0.006744755173310274,negative_hard,8.0,0,0,0,1,0,1,0,0,0,0,-1,1,0,0,1,1,0,1,0,0
sim_0039_n3_seed81,81,0.001,3,888.5,0,body_0,23.12038132751752,16.22432647230617,0.0011402311899085741,0.0006415822805222845,0.2666111287038033,0.34687403262270383,1,3.0675964978203534,2.9237015086417366,-10.630617168022342,2.0645533994278882e-07,27.38460071763352,-6.0974978100046635e-15,3.0675964978203534,0-1,52,68.19999999999993,68200,,,,,0,0.2666111287038033,0.3465295598951631,3.0675964978203534,2.9237015086417366,0.006413087720656758,negative_hard,8.0,0,0,0,0,0,0,0,0,0,0,-1,0,0,0,1,1,0,1,0,0
sim_0039_n3_seed81,81,0.001,3,888.9,0,body_0,23.12038132751752,16.22432647230617,0.0010402979746171857,0.0004634088480504814,0.19065489264838423,0.17180887746262527,1,3.6317474937261176,2.4396267735271264,-10.630617421979025,1.825661689949863e-07,27.384600717633507,-6.616433793834847e-15,3.6317474937261176,0-1,52,68.59999999999991,68600,,,,,0,0.19065489264838423,0.1717176042371434,3.6317474937261176,2.4396267735271264,0.006300891063577029,negative_hard,8.0,0,0,0,0,0,0,0,0,0,0,-1,0,0,0,1,1,0,1,0,0
sim_0039_n3_seed81,81,0.001,3,889.0,0,body_0,23.12038132751752,16.22432647230617,0.0010185327923067043,0.00043479446288745467,0.17854656569444263,0.14809341042406568,1,3.754105100622743,2.343429926168141,-10.63061746229466,1.7877376199602884e-07,27.384600717633504,-6.746167789792393e-15,3.754105100622743,0-1,52,68.69999999999993,68700,,,,,0,0.17854656569444263,0.14802674776918542,3.754105100622743,2.343429926168141,0.00629350578992999,negative_baseline,20.0,0,0,0,0,0,0,0,0,0,0,-1,0,0,0,1,1,0,1,0,0
sim_0039_n3_seed81,81,0.001,3,889.3000000000001,0,body_0,23.12038132751752,16.22432647230617,0.0009588502824221572,0.0003709839044381307,0.1516358155580151,0.09978054556098691,1,4.0778002488848735,2.0994375045883693,-10.63061754624638,1.7087660028066977e-07,27.384600717633493,-7.13536977766503e-15,4.0778002488848735,0-1,52,69.0,69000,,,,,0,0.1516358155580151,0.09975316233333824,4.0778002488848735,2.0994375045883693,0.006305141853884905,negative_hard,8.0,0,0,0,0,0,0,0,0,0,0,-1,0,0,0,1,1,0,1,0,0
sim_0039_n3_seed81,81,0.001,3,889.7,0,body_0,23.12038132751752,16.22432647230617,0.0008887901328530768,0.00031923194129368255,0.1298329578208049,0.06503580412132752,1,4.412894774657415,1.8582605950608688,-10.630617605539268,1.652990431298326e-07,27.384600717633546,-5.189359838301841e-15,4.412894774657415,0-1,52,69.39999999999998,69400,,,,,0,0.1298329578208049,0.0650257416779887,4.412894774657415,1.8582605950608688,0.006378607228436111,negative_hard,8.0,0,0,0,0,0,0,0,0,0,0,-1,0,0,0,1,1,0,1,0,0
sim_0039_n3_seed81,81,0.001,3,890.0,0,body_0,23.12038132751752,16.22432647230617,0.0008409129201980694,0.00029599182919323356,0.11992599268612295,0.05038691898748504,1,4.595854322298753,1.7294163128132694,-10.630617629059678,1.630865275928266e-07,27.384600717633546,-5.189359838301841e-15,4.595854322298753,0-1,52,69.69999999999993,69700,,,,,0,0.11992599268612295,0.05038041055480027,4.595854322298753,1.7294163128132694,0.006464998393814215,negative_baseline,20.0,0,0,0,0,0,0,0,0,0,0,-1,0,0,0,1,1,0,1,0,0
sim_0039_n3_seed81,81,0.001,3,890.1,0,body_0,23.12038132751752,16.22432647230617,0.0008255660694896866,0.0002904220865904269,0.11750393162365004,0.04688146324699322,1,4.64431625244376,1.6954583926451423,-10.630617634444967,1.6257994481757327e-07,27.38460071763354,-5.448827830216933e-15,4.64431625244376,0-1,52,69.79999999999995,69800,,,,,0,0.11750393162365004,0.046875261998683165,4.64431625244376,1.6954583926451423,0.0064986235041514075,negative_hard,8.0,0,0,0,0,0,0,0,0,0,0,-1,0,0,0,1,1,0,1,0,0
sim_0039_n3_seed81,81,0.001,3,890.5,0,body_0,23.12038132751752,16.22432647230617,0.0007662260514646158,0.00027694517451498386,0.11127383401589856,0.037895775727832544,1,4.777315274317802,1.6024122065122135,-10.63061764765466,1.6133733679594186e-07,27.384600717633514,-6.356965801919755e-15,4.777315274317802,0-1,52,70.19999999999993,70200,,,,,0,0.11127383401589856,0.03788788240163714,4.777315274317802,1.6024122065122135,0.006653999004423489,negative_hard,8.0,0,0,0,0,0,0,0,0,0,0,-1,0,0,0,1,1,0,1,0,0
sim_0039_n3_seed81,81,0.001,3,890.9,0,body_0,23.12038132751752,16.22432647230617,0.0007088292631088714,0.0002757767138497211,0.109696047609147,0.03549620474744766,1,4.814904646800345,1.576218572411178,-10.630617651048098,1.6101812318257172e-07,27.38460071763351,-6.486699797877301e-15,4.814904646800345,0-1,52,70.59999999999991,70600,,,,,0,0.109696047609147,0.03548254072101049,4.814904646800345,1.576218572411178,0.006839751686752049,negative_hard,8.0,0,0,0,0,0,0,0,0,0,0,-1,0,0,0,1,1,0,1,0,0
sim_0039_n3_seed81,81,0.001,3,891.0,0,body_0,23.12038132751752,16.22432647230617,0.0006946338827176525,0.00027732272713692325,0.1099675125228133,0.03583532727587581,1,4.8095421017113535,1.5800213090609756,-10.63061765060118,1.610601639076738e-07,27.384600717633514,-6.356965801919755e-15,4.8095421017113535,0-1,52,70.69999999999993,70700,,,,,0,0.1099675125228133,0.03581954000294543,4.8095421017113535,1.5800213090609756,0.006890759910761697,negative_baseline,20.0,0,0,0,0,0,0,0,0,0,0,-1,0,0,0,1,1,0,1,0,0
sim_0039_n3_seed81,81,0.001,3,891.3000000000001,0,body_0,23.12038132751752,16.22432647230617,0.0006522670291289731,0.0002866300094267158,0.11241628774810576,0.03915304281036108,1,4.7579534346145245,1.6162974576584672,-10.630617646020953,1.6149101612991686e-07,27.38460071763352,-6.0974978100046635e-15,4.7579534346145245,0-1,52,71.0,71000,,,,,0,0.11241628774810576,0.0391287953164566,4.7579534346145245,1.6162974576584672,0.007055061267285912,negative_hard,8.0,0,0,0,0,0,0,0,0,0,0,-1,0,0,0,1,1,0,1,0,0
sim_0039_n3_seed81,81,0.001,3,891.7,0,body_0,23.12038132751752,16.22432647230617,0.000596557042240257,0.00031168726828935113,0.1199883205239021,0.04969807567832588,1,4.605230127258515,1.723414442955717,-10.630617630452175,1.6295553834967641e-07,27.384600717633532,-5.708295822132025e-15,4.605230127258515,0-1,52,71.39999999999998,71400,,,,,0,0.1199883205239021,0.04965482336172037,4.605230127258515,1.723414442955717,0.007302853781466671,negative_hard,8.0,0,0,0,0,0,0,0,0,0,0,-1,0,0,0,1,1,0,1,0,0
sim_0039_n3_seed81,81,0.001,3,892.0,0,body_0,23.12038132751752,16.22432647230617,0.000556591850471684,0.0003430046509397913,0.12983563747137042,0.06391285224107895,1,4.425879891993167,1.8497200961725913,-10.630617607879461,1.6507890602054023e-07,27.384600717633557,-4.800157850429203e-15,4.425879891993167,0-1,52,71.69999999999993,71700,,,,,0,0.12983563747137042,0.06384371712810878,4.425879891993167,1.8497200961725913,0.007514333031417902,negative_baseline,20.0,0,0,0,0,0,0,0,0,0,0,-1,0,0,0,1,1,0,1,0,0
sim_0039_n3_seed81,81,0.001,3,892.1,0,body_0,23.12038132751752,16.22432647230617,0.0005440627510913723,0.00035660482673511944,0.1341594192281735,0.0703709885710169,1,4.353340675418303,1.901187134724869,-10.630617597227742,1.6608089086666597e-07,27.384600717633564,-4.540689858514111e-15,4.353340675418303,0-1,52,71.79999999999995,71800,,,,,0,0.1341594192281735,0.07028922905231971,4.353340675418303,1.901187134724869,0.007590700502273484,negative_hard,8.0,0,0,0,0,0,0,0,0,0,0,-1,0,0,0,1,1,0,1,0,0
sim_0039_n3_seed81,81,0.001,3,892.5,0,body_0,23.12038132751752,16.22432647230617,0.000502995662041709,0.0004337487224938512,0.158910025514766,0.11024555732449984,1,3.996650748947988,2.1599739353153713,-10.630617528952186,1.7250342877774365e-07,27.384600717633592,-3.5028178908537427e-15,3.996650748947988,0-1,52,72.19999999999993,72200,,,,,0,0.158910025514766,0.110072558003829,3.996650748947988,2.1599739353153713,0.007933606506247616,negative_hard,8.0,0,0,0,0,0,0,0,0,0,0,-1,0,0,0,1,1,0,1,0,0
sim_0039_n3_seed81,81,0.001,3,892.9,0,body_0,23.12038132751752,16.22432647230617,0.0004959318627698328,0.0005714409587571151,0.2034796503257742,0.19501286645912816,1,3.527671267895468,2.523972367139348,-10.630617385320804,1.8601453075984576e-07,27.384600717633592,-3.5028178908537427e-15,3.527671267895468,0-1,52,72.59999999999991,72600,,,,,0,0.2034796503257742,0.194581478442267,3.527671267895468,2.523972367139348,0.008360721158159503,negative_hard,8.0,0,0,0,0,0,0,0,0,0,0,-1,0,0,0,1,1,0,1,0,0
sim_0039_n3_seed81,81,0.001,3,893.0,0,body_0,23.12038132751752,16.22432647230617,0.0005046155676486096,0.0006220645383058884,0.21992720286429984,0.2303888388741387,1,3.3920039316549415,2.636577902547786,-10.6306173295431,1.9126142205843652e-07,27.38460071763359,-3.6325518868112884e-15,3.3920039316549415,0-1,52,72.69999999999993,72700,,,,,0,0.21992720286429984,0.2298295254511778,3.3920039316549415,2.636577902547786,0.00848654464421612,negative_baseline,20.0,0,0,0,0,0,0,0,0,0,0,-1,0,0,0,1,1,0,1,0,0
sim_0039_n3_seed81,81,0.001,3,893.3000000000001,0,body_0,23.12038132751752,16.22432647230617,0.0005733482162517449,0.0008433543321965468,0.29203309243358366,0.4093378774802482,1,2.9402381605174366,3.045196499734435,-10.630617104914867,2.1239172733922182e-07,27.384600717633585,-3.7622858827688345e-15,2.9402381605174366,0-1,52,73.0,73000,,,,,0,0.29203309243358366,0.40802109087816485,2.9402381605174366,3.045196499734435,0.008931247189636766,negative_hard,8.0,0,0,0,0,0,0,0,0,0,0,-1,0,0,0,1,1,0,1,0,0
sim_0039_n3_seed81,81,0.001,3,893.7,0,body_0,23.12038132751752,16.22432647230617,0.0008230421022754752,0.0014720776029160563,0.4977944611593468,1.0925569484232471,1,2.2484355902223414,3.8258344690458927,-10.630617324490313,1.9173672706759117e-07,27.384600717633596,-3.3730838948961966e-15,2.2484355902223414,0-1,52,73.39999999999998,73400,,,,,0,0.4977944611593468,1.0885824761882645,2.2484355902223414,3.8258344690458927,0.00976443438827804,negative_pre_failure,1.0,0,0,0,1,1,0,0,0,0,0,-1,1,0,0,1,1,0,1,0,0
sim_0039_n3_seed81,81,0.001,3,893.75,0,body_0,23.12038132751752,16.22432647230617,0.0008725441247653305,0.0016005722972854785,0.539930228860747,1.256820516178514,1,2.158512179928085,3.9480069259861863,-10.630617651632349,1.609631639323184e-07,27.384600717633592,-3.5028178908537427e-15,2.158512179928085,0-1,52,73.44999999999993,73450,,,,,0,0.539930228860747,1.2526376269266308,2.158512179928085,3.9480069259861863,0.00989501316029001,negative_pre_failure,1.0,0,0,0,1,1,0,1,0,0,0,-1,1,0,0,1,1,0,1,0,0
sim_0039_n3_seed81,81,0.001,3,894.0,0,body_0,23.12038132751752,16.22432647230617,5.7029944150042255e-08,1.5249901758369035e-07,0.8384790420981927,2.556997235825241,1,1.7306414479167007,4.632225973676672,-10.630625694423337,-5.956052648121889e-07,27.38460071763371,7.784039757452762e-16,1.7306414479167007,0-1,53,0.1999999999999318,200,,,,,0,0.8384790420981927,2.5651997297012756,1.7306414479167007,4.632225973676672,3.0501256791097626e-07,negative_hard,10.0,0,0,0,1,0,0,1,0,0,0,-1,1,0,0,1,1,0,1,0,0
sim_0039_n3_seed81,81,0.001,3,894.5,0,body_0,23.12038132751752,16.22432647230617,3.123773323864931e-07,1.3113882536417836e-06,1.0116244938937384,3.359508906522861,1,1.5739427217939623,4.940330817418801,-10.630634696643131,-1.4424251430615047e-06,27.3846007176337,3.892019878726381e-16,1.5739427217939623,0-1,53,0.6999999999999318,700,,,,,0,1.0116244938937384,3.4018284866641837,1.5739427217939623,4.940330817418801,1.6707065362277298e-06,negative_hard,10.0,0,0,0,1,0,0,1,1,0,0,-1,1,0,0,1,1,0,1,0,0
sim_0039_n3_seed81,81,0.001,3,895.0,0,body_0,23.12038132751752,16.22432647230617,8.015442766132584e-07,1.3415849455342532e-06,0.4398575458362372,0.8870791699848317,1,2.3861148091403654,3.649783473782983,-10.630618215129477,1.0795617451424774e-07,27.384600717633738,1.8162759434056442e-15,2.3861148091403654,0-1,53,1.1999999999999318,1200,,,,,0,0.4398575458362372,0.8860375453758009,2.3861148091403654,3.649783473782983,4.2869794525398634e-06,negative_hard,10.0,0,0,0,1,0,1,0,0,0,0,-1,1,0,0,1,1,0,1,0,0
sim_0039_n3_seed81,81,0.001,3,896.0,0,body_0,23.12038132751752,16.22432647230617,1.5620061930709186e-06,9.00563887350661e-07,0.16839088301115962,0.12950365141974193,1,3.864081152131951,2.2588765527401584,-10.630618641913262,6.780952165826606e-08,27.384600717633763,2.7244139151084665e-15,3.864081152131951,0-1,53,2.199999999999932,2200,,,,,0,0.16839088301115962,0.12945414132170183,3.864081152131951,2.2588765527401584,8.35427121011758e-06,negative_baseline,20.0,0,0,0,0,0,0,0,0,0,0,-1,0,0,0,1,1,0,1,0,0
sim_0039_n3_seed81,81,0.001,3,897.0,0,body_0,23.12038132751752,16.22432647230617,1.9475871068050453e-06,6.825228994473238e-07,0.11749391616091988,0.04708224463277143,1,4.640644303779249,1.6978044017390417,-10.630618780989526,5.47269101331409e-08,27.384600717633727,1.4270739555330063e-15,4.640644303779249,0-1,53,3.199999999999932,3200,,,,,0,0.11749391616091988,0.04707600889825655,4.640644303779249,1.6978044017390417,1.041675239504892e-05,negative_baseline,20.0,0,0,0,0,0,0,0,0,0,0,-1,0,0,0,1,1,0,1,0,0
sim_0039_n3_seed81,81,0.001,3,898.0,0,body_0,23.12038132751752,16.22432647230617,2.040153182882336e-06,6.437538944750725e-07,0.11050085730586813,0.03664850299324381,1,4.795989204651413,1.5892944719685773,-10.630618796279236,5.328863920000006e-08,27.384600717633727,1.4270739555330063e-15,4.795989204651413,0-1,53,4.199999999999932,4200,,,,,0,0.11050085730586813,0.03663028155728517,4.795989204651413,1.5892944719685773,1.0912514937852395e-05,negative_baseline,20.0,0,0,0,0,0,0,0,0,0,0,-1,0,0,0,1,1,0,1,0,0
sim_0039_n3_seed81,81,0.001,3,899.0,0,body_0,23.12038132751752,16.22432647230617,1.8580063016774505e-06,7.840997988627035e-07,0.13420844689103825,0.0704020696028845,1,4.352531431515589,1.9016128712743274,-10.630618744189348,5.8188625379638574e-08,27.384600717633724,1.2973399595754602e-15,4.352531431515589,0-1,53,5.199999999999932,5200,,,,,0,0.13420844689103825,0.07032046502262197,4.352531431515589,1.9016128712743274,9.939227422778769e-06,negative_baseline,20.0,0,0,0,0,0,0,0,0,0,0,-1,0,0,0,1,1,0,1,0,0
sim_0039_n3_seed81,81,0.001,3,900.0,0,body_0,23.12038132751752,16.22432647230617,1.3733195130940725e-06,1.1417762530909544e-06,0.23952959546798427,0.2747748112248277,1,3.250103751381576,2.7588076479088977,-10.630618413303083,8.931440033694273e-08,27.38460071763365,-1.4270739555330063e-15,3.250103751381576,0-1,53,6.199999999999932,6200,,,,,0,0.23952959546798427,0.2740441285748215,3.250103751381576,2.7588076479088977,7.347143502302452e-06,negative_baseline,20.0,0,0,0,0,0,0,0,0,0,0,-1,0,0,0,1,1,0,1,0,0
sim_0039_n3_seed81,81,0.001,3,900.5500000000001,0,body_0,23.12038132751752,16.22432647230617,9.668176672962903e-07,1.4973737706268497e-06,0.4594845785073445,0.9477060776550096,1,2.341421905179216,3.705580406075098,-10.630618287301395,1.011671139941934e-07,27.384600717633596,-3.3730838948961966e-15,2.341421905179216,0-1,53,6.75,6750,,,,,0,0.4594845785073445,0.9441304744291615,2.341421905179216,3.705580406075098,5.171922209558808e-06,negative_hard,10.0,0,0,0,1,1,0,0,0,0,0,-1,1,0,0,1,1,0,1,0,0
sim_0039_n3_seed81,81,0.001,3,901.0,0,body_0,23.12038132751752,16.22432647230617,6.727173621360203e-07,2.071991319298629e-06,0.9756850411227282,3.1827190006242843,1,1.604123999877404,4.877884283049944,-10.630632471872733,-1.2331456719216886e-06,27.38460071763358,-3.892019878726381e-15,1.604123999877404,0-1,53,7.199999999999932,7200,,,,,0,0.9756850411227282,3.2110602667528556,1.604123999877404,4.877884283049944,3.5960350116523717e-06,negative_baseline,20.0,0,0,0,1,0,0,1,0,0,0,-1,1,0,0,1,1,0,1,0,0
sim_0039_n3_seed81,81,0.001,3,901.0500000000001,0,body_0,23.12038132751752,16.22432647230617,6.643074399606754e-07,2.206966470672414e-06,1.0437339429176176,3.4923193908872205,1,1.5507270710407246,4.989403112256675,-10.630636831218467,-1.6432201544527559e-06,27.38460071763357,-4.281221866599019e-15,1.5507270710407246,0-1,53,7.25,7250,,,,,0,1.0437339429176176,3.535302572577969,1.5507270710407246,4.989403112256675,3.550686672756629e-06,negative_hard,10.0,0,0,0,1,0,0,1,1,0,0,-1,1,0,0,1,1,0,1,0,0
sim_0039_n3_seed81,81,0.001,3,901.5500000000001,0,body_0,23.12038132751752,16.22432647230617,1.1332209599020741e-06,3.22897047022081e-06,0.7997169954651655,2.3878378412119092,1,1.7696071809678837,4.561352756429579,-10.630624391404318,-4.7303300684301335e-07,27.38460071763363,-2.0757439353207364e-15,1.7696071809678837,0-1,53,7.75,7750,,,,,0,0.7997169954651655,2.3992287044112985,1.7696071809678837,4.561352756429579,6.059317607132682e-06,negative_hard,10.0,0,0,0,1,0,0,1,0,0,0,-1,1,0,0,1,1,0,1,0,0
sim_0039_n3_seed81,81,0.001,3,902.0,0,body_0,23.12038132751752,16.22432647230617,1.8853855104725946e-06,2.6293244763955676e-06,0.3834710572002678,0.6936451152570721,1,2.5545390356757403,3.4503028672484795,-10.63061813445101,1.1554542814293636e-07,27.38460071763369,0.0,2.5545390356757403,0-1,53,8.199999999999932,8200,,,,,0,0.3834710572002678,0.6927605540567471,2.5545390356757403,3.4503028672484795,1.0084316892080455e-05,negative_baseline,20.0,0,0,0,1,0,1,0,0,0,0,-1,1,0,0,1,1,0,1,0,0
sim_0039_n3_seed81,81,0.001,3,902.0500000000001,0,body_0,23.12038132751752,16.22432647230617,1.9638605578420815e-06,2.5635994972662056e-06,0.3586531673412123,0.6134484173274198,1,2.6414811889696996,3.3532107531247335,-10.630618138006431,1.1521097718337372e-07,27.384600717633703,5.189359838301841e-16,2.6414811889696996,0-1,53,8.25,8250,,,,,0,0.3586531673412123,0.6126697297888855,2.6414811889696996,3.3532107531247335,1.050421411523139e-05,negative_hard,10.0,0,0,0,1,0,1,0,0,0,0,-1,1,0,0,1,1,0,1,0,0
sim_0039_n3_seed81,81,0.001,3,903.0,0,body_0,23.12038132751752,16.22432647230617,3.1212757037042064e-06,1.7102066339244015e-06,0.15978465659267482,0.11443334806665392,1,3.965254939249507,2.1826143808137632,-10.63061866879833,6.528049983213226e-08,27.384600717633685,-1.2973399595754603e-16,3.965254939249507,0-1,53,9.199999999999932,9200,,,,,0,0.15978465659267482,0.11439604111151586,3.965254939249507,2.1826143808137632,1.6696719332027768e-05,negative_baseline,20.0,0,0,0,0,0,0,0,0,0,0,-1,0,0,0,1,1,0,1,0,0
sim_0039_n3_seed81,81,0.001,3,904.0,0,body_0,23.12038132751752,16.22432647230617,3.7389665043020674e-06,1.3158686622229293e-06,0.11558090995148826,0.044373366382277686,1,4.678914182869571,1.6708406411565233,-10.630618785284065,5.432293180522718e-08,27.384600717633706,6.486699797877301e-16,4.678914182869571,0-1,53,10.199999999999932,10200,,,,,0,0.11558090995148826,0.04436709155792381,4.678914182869571,1.6708406411565233,2.0001873951113366e-05,negative_baseline,20.0,0,0,0,0,0,0,0,0,0,0,-1,0,0,0,1,1,0,1,0,0
sim_0039_n3_seed81,81,0.001,3,905.0,0,body_0,23.12038132751752,16.22432647230617,3.842896038131104e-06,1.2679104786613911e-06,0.11150057208079765,0.03784671510473033,1,4.777209753000613,1.6023731516137742,-10.630618794816995,5.342618921785256e-08,27.384600717633717,1.0378719676603682e-15,4.777209753000613,0-1,53,11.199999999999932,11200,,,,,0,0.11150057208079765,0.037825758102998,4.777209753000613,1.6023731516137742,2.0559906113115327e-05,negative_baseline,20.0,0,0,0,0,0,0,0,0,0,0,-1,0,0,0,1,1,0,1,0,0
sim_0039_n3_seed81,81,0.001,3,906.0,0,body_0,23.12038132751752,16.22432647230617,3.4512893641365073e-06,1.5606846303540215e-06,0.13942000404210486,0.077889456224429,1,4.274540006858235,1.9574023670424376,-10.630618732231676,5.931345844699826e-08,27.384600717633663,-9.081379717028221e-16,4.274540006858235,0-1,53,12.199999999999932,12200,,,,,0,0.13942000404210486,0.07779283038347329,4.274540006858235,1.9574023670424376,1.846815092233574e-05,negative_baseline,20.0,0,0,0,0,0,0,0,0,0,0,-1,0,0,0,1,1,0,1,0,0
sim_0039_n3_seed81,81,0.001,3,907.0,0,body_0,23.12038132751752,16.22432647230617,2.5115918706285804e-06,2.31176160092865e-06,0.26291145647041936,0.33037001108423,1,3.104435370576108,2.889954361613577,-10.630618344579434,9.577908942500031e-08,27.384600717633674,-5.189359838301841e-16,3.104435370576108,0-1,53,13.199999999999932,13200,,,,,0,0.26291145647041936,0.3294109402169159,3.104435370576108,2.889954361613577,1.3441873220695058e-05,negative_baseline,20.0,0,0,0,0,0,0,0,0,0,0,-1,0,0,0,1,1,0,1,0,0
sim_0039_n3_seed81,81,0.001,3,907.5500000000001,0,body_0,23.12038132751752,16.22432647230617,1.7633135158199104e-06,3.132575501502325e-06,0.5355069278626043,1.2332827515664961,1,2.169347575775582,3.932970478979733,-10.630618793676362,5.353348611546828e-08,27.38460071763365,-1.4270739555330063e-15,2.169347575775582,0-1,53,13.75,13750,,,,,0,0.5355069278626043,1.2292067258340016,2.169347575775582,3.932970478979733,9.4329626710181e-06,negative_hard,10.0,0,0,0,1,1,0,1,0,0,0,-1,1,0,0,1,1,0,1,0,0
sim_0039_n3_seed81,81,0.001,3,908.0,0,body_0,23.12038132751752,16.22432647230617,1.3114243322604089e-06,4.405217319597197e-06,1.093538829556089,3.70692824177077,1,1.514949881165563,5.067047083480047,-10.630640628362798,-2.000409533635833e-06,27.38460071763364,-1.8162759434056442e-15,1.514949881165563,0-1,53,14.199999999999932,14200,,,,,0,1.093538829556089,3.7632434957615772,1.514949881165563,5.067047083480047,7.001731323754805e-06,negative_baseline,20.0,0,0,0,1,0,0,1,1,0,0,-1,1,0,0,1,1,0,1,0,0
sim_0039_n3_seed81,81,0.001,3,908.0500000000001,0,body_0,23.12038132751752,16.22432647230617,1.3112085350166446e-06,4.606379754464689e-06,1.1356467415853473,3.8926000472691253,1,1.4863236314891966,5.130957539006577,-10.630644079158966,-2.3250186697704934e-06,27.38460071763364,-1.8162759434056442e-15,1.4863236314891966,0-1,53,14.25,14250,,,,,0,1.1356467415853473,3.961729976735181,1.4863236314891966,5.130957539006577,6.999396520562545e-06,negative_hard,10.0,0,0,0,1,0,0,1,1,0,0,-1,1,0,0,1,1,0,1,0,0
sim_0039_n3_seed81,81,0.001,3,908.5500000000001,0,body_0,23.12038132751752,16.22432647230617,2.064695908931336e-06,4.81222814635066e-06,0.6731406079753738,1.8249048576393743,1,1.9273781264142589,4.293623622159229,-10.630620917138586,-1.4621613818882084e-07,27.384600717633656,-1.1676059636179143e-15,1.9273781264142589,0-1,53,14.75,14750,,,,,0,0.6731406079753738,1.827945028250348,1.9273781264142589,4.293623622159229,1.103640964714537e-05,negative_hard,10.0,0,0,0,1,0,1,1,0,0,0,-1,1,0,0,1,1,0,1,0,0
sim_0039_n3_seed81,81,0.001,3,909.0,0,body_0,23.12038132751752,16.22432647230617,3.0824972448653296e-06,3.7652369746682307e-06,0.3376692422204021,0.5503194326948566,1,2.7193257842005907,3.269384488175587,-10.63061816538151,1.1263586116519111e-07,27.384600717633646,-1.5568079514905524e-15,2.7193257842005907,0-1,53,15.199999999999932,15200,,,,,0,0.3376692422204021,0.5496436420227472,2.7193257842005907,3.269384488175587,1.6489917313642263e-05,negative_baseline,20.0,0,0,0,1,0,1,0,0,0,0,-1,1,0,0,1,1,0,1,0,0
sim_0039_n3_seed81,81,0.001,3,909.0500000000001,0,body_0,23.12038132751752,16.22432647230617,3.1876220885512993e-06,3.6691470857384355e-06,0.31771558612808565,0.4907222484598448,1,2.8033972261781197,3.1817338492858416,-10.630618196524791,1.0970627816833133e-07,27.384600717633663,-9.081379717028221e-16,2.8033972261781197,0-1,53,15.25,15250,,,,,0,0.31771558612808565,0.49014271664199893,2.8033972261781197,3.1817338492858416,1.7053005913927338e-05,negative_hard,10.0,0,0,0,1,0,0,0,0,0,0,-1,1,0,0,1,1,0,1,0,0
sim_0039_n3_seed81,81,0.001,3,910.0,0,body_0,23.12038132751752,16.22432647230617,4.738132893364931e-06,2.464777505448185e-06,0.1521500527524026,0.10187428816635223,1,4.060126947033394,2.112086095366892,-10.630618691139993,6.317886661776776e-08,27.384600717633685,-1.2973399595754603e-16,4.060126947033394,0-1,53,16.199999999999932,16200,,,,,0,0.1521500527524026,0.10184593516818842,4.060126947033394,2.112086095366892,2.535606528134226e-05,negative_baseline,20.0,0,0,0,0,0,0,0,0,0,0,-1,0,0,0,1,1,0,1,0,0
sim_0039_n3_seed81,81,0.001,3,911.0,0,body_0,23.12038132751752,16.22432647230617,5.544512748183056e-06,1.931397058762967e-06,0.11413737234893599,0.04224642345095093,1,4.711042654998227,1.6478307307395166,-10.630618788375177,5.403215746166483e-08,27.384600717633667,-7.784039757452762e-16,4.711042654998227,0-1,53,17.199999999999932,17200,,,,,0,0.11413737234893599,0.04223978659541669,4.711042654998227,1.6478307307395166,2.9675066568282648e-05,negative_hard,10.0,0,0,0,0,0,0,0,0,0,0,-1,0,0,0,1,1,0,1,0,0
sim_0039_n3_seed81,81,0.001,3,911.5,0,body_0,23.12038132751752,16.22432647230617,5.67073436924997e-06,1.856837507642442e-06,0.11026255066188997,0.036135438028787006,1,4.805187215860135,1.5820000009424182,-10.63061879693331,5.322711182272578e-08,27.38460071763368,-2.5946799191509205e-16,4.805187215860135,0-1,53,17.699999999999932,17700,,,,,0,0.11026255066188997,0.03612355362115367,4.805187215860135,1.5820000009424182,3.0353438474765545e-05,negative_hard,10.0,0,0,0,0,0,0,0,0,0,0,-1,0,0,0,1,1,0,1,0,0
sim_0039_n3_seed81,81,0.001,3,912.0,0,body_0,23.12038132751752,16.22432647230617,5.620649124573055e-06,1.9043958503589642e-06,0.1132534106754064,0.03966947302572438,1,4.751292861473153,1.6202196248572396,-10.63061879207449,5.368417088347937e-08,27.384600717633703,5.189359838301841e-16,4.751292861473153,0-1,53,18.199999999999932,18200,,,,,0,0.1132534106754064,0.03964523487642343,4.751292861473153,1.6202196248572396,3.0089727999207378e-05,negative_hard,10.0,0,0,0,0,0,0,0,0,0,0,-1,0,0,0,1,1,0,1,0,0
sim_0039_n3_seed81,81,0.001,3,913.0,0,body_0,23.12038132751752,16.22432647230617,4.977359944033439e-06,2.3843457612618213e-06,0.14633669505330849,0.08722444133109342,1,4.187227012815426,2.020643491208982,-10.630618716937196,6.075217803867452e-08,27.384600717633653,-1.2973399595754602e-15,4.187227012815426,0-1,53,19.199999999999932,19200,,,,,0,0.14633669505330849,0.08710851406395458,4.187227012815426,2.020643491208982,2.6659983173612876e-05,negative_baseline,20.0,0,0,0,0,0,0,0,0,0,0,-1,0,0,0,1,1,0,1,0,0
sim_0039_n3_seed81,81,0.001,3,914.0,0,body_0,23.12038132751752,16.22432647230617,3.5307639771770488e-06,3.6014826034764084e-06,0.2932529560477792,0.4047694676208113,1,2.947823914226699,3.038474025275411,-10.630618273162057,1.0249717183055665e-07,27.384600717633628,-2.2054779312782825e-15,2.947823914226699,0-1,53,20.199999999999932,20200,,,,,0,0.2932529560477792,0.40349322023928436,2.947823914226699,3.038474025275411,1.8923298933787576e-05,negative_baseline,20.0,0,0,0,0,0,0,0,0,0,0,-1,0,0,0,1,1,0,1,0,0
sim_0039_n3_seed81,81,0.001,3,914.15,0,body_0,23.12038132751752,16.22432647230617,3.2412834857149516e-06,3.901694058862645e-06,0.34879537116106546,0.5647784449860866,1,2.700104875390919,3.290472023295752,-10.63061817404073,1.1182130647177365e-07,27.38460071763362,-2.4649459231933743e-15,2.700104875390919,0-1,53,20.34999999999991,20350,,,,,0,0.34879537116106546,0.5627767261156152,2.700104875390919,3.290472023295752,1.7370595149481226e-05,negative_hard,10.0,0,0,0,1,1,0,0,0,0,0,-1,1,0,0,1,1,0,1,0,0
sim_0039_n3_seed81,81,0.001,3,914.65,0,body_0,23.12038132751752,16.22432647230617,2.2421266112049483e-06,5.329565637638337e-06,0.7532304288220153,2.1457696341323995,1,1.8297359883003548,4.455879749837105,-10.630622890641604,-3.318594154568391e-07,27.38460071763366,-1.0378719676603682e-15,1.8297359883003548,0-1,53,20.84999999999991,20850,,,,,0,0.7532304288220153,2.1473444275016242,1.8297359883003548,4.455879749837105,1.1984734556913314e-05,negative_hard,10.0,0,0,0,1,0,0,1,0,0,0,-1,1,0,0,1,1,0,1,0,0
sim_0039_n3_seed81,81,0.001,3,915.0,0,body_0,23.12038132751752,16.22432647230617,1.930974651796788e-06,6.794418596855638e-06,1.1475280652475253,3.929415063239046,1,1.4782792364062562,5.149266396415382,-10.63064544612013,-2.4536058308810933e-06,27.38460071763366,-1.0378719676603682e-15,1.4782792364062562,0-1,53,21.199999999999932,21200,,,,,0,1.1475280652475253,4.003853615731448,1.4782792364062562,5.149266396415382,1.0268620743410662e-05,negative_baseline,20.0,0,0,0,1,0,0,1,1,0,0,-1,1,0,0,1,1,0,1,0,0
sim_0039_n3_seed81,81,0.001,3,915.15,0,body_0,23.12038132751752,16.22432647230617,2.0824352569389116e-06,7.107967459858543e-06,1.0722351772574927,3.6137846794546755,1,1.527557643039186,5.03955396751095,-10.630639520369808,-1.8961829639514747e-06,27.38460071763365,-1.4270739555330063e-15,1.527557643039186,0-1,53,21.34999999999991,21350,,,,,0,1.0722351772574927,3.670880418108023,1.527557643039186,5.03955396751095,1.1074367184299863e-05,negative_hard,10.0,0,0,0,1,0,0,1,1,0,0,-1,1,0,0,1,1,0,1,0,0
sim_0039_n3_seed81,81,0.001,3,915.65,0,body_0,23.12038132751752,16.22432647230617,3.378096743392413e-06,5.744456107220448e-06,0.47853412891357694,1.0421403623422623,1,2.277514591957677,3.7879863237708564,-10.630618463623133,8.458089905808035e-08,27.38460071763364,-1.8162759434056442e-15,2.277514591957677,0-1,53,21.84999999999991,21850,,,,,0,0.47853412891357694,1.0412425177922793,2.277514591957677,3.7879863237708564,1.8049868407909093e-05,negative_hard,10.0,0,0,0,1,0,1,0,0,0,0,-1,1,0,0,1,1,0,1,0,0
sim_0039_n3_seed81,81,0.001,3,916.0,0,body_0,23.12038132751752,16.22432647230617,4.355579298965089e-06,4.7489468879452455e-06,0.2978892674846925,0.44241940482559455,1,2.881207470244716,3.103507002333225,-10.630618239227946,1.0568928223114278e-07,27.384600717633646,-1.5568079514905524e-15,2.881207470244716,0-1,53,22.199999999999932,22200,,,,,0,0.2978892674846925,0.44192938557688083,2.881207470244716,3.103507002333225,2.330778596810464e-05,negative_baseline,20.0,0,0,0,0,0,0,0,0,0,0,-1,0,0,0,1,1,0,1,0,0
sim_0039_n3_seed81,81,0.001,3,917.0,0,body_0,23.12038132751752,16.22432647230617,6.387538358245684e-06,3.1682698861301043e-06,0.14420302225013154,0.0922316521459584,1,4.1492367243206845,2.04597862034391,-10.630618706569802,6.172741698765461e-08,27.384600717633642,-1.6865419474480983e-15,4.1492367243206845,0-1,53,23.199999999999932,23200,,,,,0,0.14420302225013154,0.09220953368046529,4.1492367243206845,2.04597862034391,3.422583751114233e-05,negative_baseline,20.0,0,0,0,0,0,0,0,0,0,0,-1,0,0,0,0,0,0,1,0,0
sim_0039_n3_seed81,81,0.001,3,918.0,0,body_0,23.12038132751752,16.22432647230617,7.351086975950926e-06,2.5396478359060675e-06,0.11312499962110924,0.042287501074713636,1,4.73555367293246,1.6272136630388405,-10.630618783982312,5.4445385006432166e-08,27.384600717633592,-3.5028178908537427e-15,4.73555367293246,0-1,53,24.199999999999932,24200,,,,,0,0.11312499962110924,0.042279342910387964,4.73555367293246,1.6272136630388405,3.940181043993339e-05,negative_baseline,20.0,0,0,0,0,0,0,0,0,0,0,-1,0,0,0,0,0,0,1,0,0
sim_0039_n3_seed81,81,0.001,3,918.8000000000001,0,body_0,23.12038132751752,16.22432647230617,7.4455970073291114e-06,2.5093643831371144e-06,0.11449101126992,0.04146738846607138,1,4.764198471486216,1.6066877404318665,-10.630618780992187,5.472665982011072e-08,27.3846007176336,-3.2433498989386505e-15,4.764198471486216,0-1,53,25.0,25000,,,,,0,0.11449101126992,0.041444359132260675,4.764198471486216,1.6066877404318665,3.992296405851973e-05,negative_hard,10.0,0,0,0,0,0,0,0,0,0,0,-1,0,0,0,0,0,0,1,0,0
sim_0039_n3_seed81,81,0.001,3,919.0,0,body_0,23.12038132751752,16.22432647230617,7.3776030989726745e-06,2.5660574345787406e-06,0.11780860297207862,0.04530981647152778,1,4.711445151195184,1.6441394963351754,-10.630618773878924,5.53957894940158e-08,27.384600717633607,-2.9838819070235587e-15,4.711445151195184,0-1,53,25.199999999999932,25200,,,,,0,0.11780860297207862,0.04527934575301179,4.711445151195184,1.6441394963351754,3.9566112547348855e-05,negative_baseline,20.0,0,0,0,0,0,0,0,0,0,0,-1,0,0,0,0,0,0,1,0,0
sim_0039_n3_seed81,81,0.001,3,919.3000000000001,0,body_0,23.12038132751752,16.22432647230617,7.205335910692724e-06,2.7012133839750946e-06,0.12547616548304502,0.05479308561581486,1,4.586460270832071,1.7330492989795006,-10.630618756584088,5.702267831352219e-08,27.38460071763358,-3.892019878726381e-15,4.586460270832071,0-1,53,25.5,25500,,,,,0,0.12547616548304502,0.05474606558635665,4.586460270832071,1.7330492989795006,3.865985724056005e-05,negative_hard,10.0,0,0,0,0,0,0,0,0,0,0,-1,0,0,0,0,0,0,1,0,0
sim_0039_n3_seed81,81,0.001,3,919.8000000000001,0,body_0,23.12038132751752,16.22432647230617,6.7228799385534635e-06,3.0714668639642622e-06,0.14809483791574873,0.085603731563081,1,4.2515430961459435,1.9741507984948958,-10.630618698983492,6.24410452333647e-08,27.384600717633578,-4.021753874683927e-15,4.2515430961459435,0-1,53,26.0,26000,,,,,0,0.14809483791574873,0.08549788927635431,4.2515430961459435,1.9741507984948958,3.612609726737408e-05,negative_hard,10.0,0,0,0,0,0,0,0,0,0,0,-1,0,0,0,0,0,0,1,0,0
sim_0039_n3_seed81,81,0.001,3,920.0,0,body_0,23.12038132751752,16.22432647230617,6.457484008624532e-06,3.2778710380883834e-06,0.16227087318562256,0.10691780644226878,1,4.071208956357328,2.107164298463154,-10.630618658695223,6.623087791820802e-08,27.384600717633564,-4.540689858514111e-15,4.071208956357328,0-1,53,26.199999999999932,26200,,,,,0,0.16227087318562256,0.10676412681203673,4.071208956357328,2.107164298463154,3.473643766629127e-05,negative_baseline,20.0,0,0,0,0,0,0,0,0,0,0,-1,0,0,0,0,0,0,1,0,0
sim_0039_n3_seed81,81,0.001,3,920.3000000000001,0,body_0,23.12038132751752,16.22432647230617,5.9759063373664055e-06,3.6649275988464623e-06,0.19248414208398584,0.15745079355876543,1,3.748399986008315,2.3542753037200033,-10.630618565770058,7.49721526531095e-08,27.384600717633557,-4.800157850429203e-15,3.748399986008315,0-1,53,26.5,26500,,,,,0,0.19248414208398584,0.15716262589181515,3.748399986008315,2.3542753037200033,3.2221448957672785e-05,negative_hard,10.0,0,0,0,0,0,0,0,0,0,0,-1,0,0,0,0,0,0,1,0,0
sim_0039_n3_seed81,81,0.001,3,920.8000000000001,0,body_0,23.12038132751752,16.22432647230617,4.931773970338696e-06,4.592883834497021e-06,0.2884798594533444,0.36113745483746607,1,3.065840506441188,2.937840689661507,-10.630618278351465,1.0200901513551117e-07,27.38460071763359,-3.6325518868112884e-15,3.065840506441188,0-1,53,27.0,27000,,,,,0,0.2884798594533444,0.36011841839919234,3.065840506441188,2.937840689661507,2.6779167511881457e-05,negative_hard,10.0,0,0,0,0,0,0,0,0,0,0,-1,0,0,0,0,0,0,1,0,0
sim_0039_n3_seed81,81,0.001,3,921.0,0,body_0,23.12038132751752,16.22432647230617,4.42501867088551e-06,5.10336779545261e-06,0.3591866482379808,0.5482362808021889,1,2.74415480021849,3.2570314757986045,-10.630618165575445,1.126176180574586e-07,27.384600717633614,-2.7244139151084665e-15,2.74415480021849,0-1,53,27.199999999999932,27200,,,,,0,0.3591866482379808,0.5464532088196554,2.74415480021849,3.2570314757986045,2.4123063563251423e-05,negative_baseline,20.0,0,0,0,1,1,0,0,0,0,0,-1,1,0,0,0,0,0,1,0,0
sim_0039_n3_seed81,81,0.001,3,921.3000000000001,0,body_0,23.12038132751752,16.22432647230617,3.5817648958598735e-06,6.058517280816464e-06,0.5400031041517699,1.139127071015167,1,2.2277114300468766,3.8654127700884846,-10.630618801263886,5.281974374172107e-08,27.384600717633628,-2.2054779312782825e-15,2.2277114300468766,0-1,53,27.5,27500,,,,,0,0.5400031041517699,1.1358594231400692,2.2277114300468766,3.8654127700884846,1.961452861470196e-05,negative_hard,10.0,0,0,0,1,1,0,0,0,0,0,-1,1,0,0,0,0,0,1,0,0
sim_0039_n3_seed81,81,0.001,3,921.8000000000001,0,body_0,23.12038132751752,16.22432647230617,2.347916407328331e-06,7.707569868192085e-06,1.0839222003949067,3.3843775064750288,1,1.5451711099246896,4.998315782452399,-10.630639174112822,-1.863611297716952e-06,27.38460071763365,-1.4270739555330063e-15,1.5451711099246896,0-1,53,28.0,28000,,,,,0,1.0839222003949067,3.4350427511887704,1.5451711099246896,4.998315782452399,1.2301056506741045e-05,negative_hard,10.0,0,0,0,1,0,0,1,1,0,0,-1,1,0,0,0,0,0,1,0,0
sim_0039_n3_seed81,81,0.001,3,922.0,0,body_0,23.12038132751752,16.22432647230617,2.3302921986578687e-06,7.917825445970057e-06,1.0552525716584729,3.3162949993438438,1,1.54568685140449,4.995247738755489,-10.630638921575766,-1.8398556681023596e-06,27.38460071763364,-1.8162759434056442e-15,1.54568685140449,0-1,53,28.199999999999932,28200,,,,,0,1.0552525716584729,3.369600180892492,1.54568685140449,4.995247738755489,1.1795598355077657e-05,negative_baseline,20.0,0,0,0,1,0,0,1,1,0,0,-1,1,0,0,0,0,0,1,0,0
sim_0039_n3_seed81,81,0.001,3,922.3000000000001,0,body_0,23.12038132751752,16.22432647230617,3.0095003723639347e-06,7.26829142898564e-06,0.6423803191769675,1.8168150092667084,1,1.8918563234395092,4.355325151447765,-10.630621493173866,-2.0040256517512995e-07,27.38460071763365,-1.4270739555330063e-15,1.8918563234395092,0-1,53,28.5,28500,,,,,0,0.6423803191769675,1.82425824678459,1.8918563234395092,4.355325151447765,1.536821104208999e-05,negative_hard,10.0,0,0,0,1,0,0,1,0,0,0,-1,1,0,0,0,0,0,1,0,0
sim_0039_n3_seed81,81,0.001,3,922.8000000000001,0,body_0,23.12038132751752,16.22432647230617,4.671263684576677e-06,5.420036337570438e-06,0.2028819457963166,0.89683991324115,2,2.250454561633669,4.589441175016492,-10.630616633866229,2.5670228180862035e-07,27.384600717633653,-1.2973399595754602e-15,2.250454561633669,0-2,53,29.0,29000,,,,,0,0.2028819457963166,0.8982496654773146,2.250454561633669,4.589441175016492,2.4855008045590315e-05,negative_hard,10.0,0,0,0,1,1,0,1,0,0,0,-1,1,0,0,0,0,0,1,0,0
sim_0039_n3_seed81,81,0.001,3,923.0,0,body_0,23.12038132751752,16.22432647230617,5.294534103828554e-06,4.671171392741209e-06,0.37872380547304385,1.5353702833901408,2,1.7449533384445632,5.1985443221029035,-10.63062117148342,-1.7014182158649808e-07,27.384600717633642,-1.6865419474480983e-15,1.7449533384445632,0-2,53,29.199999999999932,29200,,,,,0,0.37872380547304385,1.5481731038596342,1.7449533384445632,5.1985443221029035,2.8528149204418157e-05,negative_baseline,20.0,0,0,0,1,1,0,1,0,0,0,-1,1,0,0,0,0,0,1,0,0
sim_0039_n3_seed81,81,0.001,3,923.3000000000001,0,body_0,23.12038132751752,16.22432647230617,6.27480646467571e-06,5.640672441436865e-06,0.7783780518876618,2.633932793110811,2,1.4280888607956226,5.746863784058482,-10.63064076242038,-2.0130200484363028e-06,27.384600717633663,-9.081379717028221e-16,1.4280888607956226,0-2,53,29.5,29500,,,,,0,0.7783780518876618,2.7230086036325387,1.4280888607956226,5.746863784058482,3.3786902740824725e-05,negative_hard,10.0,0,0,0,1,0,0,1,1,0,0,-1,1,0,0,0,0,0,1,0,0
sim_0039_n3_seed81,81,0.001,3,923.8000000000001,0,body_0,23.12038132751752,16.22432647230617,8.064636398367705e-06,6.070876888214965e-06,0.3696008110571375,0.7216136011210478,2,2.472027164472621,4.397907803154698,-10.630617215179797,2.0201933737128094e-07,27.38460071763368,-2.5946799191509205e-16,2.167644666364443,1-2,53,30.0,30000,,,,,0,0.3696008110571375,0.7199507177421075,2.472027164472621,4.397907803154698,4.15873796540872e-05,negative_hard,10.0,0,0,0,1,0,1,1,0,0,0,-1,1,0,0,0,0,0,1,0,0
sim_0039_n3_seed81,81,0.001,3,924.0,0,body_0,23.12038132751752,16.22432647230617,8.708249316821669e-06,5.644360303778269e-06,0.2797123571061899,0.40137788227351795,2,3.0463021367203993,3.999539444268933,-10.630617806409077,1.4640364270020634e-07,27.3846007176337,3.892019878726381e-16,2.0107560464650946,1-2,53,30.199999999999932,30200,,,,,0,0.2797123571061899,0.40047609729459965,3.0463021367203993,3.999539444268933,4.4315761087532066e-05,negative_baseline,20.0,0,0,0,0,0,1,0,0,0,0,-1,0,0,0,0,0,0,1,0,0
sim_0039_n3_seed81,81,0.001,3,924.3000000000001,0,body_0,23.12038132751752,16.22432647230617,9.59187329529159e-06,5.105769045180418e-06,0.2082045691349198,0.19737197542352145,2,3.9063855099808746,3.554911518267827,-10.6306182927966,1.0065019168665125e-07,27.384600717633706,6.486699797877301e-16,2.0743750597324917,1-2,53,30.5,30500,,,,,0,0.2082045691349198,0.19708619480029174,3.9063855099808746,3.554911518267827,4.845445273654294e-05,negative_hard,10.0,0,0,0,0,0,1,0,0,0,0,-1,0,0,0,0,0,0,1,0,0
sim_0039_n3_seed81,81,0.001,3,924.8000000000001,0,body_0,23.12038132751752,16.22432647230617,1.0847917512630145e-05,4.3263061825781645e-06,0.1575299572216092,0.0859597427118092,1,4.767754846873794,1.7438753084279937,-10.63061855185937,7.628070178257544e-08,27.384600717633703,5.189359838301841e-16,2.6167676985720565,1-2,53,31.0,31000,,,,,0,0.1575299572216092,0.08590764379301676,4.767754846873794,1.7438753084279937,5.65050538106057e-05,negative_hard,10.0,0,0,0,0,0,0,0,0,0,0,-1,0,0,0,0,0,0,1,0,0
sim_0039_n3_seed81,81,0.001,3,925.0,0,body_0,23.12038132751752,16.22432647230617,1.1268259790167858e-05,4.017361564872668e-06,0.1475881995206229,0.06820686201749093,1,4.808340398244566,1.7065467869149475,-10.630618614300138,7.040703016546658e-08,27.3846007176337,3.892019878726381e-16,2.907058858217253,1-2,53,31.199999999999932,31200,,,,,0,0.1475881995206229,0.06817705509946806,4.808340398244566,1.7065467869149475,5.998825605081528e-05,negative_baseline,20.0,0,0,0,0,0,0,0,0,0,0,-1,0,0,0,0,0,0,1,0,0
sim_0039_n3_seed81,81,0.001,3,926.0,0,body_0,23.12038132751752,16.22432647230617,1.2544813529444337e-05,2.297872038317026e-06,0.13377748129433897,0.04865794611483872,1,4.695480429460557,1.7512172160575148,-10.630618740107101,5.857263380752745e-08,27.384600717633695,2.5946799191509205e-16,4.6953077153954155,1-2,53,32.19999999999993,32200,,,,,0,0.13377748129433897,0.04862851486265696,4.695480429460557,1.7512172160575148,7.677039964727878e-05,negative_baseline,20.0,0,0,0,0,0,0,0,0,0,0,-1,0,0,0,0,0,0,1,0,0
sim_0039_n3_seed81,81,0.001,3,927.0,0,body_0,23.12038132751752,16.22432647230617,1.2390119614127808e-05,1.2020634538651328e-06,0.16548905609387227,0.10420826459867558,1,4.04392941863326,2.1830939416269315,-10.630618700667881,6.228259825494565e-08,27.384600717633713,9.081379717028221e-16,4.04392941863326,0-1,53,33.19999999999993,33200,,,,,0,0.16548905609387227,0.10406822839969793,4.04392941863326,2.1830939416269315,9.275897726108275e-05,negative_baseline,20.0,0,0,0,0,0,0,0,0,0,0,-1,0,0,0,0,0,0,1,0,0
sim_0039_n3_seed81,81,0.001,3,928.0,0,body_0,23.12038132751752,16.22432647230617,1.4073740010539062e-05,9.234434682668818e-06,0.32541891188537075,0.48061061569225993,1,2.796934775535992,3.224016509259225,-10.630618529357141,7.83974391659061e-08,27.384600717633752,2.3352119272358286e-15,2.796934775535992,0-1,53,34.19999999999993,34200,,,,,0,0.32541891188537075,0.4793407785688996,2.796934775535992,3.224016509259225,0.00011806772609960787,negative_baseline,20.0,0,0,0,1,0,0,0,0,0,0,-1,1,0,0,1,1,0,1,0,0
sim_0039_n3_seed81,81,0.001,3,928.35,0,body_0,23.12038132751752,16.22432647230617,1.840707362351383e-05,1.786430968130832e-05,0.4958206537868807,1.0361338627513916,1,2.2503798747176758,3.853192024490076,-10.630619630389251,-2.5174335192331816e-08,27.384600717633738,1.8162759434056442e-15,2.2503798747176758,0-1,53,34.549999999999955,34550,,,,,0,0.4958206537868807,1.0343972461444588,2.2503798747176758,3.853192024490076,0.00013467321491671797,negative_hard,10.0,0,0,0,1,0,0,0,0,0,0,-1,1,0,0,1,1,0,1,0,0
sim_0039_n3_seed81,81,0.001,3,928.85,0,body_0,23.12038132751752,16.22432647230617,2.997730288500651e-05,3.9511910586957794e-05,0.8888033489604,2.5550222905680458,1,1.6731060400044864,4.765858445800271,-10.630633803464288,-1.3584056882765127e-06,27.384600717633752,2.3352119272358286e-15,1.6731060400044864,0-1,53,35.049999999999955,35050,,,,,0,0.8888033489604,2.5841890371343426,1.6731060400044864,4.765858445800271,0.0001650125721538753,negative_hard,10.0,0,0,0,1,0,0,1,0,0,0,-1,1,0,0,1,1,0,1,0,0
sim_0039_n3_seed81,81,0.001,3,929.0,0,body_0,23.12038132751752,16.22432647230617,3.257859235601688e-05,4.10641296187499e-05,0.9016022733354805,2.6048300041898367,1,1.6606102706760846,4.790080038003544,-10.630634677969788,-1.4406685808967872e-06,27.384600717633734,1.6865419474480983e-15,1.6606102706760846,0-1,53,35.19999999999993,35200,,,,,0,0.9016022733354805,2.637692307724156,1.6606102706760846,4.790080038003544,0.00016972910670087578,negative_baseline,20.0,0,0,0,1,0,0,1,0,0,0,-1,1,0,0,1,1,0,1,0,0
sim_0039_n3_seed81,81,0.001,3,929.35,0,body_0,23.12038132751752,16.22432647230617,3.2811747540665906e-05,2.842556585027069e-05,0.6379059799960385,1.5766949434950617,1,1.9753358517576147,4.245516271735753,-10.630622542942476,-2.991520899200423e-07,27.384600717633777,3.2433498989386505e-15,1.9753358517576147,0-1,53,35.549999999999955,35550,,,,,0,0.6379059799960385,1.5822269482190245,1.9753358517576147,4.245516271735753,0.00016660421565751465,negative_hard,10.0,0,0,0,1,0,0,1,0,0,0,-1,1,0,0,1,1,0,1,0,0
sim_0039_n3_seed81,81,0.001,3,929.85,0,body_0,23.12038132751752,16.22432647230617,2.7777168197831648e-05,1.2950755206215245e-05,0.33412745789715803,0.5157997760851983,1,2.740961033960396,3.2817921792220113,-10.630618556122252,7.587970147790867e-08,27.38460071763378,3.3730838948961966e-15,2.740961033960396,0-1,53,36.049999999999955,36050,,,,,0,0.33412745789715803,0.5154981872777986,2.740961033960396,3.2817921792220113,0.0001576971406759309,negative_hard,10.0,0,0,0,1,0,0,0,0,0,0,-1,1,0,0,1,1,0,1,0,0
sim_0039_n3_seed81,81,0.001,3,930.0,0,body_0,23.12038132751752,16.22432647230617,2.634649133133044e-05,1.0574459250653102e-05,0.28605427327721167,0.3828577021189182,1,2.967613219185245,3.0562707087268555,-10.630618518363807,7.943155899164509e-08,27.384600717633766,2.8541479110660126e-15,2.967613219185245,0-1,53,36.19999999999993,36200,,,,,0,0.28605427327721167,0.3826209269858693,2.967613219185245,3.0562707087268555,0.00015670204696420977,negative_baseline,20.0,0,0,0,0,0,0,0,0,0,0,-1,0,0,0,1,1,0,1,0,0
sim_0039_n3_seed81,81,0.001,3,931.0,0,body_0,23.12038132751752,16.22432647230617,2.0059703904307135e-05,4.415063399548393e-06,0.14999332123685213,0.09136673749692227,1,4.147166161853036,2.10479780416639,-10.630618738635555,5.8711059085494845e-08,27.38460071763381,4.410955862556565e-15,4.147166161853036,0-1,53,37.19999999999993,37200,,,,,0,0.14999332123685213,0.09135130189778982,4.147166161853036,2.10479780416639,0.00016366425910934422,negative_baseline,20.0,0,0,0,0,0,0,0,0,0,0,-1,0,0,0,0,0,0,1,0,0
sim_0039_n3_seed81,81,0.001,3,932.0,0,body_0,23.12038132751752,16.22432647230617,1.710171375095762e-05,3.172846794415425e-06,0.11701469815236774,0.0426016977603224,1,4.726978219913346,1.710065183374017,-10.630618801448637,5.2802364531429175e-08,27.384600717633752,2.3352119272358286e-15,4.726978219913346,0-1,53,38.19999999999993,38200,,,,,0,0.11701469815236774,0.04259569258681842,4.726978219913346,1.710065183374017,0.00018107724716166735,negative_baseline,20.0,0,0,0,0,0,0,0,0,0,0,-1,0,0,0,0,0,0,1,0,0
sim_0039_n3_seed81,81,0.001,3,933.0,0,body_0,23.12038132751752,16.22432647230617,1.4768367246114443e-05,3.7579182748121556e-06,0.1156501318417715,0.040641366377501764,1,4.756168890348046,1.6926273609719191,-10.63061880486811,5.2480701927558125e-08,27.384600717633745,2.0757439353207364e-15,4.756168890348046,0-1,53,39.19999999999993,39200,,,,,0,0.1156501318417715,0.04061968961678668,4.756168890348046,1.6926273609719191,0.00020260869577817982,negative_baseline,20.0,0,0,0,0,0,0,0,0,0,0,-1,0,0,0,0,0,0,1,0,0
sim_0039_n3_seed81,81,0.001,3,934.0,0,body_0,23.12038132751752,16.22432647230617,1.222103836595854e-05,7.318704254333556e-06,0.14394834411469312,0.08129864494148885,1,4.24061324967695,2.042895910000681,-10.630618756075105,5.707055728092173e-08,27.38460071763368,-2.5946799191509205e-16,4.24061324967695,0-1,53,40.19999999999993,40200,,,,,0,0.14394834411469312,0.0812069812954265,4.24061324967695,2.042895910000681,0.00022992409189582908,negative_baseline,20.0,0,0,0,0,0,0,0,0,0,0,-1,0,0,0,0,0,0,1,0,0
sim_0039_n3_seed81,81,0.001,3,935.0,0,body_0,23.12038132751752,16.22432647230617,1.8019968506302712e-05,2.02941826499671e-05,0.25820471262258055,0.3080911126600501,1,3.137638785903874,2.9008877152694765,-10.63061855743253,7.575644637267708e-08,27.3846007176337,3.892019878726381e-16,3.137638785903874,0-1,53,41.19999999999993,41200,,,,,0,0.25820471262258055,0.30738051714054837,3.137638785903874,2.9008877152694765,0.00027463263791557347,negative_baseline,20.0,0,0,0,0,0,0,0,0,0,0,-1,0,0,0,1,1,0,1,0,0
sim_0039_n3_seed81,81,0.001,3,935.65,0,body_0,23.12038132751752,16.22432647230617,3.899209547329585e-05,5.305863751790392e-05,0.5409888750446108,1.1882021420072633,1,2.1552658148854995,3.98241314838933,-10.630620402626256,-9.781704571147619e-08,27.384600717633692,1.2973399595754603e-16,2.1552658148854995,0-1,53,41.84999999999991,41850,,,,,0,0.5409888750446108,1.1872395173280863,2.1552658148854995,3.98241314838933,0.0003304718872092824,negative_hard,10.0,0,0,0,1,0,0,1,0,0,0,-1,1,0,0,1,1,0,1,0,0
sim_0039_n3_seed81,81,0.001,3,936.0,0,body_0,23.12038132751752,16.22432647230617,5.8311371441364447e-05,8.843639227279021e-05,0.8305131512671917,2.292568812262862,1,1.7361633904959557,4.64780972459442,-10.630630416089431,-1.0397624614370132e-06,27.384600717633635,-1.9460099393631903e-15,1.7361633904959557,0-1,53,42.19999999999993,42200,,,,,0,0.8305131512671917,2.312306990684932,1.7361633904959557,4.64780972459442,0.0003680409419607579,negative_baseline,20.0,0,0,0,1,0,0,1,0,0,0,-1,1,0,0,1,1,0,1,0,0
sim_0039_n3_seed81,81,0.001,3,936.15,0,body_0,23.12038132751752,16.22432647230617,6.57736310640616e-05,9.763341729693665e-05,0.897387585090548,2.54726718584967,1,1.6693784079476128,4.773255450674756,-10.630634463075264,-1.4204539051402847e-06,27.384600717633624,-2.3352119272358286e-15,1.6693784079476128,0-1,53,42.34999999999991,42350,,,,,0,0.897387585090548,2.5782773272167367,1.6693784079476128,4.773255450674756,0.00037701042117861564,negative_hard,10.0,0,0,0,1,0,0,1,0,0,0,-1,1,0,0,1,1,0,1,0,0
sim_0039_n3_seed81,81,0.001,3,936.65,0,body_0,23.12038132751752,16.22432647230617,7.005530313566305e-05,6.347088898515318e-05,0.5813468598804351,1.347815415022332,1,2.072851787304441,4.099620269300664,-10.630621251606126,-1.7767879605217714e-07,27.38460071763362,-2.4649459231933743e-15,2.072851787304441,0-1,53,42.84999999999991,42850,,,,,0,0.5813468598804351,1.3509172839379215,2.072851787304441,4.099620269300664,0.0003547497174363271,negative_hard,10.0,0,0,0,1,0,0,1,0,0,0,-1,1,0,0,1,1,0,1,0,0
sim_0039_n3_seed81,81,0.001,3,937.0,0,body_0,23.12038132751752,16.22432647230617,6.346194879466147e-05,3.8687571328618134e-05,0.3679438643108689,0.6169221522741329,1,2.6076659506947726,3.4254238457274604,-10.630618697639271,6.256749325006542e-08,27.384600717633614,-2.7244139151084665e-15,2.6076659506947726,0-1,53,43.19999999999993,43200,,,,,0,0.3679438643108689,0.6166671152575688,2.6076659506947726,3.4254238457274604,0.0003325239555435391,negative_baseline,20.0,0,0,0,1,0,0,0,0,0,0,-1,1,0,0,1,1,0,1,0,0
sim_0039_n3_seed81,81,0.001,3,938.0,0,body_0,23.12038132751752,16.22432647230617,4.705697625080325e-05,1.505376567559394e-05,0.16506316526413098,0.11999403365618277,1,3.91689861230488,2.2718165009065534,-10.630618708927834,6.150560187872998e-08,27.384600717633553,-4.929891846386749e-15,3.91689861230488,0-1,53,44.19999999999993,44200,,,,,0,0.16506316526413098,0.11996534218073207,3.91689861230488,2.2718165009065534,0.00031419710402590014,negative_baseline,20.0,0,0,0,0,0,0,0,0,0,0,-1,0,0,0,1,1,0,1,0,0
sim_0039_n3_seed81,81,0.001,3,939.0,0,body_0,23.12038132751752,16.22432647230617,3.649609199049982e-05,9.924286094341697e-06,0.11946778407061398,0.048594339957414946,1,4.632163874164117,1.7730078430738148,-10.630618796559295,5.3262294672613086e-08,27.38460071763356,-4.670423854471657e-15,4.632163874164117,0-1,53,45.19999999999993,45200,,,,,0,0.11946778407061398,0.04858898234342916,4.632163874164117,1.7730078430738148,0.0003268006906373279,negative_baseline,20.0,0,0,0,0,0,0,0,0,0,0,-1,0,0,0,1,1,0,1,0,0
sim_0039_n3_seed81,81,0.001,3,940.0,0,body_0,23.12038132751752,16.22432647230617,2.776968334942706e-05,9.558097136271836e-06,0.11246046339236518,0.03848047265869725,1,4.787995634682516,1.6697447872944589,-10.6306188086653,5.212350824125311e-08,27.384600717633496,-7.0056357817074854e-15,4.787995634682516,0-1,53,46.19999999999993,46200,,,,,0,0.11246046339236518,0.03846434938662377,4.787995634682516,1.6697447872944589,0.00035227167163190095,negative_baseline,20.0,0,0,0,0,0,0,0,0,0,0,-1,0,0,0,1,1,0,1,0,0
sim_0039_n3_seed81,81,0.001,3,941.0,0,body_0,23.12038132751752,16.22432647230617,1.7820831772301838e-05,1.3241271212005793e-05,0.13271534751125363,0.0662468410768985,1,4.401831348526955,1.9310208634507684,-10.630618776810781,5.5119995833886025e-08,27.384600717633518,-6.22723180596221e-15,4.401831348526955,0-1,53,47.19999999999993,47200,,,,,0,0.13271534751125363,0.06618308906411939,4.401831348526955,1.9310208634507684,0.0003891416533751936,negative_baseline,20.0,0,0,0,0,0,0,0,0,0,0,-1,0,0,0,1,1,0,1,0,0
sim_0039_n3_seed81,81,0.001,3,942.0,0,body_0,23.12038132751752,16.22432647230617,1.2763540207750104e-05,2.7500646999808277e-05,0.21508906508747186,0.21214644564180957,1,3.4395956348113854,2.6425477439251495,-10.630618621185313,6.975935622834496e-08,27.384600717633496,-7.0056357817074854e-15,3.4395956348113854,0-1,53,48.19999999999993,48200,,,,,0,0.21508906508747186,0.21173238741659048,3.4395956348113854,2.6425477439251495,0.00044800554289046746,negative_baseline,20.0,0,0,0,0,0,0,0,0,0,0,-1,0,0,0,1,1,0,1,0,0
sim_0039_n3_seed81,81,0.001,3,942.45,0,body_0,23.12038132751752,16.22432647230617,2.6172980594513405e-05,4.598863962158347e-05,0.31949486717425735,0.46663953012053117,1,2.813249489876117,3.2091900406275515,-10.630618581459377,7.349629148702005e-08,27.384600717633514,-6.356965801919755e-15,2.813249489876117,0-1,53,48.64999999999998,48650,,,,,0,0.31949486717425735,0.46545890387307,2.813249489876117,3.2091900406275515,0.000491000008349301,negative_hard,10.0,0,0,0,1,0,0,0,0,0,0,-1,1,0,0,1,1,0,1,0,0
sim_0039_n3_seed81,81,0.001,3,942.95,0,body_0,23.12038132751752,16.22432647230617,5.7708465279333416e-05,9.635101343271477e-05,0.5946255945531859,1.3805337854869455,1,2.0554588839611183,4.124988934695077,-10.63062154529036,-2.0530505415087402e-07,27.384600717633543,-5.319093834259387e-15,2.0554588839611183,0-1,53,49.14999999999998,49150,,,,,0,0.5946255945531859,1.381098167776936,2.0554588839611183,4.124988934695077,0.0005614868073552901,negative_hard,10.0,0,0,0,1,0,0,1,0,0,0,-1,1,0,0,1,1,0,1,0,0
sim_0039_n3_seed81,81,0.001,3,943.0,0,body_0,23.12038132751752,16.22432647230617,6.199845320164694e-05,0.00010406083360185595,0.6357746201899949,1.53487370339833,1,1.9873031553279847,4.2273957063921594,-10.630622593956964,-3.039509155474639e-07,27.384600717633543,-5.319093834259387e-15,1.9873031553279847,0-1,53,49.19999999999993,49200,,,,,0,0.6357746201899949,1.537128752630409,1.9873031553279847,4.2273957063921594,0.0005695717930020234,negative_baseline,20.0,0,0,0,1,0,0,1,0,0,0,-1,1,0,0,1,1,0,1,0,0
sim_0039_n3_seed81,81,0.001,3,943.45,0,body_0,23.12038132751752,16.22432647230617,0.00010049688200523336,0.00015461255631721494,0.8874155783146792,2.4967196068125617,1,1.679233984747887,4.75439418649831,-10.630633992333944,-1.3761722594864984e-06,27.384600717633553,-4.929891846386749e-15,1.679233984747887,0-1,53,49.64999999999998,49650,,,,,0,0.8874155783146792,2.5269419585296378,1.679233984747887,4.75439418649831,0.0006145562317088115,negative_hard,10.0,0,0,0,1,0,0,1,0,0,0,-1,1,0,0,1,1,0,1,0,0
sim_0039_n3_seed81,81,0.001,3,943.95,0,body_0,23.12038132751752,16.22432647230617,0.00010684135805380484,9.183989537748523e-05,0.5262155314448294,1.1427601478078007,1,2.1791754781030592,3.9497874541582356,-10.630620264285874,-8.480365693477286e-08,27.384600717633564,-4.540689858514111e-15,2.1791754781030592,0-1,53,50.14999999999998,50150,,,,,0,0.5262155314448294,1.1442710684434962,2.1791754781030592,3.9497874541582356,0.0005676873599723163,negative_hard,10.0,0,0,0,1,0,0,1,0,0,0,-1,1,0,0,1,1,0,1,0,0
sim_0039_n3_seed81,81,0.001,3,944.0,0,body_0,23.12038132751752,16.22432647230617,0.000105903029078689,8.560384031716316e-05,0.49180351386383026,1.0213014260541555,1,2.254170804102805,3.8494255586217583,-10.630619756044887,-3.699449645878808e-08,27.384600717633553,-4.929891846386749e-15,2.254170804102805,0-1,53,50.19999999999993,50200,,,,,0,0.49180351386383026,1.0221070263857759,2.254170804102805,3.8494255586217583,0.0005623175438024787,negative_baseline,20.0,0,0,0,1,0,0,0,0,0,0,-1,1,0,0,1,1,0,1,0,0
sim_0039_n3_seed81,81,0.001,3,944.95,0,body_0,23.12038132751752,16.22432647230617,8.453397839542487e-05,3.075489111823226e-05,0.193503523674415,0.17358698528416913,1,3.60570549639079,2.5083187299391376,-10.63061865463207,6.661309020807191e-08,27.384600717633585,-3.7622858827688345e-15,3.60570549639079,0-1,53,51.14999999999998,51150,,,,,0,0.193503523674415,0.17352529256654844,3.60570549639079,2.5083187299391376,0.0005150622836067221,negative_hard,10.0,0,0,0,0,0,0,0,0,0,0,-1,0,0,0,1,1,0,1,0,0
sim_0039_n3_seed81,81,0.001,3,945.0,0,body_0,23.12038132751752,16.22432647230617,8.356682998900845e-05,2.9631869361881476e-05,0.18749492471139004,0.1618980316725599,1,3.6640508757118724,2.4627680403726337,-10.630618666181775,6.552663373755941e-08,27.384600717633578,-4.021753874683927e-15,3.6640508757118724,0-1,53,51.19999999999993,51200,,,,,0,0.18749492471139004,0.1618443931155981,3.6640508757118724,2.4627680403726337,0.0005146502599310278,negative_baseline,20.0,0,0,0,0,0,0,0,0,0,0,-1,0,0,0,1,1,0,1,0,0
sim_0039_n3_seed81,81,0.001,3,945.45,0,body_0,23.12038132751752,16.22432647230617,7.570209297731622e-05,2.2416858827613623e-05,0.149081536143988,0.0938398178076257,1,4.12004558957974,2.1252818138072533,-10.630618742774878,5.83216816269165e-08,27.384600717633617,-2.5946799191509204e-15,4.12004558957974,0-1,53,51.64999999999998,51650,,,,,0,0.149081536143988,0.09382382363503913,4.12004558957974,2.1252818138072533,0.0005159776042093496,negative_hard,10.0,0,0,0,0,0,0,0,0,0,0,-1,0,0,0,1,1,0,1,0,0
sim_0039_n3_seed81,81,0.001,3,946.0,0,body_0,23.12038132751752,16.22432647230617,6.7638095015322e-05,1.785498051585068e-05,0.12504872184045096,0.05710605959262175,1,4.513008894112176,1.8532597431904199,-10.630618787516758,5.411290714183642e-08,27.38460071763364,-1.8162759434056442e-15,4.513008894112176,0-1,53,52.19999999999993,52200,,,,,0,0.12504872184045096,0.05710025008846608,4.513008894112176,1.8532597431904199,0.000526277464088569,negative_baseline,20.0,0,0,0,0,0,0,0,0,0,0,-1,0,0,0,1,1,0,1,0,0
sim_0039_n3_seed81,81,0.001,3,947.0,0,body_0,23.12038132751752,16.22432647230617,5.497200656779641e-05,1.5336709724323162e-05,0.11180210692161789,0.03805953957534648,1,4.79289951354157,1.6658993179455657,-10.630618809734464,5.202293420354618e-08,27.38460071763358,-3.892019878726381e-15,4.79289951354157,0-1,53,53.19999999999993,53200,,,,,0,0.11180210692161789,0.03804753797770363,4.79289951354157,1.6658993179455657,0.0005599941051380866,negative_baseline,20.0,0,0,0,0,0,0,0,0,0,0,-1,0,0,0,1,1,0,1,0,0
sim_0039_n3_seed81,81,0.001,3,948.0,0,body_0,23.12038132751752,16.22432647230617,4.139162010443956e-05,1.824688694869934e-05,0.12521597327251957,0.05573134080410157,1,4.532017843939946,1.8423103486170245,-10.630618790521492,5.383025811296412e-08,27.384600717633532,-5.708295822132025e-15,4.532017843939946,0-1,53,54.19999999999993,54200,,,,,0,0.12521597327251957,0.055685612808518574,4.532017843939946,1.8423103486170245,0.0006095108254486328,negative_baseline,20.0,0,0,0,0,0,0,0,0,0,0,-1,0,0,0,1,1,0,1,0,0
sim_0039_n3_seed81,81,0.001,3,949.0,0,body_0,23.12038132751752,16.22432647230617,2.2522156350467535e-05,3.19740705948318e-05,0.18581748730179184,0.15372358118120596,1,3.7072301516748314,2.430841122213446,-10.630618678756921,6.434371618322845e-08,27.384600717633518,-6.22723180596221e-15,3.7072301516748314,0-1,53,55.19999999999993,55200,,,,,0,0.18581748730179184,0.15347134519136388,3.7072301516748314,2.430841122213446,0.0006828610917861864,negative_baseline,20.0,0,0,0,0,0,0,0,0,0,0,-1,0,0,0,1,1,0,1,0,0
sim_0039_n3_seed81,81,0.001,3,949.9,0,body_0,23.12038132751752,16.22432647230617,3.8421571207614e-05,8.702236002997676e-05,0.4126430954555415,0.7418609374986984,1,2.4727779608180183,3.5787132848252092,-10.630618969682038,3.697700245206646e-08,27.384600717633504,-6.746167789792393e-15,2.4727779608180183,0-1,53,56.09999999999991,56100,,,,,0,0.4126430954555415,0.7401829093231771,2.4727779608180183,3.5787132848252092,0.0008000018934721223,negative_hard,10.0,0,0,0,1,0,0,0,0,0,0,-1,1,0,0,1,1,0,1,0,0
sim_0039_n3_seed81,81,0.001,3,950.0,0,body_0,23.12038132751752,16.22432647230617,4.683907187720237e-05,0.00010096265815386398,0.46833865581436773,0.9251065443975292,1,2.3194880995335097,3.7652192842318297,-10.630619466719335,-9.778250435139053e-09,27.38460071763347,-7.913773753410307e-15,2.3194880995335097,0-1,53,56.19999999999993,56200,,,,,0,0.46833865581436773,0.9234863466489747,2.3194880995335097,3.7652192842318297,0.000818681602538622,negative_baseline,20.0,0,0,0,1,0,0,0,0,0,0,-1,1,0,0,1,1,0,1,0,0
sim_0039_n3_seed81,81,0.001,3,950.4,0,body_0,23.12038132751752,16.22432647230617,9.401314230513237e-05,0.00018071588271553567,0.7775134729258311,2.0684092442698914,1,1.795954456418192,4.540839484280877,-10.630627976395939,-8.102656269340342e-07,27.3846007176335,-6.875901785749939e-15,1.795954456418192,0-1,53,56.59999999999991,56600,,,,,0,0.7775134729258311,2.0819695482579696,1.795954456418192,4.540839484280877,0.000897653652998917,negative_hard,10.0,0,0,0,1,0,0,1,0,0,0,-1,1,0,0,1,1,0,1,0,0
sim_0039_n3_seed81,81,0.001,3,950.9,0,body_0,23.12038132751752,16.22432647230617,0.00014469151000392737,0.00018226869583251422,0.7505368889447516,1.9770665633784326,1,1.824618400851441,4.49135704210794,-10.630626883565022,-7.074653215122754e-07,27.384600717633553,-4.929891846386749e-15,1.824618400851441,0-1,53,57.09999999999991,57100,,,,,0,0.7505368889447516,1.991294490218145,1.824618400851441,4.49135704210794,0.0009031898448117122,negative_hard,10.0,0,0,0,1,0,0,1,0,0,0,-1,1,0,0,1,1,0,1,0,0
sim_0039_n3_seed81,81,0.001,3,951.0,0,body_0,23.12038132751752,16.22432647230617,0.000147460097592379,0.0001618834634526386,0.6654724711686945,1.6550706732946872,1,1.9372779701492642,4.305639354297578,-10.630623679405822,-4.0605680617020797e-07,27.384600717633536,-5.578561826174479e-15,1.9372779701492642,0-1,53,57.19999999999993,57200,,,,,0,0.6654724711686945,1.6625921739199596,1.9372779701492642,4.305639354297578,0.0008896204461924961,negative_baseline,20.0,0,0,0,1,0,0,1,0,0,0,-1,1,0,0,1,1,0,1,0,0
sim_0039_n3_seed81,81,0.001,3,951.4,0,body_0,23.12038132751752,16.22432647230617,0.000144939828782549,9.476055314932095e-05,0.39340737268224774,0.69511556590365,1,2.519064328462526,3.52511909827221,-10.630618875017275,4.588191757591977e-08,27.38460071763351,-6.486699797877301e-15,2.519064328462526,0-1,53,57.59999999999991,57600,,,,,0,0.39340737268224774,0.694981277521597,2.519064328462526,3.52511909827221,0.0008415792274389242,negative_hard,10.0,0,0,0,1,0,0,0,0,0,0,-1,1,0,0,1,1,0,1,0,0
sim_0039_n3_seed81,81,0.001,3,952.0,0,body_0,23.12038132751752,16.22432647230617,0.00013166080749398658,5.036387439535243e-05,0.21913598942658402,0.2270421729757367,1,3.381774117064012,2.6894334466029295,-10.630618614820142,7.03581145211383e-08,27.384600717633585,-3.7622858827688345e-15,3.381774117064012,0-1,53,58.19999999999993,58200,,,,,0,0.21913598942658402,0.22694239745119255,3.381774117064012,2.6894334466029295,0.0008152364991321528,negative_baseline,20.0,0,0,0,0,0,0,0,0,0,0,-1,0,0,0,1,1,0,1,0,0
sim_0039_n3_seed81,81,0.001,3,952.7,0,body_0,23.12038132751752,16.22432647230617,0.00011815212510830944,3.151230904539494e-05,0.1479919928238404,0.09219665092753941,1,4.133221418112573,2.1156837218843094,-10.63061874645982,5.7975046872772554e-08,27.3846007176336,-3.2433498989386505e-15,4.133221418112573,0-1,53,58.89999999999998,58900,,,,,0,0.1479919928238404,0.09218152849580376,4.133221418112573,2.1156837218843094,0.0008247442563816412,negative_hard,10.0,0,0,0,0,0,0,0,0,0,0,-1,0,0,0,1,1,0,1,0,0
sim_0039_n3_seed81,81,0.001,3,953.0,0,body_0,23.12038132751752,16.22432647230617,0.00011327674457087755,2.74310825693157e-05,0.13326348427880894,0.06914976600282177,1,4.364917291774783,1.9539847010553906,-10.630618774082738,5.537661715346563e-08,27.384600717633596,-3.3730838948961966e-15,4.364917291774783,0-1,53,59.19999999999993,59200,,,,,0,0.13326348427880894,0.06914183940150208,4.364917291774783,1.9539847010553906,0.0008357272853783286,negative_baseline,20.0,0,0,0,0,0,0,0,0,0,0,-1,0,0,0,1,1,0,1,0,0
sim_0039_n3_seed81,81,0.001,3,953.2,0,body_0,23.12038132751752,16.22432647230617,0.00011025158348537593,2.543416903500955e-05,0.1262781727750451,0.05874516702285307,1,4.490340226547223,1.8682772798515332,-10.630618786468755,5.42114905392706e-08,27.3846007176336,-3.2433498989386505e-15,4.490340226547223,0-1,53,59.39999999999998,59400,,,,,0,0.1262781727750451,0.058739134555089494,4.490340226547223,1.8682772798515332,0.0008446111642426591,negative_hard,10.0,0,0,0,0,0,0,0,0,0,0,-1,0,0,0,1,1,0,1,0,0
sim_0039_n3_seed81,81,0.001,3,953.7,0,body_0,23.12038132751752,16.22432647230617,0.0001032217652295908,2.2213728475203255e-05,0.11574906298668833,0.04345440982604438,1,4.705547755102957,1.72344330248797,-10.630618804110048,5.255201123059137e-08,27.384600717633564,-4.540689858514111e-15,4.705547755102957,0-1,53,59.89999999999998,59900,,,,,0,0.11574906298668833,0.04344799085730292,4.705547755102957,1.72344330248797,0.0008712291239578269,negative_hard,10.0,0,0,0,0,0,0,0,0,0,0,-1,0,0,0,1,1,0,1,0,0
sim_0039_n3_seed81,81,0.001,3,954.0,0,body_0,23.12038132751752,16.22432647230617,9.919680443474953e-05,2.1209309400883403e-05,0.1130731112161325,0.03945764828827381,1,4.768943140069488,1.681384605516962,-10.630618808598033,5.21298359140348e-08,27.38460071763356,-4.670423854471657e-15,4.768943140069488,0-1,53,60.19999999999993,60200,,,,,0,0.1130731112161325,0.03944860158081453,4.768943140069488,1.681384605516962,0.0008898117052527412,negative_baseline,20.0,0,0,0,0,0,0,0,0,0,0,-1,0,0,0,1,1,0,1,0,0
sim_0039_n3_seed81,81,0.001,3,954.2,0,body_0,23.12038132751752,16.22432647230617,9.652036697788843e-05,2.08643490231001e-05,0.11256650634262481,0.038535160589043556,1,4.784279497084177,1.671469755383523,-10.630618809713035,5.2024950075639726e-08,27.38460071763354,-5.448827830216933e-15,4.784279497084177,0-1,53,60.39999999999998,60400,,,,,0,0.11256650634262481,0.03852342836899048,4.784279497084177,1.671469755383523,0.000903202835886038,negative_hard,10.0,0,0,0,0,0,0,0,0,0,0,-1,0,0,0,0,0,0,1,0,0
sim_0039_n3_seed81,81,0.001,3,955.0,0,body_0,23.12038132751752,16.22432647230617,8.498715657195389e-05,2.2101471715359354e-05,0.12068530392038801,0.04861203719568626,1,4.630847773631202,1.7758917670674321,-10.630618799572092,5.297888718523344e-08,27.384600717633468,-8.043507749367853e-15,4.630847773631202,0-1,53,61.19999999999993,61200,,,,,0,0.12068530392038801,0.04857846031242339,4.630847773631202,1.7758917670674321,0.0009649343362618579,negative_baseline,20.0,0,0,0,0,0,0,0,0,0,0,-1,0,0,0,0,0,0,1,0,0
sim_0039_n3_seed81,81,0.001,3,956.0,0,body_0,23.12038132751752,16.22432647230617,6.417039996800879e-05,3.3526041179096785e-05,0.16606090841826232,0.11643965656956247,1,3.9402615252399924,2.257324005772281,-10.630618722851995,6.01957853097888e-08,27.384600717633447,-8.82191172511313e-15,3.9402615252399924,0-1,53,62.19999999999993,62200,,,,,0,0.16606090841826232,0.11627910956625954,3.9402615252399924,2.257324005772281,0.0010660408536128645,negative_baseline,20.0,0,0,0,0,0,0,0,0,0,0,-1,0,0,0,1,1,0,1,0,0
sim_0039_n3_seed81,81,0.001,3,957.0,0,body_0,23.12038132751752,16.22432647230617,3.250378332750129e-05,9.074997938514741e-05,0.35628833046611147,0.5630688457372206,1,2.6693233421155194,3.3587852110771235,-10.63061871010177,6.13951722249795e-08,27.384600717633457,-8.432709737240492e-15,2.6693233421155194,0-1,53,63.19999999999993,63200,,,,,0,0.35628833046611147,0.5617020999189309,2.6693233421155194,3.3587852110771235,0.0012240364163628656,negative_baseline,20.0,0,0,0,1,0,0,0,0,0,0,-1,1,0,0,1,1,0,1,0,0
sim_0039_n3_seed81,81,0.001,3,957.35,0,body_0,23.12038132751752,16.22432647230617,5.4881831860401646e-05,0.0001530589605465911,0.5487176699115955,1.1974228087792373,1,2.143498006917733,3.998703437259867,-10.630620715580992,-1.2725603936030896e-07,27.384600717633486,-7.394837769580123e-15,2.143498006917733,0-1,53,63.549999999999955,63550,,,,,0,0.5487176699115955,1.1969700826188763,2.143498006917733,3.998703437259867,0.001306680360116204,negative_hard,10.0,0,0,0,1,0,0,1,0,0,0,-1,1,0,0,1,1,0,1,0,0
sim_0039_n3_seed81,81,0.001,3,957.85,0,body_0,23.12038132751752,16.22432647230617,0.0001448000564651262,0.00026782043868849086,0.8707134779933415,2.409406154506652,1,1.694625921069854,4.724963282680276,-10.630633465491282,-1.3266132785877958e-06,27.38460071763349,-7.265103773622577e-15,1.694625921069854,0-1,53,64.04999999999995,64050,,,,,0,0.8707134779933415,2.437262640389154,1.694625921069854,4.724963282680276,0.0014077563259085276,negative_hard,10.0,0,0,0,1,0,0,1,0,0,0,-1,1,0,0,1,1,0,1,0,0
sim_0039_n3_seed81,81,0.001,3,958.0,0,body_0,23.12038132751752,16.22432647230617,0.00016974508485128679,0.00026033683435929493,0.8313085013810415,2.27136025721956,1,1.7326046244214468,4.654382131516918,-10.63063121195297,-1.1146276702709e-06,27.384600717633518,-6.22723180596221e-15,1.7326046244214468,0-1,53,64.19999999999993,64200,,,,,0,0.8313085013810415,2.2948958817689364,1.7326046244214468,4.654382131516918,0.001408578151739238,negative_baseline,20.0,0,0,0,1,0,0,1,0,0,0,-1,1,0,0,1,1,0,1,0,0
sim_0039_n3_seed81,81,0.001,3,958.35,0,body_0,23.12038132751752,16.22432647230617,0.00019877225949986626,0.00018028378489913814,0.5619776015512349,1.2740112742338623,1,2.1032767435991424,4.0558705466943445,-10.630621134784477,-1.6668962926362534e-07,27.384600717633518,-6.22723180596221e-15,2.1032767435991424,0-1,53,64.54999999999995,64550,,,,,0,0.5619776015512349,1.2768306527671824,2.1032767435991424,4.0558705466943445,0.0013758184148395484,negative_hard,10.0,0,0,0,1,0,0,1,0,0,0,-1,1,0,0,1,1,0,1,0,0
sim_0039_n3_seed81,81,0.001,3,959.0,0,body_0,23.12038132751752,16.22432647230617,0.00020069804168738124,8.396043483114195e-05,0.26419334216797463,0.33474497166820577,1,3.067429328963007,2.9640565279581543,-10.630618582452827,7.340283967380278e-08,27.384600717633553,-4.929891846386749e-15,3.067429328963007,0-1,53,65.19999999999993,65200,,,,,0,0.26419334216797463,0.33457233072926673,3.067429328963007,2.9640565279581543,0.0013544140143005618,negative_baseline,20.0,0,0,0,0,0,0,0,0,0,0,-1,0,0,0,1,1,0,1,0,0
sim_0039_n3_seed81,81,0.001,3,960.0,0,body_0,23.12038132751752,16.22432647230617,0.00018910555491917326,4.133689948813452e-05,0.14467872619684258,0.08697608640674159,1,4.182454321200524,2.0793342277012403,-10.630618753436144,5.731879879532732e-08,27.38460071763345,-8.692177729155584e-15,4.182454321200524,0-1,53,66.19999999999993,66200,,,,,0,0.14467872619684258,0.08696304613323438,4.182454321200524,2.0793342277012403,0.0014282947572129949,negative_baseline,20.0,0,0,0,0,0,0,0,0,0,0,-1,0,0,0,1,1,0,1,0,0
sim_0039_n3_seed81,81,0.001,3,960.0500000000001,0,body_0,23.12038132751752,16.22432647230617,0.0001886179962281591,4.0322444332108e-05,0.1421305240977555,0.08282404709286004,1,4.222450612711111,2.051188715534397,-10.630618758209877,5.686974373600616e-08,27.384600717633447,-8.82191172511313e-15,4.222450612711111,0-1,53,66.25,66250,,,,,0,0.1421305240977555,0.08281236567302404,4.222450612711111,2.051188715534397,0.0014338226734191045,negative_hard,10.0,0,0,0,0,0,0,0,0,0,0,-1,0,0,0,1,1,0,1,0,0
sim_0039_n3_seed81,81,0.001,3,960.5500000000001,0,body_0,23.12038132751752,16.22432647230617,0.00018436635196401343,3.272907556399963e-05,0.1244768961826951,0.055069250675139375,1,4.5425997934548965,1.8307560040513995,-10.630618789720671,5.390558963558986e-08,27.384600717633454,-8.562443733198038e-15,4.5425997934548965,0-1,53,66.75,66750,,,,,0,0.1244768961826951,0.0550631920821833,4.5425997934548965,1.8307560040513995,0.0014958487809910597,negative_hard,10.0,0,0,0,0,0,0,0,0,0,0,-1,0,0,0,0,0,0,1,0,0
sim_0039_n3_seed81,81,0.001,3,961.0,0,body_0,23.12038132751752,16.22432647230617,0.00018134609540536125,2.860641463477517e-05,0.11724397478918039,0.04364709398294518,1,4.710435330432028,1.7182268548908075,-10.630618801653984,5.27830479851747e-08,27.38460071763344,-9.081379717028222e-15,4.710435330432028,0-1,53,67.19999999999993,67200,,,,,0,0.11724397478918039,0.04363950307137561,4.710435330432028,1.7182268548908075,0.0015612422330865496,negative_baseline,20.0,0,0,0,0,0,0,0,0,0,0,-1,0,0,0,0,0,0,1,0,0
sim_0039_n3_seed81,81,0.001,3,961.0500000000001,0,body_0,23.12038132751752,16.22432647230617,0.00018104547829326102,2.8257837918683776e-05,0.11682183179394101,0.042919284853188654,1,4.7222287352675085,1.710443408361009,-10.630618802348692,5.271769823769652e-08,27.384600717633447,-8.82191172511313e-15,4.7222287352675085,0-1,53,67.25,67250,,,,,0,0.11682183179394101,0.042911276540926725,4.7222287352675085,1.710443408361009,0.0015690455858017609,negative_hard,10.0,0,0,0,0,0,0,0,0,0,0,-1,0,0,0,0,0,0,1,0,0
sim_0039_n3_seed81,81,0.001,3,961.5500000000001,0,body_0,23.12038132751752,16.22432647230617,0.0001782568473479656,2.5660424848844905e-05,0.11622224096905426,0.04057221597371129,1,4.765953004364007,1.6832334037285368,-10.6306188039676,5.256541099841743e-08,27.384600717633447,-8.82191172511313e-15,4.765953004364007,0-1,53,67.75,67750,,,,,0,0.11622224096905426,0.040557411569957506,4.765953004364007,1.6832334037285368,0.0016531157827286407,negative_hard,10.0,0,0,0,0,0,0,0,0,0,0,-1,0,0,0,0,0,0,1,0,0
sim_0039_n3_seed81,81,0.001,3,962.0,0,body_0,23.12038132751752,16.22432647230617,0.00017575775854935497,2.4407135649964276e-05,0.12122264713803516,0.04587480347712488,1,4.690586813076454,1.7367877700705845,-10.630618797713675,5.315370460240685e-08,27.38460071763346,-8.302975741282946e-15,4.690586813076454,0-1,53,68.19999999999993,68200,,,,,0,0.12122264713803516,0.045848646033259104,4.690586813076454,1.7367877700705845,0.001738826925579688,negative_baseline,20.0,0,0,0,0,0,0,0,0,0,0,-1,0,0,0,0,0,0,1,0,0
sim_0039_n3_seed81,81,0.001,3,962.0500000000001,0,body_0,23.12038132751752,16.22432647230617,0.00017545725004904114,2.4320977748614926e-05,0.12212827270607865,0.04693161864425556,1,4.675492941585368,1.747305830854112,-10.63061879653355,5.3264716426115385e-08,27.384600717633457,-8.432709737240492e-15,4.675492941585368,0-1,53,68.25,68250,,,,,0,0.12212827270607865,0.04690374401930128,4.675492941585368,1.747305830854112,0.0017489975909324364,negative_hard,10.0,0,0,0,0,0,0,0,0,0,0,-1,0,0,0,0,0,0,1,0,0
sim_0039_n3_seed81,81,0.001,3,962.5500000000001,0,body_0,23.12038132751752,16.22432647230617,0.00017183434278916527,2.4078610488462546e-05,0.13590141874628056,0.064104731570827,1,4.449829709951451,1.9038044886469059,-10.630618777928419,5.501486202183488e-08,27.384600717633496,-7.0056357817074854e-15,4.449829709951451,0-1,53,68.75,68750,,,,,0,0.13590141874628056,0.06405058298153232,4.449829709951451,1.9038044886469059,0.001858883580448322,negative_hard,10.0,0,0,0,0,0,0,0,0,0,0,-1,0,0,0,0,0,0,1,0,0
sim_0039_n3_seed81,81,0.001,3,963.0,0,body_0,23.12038132751752,16.22432647230617,0.0001667450499196072,2.5398602353199972e-05,0.15835478669554312,0.09535288350794399,1,4.128618423382468,2.1294116250827706,-10.630618746291072,5.7990920695822175e-08,27.38460071763347,-7.913773753410307e-15,4.128618423382468,0-1,53,69.19999999999993,69200,,,,,0,0.15835478669554312,0.09524584723116554,4.128618423382468,2.1294116250827706,0.0019730715678156845,negative_baseline,20.0,0,0,0,0,0,0,0,0,0,0,-1,0,0,0,0,0,0,1,0,0
sim_0039_n3_seed81,81,0.001,3,963.0500000000001,0,body_0,23.12038132751752,16.22432647230617,0.00016600176453891773,2.5715634688689246e-05,0.1616903584467206,0.10032127978013326,1,4.0858994574031735,2.159958231791386,-10.630618741555802,5.8436357578879944e-08,27.384600717633454,-8.562443733198038e-15,4.0858994574031735,0-1,53,69.25,69250,,,,,0,0.1616903584467206,0.1002050185055671,4.0858994574031735,2.159958231791386,0.0019868620372123546,negative_hard,10.0,0,0,0,0,0,0,0,0,0,0,-1,0,0,0,0,0,0,1,0,0
sim_0039_n3_seed81,81,0.001,3,964.0,0,body_0,23.12038132751752,16.22432647230617,0.00013735577940229685,5.636852628873265e-05,0.29355215751064434,0.3601134253905793,1,3.0099907732887625,3.0217855082779272,-10.630618648639409,6.717680718311184e-08,27.384600717633397,-1.0638187668518774e-14,3.0099907732887625,0-1,53,70.19999999999993,70200,,,,,0,0.29355215751064434,0.3593670147032399,3.0099907732887625,3.0217855082779272,0.0023129085105952837,negative_baseline,20.0,0,0,0,0,0,0,0,0,0,0,-1,0,0,0,0,0,0,1,0,0
sim_0039_n3_seed81,81,0.001,3,964.6,0,body_0,23.12038132751752,16.22432647230617,0.00010333244590777524,0.00016526969969832983,0.5540350914184398,1.1457138729216485,1,2.1584130919036064,3.9739248298769394,-10.630620932417667,-1.4765340920662615e-07,27.384600717633443,-8.951645721070676e-15,2.1584130919036064,0-1,53,70.79999999999995,70800,,,,,0,0.5540350914184398,1.1458962821179186,2.1584130919036064,3.9739248298769394,0.002622636402859678,negative_hard,10.0,0,0,0,1,0,0,1,0,0,0,-1,1,0,0,0,0,0,1,0,0
sim_0039_n3_seed81,81,0.001,3,965.0,0,body_0,23.12038132751752,16.22432647230617,0.00016075087076337883,0.0003173863899699863,0.7974447459620413,2.0521409618900197,1,1.7724177989961978,4.577489049528281,-10.630630159065909,-1.0155847993747836e-06,27.384600717633436,-9.211113712985768e-15,1.7724177989961978,0-1,53,71.19999999999993,71200,,,,,0,0.7974447459620413,2.0706732143797506,1.7724177989961978,4.577489049528281,0.0028746792320409817,negative_baseline,20.0,0,0,0,1,0,0,1,0,0,0,-1,1,0,0,1,1,0,1,0,0
sim_0039_n3_seed81,81,0.001,3,965.1,0,body_0,23.12038132751752,16.22432647230617,0.00019271162323973644,0.0003455430984790952,0.8117181323677719,2.1261762326467855,1,1.7487632219171565,4.620621548908275,-10.630631368101394,-1.1293162240268142e-06,27.384600717633436,-9.211113712985768e-15,1.7487632219171565,0-1,53,71.29999999999995,71300,,,,,0,0.8117181323677719,2.1480224963019166,1.7487632219171565,4.620621548908275,0.002934136755288135,negative_hard,10.0,0,0,0,1,0,0,1,0,0,0,-1,1,0,0,1,1,0,1,0,0
sim_0039_n3_seed81,81,0.001,3,965.6,0,body_0,23.12038132751752,16.22432647230617,0.00033633652136338575,0.00031407357069255577,0.511035504839233,1.2149084101998517,1,2.1273702922575084,4.02258603061275,-10.630621137202752,-1.6691711133924267e-07,27.384600717633415,-9.989517688731043e-15,2.1273702922575084,0-1,53,71.79999999999995,71800,,,,,0,0.511035504839233,1.2180134496024762,2.1273702922575084,4.02258603061275,0.0032139030299431644,negative_hard,10.0,0,0,0,1,0,0,1,0,0,0,-1,1,0,0,0,0,0,1,0,0
sim_0039_n3_seed81,81,0.001,3,966.0,0,body_0,23.12038132751752,16.22432647230617,0.0004027498058362457,0.0002692684770275934,0.285497023860811,0.591974127804194,1,2.699067771876573,3.3309395324583466,-10.630618440476418,8.675826182286622e-08,27.38460071763342,-9.859783692773497e-15,2.699067771876573,0-1,53,72.19999999999993,72200,,,,,0,0.285497023860811,0.5918119504326184,2.699067771876573,3.3309395324583466,0.0035438629965419094,negative_baseline,20.0,0,0,0,1,0,0,0,0,0,0,-1,1,0,0,0,0,0,1,0,0
sim_0039_n3_seed81,81,0.001,3,966.1,0,body_0,23.12038132751752,16.22432647230617,0.00041731405821188053,0.00026999179727134635,0.24789602538691463,0.5154965010238743,1,2.843875526890557,3.1823018329592103,-10.63061824215158,1.0541426206835395e-07,27.384600717633425,-9.600315700858407e-15,2.843875526890557,0-1,53,72.29999999999995,72300,,,,,0,0.24789602538691463,0.5152065657645784,2.843875526890557,3.1823018329592103,0.003655813205802566,negative_hard,10.0,0,0,0,0,0,0,0,0,0,0,-1,0,0,0,0,0,0,1,0,0
sim_0039_n3_seed81,81,0.001,3,966.6,0,body_0,23.12038132751752,16.22432647230617,0.0005093888904780105,0.00040763336000095067,0.1392648426337073,0.5149011819337933,2,2.9764317476684763,3.7017315477173245,-10.630616741660063,2.465623425798165e-07,27.384600717633443,-8.951645721070676e-15,2.9764317476684763,0-2,53,72.79999999999995,72800,,,,,0,0.1392648426337073,0.512184641340709,2.9764317476684763,3.7017315477173245,0.0045399604013614476,negative_hard,10.0,0,0,0,0,1,0,0,0,0,0,-1,0,0,0,0,0,0,1,0,0
sim_0039_n3_seed81,81,0.001,3,966.75,0,body_0,23.12038132751752,16.22432647230617,0.0005544264086790235,0.0005485187797881064,0.1601408879627677,0.7603627343852657,2,2.5010558511804954,4.098205458010446,-10.630615171189497,3.942932049542915e-07,27.38460071763343,-9.47058170490086e-15,2.5010558511804954,0-2,53,72.94999999999993,72950,,,,,0,0.1601408879627677,0.7527602452681227,2.5010558511804954,4.098205458010446,0.005001013933068978,negative_hard,8.0,0,0,0,1,1,0,1,0,0,0,-1,1,0,0,0,0,0,1,0,0
sim_0039_n3_seed81,81,0.001,3,967.0,0,body_0,23.12038132751752,16.22432647230617,0.0006810046826354513,0.0012157960470260425,0.42528020754972484,2.717306709858417,2,1.6400511886844862,5.200794962699465,-10.63060701678981,1.16136042924051e-06,27.384600717633408,-1.0248985680646136e-14,1.6400511886844862,0-2,53,73.19999999999993,73200,,,,,0,0.42528020754972484,2.6507666099676905,1.6400511886844862,5.200794962699465,0.006290785838390153,negative_baseline,20.0,0,0,0,1,1,0,1,0,0,0,-1,1,0,0,0,0,0,1,0,0
sim_0039_n3_seed81,81,0.001,3,967.15,0,body_0,23.12038132751752,16.22432647230617,0.000820942178415225,0.0025848178421990498,1.04262662880594,8.68880609677898,2,1.1155777853238484,6.409751615294249,-10.630616946952273,2.2725093626446638e-07,27.384600717633422,-9.730049696815953e-15,1.1155777853238484,0-2,53,73.34999999999991,73350,,,,,0,1.04262662880594,8.657476975663746,1.1155777853238484,6.409751615294249,0.007713161823628552,negative_hard,8.0,0,1,1,1,1,0,1,1,0,0,-1,1,0,0,1,1,0,1,0,0
sim_0039_n3_seed81,81,0.001,3,967.5500000000001,0,body_0,23.12038132751752,16.22432647230617,0.000682823806721831,0.0014724497341985787,0.7598398189420554,4.007570049394521,2,1.4539860126960955,5.550955688291338,-10.630604760804722,1.3735762005557575e-06,27.38460071763339,-1.0897655660433866e-14,1.4539860126960955,0-2,53,73.75,73750,,,,,0,0.7598398189420554,3.9306027791020504,1.4539860126960955,5.550955688291338,0.006651575130976994,negative_hard,8.0,0,0,1,1,0,1,1,1,0,0,-1,1,0,0,0,0,0,1,0,0
sim_0039_n3_seed81,81,0.001,3,968.0,0,body_0,23.12038132751752,16.22432647230617,0.00046609487468962885,0.0003390679109063358,0.2547393458357318,0.3907527224075913,2,2.9629827284243166,3.699939015429127,-10.63061692247976,2.2955301407102905e-07,27.384600717633443,-8.951645721070676e-15,2.9629827284243166,0-2,53,74.19999999999993,74200,,,,,0,0.2547393458357318,0.3888052581357289,2.9629827284243166,3.699939015429127,0.004487124504202543,negative_baseline,20.0,0,0,0,0,0,1,0,0,0,0,-1,0,0,0,0,0,0,1,0,0
sim_0039_n3_seed81,81,0.001,3,969.0,0,body_0,23.12038132751752,16.22432647230617,0.00034880221567162064,8.236607696794824e-05,0.1350418359170994,0.05867931913755414,1,5.218184360846207,1.9103473624512812,-10.630618708355353,6.155945393663482e-08,27.384600717633514,-6.356965801919755e-15,2.872906910538475,1-2,53,75.19999999999993,75200,,,,,0,0.1350418359170994,0.05865698275502616,5.218184360846207,1.9103473624512812,0.002924559653817389,negative_baseline,20.0,0,0,0,0,0,0,0,0,0,0,-1,0,0,0,0,0,0,1,0,0
sim_0039_n3_seed81,81,0.001,3,970.0,0,body_0,23.12038132751752,16.22432647230617,0.00034322944353194925,6.576554878704122e-05,0.1151525479507401,0.036451986259661784,1,5.285844489786724,1.8697685719126032,-10.630618820093993,5.104843516517866e-08,27.384600717633603,-3.113615902981105e-15,3.292525020729075,1-2,53,76.19999999999993,76200,,,,,0,0.1151525479507401,0.03644769876230904,5.285844489786724,1.8697685719126032,0.002175136503851054,negative_baseline,20.0,0,0,0,0,0,0,0,0,0,0,-1,0,0,0,0,0,0,1,0,0
sim_0039_n3_seed81,81,0.001,3,971.0,0,body_0,23.12038132751752,16.22432647230617,0.00042151083448824326,0.00012913645265927713,0.11419082467281663,0.03920343320007416,1,5.111226937520611,1.9179020146946886,-10.630618816329893,5.1402516147127034e-08,27.38460071763353,-5.838029818089571e-15,4.631579017844011,1-2,53,77.19999999999993,77200,,,,,0,0.11419082467281663,0.03919229622044039,5.111226937520611,1.9179020146946886,0.002339675125595685,negative_baseline,20.0,0,0,0,0,0,0,0,0,0,0,-1,0,0,0,0,0,0,1,0,0
sim_0039_n3_seed81,81,0.001,3,972.0,0,body_0,23.12038132751752,16.22432647230617,0.000601860488443256,0.0002670503503467407,0.1277561875737379,0.05892004875132449,1,4.674164773747309,2.1226577661355783,-10.630618826931457,5.040524931729448e-08,27.384600717633557,-4.800157850429203e-15,4.674164773747309,0-1,53,78.19999999999993,78200,,,,,0,0.1277561875737379,0.058890184469426336,4.674164773747309,2.1226577661355783,0.0037002717962154106,negative_baseline,20.0,0,0,0,0,0,0,0,0,0,0,-1,0,0,0,0,0,0,1,0,0
sim_0039_n3_seed81,81,0.001,3,972.75,0,body_0,23.12038132751752,16.22432647230617,0.0008251888195646923,0.0004671336834760703,0.15304441242753286,0.09703354123714494,1,4.163495747389028,2.4120133586082044,-10.630618857327558,4.7545951980194986e-08,27.384600717633543,-5.319093834259387e-15,4.163495747389028,0-1,53,78.94999999999993,78950,,,,,0,0.15304441242753286,0.09697097208338727,4.163495747389028,2.4120133586082044,0.005353051767641787,negative_hard,8.0,0,0,0,0,0,0,0,0,0,0,-1,0,0,0,0,0,0,1,0,0
sim_0039_n3_seed81,81,0.001,3,973.0,0,body_0,23.12038132751752,16.22432647230617,0.0009221195145508591,0.0005667578469453528,0.16617039777001233,0.11853824949473564,1,3.962221989697362,2.537793649151183,-10.63061888475915,4.4965519901436764e-08,27.384600717633532,-5.708295822132025e-15,3.962221989697362,0-1,53,79.19999999999993,79200,,,,,0,0.16617039777001233,0.11845984019794259,3.962221989697362,2.537793649151183,0.006016311592837962,negative_baseline,20.0,0,0,0,0,0,0,0,0,0,0,-1,0,0,0,0,0,0,1,0,0
sim_0039_n3_seed81,81,0.001,3,973.15,0,body_0,23.12038132751752,16.22432647230617,0.0009867988625341672,0.0006376178427907305,0.17557312130340244,0.13464953227777912,1,3.8356368231852187,2.620562617097073,-10.630618910875762,4.250878506961765e-08,27.384600717633532,-5.708295822132025e-15,3.8356368231852187,0-1,53,79.34999999999991,79350,,,,,0,0.17557312130340244,0.13456146048651588,3.8356368231852187,2.620562617097073,0.006440889633580546,negative_hard,8.0,0,0,0,0,0,0,0,0,0,0,-1,0,0,0,0,0,0,1,0,0
sim_0039_n3_seed81,81,0.001,3,973.5500000000001,0,body_0,23.12038132751752,16.22432647230617,0.001186002941858959,0.0008769882310947357,0.20743239854470402,0.1931899255935147,1,3.484986466801778,2.866592802930431,-10.630619048634584,2.9550102556567035e-08,27.38460071763348,-7.654305761495215e-15,3.484986466801778,0-1,53,79.75,79750,,,,,0,0.20743239854470402,0.19309086084593508,3.484986466801778,2.866592802930431,0.0076628472681866434,negative_hard,8.0,0,0,0,0,0,0,0,0,0,0,-1,0,0,0,0,0,0,1,0,0
sim_0039_n3_seed81,81,0.001,3,973.95,0,body_0,23.12038132751752,16.22432647230617,0.0014256025376689699,0.0012009265516751994,0.2502683272725831,0.2797013798715017,1,3.13895322251693,3.138467813688958,-10.630619384763119,-2.0688016025597743e-09,27.38460071763348,-7.654305761495215e-15,3.13895322251693,0-1,53,80.14999999999998,80150,,,,,0,0.2502683272725831,0.27969085406762045,3.13895322251693,3.138467813688958,0.008971008629560963,negative_hard,8.0,0,0,0,0,0,0,0,0,0,0,-1,0,0,0,0,0,0,1,0,0
sim_0039_n3_seed81,81,0.001,3,974.0,0,body_0,23.12038132751752,16.22432647230617,0.0014580645466671072,0.0012470104120896803,0.25630523388175946,0.29245366619158225,1,3.09816856389813,3.1727886143242365,-10.630619448614995,-8.075213317244889e-09,27.384600717633493,-7.13536977766503e-15,3.09816856389813,0-1,53,80.19999999999993,80200,,,,,0,0.25630523388175946,0.29247009736400914,3.09816856389813,3.1727886143242365,0.009134944802605795,negative_baseline,20.0,0,0,0,0,0,0,0,0,0,0,-1,0,0,0,0,0,0,1,0,0
sim_0039_n3_seed81,81,0.001,3,974.2,0,body_0,23.12038132751752,16.22432647230617,0.0015915205724867521,0.0014389151216836545,0.281205630067285,0.346153637596815,1,2.945535323446518,3.3061478530652444,-10.630619760822057,-3.744387485303141e-08,27.38460071763351,-6.486699797877301e-15,2.945535323446518,0-1,53,80.39999999999998,80400,,,,,0,0.281205630067285,0.34633206492417334,2.945535323446518,3.3061478530652444,0.009774352729524429,negative_pre_failure,1.0,0,0,0,0,0,0,0,0,0,0,-1,0,0,0,0,0,0,1,0,0
sim_0039_n3_seed81,81,0.001,3,974.25,0,body_0,23.12038132751752,16.22432647230617,0.0016253954434821828,0.0014876814477725179,0.28745496134237786,0.3598654957153919,1,2.910683774049782,3.3377592491526435,-10.630619852245436,-4.604387979814119e-08,27.384600717633507,-6.616433793834847e-15,2.910683774049782,0-1,53,80.44999999999993,80450,,,,,0,0.28745496134237786,0.3600992256544905,2.910683774049782,3.3377592491526435,0.00992740146885261,negative_pre_failure,1.0,0,0,0,0,0,0,0,0,0,0,-1,0,0,0,0,0,0,1,0,0
sim_0039_n3_seed81,81,0.001,3,974.65,0,body_0,23.12038132751752,16.22432647230617,2.233455369707607e-08,2.836099921526282e-08,0.3293761548297653,0.4535906729268522,1,2.704823410761261,3.534651442600101,-10.630620047138391,-6.437705009207504e-08,27.38460071763367,-6.486699797877301e-16,2.704823410761261,0-1,54,0.34999999999990905,350,,,,,0,0.3293761548297653,0.4543990980117258,2.704823410761261,3.534651442600101,1.1949478856856652e-07,negative_hard,10.0,0,0,0,1,0,0,0,0,0,0,-1,1,0,0,1,1,0,1,0,0
sim_0039_n3_seed81,81,0.001,3,975.0,0,body_0,23.12038132751752,16.22432647230617,4.354965258813873e-08,7.481656267336618e-08,0.3402514283680661,0.4789190621544408,1,2.656846553969552,3.583249751116368,-10.630620300210309,-8.818299295993048e-08,27.384600717633703,5.189359838301841e-16,2.656846553969552,0-1,54,0.6999999999999318,700,,,,,0,0.3402514283680661,0.4800255882575066,2.656846553969552,3.583249751116368,2.329926691226114e-07,negative_baseline,20.0,0,0,0,1,0,0,0,0,0,0,-1,1,0,0,1,1,0,1,0,0
sim_0039_n3_seed81,81,0.001,3,975.15,0,body_0,23.12038132751752,16.22432647230617,5.256564149576728e-08,9.771875514550678e-08,0.33425146714400844,0.46601996342201724,1,2.6810333209954087,3.5587776625255443,-10.63062016887576,-7.582862826225479e-08,27.384600717633678,-3.892019878726381e-16,2.6810333209954087,0-1,54,0.849999999999909,850,,,,,0,0.33425146714400844,0.46707298902925654,2.6810333209954087,3.5587776625255443,2.812104475610583e-07,negative_hard,10.0,0,0,0,1,0,0,0,0,0,0,-1,1,0,0,1,1,0,1,0,0
sim_0039_n3_seed81,81,0.001,3,976.0,0,body_0,23.12038132751752,16.22432647230617,1.4404109730081813e-07,1.9897568578444935e-07,0.23934164053965956,0.2608334573859483,1,3.203257505375858,3.0863585414905392,-10.630618726637092,5.983972922769571e-08,27.384600717633685,-1.2973399595754603e-16,3.203257505375858,0-1,54,1.6999999999999318,1700,,,,,0,0.23934164053965956,0.26103040077820977,3.203257505375858,3.0863585414905392,7.703028926764168e-07,negative_baseline,20.0,0,0,0,0,0,0,0,0,0,0,-1,0,0,0,0,0,0,1,0,0
sim_0039_n3_seed81,81,0.001,3,977.0,0,body_0,23.12038132751752,16.22432647230617,3.2277631059989863e-07,2.3519412927619156e-07,0.15722511766808156,0.10660655907697203,1,4.067806328527304,2.4706161102791904,-10.630618297493587,1.0020835593584547e-07,27.38460071763363,-2.0757439353207364e-15,4.067806328527304,0-1,54,2.699999999999932,2700,,,,,0,0.15722511766808156,0.10662193983951905,4.067806328527304,2.4706161102791904,1.7272065051815242e-06,negative_hard,10.0,0,0,0,0,0,0,0,0,0,0,-1,0,0,0,0,0,0,1,0,0
sim_0039_n3_seed81,81,0.001,3,977.5,0,body_0,23.12038132751752,16.22432647230617,4.128878735008037e-07,2.3892385593290285e-07,0.1363605263566803,0.07377980663976659,1,4.441200890417533,2.2472740513729215,-10.630618265770739,1.0319245754513438e-07,27.384600717633543,-5.319093834259387e-15,4.441200890417533,0-1,54,3.199999999999932,3200,,,,,0,0.1363605263566803,0.07378579339092656,4.441200890417533,2.2472740513729215,2.211434216931375e-06,negative_hard,10.0,0,0,0,0,0,0,0,0,0,0,-1,0,0,0,0,0,0,1,0,0
sim_0039_n3_seed81,81,0.001,3,978.0,0,body_0,23.12038132751752,16.22432647230617,4.969186365067799e-07,2.401289260936072e-07,0.12338630999425716,0.05477646146715798,1,4.7469166552527176,2.0803319681739723,-10.630618254415907,1.0426058268009066e-07,27.384600717633532,-5.708295822132025e-15,4.7469166552527176,0-1,54,3.699999999999932,3700,,,,,0,0.12338630999425716,0.05477872737721165,4.7469166552527176,2.0803319681739723,2.665537767660763e-06,negative_hard,10.0,0,0,0,0,0,0,0,0,0,0,-1,0,0,0,0,0,0,1,0,0
sim_0039_n3_seed81,81,0.001,3,978.5,0,body_0,23.12038132751752,16.22432647230617,5.730726868301562e-07,2.413916905093358e-07,0.1157876322435152,0.04381869697569152,1,4.980075287824293,1.9650050243589632,-10.63061824840397,1.0482611300426513e-07,27.384600717633507,-6.616433793834847e-15,4.980075287824293,0-1,54,4.199999999999932,4200,,,,,0,0.1157876322435152,0.04381862405288539,4.980075287824293,1.9650050243589632,3.080627972764011e-06,negative_hard,10.0,0,0,0,0,0,0,0,0,0,0,-1,0,0,0,0,0,0,1,0,0
sim_0039_n3_seed81,81,0.001,3,979.0,0,body_0,23.12038132751752,16.22432647230617,6.403661422087344e-07,2.443392131688592e-07,0.11214925345760493,0.03798599897635772,1,5.141264245275612,1.8969140820841885,-10.630618243868973,1.0525271057338765e-07,27.38460071763352,-6.0974978100046635e-15,4.915406878262926,1-2,54,4.699999999999932,4700,,,,,0,0.11214925345760493,0.0379838867327903,5.141264245275612,1.8969140820841885,3.4509890370924596e-06,negative_hard,10.0,0,0,0,0,0,0,0,0,0,0,-1,0,0,0,0,0,0,1,0,0
sim_0039_n3_seed81,81,0.001,3,980.0,0,body_0,23.12038132751752,16.22432647230617,7.459281881411049e-07,2.59443732094384e-07,0.1144860272284335,0.03685129584417933,1,5.265990128775296,1.878526514799023,-10.630618245632833,1.050867879578896e-07,27.38460071763355,-5.059625842344295e-15,3.3889163698546882,1-2,54,5.699999999999932,5700,,,,,0,0.1144860272284335,0.036843143224249954,5.265990128775296,1.878526514799023,4.0216754975482695e-06,negative_baseline,20.0,0,0,0,0,0,0,0,0,0,0,-1,0,0,0,0,0,0,1,0,0
sim_0039_n3_seed81,81,0.001,3,980.9,0,body_0,23.12038132751752,16.22432647230617,8.062683790122619e-07,2.8865007956619473e-07,0.13006966986156115,0.051163780339319634,1,5.181839992350427,1.940750449905352,-10.630618206938356,1.087266960042107e-07,27.384600717633518,-6.22723180596221e-15,2.7577061329480212,1-2,54,6.599999999999909,6600,,,,,0,0.13006966986156115,0.05111932226947805,5.181839992350427,1.940750449905352,4.2369756869189346e-06,negative_hard,10.0,0,0,0,0,0,0,0,0,0,0,-1,0,0,0,0,0,0,1,0,0
sim_0039_n3_seed81,81,0.001,3,981.0,0,body_0,23.12038132751752,16.22432647230617,8.11032279895612e-07,2.9332298070231e-07,0.1332214963399792,0.05499504887682909,1,5.16063982829876,1.950993501440356,-10.630618187057893,1.1059680938323733e-07,27.384600717633518,-6.22723180596221e-15,2.7364941163647027,1-2,54,6.699999999999932,6700,,,,,0,0.1332214963399792,0.05493881740606851,5.16063982829876,1.950993501440356,4.239260379730884e-06,negative_baseline,20.0,0,0,0,0,0,0,0,0,0,0,-1,0,0,0,0,0,0,1,0,0
sim_0039_n3_seed81,81,0.001,3,981.4,0,body_0,23.12038132751752,16.22432647230617,8.268063953967248e-07,3.169359446920093e-07,0.1515835264482444,0.08263389782031355,2,4.930924550439388,2.6405556348845574,-10.63061803588004,1.248177919337191e-07,27.384600717633518,-6.22723180596221e-15,2.7311702375046627,1-2,54,7.099999999999909,7100,,,,,0,0.1515835264482444,0.0824717662258221,4.930924550439388,2.6405556348845574,4.214469132425235e-06,negative_hard,10.0,0,0,0,0,1,0,0,0,0,0,-1,0,0,0,0,0,0,1,0,0
sim_0039_n3_seed81,81,0.001,3,981.9,0,body_0,23.12038132751752,16.22432647230617,8.411950646759818e-07,3.6713983086466077e-07,0.203574474419143,0.202634947873387,2,3.6586805219302985,3.254900022233308,-10.630617378208498,1.8668357036784744e-07,27.384600717633486,-7.394837769580123e-15,2.8686577535734994,1-2,54,7.599999999999909,7600,,,,,0,0.203574474419143,0.20163572567415947,3.6586805219302985,3.254900022233308,4.154826784604147e-06,negative_hard,10.0,0,0,0,0,1,0,0,0,0,0,-1,0,0,0,0,0,0,1,0,0
sim_0039_n3_seed81,81,0.001,3,982.0,0,body_0,23.12038132751752,16.22432647230617,8.437320238781492e-07,3.8273221104550845e-07,0.22334797925232008,0.26270005197220386,2,3.372934040637721,3.4269328463844215,-10.630617042253302,2.1828616892230247e-07,27.384600717633486,-7.394837769580123e-15,2.9159597645883077,1-2,54,7.699999999999932,7700,,,,,0,0.22334797925232008,0.26108459495971054,3.372934040637721,3.4269328463844215,4.1488125282008405e-06,negative_baseline,20.0,0,0,0,0,1,0,0,0,0,0,-1,0,0,0,0,0,0,1,0,0
sim_0039_n3_seed81,81,0.001,3,982.4,0,body_0,23.12038132751752,16.22432647230617,8.518512821953754e-07,4.944417066995392e-07,0.42640374382625623,1.2585073928089074,2,2.0927767243418183,4.540599786604798,-10.63061161429762,7.288825411693351e-07,27.384600717633436,-9.211113712985768e-15,2.0927767243418183,0-2,54,8.099999999999909,8100,,,,,0,0.42640374382625623,1.2346933199800214,2.0927767243418183,4.540599786604798,4.214732299824453e-06,negative_hard,10.0,0,0,0,1,1,0,1,0,0,0,-1,1,0,0,0,0,0,1,0,0
sim_0039_n3_seed81,81,0.001,3,982.9,0,body_0,23.12038132751752,16.22432647230617,2.753049906083806e-07,5.587546749391691e-06,1.8123246768242347,16.867084679808116,2,0.8653869257003921,7.3371453369150625,-10.630712853158137,-8.794444093091576e-06,27.38460071763343,-9.47058170490086e-15,0.8653869257003921,0-2,54,8.599999999999909,8600,,,,,0,1.8123246768242347,18.535714723618742,0.8653869257003921,7.3371453369150625,5.842348391403542e-06,negative_hard,10.0,0,1,1,1,0,1,1,1,0,0,-1,1,0,0,1,1,0,1,0,0
sim_0039_n3_seed81,81,0.001,3,983.0,0,body_0,23.12038132751752,16.22432647230617,2.087256626387795e-07,4.650371469501751e-06,0.9063574500701397,7.779564244713218,2,1.1803232488864475,6.223439504988195,-10.630601049190965,1.7227198986804034e-06,27.38460071763342,-9.859783692773497e-15,1.1803232488864475,0-2,54,8.699999999999932,8700,,,,,0,0.9063574500701397,7.6579406604873155,1.1803232488864475,6.223439504988195,7.682026735375456e-06,negative_baseline,20.0,0,1,1,1,0,1,1,1,0,0,-1,1,0,0,0,0,0,1,0,0
sim_0039_n3_seed81,81,0.001,3,983.4,0,body_0,23.12038132751752,16.22432647230617,1.3363140800338327e-06,2.752157547154369e-06,0.15186208055530445,0.7179396777013964,2,2.6064370015831297,4.009644873559937,-10.630614902714434,4.1954808930901374e-07,27.384600717633447,-8.82191172511313e-15,2.6064370015831297,0-2,54,9.099999999999909,9100,,,,,0,0.15186208055530445,0.7137256606495822,2.6064370015831297,4.009644873559937,1.7571475725574224e-05,negative_hard,10.0,0,0,0,1,0,1,1,0,0,0,-1,1,0,0,0,0,0,1,0,0
sim_0039_n3_seed81,81,0.001,3,984.0,0,body_0,23.12038132751752,16.22432647230617,2.6532432802701537e-06,1.8675949088539978e-06,0.27303065987286906,0.5793009983687791,1,2.722439849257391,3.29682397767023,-10.630617878161761,1.396540186805709e-07,27.384600717633433,-9.340847708943314e-15,2.722439849257391,0-1,54,9.699999999999932,9700,,,,,0,0.27303065987286906,0.5784418679032053,2.722439849257391,3.29682397767023,3.0120868708907875e-05,negative_baseline,20.0,0,0,0,1,0,0,0,0,0,0,-1,1,0,0,0,0,0,1,0,0
sim_0039_n3_seed81,81,0.001,3,984.35,0,body_0,23.12038132751752,16.22432647230617,3.287593782615663e-06,1.7332438713523803e-06,0.44636796248707516,1.0021736407202972,1,2.247938181588343,3.851326818602638,-10.630619797106963,-4.085711960467503e-08,27.384600717633433,-9.340847708943314e-15,2.247938181588343,0-1,54,10.049999999999955,10050,,,,,0,0.44636796248707516,1.0023236816049064,2.247938181588343,3.851326818602638,3.6400842892515696e-05,negative_hard,10.0,0,0,0,1,0,0,0,0,0,0,-1,1,0,0,0,0,0,1,0,0
sim_0039_n3_seed81,81,0.001,3,984.85,0,body_0,23.12038132751752,16.22432647230617,4.3746641383394865e-06,3.1779221915896254e-06,0.7425692271980665,1.8460514983796652,1,1.8176727544061269,4.492325707850903,-10.63062856967814,-8.66074435601423e-07,27.384600717633404,-1.0378719676603682e-14,1.8176727544061269,0-1,54,10.549999999999955,10550,,,,,0,0.7425692271980665,1.861832782261428,1.8176727544061269,4.492325707850903,4.4553128720236115e-05,negative_hard,10.0,0,0,0,1,0,0,1,0,0,0,-1,1,0,0,1,1,0,1,0,0
sim_0039_n3_seed81,81,0.001,3,985.0,0,body_0,23.12038132751752,16.22432647230617,4.811788944441412e-06,3.748162174362965e-06,0.7495770169250957,1.830862025540703,1,1.8231972350349428,4.4814707162277845,-10.630628338559259,-8.443335685486547e-07,27.384600717633372,-1.1546325640221597e-14,1.8231972350349428,0-1,54,10.699999999999932,10700,,,,,0,0.7495770169250957,1.8467984281233782,1.8231972350349428,4.4814707162277845,4.6839716505099396e-05,negative_baseline,20.0,0,0,0,1,0,0,1,0,0,0,-1,1,0,0,1,1,0,1,0,0
sim_0039_n3_seed81,81,0.001,3,985.35,0,body_0,23.12038132751752,16.22432647230617,5.869292350536161e-06,4.0847967149009966e-06,0.5865212456793454,1.2305054016706256,1,2.09045761843258,4.060509076088728,-10.630621620492008,-2.1237911493788323e-07,27.384600717633376,-1.141659164426405e-14,2.09045761843258,0-1,54,11.049999999999955,11050,,,,,0,0.5865212456793454,1.2346578469625955,2.09045761843258,4.060509076088728,5.189386173314163e-05,negative_hard,10.0,0,0,0,1,0,0,1,0,0,0,-1,1,0,0,0,0,0,1,0,0
sim_0039_n3_seed81,81,0.001,3,985.85,0,body_0,23.12038132751752,16.22432647230617,7.0719090310913545e-06,3.3671063708996014e-06,0.3506469443117405,0.4948012942070726,1,2.742726330731976,3.2712540070833707,-10.630618332153526,9.694796839527397e-08,27.38460071763339,-1.0897655660433866e-14,2.742726330731976,0-1,54,11.549999999999955,11550,,,,,0,0.3506469443117405,0.49478714095517284,2.742726330731976,3.2712540070833707,5.85392383428145e-05,negative_hard,10.0,0,0,0,1,0,0,0,0,0,0,-1,1,0,0,0,0,0,1,0,0
sim_0039_n3_seed81,81,0.001,3,986.0,0,body_0,23.12038132751752,16.22432647230617,7.357752286913094e-06,3.144080007416091e-06,0.30636545799195486,0.38217591157973924,1,2.9431945409713607,3.072918636566089,-10.630618194351712,1.09910695184873e-07,27.384600717633404,-1.0378719676603682e-14,2.9431945409713607,0-1,54,11.699999999999932,11700,,,,,0,0.30636545799195486,0.3821022595883175,2.9431945409713607,3.072918636566089,6.041870013287797e-05,negative_baseline,20.0,0,0,0,0,0,0,0,0,0,0,-1,0,0,0,0,0,0,1,0,0
sim_0039_n3_seed81,81,0.001,3,987.0,0,body_0,23.12038132751752,16.22432647230617,8.723046291989396e-06,2.1188501415271874e-06,0.1662395770848582,0.10369930716189607,1,4.027903106480343,2.187250520638368,-10.630618190451413,1.1027758808335225e-07,27.384600717633393,-1.076792166447632e-14,4.027903106480343,0-1,54,12.699999999999932,12700,,,,,0,0.1662395770848582,0.10368806558219132,4.027903106480343,2.187250520638368,7.175172636832656e-05,negative_baseline,20.0,0,0,0,0,0,0,0,0,0,0,-1,0,0,0,0,0,0,1,0,0
sim_0039_n3_seed81,81,0.001,3,988.0,0,body_0,23.12038132751752,16.22432647230617,9.484804581812544e-06,1.575167502233587e-06,0.12720835174369924,0.050628820805103086,1,4.5780909173434825,1.7960825477594624,-10.630618233282284,1.0624857812330381e-07,27.38460071763339,-1.0897655660433866e-14,4.5780909173434825,0-1,54,13.699999999999932,13700,,,,,0,0.12720835174369924,0.05062184624243183,4.5780909173434825,1.7960825477594624,8.137009267280217e-05,negative_baseline,20.0,0,0,0,0,0,0,0,0,0,0,-1,0,0,0,0,0,0,1,0,0
sim_0039_n3_seed81,81,0.001,3,989.0,0,body_0,23.12038132751752,16.22432647230617,9.786687549723736e-06,1.3152201967967608e-06,0.12331328654056813,0.048648899007936855,1,4.592211902324489,1.7809663354211465,-10.630618236688845,1.059281301558923e-07,27.38460071763334,-1.271393160383951e-14,4.592211902324489,0-1,54,14.699999999999932,14700,,,,,0,0.12331328654056813,0.04862299738707025,4.592211902324489,1.7809663354211465,8.975572249672248e-05,negative_baseline,20.0,0,0,0,0,0,0,0,0,0,0,-1,0,0,0,0,0,0,1,0,0
sim_0039_n3_seed81,81,0.001,3,990.0,0,body_0,23.12038132751752,16.22432647230617,9.599737260981637e-06,1.4633571525800095e-06,0.1532796134610441,0.0969920694243552,1,4.062542971620436,2.1503331965308177,-10.63061819286197,1.1005083204920099e-07,27.384600717633347,-1.245446361192442e-14,4.062542971620436,0-1,54,15.699999999999932,15700,,,,,0,0.1532796134610441,0.09688134531918927,4.062542971620436,2.1503331965308177,9.728936321035998e-05,negative_baseline,20.0,0,0,0,0,0,0,0,0,0,0,-1,0,0,0,1,1,0,1,0,0
sim_0039_n3_seed81,81,0.001,3,991.0,0,body_0,23.12038132751752,16.22432647230617,8.724977641987229e-06,2.760171939115295e-06,0.2829770052007667,0.3730255001743839,1,2.9637646269255318,3.0509904265612064,-10.630618123849388,1.1654270048700789e-07,27.384600717633344,-1.2584197607881964e-14,2.9637646269255318,0-1,54,16.699999999999932,16700,,,,,0,0.2829770052007667,0.37223742129503373,2.9637646269255318,3.0509904265612064,0.00010443131617758049,negative_baseline,20.0,0,0,0,0,0,0,0,0,0,0,-1,0,0,0,1,1,0,1,0,0
sim_0039_n3_seed81,81,0.001,3,991.5500000000001,0,body_0,23.12038132751752,16.22432647230617,8.007325143444525e-06,5.2769174712879215e-06,0.5170758443188362,1.0840932304497513,1,2.192195676651737,3.924206263770126,-10.630620181328009,-7.699998513100949e-08,27.384600717633354,-1.2194995620009327e-14,2.192195676651737,0-1,54,17.25,17250,,,,,0,0.5170758443188362,1.0839564373740067,2.192195676651737,3.924206263770126,0.00010853257401447131,negative_hard,10.0,0,0,0,1,0,0,0,0,0,0,-1,1,0,0,1,1,0,1,0,0
sim_0039_n3_seed81,81,0.001,3,992.0,0,body_0,23.12038132751752,16.22432647230617,8.70308562726289e-06,8.936357539207517e-06,0.793268269575053,2.051549992617568,1,1.773863506916851,4.573056140369636,-10.630629840870565,-9.856528327608994e-07,27.38460071763334,-1.271393160383951e-14,1.773863506916851,0-1,54,17.699999999999932,17700,,,,,0,0.793268269575053,2.0703506292701563,1.773863506916851,4.573056140369636,0.00011185486516680174,negative_baseline,20.0,0,0,0,1,0,0,1,0,0,0,-1,1,0,0,1,1,0,1,0,0
sim_0039_n3_seed81,81,0.001,3,992.0500000000001,0,body_0,23.12038132751752,16.22432647230617,8.95598009261516e-06,9.21601356596725e-06,0.8037816118345333,2.086427343929592,1,1.7627838751548646,4.592834681007778,-10.630630394822056,-1.0377618841714232e-06,27.384600717633326,-1.3232867587669694e-14,1.7627838751548646,0-1,54,17.75,17750,,,,,0,0.8037816118345333,2.106741989836292,1.7627838751548646,4.592834681007778,0.0001121669353016994,negative_hard,10.0,0,0,0,1,0,0,1,0,0,0,-1,1,0,0,1,1,0,1,0,0
sim_0039_n3_seed81,81,0.001,3,992.5500000000001,0,body_0,23.12038132751752,16.22432647230617,1.199841364320653e-05,8.099615305735511e-06,0.5697373734609261,1.2402179821651376,1,2.101820261946786,4.049865071753187,-10.63062113372063,-1.665895555177825e-07,27.38460071763331,-1.3751803571499879e-14,2.101820261946786,0-1,54,18.25,18250,,,,,0,0.5697373734609261,1.2436839036482619,2.101820261946786,4.049865071753187,0.00011444994987336402,negative_hard,10.0,0,0,0,1,0,0,1,0,0,0,-1,1,0,0,1,1,0,1,0,0
sim_0039_n3_seed81,81,0.001,3,993.0,0,body_0,23.12038132751752,16.22432647230617,1.3743209336203237e-05,5.754779953403992e-06,0.34132386177273155,0.5085212124192897,1,2.7270791310324096,3.288224456698561,-10.630618256076074,1.0410441425205851e-07,27.384600717633298,-1.427073955533006e-14,2.7270791310324096,0-1,54,18.699999999999932,18700,,,,,0,0.34132386177273155,0.508414660631761,2.7270791310324096,3.288224456698561,0.0001162460075832882,negative_baseline,20.0,0,0,0,1,0,0,0,0,0,0,-1,1,0,0,1,1,0,1,0,0
sim_0039_n3_seed81,81,0.001,3,993.0500000000001,0,body_0,23.12038132751752,16.22432647230617,1.3879663928681894e-05,5.559151137618691e-06,0.32464677437191,0.4629458833975774,1,2.797560242602011,3.2154833027976264,-10.630618199486046,1.0942771920090083e-07,27.384600717633305,-1.4011271563414971e-14,2.797560242602011,0-1,54,18.75,18750,,,,,0,0.32464677437191,0.4628184312113718,2.797560242602011,3.2154833027976264,0.00011645757710400296,negative_hard,10.0,0,0,0,1,0,0,0,0,0,0,-1,1,0,0,1,1,0,1,0,0
sim_0039_n3_seed81,81,0.001,3,994.0,0,body_0,23.12038132751752,16.22432647230617,1.5369126482031508e-05,3.4361985270808803e-06,0.16785178673375672,0.11576016023877984,1,3.9172039401894256,2.2604369251611196,-10.630618179415617,1.1131570222329253e-07,27.38460071763331,-1.3751803571499879e-14,3.9172039401894256,0-1,54,19.699999999999932,19700,,,,,0,0.16785178673375672,0.11574011675419997,3.9172039401894256,2.2604369251611196,0.00012067011172119578,negative_baseline,20.0,0,0,0,0,0,0,0,0,0,0,-1,0,0,0,1,1,0,1,0,0
sim_0039_n3_seed81,81,0.001,3,995.0,0,body_0,23.12038132751752,16.22432647230617,1.5737606330308104e-05,2.6587047258896757e-06,0.12482204271593758,0.051348713846584064,1,4.549496283168022,1.8136947171358957,-10.630618238020606,1.0580285416562264e-07,27.38460071763337,-1.1676059636179143e-14,4.549496283168022,0-1,54,20.699999999999932,20700,,,,,0,0.12482204271593758,0.0513422578601893,4.549496283168022,1.8136947171358957,0.00012494162455545013,negative_baseline,20.0,0,0,0,0,0,0,0,0,0,0,-1,0,0,0,0,0,0,1,0,0
sim_0039_n3_seed81,81,0.001,3,996.0,0,body_0,23.12038132751752,16.22432647230617,1.5340234985144304e-05,2.522011921766675e-06,0.11933099273409012,0.04499550705381241,1,4.637103413700004,1.7523398021011576,-10.630618242942774,1.0533983621770658e-07,27.384600717633447,-8.82191172511313e-15,4.637103413700004,0-1,54,21.699999999999932,21700,,,,,0,0.11933099273409012,0.044974131546156475,4.637103413700004,1.7523398021011576,0.00012880781929635595,negative_baseline,20.0,0,0,0,0,0,0,0,0,0,0,-1,0,0,0,1,1,0,1,0,0
sim_0039_n3_seed81,81,0.001,3,997.0,0,body_0,23.12038132751752,16.22432647230617,1.4152124857102079e-05,3.0295661791182865e-06,0.14470366038490487,0.08320518461463128,1,4.184295577993886,2.0647921837381635,-10.630618205693835,1.0884376547008893e-07,27.384600717633344,-1.2584197607881964e-14,4.184295577993886,0-1,54,22.699999999999932,22700,,,,,0,0.14470366038490487,0.08311834168713975,4.184295577993886,2.0647921837381635,0.0001324125997714533,negative_baseline,20.0,0,0,0,0,0,0,0,0,0,0,-1,0,0,0,1,1,0,1,0,0
sim_0039_n3_seed81,81,0.001,3,998.0,0,body_0,23.12038132751752,16.22432647230617,1.1765792698678935e-05,5.0481401046668205e-06,0.2503501542429853,0.2902567041350859,1,3.1620912755885517,2.8679008747120722,-10.630618091378686,1.195971510862563e-07,27.384600717633386,-1.1027389656391412e-14,3.1620912755885517,0-1,54,23.699999999999932,23700,,,,,0,0.2503501542429853,0.28967043630862366,3.1620912755885517,2.8679008747120722,0.00013633844968030898,negative_baseline,20.0,0,0,0,0,0,0,0,0,0,0,-1,0,0,0,1,1,0,1,0,0
sim_0039_n3_seed81,81,0.001,3,998.7,0,body_0,23.12038132751752,16.22432647230617,9.172438259091449e-06,1.0042226103694198e-05,0.523851053059306,1.1024654225921244,1,2.1830617177974743,3.936663864972209,-10.630620195078077,-7.829342507856473e-08,27.384600717633433,-9.340847708943314e-15,2.1830617177974743,0-1,54,24.399999999999977,24400,,,,,0,0.523851053059306,1.102302134522972,2.1830617177974743,3.936663864972209,0.0001402124096694487,negative_hard,10.0,0,0,0,1,0,0,1,0,0,0,-1,1,0,0,1,1,0,1,0,0
sim_0039_n3_seed81,81,0.001,3,999.0,0,body_0,23.12038132751752,16.22432647230617,9.063710554707098e-06,1.4031315724856456e-05,0.7325796312912628,1.843028315788633,1,1.846965178903192,4.446396127784442,-10.63062661595476,-6.822917872213812e-07,27.384600717633386,-1.1027389656391412e-14,1.846965178903192,0-1,54,24.699999999999932,24700,,,,,0,0.7325796312912628,1.8543618192605702,1.846965178903192,4.446396127784442,0.00014215188169384188,negative_baseline,20.0,0,0,0,1,0,0,1,0,0,0,-1,1,0,0,1,1,0,1,0,0
sim_0039_n3_seed81,81,0.001,3,999.2,0,body_0,23.12038132751752,16.22432647230617,1.033951754369166e-05,1.5962941532665388e-05,0.8148998106074105,2.1326902758437365,1,1.752211040259892,4.612032567804075,-10.630630745793447,-1.0707770245541222e-06,27.38460071763339,-1.0897655660433866e-14,1.752211040259892,0-1,54,24.899999999999977,24900,,,,,0,0.8148998106074105,2.153998670764861,1.752211040259892,4.612032567804075,0.00014302358071932296,negative_hard,10.0,0,0,0,1,0,0,1,0,0,0,-1,1,0,0,1,1,0,1,0,0
sim_0039_n3_seed81,81,0.001,3,999.7,0,body_0,23.12038132751752,16.22432647230617,1.5136448801515907e-05,1.2639750598809151e-05,0.5685904617299549,1.244485702415273,1,2.1023041251008334,4.04942171657514,-10.630621046767796,-1.5841008531958285e-07,27.38460071763339,-1.0897655660433866e-14,2.1023041251008334,0-1,54,25.399999999999977,25400,,,,,0,0.5685904617299549,1.2478482156181612,2.1023041251008334,4.04942171657514,0.00014269678775966942,negative_hard,10.0,0,0,0,1,0,0,1,0,0,0,-1,1,0,0,1,1,0,1,0,0
sim_0039_n3_seed81,81,0.001,3,1000.0,0,body_0,23.12038132751752,16.22432647230617,1.692452747368805e-05,9.602392210890227e-06,0.3975030456555132,0.7127786637452741,1,2.5189932913807924,3.516370651099909,-10.63061854714487,7.672418495405183e-08,27.38460071763338,-1.1286857648306504e-14,2.5189932913807924,0-1,54,25.699999999999932,25700,,,,,0,0.3975030456555132,0.6781250568495635,2.5189932913807924,3.516370651099909,0.00014220214322074008,negative_baseline,20.0,0,0,0,1,0,0,0,0,0,0,-1,1,0,0,1,1,0,1,0,0
