simulation_id,seed,timestep,body_count,time,body_id,body_name,mass,mass_ratio,position_error,velocity_error,acceleration,jerk,nearest_neighbor_id,nearest_neighbor_distance,relative_velocity,total_energy,energy_drift,angular_momentum,angular_momentum_drift,system_min_distance,system_min_distance_pair,correction_id,time_since_last_correction,steps_since_last_correction,error_at_trigger,correction_interval,body_position_error_at_trigger,body_velocity_error_at_trigger,body_triggered_correction,pre_correction_acceleration,pre_correction_jerk,pre_correction_nearest_neighbor_distance,pre_correction_relative_velocity,system_position_error_pre_check,sample_role,sampling_weight,strong_acceleration,high_jerk,acceleration_spike,close_encounter,rapid_approach,rapid_separation,high_relative_velocity_encounter,near_collision,ejection_escape,temporary_capture,temporary_capture_partner_id,strong_mass_ratio_interaction,closest_pair_switch,involved_in_closest_pair_switch,hierarchical_configuration,involved_in_hierarchical_tight_pair,near_symmetric_configuration,chaotic_scattering,stable,quiescent_regime
sim_0041_n3_seed297,297,0.001,3,1.0,1,body_1,3.1163256233840357,1.938542682722356,4.796492982940869e-08,3.887685168265963e-10,0.6134091224449921,0.24942298898505724,0,3.2728393794914954,1.38876228198566,-8.083254883083987,-4.3421578137881164e-10,36.80224419731293,0.0,3.2728393794914954,0-1,0,1.0,1000,,,,,0,0.6134091224449921,0.2493968731976659,3.2728393794914954,1.38876228198566,3.057995416608388e-08,negative_baseline,20.0,0,0,0,0,0,0,0,0,0,0,-1,0,0,0,0,0,0,0,1,1
sim_0041_n3_seed297,297,0.001,3,2.0,1,body_1,3.1163256233840357,1.938542682722356,8.266228311536767e-08,2.0015023468377636e-08,0.6336924566670898,0.27204269553707267,0,3.223864091650191,1.4237534321790528,-8.083254886541585,-8.619640960548655e-10,36.80224419731292,-1.9307049101423537e-16,3.223864091650191,0-1,0,2.0,2000,,,,,0,0.6336924566670898,0.2719737303575425,3.223864091650191,1.4237534321790528,5.2528812205984814e-08,negative_baseline,20.0,0,0,0,0,0,0,0,0,0,0,-1,0,0,0,0,0,0,0,1,1
sim_0041_n3_seed297,297,0.001,3,3.0,1,body_1,3.1163256233840357,1.938542682722356,1.1461233401367526e-07,6.493566828994715e-08,0.741662574038755,0.40035493135950884,0,2.97064062909167,1.557761521010642,-8.083254891719431,-1.5025285450162645e-09,36.802244197312994,1.7376344191281184e-15,2.97064062909167,0-1,0,3.0,3000,,,,,0,0.741662574038755,0.40015877081672696,2.97064062909167,1.557761521010642,7.251739205340527e-08,negative_baseline,20.0,0,0,0,0,0,0,0,0,0,0,-1,0,0,0,0,0,0,0,1,1
sim_0041_n3_seed297,297,0.001,3,4.0,1,body_1,3.1163256233840357,1.938542682722356,2.156654537203549e-07,1.7280249624950905e-07,1.0253107716929053,0.8261967604151778,0,2.5022022078463864,1.8464067266105202,-8.083254911538464,-3.954391540889148e-09,36.80224419731295,5.792114730427061e-16,2.5022022078463864,0-1,0,4.0,4000,,,,,0,1.0253107716929053,0.8254891202676027,2.5022022078463864,1.8464067266105202,1.3716076738551555e-07,negative_baseline,20.0,0,0,0,0,0,0,0,0,0,0,-1,0,0,0,0,0,0,0,1,1
sim_0041_n3_seed297,297,0.001,3,5.0,1,body_1,3.1163256233840357,1.938542682722356,5.450262069173393e-07,6.078494115752933e-07,1.8041514262392382,2.563875360475193,0,1.841734254627913,2.4324848081055204,-8.083255341036907,-5.7088735136835957e-08,36.802244197312866,-1.7376344191281184e-15,1.841734254627913,0-1,0,5.0,5000,,,,,0,1.8041514262392382,2.563675653764146,1.841734254627913,2.4324848081055204,3.4948948023325975e-07,negative_baseline,20.0,0,0,0,1,0,0,0,0,0,0,-1,0,0,0,1,1,0,0,0,0
sim_0041_n3_seed297,297,0.001,3,5.45,1,body_1,3.1163256233840357,1.938542682722356,8.267864994138517e-07,1.236289866757105e-06,2.330941264883509,4.165443584586901,0,1.5875927474789606,2.75286010995634,-8.083256471697815,-1.9696566908780268e-07,36.80224419731288,-1.3514934370996475e-15,1.5875927474789606,0-1,0,5.45,5450,,,,,0,2.330941264883509,4.1771500439158045,1.5875927474789606,2.75286010995634,5.322164373938134e-07,negative_hard,10.0,0,0,0,1,0,0,0,0,0,0,-1,0,0,0,1,1,0,0,0,0
sim_0041_n3_seed297,297,0.001,3,5.95,1,body_1,3.1163256233840357,1.938542682722356,1.2104765186654418e-06,2.1610799142859894e-06,2.306162652339542,4.660449503088266,0,1.5495038823777232,2.8283189265337723,-8.083256939828377,-2.548792903758405e-07,36.80224419731286,-1.9307049101423538e-15,1.5495038823777232,0-1,0,5.95,5950,,,,,0,2.306162652339542,4.681489567857564,1.5495038823777232,2.8283189265337723,7.844687505937154e-07,negative_hard,10.0,0,0,0,1,0,0,1,0,0,1,2,0,0,0,0,0,0,0,0,0
sim_0041_n3_seed297,297,0.001,3,6.0,1,body_1,3.1163256233840357,1.938542682722356,1.2506483545739379e-06,2.219436105482228e-06,2.2486327464186946,4.542725743949683,0,1.5651002875474704,2.808727540573694,-8.083256801600315,-2.37778745614489e-07,36.80224419731286,-1.9307049101423538e-15,1.5651002875474704,0-1,0,6.0,6000,,,,,0,2.2486327464186946,4.5622430971258385,1.5651002875474704,2.808727540573694,8.111369663906516e-07,negative_baseline,20.0,0,0,0,1,0,0,0,0,0,1,2,0,0,0,0,0,0,0,0,0
sim_0041_n3_seed297,297,0.001,3,6.45,1,body_1,3.1163256233840357,1.938542682722356,1.6292108037482093e-06,2.361997590769332e-06,1.625530947099784,2.8097884954884105,0,1.824962052655993,2.48562182364163,-8.08325543042667,-6.814736986737981e-08,36.80224419731288,-1.3514934370996475e-15,1.824962052655993,0-1,0,6.45,6450,,,,,0,1.625530947099784,2.8138076836877426,1.824962052655993,2.48562182364163,1.062864721768882e-06,negative_hard,10.0,0,0,0,1,0,0,0,0,0,1,2,0,0,0,0,0,0,0,0,0
sim_0041_n3_seed297,297,0.001,3,7.0,1,body_1,3.1163256233840357,1.938542682722356,2.140613419579925e-06,2.205895255839208e-06,1.1302523577836565,1.283750697445934,0,2.250233482696862,2.0129397619828047,-8.083254917187158,-4.653205823153291e-09,36.802244197312895,-9.653524550711769e-16,2.250233482696862,0-1,0,7.0,7000,,,,,0,1.1302523577836565,1.283753354670267,2.250233482696862,2.0129397619828047,1.397490723953341e-06,negative_baseline,20.0,0,0,0,0,0,0,0,0,0,1,2,0,0,0,0,0,0,0,0,0
sim_0041_n3_seed297,297,0.001,3,8.0,1,body_1,3.1163256233840357,1.938542682722356,3.1675117196400113e-06,1.9793128745148793e-06,0.8500253640240725,0.5039168775463553,0,2.7834172165570337,1.4412071000892215,-8.083254911783397,-3.984692820070587e-09,36.802244197312845,-2.3168458921708242e-15,2.7834172165570337,0-1,0,8.0,8000,,,,,0,0.8500253640240725,0.503783857434295,2.7834172165570337,1.4412071000892215,2.0509617386323353e-06,negative_baseline,20.0,0,0,0,0,0,0,0,0,0,1,2,0,0,0,0,0,0,0,0,0
sim_0041_n3_seed297,297,0.001,3,9.0,1,body_1,3.1163256233840357,1.938542682722356,4.113171122540933e-06,1.80197823501533e-06,0.9214105960548056,0.4962958416062662,0,2.7349040697188394,1.395548083464668,-8.083254975100173,-1.1817772039480565e-08,36.80224419731287,-1.544563928113883e-15,2.7349040697188394,0-1,0,9.0,9000,,,,,0,0.9214105960548056,0.49594871524822826,2.7349040697188394,1.395548083464668,2.6645294157394963e-06,negative_baseline,20.0,0,0,0,0,0,0,0,0,0,0,-1,0,0,0,0,0,0,0,1,0
sim_0041_n3_seed297,297,0.001,3,10.0,1,body_1,3.1163256233840357,1.938542682722356,4.370972343668002e-06,1.7389596726154247e-06,1.668392549275005,2.319936180767447,0,1.9263289677673474,2.153958546687925,-8.083254528452049,4.343820236218052e-08,36.802244197312866,-1.7376344191281184e-15,1.9263289677673474,0-1,0,10.0,10000,,,,,0,1.668392549275005,2.305165914486461,1.9263289677673474,2.153958546687925,2.911806099975375e-06,negative_baseline,20.0,0,0,0,0,1,0,0,0,0,0,-1,0,0,0,0,0,0,0,0,0
sim_0041_n3_seed297,297,0.001,3,10.3,1,body_1,3.1163256233840357,1.938542682722356,3.863202101467728e-06,2.0833943293466774e-06,2.731626743355834,6.6617852579435235,0,1.49806765418015,2.7152774065599665,-8.083253545014145,1.6510180424139292e-07,36.802244197312845,-2.3168458921708242e-15,1.49806765418015,0-1,0,10.3,10300,,,,,0,2.731626743355834,6.596846494818158,1.49806765418015,2.7152774065599665,2.6494157694373874e-06,negative_hard,10.0,0,0,0,1,1,0,0,0,0,0,-1,0,0,0,0,0,0,0,0,0
sim_0041_n3_seed297,297,0.001,3,10.8,1,body_1,3.1163256233840357,1.938542682722356,3.3469520599576162e-06,8.42175444648829e-06,10.794083363092641,60.16765744826999,0,0.7557876294463456,4.427420584783148,-8.083301221444522,-5.733070539356013e-06,36.802244197312866,-1.7376344191281184e-15,0.7557876294463456,0-1,0,10.8,10800,,,,,0,10.794083363092641,63.42497991492035,0.7557876294463456,4.427420584783148,2.2442243267377767e-06,negative_hard,10.0,1,1,1,1,0,0,1,1,0,0,-1,0,0,0,1,1,0,0,0,0
sim_0041_n3_seed297,297,0.001,3,11.0,1,body_1,3.1163256233840357,1.938542682722356,5.135848437833774e-06,6.668674250517993e-06,8.70503312961788,46.25289027873993,0,0.84291154000482,4.135367634000896,-8.083273214210116,-2.2682244071118556e-06,36.80224419731284,-2.5099163831850597e-15,0.84291154000482,0-1,0,11.0,11000,,,,,0,8.70503312961788,47.41055456369504,0.84291154000482,4.135367634000896,3.4412326684306516e-06,negative_baseline,20.0,1,1,1,1,0,1,1,0,0,0,-1,0,0,0,1,1,0,0,0,0
sim_0041_n3_seed297,297,0.001,3,11.3,1,body_1,3.1163256233840357,1.938542682722356,3.921737746419014e-06,6.319824085564596e-06,3.522495039437807,10.772035851505429,0,1.3296347003188427,2.9991047447307086,-8.083252878528238,2.475544692128267e-07,36.8022441973128,-3.4752688382562368e-15,1.3296347003188427,0-1,0,11.3,11300,,,,,0,3.522495039437807,10.70329169872526,1.3296347003188427,2.9991047447307086,2.877238102616143e-06,negative_hard,10.0,1,1,1,1,0,1,1,0,0,0,-1,0,0,0,0,0,0,0,0,0
sim_0041_n3_seed297,297,0.001,3,12.0,1,body_1,3.1163256233840357,1.938542682722356,4.820242491504525e-06,5.97408800967772e-06,1.215814966569001,1.2171059939085702,0,2.2740260325891697,1.7557636392168197,-8.083254610030714,3.334589835644021e-08,36.80224419731277,-4.4406212933274135e-15,2.2740260325891697,0-1,0,12.0,12000,,,,,0,1.215814966569001,1.2151664302442748,2.2740260325891697,1.7557636392168197,3.262409990995807e-06,negative_baseline,20.0,0,0,0,0,0,0,0,0,0,0,-1,0,0,0,0,0,0,0,1,0
sim_0041_n3_seed297,297,0.001,3,13.0,1,body_1,3.1163256233840357,1.938542682722356,9.492870397040014e-06,4.05796989222638e-06,0.7593249550201696,0.3507456786422568,0,2.851282512330295,1.2204062046087536,-8.083254831819119,5.9078912868816334e-09,36.8022441973127,-6.178255712455532e-15,2.851282512330295,0-1,0,13.0,13000,,,,,0,0.7593249550201696,0.3505774665129686,2.851282512330295,1.2204062046087536,6.090647855570024e-06,negative_baseline,20.0,0,0,0,0,0,0,0,0,0,1,2,0,0,0,0,0,0,0,0,0
sim_0041_n3_seed297,297,0.001,3,14.0,1,body_1,3.1163256233840357,1.938542682722356,1.291424084933104e-05,5.144265881988683e-06,0.7740769485727468,0.495257258387131,0,2.732055363793342,1.3968677070712272,-8.083254829019415,6.254249730576826e-09,36.802244197312774,-4.2475508023131784e-15,2.732055363793342,0-1,0,14.0,14000,,,,,0,0.7740769485727468,0.4946439759032827,2.732055363793342,1.3968677070712272,8.323565201672563e-06,negative_baseline,20.0,0,0,0,0,0,0,0,0,0,1,2,0,0,0,0,0,0,0,0,0
sim_0041_n3_seed297,297,0.001,3,15.0,1,body_1,3.1163256233840357,1.938542682722356,2.2080015526109253e-05,2.0441923658917905e-05,1.3790538219542514,2.0506660219747874,0,2.0150439691615682,2.12284155315046,-8.083254735031913,1.7881682444958523e-08,36.8022441973127,-6.178255712455532e-15,2.0150439691615682,0-1,0,15.0,15000,,,,,0,1.3790538219542514,2.0451171438914275,2.0150439691615682,2.12284155315046,1.392874706669898e-05,negative_baseline,20.0,0,0,0,0,0,0,0,0,0,1,2,0,0,0,0,0,0,0,0,0
sim_0041_n3_seed297,297,0.001,3,15.3,1,body_1,3.1163256233840357,1.938542682722356,2.9989220189508066e-05,3.45314635712616e-05,1.9692216287748578,3.896844273676296,0,1.700283514058418,2.489811303503814,-8.08325484532093,4.237547913356124e-09,36.802244197312724,-5.599044239412826e-15,1.700283514058418,0-1,0,15.3,15300,,,,,0,1.9692216287748578,3.8855263360997685,1.700283514058418,2.489811303503814,1.8700322998081197e-05,negative_hard,10.0,0,0,0,1,0,0,0,0,0,1,2,0,0,0,1,1,0,0,0,0
sim_0041_n3_seed297,297,0.001,3,15.8,1,body_1,3.1163256233840357,1.938542682722356,5.4170428293521076e-05,9.405985085663648e-05,4.197876096116136,12.588825444894963,0,1.1893804401322785,3.282655656841417,-8.083259680535187,-5.9393909373186e-07,36.802244197312696,-6.371326203469767e-15,1.1893804401322785,0-1,0,15.8,15800,,,,,0,4.197876096116136,12.669552523091033,1.1893804401322785,3.282655656841417,3.36237731873563e-05,negative_hard,10.0,1,1,0,1,0,0,1,0,0,0,-1,0,0,0,1,1,0,0,0,0
sim_0041_n3_seed297,297,0.001,3,16.0,1,body_1,3.1163256233840357,1.938542682722356,6.482377839636592e-05,0.0001240682525024732,5.065471440143685,16.052714335055533,0,1.0898554292465936,3.4871265372669806,-8.083264315625792,-1.1673579297972774e-06,36.80224419731275,-4.826762275355884e-15,1.0898554292465936,0-1,0,16.0,16000,,,,,0,5.065471440143685,16.28371097785474,1.0898554292465936,3.4871265372669806,4.051558280008576e-05,negative_baseline,20.0,1,1,0,1,0,0,1,0,0,0,-1,0,0,0,1,1,0,0,0,0
sim_0041_n3_seed297,297,0.001,3,16.3,1,body_1,3.1163256233840357,1.938542682722356,6.93280595442803e-05,0.00011681018350675897,4.37078612870238,12.842948799891664,0,1.1812515306356477,3.296280624403535,-8.083259943492418,-6.264702009428041e-07,36.80224419731278,-4.054480311298943e-15,1.1812515306356477,0-1,0,16.3,16300,,,,,0,4.37078612870238,12.954537057207562,1.1812515306356477,3.296280624403535,4.426511775056735e-05,negative_hard,10.0,1,1,0,1,0,0,1,0,0,0,-1,0,0,0,1,1,0,0,0,0
sim_0041_n3_seed297,297,0.001,3,16.8,1,body_1,3.1163256233840357,1.938542682722356,5.523938629188552e-05,5.962758139584267e-05,2.184623677689422,3.9878803121876834,0,1.684877661690995,2.5060717225330316,-8.083254872414063,8.857875799254927e-10,36.80224419731285,-2.1237754011565892e-15,1.684877661690995,0-1,0,16.8,16800,,,,,0,2.184623677689422,3.985634116893396,1.684877661690995,2.5060717225330316,3.73739742254595e-05,negative_hard,10.0,0,0,0,1,0,0,0,0,0,0,-1,0,0,0,1,1,0,0,0,0
sim_0041_n3_seed297,297,0.001,3,17.0,1,body_1,3.1163256233840357,1.938542682722356,4.866307298226278e-05,4.714661268811698e-05,1.7326428611110107,2.5630165912987737,0,1.8969283480430859,2.2530763561997555,-8.083254750552406,1.5961602778264552e-08,36.80224419731288,-1.3514934370996475e-15,1.8969283480430859,0-1,0,17.0,17000,,,,,0,1.7326428611110107,2.561004649678883,1.8969283480430859,2.2530763561997555,3.4002358206651214e-05,negative_baseline,20.0,0,0,0,0,0,0,0,0,0,0,-1,0,0,0,1,1,0,0,0,0
sim_0041_n3_seed297,297,0.001,3,18.0,1,body_1,3.1163256233840357,1.938542682722356,2.1127450403644742e-05,2.544924315496317e-05,0.8831435111164883,0.5572082724695615,0,2.6758554037554463,1.4989420701019085,-8.083254832752315,5.79244316047909e-09,36.80224419731285,-2.1237754011565892e-15,2.6758554037554463,0-1,0,18.0,18000,,,,,0,0.8831435111164883,0.5570586679340914,2.6758554037554463,1.4989420701019085,2.1673058389781312e-05,negative_baseline,20.0,0,0,0,0,0,0,0,0,0,0,-1,0,0,0,0,0,0,0,1,0
sim_0041_n3_seed297,297,0.001,3,19.0,1,body_1,3.1163256233840357,1.938542682722356,3.4384561900628218e-06,2.3238862953970638e-05,0.732813939171964,0.30729658686888545,0,2.930691659258081,1.2632295290485829,-8.08325485333168,3.2465177508159258e-09,36.80224419731288,-1.3514934370996475e-15,2.930691659258081,0-1,0,19.0,19000,,,,,0,0.732813939171964,0.30713802334345297,2.930691659258081,1.2632295290485829,1.8821933090699618e-05,negative_baseline,20.0,0,0,0,0,0,0,0,0,0,0,-1,0,0,0,0,0,0,0,1,0
sim_0041_n3_seed297,297,0.001,3,20.0,1,body_1,3.1163256233840357,1.938542682722356,2.8143689292708874e-05,3.217801524888012e-05,0.8747969055748295,0.5770567663092417,0,2.653347377298609,1.4895959704401907,-8.08325481221354,8.333347328324678e-09,36.80224419731292,-1.9307049101423537e-16,2.653347377298609,0-1,0,20.0,20000,,,,,0,0.8747969055748295,0.5761636127800658,2.653347377298609,1.4895959704401907,2.7087599144098494e-05,negative_baseline,20.0,0,0,0,0,0,0,0,0,0,1,2,0,0,0,1,1,0,0,0,0
sim_0041_n3_seed297,297,0.001,3,21.0,1,body_1,3.1163256233840357,1.938542682722356,7.661248730476119e-05,8.745582491896972e-05,1.88457304793363,3.3434620358284217,0,1.7821194478486493,2.3700787282647258,-8.083254542853735,4.165653307565411e-08,36.80224419731289,-1.1584229460854121e-15,1.7821194478486493,0-1,0,21.0,21000,,,,,0,1.88457304793363,3.329911214124348,1.7821194478486493,2.3700787282647258,5.208136786156268e-05,negative_baseline,20.0,0,0,0,1,1,0,0,0,0,1,2,0,0,0,1,1,0,0,0,0
sim_0041_n3_seed297,297,0.001,3,21.25,1,body_1,3.1163256233840357,1.938542682722356,9.948913830053198e-05,0.00013519201045297411,2.7429496739091523,6.677060378601616,0,1.4749035128033117,2.7874073712316183,-8.0832548183361,7.575909844564518e-09,36.80224419731299,1.544563928113883e-15,1.4749035128033117,0-1,0,21.25,21250,,,,,0,2.7429496739091523,6.650583217602161,1.4749035128033117,2.7874073712316183,6.473505704619956e-05,negative_hard,10.0,0,0,0,1,1,0,0,0,0,1,2,0,0,0,1,1,0,0,0,0
sim_0041_n3_seed297,297,0.001,3,21.75,1,body_1,3.1163256233840357,1.938542682722356,0.00015970386588884427,0.0003406934172424006,6.166244320423814,23.168123685341243,0,0.9865578972808878,3.730632075603428,-8.08326964126342,-1.8262060928225599e-06,36.802244197313,1.9307049101423538e-15,0.9865578972808878,0-1,0,21.75,21750,,,,,0,6.166244320423814,23.654453423095674,0.9865578972808878,3.730632075603428,9.909845757023469e-05,negative_hard,10.0,1,1,0,1,0,0,1,0,0,0,-1,0,0,0,1,1,0,0,0,0
sim_0041_n3_seed297,297,0.001,3,22.0,1,body_1,3.1163256233840357,1.938542682722356,0.00016067572932925976,0.0003052141077222323,5.365492725978529,19.04905542670072,0,1.0608729809464277,3.550788493010472,-8.08326318589275,-1.0275957846998587e-06,36.802244197312994,1.7376344191281184e-15,1.0608729809464277,0-1,0,22.0,22000,,,,,0,5.365492725978529,19.302105297683774,1.0608729809464277,3.550788493010472,0.00010033051441132067,negative_baseline,20.0,1,1,1,1,0,0,1,0,0,0,-1,0,0,0,1,1,0,0,0,0
sim_0041_n3_seed297,297,0.001,3,22.25,1,body_1,3.1163256233840357,1.938542682722356,0.00013897364818103172,0.00019541979484164794,3.448332147543085,9.535016598429504,0,1.3279593949888446,3.022934217353514,-8.083255641369004,-9.424358197070106e-08,36.80224419731297,1.1584229460854121e-15,1.3279593949888446,0-1,0,22.25,22250,,,,,0,3.448332147543085,9.542326264964318,1.3279593949888446,3.022934217353514,8.898611200658595e-05,negative_hard,10.0,1,1,1,1,0,1,1,0,0,0,-1,0,0,0,1,1,0,0,0,0
sim_0041_n3_seed297,297,0.001,3,23.0,1,body_1,3.1163256233840357,1.938542682722356,8.058590284052618e-05,6.821094218020968e-05,1.2923206756461367,1.4744311937720649,0,2.190840823363624,1.9338493807522303,-8.08325469283619,2.3101822487589954e-08,36.80224419731299,1.544563928113883e-15,2.190840823363624,0-1,0,23.0,23000,,,,,0,1.2923206756461367,1.4730999260442306,2.190840823363624,1.9338493807522303,6.051698779771494e-05,negative_baseline,20.0,0,0,0,0,0,0,0,0,0,0,-1,0,0,0,1,1,0,0,0,0
sim_0041_n3_seed297,297,0.001,3,24.0,1,body_1,3.1163256233840357,1.938542682722356,3.38988368375233e-05,3.9508050711158975e-05,0.7705616907864019,0.39331324824076985,0,2.857436823301301,1.343380139144051,-8.083254840567134,4.82565204346548e-09,36.80224419731295,5.792114730427061e-16,2.857436823301301,0-1,0,24.0,24000,,,,,0,0.7705616907864019,0.3932176079480213,2.857436823301301,1.343380139144051,4.5527409638124074e-05,negative_baseline,20.0,0,0,0,0,0,0,0,0,0,0,-1,0,0,0,1,1,0,0,0,0
sim_0041_n3_seed297,297,0.001,3,25.0,1,body_1,3.1163256233840357,1.938542682722356,8.99978001070874e-06,3.831894721029638e-05,0.7044383868098321,0.28535076581254853,0,2.988056599750399,1.2254242625814675,-8.083254851089341,3.5239230664153795e-09,36.802244197312966,9.653524550711769e-16,2.988056599750399,0-1,0,25.0,25000,,,,,0,0.7044383868098321,0.2851549329332919,2.988056599750399,1.2254242625814675,4.5976594027561476e-05,negative_baseline,20.0,0,0,0,0,0,0,0,0,0,0,-1,0,0,0,1,1,0,0,0,0
sim_0041_n3_seed297,297,0.001,3,26.0,1,body_1,3.1163256233840357,1.938542682722356,5.1214183321432424e-05,5.883493464821062e-05,0.9240117737581893,0.6842090690448828,0,2.5895159614305543,1.5522993519132657,-8.083254782967689,1.1951425766002825e-08,36.80224419731296,7.722819640569415e-16,2.5895159614305543,0-1,0,26.0,26000,,,,,0,0.9240117737581893,0.6829427104944008,2.5895159614305543,1.5522993519132657,6.049527209234122e-05,negative_baseline,20.0,0,0,0,0,0,0,0,0,0,0,-1,0,0,0,1,1,0,0,0,0
sim_0041_n3_seed297,297,0.001,3,26.75,1,body_1,3.1163256233840357,1.938542682722356,0.00011217747786565778,0.00012733648990850558,1.7001891607620325,2.723507283839312,0,1.8902755484788998,2.2393821473048643,-8.083254471161784,5.052572661200244e-08,36.80224419731304,2.8960573652135305e-15,1.8902755484788998,0-1,0,26.75,26750,,,,,0,1.7001891607620325,2.712087294278296,1.8902755484788998,2.2393821473048643,8.866236935695203e-05,negative_hard,10.0,0,0,0,0,1,0,0,0,0,0,-1,0,0,0,1,1,0,0,0,0
sim_0041_n3_seed297,297,0.001,3,27.0,1,body_1,3.1163256233840357,1.938542682722356,0.00014680611578075622,0.0001924779319277466,2.433368801293405,5.424430632989594,0,1.5748607758751065,2.6381021361031185,-8.083254354404628,6.497005093367674e-08,36.80224419731302,2.5099163831850597e-15,1.5748607758751065,0-1,0,27.0,27000,,,,,0,2.433368801293405,5.396223045617961,1.5748607758751065,2.6381021361031185,0.00010603878355148879,negative_baseline,20.0,0,0,0,1,1,0,0,0,0,0,-1,0,0,0,1,1,0,0,0,0
sim_0041_n3_seed297,297,0.001,3,27.25,1,body_1,3.1163256233840357,1.938542682722356,0.0001954736721511638,0.000325948928642356,3.911783094994955,12.401603034908861,0,1.2391781085268414,3.180954053147755,-8.083255910943402,-1.275933157568512e-07,36.80224419731302,2.5099163831850597e-15,1.2391781085268414,0-1,0,27.25,27250,,,,,0,3.911783094994955,12.371802525946743,1.2391781085268414,3.180954053147755,0.00013113458346575405,negative_hard,10.0,1,1,1,1,1,0,1,0,0,0,-1,0,0,0,1,1,0,0,0,0
sim_0041_n3_seed297,297,0.001,3,27.75,1,body_1,3.1163256233840357,1.938542682722356,0.00027469386308430683,0.0005812473043179392,6.536821516988467,26.50386601939199,0,0.95917763674478,3.7993638816870923,-8.083269892574197,-1.857296387558702e-06,36.802244197313016,2.3168458921708242e-15,0.95917763674478,0-1,0,27.75,27750,,,,,0,6.536821516988467,27.090603673468554,0.95917763674478,3.7993638816870923,0.00017122022534372082,negative_hard,10.0,1,1,1,1,0,0,1,0,0,0,-1,0,0,0,1,1,0,0,0,0
sim_0041_n3_seed297,297,0.001,3,28.0,1,body_1,3.1163256233840357,1.938542682722356,0.00023959931765876277,0.0003566331923729368,4.061023127428484,13.032397128387787,0,1.2201368076743462,3.2162251018453336,-8.083256193636304,-1.6256597295840516e-07,36.802244197313,1.9307049101423538e-15,1.2201368076743462,0-1,0,28.0,28000,,,,,0,4.061023127428484,13.0535572836861,1.2201368076743462,3.2162251018453336,0.00015166365602600664,negative_baseline,20.0,1,1,1,1,0,1,1,0,0,0,-1,0,0,0,1,1,0,0,0,0
sim_0041_n3_seed297,297,0.001,3,28.25,1,body_1,3.1163256233840357,1.938542682722356,0.00019917104729056322,0.00021398782994942135,2.518587223704313,5.6873600675493385,0,1.5549376604831364,2.6671264710179976,-8.083254367057304,6.340475631654671e-08,36.80224419731304,2.8960573652135305e-15,1.5549376604831364,0-1,0,28.25,28250,,,,,0,2.518587223704313,5.675370084354872,1.5549376604831364,2.6671264710179976,0.0001308744591172512,negative_hard,10.0,0,0,0,1,0,1,0,0,0,0,-1,0,0,0,1,1,0,0,0,0
sim_0041_n3_seed297,297,0.001,3,29.0,1,body_1,3.1163256233840357,1.938542682722356,0.00012016191544385561,8.226124524082097e-05,1.0909072714443564,1.0272650956322238,0,2.38835618719746,1.7421723932166309,-8.083254723851384,1.9264854034817846e-08,36.802244197313016,2.3168458921708242e-15,2.38835618719746,0-1,0,29.0,29000,,,,,0,1.0909072714443564,1.0264975895328883,2.38835618719746,1.7421723932166309,9.680143430059411e-05,negative_baseline,20.0,0,0,0,0,0,0,0,0,0,0,-1,0,0,0,1,1,0,0,0,0
sim_0041_n3_seed297,297,0.001,3,30.0,1,body_1,3.1163256233840357,1.938542682722356,6.221940464104205e-05,4.975823812680388e-05,0.7227480623326993,0.3215093085600728,0,2.960464759370588,1.2607370057845053,-8.083254843856277,4.41874378323577e-09,36.802244197313044,3.089127856227766e-15,2.960464759370588,0-1,0,30.0,30000,,,,,0,0.7227480623326993,0.32143028692818804,2.960464759370588,1.2607370057845053,8.429651116457405e-05,negative_baseline,20.0,0,0,0,0,0,0,0,0,0,0,-1,0,0,0,0,0,0,0,1,0
sim_0041_n3_seed297,297,0.001,3,31.0,1,body_1,3.1163256233840357,1.938542682722356,3.032154892363082e-05,5.075598263871319e-05,0.7037344996510048,0.28907970614836836,0,3.005135315907537,1.2219892159073362,-8.083254848483683,3.846275627416864e-09,36.802244197313115,5.019832766370119e-15,3.005135315907537,0-1,0,31.0,31000,,,,,0,0.7037344996510048,0.28884982134337694,3.005135315907537,1.2219892159073362,8.889250265757206e-05,negative_baseline,20.0,0,0,0,0,0,0,0,0,0,0,-1,0,0,0,0,0,0,0,1,0
sim_0041_n3_seed297,297,0.001,3,32.0,1,body_1,3.1163256233840357,1.938542682722356,6.825780913227345e-05,8.628820874409686e-05,0.9802581312382928,0.7865414727338638,0,2.529646146102339,1.6094986767996202,-8.083254761959857,1.4550358031714422e-08,36.802244197313094,4.4406212933274135e-15,2.529646146102339,0-1,0,32.0,32000,,,,,0,0.9802581312382928,0.7849380067776485,2.529646146102339,1.6094986767996202,0.00010932903524585559,negative_baseline,20.0,0,0,0,0,0,0,0,0,0,0,-1,0,0,0,1,1,0,0,0,0
sim_0041_n3_seed297,297,0.001,3,32.85,1,body_1,3.1163256233840357,1.938542682722356,0.0001831755579426827,0.0002523254561338389,2.270855545353521,4.718268000573726,0,1.6399110502500283,2.543713567869801,-8.083254264568035,7.608396415476806e-08,36.80224419731317,6.564396694484003e-15,1.6399110502500283,0-1,0,32.85,32850,,,,,0,2.270855545353521,4.6929532790175585,1.6399110502500283,2.543713567869801,0.0001601646815838215,negative_hard,10.0,0,0,0,1,1,0,0,0,0,0,-1,0,0,0,1,1,0,0,0,0
sim_0041_n3_seed297,297,0.001,3,33.0,1,body_1,3.1163256233840357,1.938542682722356,0.00022137629958907448,0.00034088281055290326,2.9467058204227836,7.619252938882882,0,1.4354488755021286,2.838891255442012,-8.083254354194574,6.499603727202541e-08,36.80224419731321,7.52974914955518e-15,1.4354488755021286,0-1,0,33.0,33000,,,,,0,2.9467058204227836,7.576742212264556,1.4354488755021286,2.838891255442012,0.00017801133319383228,negative_baseline,20.0,1,0,0,1,1,0,1,0,0,0,-1,0,0,0,1,1,0,0,0,0
sim_0041_n3_seed297,297,0.001,3,33.35,1,body_1,3.1163256233840357,1.938542682722356,0.0003477718289374101,0.0007706103391156402,6.152911581284519,25.098281812213056,0,0.9877451210115156,3.722379453956173,-8.083265492731869,-1.3129807134590035e-06,36.8022441973132,7.336678658540944e-15,0.9877451210115156,0-1,0,33.35,33350,,,,,0,6.152911581284519,25.433530075274263,0.9877451210115156,3.722379453956173,0.00023769803578098714,negative_hard,10.0,1,1,1,1,0,0,1,0,0,0,-1,0,0,0,1,1,0,0,0,0
sim_0041_n3_seed297,297,0.001,3,33.85,1,body_1,3.1163256233840357,1.938542682722356,0.00037406936651205404,0.0005735361005720226,4.535888350887246,15.988393089537093,0,1.1500514242995583,3.3518638367806997,-8.083257135152962,-2.7904339108287297e-07,36.80224419731318,6.757467185498238e-15,1.1500514242995583,0-1,0,33.85,33850,,,,,0,4.535888350887246,16.039514926827422,1.1500514242995583,3.3518638367806997,0.00023939872426104454,negative_hard,10.0,1,1,1,1,0,1,1,0,0,1,2,0,0,0,1,1,0,0,0,0
sim_0041_n3_seed297,297,0.001,3,34.0,1,body_1,3.1163256233840357,1.938542682722356,0.00033945201800281686,0.0004061744715485822,3.2866278994288773,9.331257919284548,0,1.3541217195753585,2.9706896207190376,-8.083254603843477,3.4111337215077956e-08,36.802244197313165,6.371326203469767e-15,1.3541217195753585,0-1,0,34.0,34000,,,,,0,3.2866278994288773,9.315701596898494,1.3541217195753585,2.9706896207190376,0.0002209377737013815,negative_baseline,20.0,1,1,1,1,0,1,1,0,0,1,2,0,0,0,1,1,0,0,0,0
sim_0041_n3_seed297,297,0.001,3,34.35,1,body_1,3.1163256233840357,1.938542682722356,0.0002725865011647403,0.00021081006779877237,1.8433379678641018,3.163121466458294,0,1.8220167612271205,2.311601538808715,-8.083254377027046,6.217137415632382e-08,36.802244197313186,6.9505376765124735e-15,1.8220167612271205,0-1,0,34.35,34350,,,,,0,1.8433379678641018,3.1566581621854883,1.8220167612271205,2.311601538808715,0.00018971738405242203,negative_hard,10.0,0,0,0,1,0,1,0,0,0,1,2,0,0,0,1,1,0,0,0,0
sim_0041_n3_seed297,297,0.001,3,35.0,1,body_1,3.1163256233840357,1.938542682722356,0.000197037759592157,9.729705375523109e-05,1.02607258630458,0.858094316802426,0,2.479452022625209,1.6474997468280201,-8.083254742235773,1.6990474543380855e-08,36.80224419731325,8.688172095640592e-15,2.479452022625209,0-1,0,35.0,35000,,,,,0,1.02607258630458,0.8575360423211752,2.479452022625209,1.6474997468280201,0.00016434885501352158,negative_baseline,20.0,0,0,0,0,0,0,0,0,0,0,-1,0,0,0,0,0,0,0,1,0
sim_0041_n3_seed297,297,0.001,3,36.0,1,body_1,3.1163256233840357,1.938542682722356,0.0001350435262349278,5.280215276808745e-05,0.7356452167008702,0.3143411398696832,0,2.9782226674193577,1.2607036125339617,-8.083254842379194,4.6014775169273746e-09,36.80224419731326,8.881242586654827e-15,2.9782226674193577,0-1,0,36.0,36000,,,,,0,0.7356452167008702,0.31425422932985014,2.9782226674193577,1.2607036125339617,0.00015997794525594676,negative_baseline,20.0,0,0,0,0,0,0,0,0,0,0,-1,0,0,0,0,0,0,0,1,0
sim_0041_n3_seed297,297,0.001,3,37.0,1,body_1,3.1163256233840357,1.938542682722356,9.439214614425441e-05,5.0079303939169974e-05,0.7435058650176906,0.3236763660782514,0,2.986663042851896,1.2935902553056884,-8.08325485296239,3.2922033818150084e-09,36.802244197313335,1.1005017987811415e-14,2.986663042851896,0-1,0,37.0,37000,,,,,0,0.7435058650176906,0.3234701905047743,2.986663042851896,1.2935902553056884,0.00017209936352248256,negative_baseline,20.0,0,0,0,0,0,0,0,0,0,0,-1,0,0,0,0,0,0,0,1,0
sim_0041_n3_seed297,297,0.001,3,38.0,1,body_1,3.1163256233840357,1.938542682722356,6.471587627086984e-05,8.998835186811646e-05,0.9931942591946388,0.7138924240595588,0,2.581814501996161,1.6200798053163679,-8.083254842107987,4.635029231039173e-09,36.802244197313414,1.3128793388968005e-14,2.581814501996161,0-1,0,38.0,38000,,,,,0,0.9931942591946388,0.7130217974088111,2.581814501996161,1.6200798053163679,0.00019757976763179065,negative_baseline,20.0,0,0,0,0,0,0,0,0,0,0,-1,0,0,0,0,0,0,0,1,0
sim_0041_n3_seed297,297,0.001,3,39.0,1,body_1,3.1163256233840357,1.938542682722356,0.0001891635418236886,0.0003239035566337079,2.0085920824627403,3.11270359832576,0,1.7899841689969294,2.339068445972086,-8.083254913191297,-4.158867653807304e-09,36.80224419731343,1.3514934370996475e-14,1.7899841689969294,0-1,0,39.0,39000,,,,,0,2.0085920824627403,3.105312592549944,1.7899841689969294,2.339068445972086,0.0002704358063861673,negative_baseline,20.0,0,0,0,1,0,0,0,0,0,0,-1,0,0,0,0,0,0,0,0,0
sim_0041_n3_seed297,297,0.001,3,39.2,1,body_1,3.1163256233840357,1.938542682722356,0.00025933793358002064,0.0004613956441252428,2.507630974848614,4.717354051408396,0,1.5931244941392282,2.5763418832356395,-8.083255172789386,-3.627440683582017e-08,36.80224419731342,1.332186387998224e-14,1.5931244941392282,0-1,0,39.2,39200,,,,,0,2.507630974848614,4.707241350900367,1.5931244941392282,2.5763418832356395,0.00030302959777617997,negative_hard,10.0,0,0,0,1,0,0,0,0,0,0,-1,0,0,0,0,0,0,0,0,0
sim_0041_n3_seed297,297,0.001,3,39.7,1,body_1,3.1163256233840357,1.938542682722356,0.0005489787335734819,0.0011485007785256255,4.586576960607674,13.296792993404406,0,1.1526271339964091,3.2969208017326785,-8.083260729929485,-7.237623287176279e-07,36.8022441973134,1.2742652406939534e-14,1.1526271339964091,0-1,0,39.7,39700,,,,,0,4.586576960607674,13.404645893320255,1.1526271339964091,3.2969208017326785,0.0004370353604225721,negative_hard,10.0,1,1,0,1,0,0,1,0,0,0,-1,0,0,0,1,1,0,0,0,0
sim_0041_n3_seed297,297,0.001,3,40.0,1,body_1,3.1163256233840357,1.938542682722356,0.0007202096454084627,0.0013543564949075786,4.776928377956702,15.187943929394223,0,1.1008718229247834,3.4278516358621567,-8.083263450145203,-1.060287127079304e-06,36.802244197313385,1.2356511424911064e-14,1.1008718229247834,0-1,0,40.0,40000,,,,,0,4.776928377956702,15.395209084270778,1.1008718229247834,3.4278516358621567,0.0005075294128766157,negative_baseline,20.0,1,1,0,1,0,0,1,0,0,0,-1,0,0,0,1,1,0,0,0,0
sim_0041_n3_seed297,297,0.001,3,40.2,1,body_1,3.1163256233840357,1.938542682722356,0.000748572631640801,0.0011084590938029838,3.720612349369986,11.796232968888516,0,1.2131984338661645,3.21977463003397,-8.083259117463157,-5.242800221969661e-07,36.80224419731333,1.081194749679718e-14,1.2131984338661645,0-1,0,40.2,40200,,,,,0,3.720612349369986,11.885211088486303,1.2131984338661645,3.21977463003397,0.0005102245324688188,negative_hard,10.0,1,1,0,1,0,0,1,0,0,1,2,0,0,0,0,0,0,0,0,0
sim_0041_n3_seed297,297,0.001,3,40.7,1,body_1,3.1163256233840357,1.938542682722356,0.0006244506491722421,0.0005595769034718496,1.5624296120475811,3.8267956229037736,0,1.7406222994336762,2.4296137879435964,-8.08325488547105,-7.295254094034704e-10,36.80224419731328,9.460454059697534e-15,1.7406222994336762,0-1,0,40.7,40700,,,,,0,1.5624296120475811,3.824942812610571,1.7406222994336762,2.4296137879435964,0.00043970254553345634,negative_hard,10.0,0,0,0,1,0,0,0,0,0,1,2,0,0,0,0,0,0,0,0,0
sim_0041_n3_seed297,297,0.001,3,41.0,1,body_1,3.1163256233840357,1.938542682722356,0.0005196871692311445,0.0004825316990831955,1.0976149224032685,2.2367840385588935,0,2.069528971406682,2.0234942225341923,-8.08325478283398,1.1967967361437754e-08,36.80224419731325,8.688172095640592e-15,2.069528971406682,0-1,0,41.0,41000,,,,,0,1.0976149224032685,2.234978431404648,2.069528971406682,2.0234942225341923,0.00039673187931831374,negative_baseline,20.0,0,0,0,0,0,0,0,0,0,1,2,0,0,0,0,0,0,0,0,0
sim_0041_n3_seed297,297,0.001,3,42.0,1,body_1,3.1163256233840357,1.938542682722356,0.0003574112748314165,0.0010140243663951283,1.5749607309537703,4.779741114016322,2,1.5660002590432611,2.5719049294070215,-8.083255086400268,-2.5586989530738956e-08,36.802244197313236,8.30203111361212e-15,1.5660002590432611,1-2,0,42.0,42000,,,,,0,1.5749607309537703,4.769806000147086,1.5660002590432611,2.5719049294070215,0.00038811272937967366,negative_baseline,20.0,0,0,0,1,1,0,0,0,0,1,2,0,0,0,0,0,0,0,0,0
sim_0041_n3_seed297,297,0.001,3,42.1,1,body_1,3.1163256233840357,1.938542682722356,0.0004217385746325792,0.001211898292141657,1.9022455730231271,6.0482711288833855,2,1.4518239945579547,2.7315819970800295,-8.08325550606094,-7.750427763894724e-08,36.80224419731323,8.108960622597885e-15,1.4518239945579547,1-2,0,42.1,42100,,,,,0,1.9022455730231271,6.0422572767835705,1.4518239945579547,2.7315819970800295,0.0004197672244089741,negative_hard,10.0,0,0,0,1,0,0,0,0,0,1,2,0,0,0,0,0,0,0,0,0
sim_0041_n3_seed297,297,0.001,3,42.6,1,body_1,3.1163256233840357,1.938542682722356,0.001269995372471667,0.0034429365155664972,4.270313306189463,13.392227954040868,2,1.0800460770221003,3.330188002025769,-8.083262566282631,-9.509422424217084e-07,36.802244197313236,8.30203111361212e-15,1.0800460770221003,1-2,0,42.6,42600,,,,,0,4.270313306189463,13.575484577186003,1.0800460770221003,3.330188002025769,0.0008655721426012762,negative_hard,10.0,1,1,0,1,0,0,1,0,0,1,2,0,0,0,1,1,0,0,0,0
sim_0041_n3_seed297,297,0.001,3,43.0,1,body_1,3.1163256233840357,1.938542682722356,0.002352286116995983,0.004341902769070038,3.5300603434776727,8.981873356618998,2,1.2391774949276353,2.988484661715682,-8.083257375540267,-3.087823153540812e-07,36.802244197313186,6.9505376765124735e-15,1.2391774949276353,1-2,0,43.0,43000,,,,,0,3.5300603434776727,9.025614598306028,1.2391774949276353,2.988484661715682,0.0014926404246522037,negative_baseline,20.0,1,0,0,1,0,0,1,0,0,1,2,0,0,0,1,1,0,0,0,0
sim_0041_n3_seed297,297,0.001,3,43.1,1,body_1,3.1163256233840357,1.938542682722356,0.002578400486643668,0.004196368365455598,3.1361886819053635,7.329926114677599,2,1.3234270220181683,2.8449995157561707,-8.083256308575624,-1.767854083215247e-07,36.80224419731312,5.212903257384355e-15,1.3234270220181683,1-2,0,43.1,43100,,,,,0,3.1361886819053635,7.349619342258298,1.3234270220181683,2.8449995157561707,0.0016307555329855338,negative_hard,10.0,1,0,0,1,0,0,1,0,0,1,2,0,0,0,1,1,0,0,0,0
sim_0041_n3_seed297,297,0.001,3,43.6,1,body_1,3.1163256233840357,1.938542682722356,0.003328975358818582,0.003083195890152642,1.7845017912755115,2.613551483773676,2,1.7950595940843124,2.2434302345385757,-8.083254906398746,-3.3185439694441604e-09,36.80224419731306,3.4752688382562368e-15,1.7950595940843124,1-2,0,43.6,43600,,,,,0,1.7845017912755115,2.6127350524721464,1.7950595940843124,2.2434302345385757,0.002123223293077688,negative_hard,10.0,0,0,0,1,0,0,0,0,0,1,2,0,0,0,0,0,0,0,0,0
sim_0041_n3_seed297,297,0.001,3,44.0,1,body_1,3.1163256233840357,1.938542682722356,0.0035920609158370765,0.0024025279918145855,1.2741008979719903,1.3522102201544948,2,2.147884819656199,1.9268187788564626,-8.083254843062234,4.51697697686131e-09,36.80224419731306,3.4752688382562368e-15,2.147884819656199,1-2,0,44.0,44000,,,,,0,1.2741008979719903,1.3518656145236718,2.147884819656199,1.9268187788564626,0.002328040218285586,negative_baseline,20.0,0,0,0,0,0,0,0,0,0,1,2,0,0,0,0,0,0,0,0,0
sim_0041_n3_seed297,297,0.001,3,45.0,1,body_1,3.1163256233840357,1.938542682722356,0.003530079971632483,0.0016728941761752988,0.7529094101619243,0.4388216816298997,2,2.8327163027310442,1.4533053465923458,-8.083254846524046,4.088707397114956e-09,36.802244197313044,3.089127856227766e-15,2.8327163027310442,1-2,0,45.0,45000,,,,,0,0.7529094101619243,0.43881896124469333,2.8327163027310442,1.4533053465923458,0.0024092360084411154,negative_baseline,20.0,0,0,0,0,0,0,0,0,0,1,2,0,0,0,0,0,0,0,0,0
sim_0041_n3_seed297,297,0.001,3,46.0,1,body_1,3.1163256233840357,1.938542682722356,0.002969573166091745,0.0016952846668393114,0.5794940074833791,0.21966658937085637,2,3.238178617861167,1.190572872932471,-8.083254852371024,3.3653628904801485e-09,36.80224419731294,1.9307049101423537e-16,3.238178617861167,1-2,0,46.0,46000,,,,,0,0.5794940074833791,0.21966447705115982,3.238178617861167,1.190572872932471,0.002242499287650099,negative_baseline,20.0,0,0,0,0,0,0,0,0,0,1,2,0,0,0,0,0,0,0,0,0
sim_0041_n3_seed297,297,0.001,3,47.0,1,body_1,3.1163256233840357,1.938542682722356,0.0024753329366820702,0.0021268825747636144,0.5353064860065156,0.16641199168865214,2,3.352904080525854,1.0848152901700256,-8.083254852455276,3.354939786650322e-09,36.802244197312845,-2.3168458921708242e-15,3.352904080525854,1-2,0,47.0,47000,,,,,0,0.5353064860065156,0.16636495201575024,3.352904080525854,1.0848152901700256,0.0022845166894754306,negative_baseline,20.0,0,0,0,0,0,0,0,0,0,1,2,0,0,0,0,0,0,0,0,0
sim_0041_n3_seed297,297,0.001,3,48.0,1,body_1,3.1163256233840357,1.938542682722356,0.0032252625303453527,0.0032175077598727113,0.5975642216177497,0.24901785714414362,2,3.1333404201320314,1.1894358949202855,-8.083254835992532,5.391587684326651e-09,36.80224419731288,-1.3514934370996475e-15,3.1333404201320314,1-2,0,48.0,48000,,,,,0,0.5975642216177497,0.24878722076743015,3.1333404201320314,1.1894358949202855,0.0031178875661171035,negative_baseline,20.0,0,0,0,0,0,0,0,0,0,1,2,0,0,0,0,0,0,0,0,0
sim_0041_n3_seed297,297,0.001,3,49.0,1,body_1,3.1163256233840357,1.938542682722356,0.006650877479191483,0.006647535303943557,0.9072547315097781,0.7935893707076579,2,2.4866808521807293,1.6383524932317248,-8.083254718443232,1.9933910278732668e-08,36.8022441973129,-7.722819640569415e-16,2.4866808521807293,1-2,0,49.0,49000,,,,,0,0.9072547315097781,0.7917218154239779,2.4866808521807293,1.6383524932317248,0.00545231467983813,negative_baseline,20.0,0,0,0,0,0,0,0,0,0,1,2,0,0,0,0,0,0,0,0,0
sim_0041_n3_seed297,297,0.001,3,49.25,1,body_1,3.1163256233840357,1.938542682722356,0.008236303217434062,0.008715458782734962,1.1026730120823924,1.2428354983404635,2,2.2391507398802792,1.8451448870118712,-8.083254616761284,3.251324245489027e-08,36.80224419731295,5.792114730427061e-16,2.2391507398802792,1-2,0,49.25,49250,,,,,0,1.1026730120823924,1.2389033389276418,2.2391507398802792,1.8451448870118712,0.006475946181133932,negative_hard,8.0,0,0,0,0,0,0,0,0,0,1,2,0,0,0,1,1,0,0,0,0
sim_0041_n3_seed297,297,0.001,3,49.65,1,body_1,3.1163256233840357,1.938542682722356,0.012061329637853084,0.015526768432305247,1.7472941850067671,3.227980315333157,2,1.7561641937419457,2.3320022140776544,-8.083254240374716,7.907698116441627e-08,36.802244197312966,9.653524550711769e-16,1.7561641937419457,1-2,0,49.65,49650,,,,,0,1.7472941850067671,3.210503143293605,1.7561641937419457,2.3320022140776544,0.008893552961845758,negative_hard,8.0,0,0,0,1,1,0,0,0,0,1,2,0,0,0,1,1,0,0,0,0
sim_0041_n3_seed297,297,0.001,3,49.7,1,body_1,3.1163256233840357,1.938542682722356,0.01271223003091298,0.01698810634928422,1.8849131172267337,3.7398250122421626,2,1.6880873413502107,2.4128722988575975,-8.083254169678948,8.782293418897934e-08,36.80224419731298,1.3514934370996475e-15,1.6880873413502107,1-2,0,49.7,49700,,,,,0,1.8849131172267337,3.718228317000065,1.6880873413502107,2.4128722988575975,0.009299443698566308,negative_pre_failure,1.0,0,0,0,1,1,0,0,0,0,1,2,0,0,0,1,1,0,0,0,0
sim_0041_n3_seed297,297,0.001,3,49.75,1,body_1,3.1163256233840357,1.938542682722356,0.01341684938147125,0.01868175574363308,2.044026638148343,4.365714524897159,2,1.618436615946482,2.499731555256421,-8.083254099303803,9.652922228200835e-08,36.802244197312994,1.7376344191281184e-15,1.618436615946482,1-2,0,49.75,49750,,,,,0,2.044026638148343,4.338965820769543,1.618436615946482,2.499731555256421,0.00973728960890402,negative_pre_failure,1.0,0,0,0,1,1,0,0,0,0,1,2,0,0,0,1,1,0,0,0,0
sim_0041_n3_seed297,297,0.001,3,49.800000000000004,1,body_1,3.1163256233840357,1.938542682722356,0.014181472918345994,0.020656874027503738,2.229060894029052,5.7525772899027166,2,1.547342640150346,2.593167190536299,-8.083254037448716,1.0418147218724578e-07,36.80224419731303,2.702986874199295e-15,1.547342640150346,1-2,1,0.0,0,0.010210673292449983,49.800000000000004,0.014181472918345994,0.020656874027503738,1,2.229060894029052,5.103645472766654,1.547342640150346,2.593167190536299,0.010210673292449983,correction,1.0,0,0,0,1,1,0,0,0,0,1,2,0,0,0,1,1,0,0,0,0
sim_0041_n3_seed297,297,0.001,3,50.0,1,body_1,3.1163256233840357,1.938542682722356,2.1998829020385332e-07,5.595488763610653e-07,3.4402788230470325,11.120059023322952,2,1.23788898975024,3.0720981436633568,-8.083255374327557,-6.12072060662407e-08,36.80224419731297,1.1584229460854121e-15,1.23788898975024,1-2,1,0.19999999999999574,200,,,,,0,3.4402788230470325,11.056665386011971,1.23788898975024,3.0720981436633568,1.4732767352805086e-07,negative_baseline,20.0,1,1,1,1,1,0,1,0,0,1,2,0,0,0,1,1,0,0,0,0
sim_0041_n3_seed297,297,0.001,3,50.25,1,body_1,3.1163256233840357,1.938542682722356,7.596095751636036e-07,3.1597109087286065e-06,6.253115205994557,27.892175203892663,2,0.913777512824556,3.7768668429455996,-8.08326826720316,-1.6562176065507711e-06,36.80224419731296,7.722819640569415e-16,0.913777512824556,1-2,1,0.44999999999999574,450,,,,,0,6.253115205994557,28.398354112536968,0.913777512824556,3.7768668429455996,5.090668458816171e-07,negative_hard,10.0,1,1,1,1,0,0,1,0,0,1,2,0,0,0,1,1,0,0,0,0
sim_0041_n3_seed297,297,0.001,3,50.75,1,body_1,3.1163256233840357,1.938542682722356,3.475227325506622e-06,1.1132191059686448e-05,3.9227446415049205,13.895514543412576,2,1.1561516050574008,3.2252779550841546,-8.083256223395303,-1.6624753431754757e-07,36.802244197312994,1.7376344191281184e-15,1.1561516050574008,1-2,1,0.9499999999999957,950,,,,,0,3.9227446415049205,13.898357271554074,1.1561516050574008,3.2252779550841546,2.330422013416581e-06,negative_hard,10.0,1,1,1,1,0,1,1,0,0,1,2,0,0,0,1,1,0,0,0,0
sim_0041_n3_seed297,297,0.001,3,51.0,1,body_1,3.1163256233840357,1.938542682722356,5.259507789907413e-06,9.51114907151325e-06,2.2877974987804386,5.429784602254978,2,1.523383497501308,2.6250649284472973,-8.083254872314058,8.981594943132554e-10,36.802244197312966,9.653524550711769e-16,1.523383497501308,1-2,1,1.1999999999999957,1200,,,,,0,2.2877974987804386,5.4124336598309775,1.523383497501308,2.6250649284472973,3.52724436695819e-06,negative_baseline,20.0,0,0,0,1,0,1,0,0,0,1,2,0,0,0,1,1,0,0,0,0
sim_0041_n3_seed297,297,0.001,3,52.0,1,body_1,3.1163256233840357,1.938542682722356,1.0040833768349674e-05,5.244488735117827e-06,0.8029835768278324,0.5958851675130011,2,2.641460334111132,1.5091391355733421,-8.083255622398914,-9.18967439974009e-08,36.802244197313016,2.3168458921708242e-15,2.641460334111132,1-2,1,2.1999999999999957,2200,,,,,0,0.8029835768278324,0.5955743041376201,2.641460334111132,1.5091391355733421,6.739598999915796e-06,negative_baseline,20.0,0,0,0,0,0,0,0,0,0,1,2,0,0,0,0,0,0,0,0,0
sim_0041_n3_seed297,297,0.001,3,53.0,1,body_1,3.1163256233840357,1.938542682722356,1.1871498690164244e-05,3.232701882383038e-06,0.5706512110685736,0.2141395713787615,2,3.1813560308199014,1.1370710630042837,-8.083255702965285,-1.0186381450951677e-07,36.802244197312994,1.7376344191281184e-15,3.1813560308199014,1-2,1,3.1999999999999957,3200,,,,,0,0.5706512110685736,0.21410717941617274,3.1813560308199014,1.1370710630042837,7.980281782588357e-06,negative_baseline,20.0,0,0,0,0,0,0,0,0,0,1,2,0,0,0,0,0,0,0,0,0
sim_0041_n3_seed297,297,0.001,3,54.0,1,body_1,3.1163256233840357,1.938542682722356,1.142165376525675e-05,2.6673626372982047e-06,0.5392351241121002,0.1715230975170234,2,3.2879243269593847,1.09243209162802,-8.083255713786906,-1.032025847318976e-07,36.80224419731306,3.4752688382562368e-15,3.2879243269593847,1-2,1,4.199999999999996,4200,,,,,0,0.5392351241121002,0.171448632605436,3.2879243269593847,1.09243209162802,7.68792670377453e-06,negative_baseline,20.0,0,0,0,0,0,0,0,0,0,1,2,0,0,0,0,0,0,0,0,0
sim_0041_n3_seed297,297,0.001,3,55.0,1,body_1,3.1163256233840357,1.938542682722356,8.913503728295772e-06,3.402651243415878e-06,0.6354586238269412,0.30250799726194816,2,3.0157283437709794,1.2916991451001516,-8.083255702073819,-1.0175352892908029e-07,36.802244197313065,3.668339329270472e-15,3.0157283437709794,1-2,1,5.199999999999996,5200,,,,,0,0.6354586238269412,0.3022189106263882,3.0157283437709794,1.2916991451001516,6.011373352796513e-06,negative_baseline,20.0,0,0,0,0,0,0,0,0,0,1,2,0,0,0,0,0,0,0,0,0
sim_0041_n3_seed297,297,0.001,3,56.0,1,body_1,3.1163256233840357,1.938542682722356,5.540959116015174e-06,4.758001626130339e-06,1.0188790376343468,0.9766660824323018,2,2.34839082653345,1.781779448305102,-8.083255618813869,-9.145322895265159e-08,36.80224419731311,4.826762275355884e-15,2.34839082653345,1-2,1,6.199999999999996,6200,,,,,0,1.0188790376343468,0.9746093253284868,2.34839082653345,1.781779448305102,3.859153335743425e-06,negative_baseline,20.0,0,0,0,0,0,0,0,0,0,1,2,0,0,0,0,0,0,0,0,0
sim_0041_n3_seed297,297,0.001,3,56.5,1,body_1,3.1163256233840357,1.938542682722356,6.404903074331076e-06,6.376163124186842e-06,1.607549849514908,2.495777899454812,2,1.847813040688709,2.2447676726822894,-8.08325551252985,-7.830456302358304e-08,36.8022441973131,4.6336917843416485e-15,1.847813040688709,1-2,1,6.699999999999996,6700,,,,,0,1.607549849514908,2.4876519883004917,1.847813040688709,2.2447676726822894,4.568458036038017e-06,negative_hard,10.0,0,0,0,1,0,0,0,0,0,1,2,0,0,0,1,1,0,0,0,0
sim_0041_n3_seed297,297,0.001,3,57.0,1,body_1,3.1163256233840357,1.938542682722356,1.0474887611593346e-05,1.4035147108181204e-05,3.2743330095309937,8.95679702181323,2,1.27526402227691,3.0096564639672905,-8.083257213207125,-2.886996698230065e-07,36.80224419731317,6.564396694484003e-15,1.27526402227691,1-2,1,7.199999999999996,7200,,,,,0,3.2743330095309937,8.959604840998018,1.27526402227691,3.0096564639672905,7.31778450025278e-06,negative_hard,10.0,1,0,0,1,0,0,1,0,0,1,2,0,0,0,1,1,0,0,0,0
sim_0041_n3_seed297,297,0.001,3,57.5,1,body_1,3.1163256233840357,1.938542682722356,1.0961974160837531e-05,1.8093992398455498e-05,4.72876340875918,16.1647580321568,2,1.0439299519451513,3.466122257297838,-8.083264728968341,-1.2184935868660258e-06,36.802244197313236,8.30203111361212e-15,1.0439299519451513,1-2,1,7.699999999999996,7700,,,,,0,4.72876340875918,16.42805878195342,1.0439299519451513,3.466122257297838,7.4579448039209825e-06,negative_hard,10.0,1,1,0,1,0,0,1,0,0,1,2,0,0,0,1,1,0,0,0,0
sim_0041_n3_seed297,297,0.001,3,58.0,1,body_1,3.1163256233840357,1.938542682722356,6.847258637090282e-06,1.0889611939448436e-05,2.1785426132125054,4.967056321069323,2,1.526274748570603,2.631671133105352,-8.08325570361686,-1.0194442248289218e-07,36.80224419731325,8.688172095640592e-15,1.526274748570603,1-2,1,8.199999999999996,8200,,,,,0,2.1785426132125054,4.963953411122494,1.526274748570603,2.631671133105352,4.882873212860141e-06,negative_hard,10.0,0,0,0,1,0,0,0,0,0,1,2,0,0,0,1,1,0,0,0,0
sim_0041_n3_seed297,297,0.001,3,59.0,1,body_1,3.1163256233840357,1.938542682722356,1.477668422173016e-05,7.700527303250759e-06,0.8602457472894655,0.6697405845338422,2,2.512952893437223,1.573131870470152,-8.083255644676504,-9.465276120615695e-08,36.802244197313385,1.2356511424911064e-14,2.512952893437223,1-2,1,9.199999999999996,9200,,,,,0,0.8602457472894655,0.6694227332922454,2.512952893437223,1.573131870470152,1.0342617398669455e-05,negative_baseline,20.0,0,0,0,0,0,0,0,0,0,1,2,0,0,0,0,0,0,0,0,0
sim_0041_n3_seed297,297,0.001,3,60.0,1,body_1,3.1163256233840357,1.938542682722356,1.8871179633581877e-05,4.976845655044759e-06,0.6736348021900219,0.2806393094591496,2,2.939490089324278,1.2293079197605794,-8.083255706639859,-1.0231840533822187e-07,36.80224419731345,1.4094145844039182e-14,2.939490089324278,1-2,1,10.199999999999996,10200,,,,,0,0.6736348021900219,0.2805396441552827,2.939490089324278,1.2293079197605794,1.3104208727296643e-05,negative_baseline,20.0,0,0,0,0,0,0,0,0,0,1,2,0,0,0,0,0,0,0,0,0
sim_0041_n3_seed297,297,0.001,3,61.0,1,body_1,3.1163256233840357,1.938542682722356,1.7933861191008438e-05,4.600790979462092e-06,0.7390044874675262,0.36190674152220503,2,2.8486546969357485,1.36572185372043,-8.083255710290128,-1.0276998944319518e-07,36.80224419731349,1.5252568790124594e-14,2.8486546969357485,1-2,1,11.199999999999996,11200,,,,,0,0.7390044874675262,0.3615883907265782,2.8486546969357485,1.36572185372043,1.2657879287164917e-05,negative_baseline,20.0,0,0,0,0,0,0,0,0,0,1,2,0,0,0,0,0,0,0,0,0
sim_0041_n3_seed297,297,0.001,3,62.0,1,body_1,3.1163256233840357,1.938542682722356,1.2283438503074506e-05,8.719503773166367e-06,1.1087782042111503,0.9951203178125926,2,2.3167228868229572,1.8889583476902108,-8.083255746971776,-1.073079693148979e-07,36.802244197313534,1.6410991736210007e-14,2.3167228868229572,1-2,1,12.199999999999996,12200,,,,,0,1.1087782042111503,0.9939721532014524,2.3167228868229572,1.8889583476902108,9.624761742439741e-06,negative_baseline,20.0,0,0,0,0,0,0,0,0,0,1,2,0,0,0,0,0,0,0,0,0
sim_0041_n3_seed297,297,0.001,3,62.85,1,body_1,3.1163256233840357,1.938542682722356,1.8009072275209285e-05,2.235152236635506e-05,1.9224044756266891,2.7630046030627415,2,1.74212746980063,2.504759165164281,-8.083256590546103,-2.1166869273686015e-07,36.8022441973135,1.544563928113883e-14,1.74212746980063,1-2,1,13.049999999999997,13050,,,,,0,1.9224044756266891,2.767476518520513,1.74212746980063,2.504759165164281,1.415160861515936e-05,negative_hard,10.0,0,0,0,1,0,0,0,0,0,1,2,0,0,0,0,0,0,0,0,0
sim_0041_n3_seed297,297,0.001,3,63.0,1,body_1,3.1163256233840357,1.938542682722356,2.1643895631616634e-05,2.6980275828256736e-05,2.0712897704988333,3.097766454252737,2,1.6770096493631967,2.58125934721574,-8.083256906718036,-2.507831259434682e-07,36.802244197313506,1.5638709772153064e-14,1.6770096493631967,1-2,1,13.199999999999996,13200,,,,,0,2.0712897704988333,3.1057728127840822,1.6770096493631967,2.58125934721574,1.666390501738103e-05,negative_baseline,20.0,0,0,0,1,0,0,0,0,0,1,2,0,0,0,0,0,0,0,0,0
sim_0041_n3_seed297,297,0.001,3,63.35,1,body_1,3.1163256233840357,1.938542682722356,3.090229943610442e-05,3.820572292552157e-05,2.2102545403991507,3.3492811121562625,2,1.6258358448268881,2.6276679542519927,-8.083257217458423,-2.892256086983301e-07,36.80224419731338,1.2163440933896829e-14,1.6258358448268881,1-2,1,13.549999999999997,13550,,,,,0,2.2102545403991507,3.3613886300226428,1.6258358448268881,2.6276679542519927,2.3246007249020632e-05,negative_hard,10.0,0,0,0,1,0,0,0,0,0,1,2,0,0,0,0,0,0,0,0,0
sim_0041_n3_seed297,297,0.001,3,63.85,1,body_1,3.1163256233840357,1.938542682722356,4.128643342465667e-05,4.681021242539152e-05,1.8689507221275796,2.365229355853075,2,1.791626651737401,2.36310330922781,-8.08325644842037,-1.9408595712826462e-07,36.802244197313364,1.1777299951868357e-14,1.791626651737401,1-2,1,14.049999999999997,14050,,,,,0,1.8689507221275796,2.368713112190556,1.791626651737401,2.36310330922781,3.1245749616029545e-05,negative_hard,10.0,0,0,0,1,0,0,0,0,0,1,2,0,0,0,0,0,0,0,0,0
sim_0041_n3_seed297,297,0.001,3,64.0,1,body_1,3.1163256233840357,1.938542682722356,4.3480458483783305e-05,4.7833904908869775e-05,1.7332445140339316,1.9990011192130732,2,1.8729451008232283,2.2424267543625818,-8.083256270644272,-1.7209282435052905e-07,36.80224419731334,1.1198088478825652e-14,1.8729451008232283,1-2,1,14.199999999999996,14200,,,,,0,1.7332445140339316,2.0006262489504856,1.8729451008232283,2.2424267543625818,3.3169725121917095e-05,negative_baseline,20.0,0,0,0,0,0,0,0,0,0,1,2,0,0,0,0,0,0,0,0,0
sim_0041_n3_seed297,297,0.001,3,65.0,1,body_1,3.1163256233840357,1.938542682722356,5.611849206683362e-05,5.6850998826787657e-05,1.241512816718679,0.8052755410055724,2,2.320766985919449,1.4662230226605133,-8.083256203264508,-1.6375710254114005e-07,36.80224419731337,1.1970370442882594e-14,2.320766985919449,1-2,1,15.199999999999996,15200,,,,,0,1.241512816718679,0.8051023840606771,2.320766985919449,1.4662230226605133,4.784936205971062e-05,negative_baseline,20.0,0,0,0,0,0,0,0,0,0,1,2,0,0,0,0,0,0,0,0,0
sim_0041_n3_seed297,297,0.001,3,66.0,1,body_1,3.1163256233840357,1.938542682722356,8.566902838034538e-05,9.796845799490382e-05,1.3867301225326663,1.0368674026800462,2,2.141338939039144,1.289093679121984,-8.083255934006594,-1.3044652187103126e-07,36.802244197313385,1.2356511424911064e-14,2.141338939039144,1-2,1,16.199999999999996,16200,,,,,0,1.3867301225326663,1.0337269230495485,2.141338939039144,1.289093679121984,8.179183202273878e-05,negative_baseline,20.0,0,0,0,0,0,0,0,0,0,1,2,0,0,0,0,0,0,0,0,0
sim_0041_n3_seed297,297,0.001,3,66.7,1,body_1,3.1163256233840357,1.938542682722356,0.00015335791409349785,0.0002783974017510999,3.108313482362491,8.865969573052185,2,1.3451659914983494,2.397664231843236,-8.083251540992691,4.130243903194475e-07,36.802244197313385,1.2356511424911064e-14,1.3451659914983494,1-2,1,16.9,16900,,,,,0,3.108313482362491,8.683548686286441,1.3451659914983494,2.397664231843236,0.00012918543260185397,negative_hard,10.0,1,0,1,1,1,0,0,0,0,1,2,0,0,0,0,0,0,0,0,0
sim_0041_n3_seed297,297,0.001,3,67.0,1,body_1,3.1163256233840357,1.938542682722356,0.0002586122725822192,0.0011132324349554885,13.195603731144324,162.6722697038093,2,0.633669566769418,4.435489614762666,-8.083177561169212,9.565256329289678e-06,36.802244197313414,1.3128793388968005e-14,0.633669566769418,1-2,1,17.199999999999996,17200,,,,,0,13.195603731144324,141.19913509723347,0.633669566769418,4.435489614762666,0.00018258567796947857,negative_baseline,20.0,1,1,1,1,1,0,1,1,0,1,2,0,0,0,1,1,0,0,0,0
sim_0041_n3_seed297,297,0.001,3,67.2,1,body_1,3.1163256233840357,1.938542682722356,0.0002721623647678099,0.0015758903698320664,32.438930582998154,615.882962204126,2,0.40280641471194867,5.904630834853868,-8.083209205397061,5.650468496780719e-06,36.80224419731335,1.1391158969839887e-14,0.40280641471194867,1-2,1,17.4,17400,,,,,0,32.438930582998154,639.68234675604,0.40280641471194867,5.904630834853868,0.00017309531889793842,negative_hard,10.0,1,1,1,1,0,1,1,1,0,1,2,0,0,0,1,1,0,0,0,0
sim_0041_n3_seed297,297,0.001,3,67.7,1,body_1,3.1163256233840357,1.938542682722356,0.00022117306817936105,0.0001244860077034206,2.311278121662519,4.8056441146462765,2,1.5561808697543071,2.0258258201915194,-8.08325370750977,1.4499905748098412e-07,36.80224419731338,1.2163440933896829e-14,1.5561808697543071,1-2,1,17.9,17900,,,,,0,2.311278121662519,4.764727965480862,1.5561808697543071,2.0258258201915194,0.00015350725091894143,negative_hard,10.0,0,0,0,1,0,1,0,0,0,1,2,0,0,0,0,0,0,0,0,0
sim_0041_n3_seed297,297,0.001,3,68.0,1,body_1,3.1163256233840357,1.938542682722356,0.00025054107481344484,9.201558412183038e-05,1.5428640589409548,1.722582379108178,2,1.922853156523338,1.4614590420753517,-8.083255165558537,-3.537986015674964e-08,36.80224419731333,1.081194749679718e-14,1.922853156523338,1-2,1,18.199999999999996,18200,,,,,0,1.5428640589409548,1.7172576190858624,1.922853156523338,1.4614590420753517,0.00017226842725876924,negative_baseline,20.0,0,0,0,0,0,0,0,0,0,1,2,0,0,0,0,0,0,0,0,0
sim_0041_n3_seed297,297,0.001,3,69.0,1,body_1,3.1163256233840357,1.938542682722356,0.0002721310434384347,0.00010798381180334465,1.1512581129570565,0.5633408639560531,2,2.2214373469681172,1.0441159684402155,-8.083255559159205,-8.407319896225524e-08,36.802244197313414,1.3128793388968005e-14,2.2214373469681172,1-2,1,19.199999999999996,19200,,,,,0,1.1512581129570565,0.5617848643829866,2.2214373469681172,1.0441159684402155,0.00019477643627814083,negative_baseline,20.0,0,0,0,0,0,0,0,0,0,1,2,0,0,0,0,0,0,0,0,0
sim_0041_n3_seed297,297,0.001,3,69.8,1,body_1,3.1163256233840357,1.938542682722356,0.00024122804078445477,0.00021540232673038012,2.293186937821103,4.884986295438991,2,1.5411602940800835,2.096932200612154,-8.08325376160437,1.3830687718625092e-07,36.8022441973135,1.544563928113883e-14,1.5411602940800835,1-2,1,19.999999999999993,20000,,,,,0,2.293186937821103,4.823512811981774,1.5411602940800835,2.096932200612154,0.00019824968219315478,negative_hard,10.0,0,0,0,1,1,0,0,0,0,1,2,0,0,0,1,1,0,0,0,0
sim_0041_n3_seed297,297,0.001,3,70.0,1,body_1,3.1163256233840357,1.938542682722356,0.00023335657043201585,0.0003243413965812792,3.784038291455502,14.173878722042849,2,1.1916870431393018,2.7516007453836835,-8.083249166847965,7.06735866886453e-07,36.80224419731346,1.4480286826067654e-14,1.1916870431393018,1-2,1,20.199999999999996,20200,,,,,0,3.784038291455502,13.791368296740782,1.1916870431393018,2.7516007453836835,0.00020379371415733295,negative_baseline,20.0,1,1,1,1,1,0,0,0,0,1,2,0,0,0,1,1,0,0,0,0
sim_0041_n3_seed297,297,0.001,3,70.3,1,body_1,3.1163256233840357,1.938542682722356,0.0002391428129528607,0.0021515530276709272,25.33886611040345,370.00159759623443,2,0.45632690485936117,5.498736408312791,-8.083291000107941,-4.468563019431906e-06,36.80224419731349,1.5252568790124594e-14,0.45632690485936117,1-2,1,20.499999999999993,20500,,,,,0,25.33886611040345,384.50595262905614,0.45632690485936117,5.498736408312791,0.0002527759613250442,negative_hard,10.0,1,1,1,1,1,0,1,1,0,1,2,0,0,0,1,1,0,0,0,0
sim_0041_n3_seed297,297,0.001,3,70.8,1,body_1,3.1163256233840357,1.938542682722356,0.00038491374184129555,0.0006298217940019429,3.168950137864235,10.170664848345655,2,1.2928949096122377,2.5364887605212605,-8.08325117075244,4.588277525068279e-07,36.80224419731348,1.4866427808096124e-14,1.2928949096122377,1-2,1,20.999999999999993,21000,,,,,0,3.168950137864235,10.010183501366425,1.2928949096122377,2.5364887605212605,0.00030783714406172483,negative_hard,10.0,1,1,1,1,0,1,0,0,0,1,2,0,0,0,1,1,0,0,0,0
sim_0041_n3_seed297,297,0.001,3,71.0,1,body_1,3.1163256233840357,1.938542682722356,0.00043332411162591285,0.0004525571993249039,2.0473795542340256,3.9201822264933193,2,1.6147863001145017,1.96073968380636,-8.083254224966637,8.098315369000194e-08,36.80224419731345,1.4094145844039182e-14,1.6147863001145017,1-2,1,21.199999999999996,21200,,,,,0,2.0473795542340256,3.8932907719549252,1.6147863001145017,1.96073968380636,0.00032057275125436555,negative_baseline,20.0,0,0,0,1,0,1,0,0,0,1,2,0,0,0,1,1,0,0,0,0
sim_0041_n3_seed297,297,0.001,3,72.0,1,body_1,3.1163256233840357,1.938542682722356,0.0005270454757660008,0.00029453131098022237,1.1084545181102403,0.4979377702814653,2,2.215378751417782,1.0254826847419543,-8.083255599571748,-8.907273729770478e-08,36.80224419731346,1.4480286826067654e-14,2.215378751417782,1-2,1,22.199999999999996,22200,,,,,0,1.1084545181102403,0.4969499090665539,2.215378751417782,1.0254826847419543,0.00034770605102034754,negative_baseline,20.0,0,0,0,0,0,0,0,0,0,1,2,0,0,0,1,1,0,0,0,0
sim_0041_n3_seed297,297,0.001,3,72.75,1,body_1,3.1163256233840357,1.938542682722356,0.0005291198856204477,0.0004549896575968085,1.661945665349971,2.294954999692494,2,1.8006129199051282,1.6765081178560541,-8.083254980815253,-1.2524799103450976e-08,36.80224419731349,1.5252568790124594e-14,1.8006129199051282,1-2,1,22.949999999999996,22950,,,,,0,1.661945665349971,2.2784214069546334,1.8006129199051282,1.6765081178560541,0.00035081972625927336,negative_hard,10.0,0,0,0,1,0,0,0,0,0,1,2,0,0,0,1,1,0,0,0,0
sim_0041_n3_seed297,297,0.001,3,73.0,1,body_1,3.1163256233840357,1.938542682722356,0.000535699299485863,0.0006494497239028091,2.4785312463522176,5.909512856498504,2,1.4695626132771522,2.215596320249167,-8.083253384966463,1.849017096209295e-07,36.802244197313506,1.5638709772153064e-14,1.4695626132771522,1-2,1,23.199999999999996,23200,,,,,0,2.4785312463522176,5.826220974310853,1.4695626132771522,2.215596320249167,0.0003632799365425778,negative_baseline,20.0,0,0,0,1,1,0,0,0,0,1,2,0,0,0,1,1,0,0,0,0
sim_0041_n3_seed297,297,0.001,3,73.25,1,body_1,3.1163256233840357,1.938542682722356,0.0005733486416410526,0.001305535296636996,5.34410966115555,27.87153067845605,2,0.9968591575825108,3.212099170230833,-8.083243243296895,1.4395534209964544e-06,36.802244197313556,1.6990203209252714e-14,0.9968591575825108,1-2,1,23.449999999999996,23450,,,,,0,5.34410966115555,26.74414069513266,0.9968591575825108,3.212099170230833,0.00040717437207276523,negative_hard,10.0,1,1,1,1,1,0,1,0,0,1,2,0,0,0,1,1,0,0,0,0
sim_0041_n3_seed297,297,0.001,3,73.75,1,body_1,3.1163256233840357,1.938542682722356,0.0005815936279654838,0.0024482598621149146,7.812057685483052,57.511520832185376,2,0.8203072123682495,3.732833826033994,-8.083231835548006,2.8508350222176986e-06,36.80224419731358,1.7569414682295417e-14,0.8203072123682495,1-2,1,23.949999999999996,23950,,,,,0,7.812057685483052,54.636320000279255,0.8203072123682495,3.732833826033994,0.0005135370843973252,negative_hard,10.0,1,1,1,1,0,1,1,0,0,1,2,0,0,0,1,1,0,0,0,0
sim_0041_n3_seed297,297,0.001,3,74.0,1,body_1,3.1163256233840357,1.938542682722356,0.000607494687514523,0.0010739034671868523,2.9110074927633933,8.552482287415371,2,1.3450437573116545,2.4390614141057156,-8.083252141193121,3.3877207009163875e-07,36.802244197313605,1.834169664635236e-14,1.3450437573116545,1-2,1,24.199999999999996,24200,,,,,0,2.9110074927633933,8.439921474342034,1.3450437573116545,2.4390614141057156,0.0004753249580586283,negative_baseline,20.0,1,0,1,1,0,1,0,0,0,1,2,0,0,0,1,1,0,0,0,0
sim_0041_n3_seed297,297,0.001,3,74.25,1,body_1,3.1163256233840357,1.938542682722356,0.0006547881235373098,0.0007226720554192517,1.8038112642176698,2.9354762207657057,2,1.7123782485697,1.8081150637268,-8.083254715769048,2.0264740429370315e-08,36.802244197313705,2.1044683520551654e-14,1.7123782485697,1-2,1,24.449999999999996,24450,,,,,0,1.8038112642176698,2.920433396488228,1.7123782485697,1.8081150637268,0.00047304997347130787,negative_hard,10.0,0,0,0,1,0,1,0,0,0,1,2,0,0,0,1,1,0,0,0,0
sim_0041_n3_seed297,297,0.001,3,75.0,1,body_1,3.1163256233840357,1.938542682722356,0.0007436465397241211,0.00048602020061452996,1.1082169319150514,0.5370068636605458,2,2.1967874531793585,1.0537713502467163,-8.083255598548611,-8.894616240357904e-08,36.802244197313755,2.2396176957651304e-14,2.1967874531793585,1-2,1,25.199999999999996,25200,,,,,0,1.1082169319150514,0.5362348337438808,2.1967874531793585,1.0537713502467163,0.00048374455871848216,negative_baseline,20.0,0,0,0,0,0,0,0,0,0,1,2,0,0,0,1,1,0,0,0,0
sim_0041_n3_seed297,297,0.001,3,76.0,1,body_1,3.1163256233840357,1.938542682722356,0.0007918178705158258,0.0008278168441337753,1.869532158551779,3.129217649035057,2,1.6891788203412075,1.8486672253931637,-8.08325465432564,2.786606062756627e-08,36.80224419731378,2.3168458921708244e-14,1.6891788203412075,1-2,1,26.199999999999996,26200,,,,,0,1.869532158551779,3.1014909049556234,1.6891788203412075,1.8486672253931637,0.000508688560998472,negative_baseline,20.0,0,0,0,1,1,0,0,0,0,1,2,0,0,0,1,1,0,0,0,0
sim_0041_n3_seed297,297,0.001,3,76.2,1,body_1,3.1163256233840357,1.938542682722356,0.000822312599772885,0.0011598873802052788,2.7124510972622495,7.2122418611316945,2,1.400264629991143,2.33827039278744,-8.083252828555146,2.5373676744236546e-07,36.802244197313804,2.374767039475095e-14,1.400264629991143,1-2,1,26.4,26400,,,,,0,2.7124510972622495,7.09630612975705,1.400264629991143,2.33827039278744,0.0005391208148697781,negative_hard,10.0,0,0,0,1,1,0,0,0,0,1,2,0,0,0,1,1,0,0,0,0
sim_0041_n3_seed297,297,0.001,3,76.7,1,body_1,3.1163256233840357,1.938542682722356,0.0012785451207183878,0.015226861101639755,38.325766898201444,416.07003648261497,2,0.37085322909955953,6.222646514501332,-8.083991029630198,-9.107099393197384e-05,36.8022441973138,2.3554599903736714e-14,0.37085322909955953,1-2,1,26.9,26900,,,,,0,38.325766898201444,643.5613662936926,0.37085322909955953,6.222646514501332,0.0010090467657586752,negative_hard,10.0,1,1,1,1,0,0,1,1,0,1,2,0,0,0,1,1,0,0,0,0
sim_0041_n3_seed297,297,0.001,3,77.0,1,body_1,3.1163256233840357,1.938542682722356,0.0008597108018674259,0.002480944148948994,4.999525511315317,24.870309471874243,2,1.0254169768776298,3.137361058184018,-8.083244806731068,1.246137006875229e-06,36.80224419731381,2.3940740885765187e-14,1.0254169768776298,1-2,1,27.199999999999996,27200,,,,,0,4.999525511315317,24.139215108075074,1.0254169768776298,3.137361058184018,0.0006901948180747222,negative_baseline,20.0,1,1,1,1,0,1,1,0,0,1,2,0,0,0,1,1,0,0,0,0
sim_0041_n3_seed297,297,0.001,3,77.2,1,body_1,3.1163256233840357,1.938542682722356,0.0008492711024101982,0.0014421767907511398,2.6589322565411817,7.070014587242285,2,1.4064592506570932,2.3254270806191437,-8.083252891649469,2.45931208469479e-07,36.80224419731383,2.451995235880789e-14,1.4064592506570932,1-2,1,27.4,27400,,,,,0,2.6589322565411817,6.991934212303646,1.4064592506570932,2.3254270806191437,0.0006381467409016072,negative_hard,10.0,0,0,1,1,0,1,0,0,0,1,2,0,0,0,1,1,0,0,0,0
sim_0041_n3_seed297,297,0.001,3,78.0,1,body_1,3.1163256233840357,1.938542682722356,0.0009479329392668405,0.0007002487710198204,1.1448523756701008,0.674891895027503,2,2.1523839221662096,1.1264892824473818,-8.083255567902132,-8.515480860009534e-08,36.80224419731388,2.587144579590754e-14,2.1523839221662096,1-2,1,28.199999999999996,28200,,,,,0,1.1448523756701008,0.6739551368406264,2.1523839221662096,1.1264892824473818,0.0006159952712938717,negative_baseline,20.0,0,0,0,0,0,0,0,0,0,1,2,0,0,0,1,1,0,0,0,0
sim_0041_n3_seed297,297,0.001,3,79.0,1,body_1,3.1163256233840357,1.938542682722356,0.001021634825957056,0.0009554620576326847,1.530296518982888,1.8798170860683066,2,1.8643951577410462,1.5747721550556408,-8.083255165458722,-3.5367511756427026e-08,36.80224419731383,2.451995235880789e-14,1.8643951577410462,1-2,1,29.199999999999996,29200,,,,,0,1.530296518982888,1.8681740478909026,1.8643951577410462,1.5747721550556408,0.0006440978209376118,negative_baseline,20.0,0,0,0,0,0,0,0,0,0,1,2,0,0,0,1,1,0,0,0,0
sim_0041_n3_seed297,297,0.001,3,79.15,1,body_1,3.1163256233840357,1.938542682722356,0.0010417623639169767,0.0011321479360262804,1.838256600953254,3.0221138965915135,2,1.7003195727658968,1.8301298941935362,-8.083254708269699,2.1192503911942555e-08,36.80224419731385,2.4906093340836364e-14,1.7003195727658968,1-2,1,29.35,29350,,,,,0,1.838256600953254,2.9961089949857156,1.7003195727658968,1.8301298941935362,0.0006627896239158148,negative_hard,10.0,0,0,0,1,1,0,0,0,0,1,2,0,0,0,1,1,0,0,0,0
sim_0041_n3_seed297,297,0.001,3,79.65,1,body_1,3.1163256233840357,1.938542682722356,0.0013260863971402707,0.004485978051557439,8.068422391177602,59.71746552551252,2,0.8093488504344049,3.7699107077380276,-8.083232336455927,2.7888664305023296e-06,36.802244197313875,2.5678375304893304e-14,0.8093488504344049,1-2,1,29.85,29850,,,,,0,8.068422391177602,56.218026088463525,0.8093488504344049,3.7699107077380276,0.0009208295252280097,negative_hard,10.0,1,1,1,1,1,0,1,0,0,1,2,0,0,0,1,1,0,0,0,0
sim_0041_n3_seed297,297,0.001,3,80.0,1,body_1,3.1163256233840357,1.938542682722356,0.0013723498162923156,0.007812409355005737,13.064046942658806,138.3548098930949,2,0.6348014599705561,4.462239658232239,-8.083220834029138,4.211860875214076e-06,36.80224419731387,2.5485304813879067e-14,0.6348014599705561,1-2,1,30.199999999999996,30200,,,,,0,13.064046942658806,130.8014658097984,0.6348014599705561,4.462239658232239,0.0010919179340884593,negative_baseline,20.0,1,1,1,1,0,1,1,1,0,1,2,0,0,0,1,1,0,0,0,0
sim_0041_n3_seed297,297,0.001,3,80.15,1,body_1,3.1163256233840357,1.938542682722356,0.0011669024195017246,0.0034431064888114015,5.273521462089577,27.438732282568054,2,0.9985721933709292,3.2067199118615117,-8.083243835707687,1.366264776601664e-06,36.80224419731399,2.876750316112107e-14,0.9985721933709292,1-2,1,30.35,30350,,,,,0,5.273521462089577,26.58481243867065,0.9985721933709292,3.2067199118615117,0.0009055024699613266,negative_hard,10.0,1,1,1,1,0,1,1,0,0,1,2,0,0,0,1,1,0,0,0,0
sim_0041_n3_seed297,297,0.001,3,80.65,1,body_1,3.1163256233840357,1.938542682722356,0.001115722472894969,0.0012388029828664195,1.6373725523553024,2.3133078245048813,2,1.7931692703594024,1.683402003462296,-8.083254996806941,-1.4503171456183235e-08,36.802244197314025,2.973285561619225e-14,1.7931692703594024,1-2,1,30.85,30850,,,,,0,1.6373725523553024,2.30396775068857,1.7931692703594024,1.683402003462296,0.000766216827570016,negative_hard,10.0,0,0,0,1,0,0,0,0,0,1,2,0,0,0,1,1,0,0,0,0
sim_0041_n3_seed297,297,0.001,3,81.0,1,body_1,3.1163256233840357,1.938542682722356,0.0011549749771659736,0.0009591648937370052,1.224051322620342,0.9305122450758384,2,2.076859468286735,1.2466688154612573,-8.08325549698179,-7.638107293841269e-08,36.802244197314096,3.16635605263346e-14,2.076859468286735,1-2,1,31.199999999999996,31200,,,,,0,1.224051322620342,0.9288912725338672,2.076859468286735,1.2466688154612573,0.0007539011838163456,negative_baseline,20.0,0,0,0,0,0,0,0,0,0,1,2,0,0,0,1,1,0,0,0,0
sim_0041_n3_seed297,297,0.001,3,82.0,1,body_1,3.1163256233840357,1.938542682722356,0.00124203500271929,0.0010680819462573798,1.326698255016949,1.225830152322118,2,1.9999192436693018,1.3666989542527654,-8.083255403342285,-6.479669184021867e-08,36.80224419731412,3.224277199937731e-14,1.9999192436693018,1-2,1,32.199999999999996,32200,,,,,0,1.326698255016949,1.2201235265189299,1.9999192436693018,1.3666989542527654,0.0007772413758384756,negative_baseline,20.0,0,0,0,0,0,0,0,0,0,1,2,0,0,0,1,1,0,0,0,0
sim_0041_n3_seed297,297,0.001,3,82.60000000000001,1,body_1,3.1163256233840357,1.938542682722356,0.0014094109910638404,0.002495495622069723,3.316439506318744,10.964373001245137,2,1.2633835727227465,2.6003292703091234,-8.083251140232314,4.6260347495093115e-07,36.80224419731399,2.876750316112107e-14,1.2633835727227465,1-2,1,32.800000000000004,32800,,,,,0,3.316439506318744,10.729752935052558,1.2633835727227465,2.6003292703091234,0.000934355176031186,negative_hard,10.0,1,1,1,1,1,0,0,0,0,1,2,0,0,0,1,1,0,0,0,0
sim_0041_n3_seed297,297,0.001,3,83.0,1,body_1,3.1163256233840357,1.938542682722356,0.0023012836127523184,0.02471673370972777,35.55394859547989,399.38662646055445,2,0.3851100040382327,6.086524195751503,-8.08382639413312,-7.070351826387201e-05,36.8022441973141,3.1856631017348834e-14,0.3851100040382327,1-2,1,33.199999999999996,33200,,,,,0,35.55394859547989,577.7472169339555,0.3851100040382327,6.086524195751503,0.0017255696344421782,negative_baseline,20.0,1,1,1,1,0,0,1,1,0,1,2,0,0,0,1,1,0,0,0,0
sim_0041_n3_seed297,297,0.001,3,83.10000000000001,1,body_1,3.1163256233840357,1.938542682722356,0.0020210572483279608,0.016500244173823102,22.783956359294287,296.7454753559895,2,0.48088938144281695,5.326315744805532,-8.08330875617229,-6.665210856615157e-06,36.80224419731407,3.089127856227766e-14,0.48088938144281695,1-2,1,33.300000000000004,33300,,,,,0,22.783956359294287,315.6677517422227,0.48088938144281695,5.326315744805532,0.001564329535136187,negative_hard,10.0,1,1,1,1,0,1,1,1,0,1,2,0,0,0,1,1,0,0,0,0
sim_0041_n3_seed297,297,0.001,3,83.60000000000001,1,body_1,3.1163256233840357,1.938542682722356,0.001362135965612725,0.0020331823733949384,2.26964362041248,5.021695965631573,2,1.5219479165182068,2.1221192967899287,-8.083253848196122,1.2759439147039214e-07,36.80224419731423,3.5331899855605074e-14,1.5219479165182068,1-2,1,33.800000000000004,33800,,,,,0,2.26964362041248,4.980856992080414,1.5219479165182068,2.1221192967899287,0.0009615558557418982,negative_hard,10.0,0,0,0,1,0,1,0,0,0,1,2,0,0,0,1,1,0,0,0,0
sim_0041_n3_seed297,297,0.001,3,84.0,1,body_1,3.1163256233840357,1.938542682722356,0.001375565709587481,0.001295615047860268,1.3616567521821472,1.367191921640066,2,1.9666027569769924,1.4172814307227277,-8.083255355163255,-5.883634155303071e-08,36.80224419731419,3.417347690951966e-14,1.9666027569769924,1-2,1,34.199999999999996,34200,,,,,0,1.3616567521821472,1.363823585063991,1.9666027569769924,1.4172814307227277,0.0009058952594307751,negative_baseline,20.0,0,0,0,0,0,0,0,0,0,1,2,0,0,0,1,1,0,0,0,0
sim_0041_n3_seed297,297,0.001,3,85.0,1,body_1,3.1163256233840357,1.938542682722356,0.0014642932737379997,0.0011835462225525059,1.2021276420414628,0.8516188106139041,2,2.098766579799777,1.2131345483987863,-8.08325552288953,-7.958618527735863e-08,36.80224419731424,3.552497034661931e-14,2.098766579799777,1-2,1,35.199999999999996,35200,,,,,0,1.2021276420414628,0.848509666818863,2.098766579799777,1.2131345483987863,0.0009139615066689042,negative_baseline,20.0,0,0,0,0,0,0,0,0,0,1,2,0,0,0,1,1,0,0,0,0
sim_0041_n3_seed297,297,0.001,3,85.55,1,body_1,3.1163256233840357,1.938542682722356,0.0015640635052421752,0.001966535217386761,2.064072672971078,3.9944261322559194,2,1.6016004478214625,1.9889118978475193,-8.083254301890129,7.146675309116776e-08,36.80224419731422,3.49457588735766e-14,1.6016004478214625,1-2,1,35.74999999999999,35750,,,,,0,2.064072672971078,3.952663796612536,1.6016004478214625,1.9889118978475193,0.0010114154823790908,negative_hard,10.0,0,0,0,1,1,0,0,0,0,1,2,0,0,0,1,1,0,0,0,0
sim_0041_n3_seed297,297,0.001,3,86.0,1,body_1,3.1163256233840357,1.938542682722356,0.0020841078117810412,0.008218373507268055,9.458511644923718,79.24024387898545,2,0.7471378181882076,3.9920986566434116,-8.083227661969524,3.3671590209167384e-06,36.802244197314046,3.0312067089234954e-14,0.7471378181882076,1-2,1,36.199999999999996,36200,,,,,0,9.458511644923718,74.15253161899655,0.7471378181882076,3.9920986566434116,0.0014771783755252459,negative_baseline,20.0,1,1,1,1,1,0,1,1,0,1,2,0,0,0,1,1,0,0,0,0
sim_0041_n3_seed297,297,0.001,3,86.05,1,body_1,3.1163256233840357,1.938542682722356,0.0022640084226789635,0.011790811983737009,13.731137354551576,148.71746962873428,2,0.6199618480443206,4.5324552191658745,-8.083222289516897,4.031798786309853e-06,36.80224419731397,2.8188291688078364e-14,0.6199618480443206,1-2,1,36.24999999999999,36250,,,,,0,13.731137354551576,139.23668464002418,0.6199618480443206,4.5324552191658745,0.0016298558398080314,negative_hard,10.0,1,1,1,1,1,0,1,1,0,1,2,0,0,0,1,1,0,0,0,0
sim_0041_n3_seed297,297,0.001,3,86.55,1,body_1,3.1163256233840357,1.938542682722356,0.001729407821484098,0.003955487273916166,3.944090982009736,15.660287431699498,2,1.154729854743315,2.830225612422562,-8.083249011101971,7.260035995263114e-07,36.80224419731401,2.9346714634163774e-14,1.154729854743315,1-2,1,36.74999999999999,36750,,,,,0,3.944090982009736,15.3356753455759,1.154729854743315,2.830225612422562,0.0012644422451045148,negative_hard,10.0,1,1,1,1,0,1,1,0,0,1,2,0,0,0,1,1,0,0,0,0
sim_0041_n3_seed297,297,0.001,3,87.0,1,body_1,3.1163256233840357,1.938542682722356,0.0016200535946066224,0.0017683991811043298,1.591810944543195,2.151737083237791,2,1.8176727097411693,1.6458942541577974,-8.083255065342772,-2.298191328153855e-08,36.80224419731404,3.011899659822072e-14,1.8176727097411693,1-2,1,37.199999999999996,37200,,,,,0,1.591810944543195,2.1436524261466534,1.8176727097411693,1.6458942541577974,0.0010818393398682,negative_baseline,20.0,0,0,0,1,0,0,0,0,0,1,2,0,0,0,1,1,0,0,0,0
sim_0041_n3_seed297,297,0.001,3,88.0,1,body_1,3.1163256233840357,1.938542682722356,0.0016954092237901424,0.001314012111542755,1.1297336758389946,0.635538140229164,2,2.1629659489020883,1.1108781441326956,-8.083255582980255,-8.702016158762108e-08,36.80224419731409,3.147049003532037e-14,2.1629659489020883,1-2,1,38.199999999999996,38200,,,,,0,1.1297336758389946,0.6337278663102379,2.1629659489020883,1.1108781441326956,0.0010584557253618685,negative_baseline,20.0,0,0,0,0,0,0,0,0,0,1,2,0,0,0,1,1,0,0,0,0
sim_0041_n3_seed297,297,0.001,3,88.5,1,body_1,3.1163256233840357,1.938542682722356,0.001756978689136553,0.0017745640667656067,1.5450123941759257,1.9530594388412343,2,1.8506071268292965,1.5952746035917642,-8.08325514248876,-3.252583940107904e-08,36.80224419731407,3.089127856227766e-14,1.8506071268292965,1-2,1,38.699999999999996,38700,,,,,0,1.5450123941759257,1.940701181083256,1.8506071268292965,1.5952746035917642,0.001119520351253434,negative_hard,10.0,0,0,0,1,0,0,0,0,0,1,2,0,0,0,1,1,0,0,0,0
sim_0041_n3_seed297,297,0.001,3,89.0,1,body_1,3.1163256233840357,1.938542682722356,0.0020546671859405403,0.004505162014482146,4.215357522317725,17.66138145389251,2,1.119653915940613,2.9095133157441233,-8.08324811977753,8.362716110004934e-07,36.80224419731402,2.9539785125178014e-14,1.119653915940613,1-2,1,39.199999999999996,39200,,,,,0,4.215357522317725,17.141395481805006,1.119653915940613,2.9095133157441233,0.0014119138130607462,negative_hard,10.0,1,1,1,1,1,0,1,0,0,1,2,0,0,0,1,1,0,0,0,0
sim_0041_n3_seed297,297,0.001,3,89.5,1,body_1,3.1163256233840357,1.938542682722356,0.002520361638689034,0.012728036533338089,11.936278741167564,118.66353481159979,2,0.6642764949644859,4.328687735035632,-8.083222258954965,4.035579680529742e-06,36.80224419731401,2.9346714634163774e-14,0.6642764949644859,1-2,1,39.699999999999996,39700,,,,,0,11.936278741167564,112.0775271221743,0.6642764949644859,4.328687735035632,0.0019080528267766083,negative_hard,10.0,1,1,1,1,0,1,1,1,0,1,2,0,0,0,1,1,0,0,0,0
sim_0041_n3_seed297,297,0.001,3,90.0,1,body_1,3.1163256233840357,1.938542682722356,0.0019030477065975408,0.00250144242803887,1.9914447378841427,3.7388700068485203,2,1.6247176898717348,1.9509237020614678,-8.083254412615839,5.7768594225744804e-08,36.802244197314074,3.1084349053291894e-14,1.6247176898717348,1-2,1,40.199999999999996,40200,,,,,0,1.9914447378841427,3.7155451313842307,1.6247176898717348,1.9509237020614678,0.0012965918143923558,negative_hard,10.0,0,0,0,1,0,1,0,0,0,1,2,0,0,0,1,1,0,0,0,0
sim_0041_n3_seed297,297,0.001,3,91.0,1,body_1,3.1163256233840357,1.938542682722356,0.0019393660350086048,0.0014706369505285287,1.0965011101477384,0.5350503742498965,2,2.1937339848333512,1.0608002926247375,-8.083255607779352,-9.008812077973302e-08,36.802244197314046,3.0312067089234954e-14,2.1937339848333512,1-2,1,41.199999999999996,41200,,,,,0,1.0965011101477384,0.5339417180220698,2.1937339848333512,1.0608002926247375,0.0012138914271229257,negative_baseline,20.0,0,0,0,0,0,0,0,0,0,1,2,0,0,0,1,1,0,0,0,0
sim_0041_n3_seed297,297,0.001,3,91.95,1,body_1,3.1163256233840357,1.938542682722356,0.002126392259513633,0.0030296226714479433,2.3603572496215213,5.403494853010003,2,1.4965563524863001,2.165758727772601,-8.08325368278808,1.480574407348843e-07,36.80224419731412,3.224277199937731e-14,1.4965563524863001,1-2,1,42.15,42150,,,,,0,2.3603572496215213,5.333400178503597,1.4965563524863001,2.165758727772601,0.001417399340399165,negative_hard,10.0,0,0,0,1,1,0,0,0,0,1,2,0,0,0,1,1,0,0,0,0
sim_0041_n3_seed297,297,0.001,3,92.0,1,body_1,3.1163256233840357,1.938542682722356,0.0021614083256993027,0.00334638005198875,2.6280054250188423,6.80457755189478,2,1.418222071413105,2.3043201131557196,-8.083253051819238,2.2611619936860316e-07,36.80224419731418,3.398040641850543e-14,1.418222071413105,1-2,1,42.199999999999996,42200,,,,,0,2.6280054250188423,6.700535620393829,1.418222071413105,2.3043201131557196,0.0014533490421142084,negative_baseline,20.0,0,0,0,1,1,0,0,0,0,1,2,0,0,0,1,1,0,0,0,0
sim_0041_n3_seed297,297,0.001,3,92.45,1,body_1,3.1163256233840357,1.938542682722356,0.0035270560519902712,0.030689101585839814,26.539395604703948,340.25195742059674,2,0.4457944609230368,5.5780995266238484,-8.083405158876225,-1.859143431132609e-05,36.80224419731406,3.069820807126342e-14,0.4457944609230368,1-2,1,42.65,42650,,,,,0,26.539395604703948,388.4316439079101,0.4457944609230368,5.5780995266238484,0.0026413985456307035,negative_hard,10.0,1,1,1,1,1,0,1,1,0,1,2,0,0,0,1,1,0,0,0,0
sim_0041_n3_seed297,297,0.001,3,92.95,1,body_1,3.1163256233840357,1.938542682722356,0.0022879431243634993,0.004282939520590035,3.145652606470026,9.97773132543646,2,1.292974374204318,2.54092088079026,-8.083251601466692,4.055429980067005e-07,36.8022441973143,3.726260476574743e-14,1.292974374204318,1-2,1,43.15,43150,,,,,0,3.145652606470026,9.832678304013674,1.292974374204318,2.54092088079026,0.001619725756316709,negative_hard,10.0,1,1,1,1,0,1,0,0,0,1,2,0,0,0,1,1,0,0,0,0
sim_0041_n3_seed297,297,0.001,3,93.0,1,body_1,3.1163256233840357,1.938542682722356,0.0022534840324107,0.0038114116632003833,2.761708373410971,7.636279876256092,2,1.3798178002689865,2.374758758973803,-8.083252673488456,2.729204616924287e-07,36.8022441973143,3.726260476574743e-14,1.3798178002689865,1-2,1,43.199999999999996,43200,,,,,0,2.761708373410971,7.547322000302723,1.3798178002689865,2.374758758973803,0.0015780709776614388,negative_baseline,20.0,0,0,1,1,0,1,0,0,0,1,2,0,0,0,1,1,0,0,0,0
sim_0041_n3_seed297,297,0.001,3,94.0,1,body_1,3.1163256233840357,1.938542682722356,0.002198152257425307,0.001666353039773546,1.0971774360836,0.5428009082082638,2,2.191553836723754,1.0645149205739834,-8.08325560606245,-8.987571844904268e-08,36.80224419731436,3.880716869386131e-14,2.191553836723754,1-2,1,44.199999999999996,44200,,,,,0,1.0971774360836,0.5419959146993342,2.191553836723754,1.0645149205739834,0.001382989380812086,negative_baseline,20.0,0,0,0,0,0,0,0,0,0,1,2,0,0,0,1,1,0,0,0,0
sim_0041_n3_seed297,297,0.001,3,94.9,1,body_1,3.1163256233840357,1.938542682722356,0.002303061759533291,0.0025015387600327644,1.677223825500009,2.4350718726499636,2,1.775064841774553,1.7119070824731903,-8.083254953873347,-9.191747395328054e-09,36.802244197314444,4.1124014586032134e-14,1.775064841774553,1-2,1,45.1,45100,,,,,0,1.677223825500009,2.4171314596676723,1.775064841774553,1.7119070824731903,0.0015033784079596065,negative_hard,10.0,0,0,0,1,0,0,0,0,0,1,2,0,0,0,1,1,0,0,0,0
sim_0041_n3_seed297,297,0.001,3,95.0,1,body_1,3.1163256233840357,1.938542682722356,0.0023394988479049457,0.0028462558993467696,1.9278175120146344,3.4239045504390653,2,1.6557001532641606,1.900617836203083,-8.083254546012178,4.126579414145415e-08,36.80224419731447,4.1896296550089074e-14,1.6557001532641606,1-2,1,45.199999999999996,45200,,,,,0,1.9278175120146344,3.391832463483681,1.6557001532641606,1.900617836203083,0.0015475809200726145,negative_baseline,20.0,0,0,0,1,1,0,0,0,0,1,2,0,0,0,1,1,0,0,0,0
sim_0041_n3_seed297,297,0.001,3,95.4,1,body_1,3.1163256233840357,1.938542682722356,0.0028014419025257933,0.007813862285673915,5.679644291697712,31.263879181100677,2,0.9641820047320454,3.2986376647739837,-8.083242361522334,1.548639992440802e-06,36.80224419731448,4.208936704110331e-14,0.9641820047320454,1-2,1,45.6,45600,,,,,0,5.679644291697712,29.953014853643158,0.9641820047320454,3.2986376647739837,0.00200542386241366,negative_hard,10.0,1,1,1,1,1,0,1,0,0,1,2,0,0,0,1,1,0,0,0,0
sim_0041_n3_seed297,297,0.001,3,95.9,1,body_1,3.1163256233840357,1.938542682722356,0.002987996574268646,0.010473691812526602,7.372941836948421,50.94222839559115,2,0.8450682569467265,3.6515539777825126,-8.083235255748459,2.42771333368088e-06,36.80224419731438,3.9386380166904014e-14,0.8450682569467265,1-2,1,46.1,46100,,,,,0,7.372941836948421,48.67152050953997,0.8450682569467265,3.6515539777825126,0.0022204604057486335,negative_hard,10.0,1,1,1,1,0,1,1,0,0,1,2,0,0,0,1,1,0,0,0,0
sim_0041_n3_seed297,297,0.001,3,96.0,1,body_1,3.1163256233840357,1.938542682722356,0.002745651939846428,0.0067696142625947794,4.587480753880086,20.974998978273074,2,1.0710028541323295,3.0241795841776793,-8.083246653977785,1.0176094218862012e-06,36.8022441973143,3.726260476574743e-14,1.0710028541323295,1-2,1,46.199999999999996,46200,,,,,0,4.587480753880086,20.435849097814387,1.0710028541323295,3.0241795841776793,0.0019920957297563944,negative_baseline,20.0,1,1,1,1,0,1,1,0,0,1,2,0,0,0,1,1,0,0,0,0
sim_0041_n3_seed297,297,0.001,3,96.4,1,body_1,3.1163256233840357,1.938542682722356,0.0024732305792465317,0.002894239077420672,1.7842289375830422,2.8814580942083015,2,1.7163886329142306,1.8040277762439625,-8.083254772823944,1.320633428371361e-08,36.802244197314515,4.305471949617449e-14,1.7163886329142306,1-2,1,46.6,46600,,,,,0,1.7842289375830422,2.867276742348149,1.7163886329142306,1.8040277762439625,0.0016568068309186959,negative_hard,10.0,0,0,0,1,0,1,0,0,0,1,2,0,0,0,1,1,0,0,0,0
sim_0041_n3_seed297,297,0.001,3,97.0,1,body_1,3.1163256233840357,1.938542682722356,0.0024726127767177625,0.0019187598145287803,1.13218286933761,0.6593200829721525,2,2.1561906163098765,1.1221317154334065,-8.083255577124994,-8.629579235121274e-08,36.80224419731463,4.6143847352402254e-14,2.1561906163098765,1-2,1,47.199999999999996,47200,,,,,0,1.13218286933761,0.6584199292126974,2.1561906163098765,1.1221317154334065,0.0015685976213217108,negative_baseline,20.0,0,0,0,0,0,0,0,0,0,1,2,0,0,0,1,1,0,0,0,0
sim_0041_n3_seed297,297,0.001,3,98.0,1,body_1,3.1163256233840357,1.938542682722356,0.0025664049017185895,0.002605978280471169,1.5554027678394848,1.999792424631378,2,1.842815392767242,1.6071249563518313,-8.083255123931998,-3.023013528964764e-08,36.80224419731478,5.0198327663701195e-14,1.842815392767242,1-2,1,48.199999999999996,48200,,,,,0,1.5554027678394848,1.986926599820792,1.842815392767242,1.6071249563518313,0.0016773940035337074,negative_baseline,20.0,0,0,0,1,0,0,0,0,0,1,2,0,0,0,1,1,0,0,0,0
sim_0041_n3_seed297,297,0.001,3,98.35000000000001,1,body_1,3.1163256233840357,1.938542682722356,0.002747528567035319,0.00444234719374601,2.7642823186859116,7.580354175709253,2,1.3823611345079116,2.369896118120993,-8.083252694412256,2.703319252806023e-07,36.8022441973148,5.07775391367439e-14,1.3823611345079116,1-2,1,48.550000000000004,48550,,,,,0,2.7642823186859116,7.4551010508464115,1.3823611345079116,2.369896118120993,0.0018957267097603806,negative_hard,10.0,0,0,0,1,1,0,0,0,0,1,2,0,0,0,1,1,0,0,0,0
sim_0041_n3_seed297,297,0.001,3,98.85000000000001,1,body_1,3.1163256233840357,1.938542682722356,0.004749079758003341,0.05387346142282641,36.979056547507774,403.3434239518174,2,0.3775986447964323,6.157223133484412,-8.083923000364813,-8.26549206546965e-05,36.80224419731472,4.8653763735587315e-14,0.3775986447964323,1-2,1,49.050000000000004,49050,,,,,0,36.979056547507774,608.2726525883613,0.3775986447964323,6.157223133484412,0.0036629753584813927,negative_hard,10.0,1,1,1,1,0,0,1,1,0,1,2,0,0,0,1,1,0,0,0,0
sim_0041_n3_seed297,297,0.001,3,99.0,1,body_1,3.1163256233840357,1.938542682722356,0.0036316585540453568,0.017218057221426292,11.202383934048687,106.72201081177386,2,0.6857503120259807,4.236284115732274,-8.08322303783913,3.939221941490163e-06,36.802244197314764,4.981218668167273e-14,0.6857503120259807,1-2,1,49.199999999999996,49200,,,,,0,11.202383934048687,100.72049310376661,0.6857503120259807,4.236284115732274,0.002746644275653981,negative_baseline,20.0,1,1,1,1,0,1,1,1,0,1,2,0,0,0,1,1,0,0,0,0
sim_0041_n3_seed297,297,0.001,3,99.35000000000001,1,body_1,3.1163256233840357,1.938542682722356,0.0028594314544617733,0.00452670138386067,2.6198894237960166,6.839632754020577,2,1.4166791952203064,2.307161893951649,-8.083253032316769,2.285288993593419e-07,36.802244197314835,5.174289159181508e-14,1.4166791952203064,1-2,1,49.550000000000004,49550,,,,,0,2.6198894237960166,6.766977037705983,1.4166791952203064,2.307161893951649,0.001992130605699398,negative_hard,10.0,0,0,1,1,0,1,0,0,0,1,2,0,0,0,1,1,0,0,0,0
sim_0041_n3_seed297,297,0.001,3,100.0,1,body_1,3.1163256233840357,1.938542682722356,0.002763240582270193,0.0022547667723369492,1.2078691606140872,0.8961121317640629,2,2.0866365724630533,1.2324971932951956,-8.083255510225465,-7.801948157438089e-08,36.802244197314856,5.232210306485779e-14,2.0866365724630533,1-2,1,50.199999999999996,50200,,,,,0,1.2078691606140872,0.8946092187704098,2.0866365724630533,1.2324971932951956,0.0017743626091519592,negative_baseline,20.0,0,0,0,0,0,0,0,0,0,1,2,0,0,0,1,1,0,0,0,0
sim_0041_n3_seed297,297,0.001,3,101.0,1,body_1,3.1163256233840357,1.938542682722356,0.00283096528083429,0.0025010915425402206,1.3374832428675043,1.2821705295640529,2,1.9865587524824644,1.386971631898787,-8.083255385266632,-6.256050688209258e-08,36.80224419731489,5.328745551992896e-14,1.9865587524824644,1-2,1,51.199999999999996,51200,,,,,0,1.3374832428675043,1.2760366552300624,1.9865587524824644,1.386971631898787,0.0018355936621996603,negative_baseline,20.0,0,0,0,0,0,0,0,0,0,1,2,0,0,0,1,1,0,0,0,0
sim_0041_n3_seed297,297,0.001,3,101.3,1,body_1,3.1163256233840357,1.938542682722356,0.002904009491915524,0.0033750577286003913,1.844735461648772,3.089946535491893,2,1.6920008104244306,1.8424463207698871,-8.083254684320107,2.4155368857832057e-08,36.80224419731482,5.135675060978661e-14,1.6920008104244306,1-2,1,51.49999999999999,51500,,,,,0,1.844735461648772,3.063006398739661,1.6920008104244306,1.8424463207698871,0.0019492212108240291,negative_hard,10.0,0,0,0,1,1,0,0,0,0,1,2,0,0,0,1,1,0,0,0,0
sim_0041_n3_seed297,297,0.001,3,101.8,1,body_1,3.1163256233840357,1.938542682722356,0.0037105672989419863,0.013972638579539067,8.349760172320062,63.60522996932206,2,0.7950124348012974,3.8188305606678243,-8.083231352074069,2.91064681136008e-06,36.80224419731492,5.40597374839859e-14,0.7950124348012974,1-2,1,51.99999999999999,52000,,,,,0,8.349760172320062,59.797621935131545,0.7950124348012974,3.8188305606678243,0.002769325566001181,negative_hard,10.0,1,1,1,1,1,0,1,0,0,1,2,0,0,0,1,1,0,0,0,0
sim_0041_n3_seed297,297,0.001,3,102.0,1,body_1,3.1163256233840357,1.938542682722356,0.005219685406474332,0.06027723266599993,37.46300135592158,405.4638196960727,2,0.3751641583898474,6.180584291989496,-8.083954343893595,-8.653250824152428e-05,36.8022441973149,5.3480526010943195e-14,0.3751641583898474,1-2,1,52.199999999999996,52200,,,,,0,37.46300135592158,617.4229329852433,0.3751641583898474,6.180584291989496,0.004063844264569285,negative_baseline,20.0,1,1,1,1,0,0,1,1,0,1,2,0,0,0,1,1,0,0,0,0
sim_0041_n3_seed297,297,0.001,3,102.3,1,body_1,3.1163256233840357,1.938542682722356,0.00347242463853865,0.009200526807046396,5.154182956633541,26.203419899555048,2,1.0105518472064148,3.1753049716586634,-8.083244394091144,1.2971857403564135e-06,36.80224419731498,5.560430141209979e-14,1.0105518472064148,1-2,1,52.49999999999999,52500,,,,,0,5.154182956633541,25.41548252837823,1.0105518472064148,3.1753049716586634,0.002551555018507139,negative_hard,10.0,1,1,1,1,0,1,1,0,0,1,2,0,0,0,1,1,0,0,0,0
sim_0041_n3_seed297,297,0.001,3,102.8,1,body_1,3.1163256233840357,1.938542682722356,0.0030796502514456167,0.0032391075635261357,1.624981308754475,2.279247973240294,2,1.7983617373302354,1.675982491166654,-8.083255014573117,-1.6701070242071674e-08,36.802244197314934,5.4445878466014375e-14,1.7983617373302354,1-2,1,52.99999999999999,53000,,,,,0,1.624981308754475,2.2702058253140955,1.7983617373302354,1.675982491166654,0.0020545763906424305,negative_hard,10.0,0,0,0,1,0,0,0,0,0,1,2,0,0,0,1,1,0,0,0,0
sim_0041_n3_seed297,297,0.001,3,103.0,1,body_1,3.1163256233840357,1.938542682722356,0.003071119832511782,0.0027198617799163625,1.3393907577711588,1.3070660051522127,2,1.9809632099410868,1.3958788225285388,-8.08325537685485,-6.151986401991658e-08,36.80224419731488,5.290131453790049e-14,1.9809632099410868,1-2,1,53.199999999999996,53200,,,,,0,1.3393907577711588,1.303982066271448,1.9809632099410868,1.3958788225285388,0.0020057108157885387,negative_baseline,20.0,0,0,0,0,0,0,0,0,0,1,2,0,0,0,1,1,0,0,0,0
sim_0041_n3_seed297,297,0.001,3,104.0,1,body_1,3.1163256233840357,1.938542682722356,0.0031258277634596742,0.00248464259224306,1.205645273485232,0.8798337157462616,2,2.091454549554942,1.2247110712530802,-8.083255514439434,-7.854080246311632e-08,36.80224419731481,5.1163680118772375e-14,2.091454549554942,1-2,1,54.199999999999996,54200,,,,,0,1.205645273485232,0.8765486955942152,2.091454549554942,1.2247110712530802,0.002018620785447954,negative_baseline,20.0,0,0,0,0,0,0,0,0,0,1,2,0,0,0,1,1,0,0,0,0
sim_0041_n3_seed297,297,0.001,3,104.75,1,body_1,3.1163256233840357,1.938542682722356,0.003446491030048858,0.006420465857735442,3.340314180901445,11.18571779974827,2,1.257249943351127,2.6122934862521103,-8.083251028028243,4.7648452555577314e-07,36.80224419731475,4.9426045699644255e-14,1.257249943351127,1-2,1,54.949999999999996,54950,,,,,0,3.340314180901445,10.942625769056937,1.257249943351127,2.6122934862521103,0.0024641070253331424,negative_hard,10.0,1,1,1,1,1,0,0,0,0,1,2,0,0,0,1,1,0,0,0,0
sim_0041_n3_seed297,297,0.001,3,105.0,1,body_1,3.1163256233840357,1.938542682722356,0.004256112996163422,0.01927612733815702,10.596270930299978,96.90841006874356,2,0.7056565417743791,4.153996308461416,-8.083224053633487,3.8135554405314877e-06,36.80224419731477,5.000525717268696e-14,0.7056565417743791,1-2,1,55.199999999999996,55200,,,,,0,10.596270930299978,90.33533522863868,0.7056565417743791,4.153996308461416,0.003243975740253528,negative_baseline,20.0,1,1,1,1,1,0,1,1,0,1,2,0,0,0,1,1,0,0,0,0
sim_0041_n3_seed297,297,0.001,3,105.25,1,body_1,3.1163256233840357,1.938542682722356,0.005030751139833581,0.0394660162916419,22.066620030624073,287.59267612526276,2,0.4887363261463943,5.273340645929462,-8.083293240050942,-4.745672059568604e-06,36.8022441973149,5.3480526010943195e-14,0.4887363261463943,1-2,1,55.449999999999996,55450,,,,,0,22.066620030624073,301.1675215670362,0.4887363261463943,5.273340645929462,0.003931200393147279,negative_hard,10.0,1,1,1,1,0,1,1,1,0,1,2,0,0,0,1,1,0,0,0,0
sim_0041_n3_seed297,297,0.001,3,105.75,1,body_1,3.1163256233840357,1.938542682722356,0.003458559677469878,0.004730464541444015,2.251461299030004,4.939427020912431,2,1.5280066128671932,2.111881396242931,-8.083253882573594,1.2334146711649265e-07,36.802244197314785,5.039139815471543e-14,1.5280066128671932,1-2,1,55.949999999999996,55950,,,,,0,2.251461299030004,4.899802130562612,1.5280066128671932,2.111881396242931,0.0023991761118157115,negative_hard,10.0,0,0,0,1,0,1,0,0,0,1,2,0,0,0,1,1,0,0,0,0
sim_0041_n3_seed297,297,0.001,3,106.0,1,body_1,3.1163256233840357,1.938542682722356,0.0033994942979988126,0.003399382729269637,1.5587782297276074,2.0432576814202075,2,1.8360316684183282,1.6178690506560978,-8.083255105926646,-2.800264745901825e-08,36.80224419731479,5.058446864572967e-14,1.8360316684183282,1-2,1,56.199999999999996,56200,,,,,0,1.5587782297276074,2.035930376170579,1.8360316684183282,1.6178690506560978,0.0022716201588120575,negative_baseline,20.0,0,0,0,1,0,0,0,0,0,1,2,0,0,0,1,1,0,0,0,0
sim_0041_n3_seed297,297,0.001,3,107.0,1,body_1,3.1163256233840357,1.938542682722356,0.0034452091815647267,0.0025389584817389456,1.1288674810908506,0.648168172012947,2,2.1603926602410213,1.1153141216321183,-8.08325557912982,-8.654381453495947e-08,36.802244197314785,5.039139815471543e-14,2.1603926602410213,1-2,1,57.199999999999996,57200,,,,,0,1.1288674810908506,0.6462759694978211,2.1603926602410213,1.1153141216321183,0.0022247099389627475,negative_baseline,20.0,0,0,0,0,0,0,0,0,0,1,2,0,0,0,1,1,0,0,0,0
sim_0041_n3_seed297,297,0.001,3,107.7,1,body_1,3.1163256233840357,1.938542682722356,0.0035730097410468895,0.004455301738013834,2.0610040656844846,4.012971409718098,2,1.6004650464530528,1.9904046865902876,-8.083254287230684,7.328031030687881e-08,36.80224419731493,5.425280797500014e-14,1.6004650464530528,1-2,1,57.9,57900,,,,,0,2.0610040656844846,3.970759640900842,1.6004650464530528,1.9904046865902876,0.0024689087823104383,negative_hard,10.0,0,0,0,1,1,0,0,0,0,1,2,0,0,0,1,1,0,0,0,0
sim_0041_n3_seed297,297,0.001,3,108.0,1,body_1,3.1163256233840357,1.938542682722356,0.003936421109341444,0.009143143877535604,4.4493428893761795,19.684462777096876,2,1.089221486563876,2.980398810490841,-8.083247166780755,9.541692634963978e-07,36.80224419731503,5.695579484919943e-14,1.089221486563876,1-2,1,58.199999999999996,58200,,,,,0,4.4493428893761795,19.059432465523585,1.089221486563876,2.980398810490841,0.0029015419559306004,negative_baseline,20.0,1,1,1,1,1,0,1,0,0,1,2,0,0,0,1,1,0,0,0,0
sim_0041_n3_seed297,297,0.001,3,108.2,1,body_1,3.1163256233840357,1.938542682722356,0.004885571671642209,0.027428502634301122,13.970200585714085,153.6054396478181,2,0.6145153519025437,4.558716797819973,-8.083221392984,4.142711148876515e-06,36.80224419731516,6.062413417846991e-14,0.6145153519025437,1-2,1,58.4,58400,,,,,0,13.970200585714085,143.70020802884673,0.6145153519025437,4.558716797819973,0.003804106191793996,negative_hard,10.0,1,1,1,1,1,0,1,1,0,1,2,0,0,0,1,1,0,0,0,0
sim_0041_n3_seed297,297,0.001,3,108.7,1,body_1,3.1163256233840357,1.938542682722356,0.00399166217703067,0.008438431275115073,3.908721550775216,15.397330126428992,2,1.160209257638519,2.817964697075785,-8.083249091140228,7.161018633935928e-07,36.80224419731514,6.00449227054272e-14,1.160209257638519,1-2,1,58.9,58900,,,,,0,3.908721550775216,15.080602664099485,1.160209257638519,2.817964697075785,0.002924557872014848,negative_hard,10.0,1,1,1,1,0,1,1,0,0,1,2,0,0,0,1,1,0,0,0,0
sim_0041_n3_seed297,297,0.001,3,109.0,1,body_1,3.1163256233840357,1.938542682722356,0.0037572364746170867,0.004474949744055434,1.9373807026372676,3.5167291347671967,2,1.6469629145049154,1.9149125720669566,-8.08325450140506,4.678425405196394e-08,36.80224419731519,6.139641614252684e-14,1.6469629145049154,1-2,1,59.199999999999996,59200,,,,,0,1.9373807026372676,3.4958965770346553,1.6469629145049154,1.9149125720669566,0.0025884445693012703,negative_baseline,20.0,0,0,0,1,0,1,0,0,0,1,2,0,0,0,1,1,0,0,0,0
sim_0041_n3_seed297,297,0.001,3,110.0,1,body_1,3.1163256233840357,1.938542682722356,0.0037840582969497767,0.002660792384429005,1.0924049891170948,0.5360813604563354,2,2.1950928005702908,1.0589176541144705,-8.083255606597687,-8.994193405648888e-08,36.80224419731523,6.255483908861226e-14,2.1950928005702908,1-2,1,60.199999999999996,60200,,,,,0,1.0924049891170948,0.534935979613141,2.1950928005702908,1.0589176541144705,0.0024533161220331706,negative_baseline,20.0,0,0,0,0,0,0,0,0,0,1,2,0,0,0,1,1,0,0,0,0
sim_0041_n3_seed297,297,0.001,3,110.65,1,body_1,3.1163256233840357,1.938542682722356,0.0038433318136471355,0.0036691087841821454,1.5376310082988525,1.9483806140130935,2,1.8523690731804352,1.5923660046849777,-8.083255140224129,-3.2245676127371546e-08,36.80224419731527,6.352019154368344e-14,1.8523690731804352,1-2,1,60.85,60850,,,,,0,1.5376310082988525,1.9360304201673997,1.8523690731804352,1.5923660046849777,0.002595302595973978,negative_hard,10.0,0,0,0,1,0,0,0,0,0,1,2,0,0,0,1,1,0,0,0,0
sim_0041_n3_seed297,297,0.001,3,111.0,1,body_1,3.1163256233840357,1.938542682722356,0.004018916585588837,0.006199642205704071,2.7063180863445626,7.27284236085235,2,1.3966326496901753,2.343476311559972,-8.083252818747482,2.5495009847799125e-07,36.802244197315154,6.043106368745567e-14,1.3966326496901753,1-2,1,61.199999999999996,61200,,,,,0,2.7063180863445626,7.155699218562047,1.3966326496901753,2.343476311559972,0.002874321824674133,negative_baseline,20.0,0,0,0,1,1,0,0,0,0,1,2,0,0,0,1,1,0,0,0,0
sim_0041_n3_seed297,297,0.001,3,111.15,1,body_1,3.1163256233840357,1.938542682722356,0.004247969560836192,0.009380163289383996,4.2104036315579805,17.69897663264689,2,1.1196742949178244,2.909245386555389,-8.083248036300535,8.465987620614982e-07,36.802244197315154,6.043106368745567e-14,1.1196742949178244,1-2,1,61.35,61350,,,,,0,4.2104036315579805,17.173631516321265,1.1196742949178244,2.909245386555389,0.003148395955724445,negative_hard,10.0,1,1,1,1,1,0,1,0,0,1,2,0,0,0,1,1,0,0,0,0
sim_0041_n3_seed297,297,0.001,3,111.75,1,body_1,3.1163256233840357,1.938542682722356,0.004607059555341257,0.014130118862672134,6.310319245352706,38.35420388538506,2,0.9134450538387672,3.4419913754090135,-8.083239458393184,1.907793476236935e-06,36.802244197314735,4.903990471761578e-14,0.9134450538387672,1-2,1,61.949999999999996,61950,,,,,0,6.310319245352706,36.87567525780206,0.9134450538387672,3.4419913754090135,0.0035215803297690518,negative_hard,10.0,1,1,1,1,0,1,1,0,0,1,2,0,0,0,1,1,0,0,0,0
sim_0041_n3_seed297,297,0.001,3,112.0,1,body_1,3.1163256233840357,1.938542682722356,0.0041683845196435745,0.006405859563932745,2.658898714167776,7.06930855018887,2,1.4061855041099545,2.3262355449745704,-8.083252912647644,2.4333347080617974e-07,36.8022441973147,4.807455226254461e-14,1.4061855041099545,1-2,1,62.199999999999996,62200,,,,,0,2.658898714167776,6.991717711076687,1.4061855041099545,2.3262355449745704,0.002989772972373306,negative_baseline,20.0,0,0,1,1,0,1,0,0,0,1,2,0,0,0,1,1,0,0,0,0
sim_0041_n3_seed297,297,0.001,3,112.25,1,body_1,3.1163256233840357,1.938542682722356,0.004083307983933734,0.004309463422721028,1.711406301119391,2.608849849808013,2,1.7520519518869266,1.7480829773166424,-8.083254878984729,7.29138196480254e-11,36.80224419731463,4.6143847352402254e-14,1.7520519518869266,1-2,1,62.449999999999996,62450,,,,,0,1.711406301119391,2.5970828643527573,1.7520519518869266,1.7480829773166424,0.002803886444747502,negative_hard,10.0,0,0,0,1,0,0,0,0,0,1,2,0,0,0,1,1,0,0,0,0
sim_0041_n3_seed297,297,0.001,3,113.0,1,body_1,3.1163256233840357,1.938542682722356,0.0041376314565129465,0.002856806779611582,1.090130746810804,0.5333829932901761,2,2.1963483712546044,1.056983968743393,-8.083255606957863,-8.998649233090674e-08,36.80224419731471,4.826762275355884e-14,2.1963483712546044,1-2,1,63.199999999999996,63200,,,,,0,1.090130746810804,0.5325767358113312,2.1963483712546044,1.056983968743393,0.0027049980198388178,negative_baseline,20.0,0,0,0,0,0,0,0,0,0,1,2,0,0,0,1,1,0,0,0,0
sim_0041_n3_seed297,297,0.001,3,114.0,1,body_1,3.1163256233840357,1.938542682722356,0.004269292285498263,0.004939686215199226,1.9604153293205175,3.5823166648329248,2,1.640701185343663,1.9246775296897376,-8.083254468701114,5.0830142336451226e-08,36.802244197314664,4.710919980747343e-14,1.640701185343663,1-2,1,64.19999999999999,64200,,,,,0,1.9604153293205175,3.5474969851077365,1.640701185343663,1.9246775296897376,0.002983374514459566,negative_baseline,20.0,0,0,0,1,1,0,0,0,0,1,2,0,0,0,1,1,0,0,0,0
sim_0041_n3_seed297,297,0.001,3,114.2,1,body_1,3.1163256233840357,1.938542682722356,0.004421499979868504,0.0072273648392511885,2.9527980406981515,8.72260835623179,2,1.3370061191107399,2.455118711754281,-8.08325214445683,3.3836830832098603e-07,36.802244197314685,4.7688411280516135e-14,1.3370061191107399,1-2,1,64.4,64400,,,,,0,2.9527980406981515,8.562632503490729,1.3370061191107399,2.455118711754281,0.003212587085143871,negative_hard,10.0,1,0,1,1,1,0,0,0,0,1,2,0,0,0,1,1,0,0,0,0
sim_0041_n3_seed297,297,0.001,3,114.85000000000001,1,body_1,3.1163256233840357,1.938542682722356,0.005229521941237636,0.021533177826261872,9.192915436105114,76.01813253094531,2,0.7569676346204265,3.955243967967384,-8.083227733222925,3.3583440815806794e-06,36.802244197314444,4.1124014586032134e-14,0.7569676346204265,1-2,1,65.05000000000001,65050,,,,,0,9.192915436105114,71.92917352051391,0.7569676346204265,3.955243967967384,0.004135999528779024,negative_hard,10.0,1,1,1,1,0,1,1,1,0,1,2,0,0,0,1,1,0,0,0,0
sim_0041_n3_seed297,297,0.001,3,115.0,1,body_1,3.1163256233840357,1.938542682722356,0.0047049589817129735,0.010705370733523326,4.333589332728578,18.843732100673776,2,1.1019330617564393,2.950529563775633,-8.083247505908743,9.122148784168344e-07,36.80224419731467,4.730227029848767e-14,1.1019330617564393,1-2,1,65.19999999999999,65200,,,,,0,4.333589332728578,18.391259260082844,1.1019330617564393,2.950529563775633,0.0035580821852398544,negative_baseline,20.0,1,1,1,1,0,1,1,0,0,1,2,0,0,0,1,1,0,0,0,0
sim_0041_n3_seed297,297,0.001,3,115.35000000000001,1,body_1,3.1163256233840357,1.938542682722356,0.004441505197743426,0.005006451760885781,1.8724370791829636,3.2514004138466377,2,1.6749950963136349,1.8698906597892753,-8.08325461025793,3.3317788939742404e-08,36.80224419731455,4.402007195124566e-14,1.6749950963136349,1-2,1,65.55000000000001,65550,,,,,0,1.8724370791829636,3.233421931065501,1.6749950963136349,1.8698906597892753,0.0031139260712788556,negative_hard,10.0,0,0,0,1,0,1,0,0,0,1,2,0,0,0,1,1,0,0,0,0
sim_0041_n3_seed297,297,0.001,3,116.0,1,body_1,3.1163256233840357,1.938542682722356,0.004501189143803597,0.0031437894962438578,1.121861621390675,0.6399112169463472,2,2.164128743209043,1.1096508060741739,-8.083255580332585,-8.669261153919224e-08,36.80224419731452,4.324778998718872e-14,2.164128743209043,1-2,1,66.19999999999999,66200,,,,,0,1.121861621390675,0.6390465631603592,2.164128743209043,1.1096508060741739,0.002981551867962643,negative_baseline,20.0,0,0,0,0,0,0,0,0,0,1,2,0,0,0,1,1,0,0,0,0
sim_0041_n3_seed297,297,0.001,3,117.0,1,body_1,3.1163256233840357,1.938542682722356,0.004609927316131788,0.004301495151202464,1.5697131576195016,2.0658330504556126,2,1.8329976635446745,1.6221079769266984,-8.083255092290749,-2.631571590144276e-08,36.80224419731459,4.5178494897331075e-14,1.8329976635446745,1-2,1,67.19999999999999,67200,,,,,0,1.5697131576195016,2.0521735382477297,1.8329976635446745,1.6221079769266984,0.003171586597055027,negative_baseline,20.0,0,0,0,1,0,0,0,0,0,1,2,0,0,0,1,1,0,0,0,0
sim_0041_n3_seed297,297,0.001,3,117.3,1,body_1,3.1163256233840357,1.938542682722356,0.0047438928555024054,0.00668526461240463,2.5260272819944607,6.296150917839624,2,1.4454395117562249,2.255210962783091,-8.083253255683914,2.0089558226711906e-07,36.80224419731456,4.42131424422599e-14,1.4454395117562249,1-2,1,67.5,67500,,,,,0,2.5260272819944607,6.204400489605815,1.4454395117562249,2.255210962783091,0.0034243342263163075,negative_hard,10.0,0,0,0,1,1,0,0,0,0,1,2,0,0,0,1,1,0,0,0,0
sim_0041_n3_seed297,297,0.001,3,117.85000000000001,1,body_1,3.1163256233840357,1.938542682722356,0.007194332516613237,0.08503680922087899,35.91742964630504,408.6112119725985,2,0.3831401715345306,6.10479130618277,-8.083826931492183,-7.076999631905127e-05,36.802244197314316,3.7648745747775894e-14,0.3831401715345306,1-2,1,68.05000000000001,68050,,,,,0,35.91742964630504,595.6619116786428,0.3831401715345306,6.10479130618277,0.006029185515141753,negative_hard,8.0,1,1,1,1,0,0,1,1,0,1,2,0,0,0,1,1,0,0,0,0
sim_0041_n3_seed297,297,0.001,3,118.0,1,body_1,3.1163256233840357,1.938542682722356,0.005638541798097702,0.025261484966620687,10.162355602485837,90.76322525117946,2,0.7199916546203396,4.096600522744035,-8.083224392009875,3.7716940377570214e-06,36.8022441973144,3.996559163994672e-14,0.7199916546203396,1-2,1,68.19999999999999,68200,,,,,0,10.162355602485837,85.6047866104682,0.7199916546203396,4.096600522744035,0.004561185251644905,negative_hard,10.0,1,1,1,1,0,1,1,1,0,1,2,0,0,0,1,1,0,0,0,0
sim_0041_n3_seed297,297,0.001,3,118.5,1,body_1,3.1163256233840357,1.938542682722356,0.004801543377389093,0.0054462277703464,1.9129597890434815,3.424094213096574,2,1.6570266814108723,1.8987367643938282,-8.08325453455939,4.268264754193523e-08,36.80224419731446,4.15101555680606e-14,1.6570266814108723,1-2,1,68.69999999999999,68700,,,,,0,1.9129597890434815,3.4042166907353577,1.6570266814108723,1.8987367643938282,0.0034189820218513208,negative_hard,10.0,0,0,0,1,0,1,0,0,0,1,2,0,0,0,1,1,0,0,0,0
sim_0041_n3_seed297,297,0.001,3,119.0,1,body_1,3.1163256233840357,1.938542682722356,0.004869712860256259,0.0035529908309553902,1.193313830870061,0.8647116286483275,2,2.0975710106415097,1.2156377966292125,-8.08325551692532,-7.884833764695504e-08,36.802244197314444,4.1124014586032134e-14,2.0975710106415097,1-2,1,69.19999999999999,69200,,,,,0,1.193313830870061,0.8632973686757719,2.0975710106415097,1.2156377966292125,0.0032864004402994784,negative_baseline,20.0,0,0,0,0,0,0,0,0,0,1,2,0,0,0,1,1,0,0,0,0
sim_0041_n3_seed297,297,0.001,3,120.0,1,body_1,3.1163256233840357,1.938542682722356,0.005006590147025659,0.003966042532256478,1.342720078749775,1.3127336335611202,2,1.9810420009373708,1.3953468268356384,-8.083255370321243,-6.071157484306939e-08,36.80224419731446,4.15101555680606e-14,1.9810420009373708,1-2,1,70.19999999999999,70200,,,,,0,1.342720078749775,1.3063176541276,1.9810420009373708,1.3953468268356384,0.0034157733136817294,negative_baseline,20.0,0,0,0,0,0,0,0,0,0,1,2,0,0,0,1,1,0,0,0,0
sim_0041_n3_seed297,297,0.001,3,120.45,1,body_1,3.1163256233840357,1.938542682722356,0.005149157086026215,0.006907482279427628,2.443920621048991,5.871115725675368,2,1.4694229684177804,2.212775308884902,-8.083253444231062,1.7756993554663435e-07,36.802244197314465,4.170322605907484e-14,1.4694229684177804,1-2,1,70.65,70650,,,,,0,2.443920621048991,5.789608088239779,1.4694229684177804,2.212775308884902,0.0037320833796888925,negative_hard,10.0,0,0,0,1,1,0,0,0,0,1,2,0,0,0,1,1,0,0,0,0
sim_0041_n3_seed297,297,0.001,3,121.0,1,body_1,3.1163256233840357,1.938542682722356,0.007649569053564427,0.09607112376610297,38.0834908767243,416.4024279422475,2,0.3720965115697459,6.210310253881458,-8.083969427855223,-8.83985834615831e-05,36.80224419731469,4.7881481771530374e-14,0.3720965115697459,1-2,1,71.19999999999999,71200,,,,,0,38.0834908767243,639.9448356568653,0.3720965115697459,6.210310253881458,0.006541624578118073,negative_baseline,20.0,1,1,1,1,0,0,1,1,0,1,2,0,0,0,1,1,0,0,0,0
sim_0041_n3_seed297,297,0.001,3,121.15,1,body_1,3.1163256233840357,1.938542682722356,0.006043747867467983,0.0297344005932124,11.316280783921963,109.39376622623462,2,0.6823275349593018,4.250685468932138,-8.083221206418148,4.165791684542421e-06,36.80224419731471,4.826762275355884e-14,0.6823275349593018,1-2,1,71.35,71350,,,,,0,11.316280783921963,102.96622743205194,0.6823275349593018,4.250685468932138,0.005018335420802616,negative_hard,8.0,1,1,1,1,0,1,1,1,0,1,2,0,0,0,1,1,0,0,0,0
sim_0041_n3_seed297,297,0.001,3,121.3,1,body_1,3.1163256233840357,1.938542682722356,0.0054127117899857155,0.013496108775598667,4.859659940144397,23.520148995055834,2,1.0406222551837419,3.0988076784311187,-8.083245387756278,1.1742569017909515e-06,36.80224419731465,4.672305882544496e-14,1.0406222551837419,1-2,1,71.5,71500,,,,,0,4.859659940144397,22.854832501732012,1.0406222551837419,3.0988076784311187,0.004273875934186762,negative_hard,10.0,1,1,1,1,0,1,1,0,0,1,2,0,0,0,1,1,0,0,0,0
sim_0041_n3_seed297,297,0.001,3,121.8,1,body_1,3.1163256233840357,1.938542682722356,0.0051882044084758,0.004909510895771506,1.591735573302157,2.175410997421192,2,1.8159300980819393,1.6489840234009638,-8.083255048154689,-2.0855531755634662e-08,36.80224419731458,4.479235391530261e-14,1.8159300980819393,1-2,1,72.0,72000,,,,,0,1.591735573302157,2.1670866283582706,1.8159300980819393,1.6489840234009638,0.003672892209739931,negative_hard,10.0,0,0,0,1,0,0,0,0,0,1,2,0,0,0,1,1,0,0,0,0
sim_0041_n3_seed297,297,0.001,3,122.0,1,body_1,3.1163256233840357,1.938542682722356,0.005237608120376695,0.004141244655311054,1.3186660583165883,1.2562726580365364,2,1.9948577762146305,1.3748081942997512,-8.083255390007977,-6.314707073105617e-08,36.802244197314586,4.498542440631684e-14,1.9948577762146305,1-2,1,72.19999999999999,72200,,,,,0,1.3186660583165883,1.2533959671249633,1.9948577762146305,1.3748081942997512,0.003625398546964602,negative_baseline,20.0,0,0,0,0,0,0,0,0,0,1,2,0,0,0,1,1,0,0,0,0
sim_0041_n3_seed297,297,0.001,3,123.0,1,body_1,3.1163256233840357,1.938542682722356,0.005440705218697222,0.0038120318338158337,1.2054434806863314,0.8936244533026317,2,2.0896808227812707,1.2274543457273204,-8.083255506689312,-7.75820151383141e-08,36.80224419731475,4.9426045699644255e-14,2.0896808227812707,1-2,1,73.19999999999999,73200,,,,,0,1.2054434806863314,0.8902240484657362,2.0896808227812707,1.2274543457273204,0.0037056018799788027,negative_baseline,20.0,0,0,0,0,0,0,0,0,0,1,2,0,0,0,1,1,0,0,0,0
sim_0041_n3_seed297,297,0.001,3,123.8,1,body_1,3.1163256233840357,1.938542682722356,0.005826420420926512,0.011796792538475662,4.061475212314661,16.55047565980316,2,1.1399042640777144,2.8631001249933257,-8.083248481145052,7.91565916579628e-07,36.8022441973146,4.5371565388345314e-14,1.1399042640777144,1-2,1,74.0,74000,,,,,0,4.061475212314661,16.076736377419902,1.1399042640777144,2.8631001249933257,0.004440853425135662,negative_hard,10.0,1,1,1,1,1,0,1,0,0,1,2,0,0,0,1,1,0,0,0,0
sim_0041_n3_seed297,297,0.001,3,124.0,1,body_1,3.1163256233840357,1.938542682722356,0.006634230104647618,0.03221355548095528,11.585193277531442,113.77382789254978,2,0.6748357341477553,4.282658237932032,-8.083220337509399,4.273286593751822e-06,36.80224419731456,4.42131424422599e-14,0.6748357341477553,1-2,1,74.19999999999999,74200,,,,,0,11.585193277531442,105.63758120826954,0.6748357341477553,4.282658237932032,0.005424238360557835,negative_baseline,20.0,1,1,1,1,1,0,1,1,0,1,2,0,0,0,1,1,0,0,0,0
sim_0041_n3_seed297,297,0.001,3,124.3,1,body_1,3.1163256233840357,1.938542682722356,0.006440587044697308,0.03515675598352317,12.702206514580983,133.02428692161584,2,0.6440580615426503,4.419193121489949,-8.083218851647263,4.457106373987577e-06,36.80224419731466,4.6916129316459195e-14,0.6440580615426503,1-2,1,74.5,74500,,,,,0,12.702206514580983,125.25128145872137,0.6440580615426503,4.419193121489949,0.005512051912735588,negative_hard,8.0,1,1,1,1,0,1,1,1,0,1,2,0,0,0,1,1,0,0,0,0
sim_0041_n3_seed297,297,0.001,3,124.75,1,body_1,3.1163256233840357,1.938542682722356,0.0055395933962445465,0.006919965924406161,2.1859663156768114,4.65440181251393,2,1.549959790185386,2.0748136834649977,-8.083253989318079,1.1013583561764193e-07,36.80224419731475,4.9426045699644255e-14,1.549959790185386,1-2,1,74.94999999999999,74950,,,,,0,2.1859663156768114,4.6186563938948275,1.549959790185386,2.0748136834649977,0.004138041435561833,negative_hard,10.0,0,0,0,1,0,1,0,0,0,1,2,0,0,0,1,1,0,0,0,0
sim_0041_n3_seed297,297,0.001,3,125.0,1,body_1,3.1163256233840357,1.938542682722356,0.005598432068873014,0.0050178302305949165,1.528026949144851,1.9541097300084893,2,1.8529405060215516,1.5920758428091724,-8.083255132903766,-3.134005542240617e-08,36.80224419731478,5.0198327663701195e-14,1.8529405060215516,1-2,1,75.19999999999999,75200,,,,,0,1.528026949144851,1.947332998774892,1.8529405060215516,1.5920758428091724,0.004008505711408494,negative_baseline,20.0,0,0,0,1,0,0,0,0,0,1,2,0,0,0,1,1,0,0,0,0
sim_0041_n3_seed297,297,0.001,3,126.0,1,body_1,3.1163256233840357,1.938542682722356,0.005900291990146032,0.003788792536275902,1.1247097208250039,0.6517314081482747,2,2.1620102415817635,1.112733079474668,-8.083255574966294,-8.602873410330723e-08,36.802244197314806,5.0970609627758135e-14,2.1620102415817635,1-2,1,76.19999999999999,76200,,,,,0,1.1247097208250039,0.649788108515426,2.1620102415817635,1.112733079474668,0.004037102017046895,negative_baseline,20.0,0,0,0,0,0,0,0,0,0,1,2,0,0,0,1,1,0,0,0,0
sim_0041_n3_seed297,297,0.001,3,126.7,1,body_1,3.1163256233840357,1.938542682722356,0.006045142781410468,0.006712638943917466,2.089136334923345,4.164003799462415,2,1.588925372370395,2.009269620002202,-8.083254201774466,8.385231618507971e-08,36.80224419731489,5.328745551992896e-14,1.588925372370395,1-2,1,76.9,76900,,,,,0,2.089136334923345,4.118663211127902,1.588925372370395,2.009269620002202,0.00437892939457619,negative_hard,10.0,0,0,0,1,1,0,0,0,0,1,2,0,0,0,1,1,0,0,0,0
sim_0041_n3_seed297,297,0.001,3,127.0,1,body_1,3.1163256233840357,1.938542682722356,0.006379587909047198,0.014132402965922514,4.62977873049293,21.35493913831837,2,1.0676346902998741,3.032096991846174,-8.083246274240066,1.0645877399351346e-06,36.802244197314856,5.232210306485779e-14,1.0676346902998741,1-2,1,77.19999999999999,77200,,,,,0,4.62977873049293,20.631176841384534,1.0676346902998741,3.032096991846174,0.004943294541087916,negative_baseline,20.0,1,1,1,1,1,0,1,0,0,1,2,0,0,0,1,1,0,0,0,0
sim_0041_n3_seed297,297,0.001,3,127.35000000000001,1,body_1,3.1163256233840357,1.938542682722356,0.00810082440241988,0.09982323143822598,35.35259373436984,413.4911368953509,2,0.38619089961629655,6.076380754345961,-8.083772463403648,-6.403161068764875e-05,36.802244197314614,4.575770637037378e-14,0.38619089961629655,1-2,1,77.55000000000001,77550,,,,,0,35.35259373436984,590.1838256540191,0.38619089961629655,6.076380754345961,0.007302783346863147,negative_hard,8.0,1,1,1,1,0,0,1,1,0,1,2,0,0,0,1,1,0,0,0,0
sim_0041_n3_seed297,297,0.001,3,127.8,1,body_1,3.1163256233840357,1.938542682722356,0.0059059740787672016,0.009136108870778363,2.798409134636489,7.906886573751656,2,1.370194447689931,2.392701841237501,-8.083252490873175,2.955122621292214e-07,36.80224419731463,4.6143847352402254e-14,1.370194447689931,1-2,1,78.0,78000,,,,,0,2.798409134636489,7.810539272484107,1.370194447689931,2.392701841237501,0.004633008683173851,negative_hard,10.0,0,0,1,1,0,1,0,0,0,1,2,0,0,0,1,1,0,0,0,0
sim_0041_n3_seed297,297,0.001,3,128.0,1,body_1,3.1163256233840357,1.938542682722356,0.005944956705587969,0.006416043720632221,1.8881708545968916,3.337549461256296,2,1.667009065925284,1.8828020156385588,-8.083254562791174,3.919002191598446e-08,36.80224419731459,4.5178494897331075e-14,1.667009065925284,1-2,1,78.19999999999999,78200,,,,,0,1.8881708545968916,3.318514188174409,1.667009065925284,1.8828020156385588,0.004453588775309313,negative_baseline,20.0,0,0,0,1,0,1,0,0,0,1,2,0,0,0,1,1,0,0,0,0
sim_0041_n3_seed297,297,0.001,3,129.0,1,body_1,3.1163256233840357,1.938542682722356,0.0063761585664633925,0.0038775846339554054,1.0847439991216887,0.5311163989275216,2,2.1998883946244816,1.0511395531426067,-8.083255604563774,-8.969031356150222e-08,36.80224419731472,4.8653763735587315e-14,2.1998883946244816,1-2,1,79.19999999999999,79200,,,,,0,1.0847439991216887,0.5299526168646801,2.1998883946244816,1.0511395531426067,0.004410384751743089,negative_baseline,20.0,0,0,0,0,0,0,0,0,0,1,2,0,0,0,1,1,0,0,0,0
sim_0041_n3_seed297,297,0.001,3,129.75,1,body_1,3.1163256233840357,1.938542682722356,0.006543069091827461,0.006004335378419081,1.7454290208090728,2.7299047466798445,2,1.7377413635355472,1.7698909642477232,-8.08325481530776,7.950553511052052e-09,36.80224419731477,5.000525717268696e-14,1.7377413635355472,1-2,1,79.94999999999999,79950,,,,,0,1.7454290208090728,2.7078506730616185,1.7377413635355472,1.7698909642477232,0.004699800099634896,negative_hard,10.0,0,0,0,1,1,0,0,0,0,1,2,0,0,0,1,1,0,0,0,0
sim_0041_n3_seed297,297,0.001,3,130.0,1,body_1,3.1163256233840357,1.938542682722356,0.006672324029845353,0.00917563195541087,2.759840704787415,7.619265970973242,2,1.3826068479567641,2.369163714954478,-8.083252613260397,2.803714279036671e-07,36.80224419731476,4.961911619065849e-14,1.3826068479567641,1-2,1,80.19999999999999,80200,,,,,0,2.759840704787415,7.491081566326029,1.3826068479567641,2.369163714954478,0.004985729252114006,negative_baseline,20.0,0,0,0,1,1,0,0,0,0,1,2,0,0,0,1,1,0,0,0,0
sim_0041_n3_seed297,297,0.001,3,130.15,1,body_1,3.1163256233840357,1.938542682722356,0.006872324103215584,0.014092729136231791,4.359655707722797,19.03697476210902,2,1.100193774192251,2.9543731420213284,-8.083247284846472,9.395630536265101e-07,36.80224419731478,5.0198327663701195e-14,1.100193774192251,1-2,1,80.35,80350,,,,,0,4.359655707722797,18.435975660120334,1.100193774192251,2.9543731420213284,0.0053304799703055485,negative_hard,8.0,1,1,1,1,1,0,1,0,0,1,2,0,0,0,1,1,0,0,0,0
sim_0041_n3_seed297,297,0.001,3,130.55,1,body_1,3.1163256233840357,1.938542682722356,0.007824870958654015,0.07948555018332913,26.580357645807936,353.9258417482128,2,0.4453461442117729,5.581402007147478,-8.083380664665341,-1.5561193245258786e-05,36.80224419731475,4.9426045699644255e-14,0.4453461442117729,1-2,1,80.75,80750,,,,,0,26.580357645807936,402.43291176533086,0.4453461442117729,5.581402007147478,0.00730404375992467,negative_hard,8.0,1,1,1,1,0,1,1,1,0,1,2,0,0,0,1,1,0,0,0,0
sim_0041_n3_seed297,297,0.001,3,130.95,1,body_1,3.1163256233840357,1.938542682722356,0.006259319374700373,0.009955240699511729,2.9019588670670973,8.537343378046389,2,1.345380110796851,2.439455639209695,-8.083252184530352,3.3341071116647957e-07,36.80224419731469,4.7881481771530374e-14,1.345380110796851,1-2,1,81.14999999999998,81150,,,,,0,2.9019588670670973,8.426079596391432,1.345380110796851,2.439455639209695,0.005059639364313149,negative_hard,8.0,1,0,1,1,0,1,0,0,0,1,2,0,0,0,1,1,0,0,0,0
sim_0041_n3_seed297,297,0.001,3,131.0,1,body_1,3.1163256233840357,1.938542682722356,0.006271254150858142,0.008921074148015263,2.5693672839027637,6.625420800621772,2,1.4295020076419296,2.2841166277693263,-8.083253077339743,2.2295899287187267e-07,36.8022441973147,4.807455226254461e-14,1.4295020076419296,1-2,1,81.19999999999999,81200,,,,,0,2.5693672839027637,6.555778973153154,1.4295020076419296,2.2841166277693263,0.004996466214347247,negative_baseline,20.0,0,0,1,1,0,1,0,0,0,1,2,0,0,0,1,1,0,0,0,0
sim_0041_n3_seed297,297,0.001,3,131.2,1,body_1,3.1163256233840357,1.938542682722356,0.006376784949466114,0.0064509185944682385,1.7889517565497464,2.9413873464864833,2,1.7119657724200994,1.8113128538841574,-8.083254727659515,1.879374050983297e-08,36.8022441973147,4.807455226254461e-14,1.7119657724200994,1-2,1,81.39999999999998,81400,,,,,0,1.7889517565497464,2.92640959069828,1.7119657724200994,1.8113128538841574,0.0048507295254437335,negative_hard,10.0,0,0,0,1,0,1,0,0,0,1,2,0,0,0,1,1,0,0,0,0
sim_0041_n3_seed297,297,0.001,3,132.0,1,body_1,3.1163256233840357,1.938542682722356,0.006859808235469609,0.004078596145608634,1.0787717832623402,0.520071359900435,2,2.204202727985983,1.0442822347151217,-8.08325560654362,-8.993524529386463e-08,36.80224419731473,4.884683422660155e-14,2.204202727985983,1-2,1,82.19999999999999,82200,,,,,0,1.0787717832623402,0.5192744544517125,2.204202727985983,1.0442822347151217,0.004828995689048354,negative_baseline,20.0,0,0,0,0,0,0,0,0,0,1,2,0,0,0,1,1,0,0,0,0
sim_0041_n3_seed297,297,0.001,3,133.0,1,body_1,3.1163256233840357,1.938542682722356,0.007172590316614998,0.00709742408419895,1.9773471376709328,3.6836539427040864,2,1.6327400325258645,1.9373309088428508,-8.083254402874427,5.897372896148568e-08,36.802244197314735,4.903990471761578e-14,1.6327400325258645,1-2,1,83.19999999999999,83200,,,,,0,1.9773471376709328,3.646749131887755,1.6327400325258645,1.9373309088428508,0.00524899971475161,negative_hard,8.0,0,0,0,1,1,0,0,0,0,1,2,0,0,0,1,1,0,0,0,0
sim_0041_n3_seed297,297,0.001,3,133.4,1,body_1,3.1163256233840357,1.938542682722356,0.007664168303133952,0.0211860522141958,6.336466873153414,38.77685736888828,2,0.9125799159383832,3.444345472957932,-8.083238783582113,1.991276068469325e-06,36.80224419731473,4.884683422660155e-14,0.9125799159383832,1-2,1,83.6,83600,,,,,0,6.336466873153414,36.88067738697298,0.9125799159383832,3.444345472957932,0.006151345962225954,negative_hard,8.0,1,1,1,1,1,0,1,0,0,1,2,0,0,0,1,1,0,0,0,0
sim_0041_n3_seed297,297,0.001,3,133.8,1,body_1,3.1163256233840357,1.938542682722356,0.0070641439495407864,0.03962440981813044,12.204264946401402,125.43347174702109,2,0.6570170589134126,4.3606380627089845,-8.083217578350926,4.614629099259794e-06,36.802244197315005,5.637658337615673e-14,0.6570170589134126,1-2,1,84.0,84000,,,,,0,12.204264946401402,117.69409335557111,0.6570170589134126,4.3606380627089845,0.006721364036764542,negative_hard,8.0,1,1,1,1,0,1,1,1,0,1,2,0,0,0,1,1,0,0,0,0
sim_0041_n3_seed297,297,0.001,3,134.0,1,body_1,3.1163256233840357,1.938542682722356,0.006587147556021608,0.014429374199870088,4.128692742310519,17.280335170770908,2,1.1283821594951084,2.8894362124929778,-8.083248056914204,8.440485926927129e-07,36.80224419731507,5.811421779528484e-14,1.1283821594951084,1-2,1,84.19999999999999,84200,,,,,0,4.128692742310519,16.88400565629802,1.1283821594951084,2.8894362124929778,0.005724085523658676,negative_baseline,20.0,1,1,1,1,0,1,1,0,0,1,2,0,0,0,1,1,0,0,0,0
sim_0041_n3_seed297,297,0.001,3,134.2,1,body_1,3.1163256233840357,1.938542682722356,0.006671634786122916,0.008753440293747828,2.37557517665913,5.618115448839398,2,1.4860410877403314,2.1842386490679195,-8.083253533296714,1.6655139735158665e-07,36.802244197315055,5.772807681325637e-14,1.4860410877403314,1-2,1,84.39999999999998,84400,,,,,0,2.37557517665913,5.566775452590032,1.4860410877403314,2.1842386490679195,0.005415135903840095,negative_hard,8.0,0,0,0,1,0,1,0,0,0,1,2,0,0,0,1,1,0,0,0,0
sim_0041_n3_seed297,297,0.001,3,134.6,1,body_1,3.1163256233840357,1.938542682722356,0.00702937136336803,0.005362968990478687,1.3720430443606297,1.4495077528478557,2,1.9529230290714346,1.4393739608539815,-8.083255316413062,-5.404245679181748e-08,36.80224419731497,5.541123092108555e-14,1.9529230290714346,1-2,1,84.79999999999998,84800,,,,,0,1.3720430443606297,1.4456822538526888,1.9529230290714346,1.4393739608539815,0.0052695786445180175,negative_hard,8.0,0,0,0,0,0,0,0,0,0,1,2,0,0,0,1,1,0,0,0,0
sim_0041_n3_seed297,297,0.001,3,135.0,1,body_1,3.1163256233840357,1.938542682722356,0.00734176896759777,0.00440817494423115,1.1060342778642855,0.6181736149914451,2,2.174978968209723,1.092518469328267,-8.083255581616257,-8.685141784365983e-08,36.80224419731499,5.5990442394128255e-14,2.174978968209723,1-2,1,85.19999999999999,85200,,,,,0,1.1060342778642855,0.6173480404221121,2.174978968209723,1.092518469328267,0.0053002082003697805,negative_hard,8.0,0,0,0,0,0,0,0,0,0,1,2,0,0,0,1,1,0,0,0,0
sim_0041_n3_seed297,297,0.001,3,135.4,1,body_1,3.1163256233840357,1.938542682722356,0.007566365147398481,0.004339559763631391,1.090652867424326,0.5620807712732082,2,2.192174702337021,1.0637936677860376,-8.0832555950732,-8.851621057926559e-08,36.802244197315,5.6183512885142495e-14,2.192174702337021,1-2,1,85.6,85600,,,,,0,1.090652867424326,0.5606600225660747,2.192174702337021,1.0637936677860376,0.005389705401292654,negative_hard,8.0,0,0,0,0,0,0,0,0,0,1,2,0,0,0,1,1,0,0,0,0
sim_0041_n3_seed297,297,0.001,3,135.8,1,body_1,3.1163256233840357,1.938542682722356,0.007718257343400126,0.00510358660213553,1.3048236872768608,1.2152789267670892,2,2.007000498360778,1.355261944512593,-8.083255396425836,-6.394104028174575e-08,36.802244197314934,5.4445878466014375e-14,2.007000498360778,1-2,1,86.0,86000,,,,,0,1.3048236872768608,1.2095692965196023,2.007000498360778,1.355261944512593,0.005534589072578475,negative_hard,8.0,0,0,0,0,0,0,0,0,0,1,2,0,0,0,1,1,0,0,0,0
sim_0041_n3_seed297,297,0.001,3,136.0,1,body_1,3.1163256233840357,1.938542682722356,0.0077826684473085595,0.006046512432303164,1.571172014417663,2.0973360454010495,2,1.8303292186369575,1.625870264017687,-8.083255065963202,-2.3058668244594576e-08,36.80224419731488,5.290131453790049e-14,1.8303292186369575,1-2,1,86.19999999999999,86200,,,,,0,1.571172014417663,2.083162078418371,1.8303292186369575,1.625870264017687,0.005648846098372427,negative_baseline,20.0,0,0,0,1,0,0,0,0,0,1,2,0,0,0,1,1,0,0,0,0
sim_0041_n3_seed297,297,0.001,3,136.2,1,body_1,3.1163256233840357,1.938542682722356,0.007862802843979595,0.007864425146099857,2.092454453662746,4.201172447932916,2,1.5870696464489804,2.0121138700055687,-8.08325416683321,8.817498765134942e-08,36.802244197314955,5.502508993905708e-14,1.5870696464489804,1-2,1,86.39999999999998,86400,,,,,0,2.092454453662746,4.1547866083401,1.5870696464489804,2.0121138700055687,0.00582603988654261,negative_hard,8.0,0,0,0,1,1,0,0,0,0,1,2,0,0,0,1,1,0,0,0,0
sim_0041_n3_seed297,297,0.001,3,136.6,1,body_1,3.1163256233840357,1.938542682722356,0.008420497727828736,0.026727497062856913,7.662447322401203,55.17520259554946,2,0.8298693238774317,3.7007716057030886,-8.083232555360045,2.761785245855213e-06,36.80224419731507,5.811421779528484e-14,0.8298693238774317,1-2,1,86.79999999999998,86800,,,,,0,7.662447322401203,51.914213056380234,0.8298693238774317,3.7007716057030886,0.006892444249335985,negative_hard,8.0,1,1,1,1,1,0,1,0,0,1,2,0,0,0,1,1,0,0,0,0
sim_0041_n3_seed297,297,0.001,3,137.0,1,body_1,3.1163256233840357,1.938542682722356,0.007035140411727009,0.032614317937204394,9.435057618449761,80.61554290636386,2,0.7470698921899419,3.992117075152283,-8.083224915585454,3.70692117247728e-06,36.80224419731464,4.652998833443072e-14,0.7470698921899419,1-2,1,87.19999999999999,87200,,,,,0,9.435057618449761,75.94323897591116,0.7470698921899419,3.992117075152283,0.0069273641345125245,negative_hard,8.0,1,1,1,1,0,1,1,1,0,1,2,0,0,0,1,1,0,0,0,0
sim_0041_n3_seed297,297,0.001,3,137.4,1,body_1,3.1163256233840357,1.938542682722356,0.007114927984418122,0.008628378139351073,2.209632690875938,4.814269021390432,2,1.5399524886937137,2.09189305914289,-8.083253891816192,1.2219804185823735e-07,36.802244197314586,4.498542440631684e-14,1.5399524886937137,1-2,1,87.6,87600,,,,,0,2.209632690875938,4.775737119345423,1.5399524886937137,2.09189305914289,0.00590428353917876,negative_hard,8.0,0,0,0,1,0,1,0,0,0,1,2,0,0,0,1,1,0,0,0,0
sim_0041_n3_seed297,297,0.001,3,137.8,1,body_1,3.1163256233840357,1.938542682722356,0.007601281661345576,0.005491685410500767,1.3288025199821136,1.3208490581958257,2,1.9829084358132565,1.3936819813282502,-8.083255360216928,-5.9461544285209136e-08,36.802244197314536,4.3633930969217194e-14,1.9829084358132565,1-2,1,88.0,88000,,,,,0,1.3288025199821136,1.3176442068123086,1.9829084358132565,1.3936819813282502,0.00581457594947025,negative_hard,8.0,0,0,0,0,0,0,0,0,0,1,2,0,0,0,1,1,0,0,0,0
sim_0041_n3_seed297,297,0.001,3,138.0,1,body_1,3.1163256233840357,1.938542682722356,0.007809551340922603,0.004902983736891381,1.1715455930806642,0.8324572596205938,2,2.1113608433576223,1.1946015204885956,-8.083255520564181,-7.929851046850445e-08,36.80224419731457,4.459928342428837e-14,2.1113608433576223,1-2,1,88.19999999999999,88200,,,,,0,1.1715455930806642,0.8311251720291546,2.1113608433576223,1.1946015204885956,0.00583623191698161,negative_baseline,20.0,0,0,0,0,0,0,0,0,0,1,2,0,0,0,1,1,0,0,0,0
sim_0041_n3_seed297,297,0.001,3,138.20000000000002,1,body_1,3.1163256233840357,1.938542682722356,0.007989287817370554,0.004598056826143972,1.0925981517920702,0.5848646524769515,2,2.1865623772451213,1.0737917100048309,-8.083255588868907,-8.774866160797816e-08,36.80224419731456,4.42131424422599e-14,2.1865623772451213,1-2,1,88.4,88400,,,,,0,1.0925981517920702,0.5840876003104345,2.1865623772451213,1.0737917100048309,0.0058761510552209776,negative_hard,8.0,0,0,0,0,0,0,0,0,0,1,2,0,0,0,1,1,0,0,0,0
sim_0041_n3_seed297,297,0.001,3,138.6,1,body_1,3.1163256233840357,1.938542682722356,0.008269706178043339,0.004590160710506543,1.0945982342760812,0.5833766867579566,2,2.186789358063325,1.0725966254722892,-8.083255588362139,-8.768596805587839e-08,36.80224419731454,4.382700146023143e-14,2.186789358063325,1-2,1,88.79999999999998,88800,,,,,0,1.0945982342760812,0.5818041983977453,2.186789358063325,1.0725966254722892,0.005990847938792656,negative_hard,8.0,0,0,0,0,0,0,0,0,0,1,2,0,0,0,1,1,0,0,0,0
sim_0041_n3_seed297,297,0.001,3,139.0,1,body_1,3.1163256233840357,1.938542682722356,0.00846772103385372,0.005485463945259846,1.3350662125664414,1.3177290833359543,2,1.983360772759133,1.3913939240314879,-8.083255357983127,-5.9185195124722607e-08,36.802244197314536,4.3633930969217194e-14,1.983360772759133,1-2,1,89.19999999999999,89200,,,,,0,1.3350662125664414,1.3111811900916,1.983360772759133,1.3913939240314879,0.0061619488733617835,negative_hard,8.0,0,0,0,0,0,0,0,0,0,1,2,0,0,0,1,1,0,0,0,0
sim_0041_n3_seed297,297,0.001,3,139.4,1,body_1,3.1163256233840357,1.938542682722356,0.008654753414760756,0.008732449987792433,2.2222518586689053,4.818018489437717,2,1.5398522448887755,2.0909830427162843,-8.083253877638125,1.2395204651748515e-07,36.80224419731446,4.15101555680606e-14,1.5398522448887755,1-2,1,89.6,89600,,,,,0,2.2222518586689053,4.759092496930248,1.5398522448887755,2.0909830427162843,0.006493495791921584,negative_hard,8.0,0,0,0,1,1,0,0,0,0,1,2,0,0,0,1,1,0,0,0,0
sim_0041_n3_seed297,297,0.001,3,139.8,1,body_1,3.1163256233840357,1.938542682722356,0.009274217471024467,0.03462881696209069,9.52872030060519,82.00460524788916,2,0.7441789756247166,4.002921075387302,-8.08322407673743,3.810697192957789e-06,36.802244197314565,4.4406212933274135e-14,0.7441789756247166,1-2,1,90.0,90000,,,,,0,9.52872030060519,76.22923266353223,0.7441789756247166,4.002921075387302,0.007760881449806011,negative_hard,8.0,1,1,1,1,1,0,1,1,0,1,2,0,0,0,1,1,0,0,0,0
sim_0041_n3_seed297,297,0.001,3,140.0,1,body_1,3.1163256233840357,1.938542682722356,0.009065318699502943,0.13452629894679147,39.027538817262624,441.3390507724383,2,0.36758546095060146,6.25462170725329,-8.083966184957333,-8.79973963237172e-05,36.80224419731456,4.42131424422599e-14,0.36758546095060146,1-2,1,90.19999999999999,90200,,,,,0,39.027538817262624,681.9663504622018,0.36758546095060146,6.25462170725329,0.009567113045620064,negative_baseline,20.0,1,1,1,1,0,0,1,1,0,1,2,0,0,0,1,1,0,0,0,0
sim_0041_n3_seed297,297,0.001,3,140.20000000000002,1,body_1,3.1163256233840357,1.938542682722356,0.007087091589520909,0.027791095730143548,7.563973066482883,54.309676172211304,2,0.8341048351349672,3.686947025664467,-8.083232593632351,2.7570504816069856e-06,36.8022441973146,4.5371565388345314e-14,0.8341048351349672,1-2,1,90.4,90400,,,,,0,7.563973066482883,51.63638287097439,0.8341048351349672,3.686947025664467,0.007265237658981301,negative_hard,8.0,1,1,1,1,0,1,1,0,0,1,2,0,0,0,1,1,0,0,0,0
sim_0041_n3_seed297,297,0.001,3,140.6,1,body_1,3.1163256233840357,1.938542682722356,0.007612567482413297,0.008544796042962603,2.0658438593903847,4.164687962658215,2,1.591350574356165,2.006162722549628,-8.083254176202182,8.701592839662226e-08,36.80224419731453,4.344086047820296e-14,1.591350574356165,1-2,1,90.79999999999998,90800,,,,,0,2.0658438593903847,4.135282630769602,1.591350574356165,2.006162722549628,0.00648694869754063,negative_hard,8.0,0,0,0,1,0,1,0,0,0,1,2,0,0,0,1,1,0,0,0,0
sim_0041_n3_seed297,297,0.001,3,141.0,1,body_1,3.1163256233840357,1.938542682722356,0.00824419584370305,0.005633713802271982,1.2884515842860198,1.2071912190930938,2,2.0114394377747784,1.3502151008553585,-8.083255397446441,-6.406730202126562e-08,36.802244197314536,4.3633930969217194e-14,2.0114394377747784,1-2,1,91.19999999999999,91200,,,,,0,1.2884515842860198,1.2044891212378157,2.0114394377747784,1.3502151008553585,0.006456822886425416,negative_hard,8.0,0,0,0,0,0,0,0,0,0,1,2,0,0,0,1,1,0,0,0,0
sim_0041_n3_seed297,297,0.001,3,141.4,1,body_1,3.1163256233840357,1.938542682722356,0.008724134751563405,0.0048023135361258285,1.0794547016303389,0.55593820558532,2,2.197216780173339,1.0565658536072418,-8.083255594556134,-8.845224287249567e-08,36.802244197314515,4.305471949617449e-14,2.197216780173339,1-2,1,91.6,91600,,,,,0,1.0794547016303389,0.5551927419527077,2.197216780173339,1.0565658536072418,0.006554996713729992,negative_hard,8.0,0,0,0,0,0,0,0,0,0,1,2,0,0,0,1,1,0,0,0,0
sim_0041_n3_seed297,297,0.001,3,141.8,1,body_1,3.1163256233840357,1.938542682722356,0.00907676300871245,0.0048599153472242,1.0984835829247876,0.6076943256818181,2,2.1807653998563152,1.0824211611553134,-8.083255580290633,-8.668742152352391e-08,36.802244197314614,4.575770637037378e-14,2.1807653998563152,1-2,1,92.0,92000,,,,,0,1.0984835829247876,0.6059561598659365,2.1807653998563152,1.0824211611553134,0.00670106956477038,negative_hard,8.0,0,0,0,0,0,0,0,0,0,1,2,0,0,0,1,1,0,0,0,0
sim_0041_n3_seed297,297,0.001,3,142.0,1,body_1,3.1163256233840357,1.938542682722356,0.00921602859225525,0.005215403974561663,1.1902563930380048,0.8852098507226518,2,2.0970222414868056,1.2156298612642586,-8.083255500095202,-7.676624101699202e-08,36.80224419731462,4.5950776861388015e-14,2.0970222414868056,1-2,1,92.19999999999999,92200,,,,,0,1.1902563930380048,0.8817938594443874,2.0970222414868056,1.2156298612642586,0.00679248320255943,negative_baseline,20.0,0,0,0,0,0,0,0,0,0,1,2,0,0,0,1,1,0,0,0,0
sim_0041_n3_seed297,297,0.001,3,142.20000000000002,1,body_1,3.1163256233840357,1.938542682722356,0.009338466639110685,0.005900348127978132,1.3666312346241452,1.428940144244259,2,1.959148580607588,1.4282523905801179,-8.083255314243173,-5.377401429067511e-08,36.80224419731461,4.556463587935955e-14,1.959148580607588,1-2,1,92.4,92400,,,,,0,1.3666312346241452,1.4214203193705197,1.959148580607588,1.4282523905801179,0.006905007470156182,negative_hard,8.0,0,0,0,0,0,0,0,0,0,1,2,0,0,0,1,1,0,0,0,0
sim_0041_n3_seed297,297,0.001,3,142.6,1,body_1,3.1163256233840357,1.938542682722356,0.009587044909154109,0.009720269088009726,2.3674827512457233,5.551483443790161,2,1.4916178761879662,2.173388190592163,-8.083253523078104,1.6781556755411523e-07,36.802244197314565,4.4406212933274135e-14,1.4916178761879662,1-2,1,92.79999999999998,92800,,,,,0,2.3674827512457233,5.475914521121884,1.4916178761879662,2.173388190592163,0.007284359627286892,negative_hard,8.0,0,0,0,1,1,0,0,0,0,1,2,0,0,0,1,1,0,0,0,0
sim_0041_n3_seed297,297,0.001,3,143.0,1,body_1,3.1163256233840357,1.938542682722356,0.010244406683139013,0.0463229043040856,12.23966223968495,127.39410175946068,2,0.6566199449582575,4.362244458318006,-8.083214345119465,5.014620378578778e-06,36.8022441973147,4.807455226254461e-14,0.6566199449582575,1-2,1,93.19999999999999,93200,,,,,0,12.23966223968495,117.31401262637907,0.6566199449582575,4.362244458318006,0.008798607055263526,negative_pre_failure,1.0,1,1,1,1,1,0,1,1,0,1,2,0,0,0,1,1,0,0,0,0
sim_0041_n3_seed297,297,0.001,3,143.05,1,body_1,3.1163256233840357,1.938542682722356,0.010393315263570608,0.07198043057908018,19.210512842196007,255.84815871896544,2,0.5240841132909793,5.048873973059011,-8.083230582811893,3.0058141897488303e-06,36.8022441973147,4.807455226254461e-14,0.5240841132909793,1-2,1,93.25,93250,,,,,0,19.210512842196007,245.47200277237363,0.5240841132909793,5.048873973059011,0.0093744519020257,negative_pre_failure,1.0,1,1,1,1,1,0,1,1,0,1,2,0,0,0,1,1,0,0,0,0
sim_0041_n3_seed297,297,0.001,3,143.1,1,body_1,3.1163256233840357,1.938542682722356,0.010355896311552181,0.11749822094103551,31.737794808371167,427.4149822895006,2,0.4076962211738247,5.884718244236874,-8.083529650374551,-3.399259389131581e-05,36.80224419731466,4.6916129316459195e-14,0.4076962211738247,1-2,2,0.0,0,0.010091272780055513,93.29999999999998,0.010355896311552181,0.1174982209410355,1,31.737794808371167,520.9609352565164,0.4076962211738247,5.884718244236874,0.010091272780055513,correction,1.0,1,1,1,1,1,0,1,1,0,1,2,0,0,0,1,1,0,0,0,0
sim_0041_n3_seed297,297,0.001,3,143.5,1,body_1,3.1163256233840357,1.938542682722356,6.136255126206959e-05,0.0001867760571012583,3.998504748256292,16.38775381346508,2,1.145559666076215,2.850613824411586,-8.082927510407234,4.0499671450729516e-05,36.802244197312866,-1.7376344191281184e-15,1.145559666076215,1-2,2,0.4000000000000057,400,,,,,0,3.998504748256292,16.019805584242153,1.145559666076215,2.850613824411586,4.1153235720964046e-05,negative_hard,10.0,1,1,1,1,0,1,1,0,0,1,2,0,0,0,1,1,0,0,0,0
sim_0041_n3_seed297,297,0.001,3,144.0,1,body_1,3.1163256233840357,1.938542682722356,0.00012979282038019793,0.0001561489970711078,1.4797659025531633,1.8555283825770696,2,1.8753038528402401,1.558855390750996,-8.082934345819597,3.9654045219194746e-05,36.80224419731287,-1.544563928113883e-15,1.8753038528402401,1-2,2,0.9000000000000057,900,,,,,0,1.4797659025531633,1.8492875460589957,1.8753038528402401,1.558855390750996,8.704672969190679e-05,negative_baseline,20.0,0,0,0,0,0,0,0,0,0,1,2,0,0,0,1,1,0,0,0,0
sim_0041_n3_seed297,297,0.001,3,145.0,1,body_1,3.1163256233840357,1.938542682722356,0.00023901621870234908,0.00021647626158861105,1.1022816854077495,0.6372873415058787,2,2.173601718027415,1.0941391562204739,-8.082934761763592,3.960258773061031e-05,36.80224419731291,-5.792114730427061e-16,2.173601718027415,1-2,2,1.9000000000000057,1900,,,,,0,1.1022816854077495,0.6353524385887594,2.173601718027415,1.0941391562204739,0.000160287146866983,negative_baseline,20.0,0,0,0,0,0,0,0,0,0,1,2,0,0,0,1,1,0,0,0,0
sim_0041_n3_seed297,297,0.001,3,145.5,1,body_1,3.1163256233840357,1.938542682722356,0.00031373759411481477,0.0003658207551912574,1.556289630866456,2.0833399232302505,2,1.8354853842707006,1.6172254184627985,-8.082934246185618,3.966637119193388e-05,36.80224419731303,2.702986874199295e-15,1.8354853842707006,1-2,2,2.4000000000000057,2400,,,,,0,1.556289630866456,2.06913188144859,1.8354853842707006,1.6172254184627985,0.00021038377982521967,negative_hard,10.0,0,0,0,1,0,0,0,0,0,1,2,0,0,0,1,1,0,0,0,0
sim_0041_n3_seed297,297,0.001,3,146.0,1,body_1,3.1163256233840357,1.938542682722356,0.0004984284867616843,0.0011864077822555368,4.70376119177317,22.298874797374484,2,1.0589566506855488,3.0526237279949853,-8.0829245868669,4.08613500539433e-05,36.80224419731315,5.985185221441297e-15,1.0589566506855488,1-2,2,2.9000000000000057,2900,,,,,0,4.70376119177317,21.493317344653192,1.0589566506855488,3.0526237279949853,0.0003342477354713931,negative_hard,10.0,1,1,1,1,1,0,1,0,0,1,2,0,0,0,1,1,0,0,0,0
sim_0041_n3_seed297,297,0.001,3,146.5,1,body_1,3.1163256233840357,1.938542682722356,0.000629290556410533,0.002456449798688642,9.126870716408298,77.08595546334203,2,0.7592846305854094,3.9463673868337352,-8.082903269017844,4.3498635327436245e-05,36.80224419731322,7.91589013158365e-15,0.7592846305854094,1-2,2,3.4000000000000057,3400,,,,,0,9.126870716408298,72.43845388138114,0.7592846305854094,3.9463673868337352,0.0004220909743143359,negative_hard,10.0,1,1,1,1,0,1,1,1,0,1,2,0,0,0,1,1,0,0,0,0
sim_0041_n3_seed297,297,0.001,3,147.0,1,body_1,3.1163256233840357,1.938542682722356,0.0004080049577863664,0.0006359438141876083,1.8174071672341026,3.1625894821305858,2,1.6910941167613853,1.8453846255875002,-8.082933791675682,3.972259977092059e-05,36.80224419731315,5.985185221441297e-15,1.6910941167613853,1-2,2,3.9000000000000057,3900,,,,,0,1.8174071672341026,3.1450110731326575,1.6910941167613853,1.8453846255875002,0.0002736217341276552,negative_hard,10.0,0,0,0,1,0,1,0,0,0,1,2,0,0,0,1,1,0,0,0,0
sim_0041_n3_seed297,297,0.001,3,148.0,1,body_1,3.1163256233840357,1.938542682722356,0.00045585742549217074,0.0004874010489357532,1.04958955648078,0.5057010754676158,2,2.2181908031774857,1.022243449798676,-8.08293479297043,3.959872705338714e-05,36.80224419731314,5.599044239412826e-15,2.2181908031774857,1-2,2,4.900000000000006,4900,,,,,0,1.04958955648078,0.5045874580676447,2.2181908031774857,1.022243449798676,0.00030562937357457175,negative_baseline,20.0,0,0,0,0,0,0,0,0,0,1,2,0,0,0,1,1,0,0,0,0
sim_0041_n3_seed297,297,0.001,3,148.95000000000002,1,body_1,3.1163256233840357,1.938542682722356,0.0007648254175792581,0.0012511239633387534,2.4134765408612324,5.85982364408783,2,1.4753823418298035,2.2005482163366574,-8.082932511928975,3.9880920487747423e-05,36.80224419731308,4.054480311298943e-15,1.4753823418298035,1-2,2,5.850000000000023,5850,,,,,0,2.4134765408612324,5.7755000156594285,1.4753823418298035,2.2005482163366574,0.0005127586686651577,negative_hard,10.0,0,0,0,1,1,0,0,0,0,1,2,0,0,0,1,1,0,0,0,0
sim_0041_n3_seed297,297,0.001,3,149.0,1,body_1,3.1163256233840357,1.938542682722356,0.0008033108665413638,0.0014041308280750354,2.7104213955309113,7.48411257908532,2,1.3928561258563419,2.3486382984996124,-8.08293172076649,3.997879720902441e-05,36.802244197313094,4.4406212933274135e-15,1.3928561258563419,1-2,2,5.900000000000006,5900,,,,,0,2.7104213955309113,7.35558707807283,1.3928561258563419,2.3486382984996124,0.0005385707560510176,negative_baseline,20.0,0,0,0,1,1,0,0,0,0,1,2,0,0,0,1,1,0,0,0,0
sim_0041_n3_seed297,297,0.001,3,149.45000000000002,1,body_1,3.1163256233840357,1.938542682722356,0.0019010162755813908,0.01878856474451332,38.1123624963001,474.4387765305925,2,0.3720820594363246,6.210050919071465,-8.083478610239446,-2.7678289088925407e-05,36.80224419731316,6.178255712455532e-15,0.3720820594363246,1-2,2,6.350000000000023,6350,,,,,0,38.1123624963001,686.0337809935203,0.3720820594363246,6.210050919071465,0.001275055965768531,negative_hard,10.0,1,1,1,1,1,0,1,1,0,1,2,0,0,0,1,1,0,0,0,0
sim_0041_n3_seed297,297,0.001,3,149.95000000000002,1,body_1,3.1163256233840357,1.938542682722356,0.000849441201164226,0.0016311725597725672,2.790175215947942,8.137552129815917,2,1.3661281853500704,2.4005635805390213,-8.082931405325706,4.001782118999538e-05,36.80224419731316,6.178255712455532e-15,1.3661281853500704,1-2,2,6.850000000000023,6850,,,,,0,2.790175215947942,8.03172946129821,1.3661281853500704,2.4005635805390213,0.0005698414068114324,negative_hard,10.0,0,0,1,1,0,1,0,0,0,1,2,0,0,0,1,1,0,0,0,0
sim_0041_n3_seed297,297,0.001,3,150.0,1,body_1,3.1163256233840357,1.938542682722356,0.0008152929860144707,0.0014691984744569888,2.469715374323267,6.323952067461867,2,1.4506562565586276,2.246861172990297,-8.082932293668307,3.990792206959251e-05,36.80224419731315,5.985185221441297e-15,1.4506562565586276,1-2,2,6.900000000000006,6900,,,,,0,2.469715374323267,6.257805407272897,1.4506562565586276,2.246861172990297,0.0005469141033464813,negative_baseline,20.0,0,0,1,1,0,1,0,0,0,1,2,0,0,0,1,1,0,0,0,0
sim_0041_n3_seed297,297,0.001,3,150.45000000000002,1,body_1,3.1163256233840357,1.938542682722356,0.0006713730618479652,0.000873867370348411,1.2969593972055642,1.3442936199440358,2,1.9867194770166845,1.3912162199775793,-8.082934527903351,3.9631519175291734e-05,36.80224419731318,6.757467185498238e-15,1.9867194770166845,1-2,2,7.350000000000023,7350,,,,,0,1.2969593972055642,1.340932976885633,1.9867194770166845,1.3912162199775793,0.00045016027839588085,negative_hard,10.0,0,0,0,0,0,0,0,0,0,1,2,0,0,0,1,1,0,0,0,0
sim_0041_n3_seed297,297,0.001,3,151.0,1,body_1,3.1163256233840357,1.938542682722356,0.0006735200893926574,0.0007604189504154572,1.022737955515732,0.48816063561494133,2,2.229936663562069,1.0062374229156288,-8.082934794678103,3.9598515792917034e-05,36.80224419731318,6.757467185498238e-15,2.229936663562069,1-2,2,7.900000000000006,7900,,,,,0,1.022737955515732,0.48745236203866565,2.229936663562069,1.0062374229156288,0.0004513959085343282,negative_baseline,20.0,0,0,0,0,0,0,0,0,0,1,2,0,0,0,1,1,0,0,0,0
sim_0041_n3_seed297,297,0.001,3,152.0,1,body_1,3.1163256233840357,1.938542682722356,0.0010271303995502698,0.001501064024607666,1.8723905255461735,3.3983067236050273,2,1.6676114437584497,1.8777458568481635,-8.082933636939254,3.9741742607614525e-05,36.80224419731321,7.52974914955518e-15,1.6676114437584497,1-2,2,8.900000000000006,8900,,,,,0,1.8723905255461735,3.3648715476168682,1.6676114437584497,1.8777458568481635,0.0006882069985336181,negative_baseline,20.0,0,0,0,1,1,0,0,0,0,1,2,0,0,0,1,1,0,0,0,0
sim_0041_n3_seed297,297,0.001,3,152.3,1,body_1,3.1163256233840357,1.938542682722356,0.0013935231382659436,0.0030294429351387215,3.8528331611336863,15.379488720609332,2,1.168129032085376,2.797156198156589,-8.082927611440637,4.0487172351839994e-05,36.8022441973132,7.336678658540944e-15,1.168129032085376,1-2,2,9.200000000000017,9200,,,,,0,3.8528331611336863,14.931420939121194,1.168129032085376,2.797156198156589,0.0009339145282331368,negative_hard,10.0,1,1,1,1,1,0,0,0,0,1,2,0,0,0,1,1,0,0,0,0
sim_0041_n3_seed297,297,0.001,3,152.8,1,body_1,3.1163256233840357,1.938542682722356,0.002100410803660626,0.01001498069974939,12.97333831686508,146.6420666554393,2,0.6369718995848274,4.450194222494851,-8.082881888938811,4.614361922958096e-05,36.80224419731323,8.108960622597885e-15,0.6369718995848274,1-2,2,9.700000000000017,9700,,,,,0,12.97333831686508,134.80271806899287,0.6369718995848274,4.450194222494851,0.0014097009191033547,negative_hard,10.0,1,1,1,1,0,1,1,1,0,1,2,0,0,0,1,1,0,0,0,0
sim_0041_n3_seed297,297,0.001,3,153.0,1,body_1,3.1163256233840357,1.938542682722356,0.0014460779230090054,0.0033940382200075155,4.0889616185297015,17.612775834078654,2,1.1291427872226956,2.886351381656113,-8.082926477465923,4.0627459244946205e-05,36.80224419731326,8.881242586654827e-15,1.1291427872226956,1-2,2,9.900000000000006,9900,,,,,0,4.0889616185297015,17.174194486233457,1.1291427872226956,2.886351381656113,0.0009707522456940888,negative_baseline,20.0,1,1,1,1,0,1,1,0,0,1,2,0,0,0,1,1,0,0,0,0
sim_0041_n3_seed297,297,0.001,3,153.3,1,body_1,3.1163256233840357,1.938542682722356,0.0010967157885444175,0.0017217831145680262,1.8916769372687772,3.676074138507486,2,1.6436970408558491,1.9224170076883043,-8.082933515767243,3.9756733104994215e-05,36.80224419731326,8.881242586654827e-15,1.6436970408558491,1-2,2,10.200000000000017,10200,,,,,0,1.8916769372687772,3.6522030515778012,1.6436970408558491,1.9224170076883043,0.0007360488746321741,negative_hard,10.0,0,0,0,1,0,1,0,0,0,1,2,0,0,0,1,1,0,0,0,0
sim_0041_n3_seed297,297,0.001,3,153.8,1,body_1,3.1163256233840357,1.938542682722356,0.0009193680399543387,0.0011209804490791456,1.104938283454183,0.8837181759149846,2,2.11779991809115,1.1953595181479173,-8.082934679247275,3.9612796033894556e-05,36.80224419731328,9.460454059697534e-15,2.11779991809115,1-2,2,10.700000000000017,10700,,,,,0,1.104938283454183,0.8822561592999126,2.11779991809115,1.1953595181479173,0.0006162946364897035,negative_hard,10.0,0,0,0,0,0,0,0,0,0,1,2,0,0,0,1,1,0,0,0,0
sim_0041_n3_seed297,297,0.001,3,154.0,1,body_1,3.1163256233840357,1.938542682722356,0.000906794693847652,0.0010571478781083886,1.0089169040649024,0.5970998044013781,2,2.2075806349453244,1.0528632436196186,-8.082934763296281,3.96023981178039e-05,36.80224419731325,8.688172095640592e-15,2.2075806349453244,1-2,2,10.900000000000006,10900,,,,,0,1.0089169040649024,0.5963771253975519,2.2075806349453244,1.0528632436196186,0.0006075978550880107,negative_baseline,20.0,0,0,0,0,0,0,0,0,0,1,2,0,0,0,1,1,0,0,0,0
sim_0041_n3_seed297,297,0.001,3,155.0,1,body_1,3.1163256233840357,1.938542682722356,0.0011954569558830755,0.0015631179965040806,1.378680276092123,1.7130526585643076,2,1.90873406635311,1.5015343178546081,-8.08293434736349,3.965385422015728e-05,36.80224419731327,9.267383568683297e-15,1.90873406635311,1-2,2,11.900000000000006,11900,,,,,0,1.378680276092123,1.702398426735663,1.90873406635311,1.5015343178546081,0.0008001439742453115,negative_baseline,20.0,0,0,0,0,0,0,0,0,0,1,2,0,0,0,1,1,0,0,0,0
sim_0041_n3_seed297,297,0.001,3,155.4,1,body_1,3.1163256233840357,1.938542682722356,0.0016602541673398556,0.003035898244735899,2.755161346754007,8.1094191232803,2,1.3705009879843595,2.3822997714426193,-8.08293120122731,4.0043070721046196e-05,36.802244197313215,7.722819640569415e-15,1.3705009879843595,1-2,2,12.300000000000011,12300,,,,,0,2.755161346754007,7.955582365306599,1.3705009879843595,2.3822997714426193,0.001111144910497512,negative_hard,10.0,0,0,1,1,1,0,0,0,0,1,2,0,0,0,1,1,0,0,0,0
sim_0041_n3_seed297,297,0.001,3,155.9,1,body_1,3.1163256233840357,1.938542682722356,0.003996853341231955,0.04058203750227634,39.6694473693221,561.4060815478629,2,0.3648179708574755,6.278358456043768,-8.08335689152166,-1.262015723496842e-05,36.802244197313264,9.074313077669062e-15,0.3648179708574755,1-2,2,12.800000000000011,12800,,,,,0,39.6694473693221,791.9387603928539,0.3648179708574755,6.278358456043768,0.002682677682897621,negative_hard,10.0,1,1,1,1,0,1,1,1,0,1,2,0,0,0,1,1,0,0,0,0
sim_0041_n3_seed297,297,0.001,3,156.0,1,body_1,3.1163256233840357,1.938542682722356,0.0028742896031411502,0.013591325769396477,12.871676050981566,149.08381307542214,2,0.6395182831168738,4.433970499182197,-8.082874027148208,4.7116221321255716e-05,36.802244197313236,8.30203111361212e-15,0.6395182831168738,1-2,2,12.900000000000006,12900,,,,,0,12.871676050981566,135.26642249672068,0.6395182831168738,4.433970499182197,0.0019311379527648966,negative_baseline,20.0,1,1,1,1,0,1,1,1,0,1,2,0,0,0,1,1,0,0,0,0
sim_0041_n3_seed297,297,0.001,3,156.4,1,body_1,3.1163256233840357,1.938542682722356,0.0015773807291852317,0.0026847084435088512,2.2176697812123147,5.438566341289438,2,1.5083461256232993,2.1417084558275725,-8.08293258009959,3.9872486927868605e-05,36.80224419731324,8.495101604626357e-15,1.5083461256232993,1-2,2,13.300000000000011,13300,,,,,0,2.2176697812123147,5.387096406390746,1.5083461256232993,2.1417084558275725,0.0010615512525996148,negative_hard,10.0,0,0,0,1,0,1,0,0,0,1,2,0,0,0,1,1,0,0,0,0
sim_0041_n3_seed297,297,0.001,3,156.9,1,body_1,3.1163256233840357,1.938542682722356,0.0012211884406930582,0.0014966858277346792,1.0817695932827167,1.1074934224362534,2,2.0676674553631362,1.2880186699824447,-8.08293457683008,3.962546632528718e-05,36.80224419731326,8.881242586654827e-15,2.0676674553631362,1-2,2,13.800000000000011,13800,,,,,0,1.0817695932827167,1.105324812802381,2.0676674553631362,1.2880186699824447,0.0008201631969358759,negative_hard,10.0,0,0,0,0,0,0,0,0,0,1,2,0,0,0,0,0,0,0,0,0
sim_0041_n3_seed297,297,0.001,3,157.0,1,body_1,3.1163256233840357,1.938542682722356,0.0011934608364466144,0.0014114921555152757,0.9968517176566201,0.8846505200021635,2,2.1336697179943656,1.193054774610674,-8.082934653701145,3.9615956410614686e-05,36.80224419731325,8.688172095640592e-15,2.1336697179943656,1-2,2,13.900000000000006,13900,,,,,0,0.9968517176566201,0.88328803794462,2.1336697179943656,1.193054774610674,0.000800931213736457,negative_baseline,20.0,0,0,0,0,0,0,0,0,0,1,2,0,0,0,0,0,0,0,0,0
sim_0041_n3_seed297,297,0.001,3,157.4,1,body_1,3.1163256233840357,1.938542682722356,0.001154171902764181,0.001261373194360083,0.8168025463705637,0.4317953640132312,2,2.2758025792620455,0.9905692773363376,-8.082934776705198,3.960073926665501e-05,36.802244197313186,6.9505376765124735e-15,2.2758025792620455,1-2,2,14.300000000000011,14300,,,,,0,0.8168025463705637,0.4313827301871835,2.2758025792620455,0.9905692773363376,0.0007725532481600329,negative_hard,10.0,0,0,0,0,0,0,0,0,0,1,2,0,0,0,0,0,0,0,0,0
sim_0041_n3_seed297,297,0.001,3,158.0,1,body_1,3.1163256233840357,1.938542682722356,0.001264329322004449,0.0014874744858886576,0.865231618358542,0.6531868338647765,2,2.156828415274497,1.179698705787405,-8.082934703918976,3.9609743835059546e-05,36.80224419731319,7.143608167526709e-15,2.156828415274497,1-2,2,14.900000000000006,14900,,,,,0,0.865231618358542,0.6506352567170959,2.156828415274497,1.179698705787405,0.0008470769104739843,negative_baseline,20.0,0,0,0,0,0,0,0,0,0,1,2,0,0,0,0,0,0,0,0,0
sim_0041_n3_seed297,297,0.001,3,158.6,1,body_1,3.1163256233840357,1.938542682722356,0.0017851420670667657,0.002916754460346935,1.6978314899252687,3.812279109670866,2,1.6077344949773527,1.972626153373064,-8.082933521289918,3.9756049880756904e-05,36.80224419731314,5.599044239412826e-15,1.6077344949773527,1-2,2,15.5,15500,,,,,0,1.6978314899252687,3.772064744177919,1.6077344949773527,1.972626153373064,0.0011986002817403448,negative_hard,10.0,0,0,0,1,1,0,0,0,0,1,2,0,0,0,0,0,0,0,0,0
sim_0041_n3_seed297,297,0.001,3,159.0,1,body_1,3.1163256233840357,1.938542682722356,0.0031564506975540084,0.010112588291936269,6.5018684855756765,43.81188538918851,2,0.8801274318659468,3.5024331051049415,-8.08291599556184,4.192420223259705e-05,36.802244197313165,6.371326203469767e-15,0.8801274318659468,1-2,2,15.900000000000006,15900,,,,,0,6.5018684855756765,41.50803106459714,0.8801274318659468,3.5024331051049415,0.0021105026938652177,negative_baseline,20.0,1,1,1,1,1,0,1,0,0,1,2,0,0,0,1,1,0,0,0,0
sim_0041_n3_seed297,297,0.001,3,159.1,1,body_1,3.1163256233840357,1.938542682722356,0.0040911657979143005,0.02002007096701012,13.155211267120311,145.7952821345122,2,0.6280663486913534,4.45558706140305,-8.0828929871486,4.477063149694868e-05,36.80224419731322,7.91589013158365e-15,0.6280663486913534,1-2,2,16.0,16000,,,,,0,13.155211267120311,134.4348176614934,0.6280663486913534,4.45558706140305,0.002731885940967466,negative_hard,10.0,1,1,1,1,1,0,1,1,0,1,2,0,0,0,1,1,0,0,0,0
sim_0041_n3_seed297,297,0.001,3,159.6,1,body_1,3.1163256233840357,1.938542682722356,0.0031096525366007648,0.007051054875282403,4.215051962468033,15.558004058929725,2,1.1419235903692755,2.7738520525006547,-8.082928197908064,4.041461897621996e-05,36.80224419731321,7.52974914955518e-15,1.1419235903692755,1-2,2,16.5,16500,,,,,0,4.215051962468033,15.205250033714288,1.1419235903692755,2.7738520525006547,0.0020993636510367813,negative_hard,10.0,1,1,1,1,0,1,0,0,0,1,2,0,0,0,0,0,0,0,0,0
sim_0041_n3_seed297,297,0.001,3,160.0,1,body_1,3.1163256233840357,1.938542682722356,0.002062544904451751,0.0034811960928795354,2.0103096214708702,2.161319195005173,2,1.710559825604212,1.5888176248017312,-8.082934562578906,3.962722937429096e-05,36.80224419731321,7.52974914955518e-15,1.710559825604212,1-2,2,16.900000000000006,16900,,,,,0,2.0103096214708702,2.1491780410971075,1.710559825604212,1.5888176248017312,0.001438845817562457,negative_baseline,20.0,0,0,0,1,0,0,0,0,0,1,2,0,0,0,0,0,0,0,0,0
sim_0041_n3_seed297,297,0.001,3,160.1,1,body_1,3.1163256233840357,1.938542682722356,0.001913647352756456,0.0032254967075555697,1.8590184057233814,1.5707759299294866,2,1.7950279305653503,1.4136386335567301,-8.082934848517239,3.9591855216624644e-05,36.80224419731321,7.52974914955518e-15,1.7950279305653503,1-2,2,17.0,17000,,,,,0,1.8590184057233814,1.5640097314745238,1.7950279305653503,1.4136386335567301,0.0013525446776939843,negative_hard,10.0,0,0,0,1,0,0,0,0,0,1,2,0,0,0,0,0,0,0,0,0
sim_0041_n3_seed297,297,0.001,3,161.0,1,body_1,3.1163256233840357,1.938542682722356,0.001990064225534781,0.0036109839521495874,2.113347546553761,2.8864584342807076,2,1.6777001360325972,1.5156409350543671,-8.082934419514515,3.964492823356088e-05,36.80224419731315,5.985185221441297e-15,1.6777001360325972,1-2,2,17.900000000000006,17900,,,,,0,2.113347546553761,2.8602033137558487,1.6777001360325972,1.5156409350543671,0.0014708755653711145,negative_baseline,20.0,0,0,0,1,0,0,0,0,0,1,2,0,0,0,0,0,0,0,0,0
sim_0041_n3_seed297,297,0.001,3,161.15,1,body_1,3.1163256233840357,1.938542682722356,0.002295974771184052,0.00434567683666232,2.5942994538474338,5.243160764764343,2,1.4908394927381161,1.879341932037303,-8.082933034104961,3.98163207697148e-05,36.80224419731316,6.178255712455532e-15,1.4908394927381161,1-2,2,18.05000000000001,18050,,,,,0,2.5942994538474338,5.164983986181797,1.4908394927381161,1.879341932037303,0.0016541022868737407,negative_hard,10.0,0,0,0,1,1,0,0,0,0,1,2,0,0,0,0,0,0,0,0,0
sim_0041_n3_seed297,297,0.001,3,161.65,1,body_1,3.1163256233840357,1.938542682722356,0.0068709087527516425,0.13386866711268264,112.3993769984919,1004.86712552824,2,0.2162119572925542,8.365061523256756,-8.087546758699787,-0.0005309592719292728,36.80224419731311,4.826762275355884e-15,0.2162119572925542,1-2,2,18.55000000000001,18550,,,,,0,112.3993769984919,4784.343591577693,0.2162119572925542,8.365061523256756,0.0043616736756521965,negative_hard,10.0,1,1,1,1,1,0,1,1,0,1,2,0,0,0,1,1,0,0,0,0
sim_0041_n3_seed297,297,0.001,3,162.0,1,body_1,3.1163256233840357,1.938542682722356,0.0015446896103309563,0.002834782096105255,3.9953839760685996,15.163916535882299,2,1.1819134900643102,2.5988786169457474,-8.08292630902217,4.0648297849651546e-05,36.80224419731309,4.2475508023131784e-15,1.1819134900643102,1-2,2,18.900000000000006,18900,,,,,0,3.9953839760685996,14.756262796629779,1.1819134900643102,2.5988786169457474,0.0012913200515948585,negative_baseline,20.0,1,1,1,1,0,1,0,0,0,1,2,0,0,0,1,1,0,0,0,0
sim_0041_n3_seed297,297,0.001,3,162.15,1,body_1,3.1163256233840357,1.938542682722356,0.0012420791099632034,0.0015746269048046578,2.6590600501628643,6.152838767583704,2,1.4626825219947714,2.0298778920070752,-8.082932006807859,3.9943410304537206e-05,36.80224419731305,3.2821983472420013e-15,1.4626825219947714,1-2,2,19.05000000000001,19050,,,,,0,2.6590600501628643,6.0806558889193205,1.4626825219947714,2.0298778920070752,0.0012001518752323805,negative_hard,10.0,0,0,1,1,0,1,0,0,0,1,2,0,0,0,0,0,0,0,0,0
sim_0041_n3_seed297,297,0.001,3,163.0,1,body_1,3.1163256233840357,1.938542682722356,0.0008001978666160321,0.0004183444207505231,1.2725447531605159,0.5212769268969013,2,2.138452423868962,0.8422707360297609,-8.082934693332227,3.96110535487099e-05,36.80224419731307,3.8614098202847076e-15,2.138452423868962,1-2,2,19.900000000000006,19900,,,,,0,1.2725447531605159,0.5205544595608986,2.138452423868962,0.8422707360297609,0.0013614887531407857,negative_baseline,20.0,0,0,0,0,0,0,0,0,0,1,2,0,0,0,0,0,0,0,0,0
sim_0041_n3_seed297,297,0.001,3,163.9,1,body_1,3.1163256233840357,1.938542682722356,0.001780509538951686,0.003277260084538668,2.0512878833846893,3.524803501622633,2,1.640969190461604,1.7389781980736798,-8.082933301288556,3.9783266808366214e-05,36.80224419731305,3.2821983472420013e-15,1.640969190461604,1-2,2,20.80000000000001,20800,,,,,0,2.0512878833846893,3.4838268776875854,1.640969190461604,1.7389781980736798,0.0020621480437098307,negative_hard,10.0,0,0,0,1,1,0,0,0,0,1,2,0,0,0,1,1,0,0,0,0
sim_0041_n3_seed297,297,0.001,3,164.0,1,body_1,3.1163256233840357,1.938542682722356,0.0021194729226259985,0.004337632203180081,2.4577409023475094,5.530729373780824,2,1.4928180965419569,2.0058837728432106,-8.082932159213158,3.992455585774342e-05,36.802244197313044,3.089127856227766e-15,1.4928180965419569,1-2,2,20.900000000000006,20900,,,,,0,2.4577409023475094,5.441023563161385,1.4928180965419569,2.0058837728432106,0.002267336267128896,negative_baseline,20.0,0,0,0,1,1,0,0,0,0,1,2,0,0,0,1,1,0,0,0,0
sim_0041_n3_seed297,297,0.001,3,164.4,1,body_1,3.1163256233840357,1.938542682722356,0.006549965603283871,0.045931644043945855,18.962680876795297,387.3469768387426,2,0.5281928299380428,4.948972771289028,-8.0827210010236,6.604747202252008e-05,36.802244197312994,1.7376344191281184e-15,0.5281928299380428,1-2,2,21.30000000000001,21300,,,,,0,18.962680876795297,283.0030104434338,0.5281928299380428,4.948972771289028,0.005210417643902593,negative_hard,8.0,1,1,1,1,1,0,1,1,0,1,2,0,0,0,1,1,0,0,0,0
sim_0041_n3_seed297,297,0.001,3,164.70000000000002,1,body_1,3.1163256233840357,1.938542682722356,0.007069096432432603,0.020746627369979075,7.303942433669036,56.468463687877545,2,0.8517715316845739,3.5240516814082063,-8.082897810230307,4.417395580401096e-05,36.80224419731299,1.544563928113883e-15,0.8517715316845739,1-2,2,21.600000000000023,21600,,,,,0,7.303942433669036,51.96731766609936,0.8517715316845739,3.5240516814082063,0.004754237985160613,negative_hard,10.0,1,1,1,1,0,1,1,0,0,1,2,0,0,0,1,1,0,0,0,0
sim_0041_n3_seed297,297,0.001,3,165.0,1,body_1,3.1163256233840357,1.938542682722356,0.004689772936055709,0.006913480726277392,2.4221827093830606,5.51930271441964,2,1.4917187515635708,1.9951514358740967,-8.08293220551146,3.991882817715301e-05,36.80224419731293,0.0,1.4917187515635708,1-2,2,21.900000000000006,21900,,,,,0,2.4221827093830606,5.456816165178069,1.4917187515635708,1.9951514358740967,0.0031440410597262406,negative_baseline,20.0,0,0,0,1,0,1,0,0,0,1,2,0,0,0,1,1,0,0,0,0
sim_0041_n3_seed297,297,0.001,3,165.20000000000002,1,body_1,3.1163256233840357,1.938542682722356,0.0038592131758708893,0.005131892793843811,1.7535417854567183,2.4051383832078335,2,1.7606707239553356,1.5083400675593073,-8.08293392760784,3.9705783258265816e-05,36.80224419731292,-1.9307049101423537e-16,1.7606707239553356,1-2,2,22.100000000000023,22100,,,,,0,1.7535417854567183,2.392446332570186,1.7606707239553356,1.5083400675593073,0.0026713829158294122,negative_hard,10.0,0,0,0,1,0,0,0,0,0,1,2,0,0,0,1,1,0,0,0,0
sim_0041_n3_seed297,297,0.001,3,166.0,1,body_1,3.1163256233840357,1.938542682722356,0.002479398467835931,0.004586830604844479,1.2530606951293963,0.560058058356198,2,2.090776463933936,0.8982084682372128,-8.082934695923784,3.961073294058487e-05,36.80224419731288,-1.3514934370996475e-15,2.090776463933936,1-2,2,22.900000000000006,22900,,,,,0,1.2530606951293963,0.5580837044639173,2.090776463933936,0.8982084682372128,0.00248402007850503,negative_baseline,20.0,0,0,0,0,0,0,0,0,0,1,2,0,0,0,1,1,0,0,0,0
sim_0041_n3_seed297,297,0.001,3,166.85,1,body_1,3.1163256233840357,1.938542682722356,0.007020852059604002,0.01755569640126288,3.4096825546663796,11.775274993665514,2,1.2519476452555232,2.4846452217752852,-8.082928443722858,4.0384208603423406e-05,36.80224419731275,-4.826762275355884e-15,1.2519476452555232,1-2,2,23.75,23750,,,,,0,3.4096825546663796,11.442691063534637,1.2519476452555232,2.4846452217752852,0.0059170932527415196,negative_hard,8.0,1,1,1,1,1,0,0,0,0,1,2,0,0,0,1,1,0,0,0,0
sim_0041_n3_seed297,297,0.001,3,167.0,1,body_1,3.1163256233840357,1.938542682722356,0.010082079621944831,0.035238899665806685,6.496993132468378,44.001833373561325,2,0.904022681315829,3.3651461259619135,-8.08290723112217,4.300847333385407e-05,36.80224419731274,-5.212903257384355e-15,0.904022681315829,1-2,2,23.900000000000006,23900,,,,,0,6.496993132468378,40.737116083086484,0.904022681315829,3.3651461259619135,0.00801899724580089,negative_pre_failure,1.0,1,1,1,1,1,0,1,0,0,1,2,0,0,0,1,1,0,0,0,0
sim_0041_n3_seed297,297,0.001,3,167.05,1,body_1,3.1163256233840357,1.938542682722356,0.011791178671789568,0.05018075897324498,9.11909062383449,86.39443500379352,2,0.7622473686324248,3.843658306364067,-8.082880276018624,4.6343157684173065e-05,36.80224419731273,-5.40597374839859e-15,0.7622473686324248,1-2,2,23.950000000000017,23950,,,,,0,9.11909062383449,76.3510106855408,0.7622473686324248,3.843658306364067,0.009188040543380389,negative_pre_failure,1.0,1,1,1,1,1,0,1,1,0,1,2,0,0,0,1,1,0,0,0,0
sim_0041_n3_seed297,297,0.001,3,167.1,1,body_1,3.1163256233840357,1.938542682722356,0.01429305855368153,0.08078744190793591,14.52187959913044,187.14233883451004,2,0.6034214285054667,4.534858186323112,-8.08280810518719,5.527159462064886e-05,36.80224419731273,-5.40597374839859e-15,0.6034214285054667,1-2,3,0.0,0,0.010893470538036755,24.0,0.01429305855368153,0.08078744190793591,1,14.52187959913044,175.48356717432566,0.6034214285054667,4.534858186323112,0.010893470538036755,correction,1.0,1,1,1,1,1,0,1,1,0,1,2,0,0,0,1,1,0,0,0,0
sim_0041_n3_seed297,297,0.001,3,167.20000000000002,1,body_1,3.1163256233840357,1.938542682722356,7.90692687479639e-06,0.0001886844914925612,71.35144069873552,1052.4920731142245,2,0.2718391011321178,7.381207691268464,-8.084226608181261,-0.00012021501506859977,36.8022441973129,-7.722819640569415e-16,0.2718391011321178,1-2,3,0.10000000000002274,100,,,,,0,71.35144069873552,2324.7919519402917,0.2718391011321178,7.381207691268464,5.302811085516228e-06,negative_hard,10.0,1,1,1,1,1,0,1,1,0,1,2,0,0,0,1,1,0,0,0,0
sim_0041_n3_seed297,297,0.001,3,167.70000000000002,1,body_1,3.1163256233840357,1.938542682722356,0.00020637087863757146,0.000293112724570999,2.591685670003199,6.575938570683185,2,1.4317017901104747,2.116261951614079,-8.083364646732917,-1.35795741249113e-05,36.802244197312966,9.653524550711769e-16,1.4317017901104747,1-2,3,0.6000000000000227,600,,,,,0,2.591685670003199,6.490080314707918,1.4317017901104747,2.116261951614079,0.00013840469554277475,negative_hard,10.0,0,0,1,1,0,1,0,0,0,1,2,0,0,0,1,1,0,0,0,0
sim_0041_n3_seed297,297,0.001,3,168.0,1,body_1,3.1163256233840357,1.938542682722356,0.0002611660188551091,0.00018188963968042974,1.6104772305511916,1.9245875532690284,2,1.8228559600395964,1.4026739890035984,-8.083367172437281,-1.3892035429361603e-05,36.80224419731298,1.3514934370996475e-15,1.8228559600395964,1-2,3,0.9000000000000057,900,,,,,0,1.6104772305511916,1.9163302413865515,1.8228559600395964,1.4026739890035984,0.00017516003718687193,negative_baseline,20.0,0,0,0,1,0,0,0,0,0,1,2,0,0,0,1,1,0,0,0,0
sim_0041_n3_seed297,297,0.001,3,169.0,1,body_1,3.1163256233840357,1.938542682722356,0.0002647408468131977,0.00012851763733995618,1.399057443072977,1.1430098518567169,2,1.9597573405490285,1.1573894920886842,-8.083367509336224,-1.3933714053571824e-05,36.802244197312945,3.8614098202847074e-16,1.9597573405490285,1-2,3,1.9000000000000057,1900,,,,,0,1.399057443072977,1.1366577825367885,1.9597573405490285,1.1573894920886842,0.00017762728978192957,negative_baseline,20.0,0,0,0,0,0,0,0,0,0,1,2,0,0,0,1,1,0,0,0,0
sim_0041_n3_seed297,297,0.001,3,169.3,1,body_1,3.1163256233840357,1.938542682722356,0.00021667799639687042,0.00020213985824549155,1.900694922977304,3.0664950338931094,2,1.6775307095810543,1.6673851649081377,-8.083366630253618,-1.3824960510733326e-05,36.80224419731289,-1.1584229460854121e-15,1.6775307095810543,1-2,3,2.200000000000017,2200,,,,,0,1.900694922977304,3.034845411226539,1.6775307095810543,1.6673851649081377,0.00014542381103299678,negative_hard,10.0,0,0,0,1,1,0,0,0,0,1,2,0,0,0,1,1,0,0,0,0
sim_0041_n3_seed297,297,0.001,3,169.8,1,body_1,3.1163256233840357,1.938542682722356,0.00015550787299835198,0.0006754319025764406,11.809045670641796,143.03714761662766,2,0.6690009366653525,4.2249625867895295,-8.083282436944323,-3.409192289971163e-06,36.802244197312895,-9.653524550711769e-16,0.6690009366653525,1-2,3,2.700000000000017,2700,,,,,0,11.809045670641796,121.13120201683472,0.6690009366653525,4.2249625867895295,0.00010450325605678213,negative_hard,10.0,1,1,1,1,1,0,1,1,0,1,2,0,0,0,1,1,0,0,0,0
sim_0041_n3_seed297,297,0.001,3,170.0,1,body_1,3.1163256233840357,1.938542682722356,0.0002359487030865493,0.001971927835992626,39.392578862364964,1009.9039718536131,2,0.36572889074239934,6.216511916074775,-8.083064042600661,2.3608926885494594e-05,36.8022441973129,-7.722819640569415e-16,0.36572889074239934,1-2,3,2.9000000000000057,2900,,,,,0,39.392578862364964,958.535785210529,0.36572889074239934,6.216511916074775,0.00015833345600477206,negative_baseline,20.0,1,1,1,1,0,1,1,1,0,1,2,0,0,0,1,1,0,0,0,0
sim_0041_n3_seed297,297,0.001,3,170.3,1,body_1,3.1163256233840357,1.938542682722356,0.00028472563570549963,0.0005987716211875649,3.59741789558028,13.41259496999008,2,1.2115292566882565,2.5720029946061387,-8.083360503592301,-1.3067015671900823e-05,36.80224419731292,-1.9307049101423537e-16,1.2115292566882565,1-2,3,3.200000000000017,3200,,,,,0,3.59741789558028,13.089503789470863,1.2115292566882565,2.5720029946061387,0.00019122108898866755,negative_hard,10.0,1,1,1,1,0,1,0,0,0,1,2,0,0,0,1,1,0,0,0,0
sim_0041_n3_seed297,297,0.001,3,171.0,1,body_1,3.1163256233840357,1.938542682722356,0.0005188238580845386,0.0001800634963067297,1.3067515837734076,0.8454219914315395,2,2.020071908300576,1.0365215402962553,-8.083367618384106,-1.3947204644114883e-05,36.80224419731299,1.544563928113883e-15,2.020071908300576,1-2,3,3.9000000000000057,3900,,,,,0,1.3067515837734076,0.8436466116099187,2.020071908300576,1.0365215402962553,0.0003483120449531274,negative_baseline,20.0,0,0,0,0,0,0,0,0,0,1,2,0,0,0,1,1,0,0,0,0
sim_0041_n3_seed297,297,0.001,3,171.85,1,body_1,3.1163256233840357,1.938542682722356,0.0004545853310757358,0.00028334419581057694,1.5621329031244102,1.7469754524864831,2,1.8476514679133909,1.362266694088377,-8.08336726911306,-1.3903995435563807e-05,36.802244197313016,2.3168458921708242e-15,1.8476514679133909,1-2,3,4.75,4750,,,,,0,1.5621329031244102,1.7346257566160712,1.8476514679133909,1.362266694088377,0.0003053579455211535,negative_hard,10.0,0,0,0,1,0,0,0,0,0,1,2,0,0,0,1,1,0,0,0,0
sim_0041_n3_seed297,297,0.001,3,172.0,1,body_1,3.1163256233840357,1.938542682722356,0.0004063060684575057,0.0003642333064998821,1.8664205348212537,2.9441135137155885,2,1.6890458651953009,1.6458242246010608,-8.083366704152397,-1.3834102716410728e-05,36.80224419731296,7.722819640569415e-16,1.6890458651953009,1-2,3,4.900000000000006,4900,,,,,0,1.8664205348212537,2.9147275381518662,1.6890458651953009,1.6458242246010608,0.0002730158512396822,negative_baseline,20.0,0,0,0,1,1,0,0,0,0,1,2,0,0,0,1,1,0,0,0,0
sim_0041_n3_seed297,297,0.001,3,172.35,1,body_1,3.1163256233840357,1.938542682722356,0.0002690140728994646,0.0006792276776705847,4.366282332742247,19.78058438805074,2,1.101452625707998,2.829568608294108,-8.083356522961381,-1.2574561706350847e-05,36.802244197312994,1.7376344191281184e-15,1.101452625707998,1-2,3,5.25,5250,,,,,0,4.366282332742247,18.97236130584717,1.101452625707998,2.829568608294108,0.00018114976422031886,negative_hard,10.0,1,1,1,1,1,0,1,0,0,1,2,0,0,0,1,1,0,0,0,0
sim_0041_n3_seed297,297,0.001,3,172.85,1,body_1,3.1163256233840357,1.938542682722356,0.00029984547097811255,0.0012153907000312257,7.917300828720586,65.1934527626941,2,0.815782236528494,3.6519771402930576,-8.083327744721222,-9.014332493287098e-06,36.80224419731298,1.3514934370996475e-15,0.815782236528494,1-2,3,5.75,5750,,,,,0,7.917300828720586,59.81060946144497,0.815782236528494,3.6519771402930576,0.00020166354454258112,negative_hard,10.0,1,1,1,1,0,1,1,0,0,1,2,0,0,0,1,1,0,0,0,0
sim_0041_n3_seed297,297,0.001,3,173.0,1,body_1,3.1163256233840357,1.938542682722356,0.00038972737056735613,0.0008738401511535622,3.7734067266881954,14.802308836968269,2,1.1822303221156973,2.6383653597940793,-8.083359688869647,-1.2966224262261552e-05,36.80224419731293,0.0,1.1822303221156973,1-2,3,5.900000000000006,5900,,,,,0,3.7734067266881954,14.417447188110646,1.1822303221156973,2.6383653597940793,0.0002622071670736548,negative_baseline,20.0,1,1,1,1,0,1,0,0,0,1,2,0,0,0,1,1,0,0,0,0
sim_0041_n3_seed297,297,0.001,3,173.35,1,body_1,3.1163256233840357,1.938542682722356,0.0006149789491113065,0.0004889583900133675,1.7649271455069093,2.5657247632992974,2,1.7318208400239345,1.5672846936578062,-8.08336689114579,-1.3857236144219206e-05,36.80224419731299,1.544563928113883e-15,1.7318208400239345,1-2,3,6.25,6250,,,,,0,1.7649271455069093,2.551632749580852,1.7318208400239345,1.5672846936578062,0.0004134092954857402,negative_hard,10.0,0,0,0,1,0,0,0,0,0,1,2,0,0,0,1,1,0,0,0,0
sim_0041_n3_seed297,297,0.001,3,174.0,1,body_1,3.1163256233840357,1.938542682722356,0.0007624692044212415,0.00014357048975055322,1.2224502513521305,0.5243057400497115,2,2.0859894235910854,0.9021878160328017,-8.083367715066279,-1.3959165441444513e-05,36.80224419731298,1.3514934370996475e-15,2.0859894235910854,1-2,3,6.900000000000006,6900,,,,,0,1.2224502513521305,0.5231010587096827,2.0859894235910854,0.9021878160328017,0.0005124473812045832,negative_baseline,20.0,0,0,0,0,0,0,0,0,0,1,2,0,0,0,1,1,0,0,0,0
sim_0041_n3_seed297,297,0.001,3,174.9,1,body_1,3.1163256233840357,1.938542682722356,0.00047521821220075796,0.000717759952021745,2.6440430942944255,6.84736994812321,2,1.4159652617559133,2.1500947326000848,-8.083364576719896,-1.3570912636166796e-05,36.80224419731301,2.1237754011565892e-15,1.4159652617559133,1-2,3,7.800000000000011,7800,,,,,0,2.6440430942944255,6.721304487075024,1.4159652617559133,2.1500947326000848,0.0003201423175689033,negative_hard,10.0,0,0,0,1,1,0,0,0,0,1,2,0,0,0,1,1,0,0,0,0
sim_0041_n3_seed297,297,0.001,3,175.0,1,body_1,3.1163256233840357,1.938542682722356,0.00041812709832685514,0.0008658003142112541,3.4913904702607366,12.478504760224032,2,1.2315154642361243,2.529296631121618,-8.08336118086903,-1.3150803296937054e-05,36.802244197313044,3.089127856227766e-15,1.2315154642361243,1-2,3,7.900000000000006,7900,,,,,0,3.4913904702607366,12.1179722004139,1.2315154642361243,2.529296631121618,0.0002819977531548398,negative_baseline,20.0,1,1,1,1,1,0,0,0,0,1,2,0,0,0,1,1,0,0,0,0
sim_0041_n3_seed297,297,0.001,3,175.4,1,body_1,3.1163256233840357,1.938542682722356,0.0009199312840197085,0.011577973586757113,63.67449429556085,987.6796158365224,2,0.2877186754770402,7.147295462007904,-8.084070377784649,-0.00010088735573581235,36.80224419731302,2.5099163831850597e-15,0.2877186754770402,1-2,3,8.300000000000011,8300,,,,,0,63.67449429556085,1948.781557230923,0.2877186754770402,7.147295462007904,0.0006178865904211888,negative_hard,10.0,1,1,1,1,0,1,1,1,0,1,2,0,0,0,1,1,0,0,0,0
sim_0041_n3_seed297,297,0.001,3,175.9,1,body_1,3.1163256233840357,1.938542682722356,0.0006685137399645427,0.0008252362445072311,2.2941299244675,4.998280322335047,2,1.5168572358047552,1.9571890428752492,-8.083365624812028,-1.3700574776951533e-05,36.80224419731308,4.054480311298943e-15,1.5168572358047552,1-2,3,8.800000000000011,8800,,,,,0,2.2941299244675,4.948281909536111,1.5168572358047552,1.9571890428752492,0.0004502148993846675,negative_hard,10.0,0,0,0,1,0,1,0,0,0,1,2,0,0,0,1,1,0,0,0,0
sim_0041_n3_seed297,297,0.001,3,176.0,1,body_1,3.1163256233840357,1.938542682722356,0.0007439706991949441,0.0006991758683385572,1.9275227113727358,3.2569873410155714,2,1.6554903057430084,1.7041569263461047,-8.083366553340444,-1.3815445386486737e-05,36.802244197313065,3.668339329270472e-15,1.6554903057430084,1-2,3,8.900000000000006,8900,,,,,0,1.9275227113727358,3.234866908469876,1.6554903057430084,1.7041569263461047,0.0005008712582748744,negative_baseline,20.0,0,0,0,1,0,1,0,0,0,1,2,0,0,0,1,1,0,0,0,0
sim_0041_n3_seed297,297,0.001,3,177.0,1,body_1,3.1163256233840357,1.938542682722356,0.0009435952510460099,0.0002848406060043509,1.2947100733888708,0.8090268735731894,2,2.02486748139936,1.0284452620908349,-8.083367636910005,-1.3949496530157456e-05,36.80224419731297,1.1584229460854121e-15,2.02486748139936,1-2,3,9.900000000000006,9900,,,,,0,1.2947100733888708,0.8053866702028801,2.02486748139936,1.0284452620908349,0.0006349982313876137,negative_baseline,20.0,0,0,0,0,0,0,0,0,0,1,2,0,0,0,1,1,0,0,0,0
sim_0041_n3_seed297,297,0.001,3,177.5,1,body_1,3.1163256233840357,1.938542682722356,0.0006976024284064049,0.0007684137789738206,2.1070512420004777,4.038097001646912,2,1.5858760787491846,1.8310277783267541,-8.08336615239029,-1.3765842824269875e-05,36.80224419731292,-1.9307049101423537e-16,1.5858760787491846,1-2,3,10.400000000000006,10400,,,,,0,2.1070512420004777,3.9878895817711975,1.5858760787491846,1.8310277783267541,0.00047028669241972745,negative_hard,10.0,0,0,0,1,1,0,0,0,0,1,2,0,0,0,1,1,0,0,0,0
sim_0041_n3_seed297,297,0.001,3,178.0,1,body_1,3.1163256233840357,1.938542682722356,0.0008797713108401542,0.006020645603461209,25.889063876810425,600.5677142475965,2,0.45138933616395327,5.471853915269287,-8.083122729539902,1.6348616513615373e-05,36.802244197312866,-1.7376344191281184e-15,0.45138933616395327,1-2,3,10.900000000000006,10900,,,,,0,25.889063876810425,463.4314079071949,0.45138933616395327,5.471853915269287,0.0005931493731258981,negative_hard,10.0,1,1,1,1,1,0,1,1,0,1,2,0,0,0,1,1,0,0,0,0
sim_0041_n3_seed297,297,0.001,3,178.5,1,body_1,3.1163256233840357,1.938542682722356,0.0006953658255057844,0.0012233697564792865,2.984183004510043,9.014711563046223,2,1.329188305744665,2.322325730306828,-8.083363310285547,-1.3414238824904237e-05,36.8022441973127,-6.178255712455532e-15,1.329188305744665,1-2,3,11.400000000000006,11400,,,,,0,2.984183004510043,8.862822156337606,1.329188305744665,2.322325730306828,0.0004692918883200056,negative_hard,10.0,1,0,1,1,0,1,0,0,0,1,2,0,0,0,1,1,0,0,0,0
sim_0041_n3_seed297,297,0.001,3,179.0,1,body_1,3.1163256233840357,1.938542682722356,0.001091444426699215,0.0004989038690778691,1.4139780074702544,1.2490250218341497,2,1.933841443354708,1.202462731666815,-8.0833674816871,-1.3930293510202693e-05,36.80224419731265,-7.52974914955518e-15,1.933841443354708,1-2,3,11.900000000000006,11900,,,,,0,1.4139780074702544,1.245427606345902,1.933841443354708,1.202462731666815,0.0007352867194973567,negative_baseline,20.0,0,0,0,0,0,0,0,0,0,1,2,0,0,0,1,1,0,0,0,0
sim_0041_n3_seed297,297,0.001,3,180.0,1,body_1,3.1163256233840357,1.938542682722356,0.00101177096674209,0.0006438819828133008,1.584218456827766,1.8514483184917092,2,1.8287945698748653,1.3951843906953945,-8.083367233019548,-1.3899530215461661e-05,36.802244197312625,-8.30203111361212e-15,1.8287945698748653,1-2,3,12.900000000000006,12900,,,,,0,1.584218456827766,1.8379771227087665,1.8287945698748653,1.3951843906953945,0.0006821586030249971,negative_baseline,20.0,0,0,0,1,0,0,0,0,0,1,2,0,0,0,1,1,0,0,0,0
sim_0041_n3_seed297,297,0.001,3,180.05,1,body_1,3.1163256233840357,1.938542682722356,0.0009781370611123376,0.0007067343494479237,1.6726766234720745,2.1865981139142376,2,1.779644520389843,1.4832460581550264,-8.083367081924212,-1.3880837827604844e-05,36.802244197312625,-8.30203111361212e-15,1.779644520389843,1-2,3,12.950000000000017,12950,,,,,0,1.6726766234720745,2.168884848314548,1.779644520389843,1.4832460581550264,0.0006596393575687491,negative_hard,10.0,0,0,0,1,0,0,0,0,0,1,2,0,0,0,1,1,0,0,0,0
sim_0041_n3_seed297,297,0.001,3,180.55,1,body_1,3.1163256233840357,1.938542682722356,0.0006312847233791179,0.0019609213325452986,5.948455942598197,36.75850695450882,2,0.9422966077692827,3.2523354765636485,-8.083345865766969,-1.1256133106602108e-05,36.80224419731262,-8.495101604626357e-15,0.9422966077692827,1-2,3,13.450000000000017,13450,,,,,0,5.948455942598197,34.435500012901876,0.9422966077692827,3.2523354765636485,0.0004280961213129538,negative_hard,10.0,1,1,1,1,1,0,1,0,0,1,2,0,0,0,1,1,0,0,0,0
sim_0041_n3_seed297,297,0.001,3,181.0,1,body_1,3.1163256233840357,1.938542682722356,0.0006801844424512855,0.002423998002366583,7.231186703895183,54.25877379128678,2,0.8536205424387575,3.5251125353064237,-8.083334945087476,-9.905108098006909e-06,36.802244197312476,-1.2356511424911064e-14,0.8536205424387575,1-2,3,13.900000000000006,13900,,,,,0,7.231186703895183,50.379970629060075,0.8536205424387575,3.5251125353064237,0.0004587739653362088,negative_baseline,20.0,1,1,1,1,0,1,1,0,0,1,2,0,0,0,1,1,0,0,0,0
sim_0041_n3_seed297,297,0.001,3,181.05,1,body_1,3.1163256233840357,1.938542682722356,0.0006708420015726028,0.0020517845068804648,5.445370519924915,30.99227738032887,2,0.9836945367667026,3.1348522366729985,-8.083349518841217,-1.1708064204019829e-05,36.80224419731249,-1.1970370442882594e-14,0.9836945367667026,1-2,3,13.950000000000017,13950,,,,,0,5.445370519924915,29.537245633212354,0.9836945367667026,3.1348522366729985,0.00045318075887307535,negative_hard,10.0,1,1,1,1,0,1,1,0,0,1,2,0,0,0,1,1,0,0,0,0
sim_0041_n3_seed297,297,0.001,3,181.55,1,body_1,3.1163256233840357,1.938542682722356,0.0011679166617402884,0.0008074473924340887,1.636524105302112,2.0681275156259917,2,1.7961029077813064,1.4531290117968765,-8.083367136172278,-1.3887548993639241e-05,36.802244197312426,-1.370800486201071e-14,1.7961029077813064,1-2,3,14.450000000000017,14450,,,,,0,1.636524105302112,2.058844762254992,1.7961029077813064,1.4531290117968765,0.0007880566890029632,negative_hard,10.0,0,0,0,1,0,0,0,0,0,1,2,0,0,0,1,1,0,0,0,0
sim_0041_n3_seed297,297,0.001,3,182.0,1,body_1,3.1163256233840357,1.938542682722356,0.0013874294586721698,0.00027341238408221737,1.2404649584050162,0.6147070856645376,2,2.0650971736907944,0.9460674203641894,-8.083367695665213,-1.3956765286317407e-05,36.80224419731243,-1.3514934370996475e-14,2.0650971736907944,1-2,3,14.900000000000006,14900,,,,,0,1.2404649584050162,0.6136024839825994,2.0650971736907944,0.9460674203641894,0.0009354275819914035,negative_baseline,20.0,0,0,0,0,0,0,0,0,0,1,2,0,0,0,1,1,0,0,0,0
sim_0041_n3_seed297,297,0.001,3,183.0,1,body_1,3.1163256233840357,1.938542682722356,0.0009196955532163595,0.0012707794467323751,2.446585275668443,5.761658001068747,2,1.4702349686903267,2.0454965913625256,-8.083365217794977,-1.3650221663355875e-05,36.80224419731236,-1.544563928113883e-14,1.4702349686903267,1-2,3,15.900000000000006,15900,,,,,0,2.446585275668443,5.668859653728762,1.4702349686903267,2.0454965913625256,0.0006224986638468361,negative_baseline,20.0,0,0,0,1,1,0,0,0,0,1,2,0,0,0,1,1,0,0,0,0
sim_0041_n3_seed297,297,0.001,3,183.1,1,body_1,3.1163256233840357,1.938542682722356,0.0008164519689895728,0.001533478766397611,3.142228045874312,10.00177570448114,2,1.296986092064015,2.3892313653037296,-8.08336273699182,-1.3343315201228073e-05,36.80224419731234,-1.6024850754181537e-14,1.296986092064015,1-2,3,16.0,16000,,,,,0,3.142228045874312,9.758299404362441,1.296986092064015,2.3892313653037296,0.0005536141223470035,negative_hard,10.0,1,1,1,1,1,0,0,0,0,1,2,0,0,0,1,1,0,0,0,0
sim_0041_n3_seed297,297,0.001,3,183.6,1,body_1,3.1163256233840357,1.938542682722356,0.0012004588021621574,0.006948794716698207,20.386214277499164,399.50859619558554,2,0.5084577882172627,5.0763460538087894,-8.08318085921751,9.157246394233044e-06,36.80224419731251,-1.1391158969839887e-14,0.5084577882172627,1-2,3,16.5,16500,,,,,0,20.386214277499164,317.5345547187023,0.5084577882172627,5.0763460538087894,0.0008071993931919674,negative_hard,10.0,1,1,1,1,0,1,1,1,0,1,2,0,0,0,1,1,0,0,0,0
sim_0041_n3_seed297,297,0.001,3,184.0,1,body_1,3.1163256233840357,1.938542682722356,0.0010385004894871862,0.001465780917270968,2.476034568273137,5.961853057364156,2,1.4591595783627,2.0662062640066754,-8.083365104680386,-1.3636227969830626e-05,36.80224419731237,-1.5252568790124594e-14,1.4591595783627,1-2,3,16.900000000000006,16900,,,,,0,2.476034568273137,5.892407195950173,1.4591595783627,2.0662062640066754,0.0007027096144917576,negative_baseline,20.0,0,0,0,1,0,1,0,0,0,1,2,0,0,0,1,1,0,0,0,0
sim_0041_n3_seed297,297,0.001,3,184.1,1,body_1,3.1163256233840357,1.938542682722356,0.0011640658745413633,0.0012355998086337981,2.0434139093075987,3.7804977915510594,2,1.6064979409583666,1.7928991237642586,-8.083366294634688,-1.3783440240126878e-05,36.80224419731241,-1.4094145844039182e-14,1.6064979409583666,1-2,3,17.0,17000,,,,,0,2.0434139093075987,3.7512771362522326,1.6064979409583666,1.7928991237642586,0.0007871051189051397,negative_hard,10.0,0,0,0,1,0,1,0,0,0,1,2,0,0,0,1,1,0,0,0,0
sim_0041_n3_seed297,297,0.001,3,185.0,1,body_1,3.1163256233840357,1.938542682722356,0.001590216547494743,0.0002930368140409436,1.239576593942079,0.60931143746318,2,2.0658137275158226,0.944848003141363,-8.083367697937486,-1.3957046394988388e-05,36.80224419731246,-1.2742652406939534e-14,2.0658137275158226,1-2,3,17.900000000000006,17900,,,,,0,1.239576593942079,0.6071719380653665,2.0658137275158226,0.944848003141363,0.0010733044645948643,negative_baseline,20.0,0,0,0,0,0,0,0,0,0,1,2,0,0,0,1,1,0,0,0,0
sim_0041_n3_seed297,297,0.001,3,185.65,1,body_1,3.1163256233840357,1.938542682722356,0.0011296851973260078,0.0013118280003297205,2.1656317487364203,4.32929595207676,2,1.5625153054630798,1.8734547556423384,-8.083366007056505,-1.3747863212336318e-05,36.80224419731254,-1.0618877005782945e-14,1.5625153054630798,1-2,3,18.55000000000001,18550,,,,,0,2.1656317487364203,4.272864430976049,1.5625153054630798,1.8734547556423384,0.000765091908170198,negative_hard,10.0,0,0,0,1,1,0,0,0,0,1,2,0,0,0,1,1,0,0,0,0
sim_0041_n3_seed297,297,0.001,3,186.0,1,body_1,3.1163256233840357,1.938542682722356,0.000903097137563141,0.003031543339029492,6.949070438555039,49.93483361421632,2,0.8715449791459836,3.4673825456510747,-8.083337722798856,-1.0248745830752282e-05,36.80224419731251,-1.1391158969839887e-14,0.8715449791459836,1-2,3,18.900000000000006,18900,,,,,0,6.949070438555039,46.053421296146674,0.8715449791459836,3.4673825456510747,0.0006142423408638506,negative_baseline,20.0,1,1,1,1,1,0,1,0,0,1,2,0,0,0,1,1,0,0,0,0
sim_0041_n3_seed297,297,0.001,3,186.15,1,body_1,3.1163256233840357,1.938542682722356,0.0017030918103015332,0.013879898657804805,33.11805092717084,812.863736935214,2,0.39904778738019053,5.900542334974021,-8.083107612924508,1.8218731414025727e-05,36.80224419731272,-5.792114730427061e-15,0.39904778738019053,1-2,3,19.05000000000001,19050,,,,,0,33.11805092717084,690.3800649659231,0.39904778738019053,5.900542334974021,0.0011505659315486705,negative_hard,10.0,1,1,1,1,1,0,1,1,0,1,2,0,0,0,1,1,0,0,0,0
sim_0041_n3_seed297,297,0.001,3,186.65,1,body_1,3.1163256233840357,1.938542682722356,0.001078791175932872,0.0018537503424310635,2.8743992369180824,8.30382989146619,2,1.3540996546181419,2.2719076895600456,-8.083363754860112,-1.346923827404063e-05,36.80224419731281,-3.2821983472420013e-15,1.3540996546181419,1-2,3,19.55000000000001,19550,,,,,0,2.8743992369180824,8.174218720271602,1.3540996546181419,2.2719076895600456,0.000731402870207585,negative_hard,10.0,1,0,1,1,0,1,0,0,0,1,2,0,0,0,1,1,0,0,0,0
sim_0041_n3_seed297,297,0.001,3,187.0,1,body_1,3.1163256233840357,1.938542682722356,0.001528959911252127,0.0009987961948494507,1.5916396580798462,1.8993433997815266,2,1.8206838234144629,1.4092049963276283,-8.083367214506346,-1.3897239900246543e-05,36.80224419731287,-1.544563928113883e-15,1.8206838234144629,1-2,3,19.900000000000006,19900,,,,,0,1.5916396580798462,1.8914620068525112,1.8206838234144629,1.4092049963276283,0.0010340055284332557,negative_baseline,20.0,0,0,0,1,0,0,0,0,0,1,2,0,0,0,1,1,0,0,0,0
sim_0041_n3_seed297,297,0.001,3,188.0,1,body_1,3.1163256233840357,1.938542682722356,0.001652083913740304,0.0007358420981724744,1.4106461823460907,1.2320201174821042,2,1.9361453725724902,1.1987854823602038,-8.083367491945266,-1.3931562573967863e-05,36.802244197312895,-9.653524550711769e-16,1.9361453725724902,1-2,3,20.900000000000006,20900,,,,,0,1.4106461823460907,1.2250185646485794,1.9361453725724902,1.1987854823602038,0.001116962404039475,negative_baseline,20.0,0,0,0,0,0,0,0,0,0,1,2,0,0,0,1,1,0,0,0,0
sim_0041_n3_seed297,297,0.001,3,188.20000000000002,1,body_1,3.1163256233840357,1.938542682722356,0.0014697880706316363,0.0011080126746327505,1.70255468632362,2.310388121473025,2,1.762212831290961,1.5141591443668323,-8.083367028533566,-1.3874232735056616e-05,36.80224419731293,0.0,1.762212831290961,1-2,3,21.100000000000023,21100,,,,,0,1.70255468632362,2.291028374588625,1.762212831290961,1.5141591443668323,0.0009949354076010362,negative_hard,10.0,0,0,0,1,0,0,0,0,0,1,2,0,0,0,1,1,0,0,0,0
sim_0041_n3_seed297,297,0.001,3,188.70000000000002,1,body_1,3.1163256233840357,1.938542682722356,0.001009503006474343,0.0032769771288956805,6.479978636975995,43.505606095229616,2,0.9025068450506861,3.3707910484579062,-8.08334174072646,-1.0745813863952886e-05,36.802244197312824,-2.8960573652135305e-15,0.9025068450506861,1-2,3,21.600000000000023,21600,,,,,0,6.479978636975995,40.42888342381463,0.9025068450506861,3.3707910484579062,0.0006878661206502169,negative_hard,10.0,1,1,1,1,1,0,1,0,0,1,2,0,0,0,1,1,0,0,0,0
sim_0041_n3_seed297,297,0.001,3,189.0,1,body_1,3.1163256233840357,1.938542682722356,0.0018636786133161961,0.01364110067608956,28.9375376686195,693.2860434378291,2,0.4267992762555266,5.664147528144885,-8.083114444895301,1.7373530947712887e-05,36.80224419731285,-2.1237754011565892e-15,0.4267992762555266,1-2,3,21.900000000000006,21900,,,,,0,28.9375376686195,569.845426107888,0.4267992762555266,5.664147528144885,0.0012542179504825806,negative_baseline,20.0,1,1,1,1,0,1,1,1,0,1,2,0,0,0,1,1,0,0,0,0
sim_0041_n3_seed297,297,0.001,3,189.20000000000002,1,body_1,3.1163256233840357,1.938542682722356,0.0010213184616236673,0.002957667553311898,5.079173043659291,26.933625008595207,2,1.0185614987686262,3.040327062466527,-8.083352165598622,-1.2035501287803104e-05,36.80224419731285,-2.1237754011565892e-15,1.0185614987686262,1-2,3,22.100000000000023,22100,,,,,0,5.079173043659291,25.806008442911715,1.0185614987686262,3.040327062466527,0.0006927100304800018,negative_hard,10.0,1,1,1,1,0,1,1,0,0,1,2,0,0,0,1,1,0,0,0,0
sim_0041_n3_seed297,297,0.001,3,189.70000000000002,1,body_1,3.1163256233840357,1.938542682722356,0.0016831607931137812,0.0011383769853535771,1.6118336013639767,1.9758093088255857,2,1.809005391991841,1.4302022729584307,-8.083367181371067,-1.389314065063697e-05,36.802244197312994,1.7376344191281184e-15,1.809005391991841,1-2,3,22.600000000000023,22600,,,,,0,1.6118336013639767,1.967322925958382,1.809005391991841,1.4302022729584307,0.0011396364436987575,negative_hard,10.0,0,0,0,1,0,0,0,0,0,1,2,0,0,0,1,1,0,0,0,0
sim_0041_n3_seed297,297,0.001,3,190.0,1,body_1,3.1163256233840357,1.938542682722356,0.0019326819802667945,0.000571934212398251,1.2961203573603506,0.8312556630661581,2,2.0182589290162096,1.0410669386985862,-8.083367633418872,-1.3949064633258464e-05,36.80224419731296,7.722819640569415e-16,2.0182589290162096,1-2,3,22.900000000000006,22900,,,,,0,1.2961203573603506,0.829551099608462,2.0182589290162096,1.0410669386985862,0.0013071349875251185,negative_baseline,20.0,0,0,0,0,0,0,0,0,0,1,2,0,0,0,1,1,0,0,0,0
sim_0041_n3_seed297,297,0.001,3,191.0,1,body_1,3.1163256233840357,1.938542682722356,0.0015194583017828893,0.0014497280960024843,1.9177967862720295,3.199012022305139,2,1.6599656651388732,1.696799401320059,-8.083366597618165,-1.3820923095863079e-05,36.802244197312994,1.7376344191281184e-15,1.6599656651388732,1-2,3,23.900000000000006,23900,,,,,0,1.9177967862720295,3.1655017417784435,1.6599656651388732,1.696799401320059,0.0010307631489345631,negative_baseline,20.0,0,0,0,1,1,0,0,0,0,1,2,0,0,0,1,1,0,0,0,0
sim_0041_n3_seed297,297,0.001,3,191.25,1,body_1,3.1163256233840357,1.938542682722356,0.0011609055927918755,0.002309761961933043,3.287072212962549,11.013086203279626,2,1.2675083932486808,2.4512883385121182,-8.083362141171456,-1.3269604750105329e-05,36.80224419731296,7.722819640569415e-16,1.2675083932486808,1-2,3,24.150000000000006,24150,,,,,0,3.287072212962549,10.725537545241972,1.2675083932486808,2.4512883385121182,0.0007915216672291438,negative_hard,10.0,1,1,1,1,1,0,0,0,0,1,2,0,0,0,1,1,0,0,0,0
sim_0041_n3_seed297,297,0.001,3,191.75,1,body_1,3.1163256233840357,1.938542682722356,0.0016773529224223963,0.008710570722108587,16.911404470552228,281.7033967399766,2,0.5582725588648435,4.777531790954064,-8.083224032554782,3.816163140686649e-06,36.80224419731297,1.1584229460854121e-15,0.5582725588648435,1-2,3,24.650000000000006,24650,,,,,0,16.911404470552228,229.97901058034626,0.5582725588648435,4.777531790954064,0.001129892830817168,negative_hard,10.0,1,1,1,1,0,1,1,1,0,1,2,0,0,0,1,1,0,0,0,0
sim_0041_n3_seed297,297,0.001,3,192.0,1,body_1,3.1163256233840357,1.938542682722356,0.0012061806269043761,0.0026489201697942307,3.5801629414311016,13.227360891882023,2,1.2132223475017707,2.569153127273045,-8.083360786733708,-1.3102043814824359e-05,36.802244197312945,3.8614098202847074e-16,1.2132223475017707,1-2,3,24.900000000000006,24900,,,,,0,3.5801629414311016,12.919035549208974,1.2132223475017707,2.569153127273045,0.000820372346138326,negative_baseline,20.0,1,1,1,1,0,1,0,0,0,1,2,0,0,0,1,1,0,0,0,0
sim_0041_n3_seed297,297,0.001,3,192.25,1,body_1,3.1163256233840357,1.938542682722356,0.0016172943913393934,0.0016798495731120179,1.9967254658727556,3.5672914552904893,2,1.6248671348985753,1.7597591319950652,-8.083366410063821,-1.3797720271455633e-05,36.8022441973129,-7.722819640569415e-16,1.6248671348985753,1-2,3,25.150000000000006,25150,,,,,0,1.9967254658727556,3.5411934965346283,1.6248671348985753,1.7597591319950652,0.0010976555340022828,negative_hard,10.0,0,0,0,1,0,1,0,0,0,1,2,0,0,0,1,1,0,0,0,0
sim_0041_n3_seed297,297,0.001,3,193.0,1,body_1,3.1163256233840357,1.938542682722356,0.0022069722934079045,0.0002714911639819403,1.2210027387074187,0.537437362975971,2,2.0798300076755867,0.9153803537497287,-8.083367717343798,-1.395944719905974e-05,36.802244197312945,3.8614098202847074e-16,2.0798300076755867,1-2,3,25.900000000000006,25900,,,,,0,1.2210027387074187,0.5361364054520505,2.0798300076755867,0.9153803537497287,0.0014936076061634494,negative_baseline,20.0,0,0,0,0,0,0,0,0,0,1,2,0,0,0,1,1,0,0,0,0
sim_0041_n3_seed297,297,0.001,3,193.8,1,body_1,3.1163256233840357,1.938542682722356,0.0015319893696519784,0.0018719431447995478,2.226522643721105,4.632058039342447,2,1.5402638990765474,1.9143187793524852,-8.083365848970686,-1.3728306014082775e-05,36.80224419731295,5.792114730427061e-16,1.5402638990765474,1-2,3,26.700000000000017,26700,,,,,0,2.226522643721105,4.568717043709942,1.5402638990765474,1.9143187793524852,0.0010420730086736633,negative_hard,10.0,0,0,0,1,1,0,0,0,0,1,2,0,0,0,1,1,0,0,0,0
sim_0041_n3_seed297,297,0.001,3,194.0,1,body_1,3.1163256233840357,1.938542682722356,0.0012336320310196082,0.002777536372353373,3.7239386109232973,14.294857035856467,2,1.1906679246866347,2.619729155540008,-8.083360132377054,-1.3021091690470527e-05,36.802244197312916,-3.8614098202847074e-16,1.1906679246866347,1-2,3,26.900000000000006,26900,,,,,0,3.7239386109232973,13.84152235559174,1.1906679246866347,2.619729155540008,0.0008432353104026989,negative_baseline,20.0,1,1,1,1,1,0,0,0,0,1,2,0,0,0,1,1,0,0,0,0
sim_0041_n3_seed297,297,0.001,3,194.3,1,body_1,3.1163256233840357,1.938542682722356,0.0026902652204619645,0.02662693282314223,43.28869918660552,963.1051210523278,2,0.3490171795763771,6.390859887178781,-8.083227390067613,3.400796697176522e-06,36.80224419731285,-2.1237754011565892e-15,0.3490171795763771,1-2,3,27.200000000000017,27200,,,,,0,43.28869918660552,1051.447510738796,0.3490171795763771,6.390859887178781,0.00181968336489376,negative_hard,10.0,1,1,1,1,1,0,1,1,0,1,2,0,0,0,1,1,0,0,0,0
sim_0041_n3_seed297,297,0.001,3,194.8,1,body_1,3.1163256233840357,1.938542682722356,0.0014654480047783028,0.0024438010422844474,2.771092234721793,7.660981190764308,2,1.3790544242512341,2.2220497775690085,-8.0833641407037,-1.3516971964730744e-05,36.80224419731257,-9.846595041726004e-15,1.3790544242512341,1-2,3,27.700000000000017,27700,,,,,0,2.771092234721793,7.549816331113449,1.3790544242512341,2.2220497775690085,0.000997652961238089,negative_hard,10.0,0,0,1,1,0,1,0,0,0,1,2,0,0,0,1,1,0,0,0,0
sim_0041_n3_seed297,297,0.001,3,195.0,1,body_1,3.1163256233840357,1.938542682722356,0.0018249385621396208,0.001718380704918517,1.8832855494258687,3.068772282430198,2,1.6730915604223877,1.6730678098016833,-8.083366663581748,-1.3829083618328716e-05,36.80224419731254,-1.0618877005782945e-14,1.6730915604223877,1-2,3,27.900000000000006,27900,,,,,0,1.8832855494258687,3.0491920517959183,1.6730915604223877,1.6730678098016833,0.0012395907946213614,negative_baseline,20.0,0,0,0,1,0,1,0,0,0,1,2,0,0,0,1,1,0,0,0,0
sim_0041_n3_seed297,297,0.001,3,196.0,1,body_1,3.1163256233840357,1.938542682722356,0.0023096162203394216,0.0006832647580005692,1.303990434363785,0.8560211567178563,2,2.0126830213461915,1.0522835758566096,-8.083367626282858,-1.3948181818779355e-05,36.80224419731269,-6.564396694484003e-15,2.0126830213461915,1-2,3,28.900000000000006,28900,,,,,0,1.303990434363785,0.8520778670298929,2.0126830213461915,1.0522835758566096,0.0015651962782621267,negative_baseline,20.0,0,0,0,0,0,0,0,0,0,1,2,0,0,0,1,1,0,0,0,0
sim_0041_n3_seed297,297,0.001,3,196.35,1,body_1,3.1163256233840357,1.938542682722356,0.0019351335602773463,0.0015238841287927257,1.7335704462633306,2.4363535143888786,2,1.7455893072818391,1.5437434050811132,-8.08336697143366,-1.386716876069243e-05,36.802244197312646,-7.722819640569415e-15,1.7455893072818391,1-2,3,29.25,29250,,,,,0,1.7335704462633306,2.4152253718126926,1.7455893072818391,1.5437434050811132,0.0013145622484267293,negative_hard,10.0,0,0,0,1,0,0,0,0,0,1,2,0,0,0,1,1,0,0,0,0
sim_0041_n3_seed297,297,0.001,3,196.85,1,body_1,3.1163256233840357,1.938542682722356,0.001409193821554663,0.004777174573554273,7.085894928843049,51.85261953734583,2,0.8629130674431559,3.4949976792350395,-8.083336651250606,-1.0116181874127496e-05,36.80224419731276,-4.6336917843416485e-15,0.8629130674431559,1-2,3,29.75,29750,,,,,0,7.085894928843049,47.73224911328925,0.8629130674431559,3.4949976792350395,0.0009634109497055903,negative_hard,10.0,1,1,1,1,1,0,1,0,0,1,2,0,0,0,1,1,0,0,0,0
sim_0041_n3_seed297,297,0.001,3,197.0,1,body_1,3.1163256233840357,1.938542682722356,0.002722403153076377,0.02305705281343933,34.8059872051709,844.1021776607797,2,0.3892367427060516,5.989660513672151,-8.083120989867936,1.6563835752834333e-05,36.80224419731267,-7.143608167526709e-15,0.3892367427060516,1-2,3,29.900000000000006,29900,,,,,0,34.8059872051709,745.9569453191195,0.3892367427060516,5.989660513672151,0.0018435186391439692,negative_baseline,20.0,1,1,1,1,1,0,1,1,0,1,2,0,0,0,1,1,0,0,0,0
sim_0041_n3_seed297,297,0.001,3,197.35,1,body_1,3.1163256233840357,1.938542682722356,0.001365101922171527,0.003782192766781773,4.757356775846028,23.60621895042288,2,1.0524729737820107,2.9517540233697757,-8.083354298791477,-1.2299403996073422e-05,36.80224419731269,-6.564396694484003e-15,1.0524729737820107,1-2,3,30.25,30250,,,,,0,4.757356775846028,22.71838941526019,1.0524729737820107,2.9517540233697757,0.0009296727287182706,negative_hard,10.0,1,1,1,1,0,1,1,0,0,1,2,0,0,0,1,1,0,0,0,0
sim_0041_n3_seed297,297,0.001,3,197.85,1,body_1,3.1163256233840357,1.938542682722356,0.0021954262323221683,0.0014464674374426213,1.5881335072582403,1.8869624139353511,2,1.8221292096041823,1.4067289239411236,-8.083367222442355,-1.38982216841073e-05,36.80224419731273,-5.40597374839859e-15,1.8221292096041823,1-2,3,30.75,30750,,,,,0,1.5881335072582403,1.8791962996712328,1.8221292096041823,1.4067289239411236,0.0014910627388826756,negative_hard,10.0,0,0,0,1,0,0,0,0,0,1,2,0,0,0,1,1,0,0,0,0
sim_0041_n3_seed297,297,0.001,3,198.0,1,body_1,3.1163256233840357,1.938542682722356,0.0023819480244737117,0.0010533528684286031,1.3979517482809547,1.197266851432458,2,1.9424405934019418,1.1868060127727644,-8.08336750634593,-1.3933344116674002e-05,36.80224419731279,-3.8614098202847076e-15,1.9424405934019418,1-2,3,30.900000000000006,30900,,,,,0,1.3979517482809547,1.1939638340325172,1.9424405934019418,1.1868060127727644,0.0016162673371165118,negative_baseline,20.0,0,0,0,0,0,0,0,0,0,1,2,0,0,0,1,1,0,0,0,0
sim_0041_n3_seed297,297,0.001,3,199.0,1,body_1,3.1163256233840357,1.938542682722356,0.0021878167908485663,0.001466327470768694,1.6138584449858686,1.9735869992266433,2,1.8090299751488288,1.4303784869403664,-8.083367184436316,-1.3893519860427247e-05,36.802244197312866,-1.7376344191281184e-15,1.8090299751488288,1-2,3,31.900000000000006,31900,,,,,0,1.6138584449858686,1.958695716624435,1.8090299751488288,1.4303784869403664,0.0014867457521306607,negative_baseline,20.0,0,0,0,1,0,0,0,0,0,1,2,0,0,0,1,1,0,0,0,0
sim_0041_n3_seed297,297,0.001,3,199.4,1,body_1,3.1163256233840357,1.938542682722356,0.0014897970856312896,0.0031285039662195687,3.4420406953397107,12.137109253274192,2,1.2383614051141425,2.5139929328818136,-8.083361465850903,-1.3186059128531199e-05,36.80224419731288,-1.3514934370996475e-15,1.2383614051141425,1-2,3,32.30000000000001,32300,,,,,0,3.4420406953397107,11.796685248860975,1.2383614051141425,2.5139929328818136,0.0010208745813429776,negative_hard,10.0,1,1,1,1,1,0,0,0,0,1,2,0,0,0,1,1,0,0,0,0
sim_0041_n3_seed297,297,0.001,3,199.9,1,body_1,3.1163256233840357,1.938542682722356,0.002088771039507347,0.009900839565781522,14.352015290544982,205.5861380887144,2,0.6060187484054926,4.5229351810406,-8.083256202031617,-1.636045784477031e-07,36.80224419731283,-2.702986874199295e-15,0.6060187484054926,1-2,3,32.80000000000001,32800,,,,,0,14.352015290544982,172.68687120408308,0.6060187484054926,4.5229351810406,0.001410028386762945,negative_hard,10.0,1,1,1,1,0,1,1,1,0,1,2,0,0,0,1,1,0,0,0,0
sim_0041_n3_seed297,297,0.001,3,200.0,1,body_1,3.1163256233840357,1.938542682722356,0.001537433914517569,0.005056861757198568,6.519252126383748,44.109709589600634,2,0.899101333253824,3.3811567756893606,-8.083341436029421,-1.0708119019030317e-05,36.80224419731278,-4.054480311298943e-15,0.899101333253824,1-2,3,32.900000000000006,32900,,,,,0,6.519252126383748,41.419587219897736,0.899101333253824,3.3811567756893606,0.0010445756564178273,negative_baseline,20.0,1,1,1,1,0,1,1,0,0,1,2,0,0,0,1,1,0,0,0,0
sim_0041_n3_seed297,297,0.001,3,200.4,1,body_1,3.1163256233840357,1.938542682722356,0.002073043679264408,0.0020972185330395575,1.952471502741005,3.3692679760506223,2,1.643057093807628,1.7270116692793327,-8.083366513657998,-1.3810536170290417e-05,36.80224419731267,-7.143608167526709e-15,1.643057093807628,1-2,3,33.30000000000001,33300,,,,,0,1.952471502741005,3.3458901801024825,1.643057093807628,1.7270116692793327,0.0014116959331331178,negative_hard,10.0,0,0,0,1,0,1,0,0,0,1,2,0,0,0,1,1,0,0,0,0
sim_0041_n3_seed297,297,0.001,3,201.0,1,body_1,3.1163256233840357,1.938542682722356,0.0027725886239601907,0.00046458884475983694,1.2360707271989066,0.6025763917985755,2,2.066200400134321,0.9440232771366859,-8.083367701353858,-1.3957469042948504e-05,36.80224419731272,-5.792114730427061e-15,2.066200400134321,1-2,3,33.900000000000006,33900,,,,,0,1.2360707271989066,0.6014813723689403,2.066200400134321,0.9440232771366859,0.001881359058744489,negative_baseline,20.0,0,0,0,0,0,0,0,0,0,1,2,0,0,0,1,1,0,0,0,0
sim_0041_n3_seed297,297,0.001,3,201.95000000000002,1,body_1,3.1163256233840357,1.938542682722356,0.0019128024917352434,0.002455599648201254,2.2902981055349434,4.954681110897849,2,1.51828453350712,1.9550330390696886,-8.083365676424823,-1.3706959926845676e-05,36.80224419731273,-5.40597374839859e-15,1.51828453350712,1-2,3,34.85000000000002,34850,,,,,0,2.2902981055349434,4.883548265806388,1.51828453350712,1.9550330390696886,0.0013065026196092601,negative_hard,10.0,0,0,0,1,1,0,0,0,0,1,2,0,0,0,1,1,0,0,0,0
sim_0041_n3_seed297,297,0.001,3,202.0,1,body_1,3.1163256233840357,1.938542682722356,0.0018099889667683123,0.0026934822687843052,2.5458122346486114,6.318362801395188,2,1.4400228021536399,2.1030335657621317,-8.08336491697208,-1.361300609837114e-05,36.80224419731274,-5.212903257384355e-15,1.4400228021536399,1-2,3,34.900000000000006,34900,,,,,0,2.5458122346486114,6.209720447285557,1.4400228021536399,2.1030335657621317,0.0012379421571724857,negative_baseline,20.0,0,0,0,1,1,0,0,0,0,1,2,0,0,0,1,1,0,0,0,0
sim_0041_n3_seed297,297,0.001,3,202.45000000000002,1,body_1,3.1163256233840357,1.938542682722356,0.0038607178917944903,0.046927016521537225,57.2184190467759,970.0822158809019,2,0.30356644065221294,6.931074293166757,-8.083781729557899,-6.517795017453338e-05,36.80224419731269,-6.564396694484003e-15,0.30356644065221294,1-2,3,35.35000000000002,35350,,,,,0,57.2184190467759,1596.6636577567022,0.30356644065221294,6.931074293166757,0.0026134966315443137,negative_hard,10.0,1,1,1,1,1,0,1,1,0,1,2,0,0,0,1,1,0,0,0,0
sim_0041_n3_seed297,297,0.001,3,202.95000000000002,1,body_1,3.1163256233840357,1.938542682722356,0.0018571591503511672,0.002998083926352072,2.6755987838373065,7.088014405510752,2,1.4034339520613264,2.1739859593031663,-8.083364476981599,-1.3558573757941773e-05,36.80224419731283,-2.702986874199295e-15,1.4034339520613264,1-2,3,35.85000000000002,35850,,,,,0,2.6755987838373065,6.992096982308313,1.4034339520613264,2.1739859593031663,0.0012691051755256485,negative_hard,10.0,0,0,1,1,0,1,0,0,0,1,2,0,0,0,1,1,0,0,0,0
sim_0041_n3_seed297,297,0.001,3,203.0,1,body_1,3.1163256233840357,1.938542682722356,0.0019696061109916265,0.0027391515464825038,2.390723425102686,5.496716263583423,2,1.4847246125008406,2.0178283170974893,-8.083365377924705,-1.367003171890028e-05,36.8022441973128,-3.4752688382562368e-15,1.4847246125008406,1-2,3,35.900000000000006,35900,,,,,0,2.390723425102686,5.4374176619411605,1.4847246125008406,2.0178283170974893,0.0013449579493411347,negative_baseline,20.0,0,0,0,1,0,1,0,0,0,1,2,0,0,0,1,1,0,0,0,0
sim_0041_n3_seed297,297,0.001,3,204.0,1,body_1,3.1163256233840357,1.938542682722356,0.0029582610525796748,0.0005220368650886446,1.24414433824888,0.632966017888772,2,2.0597957966202287,0.9573676510696668,-8.08336769340306,-1.3956485429605577e-05,36.80224419731283,-2.702986874199295e-15,2.0597957966202287,1-2,3,36.900000000000006,36900,,,,,0,1.24414433824888,0.6306645956877691,2.0597957966202287,0.9573676510696668,0.0020091601631938394,negative_baseline,20.0,0,0,0,0,0,0,0,0,0,1,2,0,0,0,1,1,0,0,0,0
sim_0041_n3_seed297,297,0.001,3,204.5,1,body_1,3.1163256233840357,1.938542682722356,0.0023806821243663695,0.0019580183169832987,1.7658311953859782,2.567667119313439,2,1.7291427631126663,1.5730459660388385,-8.083366910233023,-1.3859597474328395e-05,36.80224419731283,-2.702986874199295e-15,1.7291427631126663,1-2,3,37.400000000000006,37400,,,,,0,1.7658311953859782,2.5446097202394453,1.7291427631126663,1.5730459660388385,0.0016226773877291247,negative_hard,10.0,0,0,0,1,0,0,0,0,0,1,2,0,0,0,1,1,0,0,0,0
sim_0041_n3_seed297,297,0.001,3,205.0,1,body_1,3.1163256233840357,1.938542682722356,0.001840296855739925,0.006520763897207657,7.789414760781204,62.41656385908073,2,0.8229445394834504,3.627561669884032,-8.083330300499824,-9.330514358162494e-06,36.802244197312845,-2.3168458921708242e-15,0.8229445394834504,1-2,3,37.900000000000006,37900,,,,,0,7.789414760781204,56.8199062899405,0.8229445394834504,3.627561669884032,0.0012609786441677808,negative_hard,10.0,1,1,1,1,1,0,1,0,0,1,2,0,0,0,1,1,0,0,0,0
sim_0041_n3_seed297,297,0.001,3,205.5,1,body_1,3.1163256233840357,1.938542682722356,0.0017044599098514203,0.004537181045022161,4.474250180346067,20.854127446249738,2,1.085277340688769,2.868969250904653,-8.083356046941756,-1.2515672108956387e-05,36.80224419731269,-6.564396694484003e-15,1.085277340688769,1-2,3,38.400000000000006,38400,,,,,0,4.474250180346067,20.145403793335905,1.085277340688769,2.868969250904653,0.0011655919824938858,negative_hard,10.0,1,1,1,1,0,1,1,0,0,1,2,0,0,0,1,1,0,0,0,0
sim_0041_n3_seed297,297,0.001,3,206.0,1,body_1,3.1163256233840357,1.938542682722356,0.0027086727782460944,0.0017341226893862088,1.5655840909854224,1.8030269077464862,2,1.8350423632465271,1.383543784723893,-8.08336726000838,-1.3902869072506783e-05,36.802244197312945,3.8614098202847074e-16,1.8350423632465271,1-2,3,38.900000000000006,38900,,,,,0,1.5655840909854224,1.7959075673179494,1.8350423632465271,1.383543784723893,0.001844821564495308,negative_hard,10.0,0,0,0,1,0,0,0,0,0,1,2,0,0,0,1,1,0,0,0,0
sim_0041_n3_seed297,297,0.001,3,207.0,1,body_1,3.1163256233840357,1.938542682722356,0.002891202714804574,0.001348046970683069,1.4282600776067707,1.2992503623014147,2,1.9225479687295752,1.2240135203705116,-8.083367468113376,-1.3928614270381512e-05,36.80224419731298,1.3514934370996475e-15,1.9225479687295752,1-2,3,39.900000000000006,39900,,,,,0,1.4282600776067707,1.2916585081362357,1.9225479687295752,1.2240135203705116,0.0019678609018249577,negative_baseline,20.0,0,0,0,0,0,0,0,0,0,1,2,0,0,0,1,1,0,0,0,0
sim_0041_n3_seed297,297,0.001,3,207.55,1,body_1,3.1163256233840357,1.938542682722356,0.0018084942622409728,0.0039983462581765,3.6098200623492476,13.405685984568953,2,1.2090778212894393,2.5784082403980064,-8.083360693893173,-1.3090558276307665e-05,36.80224419731295,5.792114730427061e-16,1.2090778212894393,1-2,3,40.45000000000002,40450,,,,,0,3.6098200623492476,13.000970638597344,1.2090778212894393,2.5784082403980064,0.001245022265726301,negative_hard,10.0,1,1,1,1,1,0,0,0,0,1,2,0,0,0,1,1,0,0,0,0
sim_0041_n3_seed297,297,0.001,3,208.0,1,body_1,3.1163256233840357,1.938542682722356,0.0031595210305865925,0.019644260659643864,22.286562222147907,462.14514561291617,2,0.4863468851719285,5.221996340750474,-8.083165410132985,1.1068491895656216e-05,36.802244197312945,3.8614098202847074e-16,0.4863468851719285,1-2,3,40.900000000000006,40900,,,,,0,22.286562222147907,367.94890072394867,0.4863468851719285,5.221996340750474,0.0021338384704441284,negative_baseline,20.0,1,1,1,1,0,1,1,1,0,1,2,0,0,0,1,1,0,0,0,0
sim_0041_n3_seed297,297,0.001,3,208.05,1,body_1,3.1163256233840357,1.938542682722356,0.002449808603052898,0.010756574323974418,12.403193937987972,154.8935754301256,2,0.6518968128936855,4.302150260561663,-8.083280098264876,-3.1198683131480297e-06,36.80224419731306,3.4752688382562368e-15,0.6518968128936855,1-2,3,40.95000000000002,40950,,,,,0,12.403193937987972,133.47146560739637,0.6518968128936855,4.302150260561663,0.0016578921861942204,negative_hard,10.0,1,1,1,1,0,1,1,1,0,1,2,0,0,0,1,1,0,0,0,0
sim_0041_n3_seed297,297,0.001,3,208.55,1,body_1,3.1163256233840357,1.938542682722356,0.002533474435311491,0.002490334688446811,1.9107488419328094,3.1863821043521816,2,1.6608394174872254,1.6950813812358656,-8.0833666072299,-1.3822112188072936e-05,36.80224419731304,2.8960573652135305e-15,1.6608394174872254,1-2,3,41.45000000000002,41450,,,,,0,1.9107488419328094,3.165377786174933,1.6608394174872254,1.6950813812358656,0.0017305565595739337,negative_hard,10.0,0,0,0,1,0,1,0,0,0,1,2,0,0,0,1,1,0,0,0,0
sim_0041_n3_seed297,297,0.001,3,209.0,1,body_1,3.1163256233840357,1.938542682722356,0.003259882700319425,0.0009084767771918205,1.2871724718989188,0.800230193369853,2,2.0242058841375434,1.0294261238754254,-8.083367644672759,-1.395045688017868e-05,36.80224419731297,1.1584229460854121e-15,2.0242058841375434,1-2,3,41.900000000000006,41900,,,,,0,1.2871724718989188,0.798636541922874,2.0242058841375434,1.0294261238754254,0.0022182013516523313,negative_baseline,20.0,0,0,0,0,0,0,0,0,0,1,2,0,0,0,1,1,0,0,0,0
sim_0041_n3_seed297,297,0.001,3,210.0,1,body_1,3.1163256233840357,1.938542682722356,0.002518144076351077,0.0025541650299726265,1.9692990783091198,3.4301555566878745,2,1.6371767028165982,1.737679406950975,-8.083366484321441,-1.3806906870369482e-05,36.80224419731289,-1.1584229460854121e-15,1.6371767028165982,1-2,3,42.900000000000006,42900,,,,,0,1.9692990783091198,3.3924661649014123,1.6371767028165982,1.737679406950975,0.001722420321157631,negative_baseline,20.0,0,0,0,1,1,0,0,0,0,1,2,0,0,0,1,1,0,0,0,0
sim_0041_n3_seed297,297,0.001,3,210.1,1,body_1,3.1163256233840357,1.938542682722356,0.002275594930163429,0.003066289793870732,2.3576208343364464,5.303047294813543,2,1.496223964672377,1.9962475755856184,-8.083365486914364,-1.3683515106447889e-05,36.802244197312746,-5.019832766370119e-15,1.496223964672377,1-2,3,43.0,43000,,,,,0,2.3576208343364464,5.2230333109127685,1.496223964672377,1.9962475755856184,0.0015605870400864435,negative_hard,10.0,0,0,0,1,1,0,0,0,0,1,2,0,0,0,1,1,0,0,0,0
sim_0041_n3_seed297,297,0.001,3,210.6,1,body_1,3.1163256233840357,1.938542682722356,0.005186607707333017,0.07640100920181596,74.00318163029982,895.1232625889921,2,0.26692496177424696,7.458222694101782,-8.085261520349533,-0.00024824662902740095,36.80224419731234,-1.6024850754181537e-14,0.26692496177424696,1-2,3,43.5,43500,,,,,0,74.00318163029982,2282.6518075147023,0.26692496177424696,7.458222694101782,0.0035132215304673354,negative_hard,10.0,1,1,1,1,1,0,1,1,0,1,2,0,0,0,1,1,0,0,0,0
sim_0041_n3_seed297,297,0.001,3,211.0,1,body_1,3.1163256233840357,1.938542682722356,0.002018243626323249,0.004280760816354716,3.392660596756422,11.810738395102865,2,1.2463174024908727,2.4966735494067827,-8.083361671221724,-1.3211466074601008e-05,36.802244197312284,-1.7569414682295417e-14,1.2463174024908727,1-2,3,43.900000000000006,43900,,,,,0,3.392660596756422,11.561385177224267,1.2463174024908727,2.4966735494067827,0.0013855521908620943,negative_baseline,20.0,1,1,1,1,0,1,0,0,0,1,2,0,0,0,1,1,0,0,0,0
sim_0041_n3_seed297,297,0.001,3,211.1,1,body_1,3.1163256233840357,1.938542682722356,0.002255049030391306,0.00352001188804289,2.5873476151768404,6.576041294410148,2,1.4271637588506998,2.1277830531054924,-8.083364772584485,-1.3595143542090963e-05,36.802244197312405,-1.4287216335053417e-14,1.4271637588506998,1-2,3,44.0,44000,,,,,0,2.5873476151768404,6.4928322909595,1.4271637588506998,2.1277830531054924,0.0015464483376186127,negative_hard,10.0,0,0,1,1,0,1,0,0,0,1,2,0,0,0,1,1,0,0,0,0
sim_0041_n3_seed297,297,0.001,3,212.0,1,body_1,3.1163256233840357,1.938542682722356,0.0035699627363508404,0.000379302741761478,1.2213950367894673,0.5417234605374478,2,2.0783634588921656,0.9185712276440717,-8.083367717260925,-1.3959436946707579e-05,36.80224419731264,-7.91589013158365e-15,2.0783634588921656,1-2,3,44.900000000000006,44900,,,,,0,1.2213950367894673,0.5403444227741334,2.0783634588921656,0.9185712276440717,0.0024299580569957756,negative_baseline,20.0,0,0,0,0,0,0,0,0,0,1,2,0,0,0,1,1,0,0,0,0
sim_0041_n3_seed297,297,0.001,3,212.65,1,body_1,3.1163256233840357,1.938542682722356,0.002809144570273157,0.0024122475828919176,1.799540855988596,2.7062196665855063,2,1.7126109060579078,1.6025262327129342,-8.083366844359372,-1.3851448077531693e-05,36.80224419731273,-5.40597374839859e-15,1.7126109060579078,1-2,3,45.55000000000001,45550,,,,,0,1.799540855988596,2.681038137012264,1.7126109060579078,1.6025262327129342,0.0019210235420774743,negative_hard,10.0,0,0,0,1,1,0,0,0,0,1,2,0,0,0,1,1,0,0,0,0
sim_0041_n3_seed297,297,0.001,3,213.0,1,body_1,3.1163256233840357,1.938542682722356,0.001997288553914126,0.004804691526449071,3.9603275163932463,16.230086825622735,2,1.154246943489631,2.70320726035196,-8.0833589486206,-1.2874646171645165e-05,36.8022441973128,-3.4752688382562368e-15,1.154246943489631,1-2,3,45.900000000000006,45900,,,,,0,3.9603275163932463,15.665463162593156,1.154246943489631,2.70320726035196,0.001379399403381158,negative_baseline,20.0,1,1,1,1,1,0,0,0,0,1,2,0,0,0,1,1,0,0,0,0
sim_0041_n3_seed297,297,0.001,3,213.15,1,body_1,3.1163256233840357,1.938542682722356,0.002312601863798505,0.008587068652635687,8.619312168439592,76.07904939886286,2,0.7822767788782304,3.7708099214238673,-8.083322275463292,-8.337716697845294e-06,36.802244197312774,-4.2475508023131784e-15,0.7822767788782304,1-2,3,46.05000000000001,46050,,,,,0,8.619312168439592,68.3467583554414,0.7822767788782304,3.7708099214238673,0.0015869043745130459,negative_hard,10.0,1,1,1,1,1,0,1,1,0,1,2,0,0,0,1,1,0,0,0,0
sim_0041_n3_seed297,297,0.001,3,213.65,1,body_1,3.1163256233840357,1.938542682722356,0.0020421123598265804,0.005232919939030194,4.2234543052232905,18.55004954216499,2,1.1170467594421203,2.7912891776763797,-8.083357500036309,-1.2695438128310742e-05,36.80224419731293,0.0,1.1170467594421203,1-2,3,46.55000000000001,46550,,,,,0,4.2234543052232905,17.97762882866064,1.1170467594421203,2.7912891776763797,0.0014023167703323747,negative_hard,10.0,1,1,1,1,0,1,0,0,0,1,2,0,0,0,1,1,0,0,0,0
sim_0041_n3_seed297,297,0.001,3,214.0,1,body_1,3.1163256233840357,1.938542682722356,0.002885820591650151,0.0026591706201308366,1.839770912747677,2.8837366491679566,2,1.692560917331827,1.638288167640215,-8.083366757889578,-1.3840750679714624e-05,36.80224419731297,1.1584229460854121e-15,1.692560917331827,1-2,3,46.900000000000006,46900,,,,,0,1.839770912747677,2.866374806585019,1.692560917331827,1.638288167640215,0.0019745360219000337,negative_baseline,20.0,0,0,0,1,0,0,0,0,0,1,2,0,0,0,1,1,0,0,0,0
sim_0041_n3_seed297,297,0.001,3,214.15,1,body_1,3.1163256233840357,1.938542682722356,0.003224511860881669,0.0020027490142670115,1.544158182386321,1.7239645883173738,2,1.8476347005967808,1.3608592085696136,-8.083367294567452,-1.3907144463121505e-05,36.802244197312895,-9.653524550711769e-16,1.8476347005967808,1-2,3,47.05000000000001,47050,,,,,0,1.544158182386321,1.7174270571715522,1.8476347005967808,1.3608592085696136,0.002201933164529277,negative_hard,10.0,0,0,0,1,0,0,0,0,0,1,2,0,0,0,1,1,0,0,0,0
sim_0041_n3_seed297,297,0.001,3,215.0,1,body_1,3.1163256233840357,1.938542682722356,0.0035978329923080747,0.0011117126931576883,1.3142343053076722,0.8957018321991579,2,2.0038363803733006,1.0696320228694136,-8.083367614257282,-1.3946694104315137e-05,36.80224419731282,-3.089127856227766e-15,2.0038363803733006,1-2,3,47.900000000000006,47900,,,,,0,1.3142343053076722,0.8914717528432102,2.0038363803733006,1.0696320228694136,0.002452768375106737,negative_baseline,20.0,0,0,0,0,0,0,0,0,0,1,2,0,0,0,1,1,0,0,0,0
sim_0041_n3_seed297,297,0.001,3,215.70000000000002,1,body_1,3.1163256233840357,1.938542682722356,0.0021209356294332364,0.004927281552757418,3.7930161051255076,14.85298532308856,2,1.179416689045922,2.6452039045109896,-8.083359804569515,-1.298053778684889e-05,36.80224419731304,2.8960573652135305e-15,1.179416689045922,1-2,3,48.60000000000002,48600,,,,,0,3.7930161051255076,14.369209603658515,1.179416689045922,2.6452039045109896,0.001466449314505266,negative_hard,10.0,1,1,1,1,1,0,0,0,0,1,2,0,0,0,1,1,0,0,0,0
sim_0041_n3_seed297,297,0.001,3,216.0,1,body_1,3.1163256233840357,1.938542682722356,0.004975387411234945,0.052850230694931104,47.5260776475053,974.7597597466687,2,0.33308682237039855,6.568250536770899,-8.083353093614853,-1.2150308533745231e-05,36.80224419731333,1.081194749679718e-14,0.33308682237039855,1-2,3,48.900000000000006,48900,,,,,0,47.5260776475053,1210.2507462896483,0.33308682237039855,6.568250536770899,0.0033771692710465764,negative_baseline,20.0,1,1,1,1,1,0,1,1,0,1,2,0,0,0,1,1,0,0,0,0
sim_0041_n3_seed297,297,0.001,3,216.20000000000002,1,body_1,3.1163256233840357,1.938542682722356,0.002771922827558207,0.011410897080994057,10.878207418938224,119.96218639897492,2,0.6960943754179938,4.107837436075044,-8.083297967539231,-5.330521647917232e-06,36.802244197313144,5.792114730427061e-15,0.6960943754179938,1-2,3,49.10000000000002,49100,,,,,0,10.878207418938224,105.63076425596195,0.6960943754179938,4.107837436075044,0.0018813820445550177,negative_hard,10.0,1,1,1,1,0,1,1,1,0,1,2,0,0,0,1,1,0,0,0,0
sim_0041_n3_seed297,297,0.001,3,216.70000000000002,1,body_1,3.1163256233840357,1.938542682722356,0.002999494747267019,0.00286090867749023,1.8714082786965776,3.0172957823367192,2,1.6781700821301915,1.6640344757260093,-8.083366692230733,-1.38326278571079e-05,36.80224419731331,1.0232736023754475e-14,1.6781700821301915,1-2,3,49.60000000000002,49600,,,,,0,1.8714082786965776,2.998372194835449,1.6781700821301915,1.6640344757260093,0.0020548131509451886,negative_hard,10.0,0,0,0,1,0,1,0,0,0,1,2,0,0,0,1,1,0,0,0,0
sim_0041_n3_seed297,297,0.001,3,217.0,1,body_1,3.1163256233840357,1.938542682722356,0.003638847408421629,0.0015541000632144793,1.3827671499546805,1.144145942239178,2,1.9526220132978034,1.1677599129030836,-8.083367527205006,-1.3935924645997252e-05,36.80224419731335,1.1391158969839887e-14,1.9526220132978034,1-2,3,49.900000000000006,49900,,,,,0,1.3827671499546805,1.1411147420456969,1.9526220132978034,1.1677599129030836,0.0024839748295533708,negative_baseline,20.0,0,0,0,0,0,0,0,0,0,1,2,0,0,0,1,1,0,0,0,0
sim_0041_n3_seed297,297,0.001,3,218.0,1,body_1,3.1163256233840357,1.938542682722356,0.0032881867567915004,0.00232495320905509,1.6436084244679539,2.0894525539664466,2,1.7918876741031067,1.461029203442547,-8.08336713375678,-1.3887250166351023e-05,36.80224419731326,8.881242586654827e-15,1.7918876741031067,1-2,3,50.900000000000006,50900,,,,,0,1.6436084244679539,2.0731103184314583,1.7918876741031067,1.461029203442547,0.002250053155770255,negative_baseline,20.0,0,0,0,1,0,0,0,0,0,1,2,0,0,0,1,1,0,0,0,0
sim_0041_n3_seed297,297,0.001,3,218.25,1,body_1,3.1163256233840357,1.938542682722356,0.0026221950813432255,0.0037065649682691834,2.42908235953837,5.6822773397571105,2,1.4739058371511686,2.0383210079991576,-8.083365277684932,-1.3657630801781101e-05,36.80224419731329,9.846595041726004e-15,1.4739058371511686,1-2,3,51.150000000000006,51150,,,,,0,2.42908235953837,5.592062945706425,1.4739058371511686,2.0383210079991576,0.0018055209512042717,negative_hard,10.0,0,0,0,1,1,0,0,0,0,1,2,0,0,0,1,1,0,0,0,0
sim_0041_n3_seed297,297,0.001,3,218.75,1,body_1,3.1163256233840357,1.938542682722356,0.0065177896447108944,0.10919674087516787,87.46391829524754,836.0853362666287,2,0.24552474157222046,7.8167493170172655,-8.08725307855714,-0.0004946273552666792,36.80224419731297,1.1584229460854121e-15,0.24552474157222046,1-2,3,51.650000000000006,51650,,,,,0,87.46391829524754,2818.919479966999,0.24552474157222046,7.8167493170172655,0.004417325840508204,negative_hard,10.0,1,1,1,1,0,0,1,1,0,1,2,0,0,0,1,1,0,0,0,0
sim_0041_n3_seed297,297,0.001,3,219.0,1,body_1,3.1163256233840357,1.938542682722356,0.0023341452272740617,0.007333283796668845,5.940722208635332,36.69365320446675,2,0.9418952883979373,3.2533582483855463,-8.083346096889013,-1.1284725801947368e-05,36.80224419731295,5.792114730427061e-16,0.9418952883979373,1-2,3,51.900000000000006,51900,,,,,0,5.940722208635332,34.748175507315274,0.9418952883979373,3.2533582483855463,0.0015989109958249553,negative_baseline,20.0,1,1,1,1,0,1,1,0,0,1,2,0,0,0,1,1,0,0,0,0
sim_0041_n3_seed297,297,0.001,3,219.25,1,body_1,3.1163256233840357,1.938542682722356,0.002659800132424781,0.004012181675535528,2.5055862299721348,6.116464778344685,2,1.450259214820453,2.0833279492543904,-8.08336503427517,-1.3627517961680637e-05,36.80224419731298,1.3514934370996475e-15,1.450259214820453,1-2,3,52.150000000000006,52150,,,,,0,2.5055862299721348,6.04393439239919,1.450259214820453,2.0833279492543904,0.0018301351091895026,negative_hard,10.0,0,0,1,1,0,1,0,0,0,1,2,0,0,0,1,1,0,0,0,0
sim_0041_n3_seed297,297,0.001,3,220.0,1,body_1,3.1163256233840357,1.938542682722356,0.004115622462748437,0.0006185104069055225,1.2323807928561716,0.5888838836944678,2,2.068682015074735,0.9389226461097411,-8.083367705527253,-1.3957985344353482e-05,36.802244197312866,-1.7376344191281184e-15,2.068682015074735,1-2,3,52.900000000000006,52900,,,,,0,1.2323807928561716,0.5877969245094269,2.068682015074735,0.9389226461097411,0.0028080626705676956,negative_baseline,20.0,0,0,0,0,0,0,0,0,0,1,2,0,0,0,1,1,0,0,0,0
sim_0041_n3_seed297,297,0.001,3,220.8,1,body_1,3.1163256233840357,1.938542682722356,0.00322178061555721,0.0028878115408388313,1.8348898056240879,2.8534353101840595,2,1.6958635424412416,1.6324243630260158,-8.083366773203231,-1.38426451705845e-05,36.802244197312746,-5.019832766370119e-15,1.6958635424412416,1-2,3,53.70000000000002,53700,,,,,0,1.8348898056240879,2.825900912335602,1.6958635424412416,1.6324243630260158,0.002210448308284916,negative_hard,10.0,0,0,0,1,1,0,0,0,0,1,2,0,0,0,1,1,0,0,0,0
sim_0041_n3_seed297,297,0.001,3,221.0,1,body_1,3.1163256233840357,1.938542682722356,0.0026351616477784177,0.004184354229502436,2.6467986412925044,6.897564927582579,2,1.4119315169775999,2.1574060571082776,-8.083364590543333,-1.357262276863491e-05,36.80224419731272,-5.792114730427061e-15,1.4119315169775999,1-2,3,53.900000000000006,53900,,,,,0,2.6467986412925044,6.771042628694394,1.4119315169775999,2.1574060571082776,0.0018191792831449463,negative_baseline,20.0,0,0,0,1,1,0,0,0,0,1,2,0,0,0,1,1,0,0,0,0
sim_0041_n3_seed297,297,0.001,3,221.3,1,body_1,3.1163256233840357,1.938542682722356,0.0028366822663972893,0.011087138449208753,9.613060459031972,94.14140905698643,2,0.7407096037666822,3.927155342586381,-8.083312012376261,-7.0680441236416715e-06,36.80224419731263,-8.108960622597885e-15,0.7407096037666822,1-2,3,54.20000000000002,54200,,,,,0,9.613060459031972,83.24825038498075,0.7407096037666822,3.927155342586381,0.0019481689715696458,negative_hard,10.0,1,1,1,1,1,0,1,1,0,1,2,0,0,0,1,1,0,0,0,0
sim_0041_n3_seed297,297,0.001,3,221.8,1,body_1,3.1163256233840357,1.938542682722356,0.0023804543695708034,0.00587752772487325,3.999741883495749,16.60000625726208,2,1.1478668630713367,2.718088477774708,-8.083358721502204,-1.2846548777886649e-05,36.802244197312696,-6.371326203469767e-15,1.1478668630713367,1-2,3,54.70000000000002,54700,,,,,0,3.999741883495749,16.132947084310064,1.1478668630713367,2.718088477774708,0.0016415021749892498,negative_hard,10.0,1,1,1,1,0,1,0,0,0,1,2,0,0,0,1,1,0,0,0,0
sim_0041_n3_seed297,297,0.001,3,222.0,1,body_1,3.1163256233840357,1.938542682722356,0.0029023649658255508,0.0039261710824232965,2.3121571477296,5.08506404345607,2,1.5097073981281868,1.9709623250267445,-8.083365607891354,-1.3698481477297954e-05,36.80224419731269,-6.564396694484003e-15,1.5097073981281868,1-2,3,54.900000000000006,54900,,,,,0,2.3121571477296,5.033961633757362,1.5097073981281868,1.9709623250267445,0.0019976706212239377,negative_baseline,20.0,0,0,0,1,0,1,0,0,0,1,2,0,0,0,1,1,0,0,0,0
sim_0041_n3_seed297,297,0.001,3,222.3,1,body_1,3.1163256233840357,1.938542682722356,0.003743603263923219,0.002253292100922681,1.52379471704522,1.649464320968207,2,1.859875697460418,1.3387335484586302,-8.083367326498292,-1.3911094708495411e-05,36.8022441973128,-3.4752688382562368e-15,1.859875697460418,1-2,3,55.20000000000002,55200,,,,,0,1.52379471704522,1.643451677469585,1.859875697460418,1.3387335484586302,0.0025628460364508082,negative_hard,10.0,0,0,0,1,0,0,0,0,0,1,2,0,0,0,1,1,0,0,0,0
sim_0041_n3_seed297,297,0.001,3,223.0,1,body_1,3.1163256233840357,1.938542682722356,0.004277527233696322,0.0007828698998454476,1.249189835832743,0.6544820910131806,2,2.0550071814041617,0.9672591997291403,-8.083367687989787,-1.3955815739800449e-05,36.80224419731288,-1.3514934370996475e-15,2.0550071814041617,1-2,3,55.900000000000006,55900,,,,,0,1.249189835832743,0.6520223691440417,2.0550071814041617,0.9672591997291403,0.0029212395882473718,negative_baseline,20.0,0,0,0,0,0,0,0,0,0,1,2,0,0,0,1,1,0,0,0,0
sim_0041_n3_seed297,297,0.001,3,223.8,1,body_1,3.1163256233840357,1.938542682722356,0.002515471731451239,0.0052561494193813256,3.3664601172594155,11.589860971520142,2,1.2518738162456897,2.484691903812155,-8.08336180923462,-1.3228540000781344e-05,36.80224419731264,-7.91589013158365e-15,1.2518738162456897,1-2,3,56.70000000000002,56700,,,,,0,3.3664601172594155,11.276210233973943,1.2518738162456897,2.484691903812155,0.0017444562343859572,negative_hard,10.0,1,1,1,1,1,0,0,0,0,1,2,0,0,0,1,1,0,0,0,0
sim_0041_n3_seed297,297,0.001,3,224.0,1,body_1,3.1163256233840357,1.938542682722356,0.002861052509627763,0.010725817899839549,8.76675808216273,78.63356652028543,2,0.775642438910498,3.7950493771697356,-8.083320823984007,-8.158150507389506e-06,36.802244197312625,-8.30203111361212e-15,0.775642438910498,1-2,3,56.900000000000006,56900,,,,,0,8.76675808216273,70.4802448649871,0.775642438910498,3.7950493771697356,0.0019689769878326858,negative_baseline,20.0,1,1,1,1,1,0,1,1,0,1,2,0,0,0,1,1,0,0,0,0
sim_0041_n3_seed297,297,0.001,3,224.3,1,body_1,3.1163256233840357,1.938542682722356,0.0037870426941539513,0.01891814059848675,15.547890686926118,239.18812814709764,2,0.5822761214531749,4.646043731334016,-8.08324212845692,1.5774731070154932e-06,36.802244197312696,-6.371326203469767e-15,0.5822761214531749,1-2,3,57.20000000000002,57200,,,,,0,15.547890686926118,198.3843376488721,0.5822761214531749,4.646043731334016,0.0025686908519160934,negative_hard,10.0,1,1,1,1,0,1,1,1,0,1,2,0,0,0,1,1,0,0,0,0
sim_0041_n3_seed297,297,0.001,3,224.8,1,body_1,3.1163256233840357,1.938542682722356,0.0033165182378898424,0.0035110325677622607,1.9760379094475202,3.472938628684817,2,1.633088683700402,1.7450041514945385,-8.083366463406572,-1.3804319438679203e-05,36.8022441973127,-6.178255712455532e-15,1.633088683700402,1-2,3,57.70000000000002,57700,,,,,0,1.9760379094475202,3.448205296145552,1.633088683700402,1.7450041514945385,0.002280644961990271,negative_hard,10.0,0,0,0,1,0,1,0,0,0,1,2,0,0,0,1,1,0,0,0,0
sim_0041_n3_seed297,297,0.001,3,225.0,1,body_1,3.1163256233840357,1.938542682722356,0.0038781662124632407,0.0024139391347294675,1.5409936124261607,1.7124931004584734,2,1.8494356492631527,1.3576248304776914,-8.08336729982654,-1.3907795078185133e-05,36.802244197312696,-6.371326203469767e-15,1.8494356492631527,1-2,3,57.900000000000006,57900,,,,,0,1.5409936124261607,1.706039992317659,1.8494356492631527,1.3576248304776914,0.0026577085638379992,negative_baseline,20.0,0,0,0,1,0,0,0,0,0,1,2,0,0,0,1,1,0,0,0,0
sim_0041_n3_seed297,297,0.001,3,226.0,1,body_1,3.1163256233840357,1.938542682722356,0.004075237335624259,0.001999438680382412,1.4462245894429633,1.3648438538867091,2,1.910054990268176,1.2471039320891892,-8.08336744300577,-1.3925508144565306e-05,36.80224419731278,-4.054480311298943e-15,1.910054990268176,1-2,3,58.900000000000006,58900,,,,,0,1.4462245894429633,1.3566430028237195,1.910054990268176,1.2471039320891892,0.0027908187671710724,negative_baseline,20.0,0,0,0,0,0,0,0,0,0,1,2,0,0,0,1,1,0,0,0,0
sim_0041_n3_seed297,297,0.001,3,226.35,1,body_1,3.1163256233840357,1.938542682722356,0.003118142388646801,0.00398814265969638,2.258426332949755,4.798018414997648,2,1.528496144510132,1.9360141193563525,-8.083365764649546,-1.3717874431564525e-05,36.802244197312774,-4.2475508023131784e-15,1.528496144510132,1-2,3,59.25,59250,,,,,0,2.258426332949755,4.7308082085715855,1.528496144510132,1.9360141193563525,0.0021516773055311267,negative_hard,10.0,0,0,0,1,1,0,0,0,0,1,2,0,0,0,1,1,0,0,0,0
sim_0041_n3_seed297,297,0.001,3,226.85,1,body_1,3.1163256233840357,1.938542682722356,0.006151978077188932,0.06744950884419712,49.5986119603025,976.5877221655851,2,0.3260515861258658,6.650462569718904,-8.083427759730853,-2.1387443464137503e-05,36.80224419731261,-8.688172095640592e-15,0.3260515861258658,1-2,3,59.75,59750,,,,,0,49.5986119603025,1290.2901003378213,0.3260515861258658,6.650462569718904,0.0041820686132916915,negative_hard,10.0,1,1,1,1,1,0,1,1,0,1,2,0,0,0,1,1,0,0,0,0
sim_0041_n3_seed297,297,0.001,3,227.0,1,body_1,3.1163256233840357,1.938542682722356,0.004219496672771316,0.02299127454105359,17.91304482942771,312.2792056232335,2,0.5424824507285289,4.868201113692907,-8.083213676600025,5.0973246172368255e-06,36.80224419731273,-5.40597374839859e-15,0.5424824507285289,1-2,3,59.900000000000006,59900,,,,,0,17.91304482942771,253.44530575090113,0.5424824507285289,4.868201113692907,0.0028617545551013015,negative_baseline,20.0,1,1,1,1,0,1,1,1,0,1,2,0,0,0,1,1,0,0,0,0
sim_0041_n3_seed297,297,0.001,3,227.4,1,body_1,3.1163256233840357,1.938542682722356,0.0030717985273531214,0.004476658932075361,2.4296256163236993,5.702066629276996,2,1.4727505222615813,2.04048675593738,-8.083365267267968,-1.3656342092783655e-05,36.802244197312824,-2.8960573652135305e-15,1.4727505222615813,1-2,3,60.30000000000001,60300,,,,,0,2.4296256163236993,5.638572748666561,1.4727505222615813,2.04048675593738,0.0021204652068524603,negative_hard,10.0,0,0,0,1,0,1,0,0,0,1,2,0,0,0,1,1,0,0,0,0
sim_0041_n3_seed297,297,0.001,3,228.0,1,body_1,3.1163256233840357,1.938542682722356,0.004564939459962677,0.0012033257899367196,1.2788666153925188,0.7701603805152232,2,2.0304341691831356,1.0170514018263257,-8.083367654348278,-1.3951653863225334e-05,36.80224419731272,-5.792114730427061e-15,2.0304341691831356,1-2,3,60.900000000000006,60900,,,,,0,1.2788666153925188,0.7686660307014465,2.0304341691831356,1.0170514018263257,0.003123198163208748,negative_baseline,20.0,0,0,0,0,0,0,0,0,0,1,2,0,0,0,1,1,0,0,0,0
sim_0041_n3_seed297,297,0.001,3,228.95000000000002,1,body_1,3.1163256233840357,1.938542682722356,0.0036191777692119215,0.003385737396742921,1.872055965148125,3.010585520670647,2,1.6788268021433654,1.6628860893444164,-8.08336669613053,-1.3833110311005013e-05,36.80224419731285,-2.1237754011565892e-15,1.6788268021433654,1-2,3,61.85000000000002,61850,,,,,0,1.872055965148125,2.980432987592493,1.6788268021433654,1.6628860893444164,0.0024914033370997735,negative_hard,10.0,0,0,0,1,1,0,0,0,0,1,2,0,0,0,1,1,0,0,0,0
sim_0041_n3_seed297,297,0.001,3,229.0,1,body_1,3.1163256233840357,1.938542682722356,0.0034575807675104953,0.003713089648969796,2.022075813724938,3.669286807768368,2,1.6153439077014438,1.7770663532936604,-8.083366362841524,-1.3791878281083288e-05,36.80224419731283,-2.702986874199295e-15,1.6153439077014438,1-2,3,61.900000000000006,61900,,,,,0,2.022075813724938,3.6269996196764156,1.6153439077014438,1.7770663532936604,0.0023835722099470303,negative_baseline,20.0,0,0,0,1,1,0,0,0,0,1,2,0,0,0,1,1,0,0,0,0
sim_0041_n3_seed297,297,0.001,3,229.45000000000002,1,body_1,3.1163256233840357,1.938542682722356,0.0034244545792642593,0.014180067850425141,10.821463950590404,118.58343981452734,2,0.6981083513748567,4.099362254452241,-8.083298743133557,-5.4264723927713525e-06,36.802244197312895,-9.653524550711769e-16,0.6981083513748567,1-2,3,62.35000000000002,62350,,,,,0,10.821463950590404,102.90331002503184,0.6981083513748567,4.099362254452241,0.0023527560859270026,negative_hard,10.0,1,1,1,1,1,0,1,1,0,1,2,0,0,0,1,1,0,0,0,0
sim_0041_n3_seed297,297,0.001,3,230.0,1,body_1,3.1163256233840357,1.938542682722356,0.002829054089098083,0.0057919976884502865,3.2266779742241707,10.623052955117886,2,1.2779815539479404,2.4289579821510525,-8.083362394797302,-1.330098144791299e-05,36.802244197312525,-1.1005017987811415e-14,1.2779815539479404,1-2,3,62.900000000000006,62900,,,,,0,3.2266779742241707,10.41845474743318,1.2779815539479404,2.4289579821510525,0.001959663649775915,negative_hard,10.0,1,1,1,1,0,1,0,0,0,1,2,0,0,0,1,1,0,0,0,0
sim_0041_n3_seed297,297,0.001,3,231.0,1,body_1,3.1163256233840357,1.938542682722356,0.004900748705604545,0.0004946325865810963,1.222191727071018,0.5462759514692376,2,2.077282494512308,0.9208888887977988,-8.083367716427457,-1.3959333836213376e-05,36.802244197312426,-1.370800486201071e-14,2.077282494512308,1-2,3,63.900000000000006,63900,,,,,0,1.222191727071018,0.5448157216718235,2.077282494512308,0.9208888887977988,0.003353515864446778,negative_baseline,20.0,0,0,0,0,0,0,0,0,0,1,2,0,0,0,1,1,0,0,0,0
sim_0041_n3_seed297,297,0.001,3,231.55,1,body_1,3.1163256233840357,1.938542682722356,0.0041035500967434285,0.0028438900796953904,1.6259019770011813,2.023203612786566,2,1.8013881232093254,1.4440195573351922,-8.083367163918478,-1.3890981546542447e-05,36.802244197312454,-1.293572289795377e-14,1.8013881232093254,1-2,3,64.45000000000002,64450,,,,,0,1.6259019770011813,2.0077114649428114,1.8013881232093254,1.4440195573351922,0.0028204375741565212,negative_hard,10.0,0,0,0,1,0,0,0,0,0,1,2,0,0,0,1,1,0,0,0,0
sim_0041_n3_seed297,297,0.001,3,232.0,1,body_1,3.1163256233840357,1.938542682722356,0.002741733637487099,0.0069991060405701026,4.217053304729191,18.452511726126566,2,1.1184360073618154,2.7879476207105083,-8.083357567481173,-1.2703781903797321e-05,36.802244197312454,-1.293572289795377e-14,1.1184360073618154,1-2,3,64.9,64900,,,,,0,4.217053304729191,17.747156665322787,1.1184360073618154,2.7879476207105083,0.0019105372020758761,negative_baseline,20.0,1,1,1,1,1,0,0,0,0,1,2,0,0,0,1,1,0,0,0,0
sim_0041_n3_seed297,297,0.001,3,232.05,1,body_1,3.1163256233840357,1.938542682722356,0.002773042210263234,0.008160655660685287,5.244847651547338,28.608815136984898,2,1.002849192980929,3.0824767126864425,-8.0833511801068,-1.191358359029885e-05,36.802244197312405,-1.4287216335053417e-14,1.002849192980929,1-2,3,64.95000000000002,64950,,,,,0,5.244847651547338,27.105814494764523,1.002849192980929,3.0824767126864425,0.0019292236033967374,negative_hard,10.0,1,1,1,1,1,0,1,0,0,1,2,0,0,0,1,1,0,0,0,0
sim_0041_n3_seed297,297,0.001,3,232.6,1,body_1,3.1163256233840357,1.938542682722356,0.0028113551149754434,0.007980239530780996,4.87046397083368,24.717427307765874,2,1.040241235771688,2.9833313362688774,-8.083353631013514,-1.2216791487541563e-05,36.802244197312454,-1.293572289795377e-14,1.040241235771688,1-2,3,65.5,65500,,,,,0,4.87046397083368,23.755095739050972,1.040241235771688,2.9833313362688774,0.001943384813254072,negative_hard,10.0,1,1,1,1,0,1,1,0,0,1,2,0,0,0,1,1,0,0,0,0
sim_0041_n3_seed297,297,0.001,3,233.0,1,body_1,3.1163256233840357,1.938542682722356,0.003949367580941848,0.0035391357383889564,1.799157210406358,2.715064950686427,2,1.7114850255144567,1.6045048322909126,-8.083366840803109,-1.3851008123219631e-05,36.80224419731229,-1.7376344191281184e-14,1.7114850255144567,1-2,3,65.9,65900,,,,,0,1.799157210406358,2.6995939184463573,1.7114850255144567,1.6045048322909126,0.0027203662540866255,negative_baseline,20.0,0,0,0,1,0,0,0,0,0,1,2,0,0,0,1,1,0,0,0,0
sim_0041_n3_seed297,297,0.001,3,233.1,1,body_1,3.1163256233840357,1.938542682722356,0.004260376942851036,0.002931468778883094,1.5972402450632635,1.921558837969635,2,1.8165027609512119,1.41691674562641,-8.083367209152227,-1.3896577528589858e-05,36.802244197312305,-1.6990203209252714e-14,1.8165027609512119,1-2,3,66.0,66000,,,,,0,1.5972402450632635,1.9135363694211043,1.8165027609512119,1.41691674562641,0.002929060315804351,negative_hard,10.0,0,0,0,1,0,0,0,0,0,1,2,0,0,0,1,1,0,0,0,0
sim_0041_n3_seed297,297,0.001,3,234.0,1,body_1,3.1163256233840357,1.938542682722356,0.00484449928099975,0.0015789563600461447,1.3248566541027427,0.9351557114495151,2,1.9954053993869214,1.0860493420835513,-8.083367601378805,-1.3945100875208373e-05,36.802244197312326,-1.6410991736210007e-14,1.9954053993869214,1-2,3,66.9,66900,,,,,0,1.3248566541027427,0.9306292688454672,1.9954053993869214,1.0860493420835513,0.003321434897217026,negative_baseline,20.0,0,0,0,0,0,0,0,0,0,1,2,0,0,0,1,1,0,0,0,0
sim_0041_n3_seed297,297,0.001,3,234.6,1,body_1,3.1163256233840357,1.938542682722356,0.0030977828133620963,0.005614000572286774,2.930228307596685,8.623947127324382,2,1.341784435312269,2.2968647741597343,-8.08336358724885,-1.3448502658962807e-05,36.80224419731248,-1.2163440933896829e-14,1.341784435312269,1-2,3,67.5,67500,,,,,0,2.930228307596685,8.436975326399178,1.341784435312269,2.2968647741597343,0.00215534792023421,negative_hard,10.0,1,0,1,1,1,0,0,0,0,1,2,0,0,0,1,1,0,0,0,0
sim_0041_n3_seed297,297,0.001,3,235.0,1,body_1,3.1163256233840357,1.938542682722356,0.00767215809293626,0.10260718340827503,64.90990311717526,934.443153401869,2,0.2850102451719225,7.185922746571749,-8.084351110615536,-0.00013561752756263194,36.80224419731235,-1.58317802631673e-14,0.2850102451719225,1-2,3,67.9,67900,,,,,0,64.90990311717526,1907.119869347884,0.2850102451719225,7.185922746571749,0.005217598081068515,negative_baseline,20.0,1,1,1,1,1,0,1,1,0,1,2,0,0,0,1,1,0,0,0,0
sim_0041_n3_seed297,297,0.001,3,235.20000000000002,1,body_1,3.1163256233840357,1.938542682722356,0.003608812592071712,0.01398573416554514,9.494254489876749,91.97442813990074,2,0.7451085915780368,3.910085814170365,-8.083313247089343,-7.220793616314358e-06,36.80224419731225,-1.8534767137366594e-14,0.7451085915780368,1-2,3,68.10000000000002,68100,,,,,0,9.494254489876749,82.65808651989109,0.7451085915780368,3.910085814170365,0.002465926951514781,negative_hard,10.0,1,1,1,1,0,1,1,1,0,1,2,0,0,0,1,1,0,0,0,0
sim_0041_n3_seed297,297,0.001,3,235.70000000000002,1,body_1,3.1163256233840357,1.938542682722356,0.004052074578672965,0.003756721662147319,1.8288612226068988,2.838145395178203,2,1.6975151630013545,1.6294541739747908,-8.083366781029978,-1.384361343737392e-05,36.80224419731233,-1.621792124519577e-14,1.6975151630013545,1-2,3,68.60000000000002,68600,,,,,0,1.8288612226068988,2.8213118304213767,1.6975151630013545,1.6294541739747908,0.0027946634157426722,negative_hard,10.0,0,0,0,1,0,0,0,0,0,1,2,0,0,0,1,1,0,0,0,0
sim_0041_n3_seed297,297,0.001,3,236.0,1,body_1,3.1163256233840357,1.938542682722356,0.004886222080335334,0.0020103489288685493,1.3684556833662542,1.0939487031995043,2,1.962620542304603,1.1488938602848535,-8.083367545846343,-1.39382308132084e-05,36.80224419731228,-1.7762485173309654e-14,1.962620542304603,1-2,3,68.9,68900,,,,,0,1.3684556833662542,1.0911603870881053,1.962620542304603,1.1488938602848535,0.0033542207657264013,negative_baseline,20.0,0,0,0,0,0,0,0,0,0,1,2,0,0,0,1,1,0,0,0,0
sim_0041_n3_seed297,297,0.001,3,237.0,1,body_1,3.1163256233840357,1.938542682722356,0.004338126735497428,0.003231337093421851,1.6742567168308689,2.2089467142264,2,1.775126563741635,1.4909677145739617,-8.083367079682244,-1.388056046799883e-05,36.80224419731218,-2.046547204750895e-14,1.775126563741635,1-2,3,69.9,69900,,,,,0,1.6742567168308689,2.1910323300744112,1.775126563741635,1.4909677145739617,0.002988806766578725,negative_baseline,20.0,0,0,0,1,0,0,0,0,0,1,2,0,0,0,1,1,0,0,0,0
sim_0041_n3_seed297,297,0.001,3,237.25,1,body_1,3.1163256233840357,1.938542682722356,0.0034365710741647015,0.005160777595442286,2.517173672002109,6.1646483646380945,2,1.4477026222839997,2.088234963536546,-8.083365008266073,-1.3624300310191755e-05,36.80224419731227,-1.795555566432389e-14,1.4477026222839997,1-2,3,70.15,70150,,,,,0,2.517173672002109,6.060688134514319,1.4477026222839997,2.088234963536546,0.0023874262810117943,negative_hard,10.0,0,0,0,1,1,0,0,0,0,1,2,0,0,0,1,1,0,0,0,0
sim_0041_n3_seed297,297,0.001,3,237.70000000000002,1,body_1,3.1163256233840357,1.938542682722356,0.007350441683094562,0.08307972441085922,51.68861872161626,975.967137360193,2,0.31939056164754215,6.73065419391449,-8.083513411358325,-3.198362393207656e-05,36.80224419731214,-2.1430824502580127e-14,0.31939056164754215,1-2,3,70.60000000000002,70600,,,,,0,51.68861872161626,1372.2350778880043,0.31939056164754215,6.73065419391449,0.005004003096568003,negative_hard,8.0,1,1,1,1,1,0,1,1,0,1,2,0,0,0,1,1,0,0,0,0
sim_0041_n3_seed297,297,0.001,3,237.85,1,body_1,3.1163256233840357,1.938542682722356,0.004921705133463483,0.026498882220919864,17.448731035489526,297.3083581594364,2,0.5496555724770833,4.826566616539746,-8.083219257590695,4.4068860805777955e-06,36.80224419731205,-2.3940740885765187e-14,0.5496555724770833,1-2,3,70.75,70750,,,,,0,17.448731035489526,242.2140925745993,0.5496555724770833,4.826566616539746,0.003346078339534331,negative_hard,10.0,1,1,1,1,0,1,1,1,0,1,2,0,0,0,1,1,0,0,0,0
sim_0041_n3_seed297,297,0.001,3,238.0,1,body_1,3.1163256233840357,1.938542682722356,0.00308371670229989,0.009337283672320004,5.458852111102242,31.026245790892574,2,0.9825962300671145,3.137909387727836,-8.0833496602154,-1.1725553963476542e-05,36.80224419731202,-2.4713022849822127e-14,0.9825962300671145,1-2,3,70.9,70900,,,,,0,5.458852111102242,29.58112514575199,0.9825962300671145,3.137909387727836,0.002132043674075769,negative_baseline,20.0,1,1,1,1,0,1,1,0,0,1,2,0,0,0,1,1,0,0,0,0
sim_0041_n3_seed297,297,0.001,3,238.35,1,body_1,3.1163256233840357,1.938542682722356,0.003961723534114766,0.0043553538215096175,2.0075808891581226,3.614647041831634,2,1.62017125273741,1.7683267681552326,-8.083366391148653,-1.379538022794837e-05,36.802244197311865,-2.896057365213531e-14,1.62017125273741,1-2,3,71.25,71250,,,,,0,2.0075808891581226,3.587960344206963,1.62017125273741,1.7683267681552326,0.0027395447143068585,negative_hard,10.0,0,0,0,1,0,1,0,0,0,1,2,0,0,0,1,1,0,0,0,0
sim_0041_n3_seed297,297,0.001,3,239.0,1,body_1,3.1163256233840357,1.938542682722356,0.005437679716693425,0.0007421135467286176,1.2291238264607547,0.5764079165823016,2,2.0711552821801678,0.9337798071631911,-8.083367708909261,-1.3958403741102475e-05,36.80224419731193,-2.7222939233007187e-14,2.0711552821801678,1-2,3,71.9,71900,,,,,0,1.2291238264607547,0.575321049415538,2.0711552821801678,0.9337798071631911,0.0037296967858091905,negative_baseline,20.0,0,0,0,0,0,0,0,0,0,1,2,0,0,0,1,1,0,0,0,0
sim_0041_n3_seed297,297,0.001,3,239.9,1,body_1,3.1163256233840357,1.938542682722356,0.00380361640283466,0.004764968604099135,2.2162835191934036,4.589799867684526,2,1.542845447224854,1.9094560069241286,-8.083365877443693,-1.3731828482134e-05,36.802244197311964,-2.625758677793601e-14,1.542845447224854,1-2,3,72.80000000000001,72800,,,,,0,2.2162835191934036,4.527574221126591,1.542845447224854,1.9094560069241286,0.0026384850495879244,negative_hard,10.0,0,0,0,1,1,0,0,0,0,1,2,0,0,0,1,1,0,0,0,0
sim_0041_n3_seed297,297,0.001,3,240.0,1,body_1,3.1163256233840357,1.938542682722356,0.0034123619362910937,0.005761714543362054,2.7538928373857354,7.5326298512904595,2,1.3840561911387552,2.212163607044446,-8.083364225469502,-1.352745855741549e-05,36.80224419731195,-2.664372775996448e-14,1.3840561911387552,1-2,3,72.9,72900,,,,,0,2.7538928373857354,7.385075369044094,1.3840561911387552,2.212163607044446,0.0023776378159349795,negative_baseline,20.0,0,0,0,1,1,0,0,0,0,1,2,0,0,0,1,1,0,0,0,0
sim_0041_n3_seed297,297,0.001,3,240.4,1,body_1,3.1163256233840357,1.938542682722356,0.007011493435772969,0.06713132156843597,41.11067200473951,934.6328804293089,2,0.35813438554606025,6.294377148811178,-8.083198309323905,6.998449392961983e-06,36.80224419731165,-3.475268838256237e-14,0.35813438554606025,1-2,3,73.30000000000001,73300,,,,,0,41.11067200473951,967.9763180091006,0.35813438554606025,6.294377148811178,0.00477860875604915,negative_hard,10.0,1,1,1,1,1,0,1,1,0,1,2,0,0,0,1,1,0,0,0,0
sim_0041_n3_seed297,297,0.001,3,241.0,1,body_1,3.1163256233840357,1.938542682722356,0.003843544394224787,0.0050401703310934964,2.2399269676838403,4.7193085535856465,2,1.5338300960325026,1.9261186439694842,-8.083365807608429,-1.3723188984094833e-05,36.80224419731162,-3.552497034661931e-14,1.5338300960325026,1-2,3,73.9,73900,,,,,0,2.2399269676838403,4.674974749405057,1.5338300960325026,1.9261186439694842,0.0026657852001187306,negative_hard,10.0,0,0,0,1,0,1,0,0,0,1,2,0,0,0,1,1,0,0,0,0
sim_0041_n3_seed297,297,0.001,3,242.0,1,body_1,3.1163256233840357,1.938542682722356,0.005565169273838784,0.0010802616348995233,1.2545955922085448,0.6765805271323073,2,2.050289888374707,0.9769338616330215,-8.083367681937673,-1.395506701746431e-05,36.802244197311644,-3.49457588735766e-14,2.050289888374707,1-2,3,74.9,74900,,,,,0,1.2545955922085448,0.673957307056308,2.050289888374707,0.9769338616330215,0.003821326187144211,negative_baseline,20.0,0,0,0,0,0,0,0,0,0,1,2,0,0,0,1,1,0,0,0,0
sim_0041_n3_seed297,297,0.001,3,242.55,1,body_1,3.1163256233840357,1.938542682722356,0.004182992557584193,0.00440145697436935,1.9898421808819893,3.525152783933819,2,1.6282532651136836,1.7537343582473963,-8.083366437103862,-1.3801065463673372e-05,36.80224419731172,-3.2821983472420014e-14,1.6282532651136836,1-2,3,75.45000000000002,75450,,,,,0,1.9898421808819893,3.4856797167178635,1.6282532651136836,1.7537343582473963,0.0028980247043424163,negative_hard,10.0,0,0,0,1,1,0,0,0,0,1,2,0,0,0,1,1,0,0,0,0
sim_0041_n3_seed297,297,0.001,3,243.0,1,body_1,3.1163256233840357,1.938542682722356,0.00399524244977162,0.015933132874426385,9.954794900514997,100.77423570120447,2,0.7278564765891921,3.9777481397345262,-8.083308363746166,-6.616662823744362e-06,36.80224419731191,-2.7802150706049894e-14,0.7278564765891921,1-2,3,75.9,75900,,,,,0,9.954794900514997,88.63972819239304,0.7278564765891921,3.9777481397345262,0.0027574725898484804,negative_baseline,20.0,1,1,1,1,1,0,1,1,0,1,2,0,0,0,1,1,0,0,0,0
sim_0041_n3_seed297,297,0.001,3,243.05,1,body_1,3.1163256233840357,1.938542682722356,0.0049729712855026255,0.025651189613284924,16.21863422237037,258.92763520344494,2,0.5702137947138243,4.711181112925025,-8.083234128524147,2.5671651175114903e-06,36.80224419731182,-3.011899659822072e-14,0.5702137947138243,1-2,3,75.95000000000002,75950,,,,,0,16.21863422237037,209.08236751658973,0.5702137947138243,4.711181112925025,0.003409672444809694,negative_hard,10.0,1,1,1,1,1,0,1,1,0,1,2,0,0,0,1,1,0,0,0,0
sim_0041_n3_seed297,297,0.001,3,243.65,1,body_1,3.1163256233840357,1.938542682722356,0.0037076635623392484,0.005839577205992553,2.549651658141201,6.361438077198485,2,1.4376525865976764,2.107541403990809,-8.083364897076125,-1.3610544719211127e-05,36.802244197312156,-2.1044683520551654e-14,1.4376525865976764,1-2,3,76.55000000000001,76550,,,,,0,2.549651658141201,6.283343222324942,1.4376525865976764,2.107541403990809,0.0025799104644301544,negative_hard,10.0,0,0,1,1,0,1,0,0,0,1,2,0,0,0,1,1,0,0,0,0
sim_0041_n3_seed297,297,0.001,3,244.0,1,body_1,3.1163256233840357,1.938542682722356,0.005047086487539051,0.00304560253461274,1.51779923042486,1.628166775739081,2,1.8634076187702304,1.3323538509975377,-8.083367335723702,-1.3912236007378953e-05,36.802244197312206,-1.9693190083452007e-14,1.8634076187702304,1-2,3,76.9,76900,,,,,0,1.51779923042486,1.6223014983091724,1.8634076187702304,1.3323538509975377,0.003479606868107211,negative_baseline,20.0,0,0,0,0,0,0,0,0,0,1,2,0,0,0,1,1,0,0,0,0
sim_0041_n3_seed297,297,0.001,3,245.0,1,body_1,3.1163256233840357,1.938542682722356,0.005217119865533606,0.002694298483531674,1.4648310299015947,1.4323575978043848,2,1.8976434319431141,1.2699260621362811,-8.083367416226674,-1.3922195234521919e-05,36.80224419731228,-1.7762485173309654e-14,1.8976434319431141,1-2,3,77.9,77900,,,,,0,1.4648310299015947,1.4235043890572423,1.8976434319431141,1.2699260621362811,0.0035950826769901513,negative_baseline,20.0,0,0,0,0,0,0,0,0,0,1,2,0,0,0,1,1,0,0,0,0
sim_0041_n3_seed297,297,0.001,3,245.20000000000002,1,body_1,3.1163256233840357,1.938542682722356,0.004564979689441962,0.004056001505783922,1.8152316359089875,2.773819469628908,2,1.7047427902012444,1.6165470704470761,-8.083366812421305,-1.3847496938183796e-05,36.802244197312206,-1.9693190083452007e-14,1.7047427902012444,1-2,3,78.10000000000002,78100,,,,,0,1.8152316359089875,2.7475785596198303,1.7047427902012444,1.6165470704470761,0.003159599291976046,negative_hard,10.0,0,0,0,1,1,0,0,0,0,1,2,0,0,0,1,1,0,0,0,0
sim_0041_n3_seed297,297,0.001,3,245.70000000000002,1,body_1,3.1163256233840357,1.938542682722356,0.003965742744278897,0.01514866989843649,9.0535801029987,83.73742200876315,2,0.763228091390458,3.841117407858158,-8.083317909582776,-7.79760252591563e-06,36.8022441973122,-1.9886260574466244e-14,0.763228091390458,1-2,3,78.60000000000002,78600,,,,,0,9.0535801029987,74.71437924922768,0.763228091390458,3.841117407858158,0.002743838169763811,negative_hard,10.0,1,1,1,1,1,0,1,1,0,1,2,0,0,0,1,1,0,0,0,0
sim_0041_n3_seed297,297,0.001,3,246.0,1,body_1,3.1163256233840357,1.938542682722356,0.005100456289379973,0.02498429665660836,14.830578111152786,218.47181135661452,2,0.5961969714465845,4.573061295136749,-8.083250979033824,4.825457496441266e-07,36.802244197311964,-2.625758677793601e-14,0.5961969714465845,1-2,3,78.9,78900,,,,,0,14.830578111152786,182.67212210306232,0.5961969714465845,4.573061295136749,0.00347791882449211,negative_baseline,20.0,1,1,1,1,0,1,1,1,0,1,2,0,0,0,1,1,0,0,0,0
sim_0041_n3_seed297,297,0.001,3,246.3,1,body_1,3.1163256233840357,1.938542682722356,0.0035761489910476406,0.006803038464703877,2.976610257508968,8.942145984444343,2,1.3305683092294018,2.3196929038290537,-8.083363399499632,-1.3425275726045858e-05,36.80224419731207,-2.336152941272248e-14,1.3305683092294018,1-2,3,79.20000000000002,79200,,,,,0,2.976610257508968,8.79387720691948,1.3305683092294018,2.3196929038290537,0.002496125291991347,negative_hard,10.0,1,0,1,1,0,1,0,0,0,1,2,0,0,0,1,1,0,0,0,0
sim_0041_n3_seed297,297,0.001,3,247.0,1,body_1,3.1163256233840357,1.938542682722356,0.005857467341120098,0.0014605294441531096,1.2710988789275317,0.7418271740312519,2,2.0364475598585545,1.0050052755442824,-8.083367662981145,-1.3952721857120668e-05,36.802244197312035,-2.4326881867793657e-14,2.0364475598585545,1-2,3,79.9,79900,,,,,0,1.2710988789275317,0.7404202948493629,2.0364475598585545,1.0050052755442824,0.004029252324172784,negative_baseline,20.0,0,0,0,0,0,0,0,0,0,1,2,0,0,0,1,1,0,0,0,0
sim_0041_n3_seed297,297,0.001,3,247.85,1,body_1,3.1163256233840357,1.938542682722356,0.004943300995910838,0.003719869473847225,1.6781560322068076,2.224783949585519,2,1.7729646425610055,1.4948233964781679,-8.083367072417246,-1.3879661696699307e-05,36.80224419731204,-2.413381137677942e-14,1.7729646425610055,1-2,3,80.75,80750,,,,,0,1.6781560322068076,2.2066559313202108,1.7729646425610055,1.4948233964781679,0.0034190232204153246,negative_hard,10.0,0,0,0,1,0,0,0,0,0,1,2,0,0,0,1,1,0,0,0,0
sim_0041_n3_seed297,297,0.001,3,248.0,1,body_1,3.1163256233840357,1.938542682722356,0.00434684845341869,0.004934423120126518,2.07747097850767,3.925466369414373,2,1.5935074350362566,1.8166625211503502,-8.083366229947844,-1.3775437666251727e-05,36.80224419731205,-2.3940740885765187e-14,1.5935074350362566,1-2,3,80.9,80900,,,,,0,2.07747097850767,3.877975657907398,1.5935074350362566,1.8166625211503502,0.0030211322691378593,negative_baseline,20.0,0,0,0,1,1,0,0,0,0,1,2,0,0,0,1,1,0,0,0,0
sim_0041_n3_seed297,297,0.001,3,248.35,1,body_1,3.1163256233840357,1.938542682722356,0.003536634939633301,0.011289828333651901,6.063299855013725,38.14254720120204,2,0.9326653435374476,3.280332809254212,-8.08334520206395,-1.1174024719628998e-05,36.802244197312035,-2.4326881867793657e-14,0.9326653435374476,1-2,3,81.25,81250,,,,,0,6.063299855013725,35.689379099471005,0.9326653435374476,3.280332809254212,0.002470214780752363,negative_hard,10.0,1,1,1,1,1,0,1,0,0,1,2,0,0,0,1,1,0,0,0,0
sim_0041_n3_seed297,297,0.001,3,248.55,1,body_1,3.1163256233840357,1.938542682722356,0.00857015856609921,0.09978703813213488,53.81718820223867,973.1897763008715,2,0.3130098629920492,6.809729906844441,-8.08361207921368,-4.4190075024424745e-05,36.80224419731198,-2.587144579590754e-14,0.3130098629920492,1-2,3,81.45000000000002,81450,,,,,0,53.81718820223867,1456.7962077109166,0.3130098629920492,6.809729906844441,0.005842804180112098,negative_hard,8.0,1,1,1,1,1,0,1,1,0,1,2,0,0,0,1,1,0,0,0,0
sim_0041_n3_seed297,297,0.001,3,249.0,1,body_1,3.1163256233840357,1.938542682722356,0.003641795313436849,0.007199169891175973,3.0778643512244983,9.60777956793852,2,1.3085007949282355,2.365086738736625,-8.08336300400505,-1.3376348086502527e-05,36.802244197311644,-3.49457588735766e-14,1.3085007949282355,1-2,3,81.9,81900,,,,,0,3.0778643512244983,9.438181856597012,1.3085007949282355,2.365086738736625,0.0025461282140307054,negative_hard,10.0,1,1,1,1,0,1,0,0,0,1,2,0,0,0,1,1,0,0,0,0
sim_0041_n3_seed297,297,0.001,3,250.0,1,body_1,3.1163256233840357,1.938542682722356,0.006207696702182717,0.0006303743885678989,1.2233416177351095,0.5521571654185594,2,2.076087453585073,0.9234237706706305,-8.083367715021952,-1.3959159957612908e-05,36.80224419731165,-3.475268838256237e-14,2.076087453585073,1-2,3,82.9,82900,,,,,0,1.2233416177351095,0.5506095439770238,2.076087453585073,0.9234237706706305,0.004270807710508825,negative_baseline,20.0,0,0,0,0,0,0,0,0,0,1,2,0,0,0,1,1,0,0,0,0
sim_0041_n3_seed297,297,0.001,3,250.55,1,body_1,3.1163256233840357,1.938542682722356,0.005139275853584396,0.0037489005670915195,1.6550854318891897,2.1358512171487902,2,1.785254023928233,1.472870555460646,-8.083367113094514,-1.388469398485332e-05,36.80224419731161,-3.591111132864778e-14,1.785254023928233,1-2,3,83.45000000000002,83450,,,,,0,1.6550854318891897,2.118909340602788,1.785254023928233,1.472870555460646,0.0035569875952734275,negative_hard,10.0,0,0,0,1,0,0,0,0,0,1,2,0,0,0,1,1,0,0,0,0
sim_0041_n3_seed297,297,0.001,3,251.0,1,body_1,3.1163256233840357,1.938542682722356,0.0034809758027583553,0.009395985424355926,4.503265200514505,21.08038434334071,2,1.0822519842916825,2.876483694268177,-8.083355920091458,-1.2499979136352272e-05,36.802244197311495,-3.900023918487555e-14,1.0822519842916825,1-2,3,83.9,83900,,,,,0,4.503265200514505,20.192035408238713,1.0822519842916825,2.876483694268177,0.0024460281685196646,negative_baseline,20.0,1,1,1,1,1,0,1,0,0,1,2,0,0,0,1,1,0,0,0,0
sim_0041_n3_seed297,297,0.001,3,251.05,1,body_1,3.1163256233840357,1.938542682722356,0.003589965486283303,0.011111708116458624,5.687053391439454,33.60389231014908,2,0.9630259912198823,3.192718107985539,-8.083348041242747,-1.1525266742816532e-05,36.80224419731139,-4.1896296550089074e-14,0.9630259912198823,1-2,3,83.95000000000002,83950,,,,,0,5.687053391439454,31.625487631662754,0.9630259912198823,3.192718107985539,0.0025134808954004793,negative_hard,10.0,1,1,1,1,1,0,1,0,0,1,2,0,0,0,1,1,0,0,0,0
sim_0041_n3_seed297,297,0.001,3,251.70000000000002,1,body_1,3.1163256233840357,1.938542682722356,0.003707516760971437,0.007615436072487852,3.1867105780229665,10.346093754531195,2,1.2859619109525493,2.412130073655225,-8.083362561909674,-1.332165534406375e-05,36.802244197311744,-3.224277199937731e-14,1.2859619109525493,1-2,3,84.60000000000002,84600,,,,,0,3.1867105780229665,10.15134496101033,1.2859619109525493,2.412130073655225,0.002596315006926237,negative_hard,10.0,1,1,1,1,0,1,0,0,0,1,2,0,0,0,1,1,0,0,0,0
sim_0041_n3_seed297,297,0.001,3,252.0,1,body_1,3.1163256233840357,1.938542682722356,0.005018645996169761,0.004364766603214457,1.7610627947815736,2.5603211595911133,2,1.729831643411227,1.571779237266713,-8.083366915173887,-1.3860208721133273e-05,36.802244197311836,-2.973285561619225e-14,1.729831643411227,1-2,3,84.9,84900,,,,,0,1.7610627947815736,2.5464861832697747,1.729831643411227,1.571779237266713,0.003480263966206275,negative_baseline,20.0,0,0,0,1,0,0,0,0,0,1,2,0,0,0,1,1,0,0,0,0
sim_0041_n3_seed297,297,0.001,3,253.0,1,body_1,3.1163256233840357,1.938542682722356,0.0060561779192449,0.0020865979294588284,1.3359573315508368,0.9758631321392415,2,1.9868920476856198,1.1025123601161027,-8.083367587541195,-1.3943388989294224e-05,36.80224419731175,-3.2049701508363074e-14,1.9868920476856198,1-2,3,85.9,85900,,,,,0,1.3359573315508368,0.9710226108500737,1.9868920476856198,1.1025123601161027,0.0041767701411759995,negative_baseline,20.0,0,0,0,0,0,0,0,0,0,1,2,0,0,0,1,1,0,0,0,0
sim_0041_n3_seed297,297,0.001,3,253.25,1,body_1,3.1163256233840357,1.938542682722356,0.005336681895550958,0.0037734790542862102,1.6329983988103343,2.051566677257428,2,1.797262286042222,1.451395641003128,-8.083367151214414,-1.388940989455718e-05,36.80224419731176,-3.1856631017348834e-14,1.797262286042222,1-2,3,86.15,86150,,,,,0,1.6329983988103343,2.035715405088375,1.797262286042222,1.451395641003128,0.0036961543224613325,negative_hard,10.0,0,0,0,1,0,0,0,0,0,1,2,0,0,0,1,1,0,0,0,0
sim_0041_n3_seed297,297,0.001,3,253.75,1,body_1,3.1163256233840357,1.938542682722356,0.003652969109855747,0.01096240481255695,5.352374545912255,29.792786458241842,2,0.9926806384415672,3.1101434983954186,-8.083350435217028,-1.1821431384003782e-05,36.80224419731179,-3.089127856227766e-14,0.9926806384415672,1-2,3,86.65,86650,,,,,0,5.352374545912255,28.1817585689601,0.9926806384415672,3.1101434983954186,0.002563555675827567,negative_hard,10.0,1,1,1,1,1,0,1,0,0,1,2,0,0,0,1,1,0,0,0,0
sim_0041_n3_seed297,297,0.001,3,254.0,1,body_1,3.1163256233840357,1.938542682722356,0.010643363630045411,0.17202625000452007,83.1039768705446,852.7223776401784,2,0.25188417721772527,7.705647384218196,-8.086533205810092,-0.0004055700685952945,36.80224419731208,-2.3168458921708244e-14,0.25188417721772527,1-2,3,86.9,86900,,,,,0,83.1039768705446,2645.161717359063,0.25188417721772527,7.705647384218196,0.00725293519437943,negative_baseline,20.0,1,1,1,1,0,0,1,1,0,1,2,0,0,0,1,1,0,0,0,0
sim_0041_n3_seed297,297,0.001,3,254.05,1,body_1,3.1163256233840357,1.938542682722356,0.00949086914959254,0.11690646443454665,55.956254812255,968.4161159859408,2,0.30695550777641434,6.886909502942177,-8.083724316266874,-5.8075206059712955e-05,36.80224419731221,-1.9500119592437774e-14,0.30695550777641434,1-2,3,86.95000000000002,86950,,,,,0,55.956254812255,1586.6561867218247,0.30695550777641434,6.886909502942177,0.0064591152163238855,negative_hard,8.0,1,1,1,1,0,1,1,1,0,1,2,0,0,0,1,1,0,0,0,0
sim_0041_n3_seed297,297,0.001,3,254.4,1,body_1,3.1163256233840357,1.938542682722356,0.0037741081425648674,0.00805380179299461,3.3039649797416977,11.16775254987768,2,1.262939368048647,2.460937074713469,-8.083362066219577,-1.3260332262662298e-05,36.80224419731218,-2.046547204750895e-14,1.262939368048647,1-2,3,87.30000000000001,87300,,,,,0,3.3039649797416977,10.94320219705536,1.262939368048647,2.460937074713469,0.002647204323914575,negative_hard,10.0,1,1,1,1,0,1,0,0,0,1,2,0,0,0,1,1,0,0,0,0
sim_0041_n3_seed297,297,0.001,3,255.0,1,body_1,3.1163256233840357,1.938542682722356,0.006127826024402596,0.0024257672370117233,1.3549000257564914,1.0465871755589227,2,1.9722822635434774,1.1305355830183295,-8.083367562830365,-1.3940331949638401e-05,36.80224419731225,-1.8534767137366594e-14,1.9722822635434774,1-2,3,87.9,87900,,,,,0,1.3549000257564914,1.0440173760374596,1.9722822635434774,1.1305355830183295,0.004230790105318657,negative_baseline,20.0,0,0,0,0,0,0,0,0,0,1,2,0,0,0,1,1,0,0,0,0
sim_0041_n3_seed297,297,0.001,3,255.95000000000002,1,body_1,3.1163256233840357,1.938542682722356,0.005535424806022702,0.0037936675912981837,1.6118466312320157,1.971617271951834,2,1.8089921769519424,1.4303886387360327,-8.083367186966532,-1.3893832879882205e-05,36.80224419731231,-1.6797132718238477e-14,1.8089921769519424,1-2,3,88.85000000000002,88850,,,,,0,1.6118466312320157,1.9567701650267857,1.8089921769519424,1.4303886387360327,0.0038364696138638186,negative_hard,10.0,0,0,0,1,0,0,0,0,0,1,2,0,0,0,1,1,0,0,0,0
sim_0041_n3_seed297,297,0.001,3,256.0,1,body_1,3.1163256233840357,1.938542682722356,0.005342186382605885,0.004189174442956548,1.7062788425568036,2.335184562392048,2,1.7582396509635103,1.5210997345707642,-8.08336702123994,-1.387333042214332e-05,36.802244197312326,-1.6410991736210007e-14,1.7582396509635103,1-2,3,88.9,88900,,,,,0,1.7062788425568036,2.315533000078311,1.7582396509635103,1.5210997345707642,0.003707504767941602,negative_baseline,20.0,0,0,0,1,0,0,0,0,0,1,2,0,0,0,1,1,0,0,0,0
sim_0041_n3_seed297,297,0.001,3,256.45,1,body_1,3.1163256233840357,1.938542682722356,0.0037255828409134407,0.010836566977072935,5.05312451738423,26.565828775760135,2,1.0216538713846242,3.0321074111806134,-8.083352466453208,-1.207272077304399e-05,36.8022441973124,-1.4480286826067654e-14,1.0216538713846242,1-2,3,89.35,89350,,,,,0,5.05312451738423,25.242196023804883,1.0216538713846242,3.0321074111806134,0.0026203813671681997,negative_hard,10.0,1,1,1,1,1,0,1,0,0,1,2,0,0,0,1,1,0,0,0,0
sim_0041_n3_seed297,297,0.001,3,257.0,1,body_1,3.1163256233840357,1.938542682722356,0.003796640413561615,0.011128265977574006,5.048612552853548,26.558055508141376,2,1.0217294900531109,3.0319105081043194,-8.083352471379946,-1.2073330272336289e-05,36.80224419731237,-1.5252568790124594e-14,1.0217294900531109,1-2,3,89.9,89900,,,,,0,5.048612552853548,25.463200904204207,1.0217294900531109,3.0319105081043194,0.0026534523772734067,negative_baseline,20.0,1,1,1,1,0,1,1,0,0,1,2,0,0,0,1,1,0,0,0,0
sim_0041_n3_seed297,297,0.001,3,257.15,1,body_1,3.1163256233840357,1.938542682722356,0.004019539229428355,0.007661601785974764,2.959730876841964,8.833842311877273,2,1.3343438123738918,2.311991100908134,-8.083363463213109,-1.343315788219583e-05,36.80224419731236,-1.544563928113883e-14,1.3343438123738918,1-2,3,90.04999999999998,90050,,,,,0,2.959730876841964,8.688912043231076,1.3343438123738918,2.311991100908134,0.0028215658256142526,negative_hard,10.0,1,0,1,1,0,1,0,0,0,1,2,0,0,0,1,1,0,0,0,0
sim_0041_n3_seed297,297,0.001,3,258.0,1,body_1,3.1163256233840357,1.938542682722356,0.006742272719650409,0.0008403226515549386,1.2262456677391995,0.5655136338486964,2,2.073408425592175,0.9290665573386133,-8.083367711660838,-1.395874414565302e-05,36.80224419731228,-1.7762485173309654e-14,2.073408425592175,1-2,3,90.9,90900,,,,,0,1.2262456677391995,0.5644180764236965,2.073408425592175,0.9290665573386133,0.004650093858152462,negative_baseline,20.0,0,0,0,0,0,0,0,0,0,1,2,0,0,0,1,1,0,0,0,0
sim_0041_n3_seed297,297,0.001,3,258.7,1,body_1,3.1163256233840357,1.938542682722356,0.005540494161713066,0.004211271958259542,1.6819617038118586,2.240258307933242,2,1.770882567495675,1.498536489481876,-8.083367065197578,-1.3878768533174685e-05,36.80224419731219,-2.0079331065480477e-14,1.770882567495675,1-2,3,91.6,91600,,,,,0,1.6819617038118586,2.2219190789273893,1.770882567495675,1.498536489481876,0.0038477994477391984,negative_hard,10.0,0,0,0,1,0,0,0,0,0,1,2,0,0,0,1,1,0,0,0,0
sim_0041_n3_seed297,297,0.001,3,259.0,1,body_1,3.1163256233840357,1.938542682722356,0.004146404314874853,0.007436137369595964,2.869341926695749,8.242703281768817,2,1.355850291835885,2.268439573179295,-8.083363811024222,-1.3476186478773018e-05,36.80224419731228,-1.7762485173309654e-14,1.355850291835885,1-2,3,91.9,91900,,,,,0,2.869341926695749,8.069946201380532,1.355850291835885,2.268439573179295,0.0029179748997930173,negative_baseline,20.0,1,0,1,1,1,0,0,0,0,1,2,0,0,0,1,1,0,0,0,0
sim_0041_n3_seed297,297,0.001,3,259.2,1,body_1,3.1163256233840357,1.938542682722356,0.003994639323639324,0.012867936496393565,6.1317141535709245,39.00053521350449,2,0.9274355484103295,3.2957562293402876,-8.083344664138025,-1.1107476536717168e-05,36.80224419731233,-1.621792124519577e-14,0.9274355484103295,1-2,3,92.1,92100,,,,,0,6.1317141535709245,36.45296838354614,0.9274355484103295,3.2957562293402876,0.002801138828210179,negative_hard,10.0,1,1,1,1,1,0,1,0,0,1,2,0,0,0,1,1,0,0,0,0
sim_0041_n3_seed297,297,0.001,3,259.85,1,body_1,3.1163256233840357,1.938542682722356,0.0040784417572898145,0.008078255266409444,3.0597556108521546,9.48807369336956,2,1.3123531447354335,2.357117440545288,-8.08336307486331,-1.3385114141855211e-05,36.80224419731219,-2.0079331065480477e-14,1.3123531447354335,1-2,3,92.75000000000003,92750,,,,,0,3.0597556108521546,9.322391601653928,1.3123531447354335,2.357117440545288,0.002868142821218341,negative_hard,10.0,1,1,1,1,0,1,0,0,0,1,2,0,0,0,1,1,0,0,0,0
sim_0041_n3_seed297,297,0.001,3,260.0,1,body_1,3.1163256233840357,1.938542682722356,0.004793077434695496,0.0060880735729741215,2.1729821345302796,4.390785289816127,2,1.5572314865301418,1.882968201722144,-8.083365983895089,-1.3744997854724642e-05,36.80224419731217,-2.0658542538523184e-14,1.5572314865301418,1-2,3,92.9,92900,,,,,0,2.1729821345302796,4.352132867825703,1.5572314865301418,1.882968201722144,0.00335106178063568,negative_baseline,20.0,0,0,0,1,0,1,0,0,0,1,2,0,0,0,1,1,0,0,0,0
sim_0041_n3_seed297,297,0.001,3,261.0,1,body_1,3.1163256233840357,1.938542682722356,0.006823911720683159,0.0014154016822619621,1.2603805776472934,0.6998930337999452,2,2.0453982289225143,0.9869025710356476,-8.083367675238513,-1.3954238247316964e-05,36.80224419731214,-2.1430824502580127e-14,2.0453982289225143,1-2,3,93.9,93900,,,,,0,1.2603805776472934,0.6970980459661329,2.0453982289225143,0.9869025710356476,0.004712975625212729,negative_baseline,20.0,0,0,0,0,0,0,0,0,0,1,2,0,0,0,1,1,0,0,0,0
sim_0041_n3_seed297,297,0.001,3,261.4,1,body_1,3.1163256233840357,1.938542682722356,0.005740207651789372,0.0042290202624665355,1.6586924275258979,2.150402579240215,2,1.7832393808395643,1.4764667588785414,-8.083367106353126,-1.3883859990627875e-05,36.80224419731217,-2.0658542538523184e-14,1.7832393808395643,1-2,3,94.29999999999998,94300,,,,,0,1.6586924275258979,2.133267749624633,1.7832393808395643,1.4764667588785414,0.003989310762610502,negative_hard,10.0,0,0,0,1,0,0,0,0,0,1,2,0,0,0,1,1,0,0,0,0
sim_0041_n3_seed297,297,0.001,3,261.9,1,body_1,3.1163256233840357,1.938542682722356,0.004035566172236764,0.012608500075859308,5.747391613243265,34.31731551012949,2,0.9579455176680419,3.2071534246270734,-8.08334759081971,-1.1469543764357346e-05,36.80224419731203,-2.451995235880789e-14,0.9579455176680419,1-2,3,94.79999999999998,94800,,,,,0,5.747391613243265,32.266622595211054,0.9579455176680419,3.2071534246270734,0.0028374839894186555,negative_hard,10.0,1,1,1,1,1,0,1,0,0,1,2,0,0,0,1,1,0,0,0,0
sim_0041_n3_seed297,297,0.001,3,262.0,1,body_1,3.1163256233840357,1.938542682722356,0.00527441469354189,0.022572071613859695,11.44080002380317,132.17314646971244,2,0.6789277905755708,4.181350293324413,-8.08329164563099,-4.5484223159610056e-06,36.8022441973119,-2.7995221197064127e-14,0.6789277905755708,1-2,3,94.9,94900,,,,,0,11.44080002380317,113.61553011323359,0.6789277905755708,4.181350293324413,0.003647960175083462,negative_baseline,20.0,1,1,1,1,1,0,1,1,0,1,2,0,0,0,1,1,0,0,0,0
sim_0041_n3_seed297,297,0.001,3,262.1,1,body_1,3.1163256233840357,1.938542682722356,0.009277845381169362,0.09397896188778432,44.4390902972223,961.2176446304345,2,0.34445993734532215,6.4404079618414585,-8.083267535686161,-1.5657197799963292e-06,36.802244197312014,-2.4906093340836364e-14,0.34445993734532215,1-2,3,95.00000000000003,95000,,,,,0,44.4390902972223,1091.9597084693007,0.34445993734532215,6.4404079618414585,0.00634184477635147,negative_hard,8.0,1,1,1,1,1,0,1,1,0,1,2,0,0,0,1,1,0,0,0,0
sim_0041_n3_seed297,297,0.001,3,262.55,1,body_1,3.1163256233840357,1.938542682722356,0.004137650129292885,0.008515941988209728,3.167237996428777,10.213315140058734,2,1.28989411410703,2.4038728929696593,-8.08336264098002,-1.3331437337566692e-05,36.80224419731209,-2.2782317939679774e-14,1.28989411410703,1-2,3,95.45000000000002,95450,,,,,0,3.167237996428777,10.023182131590177,1.28989411410703,2.4038728929696593,0.00291509956188698,negative_hard,10.0,1,1,1,1,0,1,0,0,0,1,2,0,0,0,1,1,0,0,0,0
sim_0041_n3_seed297,297,0.001,3,263.0,1,body_1,3.1163256233840357,1.938542682722356,0.006215702923061415,0.0036327050664373525,1.495795489009873,1.5492201353709116,2,1.8769580305828886,1.3077418331562267,-8.083367368506773,-1.3916291684327027e-05,36.80224419731207,-2.336152941272248e-14,1.8769580305828886,1-2,3,95.9,95900,,,,,0,1.495795489009873,1.5438786291739945,1.8769580305828886,1.3077418331562267,0.004312559056830817,negative_baseline,20.0,0,0,0,0,0,0,0,0,0,1,2,0,0,0,1,1,0,0,0,0
sim_0041_n3_seed297,297,0.001,3,264.0,1,body_1,3.1163256233840357,1.938542682722356,0.006318462227972372,0.003434331133206698,1.484255065257317,1.503055030939233,2,1.8850391750738913,1.2929885847076052,-8.083367387438745,-1.3918633806741356e-05,36.80224419731194,-2.6836798250978717e-14,1.8850391750738913,1-2,3,96.9,96900,,,,,0,1.484255065257317,1.49349307765904,1.8850391750738913,1.2929885847076052,0.004383756266662103,negative_baseline,20.0,0,0,0,0,0,0,0,0,0,1,2,0,0,0,1,1,0,0,0,0
sim_0041_n3_seed297,297,0.001,3,264.1,1,body_1,3.1163256233840357,1.938542682722356,0.005941226332678943,0.0042424768343118915,1.636417965889409,2.0652673512780413,2,1.7953131616297595,1.4548791423231255,-8.083367144909065,-1.3888629843794753e-05,36.80224419731195,-2.664372775996448e-14,1.7953131616297595,1-2,3,97.00000000000003,97000,,,,,0,1.636417965889409,2.049239479166896,1.7953131616297595,1.4548791423231255,0.004131983542839695,negative_hard,10.0,0,0,0,1,0,0,0,0,0,1,2,0,0,0,1,1,0,0,0,0
sim_0041_n3_seed297,297,0.001,3,264.6,1,body_1,3.1163256233840357,1.938542682722356,0.004087978547679087,0.012387759238904554,5.405898957101621,30.391447531933572,2,0.9877421823504234,3.123697061016949,-8.08335005546515,-1.1774451314266875e-05,36.80224419731196,-2.6450657268950244e-14,0.9877421823504234,1-2,3,97.50000000000003,97500,,,,,0,5.405898957101621,28.724409451407222,0.9877421823504234,3.123697061016949,0.0028819193981761086,negative_hard,10.0,1,1,1,1,1,0,1,0,0,1,2,0,0,0,1,1,0,0,0,0
sim_0041_n3_seed297,297,0.001,3,265.0,1,body_1,3.1163256233840357,1.938542682722356,0.0058385775745025,0.026260026779040952,12.557486641021237,158.516121325133,2,0.6479065742936889,4.320521052917661,-8.083278454135993,-2.9164689514662904e-06,36.80224419731225,-1.8534767137366594e-14,0.6479065742936889,1-2,3,97.9,97900,,,,,0,12.557486641021237,136.35360606019492,0.6479065742936889,4.320521052917661,0.004009928559644823,negative_baseline,20.0,1,1,1,1,0,1,1,1,0,1,2,0,0,0,1,1,0,0,0,0
sim_0041_n3_seed297,297,0.001,3,265.3,1,body_1,3.1163256233840357,1.938542682722356,0.004404404629136445,0.008096855490500916,2.850859406686886,8.145554045182578,2,1.3595627320618455,2.260989000767143,-8.083363867611029,-1.3483186976368954e-05,36.8022441973122,-1.9886260574466244e-14,1.3595627320618455,1-2,3,98.20000000000002,98200,,,,,0,2.850859406686886,8.021077827408769,1.3595627320618455,2.260989000767143,0.003104542448114885,negative_hard,10.0,1,0,1,1,0,1,0,0,0,1,2,0,0,0,1,1,0,0,0,0
sim_0041_n3_seed297,297,0.001,3,266.0,1,body_1,3.1163256233840357,1.938542682722356,0.0071378672214342355,0.001682613004109449,1.2637877228696708,0.7152099463427897,2,2.0421764352690985,0.9934499427291861,-8.08336767076567,-1.3953684900491261e-05,36.8022441973122,-1.9886260574466244e-14,2.0421764352690985,1-2,3,98.9,98900,,,,,0,1.2637877228696708,0.7138796417385818,2.0421764352690985,0.9934499427291861,0.004938689230824593,negative_baseline,20.0,0,0,0,0,0,0,0,0,0,1,2,0,0,0,1,1,0,0,0,0
sim_0041_n3_seed297,297,0.001,3,266.15,1,body_1,3.1163256233840357,1.938542682722356,0.00729977173736775,0.0008453117320850909,1.224207192969256,0.5575203331180453,2,2.0750706727830424,0.9255734275170108,-8.083367713621167,-1.3958986662908433e-05,36.80224419731222,-1.9307049101423537e-14,2.0750706727830424,1-2,3,99.04999999999998,99050,,,,,0,1.224207192969256,0.5564094071159319,2.0750706727830424,0.9255734275170108,0.0050473597475806965,negative_hard,8.0,0,0,0,0,0,0,0,0,0,1,2,0,0,0,1,1,0,0,0,0
sim_0041_n3_seed297,297,0.001,3,266.85,1,body_1,3.1163256233840357,1.938542682722356,0.005927269465191721,0.004695035150812922,1.7102177431009247,2.351402692474155,2,1.7561508293156716,1.5248221118461907,-8.083367013499583,-1.3872372842826144e-05,36.80224419731232,-1.660406222722424e-14,1.7561508293156716,1-2,3,99.75000000000003,99750,,,,,0,1.7102177431009247,2.331520551977612,1.7561508293156716,1.5248221118461907,0.004131561320741582,negative_hard,10.0,0,0,0,1,0,0,0,0,0,1,2,0,0,0,1,1,0,0,0,0
sim_0041_n3_seed297,297,0.001,3,267.0,1,body_1,3.1163256233840357,1.938542682722356,0.005186804794223093,0.006222859603739562,2.1362229755740767,4.203762727383395,2,1.5713546331856614,1.857061139187707,-8.083366083046862,-1.3757264172500267e-05,36.80224419731234,-1.6024850754181537e-14,1.5713546331856614,1-2,3,99.9,99900,,,,,0,2.1362229755740767,4.150305086826232,1.5713546331856614,1.857061139187707,0.0036379699103038163,negative_baseline,20.0,0,0,0,1,1,0,0,0,0,1,2,0,0,0,1,1,0,0,0,0
sim_0041_n3_seed297,297,0.001,3,267.35,1,body_1,3.1163256233840357,1.938542682722356,0.004436243896410202,0.014871519593258355,6.645267645646635,45.701191051679096,2,0.890867161591353,3.406550219329402,-8.083340503906541,-1.0592803729075714e-05,36.80224419731233,-1.621792124519577e-14,0.890867161591353,1-2,3,100.25000000000003,100250,,,,,0,6.645267645646635,42.37293753674885,0.890867161591353,3.406550219329402,0.003114089777804537,negative_hard,10.0,1,1,1,1,1,0,1,0,0,1,2,0,0,0,1,1,0,0,0,0
sim_0041_n3_seed297,297,0.001,3,267.65,1,body_1,3.1163256233840357,1.938542682722356,0.00837062017146454,0.06132166314611557,27.162182626011763,629.3351789852372,2,0.4405593902334009,5.554681398283294,-8.083129089149697,1.5561853026632426e-05,36.802244197312476,-1.2356511424911064e-14,0.4405593902334009,1-2,3,100.54999999999998,100550,,,,,0,27.162182626011763,511.72136490225563,0.4405593902334009,5.554681398283294,0.005718432128478886,negative_hard,8.0,1,1,1,1,0,1,1,1,0,1,2,0,0,0,1,1,0,0,0,0
sim_0041_n3_seed297,297,0.001,3,268.0,1,body_1,3.1163256233840357,1.938542682722356,0.004456385599867619,0.008513654692507727,2.9430076535647323,8.727666586753532,2,1.3381079444000699,2.304330972303953,-8.083363525152228,-1.3440820527954953e-05,36.80224419731251,-1.1391158969839887e-14,1.3381079444000699,1-2,3,100.9,100900,,,,,0,2.9430076535647323,8.585963486392457,1.3381079444000699,2.304330972303953,0.0031475886966346404,negative_baseline,20.0,1,0,1,1,0,1,0,0,0,1,2,0,0,0,1,1,0,0,0,0
sim_0041_n3_seed297,297,0.001,3,268.05,1,body_1,3.1163256233840357,1.938542682722356,0.0047015246424304165,0.007724843255401713,2.5958081824079393,6.624478523038216,2,1.4247674676339386,2.132439144085276,-8.083364746826277,-1.3591956928728558e-05,36.802244197312525,-1.1005017987811415e-14,1.4247674676339386,1-2,3,100.95000000000002,100950,,,,,0,2.5958081824079393,6.540151359231847,1.4247674676339386,2.132439144085276,0.0033138270225767236,negative_hard,10.0,0,0,1,1,0,1,0,0,0,1,2,0,0,0,1,1,0,0,0,0
sim_0041_n3_seed297,297,0.001,3,269.0,1,body_1,3.1163256233840357,1.938542682722356,0.007490880204225536,0.0007948849224722147,1.2248183293052306,0.5595943379968392,2,2.0746665243703886,0.9264194629979624,-8.08336771307535,-1.395891913864437e-05,36.80224419731264,-7.91589013158365e-15,2.0746665243703886,1-2,3,101.9,101900,,,,,0,1.2248183293052306,0.5579522857228341,2.0746665243703886,0.9264194629979624,0.005184204340620318,negative_baseline,20.0,0,0,0,0,0,0,0,0,0,1,2,0,0,0,1,1,0,0,0,0
sim_0041_n3_seed297,297,0.001,3,269.05,1,body_1,3.1163256233840357,1.938542682722356,0.007459952548409309,0.0010203735162518449,1.2336543569939344,0.595740913341392,2,2.0672741573144933,0.9418974221851997,-8.083367703829431,-1.3957775302439369e-05,36.80224419731264,-7.91589013158365e-15,2.0672741573144933,1-2,3,101.95000000000002,101950,,,,,0,1.2336543569939344,0.5937495736989852,2.0672741573144933,0.9418974221851997,0.005163618386632556,negative_hard,8.0,0,0,0,0,0,0,0,0,0,1,2,0,0,0,1,1,0,0,0,0
sim_0041_n3_seed297,297,0.001,3,269.6,1,body_1,3.1163256233840357,1.938542682722356,0.0058943628643139045,0.005182150014456329,1.795299888670651,2.6934652236694814,2,1.7140328461352088,1.5999526744824681,-8.083366850963912,-1.3852265142069748e-05,36.80224419731267,-7.143608167526709e-15,1.7140328461352088,1-2,3,102.50000000000003,102500,,,,,0,1.795299888670651,2.668490526846442,1.7140328461352088,1.5999526744824681,0.004118887466471841,negative_hard,10.0,0,0,0,1,1,0,0,0,0,1,2,0,0,0,1,1,0,0,0,0
sim_0041_n3_seed297,297,0.001,3,270.0,1,body_1,3.1163256233840357,1.938542682722356,0.004226328299539591,0.01203537961637482,4.827051443494623,24.24452597910476,2,1.0452949642956781,2.9702262745950767,-8.08335392495605,-1.2253155865563596e-05,36.80224419731276,-4.6336917843416485e-15,1.0452949642956781,1-2,3,102.9,102900,,,,,0,4.827051443494623,23.113288942806353,1.0452949642956781,2.9702262745950767,0.00299436181584747,negative_baseline,20.0,1,1,1,1,1,0,1,0,0,1,2,0,0,0,1,1,0,0,0,0
sim_0041_n3_seed297,297,0.001,3,270.1,1,body_1,3.1163256233840357,1.938542682722356,0.00501015850729187,0.018746416459706094,8.532957510042419,74.60613483347734,2,0.7861588391630817,3.7567226399434266,-8.08332315304759,-8.446284881286077e-06,36.80224419731283,-2.702986874199295e-15,0.7861588391630817,1-2,3,103.00000000000003,103000,,,,,0,8.532957510042419,67.11901316503936,0.7861588391630817,3.7567226399434266,0.003495787536104702,negative_hard,10.0,1,1,1,1,1,0,1,1,0,1,2,0,0,0,1,1,0,0,0,0
sim_0041_n3_seed297,297,0.001,3,270.8,1,body_1,3.1163256233840357,1.938542682722356,0.00501974762725212,0.007384548252425732,2.386790248813371,5.4757230226396,2,1.4858214236572973,2.0157901948800165,-8.083365392732693,-1.3671863652687537e-05,36.80224419731267,-7.143608167526709e-15,1.4858214236572973,1-2,3,103.70000000000002,103700,,,,,0,2.386790248813371,5.416915916671968,1.4858214236572973,2.0157901948800165,0.003536984828362222,negative_hard,10.0,0,0,0,1,0,1,0,0,0,1,2,0,0,0,1,1,0,0,0,0
sim_0041_n3_seed297,297,0.001,3,271.0,1,body_1,3.1163256233840357,1.938542682722356,0.006091580178145791,0.005139882720409558,1.7250906415350695,2.4173134357282784,2,1.7476817472295179,1.5399504102990913,-8.083366982579047,-1.3868547584817328e-05,36.80224419731258,-9.460454059697534e-15,1.7476817472295179,1-2,3,103.9,103900,,,,,0,1.7250906415350695,2.4049087708432775,1.7476817472295179,1.5399504102990913,0.004255401418609593,negative_baseline,20.0,0,0,0,1,0,0,0,0,0,1,2,0,0,0,1,1,0,0,0,0
sim_0041_n3_seed297,297,0.001,3,271.3,1,body_1,3.1163256233840357,1.938542682722356,0.007224587362141528,0.002645338903828866,1.33321189612405,0.9702408480739395,2,1.9881473767595166,1.100108821461633,-8.083367589348772,-1.3943612609152534e-05,36.80224419731264,-7.91589013158365e-15,1.9881473767595166,1-2,3,104.20000000000002,104200,,,,,0,1.33321189612405,0.9680030325532544,1.9881473767595166,1.100108821461633,0.005014055172750605,negative_hard,8.0,0,0,0,0,0,0,0,0,0,1,2,0,0,0,1,1,0,0,0,0
sim_0041_n3_seed297,297,0.001,3,271.7,1,body_1,3.1163256233840357,1.938542682722356,0.007677922784987324,0.000771328410494875,1.2233201378421066,0.5536036500460064,2,2.075897698480218,0.9238273569049301,-8.08336771454884,-1.39591014278084e-05,36.80224419731268,-6.757467185498238e-15,2.075897698480218,1-2,3,104.6,104600,,,,,0,1.2233201378421066,0.5520335962700361,2.075897698480218,0.9238273569049301,0.0053183498918386255,negative_hard,8.0,0,0,0,0,0,0,0,0,0,1,2,0,0,0,1,1,0,0,0,0
sim_0041_n3_seed297,297,0.001,3,272.0,1,body_1,3.1163256233840357,1.938542682722356,0.007232291414990631,0.002635350248653185,1.3475875124306984,1.018378524393675,2,1.9781521591068392,1.119300614364906,-8.083367572617806,-1.3941542778953303e-05,36.80224419731274,-5.212903257384355e-15,1.9781521591068392,1-2,3,104.9,104900,,,,,0,1.3475875124306984,1.0132015798050698,1.9781521591068392,1.119300614364906,0.005021036765865624,negative_baseline,20.0,0,0,0,0,0,0,0,0,0,1,2,0,0,0,1,1,0,0,0,0
sim_0041_n3_seed297,297,0.001,3,272.35,1,body_1,3.1163256233840357,1.938542682722356,0.005842547075483795,0.0057080166492677,1.8938592721199357,3.1068441294595415,2,1.6688366615225378,1.680759503971226,-8.083366647960599,-1.3827151086316347e-05,36.80224419731261,-8.688172095640592e-15,1.6688366615225378,1-2,3,105.25000000000003,105250,,,,,0,1.8938592721199357,3.0750279182704454,1.6688366615225378,1.680759503971226,0.004094012448122475,negative_hard,10.0,0,0,0,1,1,0,0,0,0,1,2,0,0,0,1,1,0,0,0,0
sim_0041_n3_seed297,297,0.001,3,272.85,1,body_1,3.1163256233840357,1.938542682722356,0.005899508437937274,0.02553121124586178,11.653978792142832,137.03294512887376,2,0.6726870702206861,4.2086753692882315,-8.08328912707396,-4.236845226505112e-06,36.80224419731263,-8.108960622597885e-15,0.6726870702206861,1-2,3,105.75000000000003,105750,,,,,0,11.653978792142832,117.40663570830499,0.6726870702206861,4.2086753692882315,0.0040896638756672534,negative_hard,10.0,1,1,1,1,1,0,1,1,0,1,2,0,0,0,1,1,0,0,0,0
sim_0041_n3_seed297,297,0.001,3,272.95,1,body_1,3.1163256233840357,1.938542682722356,0.010440164703512765,0.10879076964006547,46.2078007774077,970.3089181420704,2,0.337802807798189,6.514498020586244,-8.083313632784055,-7.268508889118492e-06,36.802244197312824,-2.8960573652135305e-15,0.337802807798189,1-2,3,105.85,105850,,,,,0,46.2078007774077,1159.4468955749926,0.337802807798189,6.514498020586244,0.00714762834316861,negative_hard,8.0,1,1,1,1,1,0,1,1,0,1,2,0,0,0,1,1,0,0,0,0
sim_0041_n3_seed297,297,0.001,3,273.0,1,body_1,3.1163256233840357,1.938542682722356,0.013297533832658642,0.23036342739549262,89.30446875773994,828.9690009776099,2,0.24298093979618565,7.86235160801205,-8.087587174696779,-0.0005359592376106609,36.80224419731287,-1.544563928113883e-15,0.24298093979618565,1-2,3,105.9,105900,,,,,0,89.30446875773994,2901.974425584128,0.24298093979618565,7.86235160801205,0.009085548487875517,negative_baseline,20.0,1,1,1,1,0,0,1,1,0,1,2,0,0,0,1,1,0,0,0,0
sim_0041_n3_seed297,297,0.001,3,273.6,1,body_1,3.1163256233840357,1.938542682722356,0.005636152139210813,0.006459355559761326,2.0261216418321135,3.700904807808852,2,1.612619427060188,1.781999001582764,-8.083366346105883,-1.3789807872482005e-05,36.802244197313115,5.019832766370119e-15,1.612619427060188,1-2,3,106.50000000000003,106500,,,,,0,2.0261216418321135,3.672984057475263,1.612619427060188,1.781999001582764,0.003959921652687152,negative_hard,10.0,0,0,0,1,0,1,0,0,0,1,2,0,0,0,1,1,0,0,0,0
sim_0041_n3_seed297,297,0.001,3,274.0,1,body_1,3.1163256233840357,1.938542682722356,0.007361750041555641,0.0028027608416733864,1.3419680941970051,1.001728380720925,2,1.9816171137610998,1.1126791069033377,-8.083367578435873,-1.3942262546684944e-05,36.80224419731303,2.702986874199295e-15,1.9816171137610998,1-2,3,106.9,106900,,,,,0,1.3419680941970051,0.9993563325688157,1.9816171137610998,1.1126791069033377,0.005115134240466285,negative_baseline,20.0,0,0,0,0,0,0,0,0,0,1,2,0,0,0,1,1,0,0,0,0
sim_0041_n3_seed297,297,0.001,3,274.15000000000003,1,body_1,3.1163256233840357,1.938542682722356,0.007693929693540075,0.0017189872917273087,1.25796042076648,0.6935109886719735,2,2.0468348522131046,0.9839956765231943,-8.083367676973902,-1.3954452936665188e-05,36.802244197313065,3.668339329270472e-15,2.0468348522131046,1-2,3,107.05000000000004,107050,,,,,0,1.25796042076648,0.6922386730869066,2.0468348522131046,0.9839956765231943,0.005337755379160066,negative_hard,8.0,0,0,0,0,0,0,0,0,0,1,2,0,0,0,1,1,0,0,0,0
sim_0041_n3_seed297,297,0.001,3,274.55,1,body_1,3.1163256233840357,1.938542682722356,0.007736421816002812,0.0015342931897250626,1.2562026792363516,0.6848658167981454,2,2.0486621038841677,0.9802566190998157,-8.083367679425342,-1.3954756210529052e-05,36.80224419731304,2.8960573652135305e-15,2.0486621038841677,1-2,3,107.45000000000002,107450,,,,,0,1.2562026792363516,0.6821797358366265,2.0486621038841677,0.9802566190998157,0.005367235244020884,negative_hard,8.0,0,0,0,0,0,0,0,0,0,1,2,0,0,0,1,1,0,0,0,0
sim_0041_n3_seed297,297,0.001,3,275.0,1,body_1,3.1163256233840357,1.938542682722356,0.006299032329665042,0.005200816896237267,1.7399458424581438,2.4699203799391154,2,1.7410481830599436,1.5517568517285567,-8.083366957610853,-1.3865458706018512e-05,36.802244197312916,-3.8614098202847074e-16,1.7410481830599436,1-2,3,107.9,107900,,,,,0,1.7399458424581438,2.4483304899919203,1.7410481830599436,1.5517568517285567,0.004408288015603852,negative_baseline,20.0,0,0,0,1,0,0,0,0,0,1,2,0,0,0,1,1,0,0,0,0
sim_0041_n3_seed297,297,0.001,3,275.15000000000003,1,body_1,3.1163256233840357,1.938542682722356,0.005490295774493652,0.006887291778408482,2.191152595133435,4.469577127294943,2,1.5515080240943084,1.8934760251869043,-8.083365941056543,-1.373969818945442e-05,36.80224419731291,-5.792114730427061e-16,1.5515080240943084,1-2,3,108.05000000000004,108050,,,,,0,2.191152595133435,4.410130112301949,1.5515080240943084,1.8934760251869043,0.0038693651237707376,negative_hard,10.0,0,0,0,1,1,0,0,0,0,1,2,0,0,0,1,1,0,0,0,0
sim_0041_n3_seed297,297,0.001,3,275.8,1,body_1,3.1163256233840357,1.938542682722356,0.008285139190048113,0.052782288497508746,22.0361994057591,452.811492520838,2,0.48911719012017946,5.203243441041523,-8.08316838498618,1.0700465247962847e-05,36.802244197312895,-9.653524550711769e-16,0.48911719012017946,1-2,3,108.70000000000002,108700,,,,,0,22.0361994057591,360.83022733959325,0.48911719012017946,5.203243441041523,0.005677935498098673,negative_hard,8.0,1,1,1,1,0,1,1,1,0,1,2,0,0,0,1,1,0,0,0,0
sim_0041_n3_seed297,297,0.001,3,275.85,1,body_1,3.1163256233840357,1.938542682722356,0.006400606236342085,0.02862727331217011,12.311195186867339,152.57708585350136,2,0.6543522866920798,4.290899640499093,-8.083281323889498,-3.2714934493705047e-06,36.80224419731292,-1.9307049101423537e-16,0.6543522866920798,1-2,3,108.75000000000003,108750,,,,,0,12.311195186867339,131.67013517631497,0.6543522866920798,4.290899640499093,0.0044139437826501895,negative_hard,10.0,1,1,1,1,0,1,1,1,0,1,2,0,0,0,1,1,0,0,0,0
sim_0041_n3_seed297,297,0.001,3,276.0,1,body_1,3.1163256233840357,1.938542682722356,0.00447844546472877,0.012746863397396148,4.693788682489936,22.95730312423349,2,1.0596167034646395,2.933487671319566,-8.083354733662011,-1.2353202934833634e-05,36.80224419731283,-2.702986874199295e-15,1.0596167034646395,1-2,3,108.9,108900,,,,,0,4.693788682489936,22.114617936785496,1.0596167034646395,2.933487671319566,0.0031710025121848744,negative_baseline,20.0,1,1,1,1,0,1,1,0,0,1,2,0,0,0,1,1,0,0,0,0
sim_0041_n3_seed297,297,0.001,3,276.35,1,body_1,3.1163256233840357,1.938542682722356,0.00597837623591833,0.006181227647150569,1.908353621605985,3.17810926982766,2,1.661613409407567,1.6937357763267293,-8.083366612264495,-1.3822735030608296e-05,36.802244197312916,-3.8614098202847074e-16,1.661613409407567,1-2,3,109.25000000000003,109250,,,,,0,1.908353621605985,3.1572200171464577,1.661613409407567,1.6937357763267293,0.00419893024308691,negative_hard,10.0,0,0,0,1,0,1,0,0,0,1,2,0,0,0,1,1,0,0,0,0
sim_0041_n3_seed297,297,0.001,3,277.0,1,body_1,3.1163256233840357,1.938542682722356,0.008027366869332815,0.0009187947686962804,1.2236813268962197,0.5562445327664819,2,2.0754087420951803,0.9248629919958564,-8.083367713843536,-1.3959014172826347e-05,36.80224419731304,2.8960573652135305e-15,2.0754087420951803,1-2,3,109.9,109900,,,,,0,1.2236813268962197,0.5551314160671732,2.0754087420951803,0.9248629919958564,0.005570910154077538,negative_hard,8.0,0,0,0,0,0,0,0,0,0,1,2,0,0,0,1,1,0,0,0,0
sim_0041_n3_seed297,297,0.001,3,277.40000000000003,1,body_1,3.1163256233840357,1.938542682722356,0.007637749694700357,0.002576660231247047,1.3296845861764748,0.9550298819181001,2,1.9913584205635284,1.0938819373945508,-8.083367594437295,-1.3944242123309423e-05,36.80224419731304,2.8960573652135305e-15,1.9913584205635284,1-2,3,110.30000000000004,110300,,,,,0,1.3296845861764748,0.9503490726694233,1.9913584205635284,1.0938819373945508,0.005311516930882799,negative_hard,8.0,0,0,0,0,0,0,0,0,0,1,2,0,0,0,1,1,0,0,0,0
sim_0041_n3_seed297,297,0.001,3,277.90000000000003,1,body_1,3.1163256233840357,1.938542682722356,0.005392401053311783,0.007573180287828562,2.3599682563840423,5.322742316660779,2,1.4949834031754443,1.9985311649655169,-8.083365476737335,-1.3682256080331686e-05,36.80224419731294,1.9307049101423537e-16,1.4949834031754443,1-2,3,110.80000000000004,110800,,,,,0,2.3599682563840423,5.242227251214761,1.4949834031754443,1.9985311649655169,0.003814542725039681,negative_hard,10.0,0,0,0,1,1,0,0,0,0,1,2,0,0,0,1,1,0,0,0,0
sim_0041_n3_seed297,297,0.001,3,278.0,1,body_1,3.1163256233840357,1.938542682722356,0.004838296274560822,0.009217483900986275,2.9949230473163913,9.04568718772498,2,1.327077625408384,2.326819853976222,-8.083363335737364,-1.3417387533813388e-05,36.80224419731288,-1.3514934370996475e-15,1.327077625408384,1-2,3,110.9,110900,,,,,0,2.9949230473163913,8.842343879956353,1.327077625408384,2.326819853976222,0.0034437996710560323,negative_baseline,20.0,1,0,1,1,1,0,0,0,0,1,2,0,0,0,1,1,0,0,0,0
sim_0041_n3_seed297,297,0.001,3,278.6,1,body_1,3.1163256233840357,1.938542682722356,0.005645959017035944,0.02161636204259512,8.90649395365134,81.21488118536624,2,0.7692953761572923,3.818482801317619,-8.083319314926058,-7.971461114155555e-06,36.802244197312376,-1.505949829911036e-14,0.7692953761572923,1-2,3,111.50000000000003,111500,,,,,0,8.90649395365134,73.62203758855223,0.7692953761572923,3.818482801317619,0.003925179552295138,negative_hard,10.0,1,1,1,1,0,1,1,1,0,1,2,0,0,0,1,1,0,0,0,0
sim_0041_n3_seed297,297,0.001,3,279.0,1,body_1,3.1163256233840357,1.938542682722356,0.005747300562923484,0.0070746502938328305,2.1104520281207386,4.0931166439325795,2,1.5800476467439004,1.8411978204379829,-8.083366141032055,-1.3764437668127894e-05,36.802244197312426,-1.370800486201071e-14,1.5800476467439004,1-2,3,111.9,111900,,,,,0,2.1104520281207386,4.059286992187825,1.5800476467439004,1.8411978204379829,0.0040545563229141286,negative_baseline,20.0,0,0,0,1,0,1,0,0,0,1,2,0,0,0,1,1,0,0,0,0
sim_0041_n3_seed297,297,0.001,3,279.1,1,body_1,3.1163256233840357,1.938542682722356,0.006322442687767376,0.005907594753784615,1.8074005285857804,2.7516485943791076,2,1.7073676831776463,1.6118760885828929,-8.083366822574861,-1.3848753060422831e-05,36.802244197312376,-1.505949829911036e-14,1.7073676831776463,1-2,3,112.00000000000003,112000,,,,,0,1.8074005285857804,2.7357728269296513,1.7073676831776463,1.6118760885828929,0.0044394323829845305,negative_hard,10.0,0,0,0,1,0,0,0,0,0,1,2,0,0,0,1,1,0,0,0,0
sim_0041_n3_seed297,297,0.001,3,279.35,1,body_1,3.1163256233840357,1.938542682722356,0.007459090098568426,0.003547363791138349,1.406049649335723,1.229622812952399,2,1.9358377046316315,1.1992936149156928,-8.083367495251712,-1.3931971622887052e-05,36.80224419731235,-1.58317802631673e-14,1.9358377046316315,1-2,3,112.25000000000003,112250,,,,,0,1.406049649335723,1.2261575230912976,1.9358377046316315,1.1992936149156928,0.005199915192572843,negative_hard,8.0,0,0,0,0,0,0,0,0,0,1,2,0,0,0,1,1,0,0,0,0
sim_0041_n3_seed297,297,0.001,3,279.75,1,body_1,3.1163256233840357,1.938542682722356,0.008225060247942104,0.000793191268300973,1.2204841251773213,0.5428447198629645,2,2.0781341617185047,0.9191108139455609,-8.083367717129734,-1.3959420716728447e-05,36.80224419731233,-1.621792124519577e-14,2.0781341617185047,1-2,3,112.65,112650,,,,,0,1.2204841251773213,0.5416496821128549,2.0781341617185047,0.9191108139455609,0.005713379455013684,negative_hard,8.0,0,0,0,0,0,0,0,0,0,1,2,0,0,0,1,1,0,0,0,0
sim_0041_n3_seed297,297,0.001,3,280.0,1,body_1,3.1163256233840357,1.938542682722356,0.00805129960095165,0.0017887970009215913,1.266529149260106,0.7246255753527957,2,2.04026795984773,0.9972933492899785,-8.083367667841816,-1.3953323183187631e-05,36.80224419731234,-1.6024850754181537e-14,2.04026795984773,1-2,3,112.9,112900,,,,,0,1.266529149260106,0.7216487843600304,2.04026795984773,0.9972933492899785,0.0055979438630524994,negative_baseline,20.0,0,0,0,0,0,0,0,0,0,1,2,0,0,0,1,1,0,0,0,0
sim_0041_n3_seed297,297,0.001,3,280.15000000000003,1,body_1,3.1163256233840357,1.938542682722356,0.0077036407124267585,0.0029411939155214446,1.358487108325503,1.0576140635064495,2,1.9701472416008767,1.13458737359783,-8.083367558617132,-1.3939810719949078e-05,36.80224419731232,-1.660406222722424e-14,1.9701472416008767,1-2,3,113.05000000000004,113050,,,,,0,1.358487108325503,1.0521202632958049,1.9701472416008767,1.13458737359783,0.005366025038245942,negative_hard,8.0,0,0,0,0,0,0,0,0,0,1,2,0,0,0,1,1,0,0,0,0
sim_0041_n3_seed297,297,0.001,3,280.65000000000003,1,body_1,3.1163256233840357,1.938542682722356,0.005286275740117511,0.008334673289039658,2.562766591694959,6.423898900708194,2,1.4346098024391198,2.1133926653795143,-8.083364859757573,-1.3605927946344218e-05,36.80224419731234,-1.6024850754181537e-14,1.4346098024391198,1-2,3,113.55000000000004,113550,,,,,0,2.562766591694959,6.312139375856764,1.4346098024391198,2.1133926653795143,0.0037544402165732758,negative_hard,10.0,0,0,0,1,1,0,0,0,0,1,2,0,0,0,1,1,0,0,0,0
sim_0041_n3_seed297,297,0.001,3,281.0,1,body_1,3.1163256233840357,1.938542682722356,0.006734336796688292,0.03130759962014885,13.349754308925728,178.39724586604146,2,0.6285064801248765,4.412052106193532,-8.083268881011701,-1.732153420887492e-06,36.802244197312305,-1.6990203209252714e-14,0.6285064801248765,1-2,3,113.9,113900,,,,,0,13.349754308925728,149.14912180781562,0.6285064801248765,4.412052106193532,0.004665798116599821,negative_baseline,20.0,1,1,1,1,1,0,1,1,0,1,2,0,0,0,1,1,0,0,0,0
sim_0041_n3_seed297,297,0.001,3,281.25,1,body_1,3.1163256233840357,1.938542682722356,0.007520415296988022,0.03889795014939606,15.833832763160359,247.7461812447678,2,0.577001967897436,4.674297625657955,-8.083238471486172,2.0298862502404313e-06,36.80224419731226,-1.8148626155338124e-14,0.577001967897436,1-2,3,114.15,114150,,,,,0,15.833832763160359,204.809722380633,0.577001967897436,4.674297625657955,0.0051779527181331515,negative_hard,8.0,1,1,1,1,0,1,1,1,0,1,2,0,0,0,1,1,0,0,0,0
sim_0041_n3_seed297,297,0.001,3,281.40000000000003,1,body_1,3.1163256233840357,1.938542682722356,0.004763053735706737,0.0144623714269008,5.240442591125626,28.617189819124867,2,1.0028370112507323,3.0825073403227288,-8.083351164231077,-1.1911619564382706e-05,36.80224419731224,-1.872783762838083e-14,1.0028370112507323,1-2,3,114.30000000000004,114300,,,,,0,5.240442591125626,27.365063166784267,1.0028370112507323,3.0825073403227288,0.003374236207294991,negative_hard,10.0,1,1,1,1,0,1,1,0,0,1,2,0,0,0,1,1,0,0,0,0
sim_0041_n3_seed297,297,0.001,3,281.90000000000003,1,body_1,3.1163256233840357,1.938542682722356,0.006924127220172587,0.005124886337359644,1.6232944535390206,2.0227377088884912,2,1.801572312281956,1.4437034393045391,-8.08336716367819,-1.3890951819929437e-05,36.802244197312355,-1.5638709772153064e-14,1.801572312281956,1-2,3,114.80000000000004,114800,,,,,0,1.6232944535390206,2.013892445102028,1.801572312281956,1.4437034393045391,0.004852526807730769,negative_hard,10.0,0,0,0,1,0,0,0,0,0,1,2,0,0,0,1,1,0,0,0,0
sim_0041_n3_seed297,297,0.001,3,282.0,1,body_1,3.1163256233840357,1.938542682722356,0.0073801134475651314,0.00417783208387291,1.4747590758317528,1.4748685274271702,2,1.8901495943969604,1.2836753057918944,-8.0833673986581,-1.3920021781573475e-05,36.80224419731237,-1.5252568790124594e-14,1.8901495943969604,1-2,3,114.9,114900,,,,,0,1.4747590758317528,1.4699972265718126,1.8901495943969604,1.2836753057918944,0.005157543467379275,negative_baseline,20.0,0,0,0,0,0,0,0,0,0,1,2,0,0,0,1,1,0,0,0,0
sim_0041_n3_seed297,297,0.001,3,282.3,1,body_1,3.1163256233840357,1.938542682722356,0.008247086626876421,0.0017434275105324868,1.252500946629605,0.6731460176019456,2,2.051213900444944,0.9750635391779963,-8.083367682674252,-1.3955158141498988e-05,36.80224419731243,-1.3514934370996475e-14,2.051213900444944,1-2,3,115.20000000000002,115200,,,,,0,1.252500946629605,0.6719239231511268,2.051213900444944,0.9750635391779963,0.005738126993635768,negative_hard,8.0,0,0,0,0,0,0,0,0,0,1,2,0,0,0,1,1,0,0,0,0
sim_0041_n3_seed297,297,0.001,3,282.7,1,body_1,3.1163256233840357,1.938542682722356,0.008248036804704139,0.0017408437564540753,1.2614226464148737,0.7055195089454281,2,2.044354001779897,0.9890172433128733,-8.083367673388818,-1.395400941678577e-05,36.80224419731243,-1.3514934370996475e-14,2.044354001779897,1-2,3,115.6,115600,,,,,0,1.2614226464148737,0.7026811364459669,2.044354001779897,0.9890172433128733,0.00574010573035352,negative_hard,8.0,0,0,0,0,0,0,0,0,0,1,2,0,0,0,1,1,0,0,0,0
sim_0041_n3_seed297,297,0.001,3,283.0,1,body_1,3.1163256233840357,1.938542682722356,0.00737618294959776,0.00422066909758315,1.5045816899525946,1.5776377010780571,2,1.872147455154043,1.316468404672403,-8.0833673563252,-1.3914784670968539e-05,36.802244197312454,-1.293572289795377e-14,1.872147455154043,1-2,3,115.9,115900,,,,,0,1.5045816899525946,1.5672999577912485,1.872147455154043,1.316468404672403,0.005158652768956273,negative_baseline,20.0,0,0,0,0,0,0,0,0,0,1,2,0,0,0,1,1,0,0,0,0
sim_0041_n3_seed297,297,0.001,3,283.55,1,body_1,3.1163256233840357,1.938542682722356,0.004717916011130674,0.013160009368225544,4.618992146148079,22.195368891136756,2,1.0685731716063744,2.91076887641869,-8.083355209596707,-1.2412082025396613e-05,36.802244197312454,-1.293572289795377e-14,1.0685731716063744,1-2,3,116.45000000000002,116450,,,,,0,4.618992146148079,21.223621399669245,1.0685731716063744,2.91076887641869,0.003370536012749943,negative_hard,10.0,1,1,1,1,1,0,1,0,0,1,2,0,0,0,1,1,0,0,0,0
sim_0041_n3_seed297,297,0.001,3,283.75,1,body_1,3.1163256233840357,1.938542682722356,0.008390269665138164,0.05075226214253844,20.897696813824883,413.04393921544187,2,0.5023270141098399,5.115826613302572,-8.083179808042253,9.287289956228972e-06,36.80224419731248,-1.2163440933896829e-14,0.5023270141098399,1-2,3,116.65,116650,,,,,0,20.897696813824883,322.22878545850216,0.5023270141098399,5.115826613302572,0.005781602817585586,negative_hard,8.0,1,1,1,1,1,0,1,1,0,1,2,0,0,0,1,1,0,0,0,0
sim_0041_n3_seed297,297,0.001,3,284.0,1,body_1,3.1163256233840357,1.938542682722356,0.006455724733678543,0.027145873543075023,10.822494961796908,118.78037326939176,2,0.6978955971852281,4.100251719837603,-8.083298567359964,-5.404726994954157e-06,36.80224419731258,-9.460454059697534e-15,0.6978955971852281,1-2,3,116.9,116900,,,,,0,10.822494961796908,104.66801364142054,0.6978955971852281,4.100251719837603,0.00447811296079313,negative_baseline,20.0,1,1,1,1,0,1,1,1,0,1,2,0,0,0,1,1,0,0,0,0
sim_0041_n3_seed297,297,0.001,3,284.3,1,body_1,3.1163256233840357,1.938542682722356,0.005232490278230292,0.009309007980800057,2.735611681376253,7.445012600371142,2,1.3878339141096137,2.2047011049534007,-8.083364273689796,-1.3533424012452391e-05,36.80224419731249,-1.1970370442882594e-14,1.3878339141096137,1-2,3,117.20000000000002,117200,,,,,0,2.735611681376253,7.33986441038947,1.3878339141096137,2.2047011049534007,0.0037304914493085485,negative_hard,10.0,0,0,1,1,0,1,0,0,0,1,2,0,0,0,1,1,0,0,0,0
sim_0041_n3_seed297,297,0.001,3,284.8,1,body_1,3.1163256233840357,1.938542682722356,0.007876111464076114,0.0034865972188255503,1.3812185080020112,1.1421359004189904,2,1.9531163510115597,1.1668887018422487,-8.083367527903885,-1.3936011106116e-05,36.80224419731238,-1.4866427808096124e-14,1.9531163510115597,1-2,3,117.70000000000002,117700,,,,,0,1.3812185080020112,1.139114572946179,1.9531163510115597,1.1668887018422487,0.005500385589590423,negative_hard,8.0,0,0,0,0,0,0,0,0,0,1,2,0,0,0,1,1,0,0,0,0
sim_0041_n3_seed297,297,0.001,3,285.0,1,body_1,3.1163256233840357,1.938542682722356,0.008402165556912445,0.0018720139323866246,1.2568205601582942,0.6901660088013091,2,2.0476420947220744,0.9823544673653871,-8.083367677800585,-1.395455520768529e-05,36.8022441973124,-1.4480286826067654e-14,2.0476420947220744,1-2,3,117.9,117900,,,,,0,1.2568205601582942,0.6889022525252936,2.0476420947220744,0.9823544673653871,0.005852751298613991,negative_baseline,20.0,0,0,0,0,0,0,0,0,0,1,2,0,0,0,1,1,0,0,0,0
sim_0041_n3_seed297,297,0.001,3,285.2,1,body_1,3.1163256233840357,1.938542682722356,0.008590396444753935,0.0007738243211366216,1.2196759920099987,0.5398765928345112,2,2.0787862070924126,0.917729631458812,-8.083367717787105,-1.395950204177093e-05,36.802244197312376,-1.505949829911036e-14,2.0787862070924126,1-2,3,118.1,118100,,,,,0,1.2196759920099987,0.5385956230631721,2.0787862070924126,0.917729631458812,0.005979330000150936,negative_hard,8.0,0,0,0,0,0,0,0,0,0,1,2,0,0,0,1,1,0,0,0,0
sim_0041_n3_seed297,297,0.001,3,285.6,1,body_1,3.1163256233840357,1.938542682722356,0.007957428009466675,0.00329820404322066,1.3805863084519199,1.1362134925714413,2,1.9542945764549802,1.1646302550505065,-8.083367530021512,-1.3936273083128257e-05,36.80224419731249,-1.1970370442882594e-14,1.9542945764549802,1-2,3,118.50000000000003,118500,,,,,0,1.3805863084519199,1.1300662968037922,1.9542945764549802,1.1646302550505065,0.005557766802630834,negative_hard,8.0,0,0,0,0,0,0,0,0,0,1,2,0,0,0,1,1,0,0,0,0
sim_0041_n3_seed297,297,0.001,3,286.0,1,body_1,3.1163256233840357,1.938542682722356,0.00597433372498248,0.007582435517611048,2.1988789628015035,4.508488872175628,2,1.5487483925104262,1.8985533332389177,-8.083365919452069,-1.3737025444999917e-05,36.80224419731266,-7.336678658540944e-15,1.5487483925104262,1-2,3,118.9,118900,,,,,0,2.1988789628015035,4.44812762959531,1.5487483925104262,1.8985533332389177,0.004236327115115728,negative_hard,10.0,0,0,0,1,1,0,0,0,0,1,2,0,0,0,1,1,0,0,0,0
sim_0041_n3_seed297,297,0.001,3,286.45,1,body_1,3.1163256233840357,1.938542682722356,0.008018181687047234,0.04405298869881414,17.879454335694522,311.315104790664,2,0.5430781789051594,4.864710565354094,-8.08321375428693,5.087713772724976e-06,36.802244197312476,-1.2356511424911064e-14,0.5430781789051594,1-2,3,119.35,119350,,,,,0,17.879454335694522,247.27933790998247,0.5430781789051594,4.864710565354094,0.005537814705424687,negative_pre_failure,1.0,1,1,1,1,1,0,1,1,0,1,2,0,0,0,1,1,0,0,0,0
sim_0041_n3_seed297,297,0.001,3,286.5,1,body_1,3.1163256233840357,1.938542682722356,0.010922800631340063,0.09957848393844253,38.32610881147384,902.9986002497627,2,0.3709173930289575,6.16479545792292,-8.08315456136026,1.2410621135206542e-05,36.80224419731248,-1.2163440933896829e-14,0.3709173930289575,1-2,3,119.4,119400,,,,,0,38.32610881147384,868.0507728063136,0.3709173930289575,6.16479545792292,0.007500669594779357,negative_pre_failure,1.0,1,1,1,1,1,0,1,1,0,1,2,0,0,0,1,1,0,0,0,0
sim_0041_n3_seed297,297,0.001,3,286.55,1,body_1,3.1163256233840357,1.938542682722356,0.014755518301955622,0.25087349744032433,87.90708731310738,859.7293966856191,2,0.2449060185764496,7.827776793136909,-8.087318433672785,-0.0005027126026847456,36.80224419731252,-1.1198088478825652e-14,0.2449060185764496,1-2,4,0.0,0,0.01011005510209601,119.45000000000002,0.014755518301955622,0.25087349744032433,1,87.90708731310738,2839.1975363158986,0.2449060185764496,7.827776793136909,0.01011005510209601,correction,1.0,1,1,1,1,0,0,1,1,0,1,2,0,0,0,1,1,0,0,0,0
sim_0041_n3_seed297,297,0.001,3,286.65000000000003,1,body_1,3.1163256233840357,1.938542682722356,4.445091371780842e-05,0.0007435211933017196,22.451850404071855,467.7137369318805,2,0.48456787921863564,5.234458345585612,-8.079492654532523,0.0004654344193814918,36.80224419731301,2.1237754011565892e-15,0.48456787921863564,1-2,4,0.10000000000002274,100,,,,,0,22.451850404071855,372.49057321919616,0.48456787921863564,5.234458345585612,2.9811315985167024e-05,negative_hard,10.0,1,1,1,1,0,1,1,1,0,1,2,0,0,0,1,1,0,0,0,0
sim_0041_n3_seed297,297,0.001,3,287.0,1,body_1,3.1163256233840357,1.938542682722356,0.0003051354954781175,0.0008401512796752697,2.843644130188949,8.108351874570342,2,1.361216796383829,2.2585101864832073,-8.079692487237285,0.00044071260771781656,36.802244197313,1.9307049101423538e-15,1.361216796383829,1-2,4,0.44999999999998863,450,,,,,0,2.843644130188949,7.984870792092056,1.361216796383829,2.2585101864832073,0.00020464124477055754,negative_baseline,20.0,1,0,1,1,0,1,0,0,0,1,2,0,0,0,1,1,0,0,0,0
sim_0041_n3_seed297,297,0.001,3,287.15000000000003,1,body_1,3.1163256233840357,1.938542682722356,0.0004196033105890316,0.0008811675821674718,2.070626660978804,3.9105731780521187,2,1.5951210707710182,1.8147838316429261,-8.079694837104457,0.00044042189967916545,36.802244197313016,2.3168458921708242e-15,1.5951210707710182,1-2,4,0.6000000000000227,600,,,,,0,2.070626660978804,3.879551106361535,1.5951210707710182,1.8147838316429261,0.00028140986878379934,negative_hard,10.0,0,0,0,1,0,1,0,0,0,1,2,0,0,0,1,1,0,0,0,0
sim_0041_n3_seed297,297,0.001,3,288.0,1,body_1,3.1163256233840357,1.938542682722356,0.001219667176925092,0.0014959694994762928,1.2245265299316617,0.5645596543122571,2,2.074742342172591,0.9282841733695906,-8.079696312961914,0.000440239317603063,36.802244197313094,4.4406212933274135e-15,2.074742342172591,1-2,4,1.4499999999999886,1450,,,,,0,1.2245265299316617,0.5628514477768759,2.074742342172591,0.9282841733695906,0.000817978283041179,negative_baseline,20.0,0,0,0,0,0,0,0,0,0,1,2,0,0,0,1,1,0,0,0,0
sim_0041_n3_seed297,297,0.001,3,288.7,1,body_1,3.1163256233840357,1.938542682722356,0.0025449625944932923,0.003899174627937742,2.1291276029260895,4.175093565409035,2,1.573908807205992,1.8533977877529477,-8.079694697665763,0.0004404391499942375,36.80224419731306,3.4752688382562368e-15,1.573908807205992,1-2,4,2.1499999999999773,2150,,,,,0,2.1291276029260895,4.122240248995985,1.573908807205992,1.8533977877529477,0.0017067981746487627,negative_hard,10.0,0,0,0,1,1,0,0,0,0,1,2,0,0,0,1,1,0,0,0,0
sim_0041_n3_seed297,297,0.001,3,289.0,1,body_1,3.1163256233840357,1.938542682722356,0.004010177194083699,0.01019559990487089,5.063685042527713,26.69483699076597,2,1.0205686875462034,3.035601560893163,-8.079680969671127,0.000442137475092319,36.80224419731315,5.985185221441297e-15,1.0205686875462034,1-2,4,2.4499999999999886,2450,,,,,0,5.063685042527713,25.359021110660738,1.0205686875462034,3.035601560893163,0.0026894553909938912,negative_baseline,20.0,1,1,1,1,1,0,1,0,0,1,2,0,0,0,1,1,0,0,0,0
sim_0041_n3_seed297,297,0.001,3,289.2,1,body_1,3.1163256233840357,1.938542682722356,0.007320394725694985,0.05919275781799538,28.350436784694292,668.4899081571446,2,0.4312709936707362,5.628361655780505,-8.079451198386913,0.0004705630644913279,36.802244197312895,-9.653524550711769e-16,0.4312709936707362,1-2,4,2.6499999999999773,2650,,,,,0,28.350436784694292,534.926047178072,0.4312709936707362,5.628361655780505,0.0049094756185540656,negative_hard,10.0,1,1,1,1,1,0,1,1,0,1,2,0,0,0,1,1,0,0,0,0
sim_0041_n3_seed297,297,0.001,3,289.8,1,body_1,3.1163256233840357,1.938542682722356,0.002775029588973758,0.005665885553734778,2.3335285929659038,5.203221024738511,2,1.502586085189614,1.9852492900240355,-8.07969414226127,0.0004405078604954188,36.80224419731285,-2.1237754011565892e-15,1.502586085189614,1-2,4,3.25,3250,,,,,0,2.3335285929659038,5.149813839182333,1.502586085189614,1.9852492900240355,0.0018610905993576643,negative_hard,10.0,0,0,0,1,0,1,0,0,0,1,2,0,0,0,1,1,0,0,0,0
sim_0041_n3_seed297,297,0.001,3,290.0,1,body_1,3.1163256233840357,1.938542682722356,0.002318461874566201,0.0044596929423054875,1.7013001793337617,2.3280781585216164,2,1.7597155828802993,1.5197318821144539,-8.079695624682158,0.00044032446644062887,36.80224419731281,-3.2821983472420013e-15,1.7597155828802993,1-2,4,3.4499999999999886,3450,,,,,0,1.7013001793337617,2.3165248647815373,1.7597155828802993,1.5197318821144539,0.001554891451336692,negative_baseline,20.0,0,0,0,1,0,0,0,0,0,1,2,0,0,0,1,1,0,0,0,0
sim_0041_n3_seed297,297,0.001,3,291.0,1,body_1,3.1163256233840357,1.938542682722356,0.0032286365040945183,0.004885001650699909,1.3527211475067367,1.0412843999041013,2,1.9742590492832295,1.1284055277582667,-8.079696165422803,0.00044025757004144243,36.802244197312724,-5.599044239412826e-15,1.9742590492832295,1-2,4,4.449999999999989,4450,,,,,0,1.3527211475067367,1.0359220267446687,1.9742590492832295,1.1284055277582667,0.0021653120868962068,negative_baseline,20.0,0,0,0,0,0,0,0,0,0,1,2,0,0,0,1,1,0,0,0,0
sim_0041_n3_seed297,297,0.001,3,291.35,1,body_1,3.1163256233840357,1.938542682722356,0.004674547407428352,0.007484204029842692,1.916352727507878,3.2084036112994476,2,1.6589517867480292,1.6995867544504275,-8.079695197038792,0.00044037737128804777,36.80224419731269,-6.564396694484003e-15,1.6589517867480292,1-2,4,4.800000000000011,4800,,,,,0,1.916352727507878,3.17478039439333,1.6589517867480292,1.6995867544504275,0.0031350240559826054,negative_hard,10.0,0,0,0,1,1,0,0,0,0,1,2,0,0,0,1,1,0,0,0,0
sim_0041_n3_seed297,297,0.001,3,291.75,1,body_1,3.1163256233840357,1.938542682722356,0.00863841901003251,0.025203296071807074,6.0759249938590525,38.32913247114592,2,0.9316742341613222,3.283816598619332,-8.079673656159951,0.00044304224814292536,36.802244197312774,-4.2475508023131784e-15,0.9316742341613222,1-2,4,5.199999999999989,5200,,,,,0,6.0759249938590525,35.85284141159975,0.9316742341613222,3.283816598619332,0.005793423755815519,negative_hard,8.0,1,1,1,1,1,0,1,0,0,1,2,0,0,0,1,1,0,0,0,0
sim_0041_n3_seed297,297,0.001,3,291.85,1,body_1,3.1163256233840357,1.938542682722356,0.011319485114094629,0.05303822583539744,12.623924892425999,160.15886933151953,2,0.6463262954897959,4.328275635028421,-8.079606116504156,0.00045139775057374316,36.802244197312866,-1.7376344191281184e-15,0.6463262954897959,1-2,4,5.300000000000011,5300,,,,,0,12.623924892425999,135.24823081124046,0.6463262954897959,4.328275635028421,0.007591498816181466,negative_pre_failure,1.0,1,1,1,1,1,0,1,1,0,1,2,0,0,0,1,1,0,0,0,0
sim_0041_n3_seed297,297,0.001,3,291.90000000000003,1,body_1,3.1163256233840357,1.938542682722356,0.013749531005917423,0.09696143874914044,22.863285834976747,482.2268528722193,2,0.480247852663318,5.264125141927806,-8.079488592010584,0.00046593700429300734,36.802244197312916,-3.8614098202847074e-16,0.480247852663318,1-2,4,5.350000000000023,5350,,,,,0,22.863285834976747,374.80621208493903,0.480247852663318,5.264125141927806,0.009221224904085496,negative_pre_failure,1.0,1,1,1,1,1,0,1,1,0,1,2,0,0,0,1,1,0,0,0,0
sim_0041_n3_seed297,297,0.001,3,291.95,1,body_1,3.1163256233840357,1.938542682722356,0.017825572253394182,0.23282414260388481,54.462725522405925,957.8053423543957,2,0.3111501073769956,6.833486270042438,-8.07996453759732,0.00040705656642156404,36.80224419731297,1.1584229460854121e-15,0.3111501073769956,1-2,5,0.0,0,0.011954847245485668,5.399999999999977,0.017825572253394182,0.23282414260388484,1,54.462725522405925,1484.4717004382885,0.3111501073769956,6.833486270042438,0.011954847245485668,correction,1.0,1,1,1,1,1,0,1,1,0,1,2,0,0,0,1,1,0,0,0,0
sim_0041_n3_seed297,297,0.001,3,292.0,1,body_1,3.1163256233840357,1.938542682722356,1.590132434208176e-05,0.0006990408109075135,80.79463332736684,833.1127096392275,2,0.25545541538626076,7.645054983040581,-8.085521245391611,-0.00028037787392158685,36.80224419731276,-4.6336917843416485e-15,0.25545541538626076,1-2,5,0.05000000000001137,50,,,,,0,80.79463332736684,2598.759504714926,0.25545541538626076,7.645054983040581,1.0664334265335036e-05,negative_baseline,20.0,1,1,1,1,0,0,1,1,0,1,2,0,0,0,1,1,0,0,0,0
sim_0041_n3_seed297,297,0.001,3,292.15000000000003,1,body_1,3.1163256233840357,1.938542682722356,0.00010381171655455789,0.0006218242917921434,9.898454531944228,99.83478521667604,2,0.7297310229041358,3.970383026975597,-8.08267006144499,7.234933672544751e-05,36.80224419731271,-5.985185221441297e-15,0.7297310229041358,1-2,5,0.20000000000004547,200,,,,,0,9.898454531944228,89.1669982897547,0.7297310229041358,3.970383026975597,6.962205340058358e-05,negative_hard,10.0,1,1,1,1,0,1,1,1,0,1,2,0,0,0,1,1,0,0,0,0
sim_0041_n3_seed297,297,0.001,3,292.65000000000003,1,body_1,3.1163256233840357,1.938542682722356,0.0002886602232213076,0.00034479307343874454,1.840654416510568,2.8921380741205844,2,1.691769134778348,1.6399521917337954,-8.082728020212826,6.517911028818515e-05,36.802244197312596,-9.074313077669062e-15,1.691769134778348,1-2,5,0.7000000000000455,700,,,,,0,1.840654416510568,2.8746775721538325,1.691769134778348,1.6399521917337954,0.00019359196946276583,negative_hard,10.0,0,0,0,1,0,0,0,0,0,1,2,0,0,0,1,1,0,0,0,0
sim_0041_n3_seed297,297,0.001,3,293.0,1,body_1,3.1163256233840357,1.938542682722356,0.00036479006652362107,0.00030193386944299053,1.3319314059647294,0.9681326077552718,2,1.9888705818753794,1.0990240758550367,-8.082728856518928,6.50756487353623e-05,36.802244197312525,-1.1005017987811415e-14,1.9888705818753794,1-2,5,1.0500000000000114,1050,,,,,0,1.3319314059647294,0.9659028133633226,1.9888705818753794,1.0990240758550367,0.0002446488930244656,negative_baseline,20.0,0,0,0,0,0,0,0,0,0,1,2,0,0,0,1,1,0,0,0,0
sim_0041_n3_seed297,297,0.001,3,294.0,1,body_1,3.1163256233840357,1.938542682722356,0.0005017902568600304,0.0006045909691436047,1.7664572407899934,2.578414775503877,2,1.7278613629254578,1.575479025264422,-8.082728172065625,6.516032419260334e-05,36.80224419731236,-1.544563928113883e-14,1.7278613629254578,1-2,5,2.0500000000000114,2050,,,,,0,1.7664572407899934,2.555199940399679,1.7278613629254578,1.575479025264422,0.00033652901351246975,negative_baseline,20.0,0,0,0,1,0,0,0,0,0,1,2,0,0,0,1,1,0,0,0,0
sim_0041_n3_seed297,297,0.001,3,294.2,1,body_1,3.1163256233840357,1.938542682722356,0.0005508019962439888,0.0008765359145753989,2.4835385330797934,5.985941517082084,2,1.457291176080228,2.070036613509082,-8.082726372546428,6.538294728485706e-05,36.80224419731223,-1.91139786104093e-14,1.457291176080228,1-2,5,2.25,2250,,,,,0,2.4835385330797934,5.8871103162582,1.457291176080228,2.070036613509082,0.0003693993572063214,negative_hard,10.0,0,0,0,1,1,0,0,0,0,1,2,0,0,0,1,1,0,0,0,0
sim_0041_n3_seed297,297,0.001,3,294.7,1,body_1,3.1163256233840357,1.938542682722356,0.001507379565161241,0.028059771520011975,89.49338860134715,830.0638164681627,2,0.24272467749604368,7.8670281247609015,-8.086962761752318,-0.00045871152567238197,36.80224419731226,-1.8148626155338124e-14,0.24272467749604368,1-2,5,2.75,2750,,,,,0,89.49338860134715,2914.2532621507144,0.24272467749604368,7.8670281247609015,0.001010935397713843,negative_hard,10.0,1,1,1,1,0,0,1,1,0,1,2,0,0,0,1,1,0,0,0,0
sim_0041_n3_seed297,297,0.001,3,295.0,1,body_1,3.1163256233840357,1.938542682722356,0.0007443964396787261,0.001955674465985806,4.453917696413975,20.66534030443798,2,1.0877238715658322,2.8630220276495457,-8.08271743438615,6.648870980389874e-05,36.802244197312156,-2.1044683520551654e-14,1.0877238715658322,1-2,5,3.0500000000000114,3050,,,,,0,4.453917696413975,19.968352490499036,1.0877238715658322,2.8630220276495457,0.0004992333270954114,negative_baseline,20.0,1,1,1,1,0,1,1,0,0,1,2,0,0,0,1,1,0,0,0,0
sim_0041_n3_seed297,297,0.001,3,295.2,1,body_1,3.1163256233840357,1.938542682722356,0.000709265796319095,0.0012449399911178005,2.445867494426166,5.796229422608468,2,1.4676458563127976,2.050357160063255,-8.082726479008095,6.536977664162787e-05,36.802244197312255,-1.834169664635236e-14,1.4676458563127976,1-2,5,3.25,3250,,,,,0,2.445867494426166,5.730687173987656,1.4676458563127976,2.050357160063255,0.0004756725067503024,negative_hard,10.0,0,0,0,1,0,1,0,0,0,1,2,0,0,0,1,1,0,0,0,0
sim_0041_n3_seed297,297,0.001,3,296.0,1,body_1,3.1163256233840357,1.938542682722356,0.0008180245393882606,0.000785019898433228,1.2215437316729614,0.5500416201301752,2,2.0770091692489348,0.9218463100115568,-8.08272898192639,6.5060134259565e-05,36.80224419731228,-1.7762485173309654e-14,2.0770091692489348,1-2,5,4.050000000000011,4050,,,,,0,1.2215437316729614,0.5489107013331237,2.0770091692489348,0.9218463100115568,0.0005486124904795376,negative_baseline,20.0,0,0,0,0,0,0,0,0,0,1,2,0,0,0,1,1,0,0,0,0
sim_0041_n3_seed297,297,0.001,3,296.75,1,body_1,3.1163256233840357,1.938542682722356,0.000978436951700808,0.001346521363417873,1.8594600509997439,2.9630472080188235,2,1.6841059115530248,1.6536089876488957,-8.082727984911411,6.518347751594802e-05,36.80224419731221,-1.9500119592437774e-14,1.6841059115530248,1-2,5,4.800000000000011,4800,,,,,0,1.8594600509997439,2.9336791001964824,1.6841059115530248,1.6536089876488957,0.0006561960260349824,negative_hard,10.0,0,0,0,1,1,0,0,0,0,1,2,0,0,0,1,1,0,0,0,0
sim_0041_n3_seed297,297,0.001,3,297.0,1,body_1,3.1163256233840357,1.938542682722356,0.0011402763281582338,0.0022135212699897788,3.09440236077531,9.705866345298087,2,1.3055532015320859,2.3713241655398516,-8.082724206149695,6.565095772933664e-05,36.8022441973122,-1.9886260574466244e-14,1.3055532015320859,1-2,5,5.050000000000011,5050,,,,,0,3.09440236077531,9.475725054610145,1.3055532015320859,2.3713241655398516,0.0007647364675304303,negative_baseline,20.0,1,1,1,1,1,0,0,0,0,1,2,0,0,0,1,1,0,0,0,0
sim_0041_n3_seed297,297,0.001,3,297.25,1,body_1,3.1163256233840357,1.938542682722356,0.0016546613079455289,0.006961952122346459,10.453635934155384,110.95879743398206,2,0.7102666289660913,4.048948458711931,-8.082663963490017,7.310373022952734e-05,36.8022441973124,-1.4480286826067654e-14,0.7102666289660913,1-2,5,5.300000000000011,5300,,,,,0,10.453635934155384,96.80462119335303,0.7102666289660913,4.048948458711931,0.0011097146580562921,negative_hard,10.0,1,1,1,1,1,0,1,1,0,1,2,0,0,0,1,1,0,0,0,0
sim_0041_n3_seed297,297,0.001,3,297.75,1,body_1,3.1163256233840357,1.938542682722356,0.0013196180855907418,0.003101455986577394,3.8489554078811143,15.353950960738771,2,1.1700419548503023,2.6667775380300585,-8.082720754767681,6.607793696794572e-05,36.80224419731285,-2.1237754011565892e-15,1.1700419548503023,1-2,5,5.800000000000011,5800,,,,,0,3.8489554078811143,14.94887746169165,1.1700419548503023,2.6667775380300585,0.0008850054561773234,negative_hard,10.0,1,1,1,1,0,1,0,0,0,1,2,0,0,0,1,1,0,0,0,0
sim_0041_n3_seed297,297,0.001,3,298.0,1,body_1,3.1163256233840357,1.938542682722356,0.0011899645186667913,0.0018692395669066952,2.06643861109773,3.8904557573490077,2,1.596638170178011,1.8111806326169464,-8.082727512906803,6.524187040530699e-05,36.8022441973129,-7.722819640569415e-16,1.596638170178011,1-2,5,6.050000000000011,6050,,,,,0,2.06643861109773,3.8597279973345446,1.596638170178011,1.8111806326169464,0.0007980516122040629,negative_baseline,20.0,0,0,0,1,0,1,0,0,0,1,2,0,0,0,1,1,0,0,0,0
sim_0041_n3_seed297,297,0.001,3,299.0,1,body_1,3.1163256233840357,1.938542682722356,0.0012832792221879985,0.0013571337738705164,1.270753517079029,0.7429684394357666,2,2.0366900248146798,1.004827885863304,-8.082728928853122,6.50667000884591e-05,36.80224419731288,-1.3514934370996475e-15,2.0366900248146798,1-2,5,7.050000000000011,7050,,,,,0,1.270753517079029,0.7398557437509937,2.0366900248146798,1.004827885863304,0.0008606367727850027,negative_baseline,20.0,0,0,0,0,0,0,0,0,0,1,2,0,0,0,1,1,0,0,0,0
sim_0041_n3_seed297,297,0.001,3,299.3,1,body_1,3.1163256233840357,1.938542682722356,0.001368091544481442,0.0016885668646595998,1.536547268536168,1.6957183149811321,2,1.8524900281186394,1.3523402829234163,-8.08272857287431,6.511073913188319e-05,36.80224419731279,-3.8614098202847076e-15,1.8524900281186394,1-2,5,7.350000000000023,7350,,,,,0,1.536547268536168,1.6840992083075097,1.8524900281186394,1.3523402829234163,0.000917519516572666,negative_hard,10.0,0,0,0,1,0,0,0,0,0,1,2,0,0,0,1,1,0,0,0,0
sim_0041_n3_seed297,297,0.001,3,299.8,1,body_1,3.1163256233840357,1.938542682722356,0.0018591587626684528,0.004378569574877516,4.142231344360489,17.80849267201814,2,1.1283987069812362,2.7641965134002064,-8.082719223135701,6.626741905197927e-05,36.80224419731255,-1.042580651476871e-14,1.1283987069812362,1-2,5,7.850000000000023,7850,,,,,0,4.142231344360489,17.144582725330373,1.1283987069812362,2.7641965134002064,0.0012468659882128343,negative_hard,10.0,1,1,1,1,1,0,0,0,0,1,2,0,0,0,1,1,0,0,0,0
sim_0041_n3_seed297,297,0.001,3,300.0,1,body_1,3.1163256233840357,1.938542682722356,0.002760906461094395,0.01481407800151949,15.068492255480944,225.43090634654897,2,0.5915765653163969,4.597101211729689,-8.08260890202476,7.991552400292468e-05,36.802244197312575,-9.653524550711769e-15,0.5915765653163969,1-2,5,8.050000000000011,8050,,,,,0,15.068492255480944,184.2555104593908,0.5915765653163969,4.597101211729689,0.0018516341173284482,negative_baseline,20.0,1,1,1,1,1,0,1,1,0,1,2,0,0,0,1,1,0,0,0,0
sim_0041_n3_seed297,297,0.001,3,300.3,1,body_1,3.1163256233840357,1.938542682722356,0.0024076911526651587,0.00937545421301861,8.937997908113022,81.82881811782354,2,0.7679185482777501,3.8236904236547185,-8.082680170704409,7.109869455598474e-05,36.80224419731263,-8.108960622597885e-15,0.7679185482777501,1-2,5,8.350000000000023,8350,,,,,0,8.937997908113022,74.13097116527464,0.7679185482777501,3.8236904236547185,0.0016147250241664768,negative_hard,10.0,1,1,1,1,0,1,1,1,0,1,2,0,0,0,1,1,0,0,0,0
sim_0041_n3_seed297,297,0.001,3,300.8,1,body_1,3.1163256233840357,1.938542682722356,0.0016407164634627033,0.0023630011794499605,1.8073752673374668,2.7551170480237244,2,1.707170406527243,1.6124486635442397,-8.08272808661991,6.517089489905475e-05,36.80224419731257,-9.846595041726004e-15,1.707170406527243,1-2,5,8.850000000000023,8850,,,,,0,1.8073752673374668,2.739193051045101,1.707170406527243,1.6124486635442397,0.0011003415549041132,negative_hard,10.0,0,0,0,1,0,0,0,0,0,1,2,0,0,0,1,1,0,0,0,0
sim_0041_n3_seed297,297,0.001,3,301.0,1,body_1,3.1163256233840357,1.938542682722356,0.0016147179181674957,0.0019784556312423857,1.4598256948652808,1.4240700071507366,2,1.8995552563827722,1.2667123145607573,-8.082728685432029,6.509681433039342e-05,36.802244197312525,-1.1005017987811415e-14,1.8995552563827722,1-2,5,9.050000000000011,9050,,,,,0,1.4598256948652808,1.419506597618642,1.8995552563827722,1.2667123145607573,0.0010829060032400578,negative_baseline,20.0,0,0,0,0,0,0,0,0,0,1,2,0,0,0,1,1,0,0,0,0
sim_0041_n3_seed297,297,0.001,3,302.0,1,body_1,3.1163256233840357,1.938542682722356,0.0018055683395089579,0.0022525134403679407,1.518770577565497,1.6312310609377774,2,1.8632648298851826,1.3328313486961216,-8.082728600046723,6.510737756354751e-05,36.802244197312554,-1.0232736023754475e-14,1.8632648298851826,1-2,5,10.050000000000011,10050,,,,,0,1.518770577565497,1.6203163973941852,1.8632648298851826,1.3328313486961216,0.00121091489677241,negative_baseline,20.0,0,0,0,0,0,0,0,0,0,1,2,0,0,0,1,1,0,0,0,0
sim_0041_n3_seed297,297,0.001,3,302.35,1,body_1,3.1163256233840357,1.938542682722356,0.002117586794324713,0.0037313008160767495,2.55578084260146,6.388123860482922,2,1.4365345453554417,2.1098323527001233,-8.082726143972998,6.54112246847177e-05,36.80224419731258,-9.460454059697534e-15,1.4365345453554417,1-2,5,10.400000000000034,10400,,,,,0,2.55578084260146,6.277378255714205,1.4365345453554417,2.1098323527001233,0.0014201842315811248,negative_hard,10.0,0,0,0,1,1,0,0,0,0,1,2,0,0,0,1,1,0,0,0,0
sim_0041_n3_seed297,297,0.001,3,302.85,1,body_1,3.1163256233840357,1.938542682722356,0.005855050764049377,0.09955316800938353,80.36926222329289,868.6951564405956,2,0.25613059122568016,7.633729098021836,-8.0854446844125,-0.0002709063206610673,36.8022441973125,-1.1777299951868357e-14,0.25613059122568016,1-2,5,10.900000000000034,10900,,,,,0,80.36926222329289,2586.092936798871,0.25613059122568016,7.633729098021836,0.00392674274728876,negative_hard,10.0,1,1,1,1,0,0,1,1,0,1,2,0,0,0,1,1,0,0,0,0
sim_0041_n3_seed297,297,0.001,3,303.0,1,body_1,3.1163256233840357,1.938542682722356,0.003277116197969444,0.013487447101751463,9.848821660235792,98.9074649496333,2,0.7315548842213381,3.963160156046451,-8.082670520111716,7.229259389935005e-05,36.802244197312554,-1.0232736023754475e-14,0.7315548842213381,1-2,5,11.050000000000011,11050,,,,,0,9.848821660235792,88.39029201875844,0.7315548842213381,3.963160156046451,0.0021978023822984915,negative_baseline,20.0,1,1,1,1,0,1,1,1,0,1,2,0,0,0,1,1,0,0,0,0
sim_0041_n3_seed297,297,0.001,3,303.35,1,body_1,3.1163256233840357,1.938542682722356,0.002219726413115873,0.0038507434790119857,2.378758122104838,5.440237255737555,2,1.48811881922331,2.0116445115493207,-8.082726676056746,6.534539925230767e-05,36.80224419731281,-3.2821983472420013e-15,1.48811881922331,1-2,5,11.400000000000034,11400,,,,,0,2.378758122104838,5.382093389992374,1.48811881922331,2.0116445115493207,0.0014886425339988901,negative_hard,10.0,0,0,0,1,0,1,0,0,0,1,2,0,0,0,1,1,0,0,0,0
sim_0041_n3_seed297,297,0.001,3,304.0,1,body_1,3.1163256233840357,1.938542682722356,0.0020488177934994203,0.002238108929117544,1.2516828012441445,0.6734705745273605,2,2.0515561605914563,0.9747065639515163,-8.082728948979046,6.50642102592581e-05,36.80224419731281,-3.2821983472420013e-15,2.0515561605914563,1-2,5,12.050000000000011,12050,,,,,0,1.2516828012441445,0.6722482234474638,2.0515561605914563,0.9747065639515163,0.0013740252908996163,negative_baseline,20.0,0,0,0,0,0,0,0,0,0,1,2,0,0,0,1,1,0,0,0,0
sim_0041_n3_seed297,297,0.001,3,304.90000000000003,1,body_1,3.1163256233840357,1.938542682722356,0.0024024948554767223,0.0035257030482201876,1.89416745385823,3.111855408968996,2,1.6685741447599074,1.6814094142393001,-8.08272791033562,6.51927034765279e-05,36.80224419731287,-1.544563928113883e-15,1.6685741447599074,1-2,5,12.950000000000045,12950,,,,,0,1.89416745385823,3.079924252597632,1.6685741447599074,1.6814094142393001,0.0016112556846595006,negative_hard,10.0,0,0,0,1,1,0,0,0,0,1,2,0,0,0,1,1,0,0,0,0
sim_0041_n3_seed297,297,0.001,3,305.0,1,body_1,3.1163256233840357,1.938542682722356,0.0025318970288627494,0.004137906658086869,2.242539801880813,4.727160073240886,2,1.5335562335837578,1.9267735322835235,-8.082727066367099,6.529711296680242e-05,36.80224419731274,-5.212903257384355e-15,1.5335562335837578,1-2,5,13.050000000000011,13050,,,,,0,2.242539801880813,4.661594522780188,1.5335562335837578,1.9267735322835235,0.0016980470476445381,negative_baseline,20.0,0,0,0,1,1,0,0,0,0,1,2,0,0,0,1,1,0,0,0,0
sim_0041_n3_seed297,297,0.001,3,305.40000000000003,1,body_1,3.1163256233840357,1.938542682722356,0.004269031287414657,0.01946948096847964,11.725040032335677,138.81219550637886,2,0.6706511787458905,4.217740988794894,-8.082649304453621,7.49172368693411e-05,36.802244197312866,-1.7376344191281184e-15,0.6706511787458905,1-2,5,13.450000000000045,13450,,,,,0,11.725040032335677,118.74697036798723,0.6706511787458905,4.217740988794894,0.002863102378878728,negative_hard,10.0,1,1,1,1,1,0,1,1,0,1,2,0,0,0,1,1,0,0,0,0
sim_0041_n3_seed297,297,0.001,3,305.95,1,body_1,3.1163256233840357,1.938542682722356,0.002929397781165711,0.006009991723481495,3.1374878885838537,10.023108612859142,2,1.2958149962154242,2.3916361535339226,-8.08272401373722,6.567476156555765e-05,36.802244197312646,-7.722819640569415e-15,1.2958149962154242,1-2,5,14.0,14000,,,,,0,3.1374878885838537,9.839279835987547,1.2958149962154242,2.3916361535339226,0.001964567551425655,negative_hard,10.0,1,1,1,1,0,1,0,0,0,1,2,0,0,0,1,1,0,0,0,0
sim_0041_n3_seed297,297,0.001,3,306.0,1,body_1,3.1163256233840357,1.938542682722356,0.0028258995353714613,0.005347747625296128,2.741948187911575,7.49013611459989,2,1.386083306842863,2.2083257157067058,-8.082725510630421,6.548957710413803e-05,36.80224419731261,-8.688172095640592e-15,1.386083306842863,1-2,5,14.050000000000011,14050,,,,,0,2.741948187911575,7.383695252662722,1.386083306842863,2.2083257157067058,0.0018951534941388114,negative_baseline,20.0,0,0,1,1,0,1,0,0,0,1,2,0,0,0,1,1,0,0,0,0
sim_0041_n3_seed297,297,0.001,3,307.0,1,body_1,3.1163256233840357,1.938542682722356,0.0025092903564406764,0.002718717179492793,1.2272236196198207,0.5747781992914093,2,2.0721758391825498,0.9319872706076654,-8.082728975440002,6.506093670714485e-05,36.80224419731257,-9.846595041726004e-15,2.0721758391825498,1-2,5,15.050000000000011,15050,,,,,0,1.2272236196198207,0.5729657619942886,2.0721758391825498,0.9319872706076654,0.0016828327384480737,negative_baseline,20.0,0,0,0,0,0,0,0,0,0,1,2,0,0,0,1,1,0,0,0,0
sim_0041_n3_seed297,297,0.001,3,307.5,1,body_1,3.1163256233840357,1.938542682722356,0.0027525372212548528,0.003690980790112997,1.6387669069043076,2.0785351151517903,2,1.7937761135541097,1.4578276716339056,-8.082728404068478,6.513162253022336e-05,36.80224419731267,-7.143608167526709e-15,1.7937761135541097,1-2,5,15.550000000000011,15550,,,,,0,1.6387669069043076,2.062319050338399,1.7937761135541097,1.4578276716339056,0.0018460040959928862,negative_hard,10.0,0,0,0,1,0,0,0,0,0,1,2,0,0,0,1,1,0,0,0,0
sim_0041_n3_seed297,297,0.001,3,308.0,1,body_1,3.1163256233840357,1.938542682722356,0.004041225169255557,0.011372743128861966,5.464800388434515,31.077879879327657,2,0.9823986315615224,3.1385538654079155,-8.08271085441448,6.730273481851937e-05,36.8022441973126,-8.881242586654827e-15,0.9823986315615224,1-2,5,16.05000000000001,16050,,,,,0,5.464800388434515,29.343016542153766,0.9823986315615224,3.1385538654079155,0.002710334993239073,negative_hard,10.0,1,1,1,1,1,0,1,0,0,1,2,0,0,0,1,1,0,0,0,0
sim_0041_n3_seed297,297,0.001,3,308.6,1,body_1,3.1163256233840357,1.938542682722356,0.0036932205072751855,0.008524054243678351,3.8386983222696474,15.277659412949854,2,1.1715405489702744,2.6633434345590716,-8.082720796085631,6.607282541937205e-05,36.80224419731248,-1.2163440933896829e-14,1.1715405489702744,1-2,5,16.650000000000034,16650,,,,,0,3.8386983222696474,14.876009240449415,1.1715405489702744,2.6633434345590716,0.002476803666482525,negative_hard,10.0,1,1,1,1,0,1,0,0,0,1,2,0,0,0,1,1,0,0,0,0
sim_0041_n3_seed297,297,0.001,3,309.0,1,body_1,3.1163256233840357,1.938542682722356,0.0029860253390716217,0.004122127244753715,1.6688154476445052,2.202288996262549,2,1.7764696334836485,1.4888298985688884,-8.082728347688585,6.513859743001242e-05,36.8022441973125,-1.1777299951868357e-14,1.7764696334836485,1-2,5,17.05000000000001,17050,,,,,0,1.6688154476445052,2.1918842828664395,1.7764696334836485,1.4888298985688884,0.002002499164014112,negative_baseline,20.0,0,0,0,1,0,0,0,0,0,1,2,0,0,0,1,1,0,0,0,0
sim_0041_n3_seed297,297,0.001,3,310.0,1,body_1,3.1163256233840357,1.938542682722356,0.0030385213348246044,0.0036026957862988133,1.366956296092621,1.0912817662764205,2,1.9637423903677507,1.1470221042078126,-8.082728812461985,6.508109913172356e-05,36.802244197312596,-9.074313077669062e-15,1.9637423903677507,1-2,5,18.05000000000001,18050,,,,,0,1.366956296092621,1.0855049883680634,1.9637423903677507,1.1470221042078126,0.002037765930283211,negative_baseline,20.0,0,0,0,0,0,0,0,0,0,1,2,0,0,0,1,1,0,0,0,0
sim_0041_n3_seed297,297,0.001,3,310.15000000000003,1,body_1,3.1163256233840357,1.938542682722356,0.0031451794677239318,0.004055819418323267,1.5366231783754762,1.6975005441188356,2,1.8523409437069858,1.3525948586796255,-8.082728571526257,6.511090590286301e-05,36.8022441973126,-8.881242586654827e-15,1.8523409437069858,1-2,5,18.200000000000045,18200,,,,,0,1.5366231783754762,1.6858555114773035,1.8523409437069858,1.3525948586796255,0.0021093167412493757,negative_hard,10.0,0,0,0,1,0,0,0,0,0,1,2,0,0,0,1,1,0,0,0,0
sim_0041_n3_seed297,297,0.001,3,310.65000000000003,1,body_1,3.1163256233840357,1.938542682722356,0.004312457528116121,0.01028075856220407,4.149496888195345,17.877595597213407,2,1.1274101928293592,2.7665513048623964,-8.082719171781946,6.627377215549899e-05,36.80224419731269,-6.564396694484003e-15,1.1274101928293592,1-2,5,18.700000000000045,18700,,,,,0,4.149496888195345,17.2087532594008,1.1274101928293592,2.7665513048623964,0.0028922546369812095,negative_hard,10.0,1,1,1,1,1,0,0,0,0,1,2,0,0,0,1,1,0,0,0,0
sim_0041_n3_seed297,297,0.001,3,311.0,1,body_1,3.1163256233840357,1.938542682722356,0.009660809031807565,0.14033197596488334,65.24608447689192,940.1833645406888,2,0.2842661772348067,7.196681800918037,-8.083711350196907,-5.647114059843451e-05,36.80224419731238,-1.4866427808096124e-14,0.2842661772348067,1-2,5,19.05000000000001,19050,,,,,0,65.24608447689192,1977.214371362509,0.2842661772348067,7.196681800918037,0.006479132350301398,negative_baseline,20.0,1,1,1,1,0,1,1,1,0,1,2,0,0,0,1,1,0,0,0,0
sim_0041_n3_seed297,297,0.001,3,311.05,1,body_1,3.1163256233840357,1.938542682722356,0.007530831572771625,0.05837433087233228,26.29397296116504,603.311984586886,2,0.4477667064240118,5.4992902705471645,-8.082492525734736,9.431273054375064e-05,36.80224419731246,-1.2742652406939534e-14,0.4477667064240118,1-2,5,19.100000000000023,19100,,,,,0,26.29397296116504,485.6346675347557,0.4477667064240118,5.4992902705471645,0.005050583176574966,negative_hard,8.0,1,1,1,1,0,1,1,1,0,1,2,0,0,0,1,1,0,0,0,0
sim_0041_n3_seed297,297,0.001,3,311.35,1,body_1,3.1163256233840357,1.938542682722356,0.00412956412863058,0.008831207098651891,3.3803292031044148,11.73628976509268,2,1.248379309382519,2.492375170539046,-8.08272297508777,6.580325552824531e-05,36.80224419731257,-9.846595041726004e-15,1.248379309382519,1-2,5,19.400000000000034,19400,,,,,0,3.3803292031044148,11.489559751923162,1.248379309382519,2.492375170539046,0.0027693928423968652,negative_hard,10.0,1,1,1,1,0,1,0,0,0,1,2,0,0,0,1,1,0,0,0,0
sim_0041_n3_seed297,297,0.001,3,312.0,1,body_1,3.1163256233840357,1.938542682722356,0.003317537432126712,0.003871973522311908,1.3211486429044372,0.9328852309508424,2,1.9965734146444198,1.0841245189881275,-8.082728867929388,6.507423711834635e-05,36.80224419731255,-1.042580651476871e-14,1.9965734146444198,1-2,5,20.05000000000001,20050,,,,,0,1.3211486429044372,0.9307984582500831,1.9965734146444198,1.0841245189881275,0.002224782943400642,negative_baseline,20.0,0,0,0,0,0,0,0,0,0,1,2,0,0,0,1,1,0,0,0,0
sim_0041_n3_seed297,297,0.001,3,312.90000000000003,1,body_1,3.1163256233840357,1.938542682722356,0.0036302335034937784,0.004822023982276124,1.5951631559265245,1.9146155290695657,2,1.8180462269166895,1.4143431036575056,-8.082728476995541,6.512260053789654e-05,36.80224419731251,-1.1391158969839887e-14,1.8180462269166895,1-2,5,20.950000000000045,20950,,,,,0,1.5951631559265245,1.900445318507461,1.8180462269166895,1.4143431036575056,0.0024346140885062955,negative_hard,10.0,0,0,0,1,0,0,0,0,0,1,2,0,0,0,1,1,0,0,0,0
sim_0041_n3_seed297,297,0.001,3,313.0,1,body_1,3.1163256233840357,1.938542682722356,0.003762825985130661,0.005407244550475326,1.796852666892424,2.704971402594583,2,1.7130779995034078,1.6018327229144633,-8.082728109662375,6.516804425729222e-05,36.80224419731251,-1.1391158969839887e-14,1.7130779995034078,1-2,5,21.05000000000001,21050,,,,,0,1.796852666892424,2.6797827249645563,1.7130779995034078,1.6018327229144633,0.002523562236551808,negative_baseline,20.0,0,0,0,1,1,0,0,0,0,1,2,0,0,0,1,1,0,0,0,0
sim_0041_n3_seed297,297,0.001,3,313.40000000000003,1,body_1,3.1163256233840357,1.938542682722356,0.0051853552437246195,0.013611187789868974,4.857164082372952,24.570909710544118,2,1.0420456272905385,2.9787467387018505,-8.08271495370412,6.679560128119408e-05,36.8022441973124,-1.4480286826067654e-14,1.0420456272905385,1-2,5,21.450000000000045,21450,,,,,0,4.857164082372952,23.411063703322217,1.0420456272905385,2.9787467387018505,0.0034777150837190752,negative_hard,10.0,1,1,1,1,1,0,1,0,0,1,2,0,0,0,1,1,0,0,0,0
sim_0041_n3_seed297,297,0.001,3,314.0,1,body_1,3.1163256233840357,1.938542682722356,0.005020291870977196,0.012203736026313123,4.211703217910914,18.469910845061623,2,1.118448048117903,2.7880538709290303,-8.082718798090639,6.632000245663373e-05,36.802244197312284,-1.7569414682295417e-14,1.118448048117903,1-2,5,22.05000000000001,22050,,,,,0,4.211703217910914,17.90102966421544,1.118448048117903,2.7880538709290303,0.003366725316439795,negative_baseline,20.0,1,1,1,1,0,1,0,0,0,1,2,0,0,0,1,1,0,0,0,0
sim_0041_n3_seed297,297,0.001,3,314.1,1,body_1,3.1163256233840357,1.938542682722356,0.004546756828363357,0.009095224906983272,3.02197463854533,9.256169211170516,2,1.3202487605606894,2.341012998672549,-8.08272446897452,6.561844300241904e-05,36.802244197312355,-1.5638709772153064e-14,1.3202487605606894,1-2,5,22.150000000000034,22150,,,,,0,3.02197463854533,9.097671189728269,1.3202487605606894,2.341012998672549,0.0030491201825103035,negative_hard,10.0,1,1,1,1,0,1,0,0,0,1,2,0,0,0,1,1,0,0,0,0
sim_0041_n3_seed297,297,0.001,3,315.0,1,body_1,3.1163256233840357,1.938542682722356,0.003736583294865854,0.0041013644541600235,1.219117011081807,0.5439047342027558,2,2.078651099187712,0.9183656443547585,-8.082728982947334,6.506000795607154e-05,36.80224419731252,-1.1198088478825652e-14,2.078651099187712,1-2,5,23.05000000000001,23050,,,,,0,1.219117011081807,0.5427482271703206,2.078651099187712,0.9183656443547585,0.002505777861384566,negative_baseline,20.0,0,0,0,0,0,0,0,0,0,1,2,0,0,0,1,1,0,0,0,0
sim_0041_n3_seed297,297,0.001,3,315.65000000000003,1,body_1,3.1163256233840357,1.938542682722356,0.004131140325770466,0.005657155370102929,1.6622074698130818,2.1699294004809637,2,1.7810159466676443,1.480620271450469,-8.082728361762896,6.513685626117588e-05,36.802244197312554,-1.0232736023754475e-14,1.7810159466676443,1-2,5,23.700000000000045,23700,,,,,0,1.6622074698130818,2.152507717322294,1.7810159466676443,1.480620271450469,0.002770542521547996,negative_hard,10.0,0,0,0,1,0,0,0,0,0,1,2,0,0,0,1,1,0,0,0,0
sim_0041_n3_seed297,297,0.001,3,316.0,1,body_1,3.1163256233840357,1.938542682722356,0.005098421355001126,0.010465205033454309,3.216332638169443,10.543842893640576,2,1.280552141090755,2.4236424260214564,-8.082723695194536,6.571416929035809e-05,36.80224419731246,-1.2742652406939534e-14,1.280552141090755,1-2,5,24.05000000000001,24050,,,,,0,3.216332638169443,10.277514337165869,1.280552141090755,2.4236424260214564,0.003419400755894866,negative_baseline,20.0,1,1,1,1,1,0,0,0,0,1,2,0,0,0,1,1,0,0,0,0
sim_0041_n3_seed297,297,0.001,3,316.15000000000003,1,body_1,3.1163256233840357,1.938542682722356,0.006190446972698786,0.018205565747569003,5.840797447139128,35.471253312136184,2,0.9502536742464023,3.229279119088794,-8.082708072437999,6.764690019765676e-05,36.80224419731245,-1.3128793388968005e-14,0.9502536742464023,1-2,5,24.200000000000045,24200,,,,,0,5.840797447139128,33.29630015498103,0.9502536742464023,3.229279119088794,0.004151852748470762,negative_hard,10.0,1,1,1,1,1,0,1,0,0,1,2,0,0,0,1,1,0,0,0,0
sim_0041_n3_seed297,297,0.001,3,316.40000000000003,1,body_1,3.1163256233840357,1.938542682722356,0.013578755891241079,0.24898801889315927,89.69132362737201,833.7665767714681,2,0.2424572148350885,7.871874882423383,-8.086948403394558,-0.00045693521675059724,36.80224419731249,-1.1970370442882594e-14,0.2424572148350885,1-2,5,24.450000000000045,24450,,,,,0,89.69132362737201,2935.8240186816543,0.2424572148350885,7.871874882423383,0.009106895732381345,negative_hard,8.0,1,1,1,1,0,0,1,1,0,1,2,0,0,0,1,1,0,0,0,0
sim_0041_n3_seed297,297,0.001,3,317.0,1,body_1,3.1163256233840357,1.938542682722356,0.004550875127795671,0.0071390652247560575,2.017585571725078,3.6722830311812893,2,1.615527629091555,1.7769612899671534,-8.082727623976709,6.522812966510667e-05,36.802244197312646,-7.722819640569415e-15,1.615527629091555,1-2,5,25.05000000000001,25050,,,,,0,2.017585571725078,3.6447227228505024,1.615527629091555,1.7769612899671534,0.0030517640328236477,negative_hard,10.0,0,0,0,1,0,1,0,0,0,1,2,0,0,0,1,1,0,0,0,0
sim_0041_n3_seed297,297,0.001,3,318.0,1,body_1,3.1163256233840357,1.938542682722356,0.004243669332624488,0.004835629440485803,1.2757215013830685,0.7651496140911612,2,2.0323583076573057,1.0134933234516317,-8.082728921496518,6.506761019265901e-05,36.802244197312646,-7.722819640569415e-15,2.0323583076573057,1-2,5,26.05000000000001,26050,,,,,0,1.2757215013830685,0.7618699378179611,2.0323583076573057,1.0134933234516317,0.0028458439601186662,negative_baseline,20.0,0,0,0,0,0,0,0,0,0,1,2,0,0,0,1,1,0,0,0,0
sim_0041_n3_seed297,297,0.001,3,318.55,1,body_1,3.1163256233840357,1.938542682722356,0.004999208212797425,0.008167488348549775,2.1916274211150872,4.4789881040700195,2,1.551202538360411,1.8941845003115305,-8.082727197632156,6.52808738330072e-05,36.802244197312596,-9.074313077669062e-15,1.551202538360411,1-2,5,26.600000000000023,26600,,,,,0,2.1916274211150872,4.419223067610566,1.551202538360411,1.8941845003115305,0.0033527914161540634,negative_hard,10.0,0,0,0,1,1,0,0,0,0,1,2,0,0,0,1,1,0,0,0,0
sim_0041_n3_seed297,297,0.001,3,319.0,1,body_1,3.1163256233840357,1.938542682722356,0.009665796005622736,0.058198766071526804,17.64042310984354,304.5099219687375,2,0.5467565997519147,4.843372861913114,-8.082576701112195,8.389918071593033e-05,36.8022441973128,-3.4752688382562368e-15,0.5467565997519147,1-2,5,27.05000000000001,27050,,,,,0,17.64042310984354,241.92672765206586,0.5467565997519147,4.843372861913114,0.006482800891644916,negative_pre_failure,1.0,1,1,1,1,1,0,1,1,0,1,2,0,0,0,1,1,0,0,0,0
sim_0041_n3_seed297,297,0.001,3,319.05,1,body_1,3.1163256233840357,1.938542682722356,0.012024077887708708,0.12227924327551905,37.666852102353346,899.6912158104473,2,0.37415498205185044,6.133026878210763,-8.08250084347089,9.328372226959708e-05,36.80224419731268,-6.757467185498238e-15,0.37415498205185044,1-2,5,27.100000000000023,27100,,,,,0,37.666852102353346,846.2685249729143,0.37415498205185044,6.133026878210763,0.008064439563436132,negative_pre_failure,1.0,1,1,1,1,1,0,1,1,0,1,2,0,0,0,1,1,0,0,0,0
sim_0041_n3_seed297,297,0.001,3,319.1,1,body_1,3.1163256233840357,1.938542682722356,0.015080302051680981,0.2757916043163138,88.03249503433807,820.3975336926588,2,0.24473309125258538,7.830915267524411,-8.086637410324656,-0.00041846147386659816,36.802244197312625,-8.30203111361212e-15,0.24473309125258538,1-2,6,0.0,0,0.010114065532059822,27.150000000000034,0.015080302051680981,0.2757916043163138,1,88.03249503433807,2857.716648291121,0.24473309125258538,7.830915267524411,0.010114065532059822,correction,1.0,1,1,1,1,0,0,1,1,0,1,2,0,0,0,1,1,0,0,0,0
sim_0041_n3_seed297,297,0.001,3,319.25,1,body_1,3.1163256233840357,1.938542682722356,7.355700618012426e-05,0.0007381811953986373,11.828218474156943,141.5274654062207,2,0.6675349649481763,4.2320153178308635,-8.078978136052136,0.0005290868079368353,36.80224419731285,-2.1237754011565892e-15,0.6675349649481763,1-2,6,0.14999999999997726,150,,,,,0,11.828218474156943,122.83232029473689,0.6675349649481763,4.2320153178308635,4.933152072914372e-05,negative_hard,10.0,1,1,1,1,0,1,1,1,0,1,2,0,0,0,1,1,0,0,0,0
sim_0041_n3_seed297,297,0.001,3,319.75,1,body_1,3.1163256233840357,1.938542682722356,0.0004752715278696522,0.000983561848723832,1.8919758846876624,3.121099086783369,2,1.6681879557781047,1.6833012729311014,-8.079058311078311,0.0005191681517309042,36.80224419731289,-1.1584229460854121e-15,1.6681879557781047,1-2,6,0.6499999999999773,650,,,,,0,1.8919758846876624,3.100876548043804,1.6681879557781047,1.6833012729311014,0.00031874410599813685,negative_hard,10.0,0,0,0,1,0,1,0,0,0,1,2,0,0,0,1,1,0,0,0,0
sim_0041_n3_seed297,297,0.001,3,320.0,1,body_1,3.1163256233840357,1.938542682722356,0.0007098300533344129,0.0011366645164635673,1.4378356249019106,1.3534978404394467,2,1.9135061384322474,1.2425635813206777,-8.079059119894582,0.0005190680910149058,36.80224419731284,-2.5099163831850597e-15,1.9135061384322474,1-2,6,0.8999999999999773,900,,,,,0,1.4378356249019106,1.3493444886043828,1.9135061384322474,1.2425635813206777,0.00047605228503399974,negative_baseline,20.0,0,0,0,0,0,0,0,0,0,1,2,0,0,0,1,1,0,0,0,0
sim_0041_n3_seed297,297,0.001,3,321.0,1,body_1,3.1163256233840357,1.938542682722356,0.0022161786104413508,0.0029246304723872445,1.5368081899904493,1.7034766141674205,2,1.8520761318926395,1.3544322239440123,-8.079058975345504,0.0005190859735486918,36.80224419731291,-5.792114730427061e-16,1.8520761318926395,1-2,6,1.8999999999999773,1900,,,,,0,1.5368081899904493,1.6917565745336975,1.8520761318926395,1.3544322239440123,0.0014862962059639278,negative_baseline,20.0,0,0,0,1,0,0,0,0,0,1,2,0,0,0,1,1,0,0,0,0
sim_0041_n3_seed297,297,0.001,3,321.3,1,body_1,3.1163256233840357,1.938542682722356,0.003173328165487025,0.005157448872164794,2.3623896365635746,5.347339443267188,2,1.4941040385900095,2.001256494201295,-8.079057129536473,0.0005193143232739513,36.80224419731293,0.0,1.4941040385900095,1-2,6,2.1999999999999886,2200,,,,,0,2.3623896365635746,5.266011048302776,1.4941040385900095,2.001256494201295,0.002128217086593428,negative_hard,10.0,0,0,0,1,1,0,0,0,0,1,2,0,0,0,1,1,0,0,0,0
sim_0041_n3_seed297,297,0.001,3,321.90000000000003,1,body_1,3.1163256233840357,1.938542682722356,0.008255115325899341,0.061775240882154324,25.67305536625336,583.8680143090279,2,0.4531429802851632,5.459066154642328,-8.078825375503094,0.0005479852036101374,36.802244197313186,6.9505376765124735e-15,0.4531429802851632,1-2,6,2.8000000000000114,2800,,,,,0,25.67305536625336,467.1996354553957,0.4531429802851632,5.459066154642328,0.005536346706547417,negative_hard,8.0,1,1,1,1,0,1,1,1,0,1,2,0,0,0,1,1,0,0,0,0
sim_0041_n3_seed297,297,0.001,3,322.0,1,body_1,3.1163256233840357,1.938542682722356,0.005801825395577265,0.021884197327416977,8.781799419587054,79.19198639348728,2,0.7746624352957381,3.799240160658966,-8.079011953558318,0.000524903158319713,36.80224419731315,5.985185221441297e-15,0.7746624352957381,1-2,6,2.8999999999999773,2900,,,,,0,8.781799419587054,71.87954775680168,0.7746624352957381,3.799240160658966,0.0038910282905640033,negative_hard,10.0,1,1,1,1,0,1,1,1,0,1,2,0,0,0,1,1,0,0,0,0
sim_0041_n3_seed297,297,0.001,3,322.5,1,body_1,3.1163256233840357,1.938542682722356,0.002721898501731978,0.0053863720202448895,1.7983351957871123,2.728250074190578,2,1.7109487813764497,1.606906418529327,-8.079058504434135,0.000519144231190642,36.8022441973132,7.336678658540944e-15,1.7109487813764497,1-2,6,3.3999999999999773,3400,,,,,0,1.7983351957871123,2.712595593078763,1.7109487813764497,1.606906418529327,0.001825452880027071,negative_hard,10.0,0,0,0,1,0,0,0,0,0,1,2,0,0,0,1,1,0,0,0,0
sim_0041_n3_seed297,297,0.001,3,323.0,1,body_1,3.1163256233840357,1.938542682722356,0.0024166648633277585,0.004457707606673992,1.2436804561864605,0.6519483398466773,2,2.0575152711646894,0.9644231331658234,-8.079059361848747,0.0005190381582503509,36.802244197313286,9.653524550711769e-15,2.0575152711646894,1-2,6,3.8999999999999773,3900,,,,,0,1.2436804561864605,0.6507769718253688,2.0575152711646894,0.9644231331658234,0.0016207536086823907,negative_baseline,20.0,0,0,0,0,0,0,0,0,0,1,2,0,0,0,1,1,0,0,0,0
sim_0041_n3_seed297,297,0.001,3,324.0,1,body_1,3.1163256233840357,1.938542682722356,0.006207553378206965,0.010694454117859777,2.2937076468160185,4.993711548440547,2,1.5162806274377472,1.9597862155451509,-8.07905732341624,0.0005192903379153006,36.80224419731323,8.108960622597885e-15,1.5162806274377472,1-2,6,4.899999999999977,4900,,,,,0,2.2937076468160185,4.921488621508048,1.5162806274377472,1.9597862155451509,0.004163153230153698,negative_baseline,20.0,0,0,0,1,1,0,0,0,0,1,2,0,0,0,1,1,0,0,0,0
sim_0041_n3_seed297,297,0.001,3,324.05,1,body_1,3.1163256233840357,1.938542682722356,0.006646394090292756,0.012001278000692023,2.5515544197702966,6.374717200351657,2,1.437664579313895,2.108522415114861,-8.079056551431048,0.0005193858421649769,36.80224419731323,8.108960622597885e-15,1.437664579313895,1-2,6,4.949999999999989,4950,,,,,0,2.5515544197702966,6.264194094522515,1.437664579313895,2.108522415114861,0.004457465821126397,negative_hard,10.0,0,0,0,1,1,0,0,0,0,1,2,0,0,0,1,1,0,0,0,0
sim_0041_n3_seed297,297,0.001,3,324.35,1,body_1,3.1163256233840357,1.938542682722356,0.011621704123581263,0.04222619430724157,8.582866992372518,75.6247091286953,2,0.7838897216260444,3.7655223102977904,-8.079014006082186,0.0005246492353766932,36.802244197313335,1.1005017987811415e-14,0.7838897216260444,1-2,6,5.25,5250,,,,,0,8.582866992372518,67.93471098442137,0.7838897216260444,3.7655223102977904,0.007794198320580385,negative_pre_failure,1.0,1,1,1,1,1,0,1,1,0,1,2,0,0,0,1,1,0,0,0,0
sim_0041_n3_seed297,297,0.001,3,324.40000000000003,1,body_1,3.1163256233840357,1.938542682722356,0.01354925503692551,0.06554085635581113,13.204309632405986,175.18452540660076,2,0.6319777519421627,4.395909547484821,-8.078961470449762,0.0005311485519523297,36.802244197313414,1.3128793388968005e-14,0.6319777519421627,1-2,6,5.300000000000011,5300,,,,,0,13.204309632405986,146.5384700859518,0.6319777519421627,4.395909547484821,0.009086924224252666,negative_pre_failure,1.0,1,1,1,1,1,0,1,1,0,1,2,0,0,0,1,1,0,0,0,0
sim_0041_n3_seed297,297,0.001,3,324.45,1,body_1,3.1163256233840357,1.938542682722356,0.016577443816084888,0.12302365811942172,24.476717617472573,612.1877886073157,2,0.464159023248034,5.377979565396326,-8.078834248781252,0.0005468874678229258,36.80224419731339,1.2549581915925299e-14,0.464159023248034,1-2,7,0.0,0,0.011117799458852112,5.349999999999966,0.016577443816084888,0.12302365811942172,1,24.476717617472573,420.67113591522474,0.464159023248034,5.377979565396326,0.011117799458852112,correction,1.0,1,1,1,1,1,0,1,1,0,1,2,0,0,0,1,1,0,0,0,0
sim_0041_n3_seed297,297,0.001,3,324.90000000000003,1,body_1,3.1163256233840357,1.938542682722356,0.0001463451661322623,0.00027827323833009237,3.464747950920252,12.371780876270778,2,1.232909655185758,2.5258434958789713,-8.083487548625733,-2.8784079568168373e-05,36.80224419731334,1.1198088478825652e-14,1.232909655185758,1-2,7,0.4500000000000455,450,,,,,0,3.464747950920252,12.099313521038482,1.232909655185758,2.5258434958789713,9.814741135105342e-05,negative_hard,10.0,1,1,1,1,0,1,0,0,0,1,2,0,0,0,1,1,0,0,0,0
sim_0041_n3_seed297,297,0.001,3,325.0,1,body_1,3.1163256233840357,1.938542682722356,0.00016717773540005204,0.00022859228735268002,2.6253752673354533,6.815116134732851,2,1.4161815553626473,2.149138381069075,-8.083490865149662,-2.9194375170346743e-05,36.80224419731346,1.4480286826067654e-14,1.4161815553626473,1-2,7,0.5500000000000114,550,,,,,0,2.6253752673354533,6.725897233829574,1.4161815553626473,2.149138381069075,0.00011211891849435612,negative_baseline,20.0,0,0,1,1,0,1,0,0,0,1,2,0,0,0,1,1,0,0,0,0
sim_0041_n3_seed297,297,0.001,3,326.0,1,body_1,3.1163256233840357,1.938542682722356,0.0002217028896661045,4.739964156011177e-05,1.2289735609954537,0.5868603102766333,2,2.070094768747948,0.9358865897834697,-8.083493942704603,-2.9575107311966073e-05,36.80224419731335,1.1391158969839887e-14,2.070094768747948,1-2,7,1.5500000000000114,1550,,,,,0,1.2289735609954537,0.5849245703137765,2.070094768747948,0.9358865897834697,0.0001486861389084153,negative_baseline,20.0,0,0,0,0,0,0,0,0,0,1,2,0,0,0,1,1,0,0,0,0
sim_0041_n3_seed297,297,0.001,3,326.45,1,body_1,3.1163256233840357,1.938542682722356,0.00018703970802053726,0.00014496638431950166,1.5809968382933615,1.8644879980954838,2,1.8259392608747627,1.399850801715929,-8.0834934688814,-2.9516489439592296e-05,36.802244197313364,1.1777299951868357e-14,1.8259392608747627,1-2,7,2.0,2000,,,,,0,1.5809968382933615,1.850904159608226,1.8259392608747627,1.399850801715929,0.0001254385636466303,negative_hard,10.0,0,0,0,1,0,0,0,0,0,1,2,0,0,0,1,1,0,0,0,0
sim_0041_n3_seed297,297,0.001,3,326.95,1,body_1,3.1163256233840357,1.938542682722356,0.00021127624115314003,0.0005099554155900904,4.689961134333437,22.916709925180545,2,1.0604663820766234,2.9312852048451976,-8.083480945680696,-2.79672124601368e-05,36.80224419731323,8.108960622597885e-15,1.0604663820766234,1-2,7,2.5,2500,,,,,0,4.689961134333437,21.886613655189272,1.0604663820766234,2.9312852048451976,0.00014169305537197572,negative_hard,10.0,1,1,1,1,1,0,1,0,0,1,2,0,0,0,1,1,0,0,0,0
sim_0041_n3_seed297,297,0.001,3,327.0,1,body_1,3.1163256233840357,1.938542682722356,0.0002374458744050969,0.0006553633503763863,5.985164999841173,37.24700264781109,2,0.9387328145132136,3.2625352019500133,-8.083471892132343,-2.6847174989024185e-05,36.80224419731323,8.108960622597885e-15,0.9387328145132136,1-2,7,2.5500000000000114,2550,,,,,0,5.985164999841173,34.880440748793845,0.9387328145132136,3.2625352019500133,0.00015924394584970235,negative_baseline,20.0,1,1,1,1,1,0,1,0,0,1,2,0,0,0,1,1,0,0,0,0
sim_0041_n3_seed297,297,0.001,3,327.45,1,body_1,3.1163256233840357,1.938542682722356,0.0002436177710750932,0.000833729842709228,7.20887482121966,53.82974603444826,2,0.8549356115682084,3.520820871062873,-8.08346160330557,-2.5574318086058357e-05,36.802244197313314,1.042580651476871e-14,0.8549356115682084,1-2,7,3.0,3000,,,,,0,7.20887482121966,50.02232087565025,0.8549356115682084,3.520820871062873,0.00016338166355300284,negative_hard,10.0,1,1,1,1,0,1,1,0,0,1,2,0,0,0,1,1,0,0,0,0
sim_0041_n3_seed297,297,0.001,3,327.95,1,body_1,3.1163256233840357,1.938542682722356,0.0003239345962974197,0.00025030657106401666,1.7322778190786916,2.459621471439932,2,1.742998567827382,1.548338244354172,-8.083493196670615,-2.948281355165811e-05,36.80224419731335,1.1391158969839887e-14,1.742998567827382,1-2,7,3.5,3500,,,,,0,1.7322778190786916,2.4467629844087537,1.742998567827382,1.548338244354172,0.00021724533945956663,negative_hard,10.0,0,0,0,1,0,0,0,0,0,1,2,0,0,0,1,1,0,0,0,0
sim_0041_n3_seed297,297,0.001,3,328.0,1,body_1,3.1163256233840357,1.938542682722356,0.0003351170201597933,0.00022493021120474594,1.632631093673329,2.0701088766988516,2,1.7953661879396725,1.454837590493349,-8.083493377253728,-2.9505153947401894e-05,36.80224419731341,1.293572289795377e-14,1.7953661879396725,1-2,7,3.5500000000000114,3550,,,,,0,1.632631093673329,2.060841743002665,1.7953661879396725,1.454837590493349,0.00022474479695554746,negative_baseline,20.0,0,0,0,1,0,0,0,0,0,1,2,0,0,0,1,1,0,0,0,0
sim_0041_n3_seed297,297,0.001,3,329.0,1,body_1,3.1163256233840357,1.938542682722356,0.00035971700233746796,0.00020089397274168823,1.3808309314948102,1.1446454386431828,2,1.953390888699583,1.166195281357734,-8.083493762767862,-2.9552846880525597e-05,36.80224419731343,1.3514934370996475e-14,1.953390888699583,1-2,7,4.550000000000011,4550,,,,,0,1.3808309314948102,1.1384083040322104,1.953390888699583,1.166195281357734,0.00024123970320138343,negative_baseline,20.0,0,0,0,0,0,0,0,0,0,1,2,0,0,0,1,1,0,0,0,0
sim_0041_n3_seed297,297,0.001,3,329.5,1,body_1,3.1163256233840357,1.938542682722356,0.0003317775014717179,0.0005961892504448604,2.7476314295061286,7.513090022268971,2,1.3854126882937554,2.209402251948413,-8.083490458137085,-2.9144022610320525e-05,36.8022441973135,1.544563928113883e-14,1.3854126882937554,1-2,7,5.050000000000011,5050,,,,,0,2.7476314295061286,7.365716801230308,1.3854126882937554,2.209402251948413,0.00022250192018165912,negative_hard,10.0,0,0,0,1,1,0,0,0,0,1,2,0,0,0,1,1,0,0,0,0
sim_0041_n3_seed297,297,0.001,3,330.0,1,body_1,3.1163256233840357,1.938542682722356,0.0010589009148362202,0.01110944194311215,46.114899262037916,985.8568589560942,2,0.3381200261852179,6.510916829210629,-8.083411870079978,-1.9421694380161517e-05,36.802244197312994,1.7376344191281184e-15,0.3381200261852179,1-2,7,5.550000000000011,5550,,,,,0,46.114899262037916,1196.494696615116,0.3381200261852179,6.510916829210629,0.0007101491694987429,negative_hard,10.0,1,1,1,1,0,1,1,1,0,1,2,0,0,0,1,1,0,0,0,0
sim_0041_n3_seed297,297,0.001,3,330.5,1,body_1,3.1163256233840357,1.938542682722356,0.00041345310922207695,0.0005620790290094701,2.2296779722672526,4.691692410463539,2,1.5363907765886267,1.9214352492397755,-8.083492051065392,-2.9341087818621477e-05,36.80224419731291,-5.792114730427061e-16,1.5363907765886267,1-2,7,6.050000000000011,6050,,,,,0,2.2296779722672526,4.647690578657101,1.5363907765886267,1.9214352492397755,0.00027727034600175506,negative_hard,10.0,0,0,0,1,0,1,0,0,0,1,2,0,0,0,1,1,0,0,0,0
sim_0041_n3_seed297,297,0.001,3,331.0,1,body_1,3.1163256233840357,1.938542682722356,0.0005390672252871059,0.0001786285622958053,1.3065613092389385,0.8872275049467495,2,2.0067309812030825,1.0639873906415573,-8.08349385319159,-2.956403342957295e-05,36.80224419731288,-1.3514934370996475e-15,2.0067309812030825,1-2,7,6.550000000000011,6550,,,,,0,1.3065613092389385,0.8853170408546046,2.0067309812030825,1.0639873906415573,0.00036151056631958644,negative_baseline,20.0,0,0,0,0,0,0,0,0,0,1,2,0,0,0,1,1,0,0,0,0
sim_0041_n3_seed297,297,0.001,3,332.0,1,body_1,3.1163256233840357,1.938542682722356,0.0004710112943988363,0.0005560310304431007,1.8404243773147657,2.890989908054372,2,1.6924443941039542,1.6383874779157124,-8.083492986645634,-2.9456830827662992e-05,36.802244197312945,3.8614098202847074e-16,1.6924443941039542,1-2,7,7.550000000000011,7550,,,,,0,1.8404243773147657,2.862749807731852,1.6924443941039542,1.6383874779157124,0.00031586149682590796,negative_baseline,20.0,0,0,0,1,1,0,0,0,0,1,2,0,0,0,1,1,0,0,0,0
sim_0041_n3_seed297,297,0.001,3,332.05,1,body_1,3.1163256233840357,1.938542682722356,0.0004674785786404901,0.0006164442748362533,1.9843296713138765,3.5139658980870676,2,1.6300022301831134,1.7504569241103964,-8.083492672789461,-2.9418002883013617e-05,36.80224419731298,1.3514934370996475e-15,1.6300022301831134,1-2,7,7.600000000000023,7600,,,,,0,1.9843296713138765,3.47457338270764,1.6300022301831134,1.7504569241103964,0.0003134925356847538,negative_hard,10.0,0,0,0,1,1,0,0,0,0,1,2,0,0,0,1,1,0,0,0,0
sim_0041_n3_seed297,297,0.001,3,332.55,1,body_1,3.1163256233840357,1.938542682722356,0.0011066510862487212,0.005718629920134116,16.259620105577913,261.84043079647483,2,0.5695155058245649,4.7149986806790585,-8.083357570542944,-1.2704160683302183e-05,36.802244197312866,-1.7376344191281184e-15,0.5695155058245649,1-2,7,8.100000000000023,8100,,,,,0,16.259620105577913,210.54736795208805,0.5695155058245649,4.7149986806790585,0.0007421635304272237,negative_hard,10.0,1,1,1,1,1,0,1,1,0,1,2,0,0,0,1,1,0,0,0,0
sim_0041_n3_seed297,297,0.001,3,333.0,1,body_1,3.1163256233840357,1.938542682722356,0.0005745474109316288,0.001355197821728996,3.91398444005302,15.936943864004656,2,1.1598968740930138,2.690092072868569,-8.083485328727804,-2.8509450354744942e-05,36.80224419731325,8.688172095640592e-15,1.1598968740930138,1-2,7,8.550000000000011,8550,,,,,0,3.91398444005302,15.501537020696365,1.1598968740930138,2.690092072868569,0.0003852944257430834,negative_baseline,20.0,1,1,1,1,0,1,0,0,0,1,2,0,0,0,1,1,0,0,0,0
sim_0041_n3_seed297,297,0.001,3,333.05,1,body_1,3.1163256233840357,1.938542682722356,0.0005507003707021007,0.0011643548109133072,3.3063169571128963,11.229970578767885,2,1.261875505774036,2.4632558885682467,-8.0834882369943,-2.88692393927361e-05,36.802244197313165,6.371326203469767e-15,1.261875505774036,1-2,7,8.600000000000023,8600,,,,,0,3.3063169571128963,11.002055387171577,1.261875505774036,2.4632558885682467,0.0003692982132403637,negative_hard,10.0,1,1,1,1,0,1,0,0,0,1,2,0,0,0,1,1,0,0,0,0
sim_0041_n3_seed297,297,0.001,3,334.0,1,body_1,3.1163256233840357,1.938542682722356,0.0007286300886429317,0.0001539991022821211,1.2154182246852894,0.5369011649585977,2,2.080738159555651,0.9134923651460048,-8.083493954758342,-2.9576598510687326e-05,36.80224419731294,1.9307049101423537e-16,2.080738159555651,1-2,7,9.550000000000011,9550,,,,,0,1.2154182246852894,0.5356997470118792,2.080738159555651,0.9134923651460048,0.0004886068681217456,negative_baseline,20.0,0,0,0,0,0,0,0,0,0,1,2,0,0,0,1,1,0,0,0,0
sim_0041_n3_seed297,297,0.001,3,334.6,1,body_1,3.1163256233840357,1.938542682722356,0.0006385720106217338,0.0005936799629097379,1.6030370003392953,1.950626393016892,2,1.8131078993877927,1.4228431104800257,-8.083493429262433,-2.9511588076434462e-05,36.802244197312966,9.653524550711769e-16,1.8131078993877927,1-2,7,10.150000000000034,10150,,,,,0,1.6030370003392953,1.9359824367410534,1.8131078993877927,1.4228431104800257,0.0004282005692146921,negative_hard,10.0,0,0,0,1,0,0,0,0,0,1,2,0,0,0,1,1,0,0,0,0
sim_0041_n3_seed297,297,0.001,3,335.0,1,body_1,3.1163256233840357,1.938542682722356,0.0007067113906179458,0.0014938693446885142,3.4043364749151914,11.898911382830843,2,1.244662481334736,2.5001849179521023,-8.08348782399791,-2.8818146559834406e-05,36.80224419731287,-1.544563928113883e-15,1.244662481334736,1-2,7,10.550000000000011,10550,,,,,0,3.4043364749151914,11.569041261910181,1.244662481334736,2.5001849179521023,0.00047391246158052386,negative_baseline,20.0,1,1,1,1,1,0,0,0,0,1,2,0,0,0,1,1,0,0,0,0
sim_0041_n3_seed297,297,0.001,3,335.1,1,body_1,3.1163256233840357,1.938542682722356,0.0008549948532785929,0.002204120547336831,4.997637546616457,26.048184684553647,2,1.0273086552649877,3.017123434328387,-8.083478934656785,-2.7718423582275915e-05,36.80224419731283,-2.702986874199295e-15,1.0273086552649877,1-2,7,10.650000000000034,10650,,,,,0,4.997637546616457,24.761542645357917,1.0273086552649877,3.017123434328387,0.0005733661662340848,negative_hard,10.0,1,1,1,1,1,0,1,0,0,1,2,0,0,0,1,1,0,0,0,0
sim_0041_n3_seed297,297,0.001,3,335.6,1,body_1,3.1163256233840357,1.938542682722356,0.0009583310960495399,0.002923310312534105,6.589040709043163,45.17136295281058,2,0.8941332767585658,3.396462320237406,-8.083466883083862,-2.622749287389705e-05,36.80224419731277,-4.4406212933274135e-15,0.8941332767585658,1-2,7,11.150000000000034,11150,,,,,0,6.589040709043163,42.35376831090347,0.8941332767585658,3.396462320237406,0.0006426617481542675,negative_hard,10.0,1,1,1,1,0,1,1,0,0,1,2,0,0,0,1,1,0,0,0,0
sim_0041_n3_seed297,297,0.001,3,336.0,1,body_1,3.1163256233840357,1.938542682722356,0.0007209363483166551,0.0008783855313412272,1.9512118473494344,3.3888277395675015,2,1.6418879498379102,1.7292578679407375,-8.083492736174252,-2.942584437653247e-05,36.80224419731274,-5.212903257384355e-15,1.6418879498379102,1-2,7,11.550000000000011,11550,,,,,0,1.9512118473494344,3.3651215293028067,1.6418879498379102,1.7292578679407375,0.00048340978057102206,negative_baseline,20.0,0,0,0,1,0,1,0,0,0,1,2,0,0,0,1,1,0,0,0,0
sim_0041_n3_seed297,297,0.001,3,336.1,1,body_1,3.1163256233840357,1.938542682722356,0.0007574280064908531,0.0007190416431827965,1.6989459130580373,2.3344258112369625,2,1.7594073442644897,1.519118041385436,-8.083493253889591,-2.94898922565952e-05,36.80224419731278,-4.054480311298943e-15,1.7594073442644897,1-2,7,11.650000000000034,11650,,,,,0,1.6989459130580373,2.3227681216263107,1.7594073442644897,1.519118041385436,0.000507878474824384,negative_hard,10.0,0,0,0,1,0,0,0,0,0,1,2,0,0,0,1,1,0,0,0,0
sim_0041_n3_seed297,297,0.001,3,337.0,1,body_1,3.1163256233840357,1.938542682722356,0.0008705159075830498,0.00038033082168640914,1.2824443242960524,0.798047883399165,2,2.02604497738812,1.025632810459021,-8.083493880951659,-2.9567467698343636e-05,36.80224419731285,-2.1237754011565892e-15,2.02604497738812,1-2,7,12.550000000000011,12550,,,,,0,1.2824443242960524,0.7945151539059834,2.02604497738812,1.025632810459021,0.0005836951255872003,negative_baseline,20.0,0,0,0,0,0,0,0,0,0,1,2,0,0,0,1,1,0,0,0,0
sim_0041_n3_seed297,297,0.001,3,337.65000000000003,1,body_1,3.1163256233840357,1.938542682722356,0.000817578479580914,0.0015543165624136456,2.846638182565505,8.125905270281013,2,1.3610564496330095,2.2578859946378342,-8.08349009150825,-2.9098666025479734e-05,36.80224419731286,-1.9307049101423538e-15,1.3610564496330095,1-2,7,13.200000000000045,13200,,,,,0,2.846638182565505,7.956603472380863,1.3610564496330095,2.2578859946378342,0.0005482091783978801,negative_hard,10.0,1,0,1,1,1,0,0,0,0,1,2,0,0,0,1,1,0,0,0,0
sim_0041_n3_seed297,297,0.001,3,338.0,1,body_1,3.1163256233840357,1.938542682722356,0.0020956097580300953,0.013659282888780115,22.873377539477236,488.15775438687945,2,0.4801667429167699,5.264322479947482,-8.083280244017296,-3.1378997153594596e-06,36.802244197313094,4.4406212933274135e-15,0.4801667429167699,1-2,7,13.550000000000011,13550,,,,,0,22.873377539477236,376.36810976670455,0.4801667429167699,5.264322479947482,0.0014053353032838813,negative_baseline,20.0,1,1,1,1,1,0,1,1,0,1,2,0,0,0,1,1,0,0,0,0
sim_0041_n3_seed297,297,0.001,3,338.15000000000003,1,body_1,3.1163256233840357,1.938542682722356,0.0024343955229101538,0.021450485844972448,35.253961601418375,866.6606083204753,2,0.38669848625883346,6.013213182619794,-8.083235992522575,2.336565135774008e-06,36.802244197313044,3.089127856227766e-15,0.38669848625883346,1-2,7,13.700000000000045,13700,,,,,0,35.253961601418375,786.9413385933115,0.38669848625883346,6.013213182619794,0.0016325253861979273,negative_hard,10.0,1,1,1,1,0,1,1,1,0,1,2,0,0,0,1,1,0,0,0,0
sim_0041_n3_seed297,297,0.001,3,338.65000000000003,1,body_1,3.1163256233840357,1.938542682722356,0.0008502285648108407,0.0012276770523843377,2.166195205572726,4.3908616927505095,2,1.5581901345700149,1.8813110944308336,-8.083492209410696,-2.936067711862837e-05,36.80224419731307,3.8614098202847076e-15,1.5581901345700149,1-2,7,14.200000000000045,14200,,,,,0,2.166195205572726,4.352010067350336,1.5581901345700149,1.8813110944308336,0.0005700441600053569,negative_hard,10.0,0,0,0,1,0,1,0,0,0,1,2,0,0,0,1,1,0,0,0,0
sim_0041_n3_seed297,297,0.001,3,339.0,1,body_1,3.1163256233840357,1.938542682722356,0.0009846776029855103,0.0006019139950876401,1.4160200621084416,1.2846982138163585,2,1.9266704213392465,1.2164506173231118,-8.083493708519654,-2.954613569691059e-05,36.80224419731314,5.599044239412826e-15,1.9266704213392465,1-2,7,14.550000000000011,14550,,,,,0,1.4160200621084416,1.2809203478301228,1.9266704213392465,1.2164506173231118,0.0006601851748514162,negative_baseline,20.0,0,0,0,0,0,0,0,0,0,1,2,0,0,0,1,1,0,0,0,0
sim_0041_n3_seed297,297,0.001,3,340.0,1,body_1,3.1163256233840357,1.938542682722356,0.0009520863228691164,0.0008518346989622285,1.5622819066902824,1.8026161768325133,2,1.8362287743243437,1.381236445292664,-8.08349349311385,-2.9519487297422757e-05,36.80224419731309,4.2475508023131784e-15,1.8362287743243437,1-2,7,15.550000000000011,15550,,,,,0,1.5622819066902824,1.7897301442279125,1.8362287743243437,1.381236445292664,0.000638288773286351,negative_baseline,20.0,0,0,0,1,0,0,0,0,0,1,2,0,0,0,1,1,0,0,0,0
sim_0041_n3_seed297,297,0.001,3,340.2,1,body_1,3.1163256233840357,1.938542682722356,0.000912981430516306,0.0012727864322027347,2.0282529773170506,3.7185402437793336,2,1.612059170245478,1.7828255878283226,-8.08349256306446,-2.9404428524382633e-05,36.80224419731311,4.826762275355884e-15,1.612059170245478,1-2,7,15.75,15750,,,,,0,2.0282529773170506,3.675058414849214,1.612059170245478,1.7828255878283226,0.0006120749812031026,negative_hard,10.0,0,0,0,1,1,0,0,0,0,1,2,0,0,0,1,1,0,0,0,0
sim_0041_n3_seed297,297,0.001,3,340.7,1,body_1,3.1163256233840357,1.938542682722356,0.0023592273900512823,0.01372865595107685,19.411079354219186,365.9920588574166,2,0.5212440395158892,4.995942179820317,-8.08331756882249,-7.755446205121215e-06,36.80224419731299,1.544563928113883e-15,0.5212440395158892,1-2,7,16.25,16250,,,,,0,19.411079354219186,285.49961644049984,0.5212440395158892,4.995942179820317,0.0015820653857230103,negative_hard,10.0,1,1,1,1,1,0,1,1,0,1,2,0,0,0,1,1,0,0,0,0
sim_0041_n3_seed297,297,0.001,3,341.0,1,body_1,3.1163256233840357,1.938542682722356,0.0015554932274014178,0.005101706080701603,7.6435817589435935,60.53232609240502,2,0.8301413333360109,3.6031171907901625,-8.083457362040233,-2.504962037451217e-05,36.802244197312845,-2.3168458921708242e-15,0.8301413333360109,1-2,7,16.55000000000001,16550,,,,,0,7.6435817589435935,55.85635428988247,0.8301413333360109,3.6031171907901625,0.0010430323416474202,negative_baseline,20.0,1,1,1,1,0,1,1,0,0,1,2,0,0,0,1,1,0,0,0,0
sim_0041_n3_seed297,297,0.001,3,341.2,1,body_1,3.1163256233840357,1.938542682722356,0.0010436457789377383,0.002154581365548444,3.158990669958546,10.221180226613649,2,1.2905514273475962,2.4025846468669205,-8.083488836179214,-2.8943366080829967e-05,36.80224419731283,-2.702986874199295e-15,1.2905514273475962,1-2,7,16.75,16750,,,,,0,3.158990669958546,10.029544789065932,1.2905514273475962,2.4025846468669205,0.0006996847835008024,negative_hard,10.0,1,1,1,1,0,1,0,0,0,1,2,0,0,0,1,1,0,0,0,0
sim_0041_n3_seed297,297,0.001,3,342.0,1,body_1,3.1163256233840357,1.938542682722356,0.0012327922965203663,0.00038149132683875585,1.2340494077499458,0.6245876015551822,2,2.0635185476529885,0.9497064406651688,-8.083493931256303,-2.9573691013673334e-05,36.802244197313044,3.089127856227766e-15,2.0635185476529885,1-2,7,17.55000000000001,17550,,,,,0,1.2340494077499458,0.6234698758710446,2.0635185476529885,0.9497064406651688,0.0008264133671177118,negative_baseline,20.0,0,0,0,0,0,0,0,0,0,1,2,0,0,0,1,1,0,0,0,0
sim_0041_n3_seed297,297,0.001,3,342.75,1,body_1,3.1163256233840357,1.938542682722356,0.0010948880693209585,0.0010714109274559316,1.6249119722015657,2.039914776896845,2,1.8003913895307582,1.4455394286937833,-8.083493386548714,-2.9506303853751827e-05,36.80224419731294,1.9307049101423537e-16,1.8003913895307582,1-2,7,18.30000000000001,18300,,,,,0,1.6249119722015657,2.02412168869961,1.8003913895307582,1.4455394286937833,0.0007338947419123801,negative_hard,10.0,0,0,0,1,0,0,0,0,0,1,2,0,0,0,1,1,0,0,0,0
sim_0041_n3_seed297,297,0.001,3,343.0,1,body_1,3.1163256233840357,1.938542682722356,0.0010828360644742016,0.0018034315919609528,2.3907983489323423,5.5089912198313185,2,1.4849045671323042,2.0173364235531412,-8.083491590868253,-2.9284155661227102e-05,36.80224419731297,1.1584229460854121e-15,1.4849045671323042,1-2,7,18.55000000000001,18550,,,,,0,2.3907983489323423,5.4230228395033695,1.4849045671323042,2.0173364235531412,0.0007258635485710163,negative_baseline,20.0,0,0,0,1,1,0,0,0,0,1,2,0,0,0,1,1,0,0,0,0
sim_0041_n3_seed297,297,0.001,3,343.25,1,body_1,3.1163256233840357,1.938542682722356,0.001538027973084502,0.0041187142525200855,5.342800811220544,29.796303607854732,2,0.993571899383191,3.107642134458591,-8.083476499991814,-2.741722499244609e-05,36.80224419731302,2.5099163831850597e-15,0.993571899383191,1-2,7,18.80000000000001,18800,,,,,0,5.342800811220544,28.17113466091582,0.993571899383191,3.107642134458591,0.0010312551432444268,negative_hard,10.0,1,1,1,1,1,0,1,0,0,1,2,0,0,0,1,1,0,0,0,0
sim_0041_n3_seed297,297,0.001,3,343.75,1,body_1,3.1163256233840357,1.938542682722356,0.0016206749647176889,0.004706174994699757,6.053622712025908,38.30410725093854,2,0.9326262322101803,3.280494467745683,-8.08347110429639,-2.674970980146578e-05,36.8022441973131,4.6336917843416485e-15,0.9326262322101803,1-2,7,19.30000000000001,19300,,,,,0,6.053622712025908,36.185455245752394,0.9326262322101803,3.280494467745683,0.0010866061569520817,negative_hard,10.0,1,1,1,1,0,1,1,0,0,1,2,0,0,0,1,1,0,0,0,0
sim_0041_n3_seed297,297,0.001,3,344.0,1,body_1,3.1163256233840357,1.938542682722356,0.0011522322945248028,0.0019915807728655053,2.5133569775369855,6.215133068271912,2,1.446271296571627,2.0911267163893075,-8.083491193173678,-2.9234955854950273e-05,36.80224419731316,6.178255712455532e-15,1.446271296571627,1-2,7,19.55000000000001,19550,,,,,0,2.5133569775369855,6.139874180581651,1.446271296571627,2.0911267163893075,0.0007722829495430202,negative_baseline,20.0,0,0,1,1,0,1,0,0,0,1,2,0,0,0,1,1,0,0,0,0
sim_0041_n3_seed297,297,0.001,3,344.25,1,body_1,3.1163256233840357,1.938542682722356,0.0012170480994110964,0.0011841476839348675,1.6652288231189145,2.2152358353435275,2,1.7759526542845872,1.4896973054767157,-8.08349330666594,-2.9496421352783668e-05,36.802244197313165,6.371326203469767e-15,1.7759526542845872,1-2,7,19.80000000000001,19800,,,,,0,1.6652288231189145,2.204661474052189,1.7759526542845872,1.4896973054767157,0.0008156687625153488,negative_hard,10.0,0,0,0,1,0,0,0,0,0,1,2,0,0,0,1,1,0,0,0,0
sim_0041_n3_seed297,297,0.001,3,345.0,1,body_1,3.1163256233840357,1.938542682722356,0.0014103133980971478,0.00046222935588639423,1.2268619001578567,0.5966391630236343,2,2.069661140334677,0.9366999388865103,-8.083493937972738,-2.9574521920963518e-05,36.80224419731314,5.599044239412826e-15,2.069661140334677,1-2,7,20.55000000000001,20550,,,,,0,1.2268619001578567,0.5945874744898026,2.069661140334677,0.9366999388865103,0.0009451978665413597,negative_baseline,20.0,0,0,0,0,0,0,0,0,0,1,2,0,0,0,1,1,0,0,0,0
sim_0041_n3_seed297,297,0.001,3,345.8,1,body_1,3.1163256233840357,1.938542682722356,0.0013172525807046169,0.002577829214912709,2.950582724837444,8.79800111727483,2,1.3367416321433128,2.3069358041659513,-8.083489678271278,-2.9047543429705022e-05,36.80224419731296,7.722819640569415e-16,1.3367416321433128,1-2,7,21.350000000000023,21350,,,,,0,2.950582724837444,8.60291615728464,1.3367416321433128,2.3069358041659513,0.0008829395374018348,negative_hard,10.0,1,0,1,1,1,0,0,0,0,1,2,0,0,0,1,1,0,0,0,0
sim_0041_n3_seed297,297,0.001,3,346.0,1,body_1,3.1163256233840357,1.938542682722356,0.0019446718008180452,0.005794353585450956,6.556942151979161,44.71745398511283,2,0.8968891552740441,3.3878786370633898,-8.083467023525673,-2.6244867287194893e-05,36.80224419731296,7.722819640569415e-16,0.8968891552740441,1-2,7,21.55000000000001,21550,,,,,0,6.556942151979161,41.47314781964461,0.8968891552740441,3.3878786370633898,0.0013038662264715877,negative_baseline,20.0,1,1,1,1,1,0,1,0,0,1,2,0,0,0,1,1,0,0,0,0
sim_0041_n3_seed297,297,0.001,3,346.3,1,body_1,3.1163256233840357,1.938542682722356,0.003568841964543304,0.026595081968428334,27.613840283420092,661.4957852205529,2,0.43690249083181115,5.583291938000059,-8.083236391118263,2.2872538504131185e-06,36.80224419731317,6.564396694484003e-15,0.43690249083181115,1-2,7,21.850000000000023,21850,,,,,0,27.613840283420092,530.068735114289,0.43690249083181115,5.583291938000059,0.002392870766450834,negative_hard,10.0,1,1,1,1,0,1,1,1,0,1,2,0,0,0,1,1,0,0,0,0
sim_0041_n3_seed297,297,0.001,3,346.8,1,body_1,3.1163256233840357,1.938542682722356,0.0013025383520758947,0.0018625512362334814,2.1035352475821405,4.111278422787343,2,1.5801014159721563,1.8413191504850603,-8.08349235252259,-2.937838185465651e-05,36.80224419731308,4.054480311298943e-15,1.5801014159721563,1-2,7,22.350000000000023,22350,,,,,0,2.1035352475821405,4.076911453075294,1.5801014159721563,1.8413191504850603,0.0008727234443817767,negative_hard,10.0,0,0,0,1,0,1,0,0,0,1,2,0,0,0,1,1,0,0,0,0
sim_0041_n3_seed297,297,0.001,3,347.0,1,body_1,3.1163256233840357,1.938542682722356,0.0013942355010745993,0.0012489371943126691,1.5933128881590195,1.9465003321214025,2,1.8148296445688692,1.4202061964836659,-8.083493427808035,-2.9511408149225313e-05,36.80224419731306,3.4752688382562368e-15,1.8148296445688692,1-2,7,22.55000000000001,22550,,,,,0,1.5933128881590195,1.9382187848306909,1.8148296445688692,1.4202061964836659,0.0009341462749917263,negative_baseline,20.0,0,0,0,1,0,0,0,0,0,1,2,0,0,0,1,1,0,0,0,0
sim_0041_n3_seed297,297,0.001,3,348.0,1,body_1,3.1163256233840357,1.938542682722356,0.0014908914773104677,0.0009700226299747272,1.3888171967262914,1.1904677911891728,2,1.9457726795891948,1.1802896575798654,-8.083493741388997,-2.9550202046826904e-05,36.80224419731308,4.054480311298943e-15,1.9457726795891948,1-2,7,23.55000000000001,23550,,,,,0,1.3888171967262914,1.1837985102814563,1.9457726795891948,1.1802896575798654,0.0009988408225317337,negative_baseline,20.0,0,0,0,0,0,0,0,0,0,1,2,0,0,0,1,1,0,0,0,0
sim_0041_n3_seed297,297,0.001,3,348.35,1,body_1,3.1163256233840357,1.938542682722356,0.0013663966866046381,0.0019596397145688416,2.0715217856722217,3.930846128579557,2,1.5946558117132226,1.814262028162189,-8.083492444091117,-2.9389710029797255e-05,36.80224419731311,4.826762275355884e-15,1.5946558117132226,1-2,7,23.900000000000034,23900,,,,,0,2.0715217856722217,3.882862105703737,1.5946558117132226,1.814262028162189,0.0009154621116075202,negative_hard,10.0,0,0,0,1,1,0,0,0,0,1,2,0,0,0,1,1,0,0,0,0
sim_0041_n3_seed297,297,0.001,3,348.85,1,body_1,3.1163256233840357,1.938542682722356,0.0037791334166706572,0.02513455169074323,23.65560698813875,522.2807608367291,2,0.4721823222687429,5.320130906284924,-8.08326661326403,-1.4516045943058297e-06,36.802244197313236,8.30203111361212e-15,0.4721823222687429,1-2,7,24.400000000000034,24400,,,,,0,23.65560698813875,399.465318553994,0.4721823222687429,5.320130906284924,0.0025338462088603697,negative_hard,10.0,1,1,1,1,1,0,1,1,0,1,2,0,0,0,1,1,0,0,0,0
sim_0041_n3_seed297,297,0.001,3,349.0,1,body_1,3.1163256233840357,1.938542682722356,0.004310995370876607,0.037172897240506916,33.83259094127395,850.0566715419667,2,0.39472165922526453,5.939420308674249,-8.083215921372094,4.819618160740949e-06,36.80224419731319,7.143608167526709e-15,0.39472165922526453,1-2,7,24.55000000000001,24550,,,,,0,33.83259094127395,740.1855361294471,0.39472165922526453,5.939420308674249,0.0028901632709976617,negative_baseline,20.0,1,1,1,1,0,1,1,1,0,1,2,0,0,0,1,1,0,0,0,0
sim_0041_n3_seed297,297,0.001,3,349.35,1,body_1,3.1163256233840357,1.938542682722356,0.0015258178556239862,0.003061225349068223,3.0193770876976544,9.324607211590559,2,1.3191543661392244,2.343288472491119,-8.083489356034583,-2.9007678709488034e-05,36.802244197313286,9.653524550711769e-15,1.3191543661392244,1-2,7,24.900000000000034,24900,,,,,0,3.0193770876976544,9.162617482939234,1.3191543661392244,2.343288472491119,0.0010221570209448234,negative_hard,10.0,1,1,1,1,0,1,0,0,0,1,2,0,0,0,1,1,0,0,0,0
sim_0041_n3_seed297,297,0.001,3,350.0,1,body_1,3.1163256233840357,1.938542682722356,0.0017184978817373223,0.0007683599694095294,1.286038786507459,0.842539116198593,2,2.018485709762145,1.041152673449104,-8.083493864459331,-2.9565427390602586e-05,36.80224419731322,7.91589013158365e-15,2.018485709762145,1-2,7,25.55000000000001,25550,,,,,0,1.286038786507459,0.840789963117783,2.018485709762145,1.041152673449104,0.0011510195330448943,negative_baseline,20.0,0,0,0,0,0,0,0,0,0,1,2,0,0,0,1,1,0,0,0,0
sim_0041_n3_seed297,297,0.001,3,350.90000000000003,1,body_1,3.1163256233840357,1.938542682722356,0.0015623780671580904,0.0015653464349623491,1.643914803635467,2.1272543127570724,2,1.7887511199845283,1.466143525668928,-8.08349334136119,-2.9500713590456912e-05,36.80224419731333,1.081194749679718e-14,1.7887511199845283,1-2,7,26.450000000000045,26450,,,,,0,1.643914803635467,2.11026639786262,1.7887511199845283,1.466143525668928,0.0010462813942090172,negative_hard,10.0,0,0,0,1,0,0,0,0,0,1,2,0,0,0,1,1,0,0,0,0
sim_0041_n3_seed297,297,0.001,3,351.0,1,body_1,3.1163256233840357,1.938542682722356,0.0015253298652751805,0.0019093949901586302,1.8727595072254708,3.0524107232554027,2,1.6764486409219248,1.6666916058616956,-8.083492894118699,-2.9445384085375968e-05,36.80224419731331,1.0232736023754475e-14,1.6764486409219248,1-2,7,26.55000000000001,26550,,,,,0,1.8727595072254708,3.021253244802688,1.6764486409219248,1.6666916058616956,0.0010215148613041515,negative_baseline,20.0,0,0,0,1,1,0,0,0,0,1,2,0,0,0,1,1,0,0,0,0
sim_0041_n3_seed297,297,0.001,3,351.40000000000003,1,body_1,3.1163256233840357,1.938542682722356,0.002253116976674486,0.006256338494288866,5.717900639765441,34.182699608208075,2,0.9604021912045718,3.200015226470557,-8.083473581340925,-2.7056151274933172e-05,36.80224419731321,7.52974914955518e-15,0.9604021912045718,1-2,7,26.950000000000045,26950,,,,,0,5.717900639765441,32.115993161147045,0.9604021912045718,3.200015226470557,0.0015103858683442304,negative_hard,10.0,1,1,1,1,1,0,1,0,0,1,2,0,0,0,1,1,0,0,0,0
sim_0041_n3_seed297,297,0.001,3,351.90000000000003,1,body_1,3.1163256233840357,1.938542682722356,0.0022214203915365003,0.0061826698060212385,5.586339797983242,32.817887331712214,2,0.9703610279851604,3.172117158789711,-8.083474456716504,-2.7164446211971282e-05,36.80224419731345,1.4094145844039182e-14,0.9703610279851604,1-2,7,27.450000000000045,27450,,,,,0,5.586339797983242,31.195743473392856,0.9703610279851604,3.172117158789711,0.0014883272931200636,negative_hard,10.0,1,1,1,1,0,1,1,0,0,1,2,0,0,0,1,1,0,0,0,0
sim_0041_n3_seed297,297,0.001,3,352.0,1,body_1,3.1163256233840357,1.938542682722356,0.0018169584429635266,0.004089883798614579,3.6581610928014006,13.981781382740095,2,1.1984103658076266,2.602407727833126,-8.083486477104653,-2.8651518972736358e-05,36.80224419731347,1.4673357317081887e-14,1.1984103658076266,1-2,7,27.55000000000001,27550,,,,,0,3.6581610928014006,13.636822657744876,1.1984103658076266,2.602407727833126,0.001216854006206231,negative_baseline,20.0,1,1,1,1,0,1,0,0,0,1,2,0,0,0,1,1,0,0,0,0
sim_0041_n3_seed297,297,0.001,3,352.40000000000003,1,body_1,3.1163256233840357,1.938542682722356,0.0017011656595451465,0.0016219575575519402,1.6281825587815506,2.1009760866777887,2,1.7931549875044206,1.4592875417512952,-8.083493354414285,-2.95023284219573e-05,36.802244197313506,1.5638709772153064e-14,1.7931549875044206,1-2,7,27.950000000000045,27950,,,,,0,1.6281825587815506,2.0913800318186433,1.7931549875044206,1.4592875417512952,0.0011386695029769317,negative_hard,10.0,0,0,0,1,0,0,0,0,0,1,2,0,0,0,1,1,0,0,0,0
sim_0041_n3_seed297,297,0.001,3,353.0,1,body_1,3.1163256233840357,1.938542682722356,0.001969249811221936,0.00054712459183937,1.202386808110917,0.5254878461116633,2,2.0862195851047876,0.9019779612478471,-8.083493953835369,-2.9576484327266016e-05,36.80224419731358,1.7569414682295417e-14,2.0862195851047876,1-2,7,28.55000000000001,28550,,,,,0,1.202386808110917,0.5242605781271102,2.0862195851047876,0.9019779612478471,0.0013183089706054123,negative_baseline,20.0,0,0,0,0,0,0,0,0,0,1,2,0,0,0,1,1,0,0,0,0
sim_0041_n3_seed297,297,0.001,3,353.95,1,body_1,3.1163256233840357,1.938542682722356,0.0018256486717566653,0.003646858032927518,3.0497614951517353,9.484393141524356,2,1.3143884890593458,2.3524977880393396,-8.083489231319097,-2.8992249839831376e-05,36.8022441973136,1.8148626155338124e-14,1.3143884890593458,1-2,7,29.5,29500,,,,,0,3.0497614951517353,9.260635634320069,1.3143884890593458,2.3524977880393396,0.0012229582638358491,negative_hard,10.0,1,1,1,1,1,0,0,0,0,1,2,0,0,0,1,1,0,0,0,0
sim_0041_n3_seed297,297,0.001,3,354.0,1,body_1,3.1163256233840357,1.938542682722356,0.0019498507432966865,0.0042614438422670835,3.5603966202436954,13.13931173756327,2,1.2166844619586767,2.5611344143251356,-8.08348697790574,-2.8713474347569295e-05,36.8022441973136,1.8148626155338124e-14,1.2166844619586767,1-2,7,29.55000000000001,29550,,,,,0,3.5603966202436954,12.743321296151324,1.2166844619586767,2.5611344143251356,0.001306456261434993,negative_baseline,20.0,1,1,1,1,1,0,0,0,0,1,2,0,0,0,1,1,0,0,0,0
sim_0041_n3_seed297,297,0.001,3,354.45,1,body_1,3.1163256233840357,1.938542682722356,0.004499069973933881,0.0289792317866888,22.330267056026237,479.71980921005957,2,0.4857761499250442,5.2258116668690295,-8.083274713199032,-2.4536681346137577e-06,36.80224419731374,2.201003597562283e-14,0.4857761499250442,1-2,7,30.0,30000,,,,,0,22.330267056026237,373.5233858106246,0.4857761499250442,5.2258116668690295,0.003014781485999314,negative_hard,10.0,1,1,1,1,0,1,1,1,0,1,2,0,0,0,1,1,0,0,0,0
sim_0041_n3_seed297,297,0.001,3,354.95,1,body_1,3.1163256233840357,1.938542682722356,0.0017726799686957925,0.0024516798036671433,2.037300591416884,3.8520136658479225,2,1.602541467210936,1.800861480062034,-8.083492477970221,-2.939390129983283e-05,36.80224419731366,1.9886260574466244e-14,1.602541467210936,1-2,7,30.5,30500,,,,,0,2.037300591416884,3.8215103143641773,1.602541467210936,1.800861480062034,0.0011855191045395113,negative_hard,10.0,0,0,0,1,0,1,0,0,0,1,2,0,0,0,1,1,0,0,0,0
sim_0041_n3_seed297,297,0.001,3,355.0,1,body_1,3.1163256233840357,1.938542682722356,0.0017938029561039113,0.0022143079284156703,1.879607468838588,3.145943493272608,2,1.6679538633392688,1.6830292847377184,-8.083492844194502,-2.943920783619463e-05,36.802244197313684,2.046547204750895e-14,1.6679538633392688,1-2,7,30.55000000000001,30550,,,,,0,1.879607468838588,3.125211222700194,1.6679538633392688,1.6830292847377184,0.0011996349685586237,negative_baseline,20.0,0,0,0,1,0,1,0,0,0,1,2,0,0,0,1,1,0,0,0,0
sim_0041_n3_seed297,297,0.001,3,356.0,1,body_1,3.1163256233840357,1.938542682722356,0.0020938003337556167,0.0009509359445526292,1.2733619728964796,0.8130739163802586,2,2.026317917560908,1.0247895806214025,-8.083493869367272,-2.956603456441977e-05,36.80224419731377,2.2782317939679774e-14,2.026317917560908,1-2,7,31.55000000000001,31550,,,,,0,1.2733619728964796,0.8093752823841065,2.026317917560908,1.0247895806214025,0.0014005844441055636,negative_baseline,20.0,0,0,0,0,0,0,0,0,0,1,2,0,0,0,1,1,0,0,0,0
sim_0041_n3_seed297,297,0.001,3,356.55,1,body_1,3.1163256233840357,1.938542682722356,0.0018457646561034302,0.0029657217966788025,2.3146070129975995,5.163606825334676,2,1.5073715902022429,1.9745566368680583,-8.08349175064555,-2.9303922116640305e-05,36.80224419731373,2.1816965484608597e-14,1.5073715902022429,1-2,7,32.10000000000002,32100,,,,,0,2.3146070129975995,5.086094193922811,1.5073715902022429,1.9745566368680583,0.001235299139418293,negative_hard,10.0,0,0,0,1,1,0,0,0,0,1,2,0,0,0,1,1,0,0,0,0
sim_0041_n3_seed297,297,0.001,3,357.0,1,body_1,3.1163256233840357,1.938542682722356,0.0053289275229673715,0.040769036127420555,29.040965523011902,733.1411650770334,2,0.4261838348201024,5.669010357285124,-8.083205734950099,6.079806308639665e-06,36.8022441973138,2.3554599903736714e-14,0.4261838348201024,1-2,7,32.55000000000001,32550,,,,,0,29.040965523011902,564.9992270340447,0.4261838348201024,5.669010357285124,0.0035722069549446634,negative_baseline,20.0,1,1,1,1,1,0,1,1,0,1,2,0,0,0,1,1,0,0,0,0
sim_0041_n3_seed297,297,0.001,3,357.05,1,body_1,3.1163256233840357,1.938542682722356,0.0073520430549056486,0.1135326046396798,76.96353232547104,951.0429864148666,2,0.26176986452717405,7.540665698555554,-8.085287771268398,-0.00025149419690142274,36.80224419731379,2.336152941272248e-14,0.26176986452717405,1-2,7,32.60000000000002,32600,,,,,0,76.96353232547104,2500.896731209597,0.26176986452717405,7.540665698555554,0.004927261160707792,negative_hard,10.0,1,1,1,1,1,0,1,1,0,1,2,0,0,0,1,1,0,0,0,0
sim_0041_n3_seed297,297,0.001,3,357.55,1,body_1,3.1163256233840357,1.938542682722356,0.0019473901405247724,0.003409547158933539,2.5410794052159735,6.490967186443494,2,1.43436082907238,2.114504071946427,-8.083490997008475,-2.9210687759224625e-05,36.802244197313975,2.83813621790926e-14,1.43436082907238,1-2,7,33.10000000000002,33100,,,,,0,2.5410794052159735,6.4084784288550924,1.43436082907238,2.114504071946427,0.0013009535770908485,negative_hard,10.0,0,0,1,1,0,1,0,0,0,1,2,0,0,0,1,1,0,0,0,0
sim_0041_n3_seed297,297,0.001,3,358.0,1,body_1,3.1163256233840357,1.938542682722356,0.0021894120323384574,0.0013522105555439862,1.3725815747438266,1.211720066698333,2,1.9455630477799692,1.182617603338253,-8.083493728310705,-2.9548584098064704e-05,36.80224419731399,2.876750316112107e-14,1.9455630477799692,1-2,7,33.55000000000001,33550,,,,,0,1.3725815747438266,1.2083121494351863,1.9455630477799692,1.182617603338253,0.0014629585169967205,negative_baseline,20.0,0,0,0,0,0,0,0,0,0,1,2,0,0,0,1,1,0,0,0,0
sim_0041_n3_seed297,297,0.001,3,359.0,1,body_1,3.1163256233840357,1.938542682722356,0.0020935601748320737,0.001856385160791076,1.5553954028465595,1.8440099005539943,2,1.8330032588482126,1.386031876422124,-8.083493456389572,-2.9514944043807736e-05,36.802244197314074,3.1084349053291894e-14,1.8330032588482126,1-2,7,34.55000000000001,34550,,,,,0,1.5553954028465595,1.8304479272736431,1.8330032588482126,1.386031876422124,0.0013990694046249928,negative_baseline,20.0,0,0,0,1,0,0,0,0,0,1,2,0,0,0,1,1,0,0,0,0
sim_0041_n3_seed297,297,0.001,3,359.15000000000003,1,body_1,3.1163256233840357,1.938542682722356,0.002001917026289001,0.00249964241302583,1.881691054659509,3.146299383617383,2,1.6685762337603303,1.679902666122262,-8.083492825331197,-2.9436874208730787e-05,36.80224419731405,3.050513758024919e-14,1.6685762337603303,1-2,7,34.700000000000045,34700,,,,,0,1.881691054659509,3.1131738921533243,1.6685762337603303,1.679902666122262,0.0013382814228826833,negative_hard,10.0,0,0,0,1,1,0,0,0,0,1,2,0,0,0,1,1,0,0,0,0
sim_0041_n3_seed297,297,0.001,3,359.65000000000003,1,body_1,3.1163256233840357,1.938542682722356,0.004138853645040485,0.018111329959084103,12.636061319929377,164.48053699859267,2,0.646087836609808,4.3284910048198215,-8.083396951798473,-1.7576115869202046e-05,36.8022441973141,3.1856631017348834e-14,0.646087836609808,1-2,7,35.200000000000045,35200,,,,,0,12.636061319929377,137.18217396973017,0.646087836609808,4.3284910048198215,0.002775312151405302,negative_hard,10.0,1,1,1,1,1,0,1,1,0,1,2,0,0,0,1,1,0,0,0,0
sim_0041_n3_seed297,297,0.001,3,360.0,1,body_1,3.1163256233840357,1.938542682722356,0.0031457903653343295,0.009722245347679568,6.866147211433761,49.876927283523536,2,0.8744967682683499,3.4577848909952396,-8.083463098147089,-2.5759248728527776e-05,36.802244197314195,3.4366547400533894e-14,0.8744967682683499,1-2,7,35.55000000000001,35550,,,,,0,6.866147211433761,46.43434909272286,0.8744967682683499,3.4577848909952396,0.0021026526389334534,negative_baseline,20.0,1,1,1,1,0,1,1,0,0,1,2,0,0,0,1,1,0,0,0,0
sim_0041_n3_seed297,297,0.001,3,360.2,1,body_1,3.1163256233840357,1.938542682722356,0.002184510140666529,0.004302688709684583,2.971131156526012,9.211251116820812,2,1.3252332136974097,2.3312136334653895,-8.083489349209922,-2.9006834413245208e-05,36.802244197314174,3.378733592749119e-14,1.3252332136974097,1-2,7,35.75,35750,,,,,0,2.971131156526012,9.050919577189063,1.3252332136974097,2.3312136334653895,0.0014569251599064455,negative_hard,10.0,1,1,1,1,0,1,0,0,0,1,2,0,0,0,1,1,0,0,0,0
sim_0041_n3_seed297,297,0.001,3,360.7,1,body_1,3.1163256233840357,1.938542682722356,0.002382126677660895,0.0014859301892104376,1.3697414625373063,1.2555320753490276,2,1.9397262856490993,1.194947655280142,-8.083493707822749,-2.9546049480942555e-05,36.802244197314124,3.243584249039154e-14,1.9397262856490993,1-2,7,36.25,36250,,,,,0,1.3697414625373063,1.2518951302230732,1.9397262856490993,1.194947655280142,0.0015893311784460297,negative_hard,10.0,0,0,0,0,0,0,0,0,0,1,2,0,0,0,1,1,0,0,0,0
sim_0041_n3_seed297,297,0.001,3,361.0,1,body_1,3.1163256233840357,1.938542682722356,0.002563832579616453,0.0007643064097863771,1.1886024671999882,0.5918123706326857,2,2.079497893536025,0.9193237899750472,-8.08349393140315,-2.9573709180596114e-05,36.802244197314174,3.378733592749119e-14,2.079497893536025,1-2,7,36.55000000000001,36550,,,,,0,1.1886024671999882,0.5907923620207316,2.079497893536025,0.9193237899750472,0.001711285923799065,negative_baseline,20.0,0,0,0,0,0,0,0,0,0,1,2,0,0,0,1,1,0,0,0,0
sim_0041_n3_seed297,297,0.001,3,362.0,1,body_1,3.1163256233840357,1.938542682722356,0.0021608547528153524,0.00354831695835487,2.374408689273473,5.5841696412286685,2,1.4838623996374496,2.0170635420598675,-8.083491464002016,-2.926846071673788e-05,36.802244197314195,3.4366547400533894e-14,1.4838623996374496,1-2,7,37.55000000000001,37550,,,,,0,2.374408689273473,5.494201700034574,1.4838623996374496,2.0170635420598675,0.0014456164654337226,negative_baseline,20.0,0,0,0,1,1,0,0,0,0,1,2,0,0,0,1,1,0,0,0,0
sim_0041_n3_seed297,297,0.001,3,362.15000000000003,1,body_1,3.1163256233840357,1.938542682722356,0.0024400874384456505,0.005362165548052064,3.5815931075669964,13.51208851354621,2,1.2106904809551746,2.572629051761947,-8.083486574051236,-2.8663512480767695e-05,36.8022441973142,3.4559617891548134e-14,1.2106904809551746,1-2,7,37.700000000000045,37700,,,,,0,3.5815931075669964,13.08860291703626,1.2106904809551746,2.572629051761947,0.001635995599082667,negative_hard,10.0,1,1,1,1,1,0,0,0,0,1,2,0,0,0,1,1,0,0,0,0
sim_0041_n3_seed297,297,0.001,3,362.7,1,body_1,3.1163256233840357,1.938542682722356,0.0034880798432708093,0.011364788813613802,7.5704916001408975,60.98962184599152,2,0.8322921615717341,3.595080848911798,-8.083455507337927,-2.4820170439549735e-05,36.80224419731406,3.069820807126342e-14,0.8322921615717341,1-2,7,38.25,38250,,,,,0,7.5704916001408975,56.04752070670886,0.8322921615717341,3.595080848911798,0.002326373982448378,negative_hard,10.0,1,1,1,1,0,1,1,0,0,1,2,0,0,0,1,1,0,0,0,0
sim_0041_n3_seed297,297,0.001,3,363.0,1,body_1,3.1163256233840357,1.938542682722356,0.0022797693959325967,0.0036818593945673384,2.3723312577602194,5.7798773267608015,2,1.4749026624191164,2.0379135572539417,-8.08349136089324,-2.9255704867990805e-05,36.80224419731406,3.069820807126342e-14,1.4749026624191164,1-2,7,38.55000000000001,38550,,,,,0,2.3723312577602194,5.713099619394532,1.4749026624191164,2.0379135572539417,0.001515067296677947,negative_baseline,20.0,0,0,0,1,0,1,0,0,0,1,2,0,0,0,1,1,0,0,0,0
sim_0041_n3_seed297,297,0.001,3,363.2,1,body_1,3.1163256233840357,1.938542682722356,0.0023942137583513783,0.0024184096666407095,1.6728942828365942,2.502956842010235,2,1.7469979786973178,1.5451030896754285,-8.083493140776433,-2.9475898740414347e-05,36.80224419731402,2.9539785125178014e-14,1.7469979786973178,1-2,7,38.75,38750,,,,,0,1.6728942828365942,2.4895188642563246,1.7469979786973178,1.5451030896754285,0.0015925897906267294,negative_hard,10.0,0,0,0,1,0,0,0,0,0,1,2,0,0,0,1,1,0,0,0,0
sim_0041_n3_seed297,297,0.001,3,363.7,1,body_1,3.1163256233840357,1.938542682722356,0.002803325957610015,0.0007970619330579486,1.1554797696839485,0.6077018111929213,2,2.0835271892079112,0.9167572714714489,-8.083493922301678,-2.957258321420159e-05,36.802244197313996,2.896057365213531e-14,2.0835271892079112,1-2,7,39.25,39250,,,,,0,1.1554797696839485,0.6067021079918143,2.0835271892079112,0.9167572714714489,0.0018682983878197611,negative_hard,10.0,0,0,0,0,0,0,0,0,0,1,2,0,0,0,1,1,0,0,0,0
sim_0041_n3_seed297,297,0.001,3,364.0,1,body_1,3.1163256233840357,1.938542682722356,0.0028034771475631648,0.0007993797525080234,1.1442213882009562,0.5501526400259368,2,2.0925566662235795,0.8945037613711166,-8.083493931803824,-2.9573758748904712e-05,36.80224419731399,2.876750316112107e-14,2.0925566662235795,1-2,7,39.55000000000001,39550,,,,,0,1.1442213882009562,0.548291860285203,2.0925566662235795,0.8945037613711166,0.001869030751034036,negative_baseline,20.0,0,0,0,0,0,0,0,0,0,1,2,0,0,0,1,1,0,0,0,0
sim_0041_n3_seed297,297,0.001,3,364.90000000000003,1,body_1,3.1163256233840357,1.938542682722356,0.0026402814793087138,0.006061958298788127,3.8120014089050915,15.683555096722012,2,1.169357577164565,2.662266101036385,-8.08348499496965,-2.8468160285517714e-05,36.80224419731398,2.8574432670106834e-14,1.169357577164565,1-2,7,40.450000000000045,40450,,,,,0,3.8120014089050915,15.125028592606103,1.169357577164565,2.662266101036385,0.0017776449216760214,negative_hard,10.0,1,1,1,1,1,0,0,0,0,1,2,0,0,0,1,1,0,0,0,0
sim_0041_n3_seed297,297,0.001,3,365.0,1,body_1,3.1163256233840357,1.938542682722356,0.003276308953858458,0.009489548969582264,6.068682809144278,39.665171196139276,2,0.9294409948826526,3.284509119951379,-8.083468796293644,-2.6464180917402244e-05,36.802244197313996,2.896057365213531e-14,0.9294409948826526,1-2,7,40.55000000000001,40550,,,,,0,6.068682809144278,36.87423889677062,0.9294409948826526,3.284509119951379,0.002207537433470326,negative_baseline,20.0,1,1,1,1,1,0,1,0,0,1,2,0,0,0,1,1,0,0,0,0
sim_0041_n3_seed297,297,0.001,3,365.25,1,body_1,3.1163256233840357,1.938542682722356,0.009149327271052192,0.1634243342752051,91.55418434012878,1006.1899552776432,2,0.24003541604877401,7.9140924781916855,-8.0860528920049,-0.0003461492273194707,36.802244197313954,2.7802150706049894e-14,0.24003541604877401,1-2,7,40.80000000000001,40800,,,,,0,91.55418434012878,3498.929118777047,0.24003541604877401,7.9140924781916855,0.006116780482305533,negative_hard,8.0,1,1,1,1,0,1,1,1,0,1,2,0,0,0,1,1,0,0,0,0
sim_0041_n3_seed297,297,0.001,3,365.5,1,body_1,3.1163256233840357,1.938542682722356,0.002965122570034949,0.007680402429413003,4.882798290984521,26.258685485230128,2,1.0309564971324874,3.00401896448733,-8.083477898396266,-2.759022516040131e-05,36.8022441973139,2.625758677793601e-14,1.0309564971324874,1-2,7,41.05000000000001,41050,,,,,0,4.882798290984521,25.121324735249665,1.0309564971324874,3.00401896448733,0.0019637907806948638,negative_hard,10.0,1,1,1,1,0,1,1,0,0,1,2,0,0,0,1,1,0,0,0,0
sim_0041_n3_seed297,297,0.001,3,366.0,1,body_1,3.1163256233840357,1.938542682722356,0.0027537419751412573,0.0020934693350956575,1.4454880534719794,1.9553106399818645,2,1.8333034325650388,1.3994504085558503,-8.083493380888818,-2.950560365367802e-05,36.80224419731397,2.8188291688078364e-14,1.8333034325650388,1-2,7,41.55000000000001,41550,,,,,0,1.4454880534719794,1.9472002625561677,1.8333034325650388,1.3994504085558503,0.0018306980665511205,negative_hard,10.0,0,0,0,1,0,0,0,0,0,1,2,0,0,0,1,1,0,0,0,0
sim_0041_n3_seed297,297,0.001,3,366.5,1,body_1,3.1163256233840357,1.938542682722356,0.003101282024684027,0.0006322828266953812,1.0139661849352533,0.5324179146470804,2,2.1166883278599413,0.8779707225927211,-8.083493922991156,-2.9572668511363024e-05,36.80224419731401,2.9346714634163774e-14,2.1166883278599413,1-2,7,42.05000000000001,42050,,,,,0,1.0139661849352533,0.5317018025762787,2.1166883278599413,0.8779707225927211,0.0020697775359161796,negative_hard,10.0,0,0,0,0,0,0,0,0,0,1,2,0,0,0,0,0,0,0,0,0
sim_0041_n3_seed297,297,0.001,3,367.0,1,body_1,3.1163256233840357,1.938542682722356,0.002818968565911956,0.0016598285392587858,1.0795548457635762,0.8127725928212913,2,2.025954933526603,1.052591598161087,-8.083493812123699,-2.9558952816498942e-05,36.802244197314046,3.0312067089234954e-14,2.025954933526603,1-2,7,42.55000000000001,42550,,,,,0,1.0795548457635762,0.8084932592748091,2.025954933526603,1.052591598161087,0.001890387849181871,negative_baseline,20.0,0,0,0,0,0,0,0,0,0,1,2,0,0,0,0,0,0,0,0,0
sim_0041_n3_seed297,297,0.001,3,367.35,1,body_1,3.1163256233840357,1.938542682722356,0.002401670735517404,0.0031062386361148863,1.5293276728486376,2.533679317472591,2,1.7303550606251923,1.5668338873162313,-8.083493060751357,-2.9465998634883154e-05,36.802244197313996,2.896057365213531e-14,1.7303550606251923,1-2,7,42.900000000000034,42900,,,,,0,1.5293276728486376,2.5093792963988655,1.7303550606251923,1.5668338873162313,0.0016284825072176018,negative_hard,10.0,0,0,0,1,1,0,0,0,0,1,2,0,0,0,0,0,0,0,0,0
sim_0041_n3_seed297,297,0.001,3,367.85,1,body_1,3.1163256233840357,1.938542682722356,0.00425059214792389,0.014679773092298308,8.230023207058752,75.01781845882846,2,0.7907382640591293,3.7127224627026965,-8.083445314270694,-2.355916019246593e-05,36.802244197313925,2.702986874199295e-14,0.7907382640591293,1-2,7,43.400000000000034,43400,,,,,0,8.230023207058752,66.83654812022057,0.7907382640591293,3.7127224627026965,0.0029005403490776887,negative_hard,10.0,1,1,1,1,1,0,1,0,0,1,2,0,0,0,1,1,0,0,0,0
sim_0041_n3_seed297,297,0.001,3,368.0,1,body_1,3.1163256233840357,1.938542682722356,0.009147533635193649,0.13511528771042014,72.44033303296729,1168.3712467594537,2,0.26986251629765157,7.396212266080809,-8.083897419172771,-7.949020638770684e-05,36.80224419731395,2.7609080215035657e-14,0.26986251629765157,1-2,7,43.55000000000001,43550,,,,,0,72.44033303296729,2472.08892684941,0.26986251629765157,7.396212266080809,0.006172753231802295,negative_baseline,20.0,1,1,1,1,1,0,1,1,0,1,2,0,0,0,1,1,0,0,0,0
sim_0041_n3_seed297,297,0.001,3,368.45,1,body_1,3.1163256233840357,1.938542682722356,0.0028015366379017244,0.004631953070077293,2.843915198539962,8.364849678814997,2,1.3386918581175489,2.2477967749386347,-8.083489667015519,-2.9046150951160276e-05,36.80224419731392,2.6836798250978717e-14,1.3386918581175489,1-2,7,44.0,44000,,,,,0,2.843915198539962,8.221879357486443,1.3386918581175489,2.2477967749386347,0.0018781860980311021,negative_hard,10.0,1,0,1,1,0,1,0,0,0,1,2,0,0,0,0,0,0,0,0,0
sim_0041_n3_seed297,297,0.001,3,369.0,1,body_1,3.1163256233840357,1.938542682722356,0.0033399030515896063,0.0012568593405810516,1.3378301805620225,0.5833242870291043,2,1.9446288276029047,1.159720669332774,-8.083494047709145,-2.9588097690658167e-05,36.802244197313904,2.6450657268950244e-14,1.9446288276029047,1-2,7,44.55000000000001,44550,,,,,0,1.3378301805620225,0.5803304215953288,1.9446288276029047,1.159720669332774,0.002272035746952364,negative_baseline,20.0,0,0,0,0,0,0,0,0,0,1,2,0,0,0,0,0,0,0,0,0
sim_0041_n3_seed297,297,0.001,3,369.90000000000003,1,body_1,3.1163256233840357,1.938542682722356,0.003410719514460672,0.0037571907287855095,1.6844510650250504,2.4655488712719085,2,1.7836545817874592,1.7016234972755715,-8.083494190632148,-2.9605779058540222e-05,36.80224419731393,2.7222939233007187e-14,1.7836545817874592,1-2,7,45.450000000000045,45450,,,,,0,1.6844510650250504,2.4543353700396997,1.7836545817874592,1.7016234972755715,0.002297453462590926,negative_hard,10.0,0,0,0,1,0,0,0,0,0,1,2,0,0,0,0,0,0,0,0,0
sim_0041_n3_seed297,297,0.001,3,370.0,1,body_1,3.1163256233840357,1.938542682722356,0.003573704635233532,0.004612812738940967,1.8492409094859523,3.204193450932777,2,1.6870343003881596,1.8870037542967468,-8.083494010532753,-2.9583498504773683e-05,36.80224419731397,2.8188291688078364e-14,1.6870343003881596,1-2,7,45.55000000000001,45550,,,,,0,1.8492409094859523,3.1857201546436285,1.6870343003881596,1.8870037542967468,0.002408821827995603,negative_baseline,20.0,0,0,0,1,0,0,0,0,0,1,2,0,0,0,0,0,0,0,0,0
sim_0041_n3_seed297,297,0.001,3,370.40000000000003,1,body_1,3.1163256233840357,1.938542682722356,0.006302103474850186,0.013879791538119335,3.753821780331195,15.06610864726136,2,1.1399921582957095,2.977743623085469,-8.083491915080785,-2.932426481740327e-05,36.80224419731392,2.6836798250978717e-14,1.1399921582957095,1-2,7,45.950000000000045,45950,,,,,0,3.753821780331195,14.847847014298644,1.1399921582957095,2.977743623085469,0.004266193029578063,negative_hard,10.0,1,1,1,1,1,0,1,0,0,1,2,0,0,0,0,0,0,0,0,0
sim_0041_n3_seed297,297,0.001,3,370.7,1,body_1,3.1163256233840357,1.938542682722356,0.013374077888900491,0.05499641637337721,11.26929996098372,80.02130176991865,2,0.66727038358013,4.410156225052981,-8.083541497357189,-3.545821421556181e-05,36.802244197313925,2.702986874199295e-14,0.66727038358013,1-2,7,46.25,46250,,,,,0,11.26929996098372,84.26073401102705,0.66727038358013,4.410156225052981,0.008944500716198206,negative_pre_failure,1.0,1,1,1,1,0,0,1,1,0,1,2,0,0,0,1,1,0,0,0,0
sim_0041_n3_seed297,297,0.001,3,370.75,1,body_1,3.1163256233840357,1.938542682722356,0.014861735615363273,0.06602779504999522,12.840480907349178,90.78863549320336,2,0.6289897301312904,4.576048418720525,-8.08356934300776,-3.890307040109266e-05,36.80224419731393,2.7222939233007187e-14,0.6289897301312904,1-2,7,46.30000000000001,46300,,,,,0,12.840480907349178,98.34056814755174,0.6289897301312904,4.576048418720525,0.00990732324113843,negative_pre_failure,1.0,1,1,1,1,0,0,1,1,0,1,2,0,0,0,1,1,0,0,0,0
sim_0041_n3_seed297,297,0.001,3,370.8,1,body_1,3.1163256233840357,1.938542682722356,0.01601164070330642,0.07243412255607184,13.38637324719091,88.29418435454632,2,0.619772221449927,4.6136314830595575,-8.083577574874354,-3.9921455533967846e-05,36.80224419731394,2.741600972402142e-14,0.619772221449927,1-2,8,0.0,0,0.010637984079200118,46.35000000000002,0.01601164070330642,0.07243412255607184,1,13.38637324719091,101.72267117866572,0.619772221449927,4.6136314830595575,0.010637984079200118,correction,1.0,1,1,1,1,0,0,1,1,0,1,2,0,0,0,1,1,0,0,0,0
sim_0041_n3_seed297,297,0.001,3,371.0,1,body_1,3.1163256233840357,1.938542682722356,2.1698013533061953e-06,1.4384129276288276e-05,7.9372713293559345,44.23337684472412,2,0.8222071877466277,3.8113276446128377,-8.083177789590337,9.536997771447209e-06,36.80224419731291,-5.792114730427061e-16,0.8222071877466277,1-2,8,0.19999999999998863,200,,,,,0,7.9372713293559345,44.41809244694208,0.8222071877466277,3.8113276446128377,1.4612302738763277e-06,negative_baseline,20.0,1,1,1,1,0,1,1,0,0,1,2,0,0,0,1,1,0,0,0,0
sim_0041_n3_seed297,297,0.001,3,371.25,1,body_1,3.1163256233840357,1.938542682722356,5.801021643114341e-06,2.332372585932399e-05,3.742521090932373,11.508127381346267,2,1.2255481320530364,2.8195072620023978,-8.083170854860036,1.0394910877544482e-05,36.80224419731287,-1.544563928113883e-15,1.2255481320530364,1-2,8,0.44999999999998863,450,,,,,0,3.742521090932373,11.424428509051024,1.2255481320530364,2.8195072620023978,3.90206871439246e-06,negative_hard,10.0,1,1,1,1,0,1,1,0,0,1,2,0,0,0,0,0,0,0,0,0
sim_0041_n3_seed297,297,0.001,3,372.0,1,body_1,3.1163256233840357,1.938542682722356,2.6492617166610843e-05,3.482482854526025e-05,1.3692141305942522,1.391964455572224,2,2.0952803424141817,1.684771554368317,-8.083172532872487,1.0187319693576271e-05,36.802244197312966,9.653524550711769e-16,2.0952803424141817,1-2,8,1.1999999999999886,1200,,,,,0,1.3692141305942522,1.3905249569924725,2.0952803424141817,1.684771554368317,1.773696807001264e-05,negative_baseline,20.0,0,0,0,0,0,0,0,0,0,1,2,0,0,0,0,0,0,0,0,0
sim_0041_n3_seed297,297,0.001,3,373.0,1,body_1,3.1163256233840357,1.938542682722356,6.120875291207579e-05,5.096668623413367e-05,0.8857685313354939,0.44478630112538586,2,2.6139350907931913,1.280425705432933,-8.083172655805924,1.0172111285641191e-05,36.80224419731302,2.5099163831850597e-15,2.6139350907931913,1-2,8,2.1999999999999886,2200,,,,,0,0.8857685313354939,0.4446772250909965,2.6139350907931913,1.280425705432933,4.073676142182397e-05,negative_baseline,20.0,0,0,0,0,0,0,0,0,0,1,2,0,0,0,0,0,0,0,0,0
sim_0041_n3_seed297,297,0.001,3,374.0,1,body_1,3.1163256233840357,1.938542682722356,0.00011014401140847938,8.606226447367483e-05,0.8525586046592813,0.4081685922558604,2,2.6290731778688765,1.2926004404405238,-8.083172659627664,1.0171638488553093e-05,36.80224419731308,4.054480311298943e-15,2.6290731778688765,1-2,8,3.1999999999999886,3200,,,,,0,0.8525586046592813,0.4078244456827284,2.6290731778688765,1.2926004404405238,7.347458569420275e-05,negative_baseline,20.0,0,0,0,0,0,0,0,0,0,1,2,0,0,0,0,0,0,0,0,0
sim_0041_n3_seed297,297,0.001,3,375.0,1,body_1,3.1163256233840357,1.938542682722356,0.0002000668960143362,0.0001948798835863391,1.2325940941141962,1.2172614014827516,2,2.1354500939167,1.7385314879940899,-8.083172543398618,1.0186017479154643e-05,36.80224419731312,5.212903257384355e-15,2.1354500939167,1-2,8,4.199999999999989,4200,,,,,0,1.2325940941141962,1.2140913381001193,2.1354500939167,1.7385314879940899,0.0001352698537832056,negative_baseline,20.0,0,0,0,0,0,0,0,0,0,1,2,0,0,0,0,0,0,0,0,0
sim_0041_n3_seed297,297,0.001,3,375.35,1,body_1,3.1163256233840357,1.938542682722356,0.0002568346276743883,0.0003019049852913085,1.6705931412720378,2.4583353495102145,2,1.8144917102942841,2.086222185795433,-8.083172374286498,1.0206938769202122e-05,36.80224419731314,5.599044239412826e-15,1.8144917102942841,1-2,8,4.550000000000011,4550,,,,,0,1.6705931412720378,2.4484082601537045,1.8144917102942841,2.086222185795433,0.0001745346939918076,negative_hard,10.0,0,0,0,1,0,0,0,0,0,1,2,0,0,0,1,1,0,0,0,0
sim_0041_n3_seed297,297,0.001,3,375.85,1,body_1,3.1163256233840357,1.938542682722356,0.0003994306185951066,0.0007673912402562606,3.6055812171426442,10.985389203633234,2,1.2143887173847672,2.9775126679858364,-8.083172952001027,1.0135468236939194e-05,36.802244197313065,3.668339329270472e-15,1.2143887173847672,1-2,8,5.050000000000011,5050,,,,,0,3.6055812171426442,10.934932065735131,1.2143887173847672,2.9775126679858364,0.00027229969642444734,negative_hard,10.0,1,1,1,1,1,0,1,0,0,1,2,0,0,0,1,1,0,0,0,0
sim_0041_n3_seed297,297,0.001,3,376.0,1,body_1,3.1163256233840357,1.938542682722356,0.0004646087482128016,0.0011043324863803797,4.982284072795585,18.884068073069812,2,1.0283653518048466,3.371383471754975,-8.083176795290491,9.660005131826978e-06,36.80224419731306,3.4752688382562368e-15,1.0283653518048466,1-2,8,5.199999999999989,5200,,,,,0,4.982284072795585,18.93552590691327,1.0283653518048466,3.371383471754975,0.0003163947690175973,negative_baseline,20.0,1,1,1,1,1,0,1,0,0,1,2,0,0,0,1,1,0,0,0,0
sim_0041_n3_seed297,297,0.001,3,376.35,1,body_1,3.1163256233840357,1.938542682722356,0.0005633238326217841,0.0016826806027671949,7.0416556616533565,31.50230421975949,2,0.8593746995673859,3.821279662069908,-8.083192419594951,7.727082727080558e-06,36.802244197313044,3.089127856227766e-15,0.8593746995673859,1-2,8,5.550000000000011,5550,,,,,0,7.0416556616533565,32.420229993306066,0.8593746995673859,3.821279662069908,0.0003803392009903005,negative_hard,10.0,1,1,0,1,0,0,1,0,0,1,2,0,0,0,1,1,0,0,0,0
sim_0041_n3_seed297,297,0.001,3,376.85,1,body_1,3.1163256233840357,1.938542682722356,0.0004207037805175438,0.0006654014288183579,2.6266294135586525,6.393314476446296,2,1.4139405079200211,2.6293003149396794,-8.083172219237344,1.0226120294004977e-05,36.80224419731297,1.1584229460854121e-15,1.4139405079200211,1-2,8,6.050000000000011,6050,,,,,0,2.6266294135586525,6.376998727547305,1.4139405079200211,2.6293003149396794,0.0002785367351207672,negative_hard,10.0,0,0,0,1,0,1,0,0,0,1,2,0,0,0,1,1,0,0,0,0
sim_0041_n3_seed297,297,0.001,3,377.0,1,body_1,3.1163256233840357,1.938542682722356,0.00038480207775104595,0.0005305441222653276,2.070986699570154,4.023859938042424,2,1.5981484237166013,2.353251063436038,-8.083172228661919,1.0224954355897287e-05,36.80224419731297,1.1584229460854121e-15,1.5981484237166013,1-2,8,6.199999999999989,6200,,,,,0,2.070986699570154,4.014309766066913,1.5981484237166013,2.353251063436038,0.00025324993508559916,negative_baseline,20.0,0,0,0,1,0,0,0,0,0,1,2,0,0,0,1,1,0,0,0,0
sim_0041_n3_seed297,297,0.001,3,378.0,1,body_1,3.1163256233840357,1.938542682722356,0.000273061566842622,0.00026427590831794865,0.9566421053294091,0.6257833599065327,2,2.397504678749167,1.4383254476818903,-8.083172643975178,1.0173574897309605e-05,36.802244197313044,3.089127856227766e-15,2.397504678749167,1-2,8,7.199999999999989,7200,,,,,0,0.9566421053294091,0.6254634025170901,2.397504678749167,1.4383254476818903,0.00017590258336420695,negative_baseline,20.0,0,0,0,0,0,0,0,0,0,1,2,0,0,0,1,1,0,0,0,0
sim_0041_n3_seed297,297,0.001,3,379.0,1,body_1,3.1163256233840357,1.938542682722356,0.0002884517569064702,0.00027177195059851806,0.8763101592166045,0.4603363004673622,2,2.514531809958656,1.3421929872992195,-8.083172676825708,1.0169510874846225e-05,36.802244197313094,4.4406212933274135e-15,2.514531809958656,1-2,8,8.199999999999989,8200,,,,,0,0.8763101592166045,0.45987445431552815,2.514531809958656,1.3421929872992195,0.00019422854815728336,negative_baseline,20.0,0,0,0,0,0,0,0,0,0,1,2,0,0,0,1,1,0,0,0,0
sim_0041_n3_seed297,297,0.001,3,380.0,1,body_1,3.1163256233840357,1.938542682722356,0.00043006567509165335,0.00048727165988062416,1.3434102834280206,1.5213543299505934,2,2.013871044044009,1.8602012019826395,-8.083172565748022,1.01832525775849e-05,36.802244197313165,6.371326203469767e-15,2.013871044044009,1-2,8,9.199999999999989,9200,,,,,0,1.3434102834280206,1.5171347220591864,2.013871044044009,1.8602012019826395,0.00030188873372152353,negative_baseline,20.0,0,0,0,0,0,0,0,0,0,1,2,0,0,0,1,1,0,0,0,0
sim_0041_n3_seed297,297,0.001,3,380.3,1,body_1,3.1163256233840357,1.938542682722356,0.0005174799027811493,0.0006829692437211753,1.7891872256453296,2.8399914636326185,2,1.7371731506147998,2.1846308192872907,-8.083172474643996,1.0194523288086314e-05,36.802244197313165,6.371326203469767e-15,1.7371731506147998,1-2,8,9.5,9500,,,,,0,1.7891872256453296,2.8292149577259127,1.7371731506147998,2.1846308192872907,0.00036404359536945354,negative_hard,10.0,0,0,0,1,0,0,0,0,0,1,2,0,0,0,1,1,0,0,0,0
sim_0041_n3_seed297,297,0.001,3,380.8,1,body_1,3.1163256233840357,1.938542682722356,0.000766221157149554,0.0015874940844894177,3.8314394928140345,11.689691800836556,2,1.1766772335846913,3.0572100515425524,-8.08317438820841,9.957791372170224e-06,36.802244197313144,5.792114730427061e-15,1.1766772335846913,1-2,8,10.0,10000,,,,,0,3.8314394928140345,11.679545636487687,1.1766772335846913,3.0572100515425524,0.0005336513072980941,negative_hard,10.0,1,1,1,1,0,0,1,0,0,1,2,0,0,0,1,1,0,0,0,0
sim_0041_n3_seed297,297,0.001,3,381.0,1,body_1,3.1163256233840357,1.938542682722356,0.0009018325153981206,0.0023233057164606832,5.445908397661264,20.28059620402372,2,0.983654042761078,3.4846653719833482,-8.083181624736191,9.062542133048827e-06,36.802244197313144,5.792114730427061e-15,0.983654042761078,1-2,8,10.199999999999989,10200,,,,,0,5.445908397661264,20.53078448778515,0.983654042761078,3.4846653719833482,0.0006217520587590962,negative_baseline,20.0,1,1,1,1,0,0,1,0,0,1,2,0,0,0,1,1,0,0,0,0
sim_0041_n3_seed297,297,0.001,3,381.3,1,body_1,3.1163256233840357,1.938542682722356,0.0009828211810033393,0.0025901030620498447,5.845582279399465,22.658402901396695,2,0.945575531719225,3.5834390067248654,-8.083184926953537,8.654016434553863e-06,36.802244197313115,5.019832766370119e-15,0.945575531719225,1-2,8,10.5,10500,,,,,0,5.845582279399465,23.097645961989674,0.945575531719225,3.5834390067248654,0.0006632682295530088,negative_hard,10.0,1,1,0,1,0,0,1,0,0,1,2,0,0,0,1,1,0,0,0,0
sim_0041_n3_seed297,297,0.001,3,381.8,1,body_1,3.1163256233840357,1.938542682722356,0.0007718548301380434,0.0011393035606128313,2.4598146075910923,5.566252818787279,2,1.4559485531872838,2.571843179340757,-8.083172562061987,1.0183708586289757e-05,36.80224419731302,2.5099163831850597e-15,1.4559485531872838,1-2,8,11.0,11000,,,,,0,2.4598146075910923,5.557852700199161,1.4559485531872838,2.571843179340757,0.0005038052671501584,negative_hard,10.0,0,0,0,1,0,0,0,0,0,1,2,0,0,0,1,1,0,0,0,0
sim_0041_n3_seed297,297,0.001,3,382.0,1,body_1,3.1163256233840357,1.938542682722356,0.00069808423156469,0.0008720828968386079,1.8606687078256763,3.2385906822152486,2,1.6773360976641558,2.255088043090758,-8.08317245338041,1.0197153860394617e-05,36.80224419731297,1.1584229460854121e-15,1.6773360976641558,1-2,8,11.199999999999989,11200,,,,,0,1.8606687078256763,3.2334305120137588,1.6773360976641558,2.255088043090758,0.00045102118060162384,negative_baseline,20.0,0,0,0,1,0,0,0,0,0,1,2,0,0,0,1,1,0,0,0,0
sim_0041_n3_seed297,297,0.001,3,383.0,1,body_1,3.1163256233840357,1.938542682722356,0.0005063284643486845,0.0004624168304972081,0.9443292589035747,0.61378889378173,2,2.3868053943023253,1.4508656339726338,-8.08317266261037,1.0171269490459817e-05,36.80224419731299,1.544563928113883e-15,2.3868053943023253,1-2,8,12.199999999999989,12200,,,,,0,0.9443292589035747,0.6134921969706246,2.3868053943023253,1.4508656339726338,0.0003224105567806379,negative_baseline,20.0,0,0,0,0,0,0,0,0,0,1,2,0,0,0,1,1,0,0,0,0
sim_0041_n3_seed297,297,0.001,3,384.0,1,body_1,3.1163256233840357,1.938542682722356,0.000496923696751986,0.00047381399191184786,0.9144748714881941,0.5368736940069004,2,2.4393441885336404,1.4084328427132995,-8.083172679099402,1.0169229590369149e-05,36.80224419731296,7.722819640569415e-16,2.4393441885336404,1-2,8,13.199999999999989,13200,,,,,0,0.9144748714881941,0.5362511052624395,2.4393441885336404,1.4084328427132995,0.00033818089176448527,negative_baseline,20.0,0,0,0,0,0,0,0,0,0,1,2,0,0,0,1,1,0,0,0,0
sim_0041_n3_seed297,297,0.001,3,385.0,1,body_1,3.1163256233840357,1.938542682722356,0.0006948862111197093,0.0008776511410909275,1.5488483436528466,2.079080371251586,2,1.8658225331767107,2.0273785108368156,-8.083172564323085,1.0183428860113953e-05,36.802244197313094,4.4406212933274135e-15,1.8658225331767107,1-2,8,14.199999999999989,14200,,,,,0,1.5488483436528466,2.072685635897894,1.8658225331767107,2.0273785108368156,0.0005020825038968581,negative_baseline,20.0,0,0,0,0,0,0,0,0,0,1,2,0,0,0,1,1,0,0,0,0
sim_0041_n3_seed297,297,0.001,3,385.15000000000003,1,body_1,3.1163256233840357,1.938542682722356,0.0007567718912083291,0.0010403816580562856,1.806639132442099,2.8705120309050014,2,1.7249683235002289,2.2003698909833416,-8.083172545836868,1.0185715836991093e-05,36.802244197313044,3.089127856227766e-15,1.7249683235002289,1-2,8,14.350000000000023,14350,,,,,0,1.806639132442099,2.86045285205686,1.7249683235002289,2.2003698909833416,0.000547658512487047,negative_hard,10.0,0,0,0,1,0,0,0,0,0,1,2,0,0,0,1,1,0,0,0,0
sim_0041_n3_seed297,297,0.001,3,385.65000000000003,1,body_1,3.1163256233840357,1.938542682722356,0.0010829671525428354,0.00227385751987119,3.734934728908532,10.936258308611345,2,1.192290678732234,3.028186096849054,-8.08317463134838,9.927711908856808e-06,36.80224419731312,5.212903257384355e-15,1.192290678732234,1-2,8,14.850000000000023,14850,,,,,0,3.734934728908532,10.936531381557458,1.192290678732234,3.028186096849054,0.000772983309411759,negative_hard,10.0,1,1,0,1,0,0,1,0,0,1,2,0,0,0,1,1,0,0,0,0
sim_0041_n3_seed297,297,0.001,3,386.0,1,body_1,3.1163256233840357,1.938542682722356,0.0013564398362850396,0.0036717276210435274,5.812782709167953,21.450550510158205,2,0.9513712981888515,3.567927597530315,-8.083185800140892,8.545992208135274e-06,36.802244197313044,3.089127856227766e-15,0.9513712981888515,1-2,8,15.199999999999989,15200,,,,,0,5.812782709167953,21.879053858951647,0.9513712981888515,3.567927597530315,0.0009398236507466783,negative_baseline,20.0,1,1,0,1,0,0,1,0,0,1,2,0,0,0,1,1,0,0,0,0
sim_0041_n3_seed297,297,0.001,3,386.15000000000003,1,body_1,3.1163256233840357,1.938542682722356,0.0013774614627718926,0.00352324713113141,5.495898857948118,20.00982970078495,2,0.9765543920337705,3.5042607719262238,-8.083183478323013,8.833230197519814e-06,36.8022441973131,4.6336917843416485e-15,0.9765543920337705,1-2,8,15.350000000000023,15350,,,,,0,5.495898857948118,20.357744099281796,0.9765543920337705,3.5042607719262238,0.0009391029019763405,negative_hard,10.0,1,1,0,1,0,0,1,0,0,1,2,0,0,0,1,1,0,0,0,0
sim_0041_n3_seed297,297,0.001,3,386.65000000000003,1,body_1,3.1163256233840357,1.938542682722356,0.00113207558301363,0.001659580999447924,2.4820318857638437,5.600539213483307,2,1.446952532853173,2.5882634237424154,-8.08317276251448,1.0158910099179683e-05,36.80224419731302,2.5099163831850597e-15,1.446952532853173,1-2,8,15.850000000000023,15850,,,,,0,2.4820318857638437,5.595269884834142,1.446952532853173,2.5882634237424154,0.0007366947053648846,negative_hard,10.0,0,0,0,1,0,0,0,0,0,1,2,0,0,0,1,1,0,0,0,0
sim_0041_n3_seed297,297,0.001,3,387.0,1,body_1,3.1163256233840357,1.938542682722356,0.0009753214330110502,0.0010893233657167545,1.5968642956419763,2.3653210567220886,2,1.8059587657489922,2.093853297401938,-8.083172546795913,1.0185597191171589e-05,36.80224419731301,2.1237754011565892e-15,1.8059587657489922,1-2,8,16.19999999999999,16200,,,,,0,1.5968642956419763,2.362541530558738,1.8059587657489922,2.093853297401938,0.0006209092896799826,negative_baseline,20.0,0,0,0,1,0,0,0,0,0,1,2,0,0,0,1,1,0,0,0,0
sim_0041_n3_seed297,297,0.001,3,388.0,1,body_1,3.1163256233840357,1.938542682722356,0.000749023690502845,0.0006479485152444622,0.9199811531632437,0.5686472007738338,2,2.406347644350166,1.4315247627496006,-8.083172676734224,1.0169522192583318e-05,36.802244197313016,2.3168458921708242e-15,2.406347644350166,1-2,8,17.19999999999999,17200,,,,,0,0.9199811531632437,0.5683744654359936,2.406347644350166,1.4315247627496006,0.00047275498891933144,negative_baseline,20.0,0,0,0,0,0,0,0,0,0,1,2,0,0,0,1,1,0,0,0,0
sim_0041_n3_seed297,297,0.001,3,389.0,1,body_1,3.1163256233840357,1.938542682722356,0.0007353966004705626,0.0006993251718049068,0.9640951907970802,0.6351735942558105,2,2.3668789658057796,1.4781355256230675,-8.083172675894314,1.0169626099918645e-05,36.80224419731304,2.8960573652135305e-15,2.3668789658057796,1-2,8,18.19999999999999,18200,,,,,0,0.9640951907970802,0.6343086095143547,2.3668789658057796,1.4781355256230675,0.0005042439337928004,negative_baseline,20.0,0,0,0,0,0,0,0,0,0,1,2,0,0,0,1,1,0,0,0,0
sim_0041_n3_seed297,297,0.001,3,389.90000000000003,1,body_1,3.1163256233840357,1.938542682722356,0.0009563065523218627,0.0012729990618468706,1.6703033666846203,2.4225017084872724,2,1.7944075253776217,2.113229918659737,-8.083172582157847,1.0181222476486426e-05,36.80224419731297,1.1584229460854121e-15,1.7944075253776217,1-2,8,19.100000000000023,19100,,,,,0,1.6703033666846203,2.4148645106018627,1.7944075253776217,2.113229918659737,0.0007059625036493934,negative_hard,10.0,0,0,0,1,0,0,0,0,0,1,2,0,0,0,1,1,0,0,0,0
sim_0041_n3_seed297,297,0.001,3,390.0,1,body_1,3.1163256233840357,1.938542682722356,0.001005923426326569,0.0014270225447978316,1.858597116532238,3.015180984188378,2,1.6998175059685954,2.2329345356291506,-8.083172587805219,1.018052382570383e-05,36.80224419731297,1.1584229460854121e-15,1.6998175059685954,1-2,8,19.19999999999999,19200,,,,,0,1.858597116532238,3.0049792848353363,1.6998175059685954,2.2329345356291506,0.0007450087330330618,negative_baseline,20.0,0,0,0,1,0,0,0,0,0,1,2,0,0,0,1,1,0,0,0,0
sim_0041_n3_seed297,297,0.001,3,390.40000000000003,1,body_1,3.1163256233840357,1.938542682722356,0.001295062450403643,0.002564980204521421,3.232887668439012,8.446204184690561,2,1.2838403339199185,2.8594085583403843,-8.0831737246569,1.0039881015576565e-05,36.80224419731298,1.3514934370996475e-15,1.2838403339199185,1-2,8,19.600000000000023,19600,,,,,0,3.232887668439012,8.432540529438263,1.2838403339199185,2.8594085583403843,0.0009563936182769623,negative_hard,10.0,1,0,0,1,0,0,1,0,0,1,2,0,0,0,1,1,0,0,0,0
sim_0041_n3_seed297,297,0.001,3,390.90000000000003,1,body_1,3.1163256233840357,1.938542682722356,0.0017250928724001687,0.0046214127600259095,5.573740121167367,19.85817529691327,2,0.9718161857599155,3.5158924276559373,-8.083184580859722,8.696832579794412e-06,36.80224419731293,0.0,0.9718161857599155,1-2,8,20.100000000000023,20100,,,,,0,5.573740121167367,20.230097198666602,0.9718161857599155,3.5158924276559373,0.0012151617797984669,negative_hard,10.0,1,1,0,1,0,0,1,0,0,1,2,0,0,0,1,1,0,0,0,0
sim_0041_n3_seed297,297,0.001,3,391.0,1,body_1,3.1163256233840357,1.938542682722356,0.0017298479050195622,0.004362645349922993,5.21393582074766,18.206374382625462,2,1.0033644476567671,3.438183810451331,-8.083182049306565,9.010017453343634e-06,36.802244197312966,9.653524550711769e-16,1.0033644476567671,1-2,8,20.19999999999999,20200,,,,,0,5.21393582074766,18.486053895627784,1.0033644476567671,3.438183810451331,0.0012020505755802652,negative_baseline,20.0,1,1,0,1,0,0,1,0,0,1,2,0,0,0,1,1,0,0,0,0
sim_0041_n3_seed297,297,0.001,3,391.40000000000003,1,body_1,3.1163256233840357,1.938542682722356,0.0015244390134188932,0.002444274898451916,2.816446808270529,6.979607080163539,2,1.356953991659144,2.7342276200756843,-8.083173212696552,1.0103216931061159e-05,36.802244197312945,3.8614098202847074e-16,1.356953991659144,1-2,8,20.600000000000023,20600,,,,,0,2.816446808270529,6.980311742927005,1.356953991659144,2.7342276200756843,0.0010082861937371038,negative_hard,10.0,1,0,0,1,0,0,0,0,0,1,2,0,0,0,1,1,0,0,0,0
sim_0041_n3_seed297,297,0.001,3,391.90000000000003,1,body_1,3.1163256233840357,1.938542682722356,0.001269514580756867,0.0013450636214462348,1.495477993852125,2.094689688578504,2,1.8567160224773411,2.0352769234003176,-8.08317258528967,1.0180835030620134e-05,36.80224419731306,3.4752688382562368e-15,1.8567160224773411,1-2,8,21.100000000000023,21100,,,,,0,1.495477993852125,2.0926004426879077,1.8567160224773411,2.0352769234003176,0.0008055820504164648,negative_hard,10.0,0,0,0,1,0,0,0,0,0,1,2,0,0,0,1,1,0,0,0,0
sim_0041_n3_seed297,297,0.001,3,392.0,1,body_1,3.1163256233840357,1.938542682722356,0.0012316228167789385,0.0012378544625948882,1.3689257948604,1.7272623779471328,2,1.9412076485351561,1.935428992182605,-8.083172598744062,1.0179170553676225e-05,36.802244197313065,3.668339329270472e-15,1.9412076485351561,1-2,8,21.19999999999999,21200,,,,,0,1.3689257948604,1.7257240675015464,1.9412076485351561,1.935428992182605,0.000777090300998812,negative_baseline,20.0,0,0,0,0,0,0,0,0,0,1,2,0,0,0,1,1,0,0,0,0
sim_0041_n3_seed297,297,0.001,3,393.0,1,body_1,3.1163256233840357,1.938542682722356,0.0010157988905898905,0.0008297491118347619,0.8920791833979943,0.5247902473425345,2,2.4314613441390738,1.4049133834190377,-8.0831726832882,1.0168711383445864e-05,36.80224419731291,-5.792114730427061e-16,2.4314613441390738,1-2,8,22.19999999999999,22200,,,,,0,0.8920791833979943,0.5245124365898249,2.4314613441390738,1.4049133834190377,0.0006376380315142707,negative_baseline,20.0,0,0,0,0,0,0,0,0,0,1,2,0,0,0,1,1,0,0,0,0
sim_0041_n3_seed297,297,0.001,3,394.0,1,body_1,3.1163256233840357,1.938542682722356,0.0010293807084955418,0.0009631433744698725,1.0277378210614676,0.7691069886747893,2,2.2876115326795072,1.5549586917463392,-8.083172661929844,1.0171353680042853e-05,36.80224419731299,1.544563928113883e-15,2.2876115326795072,1-2,8,23.19999999999999,23200,,,,,0,1.0277378210614676,0.7678418756161882,2.2876115326795072,1.5549586917463392,0.000706388330019163,negative_baseline,20.0,0,0,0,0,0,0,0,0,0,1,2,0,0,0,1,1,0,0,0,0
sim_0041_n3_seed297,297,0.001,3,395.0,1,body_1,3.1163256233840357,1.938542682722356,0.0013947740309748883,0.0022734057963483584,2.3576350163463666,4.76488677730949,2,1.5088596366255673,2.4975072920169348,-8.083172733134244,1.0162544802720691e-05,36.802244197313,1.9307049101423538e-15,1.5088596366255673,1-2,8,24.19999999999999,24200,,,,,0,2.3576350163463666,4.748256040051327,1.5088596366255673,2.4975072920169348,0.0010546019837814734,negative_baseline,20.0,0,0,0,1,0,0,0,0,0,1,2,0,0,0,1,1,0,0,0,0
sim_0041_n3_seed297,297,0.001,3,395.1,1,body_1,3.1163256233840357,1.938542682722356,0.0014723407125929954,0.00264135697280796,2.7239396588605285,6.21405175824397,2,1.4026154686795964,2.660880347861811,-8.083173012276513,1.0128011403419308e-05,36.80224419731301,2.1237754011565892e-15,1.4026154686795964,1-2,8,24.30000000000001,24300,,,,,0,2.7239396588605285,6.195168945358839,1.4026154686795964,2.660880347861811,0.0011177422346804662,negative_hard,10.0,0,0,0,1,0,0,0,0,0,1,2,0,0,0,1,1,0,0,0,0
sim_0041_n3_seed297,297,0.001,3,395.6,1,body_1,3.1163256233840357,1.938542682722356,0.0019613977210631286,0.005513623088014263,5.493240979901766,19.275315686699766,2,0.9822549361151384,3.4903089924222392,-8.08318372935237,8.80217471788433e-06,36.802244197313016,2.3168458921708242e-15,0.9822549361151384,1-2,8,24.80000000000001,24800,,,,,0,5.493240979901766,19.600229445735582,0.9822549361151384,3.4903089924222392,0.001462910119132071,negative_hard,10.0,1,1,0,1,0,0,1,0,0,1,2,0,0,0,1,1,0,0,0,0
sim_0041_n3_seed297,297,0.001,3,396.0,1,body_1,3.1163256233840357,1.938542682722356,0.0019423676629569775,0.004166312890418794,3.997693411415898,12.32929125703797,2,1.1430137179878497,3.1278229921946052,-8.08317594377225,9.765348617031095e-06,36.802244197313094,4.4406212933274135e-15,1.1430137179878497,1-2,8,25.19999999999999,25200,,,,,0,3.997693411415898,12.396858397469579,1.1430137179878497,3.1278229921946052,0.0013683164911703599,negative_baseline,20.0,1,1,1,1,0,0,1,0,0,1,2,0,0,0,1,1,0,0,0,0
sim_0041_n3_seed297,297,0.001,3,396.1,1,body_1,3.1163256233840357,1.938542682722356,0.0018803647109725946,0.0035584688977789315,3.3759637384848684,9.46304124731396,2,1.2405648813161871,2.9385463489142953,-8.083174194374692,9.981771034044206e-06,36.80224419731306,3.4752688382562368e-15,1.2405648813161871,1-2,8,25.30000000000001,25300,,,,,0,3.3759637384848684,9.483453848099542,1.2405648813161871,2.9385463489142953,0.0013053729923011657,negative_hard,10.0,1,1,0,1,0,0,1,0,0,1,2,0,0,0,1,1,0,0,0,0
sim_0041_n3_seed297,297,0.001,3,396.6,1,body_1,3.1163256233840357,1.938542682722356,0.0016042152592811482,0.001832005172130521,1.6399044187448726,2.6657802027181354,2,1.7555286271672836,2.165939116324258,-8.083172583160145,1.0181098479568919e-05,36.802244197313044,3.089127856227766e-15,1.7555286271672836,1-2,8,25.80000000000001,25800,,,,,0,1.6399044187448726,2.662983666107557,1.7555286271672836,2.165939116324258,0.0010499044741733654,negative_hard,10.0,0,0,0,1,0,0,0,0,0,1,2,0,0,0,1,1,0,0,0,0
sim_0041_n3_seed297,297,0.001,3,397.0,1,body_1,3.1163256233840357,1.938542682722356,0.0014655371866502812,0.001333299344770133,1.1464698729674616,1.2644179414886543,2,2.0866789923513056,1.7806873069389133,-8.083172626851583,1.0175693300754939e-05,36.802244197313044,3.089127856227766e-15,2.0866789923513056,1-2,8,26.19999999999999,26200,,,,,0,1.1464698729674616,1.263573790744178,2.0866789923513056,1.7806873069389133,0.0009311056761089154,negative_baseline,20.0,0,0,0,0,0,0,0,0,0,1,2,0,0,0,1,1,0,0,0,0
sim_0041_n3_seed297,297,0.001,3,398.0,1,body_1,3.1163256233840357,1.938542682722356,0.0013309122877234346,0.001019598001878647,0.8305494020932925,0.47603098655913223,2,2.47643986627602,1.3574319600851115,-8.083172678695078,1.0169279610279651e-05,36.802244197313016,2.3168458921708242e-15,2.47643986627602,1-2,8,27.19999999999999,27200,,,,,0,0.8305494020932925,0.4757440132077905,2.47643986627602,1.3574319600851115,0.0008372175405842354,negative_baseline,20.0,0,0,0,0,0,0,0,0,0,1,2,0,0,0,0,0,0,0,0,0
sim_0041_n3_seed297,297,0.001,3,399.0,1,body_1,3.1163256233840357,1.938542682722356,0.001463814810307901,0.001300470577023867,1.0729986549836577,0.9079423157975625,2,2.2242031594238214,1.6034042938425832,-8.083172610198437,1.0177753503812435e-05,36.802244197312966,9.653524550711769e-16,2.2242031594238214,1-2,8,28.19999999999999,28200,,,,,0,1.0729986549836577,0.9059869759500888,2.2242031594238214,1.6034042938425832,0.0009881344037792343,negative_baseline,20.0,0,0,0,0,0,0,0,0,0,1,2,0,0,0,1,1,0,0,0,0
sim_0041_n3_seed297,297,0.001,3,399.6,1,body_1,3.1163256233840357,1.938542682722356,0.0017237943129732173,0.0021145307652229712,1.7899286540824706,2.85557631389158,2,1.7341826482062903,2.1756141027736704,-8.083172411558369,1.0202327771345659e-05,36.80224419731297,1.1584229460854121e-15,1.7341826482062903,1-2,8,28.80000000000001,28800,,,,,0,1.7899286540824706,2.8437680440013287,1.7341826482062903,2.1756141027736704,0.0012406066146881123,negative_hard,10.0,0,0,0,1,0,0,0,0,0,1,2,0,0,0,1,1,0,0,0,0
sim_0041_n3_seed297,297,0.001,3,400.0,1,body_1,3.1163256233840357,1.938542682722356,0.002031243403695623,0.003874063636133997,3.3132060544597675,9.063631139047915,2,1.2750502394376972,2.8744865832003237,-8.08317309200978,1.0118147398351083e-05,36.80224419731304,2.8960573652135305e-15,1.2750502394376972,1-2,8,29.19999999999999,29200,,,,,0,3.3132060544597675,9.029894281999113,1.2750502394376972,2.8744865832003237,0.001535020984018212,negative_baseline,20.0,1,0,0,1,1,0,1,0,0,1,2,0,0,0,1,1,0,0,0,0
sim_0041_n3_seed297,297,0.001,3,400.1,1,body_1,3.1163256233840357,1.938542682722356,0.0021279516831659603,0.004697994519534928,4.0205937385739405,12.573391329795653,2,1.1568128687748696,3.101207020967816,-8.083174478584835,9.946610675048487e-06,36.80224419731301,2.1237754011565892e-15,1.1568128687748696,1-2,8,29.30000000000001,29300,,,,,0,4.0205937385739405,12.561728101534102,1.1568128687748696,3.101207020967816,0.0016284040422639104,negative_hard,10.0,1,1,1,1,1,0,1,0,0,1,2,0,0,0,1,1,0,0,0,0
sim_0041_n3_seed297,297,0.001,3,400.6,1,body_1,3.1163256233840357,1.938542682722356,0.0022567649275850843,0.0070643186457755615,6.017189420086151,23.298914870736308,2,0.9404699531265955,3.5949776312976702,-8.083184660308913,8.687003718584243e-06,36.80224419731284,-2.5099163831850597e-15,0.9404699531265955,1-2,8,29.80000000000001,29800,,,,,0,6.017189420086151,23.74185105027003,0.9404699531265955,3.5949776312976702,0.0017913607532892876,negative_hard,10.0,1,1,1,1,0,0,1,0,0,1,2,0,0,0,1,1,0,0,0,0
sim_0041_n3_seed297,297,0.001,3,401.0,1,body_1,3.1163256233840357,1.938542682722356,0.0018405806041101134,0.0034594204972780485,2.8084655476925633,7.186059989926381,2,1.355526055983154,2.7319711041357637,-8.083172683443843,1.0168692128503117e-05,36.80224419731281,-3.2821983472420013e-15,1.355526055983154,1-2,8,30.19999999999999,30200,,,,,0,2.8084655476925633,7.17772518525185,1.355526055983154,2.7319711041357637,0.001421843043201927,negative_baseline,20.0,0,0,0,1,0,0,0,0,0,1,2,0,0,0,1,1,0,0,0,0
sim_0041_n3_seed297,297,0.001,3,401.1,1,body_1,3.1163256233840357,1.938542682722356,0.0017692068563824124,0.0029442554293349016,2.3435698458553476,5.315178858958952,2,1.4732577128725695,2.5481896945228066,-8.08317244052549,1.0198744175295606e-05,36.80224419731276,-4.6336917843416485e-15,1.4732577128725695,1-2,8,30.30000000000001,30300,,,,,0,2.3435698458553476,5.306579685185777,1.4732577128725695,2.5481896945228066,0.0013527075206428308,negative_hard,10.0,0,0,0,1,0,0,0,0,0,1,2,0,0,0,1,1,0,0,0,0
sim_0041_n3_seed297,297,0.001,3,401.6,1,body_1,3.1163256233840357,1.938542682722356,0.0015856190704065026,0.0016418281059377819,1.1378535373134986,1.671134120909867,2,1.988688991136663,1.9229835467885206,-8.083172497254747,1.0191726054676997e-05,36.8022441973128,-3.4752688382562368e-15,1.988688991136663,1-2,8,30.80000000000001,30800,,,,,0,1.1378535373134986,1.6697505582770826,1.988688991136663,1.9229835467885206,0.001152813636559365,negative_hard,10.0,0,0,0,0,0,0,0,0,0,1,2,0,0,0,0,0,0,0,0,0
sim_0041_n3_seed297,297,0.001,3,402.0,1,body_1,3.1163256233840357,1.938542682722356,0.001540720843531856,0.0012412024492037326,0.7096279711191816,0.9572527703092579,2,2.300008193446449,1.6477685873792902,-8.083172569545097,1.0182782831831331e-05,36.80224419731283,-2.702986874199295e-15,2.300008193446449,1-2,8,31.19999999999999,31200,,,,,0,0.7096279711191816,0.9569390853125836,2.300008193446449,1.6477685873792902,0.0010884631373551169,negative_baseline,20.0,0,0,0,0,0,0,0,0,0,1,2,0,0,0,0,0,0,0,0,0
sim_0041_n3_seed297,297,0.001,3,402.1,1,body_1,3.1163256233840357,1.938542682722356,0.0015343200915623272,0.0011810959723255212,0.6293778657016706,0.8714712441706532,2,2.3658081412260725,1.5979261013401522,-8.083172576501148,1.0181922280996518e-05,36.80224419731286,-1.9307049101423538e-15,2.3658081412260725,1-2,8,31.30000000000001,31300,,,,,0,0.6293778657016706,0.8712299710863508,2.3658081412260725,1.5979261013401522,0.001078363893781959,negative_hard,10.0,0,0,0,0,0,0,0,0,0,1,2,0,0,0,0,0,0,0,0,0
sim_0041_n3_seed297,297,0.001,3,402.6,1,body_1,3.1163256233840357,1.938542682722356,0.0015044434631854707,0.0010485086894713284,0.28725739868812583,0.7331223479372962,2,2.641910114868854,1.4206868474888354,-8.08317256389237,1.0183482144963388e-05,36.802244197312866,-1.7376344191281184e-15,2.641910114868854,1-2,8,31.80000000000001,31800,,,,,0,0.28725739868812583,0.7327113499756608,2.641910114868854,1.4206868474888354,0.0010413534433139386,negative_hard,10.0,0,0,0,0,0,0,0,0,0,1,2,0,0,0,0,0,0,0,0,0
sim_0041_n3_seed297,297,0.001,3,403.0,1,body_1,3.1163256233840357,1.938542682722356,0.0014722591988370801,0.0011435494390423186,0.1364976157422753,0.9613589614419336,2,2.826526915684783,1.3346314937110142,-8.08317248319561,1.0193465346124192e-05,36.80224419731282,-3.089127856227766e-15,2.826526915684783,1-2,8,32.19999999999999,32200,,,,,0,0.1364976157422753,0.9598505788046849,2.826526915684783,1.3346314937110142,0.0010157895651281273,negative_baseline,20.0,0,0,0,0,0,0,0,0,0,1,2,0,0,0,0,0,0,0,0,0
sim_0041_n3_seed297,297,0.001,3,403.1,1,body_1,3.1163256233840357,1.938542682722356,0.0014642005835499123,0.0012020972521598905,0.20094502443221096,1.0915127291787727,0,2.7189819919459577,1.8810830575431083,-8.083172444595213,1.0198240699384738e-05,36.80224419731278,-4.054480311298943e-15,2.7189819919459577,0-1,8,32.30000000000001,32300,,,,,0,0.20094502443221096,1.0894003191566437,2.7189819919459577,1.8810830575431083,0.0010099025751902522,negative_hard,10.0,0,0,0,0,1,0,0,0,0,1,2,0,0,0,0,0,0,0,0,0
sim_0041_n3_seed297,297,0.001,3,403.6,1,body_1,3.1163256233840357,1.938542682722356,0.0014753393161246642,0.0018568564570196375,1.0133500168228824,2.9585630995345684,0,1.978622628876315,2.3417182038766517,-8.08317192206269,1.0262884525628182e-05,36.8022441973128,-3.4752688382562368e-15,1.978622628876315,0-1,8,32.80000000000001,32800,,,,,0,1.0133500168228824,2.943713788894984,1.978622628876315,2.3417182038766517,0.0010082043303787803,negative_hard,10.0,0,0,0,0,1,0,0,0,0,1,2,0,0,0,0,0,0,0,0,0
sim_0041_n3_seed297,297,0.001,3,404.0,1,body_1,3.1163256233840357,1.938542682722356,0.0017569146334048328,0.0036181493784119474,3.1864873576159662,12.048507936812793,0,1.3046644895307637,3.129977307117862,-8.083170564195079,1.043086977792838e-05,36.80224419731279,-3.8614098202847076e-15,1.3046644895307637,0-1,8,33.19999999999999,33200,,,,,0,3.1864873576159662,11.929064307110416,1.3046644895307637,3.129977307117862,0.001156080809455699,negative_baseline,20.0,1,1,1,1,1,0,1,0,0,1,2,0,0,0,0,0,0,0,0,0
sim_0041_n3_seed297,297,0.001,3,404.1,1,body_1,3.1163256233840357,1.938542682722356,0.0019293789999854905,0.004623123078962307,4.457703735059017,19.359816449750838,0,1.1281058408124578,3.447592192084315,-8.083171246157683,1.0346502451414327e-05,36.80224419731276,-4.6336917843416485e-15,1.1281058408124578,0-1,8,33.30000000000001,33300,,,,,0,4.457703735059017,19.192616574481182,1.1281058408124578,3.447592192084315,0.0012518879761584667,negative_hard,10.0,1,1,1,1,1,0,1,0,0,1,2,0,0,0,0,0,0,0,0,0
sim_0041_n3_seed297,297,0.001,3,404.6,1,body_1,3.1163256233840357,1.938542682722356,0.002667668487817903,0.007151762168619149,8.02069918344625,41.59249455618665,0,0.8802720682231062,4.054002924073238,-8.083184877568328,8.660126004219425e-06,36.80224419731276,-4.6336917843416485e-15,0.8802720682231062,0-1,8,33.80000000000001,33800,,,,,0,8.02069918344625,42.324944986604315,0.8802720682231062,4.054002924073238,0.0016944217593132306,negative_hard,10.0,1,1,1,1,0,1,1,0,0,0,-1,0,0,0,1,1,0,0,0,0
sim_0041_n3_seed297,297,0.001,3,405.0,1,body_1,3.1163256233840357,1.938542682722356,0.002018345372188649,0.0023064773952261417,2.644166562967386,6.450233359700114,0,1.5709685382007867,2.7297056882611295,-8.083171137989417,1.0359884222380022e-05,36.802244197312746,-5.019832766370119e-15,1.5709685382007867,0-1,8,34.19999999999999,34200,,,,,0,2.644166562967386,6.416510625639718,1.5709685382007867,2.7297056882611295,0.001380410375313417,negative_baseline,20.0,0,0,0,1,0,1,0,0,0,0,-1,0,0,0,0,0,0,0,0,0
sim_0041_n3_seed297,297,0.001,3,405.1,1,body_1,3.1163256233840357,1.938542682722356,0.0018905506113209578,0.001887551367960641,2.1848935866497157,4.482914495290532,0,1.7393930479404713,2.516271009062127,-8.083171555877374,1.0308186241386866e-05,36.80224419731274,-5.212903257384355e-15,1.7393930479404713,0-1,8,34.30000000000001,34300,,,,,0,2.1848935866497157,4.463942427041499,1.7393930479404713,2.516271009062127,0.0013278904842807923,negative_hard,10.0,0,0,0,1,0,1,0,0,0,0,-1,0,0,0,0,0,0,0,0,0
sim_0041_n3_seed297,297,0.001,3,406.0,1,body_1,3.1163256233840357,1.938542682722356,0.0010462077241932862,0.0008308916588285981,0.8522007811138868,0.6208827198565718,0,2.9198148346948103,1.4421095701757611,-8.08317266838625,1.0170554941532091e-05,36.80224419731274,-5.212903257384355e-15,2.9198148346948103,0-1,8,35.19999999999999,35200,,,,,0,0.8522007811138868,0.6205465932891264,2.9198148346948103,1.4421095701757611,0.001169516007237862,negative_baseline,20.0,0,0,0,0,0,0,0,0,0,0,-1,0,0,0,0,0,0,0,1,0
sim_0041_n3_seed297,297,0.001,3,407.0,1,body_1,3.1163256233840357,1.938542682722356,0.0003820334474239034,0.0007849211166781466,0.5403953251363462,0.220401034352959,0,3.7477159362602115,0.9862960155664735,-8.08317281099281,1.0152912721711651e-05,36.80224419731264,-7.91589013158365e-15,3.278346779015632,0-2,8,36.19999999999999,36200,,,,,0,0.5403953251363462,0.220394124396361,3.7477159362602115,0.9862960155664735,0.0015092171575999,negative_baseline,20.0,0,0,0,0,0,0,0,0,0,0,-1,0,0,0,0,0,0,0,1,0
sim_0041_n3_seed297,297,0.001,3,408.0,1,body_1,3.1163256233840357,1.938542682722356,0.0006989817468903255,0.0009506133852166206,0.40389545309280406,0.12548128518257046,0,4.376405907153841,0.8974709352278615,-8.08317279279574,1.0155163927542495e-05,36.80224419731261,-8.688172095640592e-15,3.396487324555294,0-2,8,37.19999999999999,37200,,,,,0,0.40389545309280406,0.12549037465056487,4.376405907153841,0.8974709352278615,0.0022950693080303775,negative_baseline,20.0,0,0,0,0,0,0,0,0,0,0,-1,0,0,0,0,0,0,0,1,0
sim_0041_n3_seed297,297,0.001,3,409.0,1,body_1,3.1163256233840357,1.938542682722356,0.0017488410596970497,0.001326938284001005,0.3202250085751981,0.08659969382470124,0,4.967235938894049,0.930480126236993,-8.083172736910669,1.0162077611649433e-05,36.80224419731263,-8.108960622597885e-15,3.6579678801746125,0-2,8,38.19999999999999,38200,,,,,0,0.3202250085751981,0.0866080743857825,4.967235938894049,0.930480126236993,0.0035322580354044605,negative_baseline,20.0,0,0,0,0,0,0,0,0,0,0,-1,0,0,0,0,0,0,0,1,0
sim_0041_n3_seed297,297,0.001,3,409.90000000000003,1,body_1,3.1163256233840357,1.938542682722356,0.0031291938819789354,0.0018371200044809523,0.2693983341502434,0.06609706279489223,0,5.487015935352743,0.9865648101310451,-8.083172708617678,1.0165577809463633e-05,36.80224419731264,-7.91589013158365e-15,3.9013368333346166,0-2,8,39.10000000000002,39100,,,,,0,0.2693983341502434,0.06610239360289956,5.487015935352743,0.9865648101310451,0.00511771964382054,negative_hard,8.0,0,0,0,0,0,0,0,0,0,0,-1,0,0,0,0,0,0,0,1,0
sim_0041_n3_seed297,297,0.001,3,410.0,1,body_1,3.1163256233840357,1.938542682722356,0.0033133357052413897,0.00190204696129389,0.2648252635373296,0.06434807107241547,0,5.543587670326754,0.9940460762550842,-8.083172706736418,1.0165810544867944e-05,36.802244197312646,-7.722819640569415e-15,3.9245292915329957,0-2,8,39.19999999999999,39200,,,,,0,0.2648252635373296,0.06435310001038817,5.543587670326754,0.9940460762550842,0.005325005196485359,negative_baseline,20.0,0,0,0,0,0,0,0,0,0,0,-1,0,0,0,0,0,0,0,1,0
sim_0041_n3_seed297,297,0.001,3,410.3,1,body_1,3.1163256233840357,1.938542682722356,0.003906575468221726,0.0021050837353102656,0.25219063325221536,0.059618923812359406,0,5.711556385490309,1.018198964046211,-8.08317270215246,1.016637763797218e-05,36.802244197312675,-6.9505376765124735e-15,3.986851121561895,0-2,8,39.5,39500,,,,,0,0.25219063325221536,0.05962312264096727,5.711556385490309,1.018198964046211,0.0059863878798845326,negative_hard,8.0,0,0,0,0,0,0,0,0,0,0,-1,0,0,0,0,0,0,0,1,0
sim_0041_n3_seed297,297,0.001,3,410.7,1,body_1,3.1163256233840357,1.938542682722356,0.0047974689016842586,0.0023927041305065004,0.23762804068659016,0.054388698482183875,0,5.931273162069917,1.0547303055010744,-8.083172697922757,1.016690090525414e-05,36.80224419731272,-5.792114730427061e-15,4.049987975467227,0-2,8,39.89999999999998,39900,,,,,0,0.23762804068659016,0.05439196258602887,5.931273162069917,1.0547303055010744,0.006962996072158026,negative_hard,8.0,0,0,0,0,0,0,0,0,0,0,-1,0,0,0,0,0,0,0,1,0
sim_0041_n3_seed297,297,0.001,3,411.0,1,body_1,3.1163256233840357,1.938542682722356,0.005544323988130601,0.002618861473992277,0.2282136782890735,0.05116003693717024,0,6.092921112602791,1.0856860711292458,-8.083172695700453,1.0167175832143322e-05,36.80224419731274,-5.212903257384355e-15,4.079911010212074,0-2,8,40.19999999999999,40200,,,,,0,0.2282136782890735,0.0511627152876164,6.092921112602791,1.0856860711292458,0.0077686121055951345,negative_baseline,20.0,0,0,0,0,0,0,0,0,0,0,-1,0,0,0,0,0,0,0,1,0
sim_0041_n3_seed297,297,0.001,3,411.1,1,body_1,3.1163256233840357,1.938542682722356,0.005808735475872376,0.0026958864259555445,0.2253354604473994,0.05020054337259214,0,6.146240324698994,1.096730140352536,-8.083172695083848,1.0167252113968226e-05,36.80224419731271,-5.985185221441297e-15,4.086240310961619,0-2,8,40.30000000000001,40300,,,,,0,0.2253354604473994,0.05020304570293952,6.146240324698994,1.096730140352536,0.008051364376490126,negative_hard,8.0,0,0,0,0,0,0,0,0,0,0,-1,0,0,0,0,0,0,0,1,0
sim_0041_n3_seed297,297,0.001,3,411.5,1,body_1,3.1163256233840357,1.938542682722356,0.006945463114397325,0.0030103391032600367,0.21500728234013491,0.046877570487355864,0,6.357007949929057,1.144794491377322,-8.083172693015566,1.0167507986333609e-05,36.80224419731269,-6.564396694484003e-15,4.091927561569007,0-2,8,40.69999999999999,40700,,,,,0,0.21500728234013491,0.04687945106697666,6.357007949929057,1.144794491377322,0.009254635569174795,negative_hard,8.0,0,0,0,0,0,0,0,0,0,0,-1,0,0,0,0,0,0,0,1,0
sim_0041_n3_seed297,297,0.001,3,411.65000000000003,1,body_1,3.1163256233840357,1.938542682722356,0.0074047916472809614,0.0031302245396763444,0.21159002116538442,0.045823133443550004,0,6.435144328663027,1.1645211098805937,-8.083172692342217,1.0167591288095868e-05,36.8022441973127,-6.178255712455532e-15,4.0855402697025465,0-2,8,40.85000000000002,40850,,,,,0,0.21159002116538442,0.04582481051588813,6.435144328663027,1.1645211098805937,0.00973601735528777,negative_pre_failure,1.0,0,0,0,0,0,0,0,0,0,0,-1,0,0,0,0,0,0,0,1,0
sim_0041_n3_seed297,297,0.001,3,411.7,1,body_1,3.1163256233840357,1.938542682722356,0.0075619423596121026,0.0031703474721822356,0.21050296165569451,0.04549274493887363,0,6.461097603268272,1.171315363007527,-8.083172692124059,1.0167618276968471e-05,36.80224419731269,-6.564396694484003e-15,4.082334594715949,0-2,8,40.89999999999998,40900,,,,,0,0.21050296165569451,0.045494357325131116,6.461097603268272,1.171315363007527,0.00990016716894941,negative_pre_failure,1.0,0,0,0,0,0,0,0,0,0,0,-1,0,0,0,0,0,0,0,1,0
sim_0041_n3_seed297,297,0.001,3,412.0,1,body_1,3.1163256233840357,1.938542682722356,1.8607525491096644e-09,1.1853053361592822e-10,0.20368716097299908,0.04358483857055411,0,6.637423117741262,1.2200815347604204,-8.083254878511198,1.3149548695420736e-10,36.80224419731292,-1.9307049101423537e-16,4.041092516141913,0-2,9,0.25,250,,,,,0,0.20368716097299908,0.04358613955689535,6.637423117741262,1.2200815347604204,4.0275685555173505e-09,negative_baseline,20.0,0,0,0,0,0,0,0,0,0,0,-1,0,0,0,0,0,0,0,1,0
sim_0041_n3_seed297,297,0.001,3,413.0,1,body_1,3.1163256233840357,1.938542682722356,8.935288018165337e-09,2.5470560994490473e-10,0.1897060867696846,0.03963112926129986,0,7.156978453108083,1.4008981018838833,-8.08325487350308,7.510625350146518e-10,36.80224419731298,1.3514934370996475e-15,3.7810688898907094,0-2,9,1.25,1250,,,,,0,0.1897060867696846,0.039631547585093206,7.156978453108083,1.4008981018838833,2.1029304643761958e-08,negative_baseline,20.0,0,0,0,0,0,0,0,0,0,0,-1,0,0,0,0,0,0,0,1,0
sim_0041_n3_seed297,297,0.001,3,414.0,1,body_1,3.1163256233840357,1.938542682722356,1.533709943301883e-08,5.25875246215291e-10,0.18509507625363794,0.03788079397936837,0,7.68375723345456,1.6628922869064697,-8.083254872853674,8.314021843382764e-10,36.80224419731292,-1.9307049101423537e-16,3.2680391812933713,0-2,9,2.25,2250,,,,,0,0.18509507625363794,0.037881294582032966,7.68375723345456,1.6628922869064697,4.5227608731584494e-08,negative_baseline,20.0,0,0,0,0,0,0,0,0,0,1,2,0,0,0,0,0,0,0,0,0
sim_0041_n3_seed297,297,0.001,3,415.0,1,body_1,3.1163256233840357,1.938542682722356,2.090205976631033e-08,1.4901043753744175e-09,0.19218523606691265,0.03588999804860422,2,7.105026385694352,0.9759248610120601,-8.083255051669486,-2.1290356265615806e-08,36.80224419731293,0.0,2.5387040438701236,0-2,9,3.25,3250,,,,,0,0.19218523606691265,0.035900033250833685,7.105026385694352,0.9759248610120601,1.0782130003003166e-07,negative_baseline,20.0,0,0,0,0,0,0,0,0,0,1,2,0,0,0,0,0,0,0,0,0
sim_0041_n3_seed297,297,0.001,3,416.0,1,body_1,3.1163256233840357,1.938542682722356,2.4298156574813846e-08,3.790518125595791e-09,0.20521232280094961,0.02015247005167437,2,6.603732687281854,0.4479780635123243,-8.083256657904583,-2.2000178141046824e-07,36.80224419731293,0.0,1.9509108608373609,0-2,9,4.25,4250,,,,,0,0.20521232280094961,0.020141478901168915,6.603732687281854,0.4479780635123243,2.994861079819864e-07,negative_baseline,20.0,0,0,0,0,0,0,0,0,0,1,2,0,0,0,1,0,0,0,0,0
sim_0041_n3_seed297,297,0.001,3,417.0,1,body_1,3.1163256233840357,1.938542682722356,2.2709079396823124e-08,7.3602346985408515e-09,0.19822735115319084,0.036032910957463374,2,7.045218080693563,0.8404124951200909,-8.083255400922402,-6.44973219704407e-08,36.80224419731294,1.9307049101423537e-16,2.2646838912069613,0-2,9,5.25,5250,,,,,0,0.19822735115319084,0.036035722716570996,7.045218080693563,0.8404124951200909,6.882773049122744e-07,negative_baseline,20.0,0,0,0,0,0,0,0,0,0,1,2,0,0,0,0,0,0,0,0,0
sim_0041_n3_seed297,297,0.001,3,418.0,1,body_1,3.1163256233840357,1.938542682722356,2.766949683947613e-08,1.1864547808589353e-08,0.19784040475497303,0.044500587889742566,0,7.296745530107006,1.7973509963536705,-8.083254896586396,-2.1046332132216448e-09,36.80224419731302,2.5099163831850597e-15,3.0055398094427304,0-2,9,6.25,6250,,,,,0,0.19784040475497303,0.04449849385960107,7.296745530107006,1.7973509963536705,1.1174925571402148e-06,negative_baseline,20.0,0,0,0,0,0,0,0,0,0,1,2,0,0,0,0,0,0,0,0,0
sim_0041_n3_seed297,297,0.001,3,419.0,1,body_1,3.1163256233840357,1.938542682722356,5.5288851359644513e-08,3.5612550036820706e-08,0.211858114582838,0.0505192284493786,0,6.631804649839543,1.4906382290726867,-8.083254876967196,3.2250792963753027e-10,36.80224419731306,3.4752688382562368e-15,3.6062173961161483,0-2,9,7.25,7250,,,,,0,0.211858114582838,0.05051517677115155,6.631804649839543,1.4906382290726867,1.436730785365304e-06,negative_baseline,20.0,0,0,0,0,0,0,0,0,0,0,-1,0,0,0,0,0,0,0,1,0
sim_0041_n3_seed297,297,0.001,3,420.0,1,body_1,3.1163256233840357,1.938542682722356,1.2123449558301173e-07,9.455139173341264e-08,0.23655866796648437,0.058779225249175386,0,6.039171619341899,1.2916472910569488,-8.083254880523661,-1.1747143479303894e-10,36.80224419731307,3.8614098202847076e-15,3.9790503413214426,0-2,9,8.25,8250,,,,,0,0.23655866796648437,0.05877129189728521,6.039171619341899,1.2916472910569488,1.6213643555715861e-06,negative_baseline,20.0,0,0,0,0,0,0,0,0,0,0,-1,0,0,0,0,0,0,0,1,0
sim_0041_n3_seed297,297,0.001,3,421.0,1,body_1,3.1163256233840357,1.938542682722356,2.6561419527418126e-07,1.980935502057196e-07,0.27404850302688305,0.07401457898032125,0,5.463080212705035,1.1724986932004429,-8.08325488306904,-4.3236674077952506e-10,36.802244197313016,2.3168458921708242e-15,4.1450616212209095,0-2,9,9.25,9250,,,,,0,0.27404850302688305,0.07399739097135774,5.463080212705035,1.1724986932004429,1.669260160791442e-06,negative_baseline,20.0,0,0,0,0,0,0,0,0,0,0,-1,0,0,0,0,0,0,0,1,0
sim_0041_n3_seed297,297,0.001,3,422.0,1,body_1,3.1163256233840357,1.938542682722356,5.496122875149723e-07,3.7262566043514237e-07,0.3342319842306795,0.10675165446939942,0,4.840628630711506,1.1372432583360157,-8.08325488533224,-7.123528898467732e-10,36.80224419731306,3.4752688382562368e-15,4.151144256352779,0-2,9,10.25,10250,,,,,0,0.3342319842306795,0.10670893241087047,4.840628630711506,1.1372432583360157,1.5957371174503438e-06,negative_baseline,20.0,0,0,0,0,0,0,0,0,0,0,-1,0,0,0,0,0,0,0,1,0
sim_0041_n3_seed297,297,0.001,3,423.0,1,body_1,3.1163256233840357,1.938542682722356,1.0784158173582465e-06,6.920149607542765e-07,0.44511610405424823,0.19121460517288164,0,4.1045485095461185,1.220050190165996,-8.083254883386681,-4.716629190303006e-10,36.80224419731302,2.5099163831850597e-15,4.0705007258786114,0-2,9,11.25,11250,,,,,0,0.44511610405424823,0.19107290703179927,4.1045485095461185,1.220050190165996,1.5019452216940264e-06,negative_baseline,20.0,0,0,0,0,0,0,0,0,0,0,-1,0,0,0,0,0,0,0,1,0
sim_0041_n3_seed297,297,0.001,3,424.0,1,body_1,3.1163256233840357,1.938542682722356,2.1051408266061512e-06,1.4589833258370948e-06,0.7116025993094073,0.5129863738353586,0,3.158044299293172,1.5162143074648475,-8.083254813916728,8.122641526446624e-09,36.80224419731302,2.5099163831850597e-15,3.158044299293172,0-1,9,12.25,12250,,,,,0,0.7116025993094073,0.5120761002757439,3.158044299293172,1.5162143074648475,1.7883092639011096e-06,negative_baseline,20.0,0,0,0,0,0,0,0,0,0,0,-1,0,0,0,0,0,0,1,0,0
sim_0041_n3_seed297,297,0.001,3,424.5,1,body_1,3.1163256233840357,1.938542682722356,3.046584033344511e-06,2.4796617068609153e-06,1.0545934458504174,1.1633974560329294,0,2.5449179784422338,1.8413206897663497,-8.08325458659217,3.6245540134370155e-08,36.80224419731302,2.5099163831850597e-15,2.5449179784422338,0-1,9,12.75,12750,,,,,0,1.0545934458504174,1.1593830171638642,2.5449179784422338,1.8413206897663497,2.3343768695365046e-06,negative_hard,10.0,0,0,0,0,1,0,0,0,0,0,-1,0,0,0,0,0,0,1,0,0
sim_0041_n3_seed297,297,0.001,3,425.0,1,body_1,3.1163256233840357,1.938542682722356,4.812653292360755e-06,5.676755076600387e-06,2.089653197340542,4.561530084626198,0,1.7617642464966226,2.5008207155588336,-8.083253191402461,2.0884800415744077e-07,36.80224419731303,2.702986874199295e-15,1.7617642464966226,0-1,9,13.25,13250,,,,,0,2.089653197340542,4.518273255594501,1.7617642464966226,2.5008207155588336,3.4834315399444495e-06,negative_hard,10.0,0,0,0,1,1,0,0,0,0,0,-1,0,0,0,0,0,0,1,0,0
sim_0041_n3_seed297,297,0.001,3,425.5,1,body_1,3.1163256233840357,1.938542682722356,1.0463065407362967e-05,3.683375714315612e-05,11.432661486550806,87.69624853252108,0,0.7285080905857471,4.555411357706083,-8.08326633237558,-1.4168551704089352e-06,36.80224419731301,2.1237754011565892e-15,0.7285080905857471,0-1,9,13.75,13750,,,,,0,11.432661486550806,88.37222994783943,0.7285080905857471,4.555411357706083,7.029492246911776e-06,negative_hard,10.0,1,1,1,1,1,0,1,1,0,0,-1,0,0,0,1,1,0,1,0,0
sim_0041_n3_seed297,297,0.001,3,426.0,1,body_1,3.1163256233840357,1.938542682722356,1.7129596050897944e-05,4.238830481016362e-05,3.976579374147469,16.731311137355227,0,1.2193425908137443,3.258925759918266,-8.083248843509185,7.46736928905149e-07,36.802244197312945,3.8614098202847074e-16,1.2193425908137443,0-1,9,14.25,14250,,,,,0,3.976579374147469,16.47680055386723,1.2193425908137443,3.258925759918266,1.0827498553476902e-05,negative_hard,10.0,1,1,1,1,0,1,1,0,0,1,2,0,0,0,1,1,0,1,0,0
sim_0041_n3_seed297,297,0.001,3,427.0,1,body_1,3.1163256233840357,1.938542682722356,3.177020820204382e-05,1.806116016692721e-05,0.906276000377077,0.6956534800791693,0,2.704096881218238,1.4259840103365085,-8.083254738540639,1.7447609066516286e-08,36.80224419731283,-2.702986874199295e-15,2.704096881218238,0-1,9,15.25,15250,,,,,0,0.906276000377077,0.695017375385995,2.704096881218238,1.4259840103365085,2.041396654199572e-05,negative_baseline,20.0,0,0,0,0,0,0,0,0,0,1,2,0,0,0,0,0,0,1,0,0
sim_0041_n3_seed297,297,0.001,3,428.0,1,body_1,3.1163256233840357,1.938542682722356,4.05081823166323e-05,9.823879820224334e-06,0.6605647891319767,0.19189458563868272,0,3.2111576531074966,0.9288595062806224,-8.083254858450898,2.613206182284626e-09,36.80224419731278,-4.054480311298943e-15,3.2111576531074966,0-1,9,16.25,16250,,,,,0,0.6605647891319767,0.1918623224443503,3.2111576531074966,0.9288595062806224,2.6317666411673883e-05,negative_baseline,20.0,0,0,0,0,0,0,0,0,0,0,-1,0,0,0,0,0,0,1,0,0
sim_0041_n3_seed297,297,0.001,3,429.0,1,body_1,3.1163256233840357,1.938542682722356,4.182323047045093e-05,5.179717072683475e-06,0.7332716238932212,0.3090303415140931,0,2.970240047861191,1.164078194132481,-8.083254796541867,1.0272129686870668e-08,36.802244197312746,-5.019832766370119e-15,2.970240047861191,0-1,9,17.25,17250,,,,,0,0.7332716238932212,0.30832197723126475,2.970240047861191,1.164078194132481,2.7669656789974656e-05,negative_baseline,20.0,0,0,0,0,0,0,0,0,0,0,-1,0,0,0,0,0,0,1,0,0
sim_0041_n3_seed297,297,0.001,3,429.8,1,body_1,3.1163256233840357,1.938542682722356,3.590425095791728e-05,1.7127908561204807e-05,1.2762401057088064,1.6454822172024943,0,2.203012405097989,1.8935818916639666,-8.083254288141973,7.316757245118116e-08,36.8022441973128,-3.4752688382562368e-15,2.203012405097989,0-1,9,18.05000000000001,18050,,,,,0,1.2762401057088064,1.6365145613954473,2.203012405097989,1.8935818916639666,2.4312864111945213e-05,negative_hard,10.0,0,0,0,0,1,0,0,0,0,0,-1,0,0,0,0,0,0,1,0,0
sim_0041_n3_seed297,297,0.001,3,430.0,1,body_1,3.1163256233840357,1.938542682722356,3.417951901209563e-05,2.5074737875641838e-05,1.6891869104882393,3.0286458059486647,0,1.9093181938933892,2.2117016436005925,-8.08325371153456,1.4450114055882624e-07,36.80224419731276,-4.6336917843416485e-15,1.9093181938933892,0-1,9,18.25,18250,,,,,0,1.6891869104882393,3.0043822748258364,1.9093181938933892,2.2117016436005925,2.3174666618784172e-05,negative_baseline,20.0,0,0,0,0,1,0,0,0,0,0,-1,0,0,0,0,0,0,1,0,0
sim_0041_n3_seed297,297,0.001,3,430.3,1,body_1,3.1163256233840357,1.938542682722356,3.6820179647253734e-05,5.3792257569345866e-05,3.2748684458853154,10.977056828769468,0,1.3672124030052064,2.9562672589873302,-8.083250563093966,5.340027264130712e-07,36.80224419731274,-5.212903257384355e-15,1.3672124030052064,0-1,9,18.55000000000001,18550,,,,,0,3.2748684458853154,10.78391496941437,1.3672124030052064,2.9562672589873302,2.4317066002182572e-05,negative_hard,10.0,1,1,1,1,1,0,1,0,0,0,-1,0,0,0,1,1,0,1,0,0
sim_0041_n3_seed297,297,0.001,3,430.8,1,body_1,3.1163256233840357,1.938542682722356,9.533839050915244e-05,0.0004480723135185438,17.47080706063871,148.89280994694064,0,0.5887282840554724,5.145821717836575,-8.083362550183928,-1.3320204722268146e-05,36.80224419731275,-4.826762275355884e-15,0.5887282840554724,0-1,9,19.05000000000001,19050,,,,,0,17.47080706063871,165.70374678488014,0.5887282840554724,5.145821717836575,6.369631278243168e-05,negative_hard,10.0,1,1,1,1,0,0,1,1,0,0,-1,0,0,0,1,1,0,1,0,0
sim_0041_n3_seed297,297,0.001,3,431.0,1,body_1,3.1163256233840357,1.938542682722356,7.170922199927598e-05,0.00016325078693083713,6.100197146933197,34.1749563357052,0,0.9911766658847334,3.721178721668843,-8.083245274498022,1.1882683684333272e-06,36.80224419731274,-5.212903257384355e-15,0.9911766658847334,0-1,9,19.25,19250,,,,,0,6.100197146933197,33.50452943609345,0.9911766658847334,3.721178721668843,5.0207148397743484e-05,negative_baseline,20.0,1,1,1,1,0,1,1,0,0,0,-1,0,0,0,1,1,0,1,0,0
sim_0041_n3_seed297,297,0.001,3,431.3,1,body_1,3.1163256233840357,1.938542682722356,4.549905371592635e-05,6.539997339094837e-05,2.23909220707063,6.015449495894241,0,1.6111256814192838,2.6025811404842725,-8.083252478756123,2.9701129345150214e-07,36.80224419731276,-4.6336917843416485e-15,1.6111256814192838,0-1,9,19.55000000000001,19550,,,,,0,2.23909220707063,5.968666086690933,1.6111256814192838,2.6025811404842725,3.4446240120104005e-05,negative_hard,10.0,0,0,0,1,0,1,0,0,0,1,2,0,0,0,1,1,0,1,0,0
sim_0041_n3_seed297,297,0.001,3,432.0,1,body_1,3.1163256233840357,1.938542682722356,2.370992918993037e-05,3.335374762623558e-05,0.7756042302716941,0.8295500792529232,0,2.617567759513875,1.5824880839569258,-8.083254614016461,3.2852811486972085e-08,36.80224419731278,-4.054480311298943e-15,2.617567759513875,0-1,9,20.25,20250,,,,,0,0.7756042302716941,0.8285679796284376,2.617567759513875,1.5824880839569258,2.1920946424516343e-05,negative_baseline,20.0,0,0,0,0,0,0,0,0,0,1,2,0,0,0,0,0,0,1,0,0
sim_0041_n3_seed297,297,0.001,3,433.0,1,body_1,3.1163256233840357,1.938542682722356,3.619977100041406e-05,2.0409354074269288e-05,0.420077256350517,0.1953543319322067,0,3.382574838368379,1.0089657661446334,-8.083254823737487,6.907690437659689e-09,36.80224419731285,-2.1237754011565892e-15,3.382574838368379,0-1,9,21.25,21250,,,,,0,0.420077256350517,0.1953253861587998,3.382574838368379,1.0089657661446334,2.8336033347580117e-05,negative_baseline,20.0,0,0,0,0,0,0,0,0,0,1,2,0,0,0,0,0,0,1,0,0
sim_0041_n3_seed297,297,0.001,3,434.0,1,body_1,3.1163256233840357,1.938542682722356,4.9303107586672304e-05,1.694460165877436e-05,0.3524504522436762,0.09801331291228083,0,3.620799538721407,0.8315104854881975,-8.083254846826584,4.051279598133866e-09,36.80224419731286,-1.9307049101423538e-15,3.620799538721407,0-1,9,22.25,22250,,,,,0,0.3524504522436762,0.09797240787466814,3.620799538721407,0.8315104854881975,3.671459440767701e-05,negative_baseline,20.0,0,0,0,0,0,0,0,0,0,1,2,0,0,0,0,0,0,1,0,0
sim_0041_n3_seed297,297,0.001,3,435.0,1,body_1,3.1163256233840357,1.938542682722356,6.263198976730061e-05,2.9965041853616627e-05,0.4191868024942809,0.1974459064809673,0,3.4022134020349855,0.988642081175475,-8.083254826087558,6.616957262033431e-09,36.80224419731281,-3.2821983472420013e-15,3.4022134020349855,0-1,9,23.25,23250,,,,,0,0.4191868024942809,0.1972097698986948,3.4022134020349855,0.988642081175475,4.49984259946528e-05,negative_baseline,20.0,0,0,0,0,0,0,0,0,0,1,2,0,0,0,0,0,0,1,0,0
sim_0041_n3_seed297,297,0.001,3,436.0,1,body_1,3.1163256233840357,1.938542682722356,0.0001008767398537294,7.007378631977382e-05,0.7755120140203837,0.7972025388095231,0,2.654706362638959,1.5473924020491405,-8.083254621814747,3.188806565411079e-08,36.80224419731276,-4.6336917843416485e-15,2.654706362638959,0-1,9,24.25,24250,,,,,0,0.7755120140203837,0.7948151098405717,2.654706362638959,1.5473924020491405,6.660721338869339e-05,negative_baseline,20.0,0,0,0,0,0,0,0,0,0,1,2,0,0,0,0,0,0,1,0,0
sim_0041_n3_seed297,297,0.001,3,436.45,1,body_1,3.1163256233840357,1.938542682722356,0.00014193742556446972,0.00012463525989479988,1.3395636091080143,2.284156994246812,0,2.074359046057498,2.0670156607456667,-8.083254000701494,1.0872756441142326e-07,36.80224419731277,-4.4406212933274135e-15,2.074359046057498,0-1,9,24.69999999999999,24700,,,,,0,1.3395636091080143,2.2695740246646623,2.074359046057498,2.0670156607456667,9.090764705081667e-05,negative_hard,10.0,0,0,0,0,1,0,0,0,0,0,-1,0,0,0,1,1,0,1,0,0
sim_0041_n3_seed297,297,0.001,3,436.95,1,body_1,3.1163256233840357,1.938542682722356,0.0002442208388217466,0.0004459946565643343,4.596907586512336,21.28759540565116,0,1.1430730144777217,3.3801033946730383,-8.083246779004078,1.0021421014588478e-06,36.80224419731271,-5.985185221441297e-15,1.1430730144777217,0-1,9,25.19999999999999,25200,,,,,0,4.596907586512336,20.742577063363914,1.1430730144777217,3.3801033946730383,0.00015544041885331828,negative_hard,10.0,1,1,1,1,1,0,1,0,0,0,-1,0,0,0,1,1,0,1,0,0
sim_0041_n3_seed297,297,0.001,3,437.0,1,body_1,3.1163256233840357,1.938542682722356,0.00026286394199354903,0.0005566067157383496,5.682836004268878,30.66054114860087,0,1.0293077999940188,3.6324533964052788,-8.083244496796338,1.2844798198809152e-06,36.80224419731269,-6.564396694484003e-15,1.0293077999940188,0-1,9,25.25,25250,,,,,0,5.682836004268878,29.76281498578447,1.0293077999940188,3.6324533964052788,0.00016769512609025305,negative_baseline,20.0,1,1,1,1,1,0,1,0,0,0,-1,0,0,0,1,1,0,1,0,0
sim_0041_n3_seed297,297,0.001,3,437.45,1,body_1,3.1163256233840357,1.938542682722356,0.00026992389785343747,0.0009680265194348844,9.874891749551187,74.94770506085541,0,0.7833288669600046,4.334195630378402,-8.083246422762812,1.0462136136314986e-06,36.80224419731275,-4.826762275355884e-15,0.7833288669600046,0-1,9,25.69999999999999,25700,,,,,0,9.874891749551187,73.94126703677551,0.7833288669600046,4.334195630378402,0.0001920548429570692,negative_hard,10.0,1,1,1,1,0,1,1,1,0,0,-1,0,0,0,1,1,0,1,0,0
sim_0041_n3_seed297,297,0.001,3,437.95,1,body_1,3.1163256233840357,1.938542682722356,0.00010026913435179838,0.00016858379330681703,1.8017098685890018,3.7876499494259375,0,1.8212987949183337,2.3346921343133253,-8.08325333273108,1.913638817033926e-07,36.802244197312945,3.8614098202847074e-16,1.8212987949183337,0-1,9,26.19999999999999,26200,,,,,0,1.8017098685890018,3.766474361244167,1.8212987949183337,2.3346921343133253,9.459861977170605e-05,negative_hard,10.0,0,0,0,1,0,1,0,0,0,0,-1,0,0,0,1,1,0,1,0,0
sim_0041_n3_seed297,297,0.001,3,438.0,1,body_1,3.1163256233840357,1.938542682722356,9.235334416003465e-05,0.0001541711376553435,1.6426535821915462,3.172174851471003,0,1.9051498915024094,2.2381502129807367,-8.08325360428565,1.5776917574947832e-07,36.80224419731292,-1.9307049101423537e-16,1.9051498915024094,0-1,9,26.25,26250,,,,,0,1.6426535821915462,3.1569984582811563,1.9051498915024094,2.2381502129807367,9.069692288782893e-05,negative_baseline,20.0,0,0,0,0,0,1,0,0,0,0,-1,0,0,0,1,1,0,1,0,0
sim_0041_n3_seed297,297,0.001,3,439.0,1,body_1,3.1163256233840357,1.938542682722356,4.881770986807308e-05,5.861046686983945e-05,0.6035356887501574,0.37311171110610797,0,3.0402319592842852,1.2174342046990916,-8.083254769352077,1.363584769157881e-08,36.802244197312966,9.653524550711769e-16,3.0402319592842852,0-1,9,27.25,27250,,,,,0,0.6035356887501574,0.3729348009185439,3.0402319592842852,1.2174342046990916,7.28012900993148e-05,negative_baseline,20.0,0,0,0,0,0,0,0,0,0,1,2,0,0,0,0,0,0,1,0,0
sim_0041_n3_seed297,297,0.001,3,440.0,1,body_1,3.1163256233840357,1.938542682722356,8.12001469473066e-05,4.452377990143096e-05,0.43076261655717213,0.13068286830247453,0,3.4744210011502394,0.9000595013366912,-8.083254841456018,4.715685990605818e-09,36.80224419731303,2.702986874199295e-15,3.4744210011502394,0-1,9,28.25,28250,,,,,0,0.43076261655717213,0.13065019305377804,3.4744210011502394,0.9000595013366912,8.682211822292044e-05,negative_baseline,20.0,0,0,0,0,0,0,0,0,0,1,2,0,0,0,0,0,0,1,0,0
sim_0041_n3_seed297,297,0.001,3,441.0,1,body_1,3.1163256233840357,1.938542682722356,0.00012209060469164717,6.132594426756086e-05,0.4393214468848346,0.176512498722471,0,3.3940679269062097,0.9917777432763929,-8.083254838477282,5.084192925605942e-09,36.80224419731302,2.5099163831850597e-15,3.3940679269062097,0-1,9,29.25,29250,,,,,0,0.4393214468848346,0.17633488975339998,3.3940679269062097,0.9917777432763929,0.00010637318553442733,negative_baseline,20.0,0,0,0,0,0,0,0,0,0,1,2,0,0,0,0,0,0,1,0,0
sim_0041_n3_seed297,297,0.001,3,442.0,1,body_1,3.1163256233840357,1.938542682722356,0.00020166072364517554,0.0001191041430385416,0.6783754504570686,0.5838753649962422,0,2.8069683297923826,1.4469137358058368,-8.083254735943143,1.7768951841262277e-08,36.80224419731296,7.722819640569415e-16,2.8069683297923826,0-1,9,30.25,30250,,,,,0,0.6783754504570686,0.5826269951095665,2.8069683297923826,1.4469137358058368,0.00014505628693782164,negative_baseline,20.0,0,0,0,0,0,0,0,0,0,1,2,0,0,0,0,0,0,1,0,0
sim_0041_n3_seed297,297,0.001,3,442.85,1,body_1,3.1163256233840357,1.938542682722356,0.0003631724849473294,0.00033935764334102177,1.8212810064614504,3.870378898115257,0,1.7884529282104438,2.394645084949026,-8.083253684561235,1.4783807911994174e-07,36.80224419731305,3.2821983472420013e-15,1.7884529282104438,0-1,9,31.100000000000023,31100,,,,,0,1.8212810064614504,3.8411833511363738,1.7884529282104438,2.394645084949026,0.00023398819566439126,negative_hard,10.0,0,0,0,1,1,0,0,0,0,1,2,0,0,0,1,1,0,1,0,0
sim_0041_n3_seed297,297,0.001,3,443.0,1,body_1,3.1163256233840357,1.938542682722356,0.00041482437004379985,0.00046784846706773034,2.488092032888215,6.750440103035003,0,1.540335423500009,2.7145329301707997,-8.083252879677442,2.47412298340297e-07,36.802244197313,1.9307049101423538e-15,1.540335423500009,0-1,9,31.25,31250,,,,,0,2.488092032888215,6.680808756714112,1.540335423500009,2.7145329301707997,0.000264851114487155,negative_baseline,20.0,0,0,0,1,1,0,0,0,0,0,-1,0,0,0,1,1,0,1,0,0
sim_0041_n3_seed297,297,0.001,3,443.35,1,body_1,3.1163256233840357,1.938542682722356,0.0005979635258455915,0.001465985133477835,7.470858152747396,41.499974900101506,0,0.8985855361320508,3.97969502769252,-8.083258375062304,-4.324357262119907e-07,36.80224419731299,1.544563928113883e-15,0.8985855361320508,0-1,9,31.600000000000023,31600,,,,,0,7.470858152747396,41.42790632716289,0.8985855361320508,3.97969502769252,0.0003838805346914899,negative_hard,10.0,1,1,1,1,1,0,1,0,0,0,-1,0,0,0,1,1,0,1,0,0
sim_0041_n3_seed297,297,0.001,3,443.85,1,body_1,3.1163256233840357,1.938542682722356,0.00040542856157492843,0.0010227306015044779,5.3956512786317825,24.596473178970758,0,1.0621746862995851,3.5646189071113894,-8.08325194578462,3.629465523683112e-07,36.80224419731304,2.8960573652135305e-15,1.0621746862995851,0-1,9,32.10000000000002,32100,,,,,0,5.3956512786317825,24.41988095980611,1.0621746862995851,3.5646189071113894,0.00032092621421816173,negative_hard,10.0,1,1,1,1,0,1,1,0,0,0,-1,0,0,0,1,1,0,1,0,0
sim_0041_n3_seed297,297,0.001,3,444.0,1,body_1,3.1163256233840357,1.938542682722356,0.0003040638511085824,0.0006228829746071615,3.376992851789274,11.016159476752202,0,1.3434175494386207,3.0146460179601497,-8.083252001394706,3.5606688718018156e-07,36.80224419731306,3.4752688382562368e-15,1.3434175494386207,0-1,9,32.25,32250,,,,,0,3.376992851789274,10.926574311844796,1.3434175494386207,3.0146460179601497,0.0002687478373863744,negative_baseline,20.0,1,1,1,1,0,1,1,0,0,0,-1,0,0,0,1,1,0,1,0,0
sim_0041_n3_seed297,297,0.001,3,445.0,1,body_1,3.1163256233840357,1.938542682722356,5.4968130904692643e-05,0.00015230787947051366,0.8389472459935916,0.6588512765843999,0,2.684009037319562,1.4962059873773983,-8.083254704207357,2.1695066510148573e-08,36.802244197313016,2.3168458921708242e-15,2.684009037319562,0-1,9,33.25,33250,,,,,0,0.8389472459935916,0.658303095154125,2.684009037319562,1.4962059873773983,0.00016940484584413828,negative_baseline,20.0,0,0,0,0,0,0,0,0,0,0,-1,0,0,0,0,0,0,1,0,0
sim_0041_n3_seed297,297,0.001,3,446.0,1,body_1,3.1163256233840357,1.938542682722356,0.00012880802557770153,9.937646298506074e-05,0.5635357021124341,0.18634105940338844,0,3.243211670102655,1.0400389725952588,-8.083254834305443,5.600301822911225e-09,36.80224419731309,4.2475508023131784e-15,3.243211670102655,0-1,9,34.25,34250,,,,,0,0.5635357021124341,0.18628510964878725,3.243211670102655,1.0400389725952588,0.00018430541477368063,negative_baseline,20.0,0,0,0,0,0,0,0,0,0,0,-1,0,0,0,0,0,0,1,0,0
sim_0041_n3_seed297,297,0.001,3,447.0,1,body_1,3.1163256233840357,1.938542682722356,0.00022077269363357418,0.0001017565358116144,0.5592498509421611,0.2147155573771433,0,3.216215702427395,1.0920695755443872,-8.08325483501564,5.512441408620952e-09,36.802244197313144,5.792114730427061e-15,3.216215702427395,0-1,9,35.25,35250,,,,,0,0.5592498509421611,0.21448797376121104,3.216215702427395,1.0920695755443872,0.00022006467971987198,negative_baseline,20.0,0,0,0,0,0,0,0,0,0,1,2,0,0,0,0,0,0,1,0,0
sim_0041_n3_seed297,297,0.001,3,448.0,1,body_1,3.1163256233840357,1.938542682722356,0.0003465111783609112,0.00017106584941690457,0.8214193786626612,0.7382783695588043,0,2.6265359862921542,1.5990695893368392,-8.083254724990166,1.912397248023396e-08,36.802244197313094,4.4406212933274135e-15,2.6265359862921542,0-1,9,36.25,36250,,,,,0,0.8214193786626612,0.7365752696321859,2.6265359862921542,1.5990695893368392,0.00027655320823089836,negative_baseline,20.0,0,0,0,0,0,0,0,0,0,1,2,0,0,0,0,0,0,1,0,0
sim_0041_n3_seed297,297,0.001,3,448.40000000000003,1,body_1,3.1163256233840357,1.938542682722356,0.0004285980223864743,0.0002542298256941006,1.1581864914138873,1.569676666138608,0,2.215028851072066,1.9697596725867437,-8.083254538077988,4.224735297040882e-08,36.802244197313115,5.019832766370119e-15,2.215028851072066,0-1,9,36.650000000000034,36650,,,,,0,1.1581864914138873,1.5639952562380068,2.215028851072066,1.9697596725867437,0.0003149143401192346,negative_hard,10.0,0,0,0,0,1,0,0,0,0,1,2,0,0,0,0,0,0,1,0,0
sim_0041_n3_seed297,297,0.001,3,448.90000000000003,1,body_1,3.1163256233840357,1.938542682722356,0.0005966245978724666,0.0005687412376987341,2.44244853238551,6.242338340072119,0,1.543127877463446,2.73582600478497,-8.083253924669323,1.1813369744994564e-07,36.80224419731314,5.599044239412826e-15,1.543127877463446,0-1,9,37.150000000000034,37150,,,,,0,2.44244853238551,6.200711115426409,1.543127877463446,2.73582600478497,0.00039902567868760466,negative_hard,10.0,0,0,0,1,1,0,0,0,0,1,2,0,0,0,1,1,0,1,0,0
sim_0041_n3_seed297,297,0.001,3,449.0,1,body_1,3.1163256233840357,1.938542682722356,0.0006447599572989286,0.0007134239021144117,3.0258339862890344,8.963120480359406,0,1.3913999041219502,2.961938977160726,-8.083253992529283,1.0973856944266708e-07,36.80224419731311,4.826762275355884e-15,1.3913999041219502,0-1,9,37.25,37250,,,,,0,3.0258339862890344,8.902834600040716,1.3913999041219502,2.961938977160726,0.00042486690627408744,negative_baseline,20.0,1,0,1,1,1,0,1,0,0,1,2,0,0,0,1,1,0,1,0,0
sim_0041_n3_seed297,297,0.001,3,449.40000000000003,1,body_1,3.1163256233840357,1.938542682722356,0.0008409618640926174,0.0019298945072152675,7.766836115990389,35.74052913819946,0,0.8805510804008696,4.046128485013911,-8.083278136789254,-2.877209180020602e-06,36.80224419731314,5.599044239412826e-15,0.8805510804008696,0-1,9,37.650000000000034,37650,,,,,0,7.766836115990389,36.83701313870608,0.8805510804008696,4.046128485013911,0.0005505985813435706,negative_hard,10.0,1,1,1,1,0,0,1,0,0,0,-1,0,0,0,1,1,0,1,0,0
sim_0041_n3_seed297,297,0.001,3,449.90000000000003,1,body_1,3.1163256233840357,1.938542682722356,0.0005167361904627502,0.000867803836510112,3.710960052367296,11.611120712019085,0,1.2895639508330865,3.131884728027156,-8.083254371458505,6.286027253534087e-08,36.80224419731312,5.212903257384355e-15,1.2895639508330865,0-1,9,38.150000000000034,38150,,,,,0,3.710960052367296,11.587103749421146,1.2895639508330865,3.131884728027156,0.0004429111745369653,negative_hard,10.0,1,1,1,1,0,1,1,0,0,0,-1,0,0,0,1,1,0,1,0,0
sim_0041_n3_seed297,297,0.001,3,450.0,1,body_1,3.1163256233840357,1.938542682722356,0.0004492958425485032,0.0006788225687079132,2.9830596765811452,7.936589498178296,0,1.4422699344326766,2.883313927192295,-8.083253922758686,1.183700672057465e-07,36.802244197313115,5.019832766370119e-15,1.4422699344326766,0-1,9,38.25,38250,,,,,0,2.9830596765811452,7.911353962332809,1.4422699344326766,2.883313927192295,0.00041746820631958375,negative_baseline,20.0,1,0,1,1,0,1,1,0,0,0,-1,0,0,0,1,1,0,1,0,0
sim_0041_n3_seed297,297,0.001,3,451.0,1,body_1,3.1163256233840357,1.938542682722356,0.00016320409724990192,0.00018353164208347804,0.9305632226240105,0.7078918542177128,0,2.6599032726729632,1.5771816972079875,-8.083254731617519,1.8304085814845434e-08,36.802244197313044,3.089127856227766e-15,2.6599032726729632,0-1,9,39.25,39250,,,,,0,0.9305632226240105,0.7074250181758592,2.6599032726729632,1.5771816972079875,0.00033340652544966984,negative_baseline,20.0,0,0,0,0,0,0,0,0,0,0,-1,0,0,0,0,0,0,1,0,0
sim_0041_n3_seed297,297,0.001,3,452.0,1,body_1,3.1163256233840357,1.938542682722356,0.00021687925702989578,0.00013193251120638232,0.6570113489681165,0.2235906900390617,0,3.2525385612913067,1.066423982145565,-8.083254837591483,5.19377747924046e-09,36.802244197313115,5.019832766370119e-15,3.2525385612913067,0-1,9,40.25,40250,,,,,0,0.6570113489681165,0.22354759600375346,3.2525385612913067,1.066423982145565,0.00035674721031022223,negative_baseline,20.0,0,0,0,0,0,0,0,0,0,0,-1,0,0,0,0,0,0,1,0,0
sim_0041_n3_seed297,297,0.001,3,453.0,1,body_1,3.1163256233840357,1.938542682722356,0.00033342805601629336,0.00014647115849920133,0.645990044058283,0.19266215340040826,0,3.330278580679293,0.9262163075610579,-8.083254884712158,-6.356409992839072e-10,36.80224419731314,5.599044239412826e-15,3.330278580679293,0-1,9,41.25,41250,,,,,0,0.645990044058283,0.19255106515805034,3.330278580679293,0.9262163075610579,0.00042369981979679884,negative_baseline,20.0,0,0,0,0,0,0,0,0,0,0,-1,0,0,0,0,0,0,1,0,0
sim_0041_n3_seed297,297,0.001,3,454.0,1,body_1,3.1163256233840357,1.938542682722356,0.0005166512278753896,0.0002896180973911962,0.8266068225795351,0.42853401847860007,0,2.9338192977175375,1.129050765975176,-8.083254966851225,-1.0797273698889413e-08,36.80224419731314,5.599044239412826e-15,2.9338192977175375,0-1,9,42.25,42250,,,,,0,0.8266068225795351,0.4278983453894877,2.9338192977175375,1.129050765975176,0.0005649537875946306,negative_baseline,20.0,0,0,0,0,0,0,0,0,0,0,-1,0,0,0,0,0,0,1,0,0
sim_0041_n3_seed297,297,0.001,3,454.8,1,body_1,3.1163256233840357,1.938542682722356,0.0008872440693247277,0.0008360054900290995,1.3982001767378522,1.6297615898994648,0,2.2036950070727546,1.6792952013921887,-8.08325451035203,4.567740173555507e-08,36.802244197313236,8.30203111361212e-15,2.2036950070727546,0-1,9,43.05000000000001,43050,,,,,0,1.3982001767378522,1.621696909316839,2.2036950070727546,1.6792952013921887,0.0008336302195591453,negative_hard,10.0,0,0,0,0,1,0,0,0,0,0,-1,0,0,0,0,0,0,1,0,0
sim_0041_n3_seed297,297,0.001,3,455.0,1,body_1,3.1163256233840357,1.938542682722356,0.0010782844691695568,0.0012332131194757292,1.7882632507826477,2.8660252591430764,0,1.9279821985323757,1.96337482374058,-8.083253876360661,1.2411008476907723e-07,36.80224419731319,7.143608167526709e-15,1.9279821985323757,0-1,9,43.25,43250,,,,,0,1.7882632507826477,2.8433802577231915,1.9279821985323757,1.96337482374058,0.0009597242602375959,negative_baseline,20.0,0,0,0,0,1,0,0,0,0,0,-1,0,0,0,0,0,0,1,0,0
sim_0041_n3_seed297,297,0.001,3,455.3,1,body_1,3.1163256233840357,1.938542682722356,0.0015880567439016178,0.0027872243523013036,3.286991004600998,10.464387988051216,0,1.3926959739644116,2.700370171744389,-8.083249556264303,6.585601823138237e-07,36.80224419731315,5.985185221441297e-15,1.3926959739644116,0-1,9,43.55000000000001,43550,,,,,0,3.286991004600998,10.236677638829596,1.3926959739644116,2.700370171744389,0.0012776100953359717,negative_hard,10.0,1,1,1,1,1,0,0,0,0,0,-1,0,0,0,0,0,0,1,0,0
sim_0041_n3_seed297,297,0.001,3,455.8,1,body_1,3.1163256233840357,1.938542682722356,0.004205380646147825,0.026239577335479103,26.61336052531019,435.5122591091068,0,0.4753348415668413,5.70657298301992,-8.083212382078301,5.257473188929767e-06,36.80224419731326,8.881242586654827e-15,0.4753348415668413,0-1,9,44.05000000000001,44050,,,,,0,26.61336052531019,433.81144963919957,0.4753348415668413,5.70657298301992,0.0026480693704188283,negative_hard,10.0,1,1,1,1,0,1,1,1,0,0,-1,0,0,0,1,1,0,1,0,0
sim_0041_n3_seed297,297,0.001,3,456.0,1,body_1,3.1163256233840357,1.938542682722356,0.002604408355252365,0.004811639649653553,5.530359695421074,30.053445218809575,0,1.0527031394037565,3.3735831239829355,-8.083238171619396,2.0669835311267017e-06,36.80224419731335,1.1391158969839887e-14,1.0527031394037565,0-1,9,44.25,44250,,,,,0,5.530359695421074,28.913803517052617,1.0527031394037565,3.3735831239829355,0.00166977369650537,negative_baseline,20.0,1,1,1,1,0,1,1,0,0,0,-1,0,0,0,1,1,0,1,0,0
sim_0041_n3_seed297,297,0.001,3,456.3,1,body_1,3.1163256233840357,1.938542682722356,0.0018367467619938836,0.0015764433558000928,2.250545538259721,4.82924474492637,0,1.6798015540120166,2.2078060869867664,-8.083252775328061,2.603216253683856e-07,36.80224419731327,9.267383568683297e-15,1.6798015540120166,0-1,9,44.55000000000001,44550,,,,,0,2.250545538259721,4.789847447652744,1.6798015540120166,2.2078060869867664,0.0012780164268339715,negative_hard,10.0,0,0,0,1,0,1,0,0,0,0,-1,0,0,0,0,0,0,1,0,0
sim_0041_n3_seed297,297,0.001,3,457.0,1,body_1,3.1163256233840357,1.938542682722356,0.001298628668458066,0.00043792098610523567,1.081886069438087,0.7132827075741575,0,2.470964025845045,1.184119370075287,-8.083254707325967,2.1309255420778467e-08,36.802244197313215,7.722819640569415e-15,2.470964025845045,0-1,9,45.25,45250,,,,,0,1.081886069438087,0.712496550418555,2.470964025845045,1.184119370075287,0.0011554991023099558,negative_baseline,20.0,0,0,0,0,0,0,0,0,0,0,-1,0,0,0,0,0,0,1,0,0
sim_0041_n3_seed297,297,0.001,3,458.0,1,body_1,3.1163256233840357,1.938542682722356,0.001127134250831041,0.0002452043822354549,0.9575752544926399,0.41010077457967664,0,2.5967250149260708,1.04903524332435,-8.083254752202233,1.575749849523634e-08,36.802244197313065,3.668339329270472e-15,2.5967250149260708,0-1,9,46.25,46250,,,,,0,0.9575752544926399,0.4091223043302072,2.5967250149260708,1.04903524332435,0.0012989775241011646,negative_baseline,20.0,0,0,0,0,0,0,0,0,0,0,-1,0,0,0,0,0,0,1,0,0
sim_0041_n3_seed297,297,0.001,3,459.0,1,body_1,3.1163256233840357,1.938542682722356,0.0010396196481390783,0.00019848262313622438,2.3607403355381797,5.453580641322997,0,1.615175661677328,2.3429716417939837,-8.083252553224401,2.8779863348171377e-07,36.80224419731313,5.40597374839859e-15,1.615175661677328,0-1,9,47.25,47250,,,,,0,2.3607403355381797,5.38427144278951,1.615175661677328,2.3429716417939837,0.0014669945007720533,negative_hard,10.0,0,0,0,1,1,0,0,0,0,0,-1,0,0,0,1,1,0,1,0,0
sim_0041_n3_seed297,297,0.001,3,459.5,1,body_1,3.1163256233840357,1.938542682722356,0.0010615151099522154,0.0012788087013685691,24.02895657313896,284.17216824290733,0,0.5020579943088479,5.537138541721059,-8.083364543642851,-1.3566820590871219e-05,36.80224419731305,3.2821983472420013e-15,0.5020579943088479,0-1,9,47.75,47750,,,,,0,24.02895657313896,312.53150348120005,0.5020579943088479,5.537138541721059,0.0015473565586404136,negative_hard,10.0,1,1,1,1,1,0,1,1,0,0,-1,0,0,0,1,1,0,1,0,0
sim_0041_n3_seed297,297,0.001,3,460.0,1,body_1,3.1163256233840357,1.938542682722356,0.000730562547650019,0.0012315952488535357,3.2398332435816783,11.100343005334283,0,1.3527547434924128,2.77950151927035,-8.083249844700434,6.228770155493242e-07,36.80224419731313,5.40597374839859e-15,1.3527547434924128,0-1,9,48.25,48250,,,,,0,3.2398332435816783,10.93488660671462,1.3527547434924128,2.77950151927035,0.0016389302759651477,negative_hard,10.0,1,1,1,1,0,1,0,0,0,1,2,0,0,0,1,1,0,1,0,0
sim_0041_n3_seed297,297,0.001,3,461.0,1,body_1,3.1163256233840357,1.938542682722356,0.0015277376412439554,0.0007130128081176862,0.8925144439420579,0.552086716418476,0,2.552575949331582,1.1559333218528038,-8.083254714546676,2.0415963118192453e-08,36.80224419731314,5.599044239412826e-15,2.552575949331582,0-1,9,49.25,49250,,,,,0,0.8925144439420579,0.5515885325052887,2.552575949331582,1.1559333218528038,0.0018659129045982524,negative_baseline,20.0,0,0,0,0,0,0,0,0,0,1,2,0,0,0,0,0,0,1,0,0
sim_0041_n3_seed297,297,0.001,3,462.0,1,body_1,3.1163256233840357,1.938542682722356,0.0021241010600182154,0.0008969354392551009,0.8352625377928752,0.3777533131826712,0,2.6550708374001526,1.0140416464308235,-8.083254761468503,1.4611144746961327e-08,36.80224419731312,5.212903257384355e-15,2.6550708374001526,0-1,9,50.25,50250,,,,,0,0.8352625377928752,0.3769120395945111,2.6550708374001526,1.0140416464308235,0.0020538977924869583,negative_baseline,20.0,0,0,0,0,0,0,0,0,0,0,-1,0,0,0,0,0,0,1,0,0
sim_0041_n3_seed297,297,0.001,3,462.90000000000003,1,body_1,3.1163256233840357,1.938542682722356,0.0028951247804607995,0.0019416191773637735,1.6993392056700205,2.9109715768316073,0,1.8803232247538435,1.9649855731710442,-8.083253694537618,1.4660387550574212e-07,36.80224419731311,4.826762275355884e-15,1.8803232247538435,0-1,9,51.150000000000034,51150,,,,,0,1.6993392056700205,2.8866602981010763,1.8803232247538435,1.9649855731710442,0.002320622094270014,negative_hard,10.0,0,0,0,0,1,0,0,0,0,0,-1,0,0,0,1,1,0,1,0,0
sim_0041_n3_seed297,297,0.001,3,463.0,1,body_1,3.1163256233840357,1.938542682722356,0.003040801231371018,0.0023020544600521604,2.0200220331761756,4.211345545558601,0,1.7263554697807606,2.175005598406364,-8.083253056297586,2.2556217151404019e-07,36.802244197313115,5.019832766370119e-15,1.7263554697807606,0-1,9,51.25,51250,,,,,0,2.0200220331761756,4.165481217758102,1.7263554697807606,2.175005598406364,0.0023774261571921423,negative_baseline,20.0,0,0,0,1,1,0,0,0,0,0,-1,0,0,0,1,1,0,1,0,0
sim_0041_n3_seed297,297,0.001,3,463.40000000000003,1,body_1,3.1163256233840357,1.938542682722356,0.004162225129064312,0.008583013572235296,7.6096102614623335,53.419062268138916,0,0.8917094379405244,3.829993369712074,-8.083230154838699,3.058759841103026e-06,36.80224419731322,7.91589013158365e-15,0.8917094379405244,0-1,9,51.650000000000034,51650,,,,,0,7.6096102614623335,50.39385762793915,0.8917094379405244,3.829993369712074,0.002895038442476314,negative_hard,10.0,1,1,1,1,1,0,1,0,0,0,-1,0,0,0,1,1,0,1,0,0
sim_0041_n3_seed297,297,0.001,3,463.90000000000003,1,body_1,3.1163256233840357,1.938542682722356,0.0019204816624138162,0.007926501704009263,5.66498581038658,31.625843184054403,0,1.029714779635661,3.4527325082683844,-8.083239333341036,1.923263995236421e-06,36.80224419731328,9.460454059697534e-15,1.029714779635661,0-1,9,52.150000000000034,52150,,,,,0,5.66498581038658,30.53914258429255,1.029714779635661,3.4527325082683844,0.002644873331403591,negative_hard,10.0,1,1,1,1,0,1,1,0,0,1,2,0,0,0,1,1,0,1,0,0
sim_0041_n3_seed297,297,0.001,3,464.0,1,body_1,3.1163256233840357,1.938542682722356,0.00152656703567291,0.0054912495248576965,3.756453745470319,14.742980712587487,0,1.2620339792275528,2.9411475820429445,-8.08324761178612,8.991165189622022e-07,36.802244197313264,9.074313077669062e-15,1.2620339792275528,0-1,9,52.25,52250,,,,,0,3.756453745470319,14.44959185372157,1.2620339792275528,2.9411475820429445,0.002507482656189682,negative_baseline,20.0,1,1,1,1,0,1,1,0,0,1,2,0,0,0,1,1,0,1,0,0
sim_0041_n3_seed297,297,0.001,3,465.0,1,body_1,3.1163256233840357,1.938542682722356,0.0017767746920815811,0.0017244914963018975,0.8944492650871799,0.5847582950462964,0,2.5454663371459847,1.163064713797973,-8.083254703066086,2.1836256164913136e-08,36.8022441973133,1.0039665532740239e-14,2.5454663371459847,0-1,9,53.25,53250,,,,,0,0.8944492650871799,0.5841827267902802,2.5454663371459847,1.163064713797973,0.002331302088638595,negative_baseline,20.0,0,0,0,0,0,0,0,0,0,1,2,0,0,0,1,1,0,1,0,0
sim_0041_n3_seed297,297,0.001,3,466.0,1,body_1,3.1163256233840357,1.938542682722356,0.0028558072809629132,0.0017978340030088546,0.7982009948221458,0.3348498334400442,0,2.7027563084023436,0.9611102557778506,-8.083254775088873,1.2926134090726264e-08,36.80224419731326,8.881242586654827e-15,2.7027563084023436,0-1,9,54.25,54250,,,,,0,0.7982009948221458,0.334178298932815,2.7027563084023436,0.9611102557778506,0.0025366648888199743,negative_baseline,20.0,0,0,0,0,0,0,0,0,0,0,-1,0,0,0,1,1,0,1,0,0
sim_0041_n3_seed297,297,0.001,3,466.85,1,body_1,3.1163256233840357,1.938542682722356,0.004243043967150225,0.0032773299776706244,1.3947170762372612,1.9100558654301398,0,2.067891565500684,1.7286295444883466,-8.08325414893374,9.038937660939014e-08,36.80224419731328,9.460454059697534e-15,2.067891565500684,0-1,9,55.10000000000002,55100,,,,,0,1.3947170762372612,1.8981448016924303,2.067891565500684,1.7286295444883466,0.003035495779990077,negative_hard,10.0,0,0,0,0,1,0,0,0,0,0,-1,0,0,0,1,1,0,1,0,0
sim_0041_n3_seed297,297,0.001,3,467.0,1,body_1,3.1163256233840357,1.938542682722356,0.0046405163361113305,0.004055072337889583,1.7278189407015383,3.081896201523167,0,1.8616004951054494,1.991898095821065,-8.08325358742818,1.5985465620724595e-07,36.80224419731329,9.846595041726004e-15,1.8616004951054494,0-1,9,55.25,55250,,,,,0,1.7278189407015383,3.0547948149089175,1.8616004951054494,1.991898095821065,0.0032147903347753866,negative_baseline,20.0,0,0,0,1,1,0,0,0,0,0,-1,0,0,0,1,1,0,1,0,0
sim_0041_n3_seed297,297,0.001,3,467.35,1,body_1,3.1163256233840357,1.938542682722356,0.006174601562707247,0.009534150218966144,4.094363527341693,17.241289644664317,0,1.213843879916827,3.0358098067225376,-8.083246044668444,1.0929886286336793e-06,36.80224419731322,7.91589013158365e-15,1.213843879916827,0-1,9,55.60000000000002,55600,,,,,0,4.094363527341693,16.72425256982711,1.213843879916827,3.0358098067225376,0.0040061179982969425,negative_hard,10.0,1,1,1,1,1,0,1,0,0,0,-1,0,0,0,1,1,0,1,0,0
sim_0041_n3_seed297,297,0.001,3,467.8,1,body_1,3.1163256233840357,1.938542682722356,0.007479754870989799,0.04874854531857203,20.06431938427583,269.91290243237455,0,0.5486859889262088,5.244943198083973,-8.083218350723769,4.519076892317985e-06,36.8022441973131,4.6336917843416485e-15,0.5486859889262088,0-1,9,56.05000000000001,56050,,,,,0,20.06431938427583,261.995840872988,0.5486859889262088,5.244943198083973,0.005665958179286642,negative_hard,8.0,1,1,1,1,0,1,1,1,0,0,-1,0,0,0,1,1,0,1,0,0
sim_0041_n3_seed297,297,0.001,3,468.0,1,body_1,3.1163256233840357,1.938542682722356,0.004143703170090955,0.013167598130050136,5.067620997058035,25.920943655702544,0,1.0895544593093003,3.307784525130783,-8.083241528532088,1.651691332288358e-06,36.8022441973131,4.6336917843416485e-15,1.0895544593093003,0-1,9,56.25,56250,,,,,0,5.067620997058035,25.110814505603308,1.0895544593093003,3.307784525130783,0.003969129594477303,negative_baseline,20.0,1,1,1,1,0,1,1,0,0,0,-1,0,0,0,1,1,0,1,0,0
sim_0041_n3_seed297,297,0.001,3,468.2,1,body_1,3.1163256233840357,1.938542682722356,0.002926026477146662,0.007077367102330617,2.59010214562932,7.199789175690022,0,1.519509867712251,2.4878776957776614,-8.083251448837508,4.2442514217165584e-07,36.80224419731313,5.40597374839859e-15,1.519509867712251,0-1,9,56.44999999999999,56450,,,,,0,2.59010214562932,7.117854203620297,1.519509867712251,2.4878776957776614,0.0033716054551008933,negative_hard,10.0,0,0,1,1,0,1,0,0,0,1,2,0,0,0,1,1,0,1,0,0
sim_0041_n3_seed297,297,0.001,3,469.0,1,body_1,3.1163256233840357,1.938542682722356,0.0022725668291090654,0.002935506024053367,0.9329304584330872,0.6661202728393635,0,2.504877581013742,1.2094800038079523,-8.083254671817404,2.570210999853281e-08,36.802244197313,1.9307049101423538e-15,2.504877581013742,0-1,9,57.25,57250,,,,,0,0.9329304584330872,0.6653561394829304,2.504877581013742,1.2094800038079523,0.0028010118528359975,negative_baseline,20.0,0,0,0,0,0,0,0,0,0,1,2,0,0,0,1,1,0,1,0,0
sim_0041_n3_seed297,297,0.001,3,470.0,1,body_1,3.1163256233840357,1.938542682722356,0.0036033849352797216,0.0027400254154264832,0.7833255123003228,0.2992207760697284,0,2.7327444189766172,0.9227506646314733,-8.083254783699632,1.1860875298708526e-08,36.80224419731309,4.2475508023131784e-15,2.7327444189766172,0-1,9,58.25,58250,,,,,0,0.7833255123003228,0.2986788774350265,2.7327444189766172,0.9227506646314733,0.003004932905081701,negative_baseline,20.0,0,0,0,0,0,0,0,0,0,1,2,0,0,0,1,1,0,1,0,0
sim_0041_n3_seed297,297,0.001,3,471.0,1,body_1,3.1163256233840357,1.938542682722356,0.006125812365639411,0.0054744149430541586,1.5273960479665767,2.3627688732912167,0,1.9782395543628837,1.8419707658176379,-8.083253928096067,1.1770976632509721e-07,36.802244197313186,6.9505376765124735e-15,1.9782395543628837,0-1,9,59.25,59250,,,,,0,1.5273960479665767,2.345515744961211,1.9782395543628837,1.8419707658176379,0.004054307398587821,negative_baseline,20.0,0,0,0,0,1,0,0,0,0,0,-1,0,0,0,1,1,0,1,0,0
sim_0041_n3_seed297,297,0.001,3,471.1,1,body_1,3.1163256233840357,1.938542682722356,0.006560477022502887,0.006380744119635779,1.7838970781462584,3.317836829735957,0,1.8326317756558632,2.031538025399598,-8.083253456081014,1.7610394785885225e-07,36.80224419731317,6.564396694484003e-15,1.8326317756558632,0-1,9,59.35000000000002,59350,,,,,0,1.7838970781462584,3.286845045204093,1.8326317756558632,2.031538025399598,0.004278775262833541,negative_hard,10.0,0,0,0,1,1,0,0,0,0,0,-1,0,0,0,1,1,0,1,0,0
sim_0041_n3_seed297,297,0.001,3,471.65000000000003,1,body_1,3.1163256233840357,1.938542682722356,0.012624807933317165,0.053883224954647875,15.110054716617606,179.9948687935,0,0.6324315954340783,4.805321340720964,-8.083196874116123,7.176002594405509e-06,36.802244197313264,9.074313077669062e-15,0.6324315954340783,0-1,9,59.900000000000034,59900,,,,,0,15.110054716617606,164.71269906313736,0.6324315954340783,4.805321340720964,0.007968944580464822,negative_pre_failure,1.0,1,1,1,1,1,0,1,1,0,0,-1,0,0,0,1,1,0,1,0,0
sim_0041_n3_seed297,297,0.001,3,471.7,1,body_1,3.1163256233840357,1.938542682722356,0.014240794414833358,0.0897946068808109,25.047781372267103,360.3064135739313,0,0.49123084515452425,5.60497173098072,-8.08326678707818,-1.4731075845266653e-06,36.80224419731325,8.688172095640592e-15,0.49123084515452425,0-1,9,59.94999999999999,59950,,,,,0,25.047781372267103,366.62842362392604,0.49123084515452425,5.60497173098072,0.009085553108376979,negative_pre_failure,1.0,1,1,1,1,1,0,1,1,0,0,-1,0,0,0,1,1,0,1,0,0
sim_0041_n3_seed297,297,0.001,3,471.75,1,body_1,3.1163256233840357,1.938542682722356,0.015714728776763477,0.1472542635103742,41.08688435609323,497.63175232210466,0,0.3835405794330705,6.471774983078717,-8.08392592363522,-8.30165658646414e-05,36.80224419731327,9.267383568683297e-15,0.3835405794330705,0-1,10,0.0,0,0.010249813523501445,60.0,0.015714728776763477,0.1472542635103742,1,41.08688435609323,736.1170261256481,0.3835405794330705,6.471774983078717,0.010249813523501445,correction,1.0,1,1,1,1,0,0,1,1,0,0,-1,0,0,0,1,1,0,1,0,0
sim_0041_n3_seed297,297,0.001,3,472.0,1,body_1,3.1163256233840357,1.938542682722356,4.005984388138496e-05,0.00023499389456326569,7.353549022525156,51.58167287717925,0,0.9056325768429566,3.788790760127891,-8.082484019501889,9.536505822284906e-05,36.802244197313,1.9307049101423538e-15,0.9056325768429566,0-1,10,0.25,250,,,,,0,7.353549022525156,49.01329252218549,0.9056325768429566,3.788790760127891,2.602453684121978e-05,negative_baseline,20.0,1,1,1,1,0,1,1,0,0,0,-1,0,0,0,1,1,0,1,0,0
sim_0041_n3_seed297,297,0.001,3,472.05,1,body_1,3.1163256233840357,1.938542682722356,5.099105246619373e-05,0.0002351924764895953,5.618038060714809,31.483936419872336,0,1.03563935971647,3.4375499065275568,-8.082493546455158,9.41864546267878e-05,36.802244197313016,2.3168458921708242e-15,1.03563935971647,0-1,10,0.30000000000001137,300,,,,,0,5.618038060714809,30.336626286259296,1.03563935971647,3.4375499065275568,3.312590056568102e-05,negative_hard,10.0,1,1,1,1,0,1,1,0,0,0,-1,0,0,0,1,1,0,1,0,0
sim_0041_n3_seed297,297,0.001,3,473.0,1,body_1,3.1163256233840357,1.938542682722356,0.0002475809080009825,0.00025347094139864675,0.9774908862115679,0.7640732992422783,0,2.4560590541645593,1.266465029956239,-8.082509747478976,9.218218480480864e-05,36.802244197313044,3.089127856227766e-15,2.4560590541645593,0-1,10,1.25,1250,,,,,0,0.9774908862115679,0.7630503914066685,2.4560590541645593,1.266465029956239,0.00016084181643267757,negative_baseline,20.0,0,0,0,0,0,0,0,0,0,1,2,0,0,0,1,1,0,1,0,0
sim_0041_n3_seed297,297,0.001,3,474.0,1,body_1,3.1163256233840357,1.938542682722356,0.0004894225122015204,0.0003882132407908733,0.7755838652198054,0.27467686607205244,0,2.751580021032293,0.8971378875611229,-8.082509902921467,9.216295461929616e-05,36.80224419731305,3.2821983472420013e-15,2.751580021032293,0-1,10,2.25,2250,,,,,0,0.7755838652198054,0.2742317753711959,2.751580021032293,0.8971378875611229,0.00031794851356396894,negative_baseline,20.0,0,0,0,0,0,0,0,0,0,1,2,0,0,0,1,1,0,1,0,0
sim_0041_n3_seed297,297,0.001,3,475.0,1,body_1,3.1163256233840357,1.938542682722356,0.0009433536306051665,0.0009824910091803362,1.3884749175203002,1.9019077268098594,0,2.074056138475724,1.7227374000729099,-8.08250925600074,9.224298682617365e-05,36.80224419731312,5.212903257384355e-15,2.074056138475724,0-1,10,3.25,3250,,,,,0,1.3884749175203002,1.8899696163884605,2.074056138475724,1.7227374000729099,0.000612744151441084,negative_hard,10.0,0,0,0,0,1,0,0,0,0,0,-1,0,0,0,1,1,0,1,0,0
sim_0041_n3_seed297,297,0.001,3,475.5,1,body_1,3.1163256233840357,1.938542682722356,0.0015800363039974658,0.003142902570504549,4.100197246882141,17.4375604184165,0,1.2126452418500668,3.039041596861779,-8.082500846604887,9.328333455474747e-05,36.802244197313094,4.4406212933274135e-15,1.2126452418500668,0-1,10,3.75,3750,,,,,0,4.100197246882141,16.900377913852115,1.2126452418500668,3.039041596861779,0.0010262734214936315,negative_hard,10.0,1,1,1,1,1,0,1,0,0,0,-1,0,0,0,1,1,0,1,0,0
sim_0041_n3_seed297,297,0.001,3,476.0,1,body_1,3.1163256233840357,1.938542682722356,0.002293196506858314,0.009669561781256941,12.264580998107633,128.2594165330173,0,0.7016992395538796,4.498167385358643,-8.082457637368556,9.862885897218882e-05,36.80224419731307,3.8614098202847076e-15,0.7016992395538796,0-1,10,4.25,4250,,,,,0,12.264580998107633,118.72069181270473,0.7016992395538796,4.498167385358643,0.0014899739100508464,negative_hard,10.0,1,1,1,1,0,1,1,1,0,0,-1,0,0,0,1,1,0,1,0,0
sim_0041_n3_seed297,297,0.001,3,476.5,1,body_1,3.1163256233840357,1.938542682722356,0.0011485728811257078,0.001679960940245991,1.8569185513396231,3.638843073514971,0,1.7952085352833782,2.0832882343087644,-8.082508398684581,9.234904758661852e-05,36.80224419731321,7.52974914955518e-15,1.7952085352833782,0-1,10,4.75,4750,,,,,0,1.8569185513396231,3.6159412402927504,1.7952085352833782,2.0832882343087644,0.0007464735061816493,negative_hard,10.0,0,0,0,1,0,1,0,0,0,0,-1,0,0,0,1,1,0,1,0,0
sim_0041_n3_seed297,297,0.001,3,477.0,1,body_1,3.1163256233840357,1.938542682722356,0.0008768107761724498,0.0010702882067477842,1.030142237004324,0.887854773280764,0,2.398372077667702,1.3344962525792847,-8.082509698221195,9.218827861016146e-05,36.802244197313215,7.722819640569415e-15,2.398372077667702,0-1,10,5.25,5250,,,,,0,1.030142237004324,0.8864569249274759,2.398372077667702,1.3344962525792847,0.000569828697015984,negative_baseline,20.0,0,0,0,0,0,0,0,0,0,1,2,0,0,0,1,1,0,1,0,0
sim_0041_n3_seed297,297,0.001,3,478.0,1,body_1,3.1163256233840357,1.938542682722356,0.0009820416183454251,0.0010029874745716419,0.7709299874720281,0.2579217324248419,0,2.763771144013711,0.8802637908522467,-8.082509906294735,9.216253730375465e-05,36.80224419731321,7.52974914955518e-15,2.763771144013711,0-1,10,6.25,6250,,,,,0,0.7709299874720281,0.257558483652288,2.763771144013711,0.8802637908522467,0.0006377625490737685,negative_baseline,20.0,0,0,0,0,0,0,0,0,0,1,2,0,0,0,1,1,0,1,0,0
sim_0041_n3_seed297,297,0.001,3,479.0,1,body_1,3.1163256233840357,1.938542682722356,0.0017666793850966336,0.0019187738310015843,1.2765373683038312,1.555662642615413,0,2.16236721699456,1.6152923507014905,-8.082509412888287,9.222357786915733e-05,36.80224419731324,8.495101604626357e-15,2.16236721699456,0-1,10,7.25,7250,,,,,0,1.2765373683038312,1.5471660593086347,2.16236721699456,1.6152923507014905,0.0011471325263338267,negative_baseline,20.0,0,0,0,0,1,0,0,0,0,0,-1,0,0,0,1,1,0,1,0,0
sim_0041_n3_seed297,297,0.001,3,479.45,1,body_1,3.1163256233840357,1.938542682722356,0.0026808131529430118,0.004305952860473474,2.77930309311871,8.238816184804875,0,1.4715045504866962,2.565351239499629,-8.082505912673803,9.265659829677246e-05,36.802244197313264,9.074313077669062e-15,1.4715045504866962,0-1,10,7.699999999999989,7700,,,,,0,2.77930309311871,8.088465829669584,1.4715045504866962,2.565351239499629,0.001740841821257774,negative_hard,10.0,0,0,1,1,1,0,0,0,0,0,-1,0,0,0,1,1,0,1,0,0
sim_0041_n3_seed297,297,0.001,3,479.95,1,body_1,3.1163256233840357,1.938542682722356,0.006546422388169226,0.06323318198953307,41.22339874925117,508.2846477711454,0,0.38286988055345017,6.478382191177467,-8.083143913493757,1.3727895755617658e-05,36.80224419731337,1.1970370442882594e-14,0.38286988055345017,0-1,10,8.199999999999989,8200,,,,,0,41.22339874925117,759.656689355402,0.38286988055345017,6.478382191177467,0.004253132367774458,negative_hard,10.0,1,1,1,1,0,1,1,1,0,0,-1,0,0,0,1,1,0,1,0,0
sim_0041_n3_seed297,297,0.001,3,480.0,1,body_1,3.1163256233840357,1.938542682722356,0.0056315957213521235,0.03763321444651434,24.458570724952278,358.6389279694089,0,0.49702833594819845,5.566215106331333,-8.082499535853643,9.344549092170113e-05,36.8022441973134,1.2742652406939534e-14,0.49702833594819845,0-1,10,8.25,8250,,,,,0,24.458570724952278,363.16050859104973,0.49702833594819845,5.566215106331333,0.00365911278184522,negative_baseline,20.0,1,1,1,1,0,1,1,1,0,0,-1,0,0,0,1,1,0,1,0,0
sim_0041_n3_seed297,297,0.001,3,480.45,1,body_1,3.1163256233840357,1.938542682722356,0.0025151849827963427,0.003954356713759845,2.374435135478583,6.032120561884092,0,1.5903980907240007,2.37747949899659,-8.08250712245771,9.250693285570276e-05,36.80224419731319,7.143608167526709e-15,1.5903980907240007,0-1,10,8.699999999999989,8700,,,,,0,2.374435135478583,5.971975343247448,1.5903980907240007,2.37747949899659,0.0016349752516916303,negative_hard,10.0,0,0,0,1,0,1,0,0,0,0,-1,0,0,0,1,1,0,1,0,0
sim_0041_n3_seed297,297,0.001,3,481.0,1,body_1,3.1163256233840357,1.938542682722356,0.0016687934219146213,0.0019945008070610015,1.0903291226558398,1.0379189824886534,0,2.3352194326733016,1.4091604031270255,-8.082509636724497,9.219588652286846e-05,36.80224419731316,6.178255712455532e-15,2.3352194326733016,0-1,10,9.25,9250,,,,,0,1.0903291226558398,1.035993464941902,2.3352194326733016,1.4091604031270255,0.0010849500541870393,negative_baseline,20.0,0,0,0,0,0,0,0,0,0,1,2,0,0,0,1,1,0,1,0,0
sim_0041_n3_seed297,297,0.001,3,482.0,1,body_1,3.1163256233840357,1.938542682722356,0.0014931079869308775,0.001618195098089037,0.7689312867832453,0.24907672269954695,0,2.7700578847357034,0.8713440211758511,-8.082509907957984,9.216233153898305e-05,36.80224419731323,8.108960622597885e-15,2.7700578847357034,0-1,10,10.25,10250,,,,,0,0.7689312867832453,0.24877936902437806,2.7700578847357034,0.8713440211758511,0.0009696205096563302,negative_baseline,20.0,0,0,0,0,0,0,0,0,0,1,2,0,0,0,1,1,0,1,0,0
sim_0041_n3_seed297,297,0.001,3,483.0,1,body_1,3.1163256233840357,1.938542682722356,0.0025093532779051114,0.002733621195151086,1.1876085169742656,1.297664326702639,0,2.241061709171959,1.5209050707139553,-8.082509526197768,9.220956006536451e-05,36.80224419731324,8.495101604626357e-15,2.241061709171959,0-1,10,11.25,11250,,,,,0,1.1876085169742656,1.291399989389147,2.241061709171959,1.5209050707139553,0.0016288142800088981,negative_baseline,20.0,0,0,0,0,0,0,0,0,0,0,-1,0,0,0,1,1,0,1,0,0
sim_0041_n3_seed297,297,0.001,3,483.35,1,body_1,3.1163256233840357,1.938542682722356,0.003350899416874644,0.004448038255676782,1.904584274760781,3.823380369850566,0,1.7750875413571257,2.1106494816161927,-8.082508295153179,9.236185571943882e-05,36.8022441973133,1.0039665532740239e-14,1.7750875413571257,0-1,10,11.600000000000023,11600,,,,,0,1.904584274760781,3.783466059452543,1.7750875413571257,2.1106494816161927,0.002175284985279505,negative_hard,10.0,0,0,0,1,1,0,0,0,0,0,-1,0,0,0,1,1,0,1,0,0
sim_0041_n3_seed297,297,0.001,3,483.85,1,body_1,3.1163256233840357,1.938542682722356,0.007156305468450727,0.03238926972367518,13.828986164342634,157.79152018345505,0,0.6609472050823111,4.673820072181254,-8.082450660662388,9.949196501936784e-05,36.80224419731328,9.460454059697534e-15,0.6609472050823111,0-1,10,12.100000000000023,12100,,,,,0,13.828986164342634,143.40256437854097,0.6609472050823111,4.673820072181254,0.0046475593142236106,negative_hard,10.0,1,1,1,1,1,0,1,1,0,0,-1,0,0,0,1,1,0,1,0,0
sim_0041_n3_seed297,297,0.001,3,483.90000000000003,1,body_1,3.1163256233840357,1.938542682722356,0.008320302454931247,0.053244982175019384,22.73603090143633,330.17520293116223,0,0.5155255300614405,5.446224046427798,-8.082476244627948,9.632690763338154e-05,36.80224419731331,1.0232736023754475e-14,0.5155255300614405,0-1,10,12.150000000000034,12150,,,,,0,22.73603090143633,319.4447103387687,0.5155255300614405,5.446224046427798,0.005403996150939696,negative_hard,8.0,1,1,1,1,1,0,1,1,0,0,-1,0,0,0,1,1,0,1,0,0
sim_0041_n3_seed297,297,0.001,3,484.0,1,body_1,3.1163256233840357,1.938542682722356,0.01016148942595905,0.10702773686301142,46.54646409895776,518.4579445001308,0,0.3603129794653075,6.705557902851625,-8.083548266945364,-3.6295697169670515e-05,36.80224419731331,1.0232736023754475e-14,0.3603129794653075,0-1,10,12.25,12250,,,,,0,46.54646409895776,880.2160837274532,0.3603129794653075,6.705557902851625,0.006601599283222939,negative_baseline,20.0,1,1,1,1,0,0,1,1,0,0,-1,0,0,0,1,1,0,1,0,0
sim_0041_n3_seed297,297,0.001,3,484.55,1,body_1,3.1163256233840357,1.938542682722356,0.003632729529137108,0.005463030999953182,2.2154528121041737,5.235948476324404,0,1.6465900343221649,2.2934301459385606,-8.082507547928966,9.2454296725482e-05,36.80224419731335,1.1391158969839887e-14,1.6465900343221649,0-1,10,12.800000000000011,12800,,,,,0,2.2154528121041737,5.189832984378017,1.6465900343221649,2.2934301459385606,0.0023620662342070317,negative_hard,10.0,0,0,0,1,0,1,0,0,0,0,-1,0,0,0,1,1,0,1,0,0
sim_0041_n3_seed297,297,0.001,3,485.0,1,body_1,3.1163256233840357,1.938542682722356,0.0025477037575047435,0.0030351450067605886,1.160146382331203,1.2222537786491012,0,2.2666752069202603,1.490509705741004,-8.082509558712392,9.220553759862721e-05,36.80224419731334,1.1198088478825652e-14,2.2666752069202603,0-1,10,13.25,13250,,,,,0,1.160146382331203,1.219571358015024,2.2666752069202603,1.490509705741004,0.0016569707075124777,negative_baseline,20.0,0,0,0,0,0,0,0,0,0,1,2,0,0,0,1,1,0,1,0,0
sim_0041_n3_seed297,297,0.001,3,486.0,1,body_1,3.1163256233840357,1.938542682722356,0.0020130578277771775,0.0022370195248498786,0.7692909228807127,0.24758498023074954,0,2.7711549433302776,0.8695618461374017,-8.082509908117354,9.216231182298882e-05,36.80224419731332,1.0618877005782945e-14,2.7711549433302776,0-1,10,14.25,14250,,,,,0,0.7692909228807127,0.24733879720188612,2.7711549433302776,0.8695618461374017,0.0013074845398322558,negative_baseline,20.0,0,0,0,0,0,0,0,0,0,1,2,0,0,0,1,1,0,1,0,0
sim_0041_n3_seed297,297,0.001,3,487.0,1,body_1,3.1163256233840357,1.938542682722356,0.0031849428175263306,0.0034605761932842735,1.115102592395682,1.0987536491956833,0,2.3117413672150753,1.4368003885874046,-8.082509610716942,9.219910398360772e-05,36.80224419731341,1.293572289795377e-14,2.3117413672150753,0-1,10,15.25,15250,,,,,0,1.115102592395682,1.0940064234846012,2.3117413672150753,1.4368003885874046,0.0020666916358957526,negative_baseline,20.0,0,0,0,0,0,0,0,0,0,1,2,0,0,0,1,1,0,1,0,0
sim_0041_n3_seed297,297,0.001,3,487.45,1,body_1,3.1163256233840357,1.938542682722356,0.004602489734379358,0.006343401337524701,2.0230052366447344,4.339405252973446,0,1.7227660505673363,2.1836980255226273,-8.082508024552133,9.239533246236016e-05,36.802244197313385,1.2356511424911064e-14,1.7227660505673363,0-1,10,15.699999999999989,15700,,,,,0,2.0230052366447344,4.2896939048719736,1.7227660505673363,2.1836980255226273,0.0029870567619848117,negative_hard,10.0,0,0,0,1,1,0,0,0,0,0,-1,0,0,0,1,1,0,1,0,0
sim_0041_n3_seed297,297,0.001,3,488.0,1,body_1,3.1163256233840357,1.938542682722356,0.012297643333570385,0.1013557391063318,32.39376255615386,461.878646939832,0,0.43190065929662347,6.044868392997184,-8.082690351348859,6.983922116292663e-05,36.80224419731327,9.267383568683297e-15,0.43190065929662347,0-1,10,16.25,16250,,,,,0,32.39376255615386,542.7510853340927,0.43190065929662347,6.044868392997184,0.007987347092959327,negative_baseline,20.0,1,1,1,1,1,0,1,1,0,0,-1,0,0,0,1,1,0,1,0,0
sim_0041_n3_seed297,297,0.001,3,488.05,1,body_1,3.1163256233840357,1.938542682722356,0.01363355992209957,0.14596626445862015,47.353135651894775,519.1150891929896,0,0.3572295483795664,6.738221798860678,-8.083619501620156,-4.510831978927382e-05,36.80224419731334,1.1198088478825652e-14,0.3572295483795664,0-1,10,16.30000000000001,16300,,,,,0,47.353135651894775,895.319403863844,0.3572295483795664,6.738221798860678,0.008856643981032064,negative_hard,8.0,1,1,1,1,0,0,1,1,0,0,-1,0,0,0,1,1,0,1,0,0
sim_0041_n3_seed297,297,0.001,3,488.40000000000003,1,body_1,3.1163256233840357,1.938542682722356,0.006290930792536204,0.013145473039334367,4.1510060035281695,17.893352237573446,0,1.2051498330881598,3.0549111465999914,-8.082500537260307,9.332160435877846e-05,36.80224419731336,1.1584229460854122e-14,1.2051498330881598,0-1,10,16.650000000000034,16650,,,,,0,4.1510060035281695,17.453785964572617,1.2051498330881598,3.0549111465999914,0.004090250466559887,negative_hard,10.0,1,1,1,1,0,1,1,0,0,0,-1,0,0,0,1,1,0,1,0,0
sim_0041_n3_seed297,297,0.001,3,489.0,1,body_1,3.1163256233840357,1.938542682722356,0.0035181604141540958,0.004222482981320177,1.2423725650246709,1.4526285077396417,0,2.192466346300829,1.579237556196933,-8.082509457964715,9.221800134972361e-05,36.80224419731335,1.1391158969839887e-14,2.192466346300829,0-1,10,17.25,17250,,,,,0,1.2423725650246709,1.448834254186773,2.192466346300829,1.579237556196933,0.0022889248399407865,negative_baseline,20.0,0,0,0,0,0,0,0,0,0,0,-1,0,0,0,1,1,0,1,0,0
sim_0041_n3_seed297,297,0.001,3,490.0,1,body_1,3.1163256233840357,1.938542682722356,0.002545618946458454,0.002864899467834109,0.7719397072372615,0.2530931601399926,0,2.7673894470756744,0.8744814943866164,-8.082509906845914,9.216246911604233e-05,36.80224419731338,1.2163440933896829e-14,2.7673894470756744,0-1,10,18.25,18250,,,,,0,0.7719397072372615,0.25288344330050155,2.7673894470756744,0.8744814943866164,0.001653931988331299,negative_baseline,20.0,0,0,0,0,0,0,0,0,0,1,2,0,0,0,1,1,0,1,0,0
sim_0041_n3_seed297,297,0.001,3,491.0,1,body_1,3.1163256233840357,1.938542682722356,0.0038041158019437543,0.004122537726376724,1.0549071965463488,0.9414359804863222,0,2.3754070757984804,1.3612658596510467,-8.082509675332382,9.219111024332955e-05,36.80224419731327,9.267383568683297e-15,2.3754070757984804,0-1,10,19.25,19250,,,,,0,1.0549071965463488,0.9377577463334124,2.3754070757984804,1.3612658596510467,0.002467791229709634,negative_baseline,20.0,0,0,0,0,0,0,0,0,0,1,2,0,0,0,1,1,0,1,0,0
sim_0041_n3_seed297,297,0.001,3,491.2,1,body_1,3.1163256233840357,1.938542682722356,0.004377680871132176,0.0049831797925441795,1.2693200922029204,1.5339744496892131,0,2.1688489289846866,1.6079668973189563,-8.082509422180397,9.222242831859499e-05,36.802244197313236,8.30203111361212e-15,2.1688489289846866,0-1,10,19.44999999999999,19450,,,,,0,1.2693200922029204,1.5256689326245085,2.1688489289846866,1.6079668973189563,0.0028399337343624335,negative_hard,10.0,0,0,0,0,1,0,0,0,0,1,2,0,0,0,1,1,0,1,0,0
sim_0041_n3_seed297,297,0.001,3,491.7,1,body_1,3.1163256233840357,1.938542682722356,0.007057612147364789,0.012418048058884272,3.160070790897101,10.606251175058103,0,1.380260807153933,2.7213073496634905,-8.082504594532148,9.281966895013325e-05,36.80224419731329,9.846595041726004e-15,1.380260807153933,0-1,10,19.94999999999999,19950,,,,,0,3.160070790897101,10.374160139081118,1.380260807153933,2.7213073496634905,0.004580145193883038,negative_hard,10.0,1,1,1,1,1,0,0,0,0,0,-1,0,0,0,1,1,0,1,0,0
sim_0041_n3_seed297,297,0.001,3,491.95,1,body_1,3.1163256233840357,1.938542682722356,0.010872935314318774,0.04055119284589219,10.333888628795325,95.50788578582275,0,0.7644450353609652,4.253662898323315,-8.082466181331736,9.757186357777051e-05,36.80224419731329,9.846595041726004e-15,0.7644450353609652,0-1,10,20.19999999999999,20200,,,,,0,10.333888628795325,87.76681009046082,0.7644450353609652,4.253662898323315,0.007059000784252208,negative_hard,8.0,1,1,1,1,1,0,1,1,0,0,-1,0,0,0,1,1,0,1,0,0
sim_0041_n3_seed297,297,0.001,3,492.0,1,body_1,3.1163256233840357,1.938542682722356,0.012429049538277871,0.06196820135375659,15.774012006404943,195.46842719579436,0,0.6188469964337514,4.871395506405749,-8.08244689750105,9.995751527036992e-05,36.80224419731326,8.881242586654827e-15,0.6188469964337514,0-1,10,20.25,20250,,,,,0,15.774012006404943,178.1084252256571,0.6188469964337514,4.871395506405749,0.008070288712650088,negative_pre_failure,1.0,1,1,1,1,1,0,1,1,0,0,-1,0,0,0,1,1,0,1,0,0
sim_0041_n3_seed297,297,0.001,3,492.05,1,body_1,3.1163256233840357,1.938542682722356,0.014537673216216532,0.10465833542157663,26.628761703909788,392.9359246685127,0,0.47634934116036853,5.708227325337851,-8.0825350873098,8.904732994728097e-05,36.80224419731326,8.881242586654827e-15,0.47634934116036853,0-1,10,20.30000000000001,20300,,,,,0,26.628761703909788,406.6103488079542,0.47634934116036853,5.708227325337851,0.009440944404588621,negative_pre_failure,1.0,1,1,1,1,1,0,1,1,0,0,-1,0,0,0,1,1,0,1,0,0
sim_0041_n3_seed297,297,0.001,3,492.1,1,body_1,3.1163256233840357,1.938542682722356,0.016701301722636428,0.16995641436274136,43.71662811066991,518.2112888653089,0,0.37178838877354187,6.587601784742085,-8.083318666201905,-7.89120580077354e-06,36.80224419731327,9.267383568683297e-15,0.37178838877354187,0-1,11,0.0,0,0.010848292615766546,20.350000000000023,0.016701301722636428,0.16995641436274136,1,43.71662811066991,810.9786619544354,0.37178838877354187,6.587601784742085,0.010848292615766546,correction,1.0,1,1,1,1,0,0,1,1,0,0,-1,0,0,0,1,1,0,1,0,0
sim_0041_n3_seed297,297,0.001,3,492.55,1,body_1,3.1163256233840357,1.938542682722356,8.8319964304182e-05,0.0002515502251859581,3.1003646067443085,10.207074741700092,0,1.3938311688937959,2.6973793039619887,-8.08235827034937,0.00011092180539856357,36.80224419731281,-3.2821983472420013e-15,1.3938311688937959,0-1,11,0.44999999999998863,450,,,,,0,3.1003646067443085,10.04719838168087,1.3938311688937959,2.6973793039619887,5.737629437616413e-05,negative_hard,10.0,1,1,1,1,0,1,0,0,0,0,-1,0,0,0,1,1,0,1,0,0
sim_0041_n3_seed297,297,0.001,3,493.0,1,body_1,3.1163256233840357,1.938542682722356,0.00019155487320915126,0.00026551993670239623,1.3347001295654664,1.727719748341874,0,2.116846320884077,1.6707760100414364,-8.082362788029714,0.00011036291168422427,36.80224419731285,-2.1237754011565892e-15,2.116846320884077,0-1,11,0.8999999999999773,900,,,,,0,1.3347001295654664,1.7223619423858667,2.116846320884077,1.6707760100414364,0.00012444216089661008,negative_baseline,20.0,0,0,0,0,0,1,0,0,0,0,-1,0,0,0,1,1,0,1,0,0
sim_0041_n3_seed297,297,0.001,3,494.0,1,body_1,3.1163256233840357,1.938542682722356,0.0004483639986439345,0.00037453313189619365,0.7765853216993819,0.26449296720452137,0,2.7594646510794663,0.88514085713877,-8.082363358486317,0.0001102923390484058,36.8022441973129,-7.722819640569415e-16,2.7594646510794663,0-1,11,1.8999999999999773,1900,,,,,0,0.7765853216993819,0.264303954523466,2.7594646510794663,0.88514085713877,0.00029128365250980783,negative_baseline,20.0,0,0,0,0,0,0,0,0,0,1,2,0,0,0,1,1,0,1,0,0
sim_0041_n3_seed297,297,0.001,3,495.0,1,body_1,3.1163256233840357,1.938542682722356,0.0008590173499946238,0.0007609914507882491,1.0068658543428524,0.8210211346607695,0,2.4296292124787717,1.296950160155778,-8.082363177369215,0.00011031474550526742,36.802244197312646,-7.722819640569415e-15,2.4296292124787717,0-1,11,2.8999999999999773,2900,,,,,0,1.0068658543428524,0.8180809326802875,2.4296292124787717,1.296950160155778,0.0005580642916740897,negative_baseline,20.0,0,0,0,0,0,0,0,0,0,1,2,0,0,0,1,1,0,1,0,0
sim_0041_n3_seed297,297,0.001,3,495.3,1,body_1,3.1163256233840357,1.938542682722356,0.0010706245587718567,0.0010889468688248972,1.323087548484307,1.698041134020465,0,2.124332936413827,1.6621800146955374,-8.082362803205424,0.00011036103425863224,36.80224419731267,-7.143608167526709e-15,2.124332936413827,0-1,11,3.1999999999999886,3200,,,,,0,1.323087548484307,1.6881838513948708,2.124332936413827,1.6621800146955374,0.0006955210549793844,negative_hard,10.0,0,0,0,0,1,0,0,0,0,1,2,0,0,0,1,1,0,1,0,0
sim_0041_n3_seed297,297,0.001,3,495.8,1,body_1,3.1163256233840357,1.938542682722356,0.0017648116980770164,0.0032074700563808458,3.556119413024466,13.321934782042577,0,1.3012890868705445,2.8654886265624335,-8.082356552688704,0.00011113430156399881,36.802244197312746,-5.019832766370119e-15,1.3012890868705445,0-1,11,3.6999999999999886,3700,,,,,0,3.556119413024466,12.980315314080256,1.3012890868705445,2.8654886265624335,0.0011464432106434925,negative_hard,10.0,1,1,1,1,1,0,1,0,0,0,-1,0,0,0,1,1,0,1,0,0
sim_0041_n3_seed297,297,0.001,3,496.0,1,body_1,3.1163256233840357,1.938542682722356,0.002502839339166821,0.008592946578338024,9.377981943283823,80.28151224365953,0,0.8023679233060863,4.118450017113798,-8.082325221085068,0.00011501041386079883,36.80224419731274,-5.212903257384355e-15,0.8023679233060863,0-1,11,3.8999999999999773,3900,,,,,0,9.377981943283823,74.24413716974242,0.8023679233060863,4.118450017113798,0.0016258614913652817,negative_baseline,20.0,1,1,1,1,1,0,1,0,0,0,-1,0,0,0,1,1,0,1,0,0
sim_0041_n3_seed297,297,0.001,3,496.3,1,body_1,3.1163256233840357,1.938542682722356,0.003031226835353449,0.016182680545811727,17.509074491764107,229.12392896146088,0,0.5874572526201611,5.031126498615829,-8.082301862267595,0.00011790019252301963,36.80224419731256,-1.0039665532740239e-14,0.5874572526201611,0-1,11,4.199999999999989,4200,,,,,0,17.509074491764107,214.06241728699408,0.5874572526201611,5.031126498615829,0.0019692134388725156,negative_hard,10.0,1,1,1,1,0,1,1,1,0,0,-1,0,0,0,1,1,0,1,0,0
sim_0041_n3_seed297,297,0.001,3,496.8,1,body_1,3.1163256233840357,1.938542682722356,0.001391270784312355,0.002098157390989036,2.001661154981178,4.231873474958386,0,1.7325500880842954,2.1697483322751325,-8.082361540246133,0.0001105172781615825,36.80224419731256,-1.0039665532740239e-14,1.7325500880842954,0-1,11,4.699999999999989,4700,,,,,0,2.001661154981178,4.201185745407836,1.7325500880842954,2.1697483322751325,0.0009039660044974089,negative_hard,10.0,0,0,0,1,0,1,0,0,0,0,-1,0,0,0,1,1,0,1,0,0
sim_0041_n3_seed297,297,0.001,3,497.0,1,body_1,3.1163256233840357,1.938542682722356,0.001191737207922799,0.0016095615314863823,1.4533363584906889,2.1060037350778935,0,2.029998688183974,1.7777669917953598,-8.082362612246778,0.00011038465823796654,36.802244197312596,-9.074313077669062e-15,2.029998688183974,0-1,11,4.899999999999977,4900,,,,,0,1.4533363584906889,2.0980891852837487,2.029998688183974,1.7777669917953598,0.0007743679859921535,negative_baseline,20.0,0,0,0,0,0,1,0,0,0,0,-1,0,0,0,1,1,0,1,0,0
sim_0041_n3_seed297,297,0.001,3,498.0,1,body_1,3.1163256233840357,1.938542682722356,0.000994619003255623,0.0011144554553537299,0.784051977496467,0.2830356379630645,0,2.7462194391628696,0.9027611590281381,-8.082363354303423,0.00011029285652485475,36.802244197312596,-9.074313077669062e-15,2.7462194391628696,0-1,11,5.899999999999977,5900,,,,,0,0.784051977496467,0.2828538412930061,2.7462194391628696,0.9027611590281381,0.0006462517609776513,negative_baseline,20.0,0,0,0,0,0,0,0,0,0,1,2,0,0,0,1,1,0,1,0,0
sim_0041_n3_seed297,297,0.001,3,499.0,1,body_1,3.1163256233840357,1.938542682722356,0.0016322795336523716,0.0016397449047024634,0.9636786263151436,0.7163549523879567,0,2.480986340223802,1.2357766690027188,-8.082363217661191,0.00011030976088254079,36.80224419731251,-1.1391158969839887e-14,2.480986340223802,0-1,11,6.899999999999977,6900,,,,,0,0.9636786263151436,0.7139986899366825,2.480986340223802,1.2357766690027188,0.0010603448566696683,negative_baseline,20.0,0,0,0,0,0,0,0,0,0,1,2,0,0,0,1,1,0,1,0,0
sim_0041_n3_seed297,297,0.001,3,499.5,1,body_1,3.1163256233840357,1.938542682722356,0.0023741321786595665,0.002834829031666724,1.575944443069635,2.5439041604497237,0,1.9477479371468518,1.8825272443144592,-8.082362404786766,0.00011041032364316866,36.80224419731244,-1.332186387998224e-14,1.9477479371468518,0-1,11,7.399999999999977,7400,,,,,0,1.575944443069635,2.5242485042385114,1.9477479371468518,1.8825272443144592,0.001542186540860431,negative_hard,10.0,0,0,0,0,1,0,0,0,0,1,2,0,0,0,1,1,0,1,0,0
sim_0041_n3_seed297,297,0.001,3,500.0,1,body_1,3.1163256233840357,1.938542682722356,0.004349456320317367,0.011510816022019433,6.243000693592497,38.29207953723142,0,0.982906270884202,3.5734418966015458,-8.082343484544996,0.00011275099482719368,36.802244197312326,-1.6410991736210007e-14,0.982906270884202,0-1,11,7.899999999999977,7900,,,,,0,6.243000693592497,36.34619666022595,0.982906270884202,3.5734418966015458,0.0028252589273474763,negative_hard,10.0,1,1,1,1,1,0,1,0,0,0,-1,0,0,0,1,1,0,1,0,0
sim_0041_n3_seed297,297,0.001,3,500.55,1,body_1,3.1163256233840357,1.938542682722356,0.004040110702723517,0.009604828466751699,5.094978281582446,26.2077387852825,0,1.0884218677378474,3.3109153132927642,-8.082349617380205,0.00011199228620054152,36.80224419731233,-1.621792124519577e-14,1.0884218677378474,0-1,11,8.449999999999989,8450,,,,,0,5.094978281582446,25.361304996056635,1.0884218677378474,3.3109153132927642,0.0026248514658992984,negative_hard,10.0,1,1,1,1,0,1,1,0,0,0,-1,0,0,0,1,1,0,1,0,0
sim_0041_n3_seed297,297,0.001,3,501.0,1,body_1,3.1163256233840357,1.938542682722356,0.0024374625961949004,0.003251086701995841,1.6003953680783023,2.611934616759316,0,1.9358133892813885,1.8968475152084365,-8.08236237056131,0.00011041455776132487,36.80224419731231,-1.6797132718238477e-14,1.9358133892813885,0-1,11,8.899999999999977,8900,,,,,0,1.6003953680783023,2.5998944839868803,1.9358133892813885,1.8968475152084365,0.001583954486966757,negative_baseline,20.0,0,0,0,0,0,1,0,0,0,0,-1,0,0,0,1,1,0,1,0,0
sim_0041_n3_seed297,297,0.001,3,501.05,1,body_1,3.1163256233840357,1.938542682722356,0.002343141726597147,0.0030527187070539335,1.4903238329699247,2.225433651740978,0,2.005192143257749,1.8086053865010465,-8.08236255798613,0.00011039137096054415,36.802244197312326,-1.6410991736210007e-14,2.005192143257749,0-1,11,8.949999999999989,8950,,,,,0,1.4903238329699247,2.2166356539536807,2.005192143257749,1.8086053865010465,0.0015226986051552081,negative_hard,10.0,0,0,0,0,0,1,0,0,0,0,-1,0,0,0,1,1,0,1,0,0
sim_0041_n3_seed297,297,0.001,3,502.0,1,body_1,3.1163256233840357,1.938542682722356,0.0016242697746445924,0.0018825711781087964,0.7945934907262615,0.30816901647159123,0,2.7277071621738176,0.9270093553940468,-8.082363348392498,0.00011029358778041589,36.802244197312355,-1.5638709772153064e-14,2.7277071621738176,0-1,11,9.899999999999977,9900,,,,,0,0.7945934907262615,0.30797900087845875,2.7277071621738176,0.9270093553940468,0.0010556622304792656,negative_baseline,20.0,0,0,0,0,0,0,0,0,0,1,2,0,0,0,1,1,0,1,0,0
sim_0041_n3_seed297,297,0.001,3,503.0,1,body_1,3.1163256233840357,1.938542682722356,0.002352678911085531,0.002460268273944501,0.9274982849277368,0.630948242152517,0,2.5256702350384694,1.1823003254047668,-8.08236324955,0.00011030581583707164,36.8022441973124,-1.4480286826067654e-14,2.5256702350384694,0-1,11,10.899999999999977,10900,,,,,0,0.9274982849277368,0.6290291186054998,2.5256702350384694,1.1823003254047668,0.0015283483307108139,negative_baseline,20.0,0,0,0,0,0,0,0,0,0,1,2,0,0,0,1,1,0,1,0,0
sim_0041_n3_seed297,297,0.001,3,503.65000000000003,1,body_1,3.1163256233840357,1.938542682722356,0.0038357714325399856,0.004977850163061676,1.804303253836886,3.4186499353081845,0,1.8204689236617797,2.0498110350351126,-8.082361976384954,0.00011046332231983855,36.8022441973124,-1.4480286826067654e-14,1.8204689236617797,0-1,11,11.550000000000011,11550,,,,,0,1.804303253836886,3.3860479608697984,1.8204689236617797,2.0498110350351126,0.0024915030486499542,negative_hard,10.0,0,0,0,1,1,0,0,0,0,1,2,0,0,0,1,1,0,0,0,0
sim_0041_n3_seed297,297,0.001,3,504.0,1,body_1,3.1163256233840357,1.938542682722356,0.005817766062331416,0.01273287533745664,4.5866145743659565,21.55354772970742,0,1.1458235201192286,3.181419083384229,-8.0823521898554,0.0001116740387577768,36.80224419731242,-1.3901075353024947e-14,1.1458235201192286,0-1,11,11.899999999999977,11900,,,,,0,4.5866145743659565,20.79578000067183,1.1458235201192286,3.181419083384229,0.003778822788695546,negative_baseline,20.0,1,1,1,1,1,0,1,0,0,0,-1,0,0,0,1,1,0,0,0,0
sim_0041_n3_seed297,297,0.001,3,504.45,1,body_1,3.1163256233840357,1.938542682722356,0.008636333671447768,0.040830779751160146,14.944836489353097,176.48434113404863,0,0.6359373339013573,4.789174483298066,-8.08230628800359,0.0001173526734777206,36.802244197312476,-1.2356511424911064e-14,0.6359373339013573,0-1,11,12.349999999999966,12350,,,,,0,14.944836489353097,164.02664246151267,0.6359373339013573,4.789174483298066,0.00561046210330588,negative_hard,8.0,1,1,1,1,0,1,1,1,0,0,-1,0,0,0,1,1,0,0,0,0
sim_0041_n3_seed297,297,0.001,3,504.5,1,body_1,3.1163256233840357,1.938542682722356,0.007601369122580349,0.027401695026300778,9.951162573863717,88.41105571993626,0,0.779269687146828,4.199828846045284,-8.082323487038725,0.00011522493713994748,36.802244197312454,-1.293572289795377e-14,0.779269687146828,0-1,11,12.399999999999977,12400,,,,,0,9.951162573863717,82.69540205522475,0.779269687146828,4.199828846045284,0.004938261144496312,negative_hard,10.0,1,1,1,1,0,1,1,1,0,0,-1,0,0,0,1,1,0,0,0,0
sim_0041_n3_seed297,297,0.001,3,505.0,1,body_1,3.1163256233840357,1.938542682722356,0.0038483761395036614,0.005265658057645204,1.7861429284659214,3.305756586196232,0,1.8339262709542443,2.0302761429263296,-8.082362031721258,0.00011045647652501307,36.802244197312476,-1.2356511424911064e-14,1.8339262709542443,0-1,11,12.899999999999977,12900,,,,,0,1.7861429284659214,3.286819599601723,1.8339262709542443,2.0302761429263296,0.0025008738848528735,negative_hard,10.0,0,0,0,1,0,1,0,0,0,0,-1,0,0,0,1,1,0,0,0,0
sim_0041_n3_seed297,297,0.001,3,506.0,1,body_1,3.1163256233840357,1.938542682722356,0.0023017355101456727,0.002683791313312911,0.8093204806846769,0.33983604415031365,0,2.703292351458067,0.9581025127203483,-8.08236334046077,0.00011029456903466078,36.802244197312504,-1.1584229460854122e-14,2.703292351458067,0-1,11,13.899999999999977,13900,,,,,0,0.8093204806846769,0.33962162579802224,2.703292351458067,0.9581025127203483,0.0014964656773307642,negative_baseline,20.0,0,0,0,0,0,0,0,0,0,0,-1,0,0,0,1,1,0,0,0,0
sim_0041_n3_seed297,297,0.001,3,507.0,1,body_1,3.1163256233840357,1.938542682722356,0.0030312331400949603,0.0032408501487998067,0.8987038214154499,0.5629185119081409,0,2.5621461663991965,1.138413085273466,-8.082363274237117,0.00011030276173096027,36.8022441973126,-8.881242586654827e-15,2.5621461663991965,0-1,11,14.899999999999977,14900,,,,,0,0.8987038214154499,0.561323498470084,2.5621461663991965,1.138413085273466,0.0019693920460299346,negative_baseline,20.0,0,0,0,0,0,0,0,0,0,1,2,0,0,0,1,1,0,0,0,0
sim_0041_n3_seed297,297,0.001,3,507.5,1,body_1,3.1163256233840357,1.938542682722356,0.004251079642160624,0.004918842174223184,1.3332035464504113,1.7386052720790637,0,2.1108131822754728,1.6800738313308576,-8.082362796930251,0.00011036181057615226,36.80224419731261,-8.688172095640592e-15,2.1108131822754728,0-1,11,15.399999999999977,15400,,,,,0,1.3332035464504113,1.7284634020000071,2.1108131822754728,1.6800738313308576,0.002761371079894331,negative_hard,10.0,0,0,0,0,1,0,0,0,0,1,2,0,0,0,1,1,0,0,0,0
sim_0041_n3_seed297,297,0.001,3,508.0,1,body_1,3.1163256233840357,1.938542682722356,0.0070491272172182725,0.013425203684297803,3.618557635516589,13.741034224394534,0,1.2883909243220875,2.8907023950037622,-8.082356496692258,0.00011114122902668864,36.80224419731266,-7.336678658540944e-15,1.2883909243220875,0-1,11,15.899999999999977,15900,,,,,0,3.618557635516589,13.388492598988611,1.2883909243220875,2.8907023950037622,0.004578531632846306,negative_hard,10.0,1,1,1,1,1,0,1,0,0,1,2,0,0,0,1,1,0,0,0,0
sim_0041_n3_seed297,297,0.001,3,508.3,1,body_1,3.1163256233840357,1.938542682722356,0.013194311229172275,0.08563105003765897,23.040298794224817,320.16308061876555,0,0.5120228854591764,5.468832504401492,-8.082360198152536,0.00011068331197062849,36.80224419731264,-7.91589013158365e-15,0.5120228854591764,0-1,11,16.19999999999999,16200,,,,,0,23.040298794224817,319.3060185187471,0.5120228854591764,5.468832504401492,0.008569985281875987,negative_pre_failure,1.0,1,1,1,1,1,0,1,1,0,0,-1,0,0,0,1,1,0,0,0,0
sim_0041_n3_seed297,297,0.001,3,508.35,1,body_1,3.1163256233840357,1.938542682722356,0.015201335938072047,0.13939148454711572,37.74209271367435,462.6365304660976,0,0.4001309874699775,6.317476334961074,-8.08287466963938,4.7036737105710767e-05,36.80224419731269,-6.564396694484003e-15,0.4001309874699775,0-1,11,16.25,16250,,,,,0,37.74209271367435,646.5866782181595,0.4001309874699775,6.317476334961074,0.00987375417698161,negative_pre_failure,1.0,1,1,1,1,1,0,1,1,0,0,-1,0,0,0,1,1,0,0,0,0
sim_0041_n3_seed297,297,0.001,3,508.40000000000003,1,body_1,3.1163256233840357,1.938542682722356,0.01564635921260759,0.15424728343602473,42.650711305005295,477.817973920185,0,0.3764445451496239,6.541455852579186,-8.083214944919455,4.940417597871318e-06,36.80224419731267,-7.143608167526709e-15,0.3764445451496239,0-1,12,0.0,0,0.010163090946677712,16.30000000000001,0.01564635921260759,0.15424728343602473,1,42.650711305005295,756.8534874994002,0.3764445451496239,6.541455852579186,0.010163090946677712,correction,1.0,1,1,1,1,0,0,1,1,0,0,-1,0,0,0,1,1,0,0,0,0
sim_0041_n3_seed297,297,0.001,3,508.85,1,body_1,3.1163256233840357,1.938542682722356,3.795465348272928e-05,0.00013082439582852963,2.8248105278437348,8.394825736416543,0,1.4615280622926137,2.5818581574676065,-8.082451762415474,9.935566434573787e-05,36.80224419731304,2.8960573652135305e-15,1.4615280622926137,0-1,12,0.44999999999998863,450,,,,,0,2.8248105278437348,8.285730436690466,1.4615280622926137,2.5818581574676065,2.4656853567353834e-05,negative_hard,10.0,1,0,1,1,0,1,0,0,0,0,-1,0,0,0,1,1,0,0,0,0
sim_0041_n3_seed297,297,0.001,3,509.0,1,body_1,3.1163256233840357,1.938542682722356,5.874414238123067e-05,0.0001491904476554217,2.0086218792021713,4.205139865509085,0,1.7316403151005022,2.1703427421986623,-8.082453977245866,9.908166205025484e-05,36.80224419731301,2.1237754011565892e-15,1.7316403151005022,0-1,12,0.5999999999999659,600,,,,,0,2.0086218792021713,4.175318316237036,1.7316403151005022,2.1703427421986623,3.816251917350524e-05,negative_baseline,20.0,0,0,0,1,0,1,0,0,0,0,-1,0,0,0,1,1,0,0,0,0
sim_0041_n3_seed297,297,0.001,3,509.35,1,body_1,3.1163256233840357,1.938542682722356,0.00011597496548095804,0.00018614492400451538,1.2312340878360983,1.3857195441937986,0,2.206084929793824,1.5605947068362933,-8.08245533851443,9.891325605727089e-05,36.802244197312994,1.7376344191281184e-15,2.206084929793824,0-1,12,0.9499999999999886,950,,,,,0,1.2312340878360983,1.3823100809792213,2.206084929793824,1.5605947068362933,7.534199094360272e-05,negative_hard,10.0,0,0,0,0,0,0,0,0,0,0,-1,0,0,0,1,1,0,0,0,0
sim_0041_n3_seed297,297,0.001,3,510.0,1,body_1,3.1163256233840357,1.938542682722356,0.00025257041996954116,0.0002632279429368456,0.8303874003095743,0.37474953531964805,0,2.6734347311381197,0.9939885650048608,-8.08245571888229,9.886619978284401e-05,36.80224419731295,5.792114730427061e-16,2.6734347311381197,0-1,12,1.599999999999966,1600,,,,,0,0.8303874003095743,0.37449583041881457,2.6734347311381197,0.9939885650048608,0.00016408380530794474,negative_baseline,20.0,0,0,0,0,0,0,0,0,0,0,-1,0,0,0,1,1,0,0,0,0
sim_0041_n3_seed297,297,0.001,3,511.0,1,body_1,3.1163256233840357,1.938542682722356,0.0005809660347705303,0.000511876430885611,0.8833214381762186,0.5185145998243376,0,2.583616438549982,1.1120276815621546,-8.082455677760759,9.887128703193881e-05,36.80224419731296,7.722819640569415e-16,2.583616438549982,0-1,12,2.599999999999966,2600,,,,,0,0.8833214381762186,0.5171221773080203,2.583616438549982,1.1120276815621546,0.00037747813895148654,negative_baseline,20.0,0,0,0,0,0,0,0,0,0,1,2,0,0,0,1,1,0,0,0,0
sim_0041_n3_seed297,297,0.001,3,511.75,1,body_1,3.1163256233840357,1.938542682722356,0.0010909199605310805,0.0013113778636955065,1.7719783223739038,3.296810304873098,0,1.8319556576278861,2.0370742628289498,-8.082454462099133,9.902167962064049e-05,36.802244197312916,-3.8614098202847074e-16,1.8319556576278861,0-1,12,3.349999999999966,3350,,,,,0,1.7719783223739038,3.266742254922737,1.8319556576278861,2.0370742628289498,0.0007088998427415765,negative_hard,10.0,0,0,0,1,1,0,0,0,0,1,2,0,0,0,1,1,0,0,0,0
sim_0041_n3_seed297,297,0.001,3,512.0,1,body_1,3.1163256233840357,1.938542682722356,0.001445698812976296,0.0024046844199671524,3.0920662169402475,10.146627963221036,0,1.3911155895918002,2.7049663540584907,-8.082450926768738,9.945904432673043e-05,36.80224419731297,1.1584229460854121e-15,1.3911155895918002,0-1,12,3.599999999999966,3600,,,,,0,3.0920662169402475,9.93949340769246,1.3911155895918002,2.7049663540584907,0.0009394374920746616,negative_baseline,20.0,1,1,1,1,1,0,0,0,0,1,2,0,0,0,1,1,0,0,0,0
sim_0041_n3_seed297,297,0.001,3,512.25,1,body_1,3.1163256233840357,1.938542682722356,0.002210214759701704,0.00761491456850992,9.482805233056002,79.90181858739315,0,0.7970863281724007,4.1383384646354076,-8.082421872567394,0.00010305341339913077,36.80224419731299,1.544563928113883e-15,0.7970863281724007,0-1,12,3.849999999999966,3850,,,,,0,9.482805233056002,74.49943771123006,0.7970863281724007,4.1383384646354076,0.0014361156209844266,negative_hard,10.0,1,1,1,1,1,0,1,0,0,0,-1,0,0,0,1,1,0,0,0,0
sim_0041_n3_seed297,297,0.001,3,512.75,1,body_1,3.1163256233840357,1.938542682722356,0.0017498073594350593,0.00407949150281969,4.849951557113173,23.373300811798646,0,1.1176105207819123,3.2452358144378377,-8.082444133499436,0.00010029945693315692,36.80224419731308,4.054480311298943e-15,1.1176105207819123,0-1,12,4.349999999999966,4350,,,,,0,4.849951557113173,22.713431808772373,1.1176105207819123,3.2452358144378377,0.0011362606498670335,negative_hard,10.0,1,1,1,1,0,1,1,0,0,0,-1,0,0,0,1,1,0,0,0,0
sim_0041_n3_seed297,297,0.001,3,513.0,1,body_1,3.1163256233840357,1.938542682722356,0.0012734422237048715,0.0020298267198581694,2.2866335079600866,5.397924665488087,0,1.6278508749143459,2.321150453373859,-8.082453400174142,9.915305305948774e-05,36.802244197313044,3.089127856227766e-15,1.6278508749143459,0-1,12,4.599999999999966,4600,,,,,0,2.2866335079600866,5.350736342102197,1.6278508749143459,2.321150453373859,0.0008267363076639818,negative_baseline,20.0,0,0,0,1,0,1,0,0,0,0,-1,0,0,0,1,1,0,0,0,0
sim_0041_n3_seed297,297,0.001,3,514.0,1,body_1,3.1163256233840357,1.938542682722356,0.0007655152277059267,0.0009888812558454026,0.8697067891515685,0.4086953564944712,0,2.636261043267559,1.0329463446760239,-8.082455706055768,9.886778658447995e-05,36.80224419731309,4.2475508023131784e-15,2.636261043267559,0-1,12,5.599999999999966,5600,,,,,0,0.8697067891515685,0.40838766345535843,2.636261043267559,1.0329463446760239,0.0004973212235670445,negative_baseline,20.0,0,0,0,0,0,0,0,0,0,0,-1,0,0,0,1,1,0,0,0,0
sim_0041_n3_seed297,297,0.001,3,515.0,1,body_1,3.1163256233840357,1.938542682722356,0.0011967100566960876,0.001255967723240074,0.9025610358912304,0.5100319415252318,0,2.580307338028651,1.1098425026767313,-8.082455676689227,9.887141959390949e-05,36.80224419731308,4.054480311298943e-15,2.580307338028651,0-1,12,6.599999999999966,6600,,,,,0,0.9025610358912304,0.5086838350752102,2.580307338028651,1.1098425026767313,0.000777941918549573,negative_baseline,20.0,0,0,0,0,0,0,0,0,0,1,2,0,0,0,0,0,0,0,0,0
sim_0041_n3_seed297,297,0.001,3,515.55,1,body_1,3.1163256233840357,1.938542682722356,0.0017969558200182693,0.0020143519356535496,1.3367765938472522,1.6983590390500887,0,2.1143753815177706,1.6794977524371255,-8.082455212863342,9.892880067260577e-05,36.80224419731303,2.702986874199295e-15,2.1143753815177706,0-1,12,7.14999999999992,7150,,,,,0,1.3367765938472522,1.688765512172207,2.1143753815177706,1.6794977524371255,0.0011678185174745382,negative_hard,10.0,0,0,0,0,1,0,0,0,0,1,2,0,0,0,1,1,0,0,0,0
sim_0041_n3_seed297,297,0.001,3,516.0,1,body_1,3.1163256233840357,1.938542682722356,0.0027979462023865302,0.004679265519204101,2.9792879938088324,9.411612336557408,0,1.4158022638633938,2.66850342851848,-8.082451409138729,9.939936910947599e-05,36.80224419731293,0.0,1.4158022638633938,0-1,12,7.599999999999966,7600,,,,,0,2.9792879938088324,9.232460731937636,1.4158022638633938,2.66850342851848,0.0018181747302999508,negative_baseline,20.0,1,1,1,1,1,0,0,0,0,1,2,0,0,0,1,1,0,0,0,0
sim_0041_n3_seed297,297,0.001,3,516.05,1,body_1,3.1163256233840357,1.938542682722356,0.002984212612879194,0.005455222586805768,3.4638505513758675,12.593798476436666,0,1.3134379040310746,2.851613042128777,-8.082449795744786,9.959896617364462e-05,36.80224419731294,1.9307049101423537e-16,1.3134379040310746,0-1,12,7.64999999999992,7650,,,,,0,3.4638505513758675,12.301190107781082,1.3134379040310746,2.851613042128777,0.001939215129793755,negative_hard,10.0,1,1,1,1,1,0,1,0,0,1,2,0,0,0,1,1,0,0,0,0
sim_0041_n3_seed297,297,0.001,3,516.55,1,body_1,3.1163256233840357,1.938542682722356,0.005409303064945364,0.031150845600566683,19.87708232199337,246.62747938189383,0,0.5520536119085988,5.231574941834572,-8.082452353385186,9.928255398102937e-05,36.802244197313,1.9307049101423538e-15,0.5520536119085988,0-1,12,8.14999999999992,8150,,,,,0,19.87708232199337,247.46397960089269,0.5520536119085988,5.231574941834572,0.0035143179520769597,negative_hard,10.0,1,1,1,1,0,1,1,1,0,0,-1,0,0,0,1,1,0,0,0,0
sim_0041_n3_seed297,297,0.001,3,517.0,1,body_1,3.1163256233840357,1.938542682722356,0.0025461929487703592,0.003993995767548568,2.442777559055637,5.906327921831145,0,1.5914400080280537,2.386443179456196,-8.082453185555645,9.917960405910285e-05,36.802244197313065,3.668339329270472e-15,1.5914400080280537,0-1,12,8.599999999999966,8600,,,,,0,2.442777559055637,5.8514505950165105,1.5914400080280537,2.386443179456196,0.0016528870016101725,negative_baseline,20.0,0,0,0,1,0,1,0,0,0,0,-1,0,0,0,1,1,0,0,0,0
sim_0041_n3_seed297,297,0.001,3,517.05,1,body_1,3.1163256233840357,1.938542682722356,0.0024203375809619056,0.003620124572931159,2.202498961612037,4.747464027838435,0,1.6782333737869641,2.257714798976407,-8.082453763951913,9.910804918716243e-05,36.80224419731307,3.8614098202847076e-15,1.6782333737869641,0-1,12,8.64999999999992,8650,,,,,0,2.202498961612037,4.710971098843536,1.6782333737869641,2.257714798976407,0.0015709806643098977,negative_hard,10.0,0,0,0,1,0,1,0,0,0,0,-1,0,0,0,1,1,0,0,0,0
sim_0041_n3_seed297,297,0.001,3,518.0,1,body_1,3.1163256233840357,1.938542682722356,0.0013948238218303372,0.0017360123221414664,0.94428872379806,0.4154838346917348,0,2.6303375709899135,1.0364506500088186,-8.082455696703947,9.886894352197487e-05,36.80224419731308,4.054480311298943e-15,2.6303375709899135,0-1,12,9.599999999999966,9600,,,,,0,0.94428872379806,0.4151573837959391,2.6303375709899135,1.0364506500088186,0.0009032059130176368,negative_baseline,20.0,0,0,0,0,0,0,0,0,0,0,-1,0,0,0,0,0,0,0,1,0
sim_0041_n3_seed297,297,0.001,3,519.0,1,body_1,3.1163256233840357,1.938542682722356,0.0018818535963647577,0.002101338996069585,0.9943552591009442,0.5196445662839834,0,2.595538560987601,1.0299048752573108,-8.082455711694191,9.886708904083623e-05,36.80224419731302,2.5099163831850597e-15,2.595538560987601,0-1,12,10.599999999999966,10600,,,,,0,0.9943552591009442,0.5183173606502852,2.595538560987601,1.0299048752573108,0.001226528873742765,negative_baseline,20.0,0,0,0,0,0,0,0,0,0,0,-1,0,0,0,0,0,0,0,1,0
sim_0041_n3_seed297,297,0.001,3,519.9,1,body_1,3.1163256233840357,1.938542682722356,0.004045700076859265,0.006133873549918256,2.488328319273025,6.025460577900387,0,1.600337795706612,2.2934401085021063,-8.082452814397133,9.922552102169458e-05,36.80224419731299,1.544563928113883e-15,1.600337795706612,0-1,12,11.499999999999943,11500,,,,,0,2.488328319273025,5.931467317761133,1.600337795706612,2.2934401085021063,0.002640450293891731,negative_hard,10.0,0,0,0,1,1,0,0,0,0,0,-1,0,0,0,0,0,0,0,0,0
sim_0041_n3_seed297,297,0.001,3,520.0,1,body_1,3.1163256233840357,1.938542682722356,0.004598419077445455,0.008060433587871492,3.2133908767721993,10.34340384491365,0,1.3994933815608994,2.622850754897084,-8.08245003701969,9.95691174422053e-05,36.802244197313,1.9307049101423538e-15,1.3994933815608994,0-1,12,11.599999999999966,11600,,,,,0,3.2133908767721993,10.097659557201185,1.3994933815608994,2.622850754897084,0.0029998200850100704,negative_baseline,20.0,1,1,1,1,1,0,0,0,0,0,-1,0,0,0,0,0,0,0,0,0
sim_0041_n3_seed297,297,0.001,3,520.45,1,body_1,3.1163256233840357,1.938542682722356,0.011156045759647983,0.12367622934194356,51.163688147704306,971.204450155749,0,0.34345914830774626,6.864333231438372,-8.082561290439962,8.580567413510617e-05,36.802244197313044,3.089127856227766e-15,0.34345914830774626,0-1,12,12.050000000000011,12050,,,,,0,51.163688147704306,1336.2861690426823,0.34345914830774626,6.864333231438372,0.007224597138003077,negative_hard,8.0,1,1,1,1,0,1,1,1,0,0,-1,0,0,0,1,1,0,0,0,0
sim_0041_n3_seed297,297,0.001,3,520.65,1,body_1,3.1163256233840357,1.938542682722356,0.005515855246015251,0.014317702718411984,6.2222623104608905,38.38189783714517,0,0.9999085776139418,3.488384364778409,-8.082431059491817,0.00010191687563558804,36.80224419731301,2.1237754011565892e-15,0.9999085776139418,0-1,12,12.249999999999943,12250,,,,,0,6.2222623104608905,36.363912463386846,0.9999085776139418,3.488384364778409,0.0035625361532670313,negative_hard,10.0,1,1,1,1,0,1,1,0,0,0,-1,0,0,0,1,1,0,0,0,0
sim_0041_n3_seed297,297,0.001,3,521.0,1,body_1,3.1163256233840357,1.938542682722356,0.003251990117398591,0.004297194923114365,2.107497519793609,4.176471818787104,0,1.7655297376174368,2.118813696773377,-8.082454014793104,9.907701698601192e-05,36.80224419731299,1.544563928113883e-15,1.7655297376174368,0-1,12,12.599999999999966,12600,,,,,0,2.107497519793609,4.145097706728964,1.7655297376174368,2.118813696773377,0.0021033707102597514,negative_baseline,20.0,0,0,0,1,0,1,0,0,0,0,-1,0,0,0,0,0,0,0,0,0
sim_0041_n3_seed297,297,0.001,3,522.0,1,body_1,3.1163256233840357,1.938542682722356,0.001469366659431836,0.001251964817121702,0.8630937527129455,0.4456575914259715,0,2.8656508445119426,1.0478676132010225,-8.082455887515124,9.884533778647851e-05,36.802244197312895,-9.653524550711769e-16,2.8656508445119426,0-1,12,13.599999999999966,13600,,,,,0,0.8630937527129455,0.44545085443315163,2.8656508445119426,1.0478676132010225,0.00104750418137585,negative_baseline,20.0,0,0,0,0,0,0,0,0,0,0,-1,0,0,0,0,0,0,0,1,0
sim_0041_n3_seed297,297,0.001,3,523.0,1,body_1,3.1163256233840357,1.938542682722356,0.0009581703301337684,0.000650018744515843,0.7041150813023985,0.1947494555699363,0,3.1712976616959123,0.8446504248400751,-8.082455810393103,9.885487874762827e-05,36.80224419731289,-1.1584229460854121e-15,3.1712976616959123,0-1,12,14.599999999999966,14600,,,,,0,0.7041150813023985,0.19465511156042103,3.1712976616959123,0.8446504248400751,0.0009532762410991082,negative_baseline,20.0,0,0,0,0,0,0,0,0,0,0,-1,0,0,0,0,0,0,0,1,0
sim_0041_n3_seed297,297,0.001,3,524.0,1,body_1,3.1163256233840357,1.938542682722356,0.0007628088843737371,0.00021396947252888294,0.8493410140026268,0.47516073807717246,0,2.8122221270845174,1.2661012152033078,-8.082455707986842,9.886754768641276e-05,36.80224419731285,-2.1237754011565892e-15,2.8122221270845174,0-1,12,15.599999999999966,15600,,,,,0,0.8493410140026268,0.47411198820287187,2.8122221270845174,1.2661012152033078,0.0012850188469306968,negative_baseline,20.0,0,0,0,0,0,0,0,0,0,0,-1,0,0,0,0,0,0,0,1,0
sim_0041_n3_seed297,297,0.001,3,524.6,1,body_1,3.1163256233840357,1.938542682722356,0.0007136397000968076,0.0007642678861429177,1.2904864124173185,1.5234435380393174,0,2.2335395696605107,1.8355966917930504,-8.082455361041195,9.891046921400176e-05,36.80224419731291,-5.792114730427061e-16,2.2335395696605107,0-1,12,16.19999999999999,16200,,,,,0,1.2904864124173185,1.5164728922712691,2.2335395696605107,1.8355966917930504,0.001646660545295502,negative_hard,10.0,0,0,0,0,1,0,0,0,0,0,-1,0,0,0,0,0,0,0,0,0
sim_0041_n3_seed297,297,0.001,3,525.0,1,body_1,3.1163256233840357,1.938542682722356,0.0011537269100784326,0.002474328799433417,2.296661140381053,5.2101353213820545,0,1.651577080914129,2.5083812926346463,-8.082454072259448,9.906990767850795e-05,36.80224419731292,-1.9307049101423537e-16,1.651577080914129,0-1,12,16.599999999999966,16600,,,,,0,2.296661140381053,5.158315824968177,1.651577080914129,2.5083812926346463,0.0020690671146073644,negative_baseline,20.0,0,0,0,1,1,0,0,0,0,0,-1,0,0,0,1,1,0,0,0,0
sim_0041_n3_seed297,297,0.001,3,525.1,1,body_1,3.1163256233840357,1.938542682722356,0.0014425772634997578,0.0034679054210907294,2.8563502277924435,7.94835229239069,0,1.4761777059662335,2.759112021779241,-8.082453204899561,9.917721097401783e-05,36.80224419731294,1.9307049101423537e-16,1.4761777059662335,0-1,12,16.69999999999999,16700,,,,,0,2.8563502277924435,7.847793578224218,1.4761777059662335,2.759112021779241,0.0022433464935088664,negative_hard,10.0,1,0,0,1,1,0,0,0,0,0,-1,0,0,0,1,1,0,0,0,0
sim_0041_n3_seed297,297,0.001,3,525.6,1,body_1,3.1163256233840357,1.938542682722356,0.00640379815563229,0.03493761118449939,16.046889135448378,117.02657284273727,0,0.614107215688676,4.9994752739750306,-8.082573349926836,8.431376437181665e-05,36.802244197313,1.9307049101423538e-15,0.614107215688676,0-1,12,17.19999999999999,17200,,,,,0,16.046889135448378,130.7642179806366,0.614107215688676,4.9994752739750306,0.004947539874155668,negative_hard,10.0,1,1,1,1,0,0,1,1,0,0,-1,0,0,0,1,1,0,0,0,0
sim_0041_n3_seed297,297,0.001,3,525.95,1,body_1,3.1163256233840357,1.938542682722356,0.007369876376876563,0.013603180377710973,4.607812959540457,20.534203242349463,0,1.1317117309342792,3.374454820729951,-8.082450693462846,9.94879071914322e-05,36.80224419731304,2.8960573652135305e-15,1.1317117309342792,0-1,12,17.55000000000001,17550,,,,,0,4.607812959540457,20.27817866732661,1.1317117309342792,3.374454820729951,0.005042478327599109,negative_hard,8.0,1,1,1,1,0,1,1,0,0,1,2,0,0,0,1,1,0,0,0,0
sim_0041_n3_seed297,297,0.001,3,526.0,1,body_1,3.1163256233840357,1.938542682722356,0.007278885045527948,0.011737646692478154,3.876058229815923,15.311489017667297,0,1.2311686500624817,3.1755730527514174,-8.082451432585644,9.93964684319804e-05,36.80224419731302,2.5099163831850597e-15,1.2311686500624817,0-1,12,17.599999999999966,17600,,,,,0,3.876058229815923,15.135401284823441,1.2311686500624817,3.1755730527514174,0.004962940453569739,negative_baseline,20.0,1,1,1,1,0,1,1,0,0,1,2,0,0,0,1,1,0,0,0,0
sim_0041_n3_seed297,297,0.001,3,527.0,1,body_1,3.1163256233840357,1.938542682722356,0.006158452098748804,0.0034596043872693635,0.8156594644636769,0.7041944327947821,0,2.633048645630907,1.4610709802279158,-8.08245563476046,9.887660670811798e-05,36.802244197313065,3.668339329270472e-15,2.633048645630907,0-1,12,18.599999999999966,18600,,,,,0,0.8156594644636769,0.7035370755062567,2.633048645630907,1.4610709802279158,0.0044728976024718805,negative_baseline,20.0,0,0,0,0,0,0,0,0,0,1,2,0,0,0,0,0,0,0,0,0
sim_0041_n3_seed297,297,0.001,3,528.0,1,body_1,3.1163256233840357,1.938542682722356,0.005919709404138205,0.0030919033971357583,0.5719362535475627,0.17515333936662666,0,3.174988032533818,0.9306785980645099,-8.082455778775277,9.885879026929252e-05,36.80224419731294,1.9307049101423537e-16,3.174988032533818,0-1,12,19.599999999999966,19600,,,,,0,0.5719362535475627,0.175102944546763,3.174988032533818,0.9306785980645099,0.004963022340102034,negative_baseline,20.0,0,0,0,0,0,0,0,0,0,1,2,0,0,0,0,0,0,0,0,0
sim_0041_n3_seed297,297,0.001,3,528.4,1,body_1,3.1163256233840357,1.938542682722356,0.006092435904388943,0.003307518497508958,0.5677967404131009,0.1484258266170392,0,3.2021582353040694,0.8896018981547817,-8.082455781716227,9.885842643682182e-05,36.80224419731288,-1.3514934370996475e-15,3.2021582353040694,0-1,12,19.999999999999943,20000,,,,,0,0.5677967404131009,0.14829918213103122,3.2021582353040694,0.8896018981547817,0.005360681923222764,negative_hard,8.0,0,0,0,0,0,0,0,0,0,1,2,0,0,0,0,0,0,0,0,0
sim_0041_n3_seed297,297,0.001,3,528.8,1,body_1,3.1163256233840357,1.938542682722356,0.006469038429275085,0.0037280233163527,0.6024850614805813,0.20429092701952098,0,3.1236266567564,0.9567219455104485,-8.082455767321624,9.886020722971497e-05,36.802244197312895,-9.653524550711769e-16,3.1236266567564,0-1,12,20.39999999999992,20400,,,,,0,0.6024850614805813,0.20397484042760475,3.1236266567564,0.9567219455104485,0.00587836713653545,negative_hard,8.0,0,0,0,0,0,0,0,0,0,0,-1,0,0,0,0,0,0,0,1,0
sim_0041_n3_seed297,297,0.001,3,529.0,1,body_1,3.1163256233840357,1.938542682722356,0.006749972645886701,0.004045060849036483,0.6378035864213507,0.2661160535929943,0,3.0431506563111586,1.0309784086645497,-8.08245575047174,9.88622917718077e-05,36.80224419731289,-1.1584229460854121e-15,3.0431506563111586,0-1,12,20.599999999999966,20600,,,,,0,0.6378035864213507,0.265634223504484,3.0431506563111586,1.0309784086645497,0.0061881504143685585,negative_baseline,20.0,0,0,0,0,0,0,0,0,0,0,-1,0,0,0,0,0,0,0,1,0
sim_0041_n3_seed297,297,0.001,3,529.2,1,body_1,3.1163256233840357,1.938542682722356,0.007105278035132465,0.004466485522309734,0.6895929705931723,0.35874009404374524,0,2.93356348599648,1.1322868014435261,-8.082455722544903,9.886574667164333e-05,36.802244197312866,-1.7376344191281184e-15,2.93356348599648,0-1,12,20.80000000000001,20800,,,,,0,0.6895929705931723,0.3579828185636142,2.93356348599648,1.1322868014435261,0.006538290152716374,negative_hard,8.0,0,0,0,0,0,0,0,0,0,0,-1,0,0,0,0,0,0,0,1,0
sim_0041_n3_seed297,297,0.001,3,529.6,1,body_1,3.1163256233840357,1.938542682722356,0.008103590302764824,0.005842326271129619,0.8732680457116959,0.7221968013519797,0,2.6187875283408104,1.4237374601004118,-8.082455594318823,9.888160984586346e-05,36.80224419731292,-1.9307049101423537e-16,2.6187875283408104,0-1,12,21.19999999999999,21200,,,,,0,0.8732680457116959,0.7199245500754845,2.6187875283408104,1.4237374601004118,0.007398463496826673,negative_hard,8.0,0,0,0,0,0,0,0,0,0,0,-1,0,0,0,0,0,0,0,1,0
sim_0041_n3_seed297,297,0.001,3,530.0,1,body_1,3.1163256233840357,1.938542682722356,0.009708191658225382,0.008918923899168731,1.30159085887903,1.83575700781401,0,2.153619631994079,1.8817564951437464,-8.082455128485833,9.893923922869252e-05,36.802244197312895,-9.653524550711769e-16,2.153619631994079,0-1,12,21.599999999999966,21600,,,,,0,1.30159085887903,1.8250260998892345,2.153619631994079,1.8817564951437464,0.00861717431148669,negative_hard,8.0,0,0,0,0,1,0,0,0,0,0,-1,0,0,0,1,1,0,0,0,0
sim_0041_n3_seed297,297,0.001,3,530.2,1,body_1,3.1163256233840357,1.938542682722356,0.010935745289957402,0.012264585918358542,1.7688836008834834,3.4705186692087056,0,1.8501964506215236,2.222863516082059,-8.08245438010181,9.903182371778095e-05,36.80224419731292,-1.9307049101423537e-16,1.8501964506215236,0-1,12,21.80000000000001,21800,,,,,0,1.7688836008834834,3.438937878788232,1.8501964506215236,2.222863516082059,0.009495301420541728,negative_pre_failure,1.0,0,0,0,1,1,0,0,0,0,0,-1,0,0,0,1,1,0,0,0,0
sim_0041_n3_seed297,297,0.001,3,530.25,1,body_1,3.1163256233840357,1.938542682722356,0.011317726593831021,0.013522419943295689,1.9440472840957375,4.1898965291905474,0,1.7654121784048213,2.327723003129518,-8.082454042436344,9.907359717048002e-05,36.80224419731294,1.9307049101423537e-16,1.7654121784048213,0-1,12,21.849999999999966,21850,,,,,0,1.9440472840957375,4.14645716204818,1.7654121784048213,2.327723003129518,0.009764151926236104,negative_pre_failure,1.0,0,0,0,1,1,0,0,0,0,0,-1,0,0,0,1,1,0,0,0,0
sim_0041_n3_seed297,297,0.001,3,530.3,1,body_1,3.1163256233840357,1.938542682722356,0.011740737932717881,0.01505048956389662,2.1564418878293803,4.665213890707782,0,1.6766654583294804,2.44322482728318,-8.082453595622622,9.912887363134612e-05,36.80224419731294,1.9307049101423537e-16,1.6766654583294804,0-1,13,0.0,0,0.01006042863055739,21.89999999999992,0.011740737932717883,0.01505048956389662,1,2.1564418878293803,5.075370466750513,1.6766654583294804,2.44322482728318,0.01006042863055739,correction,1.0,0,0,0,1,1,0,0,0,0,0,-1,0,0,0,1,1,0,0,0,0
sim_0041_n3_seed297,297,0.001,3,530.4,1,body_1,3.1163256233840357,1.938542682722356,9.308165885420048e-08,2.3081951159593577e-07,2.690292487593121,7.861034481829503,0,1.5016873008069014,2.692370003396974,-8.083253521557065,1.6800373919006846e-07,36.80224419731292,-1.9307049101423537e-16,1.5016873008069014,0-1,13,0.10000000000002274,100,,,,,0,2.690292487593121,7.736287677063752,1.5016873008069014,2.692370003396974,6.051467939202474e-08,negative_hard,10.0,0,0,1,1,1,0,0,0,0,0,-1,0,0,0,1,1,0,0,0,0
sim_0041_n3_seed297,297,0.001,3,530.9,1,body_1,3.1163256233840357,1.938542682722356,4.617272312350511e-06,6.639721700400551e-05,27.21325733616167,260.2116966898057,0,0.4714919482414312,5.823317643518907,-8.0836174704867,-4.4857043108596914e-05,36.80224419731297,1.1584229460854121e-15,0.4714919482414312,0-1,13,0.6000000000000227,600,,,,,0,27.21325733616167,336.3711277755102,0.4714919482414312,5.823317643518907,2.999649579037626e-06,negative_hard,10.0,1,1,1,1,0,0,1,1,0,0,-1,0,0,0,1,1,0,0,0,0
sim_0041_n3_seed297,297,0.001,3,531.0,1,body_1,3.1163256233840357,1.938542682722356,8.832319505697071e-06,8.894433843517468e-05,16.094125733266736,162.38820770975857,0,0.6124907756976273,4.996659429310242,-8.083276106857259,-2.6260811350458376e-06,36.80224419731301,2.1237754011565892e-15,0.6124907756976273,0-1,13,0.7000000000000455,700,,,,,0,16.094125733266736,166.4340528231996,0.6124907756976273,4.996659429310242,5.737821056078014e-06,negative_baseline,20.0,1,1,1,1,0,1,1,1,0,0,-1,0,0,0,1,1,0,0,0,0
sim_0041_n3_seed297,297,0.001,3,531.4,1,body_1,3.1163256233840357,1.938542682722356,2.8367052945023943e-05,4.977229883087466e-05,2.5268633983307356,7.419795736457819,0,1.5275629992394677,2.660742021584267,-8.083253741633051,1.4077757978297195e-07,36.80224419731302,2.5099163831850597e-15,1.5275629992394677,0-1,13,1.1000000000000227,1100,,,,,0,2.5268633983307356,7.34302103816321,1.5275629992394677,2.660742021584267,1.842810477386225e-05,negative_hard,10.0,0,0,1,1,0,1,0,0,0,1,2,0,0,0,1,1,0,0,0,0
sim_0041_n3_seed297,297,0.001,3,532.0,1,body_1,3.1163256233840357,1.938542682722356,4.624585143194713e-05,2.9879616932188674e-05,0.9427530919336727,1.0837771049968268,0,2.442523199370572,1.6216463111488846,-8.083256667652115,-2.2120767343096132e-07,36.8022441973131,4.6336917843416485e-15,2.442523199370572,0-1,13,1.7000000000000455,1700,,,,,0,0.9427530919336727,1.0819262021537788,2.442523199370572,1.6216463111488846,3.0046693068585314e-05,negative_baseline,20.0,0,0,0,0,0,0,0,0,0,1,2,0,0,0,1,1,0,0,0,0
sim_0041_n3_seed297,297,0.001,3,533.0,1,body_1,3.1163256233840357,1.938542682722356,5.9869352860292694e-05,1.7223196652668543e-05,0.5290623271133005,0.21071979691201587,0,3.198025825589056,0.9350565005691229,-8.083256975721001,-2.5931965808894666e-07,36.80224419731315,5.985185221441297e-15,3.198025825589056,0-1,13,2.7000000000000455,2700,,,,,0,0.5290623271133005,0.21067262222181538,3.198025825589056,0.9350565005691229,3.891649456822069e-05,negative_baseline,20.0,0,0,0,0,0,0,0,0,0,1,2,0,0,0,0,0,0,0,0,0
sim_0041_n3_seed297,297,0.001,3,534.0,1,body_1,3.1163256233840357,1.938542682722356,6.03587901969457e-05,1.745061554166822e-05,0.5131776757975124,0.1531062713750187,0,3.2829490754618527,0.8337221904227833,-8.083256985046182,-2.604732998788707e-07,36.802244197313165,6.371326203469767e-15,3.2829490754618527,0-1,13,3.7000000000000455,3700,,,,,0,0.5131776757975124,0.15291812442738256,3.2829490754618527,0.8337221904227833,3.9232036089058614e-05,negative_baseline,20.0,0,0,0,0,0,0,0,0,0,1,2,0,0,0,0,0,0,0,0,0
sim_0041_n3_seed297,297,0.001,3,535.0,1,body_1,3.1163256233840357,1.938542682722356,4.977378634559956e-05,2.8151698392713956e-05,0.791416060367041,0.6522715853935689,0,2.7092410991059195,1.3531376652426315,-8.083256810995513,-2.3894104937069083e-07,36.8022441973132,7.336678658540944e-15,2.7092410991059195,0-1,13,4.7000000000000455,4700,,,,,0,0.791416060367041,0.6503173089931623,2.7092410991059195,1.3531376652426315,3.226094552618268e-05,negative_baseline,20.0,0,0,0,0,0,0,0,0,0,0,-1,0,0,0,1,1,0,0,0,0
sim_0041_n3_seed297,297,0.001,3,535.5,1,body_1,3.1163256233840357,1.938542682722356,4.032336742935001e-05,4.0059240909075434e-05,1.350811874664337,2.146040161046872,0,2.0980895232378236,1.9450913384105617,-8.083256115858472,-1.529438797133543e-07,36.80224419731319,7.143608167526709e-15,2.0980895232378236,0-1,13,5.2000000000000455,5200,,,,,0,1.350811874664337,2.1312618330163446,2.0980895232378236,1.9450913384105617,2.6004016083114614e-05,negative_hard,10.0,0,0,0,0,1,0,0,0,0,0,-1,0,0,0,1,1,0,0,0,0
sim_0041_n3_seed297,297,0.001,3,536.0,1,body_1,3.1163256233840357,1.938542682722356,3.05397071880694e-05,7.971527088547202e-05,4.781512421087349,24.088170847040285,0,1.1238696266523147,3.368577590893409,-8.083244450006458,1.2902683148760265e-06,36.8022441973132,7.336678658540944e-15,1.1238696266523147,0-1,13,5.7000000000000455,5700,,,,,0,4.781512421087349,23.199913459196434,1.1238696266523147,3.368577590893409,1.9478568905199715e-05,negative_hard,10.0,1,1,1,1,1,0,1,0,0,0,-1,0,0,0,1,1,0,0,0,0
sim_0041_n3_seed297,297,0.001,3,536.5,1,body_1,3.1163256233840357,1.938542682722356,5.457104074816602e-05,0.00025058709415311454,8.69359166546511,70.39682208852706,0,0.8325981187303646,4.129463707663765,-8.083225647734277,3.6163451812146613e-06,36.802244197313286,9.653524550711769e-15,0.8325981187303646,0-1,13,6.2000000000000455,6200,,,,,0,8.69359166546511,66.68527445458413,0.8325981187303646,4.129463707663765,3.5973719645301307e-05,negative_hard,10.0,1,1,1,1,0,1,1,0,0,0,-1,0,0,0,1,1,0,0,0,0
sim_0041_n3_seed297,297,0.001,3,537.0,1,body_1,3.1163256233840357,1.938542682722356,0.00010046112730924206,0.00011039981383601373,1.585533927794044,3.107918012591195,0,1.9231925925123643,2.1455802708948255,-8.08325563109287,-9.297229535722327e-08,36.80224419731319,7.143608167526709e-15,1.9231925925123643,0-1,13,6.7000000000000455,6700,,,,,0,1.585533927794044,3.0910728977747084,1.9231925925123643,2.1455802708948255,6.561870449003817e-05,negative_hard,10.0,0,0,0,0,0,1,0,0,0,0,-1,0,0,0,1,1,0,0,0,0
sim_0041_n3_seed297,297,0.001,3,538.0,1,body_1,3.1163256233840357,1.938542682722356,0.00015005233462972564,5.294098212261779e-05,0.5967115255385224,0.34382305070667407,0,3.038121203707102,1.0757719664080907,-8.0832569306824,-2.537478181739528e-07,36.8022441973131,4.6336917843416485e-15,3.038121203707102,0-1,13,7.7000000000000455,7700,,,,,0,0.5967115255385224,0.343660844642081,3.038121203707102,1.0757719664080907,9.762319160119464e-05,negative_baseline,20.0,0,0,0,0,0,0,0,0,0,1,2,0,0,0,0,0,0,0,0,0
sim_0041_n3_seed297,297,0.001,3,539.0,1,body_1,3.1163256233840357,1.938542682722356,0.00016147363388791504,4.0137720032008394e-05,0.47551960107755686,0.11696579710311907,0,3.3725543966286278,0.7532014082705782,-8.083256992560715,-2.6140294184956306e-07,36.80224419731305,3.2821983472420013e-15,3.3725543966286278,0-1,13,8.700000000000045,8700,,,,,0,0.47551960107755686,0.11690334958264709,3.3725543966286278,0.7532014082705782,0.00010490411291388564,negative_baseline,20.0,0,0,0,0,0,0,0,0,0,1,2,0,0,0,0,0,0,0,0,0
sim_0041_n3_seed297,297,0.001,3,540.0,1,body_1,3.1163256233840357,1.938542682722356,0.00014288001672828294,5.74572227535438e-05,0.5916760194169061,0.3143699444125404,0,3.0752747968912106,1.03106930935476,-8.083256935445762,-2.543371059185936e-07,36.8022441973131,4.6336917843416485e-15,3.0752747968912106,0-1,13,9.700000000000045,9700,,,,,0,0.5916760194169061,0.3137594106507564,3.0752747968912106,1.03106930935476,9.262320053140875e-05,negative_baseline,20.0,0,0,0,0,0,0,0,0,0,1,2,0,0,0,0,0,0,0,0,0
sim_0041_n3_seed297,297,0.001,3,541.0,1,body_1,3.1163256233840357,1.938542682722356,9.526702177129921e-05,0.00010901880939290958,1.482496140185799,2.681610148873286,0,1.9974085707559723,2.0573015022177485,-8.083255803951708,-1.1435710146931019e-07,36.802244197313094,4.4406212933274135e-15,1.9974085707559723,0-1,13,10.700000000000045,10700,,,,,0,1.482496140185799,2.6594052334379867,1.9974085707559723,2.0573015022177485,6.106253186257225e-05,negative_baseline,20.0,0,0,0,0,1,0,0,0,0,0,-1,0,0,0,1,1,0,0,0,0
sim_0041_n3_seed297,297,0.001,3,541.05,1,body_1,3.1163256233840357,1.938542682722356,9.226799922383879e-05,0.00011417171320598364,1.6198822801631483,3.1987888985381105,0,1.9132395858988152,2.1526736208200785,-8.083255524925715,-7.983808684233893e-08,36.802244197313065,3.668339329270472e-15,1.9132395858988152,0-1,13,10.75,10750,,,,,0,1.6198822801631483,3.16863056243752,1.9132395858988152,2.1526736208200785,5.9054004368302196e-05,negative_hard,10.0,0,0,0,0,1,0,0,0,0,0,-1,0,0,0,1,1,0,0,0,0
sim_0041_n3_seed297,297,0.001,3,541.55,1,body_1,3.1163256233840357,1.938542682722356,7.434527064402785e-05,0.00031068927456113674,9.814660667594596,89.4838110922346,0,0.7844540273657171,4.289480958613144,-8.083214603761796,4.982623078664676e-06,36.802244197313065,3.668339329270472e-15,0.7844540273657171,0-1,13,11.25,11250,,,,,0,9.814660667594596,82.48639839724876,0.7844540273657171,4.289480958613144,4.6855143058474095e-05,negative_hard,10.0,1,1,1,1,1,0,1,1,0,0,-1,0,0,0,1,1,0,0,0,0
sim_0041_n3_seed297,297,0.001,3,542.0,1,body_1,3.1163256233840357,1.938542682722356,0.0001296069681548185,0.00038943086685012496,5.384994383819873,30.71269251769205,0,1.0573265161295735,3.517818070625599,-8.083240035852137,1.8363545618210794e-06,36.80224419731294,1.9307049101423537e-16,1.0573265161295735,0-1,13,11.700000000000045,11700,,,,,0,5.384994383819873,29.57739126893813,1.0573265161295735,3.517818070625599,8.650530279613727e-05,negative_baseline,20.0,1,1,1,1,0,1,1,0,0,0,-1,0,0,0,1,1,0,0,0,0
sim_0041_n3_seed297,297,0.001,3,542.05,1,body_1,3.1163256233840357,1.938542682722356,0.00013736563237531452,0.0003450736386471674,4.277272105979354,20.17796404289044,0,1.1853340556541496,3.2411824531863025,-8.083245795131255,1.1238595083537777e-06,36.80224419731292,-1.9307049101423537e-16,1.1853340556541496,0-1,13,11.75,11750,,,,,0,4.277272105979354,19.62379037264279,1.1853340556541496,3.2411824531863025,9.150941438448443e-05,negative_hard,10.0,1,1,1,1,0,1,1,0,0,0,-1,0,0,0,1,1,0,0,0,0
sim_0041_n3_seed297,297,0.001,3,542.55,1,body_1,3.1163256233840357,1.938542682722356,0.0002055620478304138,0.00017528200300890844,1.2653043724229165,1.9655016830821617,0,2.151977191109638,1.8930603830262949,-8.083256180635036,-1.6095755310628537e-07,36.80224419731288,-1.3514934370996475e-15,2.151977191109638,0-1,13,12.25,12250,,,,,0,1.2653043724229165,1.958373648167559,2.151977191109638,1.8930603830262949,0.00013530987371338144,negative_hard,10.0,0,0,0,0,0,1,0,0,0,0,-1,0,0,0,1,1,0,0,0,0
sim_0041_n3_seed297,297,0.001,3,543.0,1,body_1,3.1163256233840357,1.938542682722356,0.00024655890859601035,0.00012125807937283041,0.7765369953986216,0.6754938494268716,0,2.709899310797262,1.361271271773074,-8.083256796173497,-2.3710738015752243e-07,36.80224419731285,-2.1237754011565892e-15,2.709899310797262,0-1,13,12.700000000000045,12700,,,,,0,0.7765369953986216,0.6747091031546631,2.709899310797262,1.361271271773074,0.00016163372537551264,negative_baseline,20.0,0,0,0,0,0,0,0,0,0,1,2,0,0,0,1,1,0,0,0,0
sim_0041_n3_seed297,297,0.001,3,544.0,1,body_1,3.1163256233840357,1.938542682722356,0.00028561440176255574,7.106718951289363e-05,0.49279499907273483,0.15113476245622723,0,3.3234031965818014,0.8011566852501167,-8.08325698377202,-2.603156701566908e-07,36.802244197312895,-9.653524550711769e-16,3.3234031965818014,0-1,13,13.700000000000045,13700,,,,,0,0.49279499907273483,0.15110789314054235,3.3234031965818014,0.8011566852501167,0.00018654098729715228,negative_baseline,20.0,0,0,0,0,0,0,0,0,0,1,2,0,0,0,0,0,0,0,0,0
sim_0041_n3_seed297,297,0.001,3,545.0,1,body_1,3.1163256233840357,1.938542682722356,0.0002672755321656578,8.20475841905112e-05,0.5049799725622678,0.17881647335184983,0,3.2787892920292165,0.8498477067601516,-8.08325697735861,-2.595222508790771e-07,36.80224419731298,1.3514934370996475e-15,3.2787892920292165,0-1,13,14.700000000000045,14700,,,,,0,0.5049799725622678,0.17855813783099514,3.2787892920292165,0.8498477067601516,0.00017426563444204344,negative_baseline,20.0,0,0,0,0,0,0,0,0,0,1,2,0,0,0,0,0,0,0,0,0
sim_0041_n3_seed297,297,0.001,3,546.0,1,body_1,3.1163256233840357,1.938542682722356,0.00019382097754636998,0.00013797644641418415,0.8658239336710652,0.8925450029123738,0,2.561577788189164,1.501849241815743,-8.08325670807639,-2.2620866326547887e-07,36.80224419731319,7.143608167526709e-15,2.561577788189164,0-1,13,15.700000000000045,15700,,,,,0,0.8658239336710652,0.8892518780774304,2.561577788189164,1.501849241815743,0.0001259622282608401,negative_baseline,20.0,0,0,0,0,0,0,0,0,0,1,2,0,0,0,1,1,0,0,0,0
sim_0041_n3_seed297,297,0.001,3,546.45,1,body_1,3.1163256233840357,1.938542682722356,0.00014114511271212665,0.00018576052524983393,1.56147477834235,3.0353703496067364,0,1.9362200394759321,2.130990048282758,-8.08325564577677,-9.478887797606367e-08,36.80224419731319,7.143608167526709e-15,1.9362200394759321,0-1,13,16.15000000000009,16150,,,,,0,1.56147477834235,3.0083499524348802,1.9362200394759321,2.130990048282758,9.10616759559523e-05,negative_hard,10.0,0,0,0,0,1,0,0,0,0,1,2,0,0,0,1,1,0,0,0,0
sim_0041_n3_seed297,297,0.001,3,546.95,1,body_1,3.1163256233840357,1.938542682722356,8.406803752950249e-05,0.00037069535999473345,8.51576532455055,68.8046579304694,0,0.8410318556340781,4.1030734959329065,-8.08322456372047,3.750451283628593e-06,36.80224419731324,8.495101604626357e-15,0.8410318556340781,0-1,13,16.65000000000009,16650,,,,,0,8.51576532455055,64.27227248934884,0.8410318556340781,4.1030734959329065,5.215576354684975e-05,negative_hard,10.0,1,1,1,1,1,0,1,0,0,0,-1,0,0,0,1,1,0,0,0,0
sim_0041_n3_seed297,297,0.001,3,547.0,1,body_1,3.1163256233840357,1.938542682722356,8.482067392651425e-05,0.00045448965512695196,12.375548994287277,129.74282180946747,0,0.6982328538311566,4.613915613138135,-8.083209825942998,5.57369918223368e-06,36.80224419731326,8.881242586654827e-15,0.6982328538311566,0-1,13,16.700000000000045,16700,,,,,0,12.375548994287277,119.86348351072232,0.6982328538311566,4.613915613138135,5.260102899392114e-05,negative_baseline,20.0,1,1,1,1,1,0,1,1,0,0,-1,0,0,0,1,1,0,0,0,0
sim_0041_n3_seed297,297,0.001,3,547.45,1,body_1,3.1163256233840357,1.938542682722356,0.0001900075739413195,0.0005136607360699789,4.7821261846124825,24.253427266488334,0,1.1240309048709562,3.368448322377578,-8.083244023294288,1.343057961615629e-06,36.802244197313236,8.30203111361212e-15,1.1240309048709562,0-1,13,17.15000000000009,17150,,,,,0,4.7821261846124825,23.520989642805432,1.1240309048709562,3.368448322377578,0.0001293294332191333,negative_hard,10.0,1,1,1,1,0,1,1,0,0,0,-1,0,0,0,1,1,0,0,0,0
sim_0041_n3_seed297,297,0.001,3,547.95,1,body_1,3.1163256233840357,1.938542682722356,0.0002917666272525019,0.0002520905699917984,1.3462747480973747,2.1204702620372564,0,2.104214440427487,1.936992527625136,-8.083256112798441,-1.525653155709586e-07,36.80224419731325,8.688172095640592e-15,2.104214440427487,0-1,13,17.65000000000009,17650,,,,,0,1.3462747480973747,2.1122131045553503,2.104214440427487,1.936992527625136,0.00019498588049881088,negative_hard,10.0,0,0,0,0,0,1,0,0,0,0,-1,0,0,0,1,1,0,0,0,0
sim_0041_n3_seed297,297,0.001,3,548.0,1,body_1,3.1163256233840357,1.938542682722356,0.000299509513556608,0.0002401265277538454,1.2537667742991958,1.8255726770857175,0,2.1786218025897086,1.8587839440921146,-8.083256260861653,-1.7088259167756186e-07,36.80224419731326,8.881242586654827e-15,2.1786218025897086,0-1,13,17.700000000000045,17700,,,,,0,1.2537667742991958,1.8194287408824292,2.1786218025897086,1.8587839440921146,0.00019996682740891215,negative_baseline,20.0,0,0,0,0,0,1,0,0,0,0,-1,0,0,0,1,1,0,0,0,0
sim_0041_n3_seed297,297,0.001,3,549.0,1,body_1,3.1163256233840357,1.938542682722356,0.00038959165938787796,0.00011640678114941128,0.5927705704345291,0.25081121086342273,0,3.1175152920942115,0.974284248298441,-8.083256952057438,-2.56392178514735e-07,36.802244197313264,9.074313077669062e-15,3.1175152920942115,0-1,13,18.700000000000045,18700,,,,,0,0.5927705704345291,0.2507173930407761,3.1175152920942115,0.974284248298441,0.0002577939574237111,negative_baseline,20.0,0,0,0,0,0,0,0,0,0,0,-1,0,0,0,0,0,0,0,1,0
sim_0041_n3_seed297,297,0.001,3,550.0,1,body_1,3.1163256233840357,1.938542682722356,0.00038749497650315324,9.86905815128877e-05,0.5194944913481153,0.13207943664243604,0,3.294540705200976,0.8249116052387426,-8.083256985710186,-2.605554454963004e-07,36.802244197313314,1.042580651476871e-14,3.294540705200976,0-1,13,19.700000000000045,19700,,,,,0,0.5194944913481153,0.13192763492003784,3.294540705200976,0.8249116052387426,0.0002558218904569714,negative_baseline,20.0,0,0,0,0,0,0,0,0,0,1,2,0,0,0,0,0,0,0,0,0
sim_0041_n3_seed297,297,0.001,3,551.0,1,body_1,3.1163256233840357,1.938542682722356,0.0003034380248518067,0.00015191932484415457,0.7064325955039618,0.5214482050803136,0,2.8103446532666547,1.3022338500179755,-8.083256873951136,-2.4672944944899295e-07,36.802244197313335,1.1005017987811415e-14,2.8103446532666547,0-1,13,20.700000000000045,20700,,,,,0,0.7064325955039618,0.5201485423027854,2.8103446532666547,1.3022338500179755,0.00020049266282453108,negative_baseline,20.0,0,0,0,0,0,0,0,0,0,1,2,0,0,0,0,0,0,0,0,0
sim_0041_n3_seed297,297,0.001,3,551.7,1,body_1,3.1163256233840357,1.938542682722356,0.00018422008634407883,0.00022300528062039449,1.4255509016365608,2.5692573983189133,0,1.9963400070844444,2.0921574467090913,-8.083256050989124,-1.4491872794051094e-07,36.802244197313165,6.371326203469767e-15,1.9963400070844444,0-1,13,21.40000000000009,21400,,,,,0,1.4255509016365608,2.5510809959670824,1.9963400070844444,2.0921574467090913,0.00012314578864257842,negative_hard,10.0,0,0,0,0,1,0,0,0,0,1,2,0,0,0,0,0,0,0,0,0
sim_0041_n3_seed297,297,0.001,3,552.0,1,body_1,3.1163256233840357,1.938542682722356,0.00011380955645553122,0.00026004171352326204,2.674483623706728,8.38220286959838,0,1.4741040971071608,2.7600210893372146,-8.083253558530958,1.6342960501478194e-07,36.802244197313144,5.792114730427061e-15,1.4741040971071608,0-1,13,21.700000000000045,21700,,,,,0,2.674483623706728,8.252570023239254,1.4741040971071608,2.7600210893372146,7.942469660814778e-05,negative_baseline,20.0,0,0,1,1,1,0,0,0,0,1,2,0,0,0,1,1,0,0,0,0
sim_0041_n3_seed297,297,0.001,3,552.2,1,body_1,3.1163256233840357,1.938542682722356,7.459935778698997e-05,0.0002699713697262619,5.4017147377811385,28.779994757797034,0,1.0472626612223828,3.558375832688329,-8.083246886524016,9.888405367496032e-07,36.802244197313115,5.019832766370119e-15,1.0472626612223828,0-1,13,21.90000000000009,21900,,,,,0,5.4017147377811385,27.93412359013683,1.0472626612223828,3.558375832688329,5.867693083685411e-05,negative_hard,10.0,1,1,1,1,1,0,1,0,0,1,2,0,0,0,1,1,0,0,0,0
sim_0041_n3_seed297,297,0.001,3,552.7,1,body_1,3.1163256233840357,1.938542682722356,7.96171612166478e-05,0.0004265844189636307,8.104678375283234,54.31753313962596,0,0.8681595071297433,4.0326974383709375,-8.083244038990522,1.3411161406684965e-06,36.80224419731305,3.2821983472420013e-15,0.8681595071297433,0-1,13,22.40000000000009,22400,,,,,0,8.104678375283234,53.04545733156462,0.8681595071297433,4.0326974383709375,6.497591620082089e-05,negative_hard,10.0,1,1,1,1,0,1,1,0,0,0,-1,0,0,0,1,1,0,0,0,0
sim_0041_n3_seed297,297,0.001,3,553.0,1,body_1,3.1163256233840357,1.938542682722356,0.00018830424900443914,0.00034696322782620256,2.6929717113531444,7.459877684548789,0,1.5186016013210586,2.686396283032271,-8.083253933945201,1.1698615503271394e-07,36.80224419731302,2.5099163831850597e-15,1.5186016013210586,0-1,13,22.700000000000045,22700,,,,,0,2.6929717113531444,7.386690375311015,1.5186016013210586,2.686396283032271,0.00013362379527544527,negative_baseline,20.0,0,0,1,1,0,1,0,0,0,0,-1,0,0,0,1,1,0,0,0,0
sim_0041_n3_seed297,297,0.001,3,554.0,1,body_1,3.1163256233840357,1.938542682722356,0.0004016493716837281,0.00017557080079189387,0.8432271686209768,0.47482121847107317,0,2.8026878263453296,1.2409896403101406,-8.083256891469134,-2.4889664545853156e-07,36.802244197313044,3.089127856227766e-15,2.8026878263453296,0-1,13,23.700000000000045,23700,,,,,0,0.8432271686209768,0.4744373408037364,2.8026878263453296,1.2409896403101406,0.0002707227386984051,negative_baseline,20.0,0,0,0,0,0,0,0,0,0,0,-1,0,0,0,0,0,0,0,1,0
sim_0041_n3_seed297,297,0.001,3,555.0,1,body_1,3.1163256233840357,1.938542682722356,0.0004718108332191762,0.00014992387951055593,0.6908519393819674,0.1639858052513123,0,3.1786804722351123,0.7671011626057944,-8.08325700544189,-2.629965047681488e-07,36.80224419731303,2.702986874199295e-15,3.1786804722351123,0-1,13,24.700000000000045,24700,,,,,0,0.6908519393819674,0.16385044219801895,3.1786804722351123,0.7671011626057944,0.000318492094103026,negative_baseline,20.0,0,0,0,0,0,0,0,0,0,0,-1,0,0,0,0,0,0,0,1,0
sim_0041_n3_seed297,297,0.001,3,556.0,1,body_1,3.1163256233840357,1.938542682722356,0.0004579946650724962,0.00024289491446520504,0.900666795925009,0.5734401633183768,0,2.7753695649883343,1.109235999546695,-8.083256945457306,-2.5557565941508727e-07,36.802244197312994,1.7376344191281184e-15,2.7753695649883343,0-1,13,25.700000000000045,25700,,,,,0,0.900666795925009,0.5718681597867007,2.7753695649883343,1.109235999546695,0.00031859966099089,negative_baseline,20.0,0,0,0,0,0,0,0,0,0,0,-1,0,0,0,0,0,0,0,1,0
sim_0041_n3_seed297,297,0.001,3,556.3000000000001,1,body_1,3.1163256233840357,1.938542682722356,0.0004435751561595487,0.0003098624520398923,1.1113580724893912,1.0524010565675224,0,2.4743843000172245,1.4004383296245528,-8.083256746494076,-2.3096141269693486e-07,36.80224419731291,-5.792114730427061e-16,2.4743843000172245,0-1,13,26.000000000000114,26000,,,,,0,1.1113580724893912,1.0478309974634996,2.4743843000172245,1.4004383296245528,0.0003137718518012747,negative_hard,10.0,0,0,0,0,1,0,0,0,0,0,-1,0,0,0,0,0,0,0,0,0
sim_0041_n3_seed297,297,0.001,3,556.8000000000001,1,body_1,3.1163256233840357,1.938542682722356,0.000435097465698476,0.0005872322808828366,2.244352326154482,5.423606654440983,0,1.693109100587261,2.2902763058380673,-8.083253916227333,1.1917807751017624e-07,36.80224419731292,-1.9307049101423537e-16,1.693109100587261,0-1,13,26.500000000000114,26500,,,,,0,2.244352326154482,5.33564124896448,1.693109100587261,2.2902763058380673,0.00031358099393174376,negative_hard,10.0,0,0,0,1,1,0,0,0,0,0,-1,0,0,0,0,0,0,0,0,0
sim_0041_n3_seed297,297,0.001,3,557.0,1,body_1,3.1163256233840357,1.938542682722356,0.0004690129396620365,0.0009787842752073527,4.183268419788281,19.594389763475505,0,1.2211724152470245,3.063325846946956,-8.083242694323356,1.5074683323541217e-06,36.80224419731295,5.792114730427061e-16,1.2211724152470245,0-1,13,26.700000000000045,26700,,,,,0,4.183268419788281,18.713167297788953,1.2211724152470245,3.063325846946956,0.00033169526923790775,negative_baseline,20.0,1,1,1,1,1,0,1,0,0,0,-1,0,0,0,1,1,0,0,0,0
sim_0041_n3_seed297,297,0.001,3,557.3000000000001,1,body_1,3.1163256233840357,1.938542682722356,0.0010389168407533569,0.031056838745279515,201.3819072966686,980.8381803005327,0,0.17312959617535834,10.008397944171419,-8.100264048299735,-0.0021042474818660523,36.80224419731296,7.722819640569415e-16,0.17312959617535834,0-1,13,27.000000000000114,27000,,,,,0,201.3819072966686,12828.495112349674,0.17312959617535834,10.008397944171419,0.0006489131284154111,negative_hard,10.0,1,1,1,1,0,0,1,1,0,0,-1,0,0,0,1,1,0,0,0,0
sim_0041_n3_seed297,297,0.001,3,557.8000000000001,1,body_1,3.1163256233840357,1.938542682722356,0.0007242596001541557,0.0010933761355063562,2.1560136338905784,5.048284095533002,0,1.7362606652083983,2.2783926962413728,-8.083254169107231,8.789366273887228e-08,36.802244197312966,9.653524550711769e-16,1.7362606652083983,0-1,13,27.500000000000114,27500,,,,,0,2.1560136338905784,4.994989889085588,1.7362606652083983,2.2783926962413728,0.0005237724393567154,negative_hard,10.0,0,0,0,1,0,1,0,0,0,0,-1,0,0,0,0,0,0,0,0,0
sim_0041_n3_seed297,297,0.001,3,558.0,1,body_1,3.1163256233840357,1.938542682722356,0.000860402457918248,0.0008560677078476335,1.5008380116098077,2.3169538962657414,0,2.1057051904544655,1.8581085422514203,-8.083256008376773,-1.3964704572635617e-07,36.80224419731297,1.1584229460854121e-15,2.1057051904544655,0-1,13,27.700000000000045,27700,,,,,0,1.5008380116098077,2.3058764759731694,2.1057051904544655,1.8581085422514203,0.0006176446636664309,negative_baseline,20.0,0,0,0,0,0,1,0,0,0,0,-1,0,0,0,0,0,0,0,0,0
sim_0041_n3_seed297,297,0.001,3,559.0,1,body_1,3.1163256233840357,1.938542682722356,0.0012774752327856483,0.0002682355505830908,0.6871107149153136,0.3151088612011177,0,3.205949782178623,0.9238493943062827,-8.08325699379266,-2.615553488121895e-07,36.8022441973128,-3.4752688382562368e-15,3.205949782178623,0-1,13,28.700000000000045,28700,,,,,0,0.6871107149153136,0.31499779929055594,3.205949782178623,0.9238493943062827,0.0008978221591454703,negative_baseline,20.0,0,0,0,0,0,0,0,0,0,0,-1,0,0,0,0,0,0,0,1,0
sim_0041_n3_seed297,297,0.001,3,560.0,1,body_1,3.1163256233840357,1.938542682722356,0.0013537184113731433,0.00012960205148168075,0.5531605859100431,0.11603214035800291,0,3.5735374976056242,0.6881166258156187,-8.083257005423444,-2.6299422280504173e-07,36.802244197312795,-3.668339329270472e-15,3.5735374976056242,0-1,13,29.700000000000045,29700,,,,,0,0.5531605859100431,0.11601107640726228,3.5735374976056242,0.6881166258156187,0.0009553788829090053,negative_baseline,20.0,0,0,0,0,0,0,0,0,0,0,-1,0,0,0,0,0,0,0,1,0
sim_0041_n3_seed297,297,0.001,3,561.0,1,body_1,3.1163256233840357,1.938542682722356,0.0012871616265793355,0.0005340235209688538,0.5977200787565272,0.1932395265510687,0,3.380367956484999,0.9547385431122265,-8.083256978069308,-2.5961017304525805e-07,36.8022441973129,-7.722819640569415e-16,3.380367956484999,0-1,13,30.700000000000045,30700,,,,,0,0.5977200787565272,0.1929781229485356,3.380367956484999,0.9547385431122265,0.0009547092954646656,negative_baseline,20.0,0,0,0,0,0,0,0,0,0,0,-1,0,0,0,0,0,0,0,1,0
sim_0041_n3_seed297,297,0.001,3,562.0,1,body_1,3.1163256233840357,1.938542682722356,0.0017578579821841017,0.0014592483426133522,0.961427518386453,0.8762783241292562,0,2.5969935214953765,1.62679523602799,-8.083256760406794,-2.3268259040269557e-07,36.80224419731288,-1.3514934370996475e-15,2.5969935214953765,0-1,13,31.700000000000045,31700,,,,,0,0.961427518386453,0.8734492718283575,2.5969935214953765,1.62679523602799,0.0013228586151910844,negative_baseline,20.0,0,0,0,0,0,0,0,0,0,0,-1,0,0,0,0,0,0,0,1,0
sim_0041_n3_seed297,297,0.001,3,562.45,1,body_1,3.1163256233840357,1.938542682722356,0.002636477439884198,0.0028649837969108786,1.5833363259324877,2.6395603215947037,0,1.9975830067398976,2.186223514873366,-8.083256102963174,-1.5134856972170406e-07,36.80224419731281,-3.2821983472420013e-15,1.9975830067398976,0-1,13,32.15000000000009,32150,,,,,0,1.5833363259324877,2.6220577724656415,1.9975830067398976,2.186223514873366,0.0019081111592312247,negative_hard,10.0,0,0,0,0,1,0,0,0,0,0,-1,0,0,0,0,0,0,0,0,0
sim_0041_n3_seed297,297,0.001,3,562.95,1,body_1,3.1163256233840357,1.938542682722356,0.005219872680284872,0.01193991368565184,5.26159096748533,24.692959510546252,0,1.0797990580892558,3.541772883724198,-8.083251173815484,4.584488156555118e-07,36.802244197312845,-2.3168458921708242e-15,1.0797990580892558,0-1,13,32.65000000000009,32650,,,,,0,5.26159096748533,24.21294170130175,1.0797990580892558,3.541772883724198,0.003618084124068,negative_hard,10.0,1,1,1,1,1,0,1,0,0,0,-1,0,0,0,1,1,0,0,0,0
sim_0041_n3_seed297,297,0.001,3,563.0,1,body_1,3.1163256233840357,1.938542682722356,0.005715412789687241,0.014976359617059285,6.425729579477784,34.48901626578199,0,0.975710724164207,3.787725768827454,-8.083251564851704,4.100727312540237e-07,36.80224419731286,-1.9307049101423538e-15,0.975710724164207,0-1,13,32.700000000000045,32700,,,,,0,6.425729579477784,33.86529858786499,0.975710724164207,3.787725768827454,0.003946030460694957,negative_baseline,20.0,1,1,1,1,1,0,1,0,0,0,-1,0,0,0,1,1,0,0,0,0
sim_0041_n3_seed297,297,0.001,3,563.35,1,body_1,3.1163256233840357,1.938542682722356,0.008471518520353107,0.035403690830924255,12.720108397163507,93.63836959319976,0,0.6872856514193023,4.712215081505275,-8.083303534500388,-6.019224557807106e-06,36.8022441973129,-7.722819640569415e-16,0.6872856514193023,0-1,13,33.05000000000007,33050,,,,,0,12.720108397163507,98.9280551269828,0.6872856514193023,4.712215081505275,0.005686379914097205,negative_hard,8.0,1,1,1,1,0,1,1,1,0,0,-1,0,0,0,1,1,0,0,0,0
sim_0041_n3_seed297,297,0.001,3,563.8000000000001,1,body_1,3.1163256233840357,1.938542682722356,0.005282572710617456,0.0068836449563381965,2.3735837504917487,6.657037919822935,0,1.5649417003184936,2.7010717373946562,-8.083254655214718,2.775607040136861e-08,36.80224419731283,-2.702986874199295e-15,1.5649417003184936,0-1,13,33.500000000000114,33500,,,,,0,2.3735837504917487,6.60706666259665,1.5649417003184936,2.7010717373946562,0.0034834369512577353,negative_hard,10.0,0,0,1,1,0,1,0,0,0,1,2,0,0,0,1,1,0,0,0,0
sim_0041_n3_seed297,297,0.001,3,564.0,1,body_1,3.1163256233840357,1.938542682722356,0.004514536643083305,0.004620943686489548,1.580590773575601,3.1240207919849237,0,1.9097097454711336,2.27514750144813,-8.083255916565237,-1.282888073039286e-07,36.80224419731281,-3.2821983472420013e-15,1.9097097454711336,0-1,13,33.700000000000045,33700,,,,,0,1.580590773575601,3.110900596413372,1.9097097454711336,2.27514750144813,0.0029747044768264723,negative_baseline,20.0,0,0,0,0,0,1,0,0,0,1,2,0,0,0,1,1,0,0,0,0
sim_0041_n3_seed297,297,0.001,3,565.0,1,body_1,3.1163256233840357,1.938542682722356,0.0025012631264033514,0.001878531400842127,0.6287977542478633,0.37189474469742095,0,3.0473911969853016,1.2282600269236172,-8.083256927943891,-2.5340903038020357e-07,36.80224419731276,-4.6336917843416485e-15,3.0473911969853016,0-1,13,34.700000000000045,34700,,,,,0,0.6287977542478633,0.37172403001036525,3.0473911969853016,1.2282600269236172,0.0018001181506893521,negative_baseline,20.0,0,0,0,0,0,0,0,0,0,1,2,0,0,0,0,0,0,0,0,0
sim_0041_n3_seed297,297,0.001,3,566.0,1,body_1,3.1163256233840357,1.938542682722356,0.0017169747604905664,0.0015352619759669403,0.49735758302507205,0.11494919346949842,0,3.473699000106763,0.8378159540422303,-8.08325699459974,-2.616551948069748e-07,36.80224419731287,-1.544563928113883e-15,3.473699000106763,0-1,13,35.700000000000045,35700,,,,,0,0.49735758302507205,0.11492076783121495,3.473699000106763,0.8378159540422303,0.0016506353229697275,negative_baseline,20.0,0,0,0,0,0,0,0,0,0,1,2,0,0,0,0,0,0,0,0,0
sim_0041_n3_seed297,297,0.001,3,567.0,1,body_1,3.1163256233840357,1.938542682722356,0.002147553976088173,0.0018845739104283246,0.5563153428719168,0.19805724310100584,0,3.3053604199053805,0.9722424290779234,-8.08325697176696,-2.5883049367320525e-07,36.802244197312895,-9.653524550711769e-16,3.3053604199053805,0-1,13,36.700000000000045,36700,,,,,0,0.5563153428719168,0.19774451352312244,3.3053604199053805,0.9722424290779234,0.002165423393454769,negative_baseline,20.0,0,0,0,0,0,0,0,0,0,0,-1,0,0,0,0,0,0,0,1,0
sim_0041_n3_seed297,297,0.001,3,568.0,1,body_1,3.1163256233840357,1.938542682722356,0.004086429934831171,0.003740921481042697,0.9967273004998093,1.0800681325452943,0,2.4740172851233035,1.681000674004528,-8.083256636948246,-2.1740921969834977e-07,36.8022441973129,-7.722819640569415e-16,2.4740172851233035,0-1,13,37.700000000000045,37700,,,,,0,0.9967273004998093,1.0756102485101837,2.4740172851233035,1.681000674004528,0.003433844536340294,negative_baseline,20.0,0,0,0,0,1,0,0,0,0,0,-1,0,0,0,1,1,0,0,0,0
sim_0041_n3_seed297,297,0.001,3,568.2,1,body_1,3.1163256233840357,1.938542682722356,0.004780384040380279,0.00481250675757709,1.2566830463408372,1.7933735827031498,0,2.203403801910673,1.9349086359184091,-8.083256321191378,-1.7834613527656106e-07,36.80224419731289,-1.1584229460854121e-15,2.203403801910673,0-1,13,37.90000000000009,37900,,,,,0,1.2566830463408372,1.7829240131892157,2.203403801910673,1.9349086359184091,0.003881311362535163,negative_hard,10.0,0,0,0,0,1,0,0,0,0,0,-1,0,0,0,1,1,0,0,0,0
sim_0041_n3_seed297,297,0.001,3,568.8000000000001,1,body_1,3.1163256233840357,1.938542682722356,0.009188568125888062,0.0223787233161951,5.3537270301620685,28.134855445923492,0,1.065717901135744,3.556702701985755,-8.083245396165834,1.173216534285071e-06,36.80224419731298,1.3514934370996475e-15,1.065717901135744,0-1,13,38.500000000000114,38500,,,,,0,5.3537270301620685,27.211567957041744,1.065717901135744,3.556702701985755,0.006838553074629284,negative_hard,8.0,1,1,1,1,1,0,1,0,0,0,-1,0,0,0,1,1,0,0,0,0
sim_0041_n3_seed297,297,0.001,3,568.95,1,body_1,3.1163256233840357,1.938542682722356,0.012222568202855624,0.05409779679758974,12.486144110965379,112.80863182964855,0,0.6969716892047996,4.663353273469865,-8.083248609990829,7.756260781563518e-07,36.80224419731297,1.1584229460854121e-15,0.6969716892047996,0-1,13,38.65000000000009,38650,,,,,0,12.486144110965379,110.49216147972417,0.6969716892047996,4.663353273469865,0.00894357618630901,negative_pre_failure,1.0,1,1,1,1,1,0,1,1,0,0,-1,0,0,0,1,1,0,0,0,0
sim_0041_n3_seed297,297,0.001,3,569.0,1,body_1,3.1163256233840357,1.938542682722356,0.01365439011385145,0.07764512959958773,17.647696371007623,176.2102040015018,0,0.5859724512767477,5.169537984134057,-8.083311554752587,-7.011430336140985e-06,36.802244197312994,1.7376344191281184e-15,0.5859724512767477,0-1,13,38.700000000000045,38700,,,,,0,17.647696371007623,185.77519848137717,0.5859724512767477,5.169537984134057,0.009942477165432468,negative_pre_failure,1.0,1,1,1,1,1,0,1,1,0,0,-1,0,0,0,1,1,0,0,0,0
sim_0041_n3_seed297,297,0.001,3,569.0500000000001,1,body_1,3.1163256233840357,1.938542682722356,0.01503093289372248,0.10602099912883414,23.604357664155266,219.41222611499447,0,0.5064342797741116,5.6241499756203,-8.083487332046005,-2.8757285939660996e-05,36.802244197312966,9.653524550711769e-16,0.5064342797741116,0-1,14,0.0,0,0.010898816551979726,38.750000000000114,0.01503093289372248,0.10602099912883413,1,23.604357664155266,275.06072362590675,0.5064342797741116,5.6241499756203,0.010898816551979726,correction,1.0,1,1,1,1,0,0,1,1,0,0,-1,0,0,0,1,1,0,0,0,0
sim_0041_n3_seed297,297,0.001,3,569.25,1,body_1,3.1163256233840357,1.938542682722356,8.500539063993064e-06,8.131027247598624e-05,11.03382619901149,94.83249623024861,0,0.7387835511437956,4.500742218593877,-8.08302997462508,2.7823562708278168e-05,36.80224419731296,7.722819640569415e-16,0.7387835511437956,0-1,14,0.1999999999999318,200,,,,,0,11.03382619901149,92.90032818223534,0.7387835511437956,4.500742218593877,5.52222123157629e-06,negative_hard,10.0,1,1,1,1,0,1,1,1,0,0,-1,0,0,0,1,1,0,0,0,0
sim_0041_n3_seed297,297,0.001,3,569.75,1,body_1,3.1163256233840357,1.938542682722356,4.679086602345352e-05,8.281789900850847e-05,1.7317835752819335,3.8671238388103206,0,1.8300414043219773,2.348272586268711,-8.083042905599743,2.6223838976286155e-05,36.802244197312945,3.8614098202847074e-16,1.8300414043219773,0-1,14,0.6999999999999318,700,,,,,0,1.7317835752819335,3.8439285182315213,1.8300414043219773,2.348272586268711,3.0397873104778814e-05,negative_hard,10.0,0,0,0,1,0,1,0,0,0,1,2,0,0,0,1,1,0,0,0,0
sim_0041_n3_seed297,297,0.001,3,570.0,1,body_1,3.1163256233840357,1.938542682722356,6.50020906012396e-05,8.149476435273828e-05,1.1361991108599072,1.7453274879481175,0,2.2344921774912327,1.9287503522880494,-8.083043899772422,2.6100847348134513e-05,36.80224419731296,7.722819640569415e-16,2.2344921774912327,0-1,14,0.9499999999999318,950,,,,,0,1.1361991108599072,1.740377019341319,2.2344921774912327,1.9287503522880494,4.222984431398073e-05,negative_baseline,20.0,0,0,0,0,0,1,0,0,0,1,2,0,0,0,1,1,0,0,0,0
sim_0041_n3_seed297,297,0.001,3,571.0,1,body_1,3.1163256233840357,1.938542682722356,0.00013508226928127422,8.894647262311308e-05,0.5000370682791463,0.27687100479407306,0,3.264557029801955,1.076435550326396,-8.08304449875904,2.6026745191583565e-05,36.80224419731303,2.702986874199295e-15,3.264557029801955,0-1,14,1.9499999999999318,1950,,,,,0,0.5000370682791463,0.276787607988628,3.264557029801955,1.076435550326396,8.773003401536713e-05,negative_baseline,20.0,0,0,0,0,0,0,0,0,0,1,2,0,0,0,0,0,0,0,0,0
sim_0041_n3_seed297,297,0.001,3,572.0,1,body_1,3.1163256233840357,1.938542682722356,0.00021394459801963583,0.00011637599865486855,0.39631234944407073,0.08998036545468334,0,3.6515036341563536,0.735034073949022,-8.083044544940666,2.6021031945332793e-05,36.80224419731297,1.1584229460854121e-15,3.6515036341563536,0-1,14,2.949999999999932,2950,,,,,0,0.39631234944407073,0.0899673153334737,3.6515036341563536,0.735034073949022,0.0001387322202459776,negative_baseline,20.0,0,0,0,0,0,0,0,0,0,1,2,0,0,0,0,0,0,0,0,0
sim_0041_n3_seed297,297,0.001,3,573.0,1,body_1,3.1163256233840357,1.938542682722356,0.00032378884674274627,0.00017751608118155262,0.44228856658095034,0.1473501545470833,0,3.505758074263449,0.8363496145487916,-8.083044527488344,2.6023191016463675e-05,36.80224419731304,2.8960573652135305e-15,3.505758074263449,0-1,14,3.949999999999932,3950,,,,,0,0.44228856658095034,0.14714253477062234,3.505758074263449,0.8363496145487916,0.0002095075853442389,negative_baseline,20.0,0,0,0,0,0,0,0,0,0,1,2,0,0,0,0,0,0,0,0,0
sim_0041_n3_seed297,297,0.001,3,574.0,1,body_1,3.1163256233840357,1.938542682722356,0.0005180930997474979,0.00035736589183886985,0.7520472956460363,0.689585972641941,0,2.759450617463076,1.433200690471335,-8.083044312915687,2.6049736345013674e-05,36.80224419731308,4.054480311298943e-15,2.759450617463076,0-1,14,4.949999999999932,4950,,,,,0,0.7520472956460363,0.6873305472804413,2.759450617463076,1.433200690471335,0.0003349282033179688,negative_baseline,20.0,0,0,0,0,0,0,0,0,0,1,2,0,0,0,0,0,0,0,0,0
sim_0041_n3_seed297,297,0.001,3,574.5,1,body_1,3.1163256233840357,1.938542682722356,0.0007112695694673987,0.0006807532577370935,1.3838034602951128,2.473812437073069,0,2.064762013513893,2.064614047864379,-8.083043384775127,2.6164558972011255e-05,36.802244197313144,5.792114730427061e-15,2.064762013513893,0-1,14,5.449999999999932,5450,,,,,0,1.3838034602951128,2.4537265800993593,2.064762013513893,2.064614047864379,0.0004601848139525862,negative_hard,10.0,0,0,0,0,1,0,0,0,0,0,-1,0,0,0,1,1,0,0,0,0
sim_0041_n3_seed297,297,0.001,3,575.0,1,body_1,3.1163256233840357,1.938542682722356,0.0012408435951746582,0.0031545181290952144,6.40495515228701,43.31507518103594,0,0.9706724809949409,3.775298201549983,-8.083019339309057,2.9139284676947685e-05,36.802244197313165,6.371326203469767e-15,0.9706724809949409,0-1,14,5.949999999999932,5950,,,,,0,6.40495515228701,40.74724479342088,0.9706724809949409,3.775298201549983,0.00080490179594733,negative_hard,10.0,1,1,1,1,1,0,1,0,0,0,-1,0,0,0,1,1,0,0,0,0
sim_0041_n3_seed297,297,0.001,3,575.5,1,body_1,3.1163256233840357,1.938542682722356,0.0011312006051516716,0.0027349518070799803,5.449557199586386,32.61855548741026,0,1.0494985676822515,3.5834842627926204,-8.083025290905749,2.8402997527810117e-05,36.80224419731321,7.52974914955518e-15,1.0494985676822515,0-1,14,6.449999999999932,6450,,,,,0,5.449557199586386,31.279571765231537,1.0494985676822515,3.5834842627926204,0.000738663486290336,negative_hard,10.0,1,1,1,1,0,1,1,0,0,0,-1,0,0,0,1,1,0,0,0,0
sim_0041_n3_seed297,297,0.001,3,576.0,1,body_1,3.1163256233840357,1.938542682722356,0.0006717045340675692,0.0007348749506321128,1.2879049454128992,2.2749511493471246,0,2.1140072211347176,2.022757726115151,-8.083043501245085,2.615015017766177e-05,36.80224419731325,8.688172095640592e-15,2.1140072211347176,0-1,14,6.949999999999932,6950,,,,,0,1.2879049454128992,2.2650899134767437,2.1140072211347176,2.022757726115151,0.0004393878419417255,negative_hard,10.0,0,0,0,0,0,1,0,0,0,0,-1,0,0,0,1,1,0,0,0,0
sim_0041_n3_seed297,297,0.001,3,577.0,1,body_1,3.1163256233840357,1.938542682722356,0.0004755023550948632,0.0003523995537031427,0.4782976622616318,0.3007267444816624,0,3.2629402434095787,1.0681944074889707,-8.083044480505423,2.6029003392958668e-05,36.802244197313314,1.042580651476871e-14,3.2629402434095787,0-1,14,7.949999999999932,7950,,,,,0,0.4782976622616318,0.30061353155474874,3.2629402434095787,1.0681944074889707,0.00030812660190183115,negative_baseline,20.0,0,0,0,0,0,0,0,0,0,1,2,0,0,0,0,0,0,0,0,0
sim_0041_n3_seed297,297,0.001,3,578.0,1,body_1,3.1163256233840357,1.938542682722356,0.000492038675127397,0.0002978397412399314,0.32397218443270964,0.09012236540250006,0,3.731607308366571,0.7187413563583857,-8.083044544662858,2.6021066313666215e-05,36.80224419731331,1.0232736023754475e-14,3.731607308366571,0-1,14,8.949999999999932,8950,,,,,0,0.32397218443270964,0.09012743421953018,3.731607308366571,0.7187413563583857,0.00031493664553359244,negative_baseline,20.0,0,0,0,0,0,0,0,0,0,1,2,0,0,0,0,0,0,0,0,0
sim_0041_n3_seed297,297,0.001,3,579.0,1,body_1,3.1163256233840357,1.938542682722356,0.0005970920962506727,0.0003423937701726569,0.3015175367481487,0.07083314634908988,0,3.721110446362908,0.7511999783500155,-8.083044547676801,2.6020693451135224e-05,36.80224419731335,1.1391158969839887e-14,3.721110446362908,0-1,14,9.949999999999932,9950,,,,,0,0.3015175367481487,0.07074748358400193,3.721110446362908,0.7511999783500155,0.00038214583204535896,negative_baseline,20.0,0,0,0,0,0,0,0,0,0,1,2,0,0,0,0,0,0,0,0,0
sim_0041_n3_seed297,297,0.001,3,580.0,1,body_1,3.1163256233840357,1.938542682722356,0.0008197205957904332,0.0005354795361515236,0.40495218392558113,0.2681499648882329,0,3.2597996491159633,1.1012703687541028,-8.083044501514419,2.6026404316751714e-05,36.80224419731341,1.293572289795377e-14,3.2597996491159633,0-1,14,10.949999999999932,10950,,,,,0,0.40495218392558113,0.26767920472819884,3.2597996491159633,1.1012703687541028,0.0005279571525678101,negative_baseline,20.0,0,0,0,0,0,0,0,0,0,1,2,0,0,0,0,0,0,0,0,0
sim_0041_n3_seed297,297,0.001,3,580.9,1,body_1,3.1163256233840357,1.938542682722356,0.001318785781665854,0.0011988060748573713,0.9119309926586309,1.3583589213923188,0,2.3622083988587317,1.785551804169197,-8.083044084963815,2.607793685036518e-05,36.80224419731348,1.4866427808096124e-14,2.3622083988587317,0-1,14,11.849999999999909,11850,,,,,0,0.9119309926586309,1.3521732863098748,2.3622083988587317,1.785551804169197,0.0008511513340943628,negative_hard,10.0,0,0,0,0,1,0,0,0,0,1,2,0,0,0,0,0,0,0,0,0
sim_0041_n3_seed297,297,0.001,3,581.0,1,body_1,3.1163256233840357,1.938542682722356,0.0014180178194635148,0.00137450805290697,1.0549104906069504,1.7548249125635675,0,2.2224332988867803,1.9104309737399658,-8.083043910218606,2.6099555024124247e-05,36.80224419731347,1.4673357317081887e-14,2.2224332988867803,0-1,14,11.949999999999932,11950,,,,,0,1.0549104906069504,1.7452404350787922,2.2224332988867803,1.9104309737399658,0.0009150673086311698,negative_baseline,20.0,0,0,0,0,1,0,0,0,0,1,2,0,0,0,0,0,0,0,0,0
sim_0041_n3_seed297,297,0.001,3,581.4,1,body_1,3.1163256233840357,1.938542682722356,0.0020509921171980726,0.0029970315218724574,2.398746574720447,7.330473753599102,0,1.5417182047024864,2.6780675531739297,-8.08304124075828,2.6429800743880373e-05,36.802244197313485,1.505949829911036e-14,1.5417182047024864,0-1,14,12.349999999999909,12350,,,,,0,2.398746574720447,7.219861013691786,1.5417182047024864,2.6780675531739297,0.0013224981814369504,negative_hard,10.0,0,0,0,1,1,0,0,0,0,1,2,0,0,0,1,1,0,0,0,0
sim_0041_n3_seed297,297,0.001,3,581.9,1,body_1,3.1163256233840357,1.938542682722356,0.004883418719713188,0.034860881376572644,27.869754774372662,268.39794550370453,0,0.4663351013313652,5.872796852561392,-8.083424160124288,-2.0942126989716394e-05,36.80224419731338,1.2163440933896829e-14,0.4663351013313652,0-1,14,12.849999999999909,12850,,,,,0,27.869754774372662,350.3397743702465,0.4663351013313652,5.872796852561392,0.003160378821093487,negative_hard,10.0,1,1,1,1,0,0,1,1,0,0,-1,0,0,0,1,1,0,0,0,0
sim_0041_n3_seed297,297,0.001,3,582.0,1,body_1,3.1163256233840357,1.938542682722356,0.004399130610614475,0.022832325960384682,17.909087217170608,186.19098700941225,0,0.5825922882939987,5.1634451499201335,-8.083084661896798,2.105806136852648e-05,36.80224419731333,1.081194749679718e-14,0.5825922882939987,0-1,14,12.949999999999932,12950,,,,,0,17.909087217170608,195.33374177997806,0.5825922882939987,5.1634451499201335,0.0028559310562513225,negative_baseline,20.0,1,1,1,1,0,1,1,1,0,0,-1,0,0,0,1,1,0,0,0,0
sim_0041_n3_seed297,297,0.001,3,582.4,1,body_1,3.1163256233840357,1.938542682722356,0.002439093637388954,0.0036073531532146235,2.6734792565436725,7.67373915918774,0,1.5138420244135895,2.694485364761724,-8.08304104443781,2.645408804817991e-05,36.80224419731334,1.1198088478825652e-14,1.5138420244135895,0-1,14,13.349999999999909,13350,,,,,0,2.6734792565436725,7.587860617199861,1.5138420244135895,2.694485364761724,0.0016036442955291298,negative_hard,10.0,0,0,1,1,0,1,0,0,0,0,-1,0,0,0,1,1,0,0,0,0
sim_0041_n3_seed297,297,0.001,3,583.0,1,body_1,3.1163256233840357,1.938542682722356,0.00154175056907782,0.001489700301312727,1.0460745316360258,0.9932851016254469,0,2.4376068442374588,1.6102037606715756,-8.08304422814744,2.606022324030466e-05,36.802244197313286,9.653524550711769e-15,2.4376068442374588,0-1,14,13.949999999999932,13950,,,,,0,1.0460745316360258,0.991316698260289,2.4376068442374588,1.6102037606715756,0.0010445641784839804,negative_baseline,20.0,0,0,0,0,0,0,0,0,0,0,-1,0,0,0,0,0,0,0,1,0
sim_0041_n3_seed297,297,0.001,3,584.0,1,body_1,3.1163256233840357,1.938542682722356,0.0009851944331069286,0.0009524590607223,0.6818576827297985,0.18417525947638563,0,3.125818784282371,0.9456246968050956,-8.083044561593569,2.6018971772382094e-05,36.80224419731329,9.846595041726004e-15,3.125818784282371,0-1,14,14.949999999999932,14950,,,,,0,0.6818576827297985,0.18404536053682205,3.125818784282371,0.9456246968050956,0.0007279307678758108,negative_baseline,20.0,0,0,0,0,0,0,0,0,0,0,-1,0,0,0,0,0,0,0,1,0
sim_0041_n3_seed297,297,0.001,3,585.0,1,body_1,3.1163256233840357,1.938542682722356,0.0010743372759950806,0.0009286950022880225,0.7543915262237281,0.3844926420821962,0,3.0091653989872067,1.0964208682062209,-8.083044559115358,2.6019278358213022e-05,36.80224419731329,9.846595041726004e-15,3.0091653989872067,0-1,14,15.949999999999932,15950,,,,,0,0.7543915262237281,0.3839158023113285,3.0091653989872067,1.0964208682062209,0.000786129466618211,negative_baseline,20.0,0,0,0,0,0,0,0,0,0,0,-1,0,0,0,0,0,0,0,1,0
sim_0041_n3_seed297,297,0.001,3,586.0,1,body_1,3.1163256233840357,1.938542682722356,0.001652378323527033,0.0014460211712960665,1.516672140421777,2.4570384835225605,0,2.0361692316444846,2.086179435903954,-8.08304377615567,2.611614029067209e-05,36.802244197313335,1.1005017987811415e-14,2.0361692316444846,0-1,14,16.949999999999932,16950,,,,,0,1.516672140421777,2.440964590447843,2.0361692316444846,2.086179435903954,0.001102135178506522,negative_hard,10.0,0,0,0,0,1,0,0,0,0,1,2,0,0,0,0,0,0,0,0,0
sim_0041_n3_seed297,297,0.001,3,586.5,1,body_1,3.1163256233840357,1.938542682722356,0.002164279297586711,0.0035824966302085604,4.898653795195087,23.928359313853427,0,1.1027188326395119,3.487607549522872,-8.083036597154148,2.700427281008482e-05,36.80224419731339,1.2549581915925299e-14,1.1027188326395119,0-1,14,17.449999999999932,17450,,,,,0,4.898653795195087,23.329184158800707,1.1027188326395119,3.487607549522872,0.0013689284175698734,negative_hard,10.0,1,1,1,1,1,0,1,0,0,1,2,0,0,0,1,1,0,0,0,0
sim_0041_n3_seed297,297,0.001,3,587.0,1,body_1,3.1163256233840357,1.938542682722356,0.0011884156810167397,0.0025605612552684455,8.73496514108639,59.88587138593874,0,0.8350325589245141,4.183208108168389,-8.083037231726074,2.6925768304767738e-05,36.802244197313414,1.3128793388968005e-14,0.8350325589245141,0-1,14,17.949999999999932,17950,,,,,0,8.73496514108639,59.143186483524396,0.8350325589245141,4.183208108168389,0.0008452934335872449,negative_hard,10.0,1,1,1,1,0,1,1,0,0,0,-1,0,0,0,1,1,0,0,0,0
sim_0041_n3_seed297,297,0.001,3,587.5,1,body_1,3.1163256233840357,1.938542682722356,0.0013382808006422568,0.0004937284490540572,1.8867426988467835,3.7214030626597747,0,1.8538875558888028,2.3664115549123292,-8.083043220150074,2.618492515563378e-05,36.802244197313414,1.3128793388968005e-14,1.8538875558888028,0-1,14,18.449999999999932,18450,,,,,0,1.8867426988467835,3.7028945322688425,1.8538875558888028,2.3664115549123292,0.0009178399494572192,negative_hard,10.0,0,0,0,1,0,1,0,0,0,0,-1,0,0,0,0,0,0,0,0,0
sim_0041_n3_seed297,297,0.001,3,588.0,1,body_1,3.1163256233840357,1.938542682722356,0.0014836777256364217,0.00027342960260324356,1.0149317625990704,1.0311075012437712,0,2.588020403118181,1.7402510597489431,-8.08304432120936,2.6048710313615772e-05,36.80224419731349,1.5252568790124594e-14,2.588020403118181,0-1,14,18.949999999999932,18950,,,,,0,1.0149317625990704,1.029791105659659,2.588020403118181,1.7402510597489431,0.0010069125374573568,negative_baseline,20.0,0,0,0,0,0,1,0,0,0,0,-1,0,0,0,0,0,0,0,0,0
sim_0041_n3_seed297,297,0.001,3,589.0,1,body_1,3.1163256233840357,1.938542682722356,0.001433650393162453,0.0003631176327850784,0.5631867700415331,0.27391211972866275,0,3.567158769531874,1.2434435383195999,-8.083044562776992,2.6018825368098805e-05,36.802244197313414,1.3128793388968005e-14,3.567158769531874,0-1,14,19.949999999999932,19950,,,,,0,0.5631867700415331,0.2738792712313277,3.567158769531874,1.2434435383195999,0.0010667680601016301,negative_baseline,20.0,0,0,0,0,0,0,0,0,0,0,-1,0,0,0,0,0,0,0,1,0
sim_0041_n3_seed297,297,0.001,3,590.0,1,body_1,3.1163256233840357,1.938542682722356,0.0012238981521400089,0.0005074208607190454,0.417004337077976,0.1363316032917581,0,4.1987069973320414,1.0917122757244033,-8.083044583867753,2.601621617644869e-05,36.80224419731332,1.0618877005782945e-14,4.1987069973320414,0-1,14,20.949999999999932,20950,,,,,0,0.417004337077976,0.13633559866990522,4.1987069973320414,1.0917122757244033,0.0012320891897862692,negative_baseline,20.0,0,0,0,0,0,0,0,0,0,0,-1,0,0,0,0,0,0,0,1,0
sim_0041_n3_seed297,297,0.001,3,591.0,1,body_1,3.1163256233840357,1.938542682722356,0.0010831139862461233,0.0006819311321584788,0.34567631392707354,0.09145983606723304,0,4.650555356401917,1.0693428152297195,-8.083044584634317,2.601612134290542e-05,36.80224419731342,1.332186387998224e-14,4.614297106336362,0-2,14,21.949999999999932,21950,,,,,0,0.34567631392707354,0.09146398655419052,4.650555356401917,1.0693428152297195,0.0017054591298811073,negative_baseline,20.0,0,0,0,0,0,0,0,0,0,0,-1,0,0,0,0,0,0,0,1,0
sim_0041_n3_seed297,297,0.001,3,592.0,1,body_1,3.1163256233840357,1.938542682722356,0.001330368196558545,0.000936338198886751,0.3028783511555728,0.07273390814485073,0,5.0119596683025085,1.101360871101839,-8.083044582407133,2.6016396873468777e-05,36.80224419731343,1.3514934370996475e-14,4.627429569198273,0-2,14,22.949999999999932,22950,,,,,0,0.3028783511555728,0.07273688002996952,5.0119596683025085,1.101360871101839,0.0025487669749354827,negative_baseline,20.0,0,0,0,0,0,0,0,0,0,0,-1,0,0,0,0,0,0,0,1,0
sim_0041_n3_seed297,297,0.001,3,593.0,1,body_1,3.1163256233840357,1.938542682722356,0.0021371913882299995,0.0012998175464132141,0.2730824002810771,0.06370283444553806,0,5.344446100013602,1.1636241672638714,-8.0830445779421,2.6016949254020233e-05,36.80224419731344,1.3901075353024947e-14,4.497648982662051,0-2,14,23.949999999999932,23950,,,,,0,0.2730824002810771,0.06370511162399235,5.344446100013602,1.1636241672638714,0.0037993710080563375,negative_baseline,20.0,0,0,0,0,0,0,0,0,0,0,-1,0,0,0,0,0,0,0,1,0
sim_0041_n3_seed297,297,0.001,3,594.0,1,body_1,3.1163256233840357,1.938542682722356,0.003475157718830129,0.0017705602947087882,0.24976287292792324,0.05896143635144238,0,5.702542515267019,1.2600615285831591,-8.083044566329248,2.601838590955993e-05,36.80224419731345,1.4094145844039182e-14,4.170179559375088,0-2,14,24.949999999999932,24950,,,,,0,0.24976287292792324,0.05896311457465107,5.702542515267019,1.2600615285831591,0.005553129598826305,negative_hard,8.0,0,0,0,0,0,0,0,0,0,0,-1,0,0,0,0,0,0,0,1,0
sim_0041_n3_seed297,297,0.001,3,594.4,1,body_1,3.1163256233840357,1.938542682722356,0.004158967072250413,0.001981478161236187,0.24161666538530138,0.057773943791615955,0,5.866099618942918,1.3146457439825308,-8.083044556383808,2.601961628521618e-05,36.80224419731349,1.5252568790124594e-14,3.9699556914070038,0-2,14,25.34999999999991,25350,,,,,0,0.24161666538530138,0.0577752937658611,5.866099618942918,1.3146457439825308,0.006432762378763622,negative_hard,8.0,0,0,0,0,0,0,0,0,0,0,-1,0,0,0,0,0,0,0,1,0
sim_0041_n3_seed297,297,0.001,3,594.8000000000001,1,body_1,3.1163256233840357,1.938542682722356,0.0049292791400659215,0.002198907869318355,0.23412048369583088,0.056892515017673,0,6.047895446992911,1.38448266311385,-8.083044539770151,2.6021671602842065e-05,36.80224419731348,1.4866427808096124e-14,3.7231734975400697,0-2,14,25.75,25750,,,,,0,0.23412048369583088,0.05689344655040353,6.047895446992911,1.38448266311385,0.007438692593204032,negative_hard,8.0,0,0,0,0,0,0,0,0,0,0,-1,0,0,0,0,0,0,0,1,0
sim_0041_n3_seed297,297,0.001,3,595.0,1,body_1,3.1163256233840357,1.938542682722356,0.00534683305834695,0.0023080638571528226,0.23065671285193687,0.0565539674246651,0,6.147245992253233,1.427307302414228,-8.083044527415165,2.602320006959851e-05,36.80224419731344,1.3901075353024947e-14,3.580687436721606,0-2,14,25.949999999999932,25950,,,,,0,0.23065671285193687,0.05655465604854706,6.147245992253233,1.427307302414228,0.00799625972022257,negative_baseline,20.0,0,0,0,0,0,0,0,0,0,0,-1,0,0,0,0,0,0,0,1,0
sim_0041_n3_seed297,297,0.001,3,595.2,1,body_1,3.1163256233840357,1.938542682722356,0.005785707172024974,0.0024161545876950157,0.22742493481338355,0.05627767082727247,0,6.253181251685512,1.4770645712795503,-8.083044511075364,2.602522150785168e-05,36.80224419731342,1.332186387998224e-14,3.4245675796759314,0-2,14,26.149999999999977,26150,,,,,0,0.22742493481338355,0.05627810413740412,6.253181251685512,1.4770645712795503,0.008595148565790038,negative_hard,8.0,0,0,0,0,0,0,0,0,0,0,-1,0,0,0,0,0,0,0,1,0
sim_0041_n3_seed297,297,0.001,3,595.5500000000001,1,body_1,3.1163256233840357,1.938542682722356,0.006603621024954552,0.0025988313603709295,0.22248670531710404,0.055928681467060065,0,6.45672374819705,1.5862252300480324,-8.083044468807806,2.6030450534892386e-05,36.80224419731341,1.293572289795377e-14,3.116625782870324,0-2,14,26.5,26500,,,,,0,0.22248670531710404,0.05592872681708045,6.45672374819705,1.5862252300480324,0.009756805006976092,negative_pre_failure,1.0,0,0,0,0,0,0,0,0,0,0,-1,0,0,0,0,0,0,0,1,0
sim_0041_n3_seed297,297,0.001,3,595.6,1,body_1,3.1163256233840357,1.938542682722356,0.006725472486088752,0.0026238645289676237,0.22187391261617825,0.05589109136532581,0,6.487883966013433,1.6046986098007334,-8.083044460987942,2.6031417950121037e-05,36.80224419731343,1.3514934370996475e-14,3.068890976102008,0-2,14,26.549999999999955,26550,,,,,0,0.22187391261617825,0.055891103810094746,6.487883966013433,1.6046986098007334,0.00993594148904152,negative_pre_failure,1.0,0,0,0,0,0,0,0,0,0,0,-1,0,0,0,0,0,0,0,1,0
sim_0041_n3_seed297,297,0.001,3,596.0,1,body_1,3.1163256233840357,1.938542682722356,3.2431353965790765e-09,6.374362047171281e-11,0.21762484801629506,0.05545123414965803,0,6.776323400213405,1.7958380946896209,-8.083254811415067,8.432128377692316e-09,36.802244197312966,9.653524550711769e-16,2.639879016004147,0-2,15,0.35000000000002274,350,,,,,0,0.21762484801629506,0.055451880843529665,6.776323400213405,1.7958380946896209,2.9156005221181344e-08,negative_baseline,20.0,0,0,0,0,0,0,0,0,0,0,-1,0,0,0,0,0,0,0,1,0
sim_0041_n3_seed297,297,0.001,3,596.5500000000001,1,body_1,3.1163256233840357,1.938542682722356,8.29375417193695e-09,2.8066085526577755e-10,0.217799937158377,0.054575279125406925,2,7.12962042512722,1.5941434670159946,-8.083255023320522,-1.778323388886718e-08,36.802244197313016,2.3168458921708242e-15,1.9850769607885987,0-2,15,0.900000000000091,900,,,,,0,0.217799937158377,0.0545904979262867,7.12962042512722,1.5941434670159946,1.1236510989227671e-07,negative_hard,10.0,0,0,0,0,0,0,0,0,0,0,-1,0,0,0,1,0,0,0,1,0
sim_0041_n3_seed297,297,0.001,3,597.0,1,body_1,3.1163256233840357,1.938542682722356,1.2142925233634892e-08,8.731114509061713e-10,0.2243463256989854,0.04743912114562551,2,6.636997880037444,1.2809500707644546,-8.083259357332192,-5.53954829985497e-07,36.802244197313044,3.089127856227766e-15,1.4926707096703717,0-2,15,1.3500000000000227,1350,,,,,0,0.2243463256989854,0.04751464485490209,6.636997880037444,1.2809500707644546,2.852160991107816e-07,negative_baseline,20.0,0,0,0,0,0,0,0,0,0,1,2,0,0,0,1,0,0,0,0,0
sim_0041_n3_seed297,297,0.001,3,597.0500000000001,1,body_1,3.1163256233840357,1.938542682722356,1.2518034556808084e-08,9.71755199626936e-10,0.22526840629622083,0.045485796158310283,2,6.590800398430064,1.2244660396708704,-8.08326041525368,-6.848329852661358e-07,36.80224419731306,3.4752688382562368e-15,1.4542536627254106,0-2,15,1.400000000000091,1400,,,,,0,0.22526840629622083,0.045562185547674175,6.590800398430064,1.2244660396708704,3.1477205211531944e-07,negative_hard,10.0,0,0,0,0,0,0,0,0,0,1,2,0,0,0,1,0,0,0,0,0
sim_0041_n3_seed297,297,0.001,3,597.5500000000001,1,body_1,3.1163256233840357,1.938542682722356,1.5010785740108486e-08,2.2386538968857985e-09,0.2279899276669433,0.034220473750731464,2,6.44624852466651,0.6980128311719143,-8.083260138478636,-6.505924413396969e-07,36.80224419731297,1.1584229460854121e-15,1.4646869384382708,0-2,15,1.900000000000091,1900,,,,,0,0.2279899276669433,0.03419155687853643,6.44624852466651,0.6980128311719143,7.446281311286427e-07,negative_hard,10.0,0,0,0,0,0,0,0,0,0,1,2,0,0,0,1,0,0,0,0,0
sim_0041_n3_seed297,297,0.001,3,598.0,1,body_1,3.1163256233840357,1.938542682722356,1.6256883730592883e-08,8.19057549533499e-09,0.22043986825807954,0.047618860945894216,2,6.740433361324219,0.8513444066738493,-8.083255103593903,-2.7714057799199628e-08,36.80224419731297,1.1584229460854121e-15,1.9443195281585073,0-2,15,2.3500000000000227,2350,,,,,0,0.22043986825807954,0.047634191277861365,6.740433361324219,0.8513444066738493,1.3351236714521599e-06,negative_baseline,20.0,0,0,0,0,0,0,0,0,0,1,2,0,0,0,1,0,0,0,0,0
sim_0041_n3_seed297,297,0.001,3,599.0,1,body_1,3.1163256233840357,1.938542682722356,3.8988146268526363e-08,3.5677406321083694e-08,0.20972748871361277,0.05084845208262959,0,7.095703097705753,1.9602069035816168,-8.083254890252872,-1.3210968752123207e-09,36.80224419731304,2.8960573652135305e-15,3.075484520250716,0-2,15,3.3500000000000227,3350,,,,,0,0.20972748871361277,0.050851876484621014,7.095703097705753,1.9602069035816168,2.51096122777572e-06,negative_baseline,20.0,0,0,0,0,0,0,0,0,0,1,2,0,0,0,0,0,0,0,0,0
sim_0041_n3_seed297,297,0.001,3,600.0,1,body_1,3.1163256233840357,1.938542682722356,1.0901037668113595e-07,1.0029214292205629e-07,0.20715774192619088,0.047170390503632906,0,6.82639695055399,1.6202855091461659,-8.083254978350801,-1.2219915515033102e-08,36.802244197312966,9.653524550711769e-16,3.824920016759296,0-2,15,4.350000000000023,4350,,,,,0,0.20715774192619088,0.04717321124666124,6.82639695055399,1.6202855091461659,3.2711286900310514e-06,negative_baseline,20.0,0,0,0,0,0,0,0,0,0,0,-1,0,0,0,0,0,0,0,1,0
sim_0041_n3_seed297,297,0.001,3,601.0,1,body_1,3.1163256233840357,1.938542682722356,2.587718842045955e-07,2.0500112934378006e-07,0.2072343942917643,0.043232031380031524,0,6.677150214343584,1.3675853188581304,-8.083254998929347,-1.476573961643429e-08,36.80224419731298,1.3514934370996475e-15,4.205168382273596,0-2,15,5.350000000000023,5350,,,,,0,0.2072343942917643,0.04323354142837034,6.677150214343584,1.3675853188581304,3.669082930907724e-06,negative_baseline,20.0,0,0,0,0,0,0,0,0,0,0,-1,0,0,0,0,0,0,0,1,0
sim_0041_n3_seed297,297,0.001,3,602.0,1,body_1,3.1163256233840357,1.938542682722356,5.272680883190592e-07,3.4065600300637656e-07,0.21004169080203192,0.040641996961303134,0,6.558534103095666,1.1428041676010243,-8.08325500197828,-1.5142930932989275e-08,36.80224419731298,1.3514934370996475e-15,4.258477123668313,0-2,15,6.350000000000023,6350,,,,,0,0.21004169080203192,0.04064208438068522,6.558534103095666,1.1428041676010243,3.727521627238287e-06,negative_baseline,20.0,0,0,0,0,0,0,0,0,0,0,-1,0,0,0,0,0,0,0,1,0
sim_0041_n3_seed297,297,0.001,3,603.0,1,body_1,3.1163256233840357,1.938542682722356,9.461009539243737e-07,5.057291790321985e-07,0.2173712439041706,0.03997837802792463,0,6.40009005048743,0.9219095252825834,-8.083254997745827,-1.4619323466236778e-08,36.802244197312994,1.7376344191281184e-15,4.009346340298392,0-2,15,7.350000000000023,7350,,,,,0,0.2173712439041706,0.039977613249972656,6.40009005048743,0.9219095252825834,3.4432832050666963e-06,negative_baseline,20.0,0,0,0,0,0,0,0,0,0,0,-1,0,0,0,0,0,0,0,1,0
sim_0041_n3_seed297,297,0.001,3,604.0,1,body_1,3.1163256233840357,1.938542682722356,1.5490661778641868e-06,7.085903735358012e-07,0.23114897156337672,0.04060065138309297,0,6.164206235967585,0.6924440430918148,-8.083254993319509,-1.4071732312310007e-08,36.80224419731302,2.5099163831850597e-15,3.477650709575321,0-2,15,8.350000000000023,8350,,,,,0,0.23114897156337672,0.04060156764447829,6.164206235967585,0.6924440430918148,2.873983012002252e-06,negative_baseline,20.0,0,0,0,0,0,0,0,0,0,0,-1,0,0,0,0,0,0,0,1,0
sim_0041_n3_seed297,297,0.001,3,605.0,1,body_1,3.1163256233840357,1.938542682722356,2.38349343538985e-06,9.706598919871783e-07,0.25030404664904926,0.03825289892521934,0,5.9010210862479,0.4912897868643988,-8.083255104547504,-2.7832030281362098e-08,36.802244197313044,3.089127856227766e-15,2.7237121359882552,0-2,15,9.350000000000023,9350,,,,,0,0.25030404664904926,0.038260929389424984,5.9010210862479,0.4912897868643988,2.7805052992077426e-06,negative_baseline,20.0,0,0,0,0,0,0,0,0,0,0,-1,0,0,0,0,0,0,0,1,0
sim_0041_n3_seed297,297,0.001,3,606.0,1,body_1,3.1163256233840357,1.938542682722356,3.5329065067029647e-06,1.361612583366639e-06,0.25822289028767853,0.04350238806870731,0,5.935419773852326,0.7912900447769843,-8.08325634058485,-1.8074535093984883e-07,36.80224419731299,1.544563928113883e-15,2.0435241988722654,0-2,15,10.350000000000023,10350,,,,,0,0.25822289028767853,0.04348211709294315,5.935419773852326,0.7912900447769843,5.156770091699473e-06,negative_baseline,20.0,0,0,0,0,0,0,0,0,0,0,-1,0,0,0,0,0,0,0,1,0
sim_0041_n3_seed297,297,0.001,3,607.0,1,body_1,3.1163256233840357,1.938542682722356,5.148265083308151e-06,1.8798879993642284e-06,0.2538340982930311,0.07271526990945257,0,6.600352500073824,1.5587735389428992,-8.083255868268928,-1.223139481792738e-07,36.80224419731297,1.1584229460854121e-15,2.146893680239741,0-2,15,11.350000000000023,11350,,,,,0,0.2538340982930311,0.07270585991943454,6.600352500073824,1.5587735389428992,7.322830297435417e-06,negative_baseline,20.0,0,0,0,0,0,0,0,0,0,0,-1,0,0,0,0,0,0,0,1,0
sim_0041_n3_seed297,297,0.001,3,607.15,1,body_1,3.1163256233840357,1.938542682722356,5.433638960796711e-06,1.9470284000313235e-06,0.2561572625876124,0.0766495789735169,2,6.475347160329707,2.171568467400621,-8.083255634396458,-9.338099068640395e-08,36.80224419731299,1.544563928113883e-15,2.2334417981216315,0-2,15,11.5,11500,,,,,0,0.2561572625876124,0.07663749054154811,6.475347160329707,2.171568467400621,7.371973335589865e-06,negative_hard,10.0,0,0,0,0,1,0,0,0,0,0,-1,0,0,0,0,0,0,0,0,0
sim_0041_n3_seed297,297,0.001,3,607.65,1,body_1,3.1163256233840357,1.938542682722356,6.449065497888606e-06,2.135718473534429e-06,0.27208796874878716,0.09079902837751146,2,5.847645281911654,1.8688289505089137,-8.083255193497491,-3.883625917886025e-08,36.80224419731301,2.1237754011565892e-15,2.57421351250169,0-2,15,12.0,12000,,,,,0,0.27208796874878716,0.09078008742568115,5.847645281911654,1.8688289505089137,7.2642896758134066e-06,negative_hard,10.0,0,0,0,0,1,0,0,0,0,0,-1,0,0,0,0,0,0,0,0,0
sim_0041_n3_seed297,297,0.001,3,608.0,1,body_1,3.1163256233840357,1.938542682722356,7.2074116296064e-06,2.2406140038500245e-06,0.290212066141717,0.10216230727023919,2,5.442524306188907,1.7086020475899117,-8.083255083622173,-2.524330443846881e-08,36.80224419731302,2.5099163831850597e-15,2.8283636834857333,0-2,15,12.350000000000023,12350,,,,,0,0.290212066141717,0.10213857715931811,5.442524306188907,1.7086020475899117,7.112663378723213e-06,negative_baseline,20.0,0,0,0,0,0,0,0,0,0,1,2,0,0,0,0,0,0,0,0,0
sim_0041_n3_seed297,297,0.001,3,609.0,1,body_1,3.1163256233840357,1.938542682722356,9.505397858579435e-06,2.4744404377382714e-06,0.37159899854716505,0.14987407821791568,2,4.448621254942183,1.4762722028435433,-8.083255011964138,-1.6378306734324213e-08,36.80224419731293,0.0,3.5138428245789024,0-2,15,13.350000000000023,13350,,,,,0,0.37159899854716505,0.14982055219110632,4.448621254942183,1.4762722028435433,7.054486331054402e-06,negative_baseline,20.0,0,0,0,0,0,0,0,0,0,1,2,0,0,0,0,0,0,0,0,0
sim_0041_n3_seed297,297,0.001,3,610.0,1,body_1,3.1163256233840357,1.938542682722356,1.180058428077669e-05,2.7979446540191132e-06,0.5143559598042269,0.26381169823469797,2,3.5950225203840365,1.4951812132503806,-8.083254991765049,-1.3879426156528515e-08,36.8022441973129,-7.722819640569415e-16,3.5950225203840365,1-2,15,14.350000000000023,14350,,,,,0,0.5143559598042269,0.26362967284796257,3.5950225203840365,1.4951812132503806,7.770203238462066e-06,negative_baseline,20.0,0,0,0,0,0,0,0,0,0,1,2,0,0,0,0,0,0,0,0,0
sim_0041_n3_seed297,297,0.001,3,611.0,1,body_1,3.1163256233840357,1.938542682722356,1.3584392855655714e-05,3.917618984544725e-06,0.8335813577123998,0.6956793413162327,2,2.7019003537500894,1.778745905257741,-8.083254922981059,-5.369983972157164e-09,36.80224419731292,-1.9307049101423537e-16,2.7019003537500894,1-2,15,15.350000000000023,15350,,,,,0,0.8335813577123998,0.6945726122144718,2.7019003537500894,1.778745905257741,8.797693722598227e-06,negative_baseline,20.0,0,0,0,0,0,0,0,0,0,1,2,0,0,0,0,0,0,0,0,0
sim_0041_n3_seed297,297,0.001,3,611.85,1,body_1,3.1163256233840357,1.938542682722356,1.342995539155306e-05,7.116910103882378e-06,1.7810163518020816,3.1187993608910083,2,1.7672810339410476,2.4683914497182786,-8.083254819604019,7.419052350654872e-09,36.8022441973129,-7.722819640569415e-16,1.7672810339410476,1-2,15,16.200000000000045,16200,,,,,0,1.7810163518020816,3.109574717017831,1.7672810339410476,2.4683914497182786,9.225891866982145e-06,negative_hard,10.0,0,0,0,1,1,0,0,0,0,1,2,0,0,0,0,0,0,0,0,0
sim_0041_n3_seed297,297,0.001,3,612.0,1,body_1,3.1163256233840357,1.938542682722356,1.2943503598056356e-05,8.08522593654504e-06,2.167953458528364,4.468764729300154,2,1.587180647686253,2.6726983977786865,-8.08325503770012,-1.9562170489411638e-08,36.8022441973129,-7.722819640569415e-16,1.587180647686253,1-2,15,16.350000000000023,16350,,,,,0,2.167953458528364,4.457943936421908,1.587180647686253,2.6726983977786865,9.159996062802614e-06,negative_baseline,20.0,0,0,0,1,1,0,0,0,0,1,2,0,0,0,1,1,0,0,0,0
sim_0041_n3_seed297,297,0.001,3,612.35,1,body_1,3.1163256233840357,1.938542682722356,1.0547922820753679e-05,1.0142251893340757e-05,3.536371438863219,10.166119671745909,2,1.2155659844933484,3.224068937915536,-8.083258734696829,-4.769270270783874e-07,36.80224419731292,-1.9307049101423537e-16,1.2155659844933484,1-2,15,16.700000000000045,16700,,,,,0,3.536371438863219,10.232199545722358,1.2155659844933484,3.224068937915536,8.662878681280813e-06,negative_hard,10.0,1,1,0,1,0,0,1,0,0,1,2,0,0,0,1,1,0,0,0,0
sim_0041_n3_seed297,297,0.001,3,612.85,1,body_1,3.1163256233840357,1.938542682722356,6.407675493219514e-06,6.10672032820815e-06,3.324043378136067,10.24845831057441,2,1.2204593738423763,3.235447851492753,-8.083258795965376,-4.845067147761659e-07,36.802244197312994,1.7376344191281184e-15,1.2204593738423763,1-2,15,17.200000000000045,17200,,,,,0,3.324043378136067,10.336279209703898,1.2204593738423763,3.235447851492753,7.932535484137173e-06,negative_hard,10.0,1,1,0,1,0,0,1,0,0,1,2,0,0,0,1,1,0,0,0,0
sim_0041_n3_seed297,297,0.001,3,613.0,1,body_1,3.1163256233840357,1.938542682722356,6.279629134026753e-06,4.392614775750116e-06,2.6225967308195854,7.278886016016675,2,1.3696763793149036,2.99383406329768,-8.083256239678878,-1.6826201680258236e-07,36.802244197312994,1.7376344191281184e-15,1.3696763793149036,1-2,15,17.350000000000023,17350,,,,,0,2.6225967308195854,7.301430040739047,1.3696763793149036,2.99383406329768,7.996406520421078e-06,negative_baseline,20.0,0,0,0,1,0,0,1,0,0,1,2,0,0,0,1,1,0,0,0,0
sim_0041_n3_seed297,297,0.001,3,613.35,1,body_1,3.1163256233840357,1.938542682722356,6.511011183709725e-06,2.345572227423056e-06,1.5448133955251757,2.9193418745590445,2,1.7972569975541657,2.442050677414159,-8.083254767464624,1.3869349390704926e-08,36.80224419731302,2.5099163831850597e-15,1.7972569975541657,1-2,15,17.700000000000045,17700,,,,,0,1.5448133955251757,2.9166167484523946,1.7972569975541657,2.442050677414159,8.287675329969821e-06,negative_hard,10.0,0,0,0,1,0,1,0,0,0,1,2,0,0,0,0,0,0,0,0,0
sim_0041_n3_seed297,297,0.001,3,614.0,1,body_1,3.1163256233840357,1.938542682722356,7.053286019040457e-06,1.3593065633513404e-06,0.8376539562954324,0.7830242504205837,2,2.5319672204741397,1.7517541402108783,-8.083254880477078,-1.1170851101413584e-10,36.802244197313,1.9307049101423538e-15,2.5319672204741397,1-2,15,18.350000000000023,18350,,,,,0,0.8376539562954324,0.7825737827265685,2.5319672204741397,1.7517541402108783,8.879731461195012e-06,negative_baseline,20.0,0,0,0,0,0,0,0,0,0,1,2,0,0,0,0,0,0,0,0,0
sim_0041_n3_seed297,297,0.001,3,615.0,1,body_1,3.1163256233840357,1.938542682722356,7.98401801190891e-06,1.0111402653551569e-06,0.5573277693913757,0.23789468610643408,2,3.242509916402045,1.203718048739461,-8.083254986150065,-1.3184782214584392e-08,36.802244197312994,1.7376344191281184e-15,3.242509916402045,1-2,15,19.350000000000023,19350,,,,,0,0.5573277693913757,0.23786675008329053,3.242509916402045,1.203718048739461,9.717080658638014e-06,negative_baseline,20.0,0,0,0,0,0,0,0,0,0,1,2,0,0,0,0,0,0,0,0,0
sim_0041_n3_seed297,297,0.001,3,616.0,1,body_1,3.1163256233840357,1.938542682722356,8.803687398748622e-06,1.3654352973971175e-06,0.5035114689876112,0.14112171461344808,2,3.454783469399087,1.0394650219315467,-8.083255000703808,-1.4985262753226198e-08,36.80224419731305,3.2821983472420013e-15,3.454783469399087,1-2,15,20.350000000000023,20350,,,,,0,0.5035114689876112,0.14107742252733357,3.454783469399087,1.0394650219315467,1.0332372611094086e-05,negative_baseline,20.0,0,0,0,0,0,0,0,0,0,1,2,0,0,0,0,0,0,0,0,0
sim_0041_n3_seed297,297,0.001,3,617.0,1,body_1,3.1163256233840357,1.938542682722356,9.361548823506348e-06,2.0828386856036747e-06,0.5758613127992868,0.22994211405407045,2,3.18903920450141,1.2342852116139784,-8.083254981204785,-1.2572989092266729e-08,36.80224419731313,5.40597374839859e-15,3.18903920450141,1-2,15,21.350000000000023,21350,,,,,0,0.5758613127992868,0.22965890038035403,3.18903920450141,1.2342852116139784,1.0638603725248478e-05,negative_baseline,20.0,0,0,0,0,0,0,0,0,0,1,2,0,0,0,0,0,0,0,0,0
sim_0041_n3_seed297,297,0.001,3,618.0,1,body_1,3.1163256233840357,1.938542682722356,9.661960950357057e-06,3.006845151563555e-06,0.9601616371483666,0.9375620694780925,2,2.413753586094504,1.8267841845074742,-8.083254836238062,5.361212566585507e-09,36.80224419731307,3.8614098202847076e-15,2.413753586094504,1-2,15,22.350000000000023,22350,,,,,0,0.9601616371483666,0.9349372344587302,2.413753586094504,1.8267841845074742,1.0605304108342806e-05,negative_baseline,20.0,0,0,0,0,0,0,0,0,0,1,2,0,0,0,0,0,0,0,0,0
sim_0041_n3_seed297,297,0.001,3,618.6,1,body_1,3.1163256233840357,1.938542682722356,9.671613511119267e-06,3.497898963150624e-06,1.9283618101931503,3.7755624329781172,2,1.6862871353872277,2.540872699191556,-8.083254600251296,3.4555735026179466e-08,36.80224419731305,3.2821983472420013e-15,1.6862871353872277,1-2,15,22.950000000000045,22950,,,,,0,1.9283618101931503,3.7587554695664416,1.6862871353872277,2.540872699191556,1.0423005784339018e-05,negative_hard,10.0,0,0,0,1,1,0,0,0,0,1,2,0,0,0,1,1,0,0,0,0
sim_0041_n3_seed297,297,0.001,3,619.0,1,body_1,3.1163256233840357,1.938542682722356,9.41680725042619e-06,3.4809542014623004e-06,3.9468749329103465,12.35887576643696,2,1.172214080972676,3.300756950374976,-8.083258352806933,-4.296824577315227e-07,36.802244197313065,3.668339329270472e-15,1.172214080972676,1-2,15,23.350000000000023,23350,,,,,0,3.9468749329103465,12.415161253080628,1.172214080972676,3.300756950374976,1.0226973523691867e-05,negative_baseline,20.0,1,1,1,1,0,0,1,0,0,1,2,0,0,0,1,1,0,0,0,0
sim_0041_n3_seed297,297,0.001,3,619.1,1,body_1,3.1163256233840357,1.938542682722356,9.263482573826745e-06,4.121452250548392e-06,4.652108001067531,15.588400031628122,2,1.078351169671278,3.4854132856193165,-8.083262078851558,-8.906409058260567e-07,36.80224419731309,4.2475508023131784e-15,1.078351169671278,1-2,15,23.450000000000045,23450,,,,,0,4.652108001067531,15.776578023051254,1.078351169671278,3.4854132856193165,1.0165364895768701e-05,negative_hard,10.0,1,1,1,1,0,0,1,0,0,1,2,0,0,0,1,1,0,0,0,0
sim_0041_n3_seed297,297,0.001,3,619.6,1,body_1,3.1163256233840357,1.938542682722356,7.649016616013552e-06,1.0314672508724862e-05,3.593951850136124,10.821557503850833,2,1.2205562981824232,3.203380862808083,-8.083257159220702,-2.8202087232770463e-07,36.802244197313094,4.4406212933274135e-15,1.2205562981824232,1-2,15,23.950000000000045,23950,,,,,0,3.593951850136124,10.873750622048771,1.2205562981824232,3.203380862808083,9.831310477025204e-06,negative_hard,10.0,1,1,1,1,0,0,1,0,0,1,2,0,0,0,1,1,0,0,0,0
sim_0041_n3_seed297,297,0.001,3,620.0,1,body_1,3.1163256233840357,1.938542682722356,5.464005742849125e-06,8.971817271354634e-06,1.7364662206339836,3.3143769895320925,2,1.736241210058035,2.4798180577390387,-8.08325460904198,3.346821720477485e-08,36.80224419731308,4.054480311298943e-15,1.736241210058035,1-2,15,24.350000000000023,24350,,,,,0,1.7364662206339836,3.309295820886535,1.736241210058035,2.4798180577390387,9.69036556328043e-06,negative_baseline,20.0,0,0,0,1,0,1,0,0,0,1,2,0,0,0,1,1,0,0,0,0
sim_0041_n3_seed297,297,0.001,3,621.0,1,body_1,3.1163256233840357,1.938542682722356,3.830853909005927e-06,5.708665968148955e-06,0.5752506292000172,0.4542742251731083,2,2.834509617288943,1.6210602375232313,-8.08325492590919,-5.732230452130847e-09,36.802244197313144,5.792114730427061e-15,2.834509617288943,1-2,15,25.350000000000023,25350,,,,,0,0.5752506292000172,0.4541596585250926,2.834509617288943,1.6210602375232313,9.874239221041785e-06,negative_baseline,20.0,0,0,0,0,0,0,0,0,0,1,2,0,0,0,0,0,0,0,0,0
sim_0041_n3_seed297,297,0.001,3,622.0,1,body_1,3.1163256233840357,1.938542682722356,6.573477954226434e-06,3.7159697894362292e-06,0.3342162357678193,0.181923931676336,2,3.5739558888784426,1.383965747055962,-8.083254981479037,-1.2606917470936073e-08,36.80224419731316,6.178255712455532e-15,3.5739558888784426,1-2,15,26.350000000000023,26350,,,,,0,0.3342162357678193,0.1819113611706296,3.5739558888784426,1.383965747055962,1.0021561127780076e-05,negative_baseline,20.0,0,0,0,0,0,0,0,0,0,1,2,0,0,0,0,0,0,0,0,0
sim_0041_n3_seed297,297,0.001,3,623.0,1,body_1,3.1163256233840357,1.938542682722356,8.673044957786817e-06,2.1108061588401846e-06,0.403671324638223,0.33381194457867247,0,3.308426720367845,1.598896607394092,-8.08325496767242,-1.0898865887708687e-08,36.80224419731313,5.40597374839859e-15,3.308426720367845,0-1,15,27.350000000000023,27350,,,,,0,0.403671324638223,0.3334785726638561,3.308426720367845,1.598896607394092,9.759314881338883e-06,negative_baseline,20.0,0,0,0,0,0,0,0,0,0,1,2,0,0,0,0,0,0,1,0,0
sim_0041_n3_seed297,297,0.001,3,624.0,1,body_1,3.1163256233840357,1.938542682722356,1.0340099269582818e-05,2.953849854629293e-06,1.0069160912358386,1.3262538808499327,0,2.3285611324333346,2.1056003634998874,-8.083254840300235,4.858670845353215e-09,36.80224419731316,6.178255712455532e-15,2.3285611324333346,0-1,15,28.350000000000023,28350,,,,,0,1.0069160912358386,1.3231669283179774,2.3285611324333346,2.1056003634998874,9.278266346175175e-06,negative_baseline,20.0,0,0,0,0,0,0,0,0,0,0,-1,0,0,0,0,0,0,1,0,0
sim_0041_n3_seed297,297,0.001,3,624.1,1,body_1,3.1163256233840357,1.938542682722356,1.0602536563781368e-05,3.510047704991526e-06,1.1344700279726116,1.5968206342557187,0,2.215324392999306,2.19083623061913,-8.083254820543635,7.3028100202202604e-09,36.802244197313186,6.9505376765124735e-15,2.215324392999306,0-1,15,28.450000000000045,28450,,,,,0,1.1344700279726116,1.5928107873357376,2.215324392999306,2.19083623061913,9.266333534992665e-06,negative_hard,10.0,0,0,0,0,1,0,0,0,0,0,-1,0,0,0,0,0,0,1,0,0
sim_0041_n3_seed297,297,0.001,3,624.6,1,body_1,3.1163256233840357,1.938542682722356,1.3031401449116094e-05,9.479593531593421e-06,2.275498961244142,4.807040800582774,0,1.6213109104763208,2.776737669606277,-8.083255226050543,-4.286347993271442e-08,36.80224419731322,7.91589013158365e-15,1.6213109104763208,0-1,15,28.950000000000045,28950,,,,,0,2.275498961244142,4.797888531071508,1.6213109104763208,2.776737669606277,9.735081774741136e-06,negative_hard,10.0,0,0,0,1,1,0,0,0,0,0,-1,0,0,0,1,1,0,1,0,0
sim_0041_n3_seed297,297,0.001,3,625.0,1,body_1,3.1163256233840357,1.938542682722356,1.7071496597037607e-05,2.2538528404643927e-05,4.041432654460148,11.209231759615447,0,1.2320977543674938,3.3619219588156897,-8.083260418161856,-6.851927632087846e-07,36.80224419731318,6.757467185498238e-15,1.2320977543674938,0-1,15,29.350000000000023,29350,,,,,0,4.041432654460148,11.311813039081187,1.2320977543674938,3.3619219588156897,1.1429736195269775e-05,negative_baseline,20.0,1,1,0,1,0,0,1,0,0,0,-1,0,0,0,1,1,0,1,0,0
sim_0041_n3_seed297,297,0.001,3,625.1,1,body_1,3.1163256233840357,1.938542682722356,1.812161147268799e-05,2.6553260918859108e-05,4.36709655085866,12.39915959186972,0,1.1872700289892444,3.4477493748814863,-8.083262292278176,-9.170444551116028e-07,36.80224419731318,6.757467185498238e-15,1.1872700289892444,0-1,15,29.450000000000045,29450,,,,,0,4.36709655085866,12.55627251195115,1.1872700289892444,3.4477493748814863,1.1995913645198606e-05,negative_hard,10.0,1,1,0,1,0,0,1,0,0,0,-1,0,0,0,1,1,0,1,0,0
sim_0041_n3_seed297,297,0.001,3,625.6,1,body_1,3.1163256233840357,1.938542682722356,1.9312693240001388e-05,2.6909599700763277e-05,2.9830863581585723,7.151305350802249,0,1.448156084592167,3.030702508039827,-8.083256284675489,-1.738286618672403e-07,36.80224419731314,5.599044239412826e-15,1.448156084592167,0-1,15,29.950000000000045,29950,,,,,0,2.9830863581585723,7.172566331044774,1.448156084592167,3.030702508039827,1.3291882588506794e-05,negative_hard,10.0,1,0,0,1,0,0,1,0,0,0,-1,0,0,0,1,1,0,1,0,0
sim_0041_n3_seed297,297,0.001,3,626.0,1,body_1,3.1163256233840357,1.938542682722356,1.7829501266620095e-05,1.8949018520349114e-05,1.6955684416027323,2.71846362274412,0,1.9361111148820995,2.438919721826165,-8.083254788037985,1.1324166542033558e-08,36.80224419731314,5.599044239412826e-15,1.9361111148820995,0-1,15,30.350000000000023,30350,,,,,0,1.6955684416027323,2.7163236127123565,1.9361111148820995,2.438919721826165,1.3050063338699637e-05,negative_baseline,20.0,0,0,0,0,0,1,0,0,0,0,-1,0,0,0,0,0,0,1,0,0
sim_0041_n3_seed297,297,0.001,3,627.0,1,body_1,3.1163256233840357,1.938542682722356,1.5794220665752582e-05,1.1477126236464052e-05,0.7390927757604774,0.4600294681986139,0,2.995701292299351,1.5398659552579512,-8.08325493579669,-6.9554382741476834e-09,36.802244197313215,7.722819640569415e-15,2.995701292299351,0-1,15,31.350000000000023,31350,,,,,0,0.7390927757604774,0.4598732422697025,2.995701292299351,1.5398659552579512,1.281327974346782e-05,negative_baseline,20.0,0,0,0,0,0,0,0,0,0,0,-1,0,0,0,0,0,0,1,0,0
sim_0041_n3_seed297,297,0.001,3,628.0,1,body_1,3.1163256233840357,1.938542682722356,1.6321454518091704e-05,9.975586333479317e-06,0.5370878405862173,0.16427935981730782,0,3.5773539933733045,1.0914039268069802,-8.083254991764564,-1.3879366162698754e-08,36.80224419731315,5.985185221441297e-15,3.5773539933733045,0-1,15,32.35000000000002,32350,,,,,0,0.5370878405862173,0.16425573733461576,3.5773539933733045,1.0914039268069802,1.3779810716613123e-05,negative_baseline,20.0,0,0,0,0,0,0,0,0,0,0,-1,0,0,0,0,0,0,1,0,0
sim_0041_n3_seed297,297,0.001,3,629.0,1,body_1,3.1163256233840357,1.938542682722356,1.882710150437183e-05,1.0404779402895545e-05,0.5118259935255137,0.14178962264762515,0,3.6804991835741165,0.9693586149287174,-8.083254997910476,-1.4639692580107384e-08,36.80224419731313,5.40597374839859e-15,3.6804991835741165,0-1,15,33.35000000000002,33350,,,,,0,0.5118259935255137,0.14170831597418146,3.6804991835741165,0.9693586149287174,1.5859739932642903e-05,negative_baseline,20.0,0,0,0,0,0,0,0,0,0,0,-1,0,0,0,0,0,0,1,0,0
sim_0041_n3_seed297,297,0.001,3,630.0,1,body_1,3.1163256233840357,1.938542682722356,2.324602174925957e-05,1.2734644852454892e-05,0.6231936299721376,0.31350093177687505,0,3.2844792440563175,1.2296661069774208,-8.083254957763657,-9.67302756700235e-09,36.80224419731308,4.054480311298943e-15,3.2844792440563175,0-1,15,34.35000000000002,34350,,,,,0,0.6231936299721376,0.3130663866617761,3.2844792440563175,1.2296661069774208,1.89136481983938e-05,negative_baseline,20.0,0,0,0,0,0,0,0,0,0,1,2,0,0,0,0,0,0,1,0,0
sim_0041_n3_seed297,297,0.001,3,630.9,1,body_1,3.1163256233840357,1.938542682722356,2.9372714652713993e-05,1.9634547717569543e-05,1.080420915150937,1.2801123864839887,0,2.4159834110281393,1.8901872130447377,-8.083254635032539,3.0252859106396944e-08,36.80224419731314,5.599044239412826e-15,2.4159834110281393,0-1,15,35.25,35250,,,,,0,1.080420915150937,1.2752342055732147,2.4159834110281393,1.8901872130447377,2.2382804253589063e-05,negative_hard,10.0,0,0,0,0,1,0,0,0,0,1,2,0,0,0,0,0,0,1,0,0
sim_0041_n3_seed297,297,0.001,3,631.0,1,body_1,3.1163256233840357,1.938542682722356,3.0243086867060774e-05,2.123895671389187e-05,1.2005292987937959,1.6110090866127014,0,2.2819400474933493,2.0076896015299748,-8.083254517927504,4.4740220540256136e-08,36.802244197313115,5.019832766370119e-15,2.2819400474933493,0-1,15,35.35000000000002,35350,,,,,0,1.2005292987937959,1.6038326074543026,2.2819400474933493,2.0076896015299748,2.2806980032372673e-05,negative_baseline,20.0,0,0,0,0,1,0,0,0,0,1,2,0,0,0,0,0,0,1,0,0
sim_0041_n3_seed297,297,0.001,3,631.4,1,body_1,3.1163256233840357,1.938542682722356,3.42716593959716e-05,3.304237936655298e-05,2.2100240022669255,5.459268163396316,0,1.653467702106477,2.673943533979264,-8.08325328846336,1.9684035362458665e-07,36.80224419731315,5.985185221441297e-15,1.653467702106477,0-1,15,35.75,35750,,,,,0,2.2100240022669255,5.40823646047074,1.653467702106477,2.673943533979264,2.4542822953044347e-05,negative_hard,10.0,0,0,0,1,1,0,0,0,0,1,2,0,0,0,1,1,0,1,0,0
sim_0041_n3_seed297,297,0.001,3,631.9,1,body_1,3.1163256233840357,1.938542682722356,3.6120944757822985e-05,8.334801469496706e-05,10.07459477183146,61.45441140977919,0,0.7688922603731148,4.470249884449767,-8.083291784417895,-4.565591996688791e-06,36.80224419731317,6.564396694484003e-15,0.7688922603731148,0-1,15,36.25,36250,,,,,0,10.07459477183146,64.21297648949232,0.7688922603731148,4.470249884449767,2.426416432121252e-05,negative_hard,10.0,1,1,1,1,0,0,1,1,0,1,2,0,0,0,1,1,0,1,0,0
sim_0041_n3_seed297,297,0.001,3,632.0,1,body_1,3.1163256233840357,1.938542682722356,3.151275852009714e-05,7.889079443083504e-05,11.667970031150773,71.33383765992473,0,0.7158397410224938,4.662540011249893,-8.083320661970106,-8.138107356038295e-06,36.80224419731318,6.757467185498238e-15,0.7158397410224938,0-1,15,36.35000000000002,36350,,,,,0,11.667970031150773,76.82114848174116,0.7158397410224938,4.662540011249893,2.1998418247921094e-05,negative_baseline,20.0,1,1,1,1,0,0,1,1,0,0,-1,0,0,0,1,1,0,1,0,0
sim_0041_n3_seed297,297,0.001,3,632.4,1,body_1,3.1163256233840357,1.938542682722356,1.8845980965818877e-05,1.2574820483065873e-05,3.630412365602671,12.718950035423372,0,1.3016917915442607,3.1924103398142725,-8.08325200917972,3.551037833762432e-07,36.802244197313186,6.9505376765124735e-15,1.3016917915442607,0-1,15,36.75,36750,,,,,0,3.630412365602671,12.622051828438817,1.3016917915442607,3.1924103398142725,1.78186111359124e-05,negative_hard,10.0,1,1,1,1,0,1,1,0,0,0,-1,0,0,0,1,1,0,1,0,0
sim_0041_n3_seed297,297,0.001,3,633.0,1,body_1,3.1163256233840357,1.938542682722356,1.558833267507006e-05,7.650173003095912e-06,1.224260803843164,1.6231159616031878,0,2.3029572467078574,2.0447610966241148,-8.083254520668795,4.4401088386319243e-08,36.80224419731327,9.267383568683297e-15,2.3029572467078574,0-1,15,37.35000000000002,37350,,,,,0,1.224260803843164,1.6199587010560623,2.3029572467078574,2.0447610966241148,1.800571799757691e-05,negative_baseline,20.0,0,0,0,0,0,1,0,0,0,0,-1,0,0,0,0,0,0,1,0,0
sim_0041_n3_seed297,297,0.001,3,634.0,1,body_1,3.1163256233840357,1.938542682722356,1.044070968746196e-05,7.014134108942217e-06,0.5961921799714464,0.3298339238783237,0,3.4136994325669163,1.3609757643760136,-8.083254950239422,-8.742185280199542e-09,36.80224419731335,1.1391158969839887e-14,3.4136994325669163,0-1,15,38.35000000000002,38350,,,,,0,0.5961921799714464,0.32975993753533106,3.4136994325669163,1.3609757643760136,1.8403921587936508e-05,negative_baseline,20.0,0,0,0,0,0,0,0,0,0,0,-1,0,0,0,0,0,0,1,0,0
sim_0041_n3_seed297,297,0.001,3,635.0,1,body_1,3.1163256233840357,1.938542682722356,7.900339110081387e-06,5.6524608999630665e-06,0.4307217967099481,0.14568535425922632,0,4.107708611572804,1.1145298726028017,-8.083254999372263,-1.4820533980948922e-08,36.80224419731328,9.460454059697534e-15,4.107708611572804,0-1,15,39.35000000000002,39350,,,,,0,0.4307217967099481,0.1456840663441753,4.107708611572804,1.1145298726028017,1.8713760806806195e-05,negative_baseline,20.0,0,0,0,0,0,0,0,0,0,0,-1,0,0,0,0,0,0,1,0,0
sim_0041_n3_seed297,297,0.001,3,636.0,1,body_1,3.1163256233840357,1.938542682722356,8.672508054942893e-06,5.114059143013791e-06,0.36049277008789804,0.09544283805756806,0,4.568132198139688,1.0705971687010232,-8.083255012432172,-1.6436208471559775e-08,36.80224419731327,9.267383568683297e-15,4.493903142680234,0-2,15,40.35000000000002,40350,,,,,0,0.36049277008789804,0.09544299019743521,4.568132198139688,1.0705971687010232,1.9907213470065735e-05,negative_baseline,20.0,0,0,0,0,0,0,0,0,0,0,-1,0,0,0,0,0,0,1,0,0
sim_0041_n3_seed297,297,0.001,3,637.0,1,body_1,3.1163256233840357,1.938542682722356,1.217830067443446e-05,6.8995963524256725e-06,0.3220858244617604,0.0804205667762325,0,4.919604147319422,1.1462888843215124,-8.083255018624415,-1.7202266607165528e-08,36.80224419731318,6.757467185498238e-15,4.121724677293459,0-2,15,41.35000000000002,41350,,,,,0,0.3220858244617604,0.08042025004750276,4.919604147319422,1.1462888843215124,2.5961613275150065e-05,negative_baseline,20.0,0,0,0,0,0,0,0,0,0,0,-1,0,0,0,0,0,0,1,0,0
sim_0041_n3_seed297,297,0.001,3,638.0,1,body_1,3.1163256233840357,1.938542682722356,1.9687024825068887e-05,1.095873587966256e-05,0.29468238938628144,0.07720470391145762,0,5.278740439202791,1.3072344435623076,-8.083255023499275,-1.7805347878226058e-08,36.80224419731317,6.564396694484003e-15,3.6375359778028167,0-2,15,42.35000000000002,42350,,,,,0,0.29468238938628144,0.077205240778911,5.278740439202791,1.3072344435623076,4.1407057658589077e-05,negative_baseline,20.0,0,0,0,0,0,0,0,0,0,0,-1,0,0,0,0,0,0,1,0,0
sim_0041_n3_seed297,297,0.001,3,639.0,1,body_1,3.1163256233840357,1.938542682722356,3.278446588758409e-05,1.6244666490964553e-05,0.27203066625598743,0.07769718862315553,0,5.766084312031301,1.5794635014847924,-8.083255052592849,-2.1404587813844158e-08,36.80224419731323,8.108960622597885e-15,3.010969071961168,0-2,15,43.35000000000002,43350,,,,,0,0.27203066625598743,0.07769754466596203,5.766084312031301,1.5794635014847924,6.845249058336682e-05,negative_baseline,20.0,0,0,0,0,0,0,0,0,0,0,-1,0,0,0,0,0,0,1,0,0
sim_0041_n3_seed297,297,0.001,3,640.0,1,body_1,3.1163256233840357,1.938542682722356,5.140652542203093e-05,2.0731998494894248e-05,0.2644254226638073,0.07959113714145967,0,6.466329979082829,2.0591300788980784,-8.083255495688242,-7.622104478158806e-08,36.80224419731327,9.267383568683297e-15,2.2931257048776463,0-2,15,44.35000000000002,44350,,,,,0,0.2644254226638073,0.07959055941170512,6.466329979082829,2.0591300788980784,0.00010551852225038867,negative_baseline,20.0,0,0,0,0,0,0,0,0,0,0,-1,0,0,0,0,0,0,1,0,0
sim_0041_n3_seed297,297,0.001,3,640.2,1,body_1,3.1163256233840357,1.938542682722356,5.559472678686674e-05,2.1188686906855477e-05,0.2673497832792738,0.0803690152893158,2,6.285943708590221,1.6361090558525373,-8.083255785587554,-1.1208522523690178e-07,36.80224419731325,8.688172095640592e-15,2.1668853935718415,0-2,15,44.55000000000007,44550,,,,,0,0.2673497832792738,0.08037305246583822,6.285943708590221,1.6361090558525373,0.00011248384611472698,negative_hard,10.0,0,0,0,0,1,0,0,0,0,0,-1,0,0,0,0,0,0,1,0,0
sim_0041_n3_seed297,297,0.001,3,641.0,1,body_1,3.1163256233840357,1.938542682722356,7.246218582049956e-05,2.0489489602052524e-05,0.296967148168327,0.07282801937691111,2,5.41578596334688,1.1180908165292975,-8.083256787293175,-2.360087729271897e-07,36.80224419731322,7.91589013158365e-15,1.9606652720606936,0-2,15,45.35000000000002,45350,,,,,0,0.296967148168327,0.07287891193973549,5.41578596334688,1.1180908165292975,0.00012044881103805399,negative_baseline,20.0,0,0,0,0,0,0,0,0,0,1,2,0,0,0,0,0,0,1,0,0
sim_0041_n3_seed297,297,0.001,3,642.0,1,body_1,3.1163256233840357,1.938542682722356,9.106639077287716e-05,1.9130780305962604e-05,0.3157791493905317,0.056674802570083484,2,5.088468074766752,0.7018032593724512,-8.083255202427429,-3.9941004459226094e-08,36.80224419731315,5.985185221441297e-15,2.5458057094397772,0-2,15,46.35000000000002,46350,,,,,0,0.3157791493905317,0.05667257110824576,5.088468074766752,0.7018032593724512,8.86575436091154e-05,negative_baseline,20.0,0,0,0,0,0,0,0,0,0,1,2,0,0,0,0,0,0,1,0,0
sim_0041_n3_seed297,297,0.001,3,643.0,1,body_1,3.1163256233840357,1.938542682722356,0.00010716854693245278,2.208659920239877e-05,0.30488980386429465,0.06991012790733454,2,5.220354318101112,0.8381627787128337,-8.083254994933174,-1.4271362989505124e-08,36.80224419731314,5.599044239412826e-15,3.344123779394334,0-2,15,47.35000000000002,47350,,,,,0,0.30488980386429465,0.0699095924202739,5.220354318101112,0.8381627787128337,7.7625497417055e-05,negative_baseline,20.0,0,0,0,0,0,0,0,0,0,1,2,0,0,0,0,0,0,1,0,0
sim_0041_n3_seed297,297,0.001,3,644.0,1,body_1,3.1163256233840357,1.938542682722356,0.00012155358468083725,2.539803816777085e-05,0.2988897325061752,0.07615468004441645,2,5.296039130290698,1.101985582811704,-8.083255003910008,-1.538190987099067e-08,36.802244197313165,6.371326203469767e-15,3.910725170794698,0-2,15,48.35000000000002,48350,,,,,0,0.2988897325061752,0.07615282965239363,5.296039130290698,1.101985582811704,8.551498880093934e-05,negative_baseline,20.0,0,0,0,0,0,0,0,0,0,1,2,0,0,0,0,0,0,1,0,0
sim_0041_n3_seed297,297,0.001,3,645.0,1,body_1,3.1163256233840357,1.938542682722356,0.00013394124665043347,2.78506471102457e-05,0.3003337611441919,0.08210689678769847,2,5.261411091790474,1.379594707984731,-8.08325501200461,-1.638331369189661e-08,36.80224419731314,5.599044239412826e-15,4.1515622664715925,0-2,15,49.35000000000002,49350,,,,,0,0.3003337611441919,0.08210383927207114,5.261411091790474,1.379594707984731,9.479749128134633e-05,negative_baseline,20.0,0,0,0,0,0,0,0,0,0,1,2,0,0,0,0,0,0,1,0,0
sim_0041_n3_seed297,297,0.001,3,646.0,1,body_1,3.1163256233840357,1.938542682722356,0.00014388511557565767,2.923095237737824e-05,0.3036779634224242,0.09117330649657249,2,5.217657868061794,1.6641623923874043,-8.083255007926006,-1.587873921269624e-08,36.80224419731325,8.688172095640592e-15,4.036019912331682,0-2,15,50.35000000000002,50350,,,,,0,0.3036779634224242,0.0911737480127209,5.217657868061794,1.6641623923874043,9.983362734530791e-05,negative_baseline,20.0,0,0,0,0,0,0,0,0,0,1,2,0,0,0,0,0,0,1,0,0
sim_0041_n3_seed297,297,0.001,3,647.0,1,body_1,3.1163256233840357,1.938542682722356,0.00015111948427133697,2.9303820602517236e-05,0.29825567755855825,0.10047123771396062,2,5.3468605022233975,1.9841014631152456,-8.083254957718697,-9.667465501686455e-09,36.80224419731316,6.178255712455532e-15,3.5246096597460825,0-2,15,51.35000000000002,51350,,,,,0,0.29825567755855825,0.10048365935316615,5.3468605022233975,1.9841014631152456,0.00010055854559952003,negative_baseline,20.0,0,0,0,0,0,0,0,0,0,0,-1,0,0,0,0,0,0,1,0,0
sim_0041_n3_seed297,297,0.001,3,647.9,1,body_1,3.1163256233840357,1.938542682722356,0.0001553652563095996,2.785207605330773e-05,0.2789394042383708,0.09970721774590285,2,5.81815732597448,2.4118899960944225,-8.083254668786374,2.6077086378054253e-08,36.80224419731319,7.143608167526709e-15,2.656042880512063,0-2,15,52.25,52250,,,,,0,0.2789394042383708,0.09973289708657847,5.81815732597448,2.4118899960944225,0.00010240272719672059,negative_hard,10.0,0,0,0,0,0,0,0,0,0,0,-1,0,0,0,0,0,0,1,0,0
sim_0041_n3_seed297,297,0.001,3,648.0,1,body_1,3.1163256233840357,1.938542682722356,0.00015571834406389023,2.757375833002381e-05,0.27624669359706966,0.09845648848529652,2,5.90107771455887,2.480720323459341,-8.083254587540575,3.6128210662998455e-08,36.80224419731322,7.91589013158365e-15,2.531015551692252,0-2,15,52.35000000000002,52350,,,,,0,0.27624669359706966,0.09848423375966629,5.90107771455887,2.480720323459341,0.00010329913259050673,negative_baseline,20.0,0,0,0,0,0,0,0,0,0,0,-1,0,0,0,0,0,0,1,0,0
sim_0041_n3_seed297,297,0.001,3,648.4,1,body_1,3.1163256233840357,1.938542682722356,0.00015692048751667033,2.6140053432394882e-05,0.2661070551879554,0.08945036347511531,2,6.307273257400789,2.846345911016923,-8.083254068443864,1.0034698369919474e-07,36.80224419731322,7.91589013158365e-15,1.9694901729875718,0-2,15,52.75,52750,,,,,0,0.2661070551879554,0.08949520544247026,6.307273257400789,2.846345911016923,0.00011056219877207628,negative_hard,10.0,0,0,0,0,0,0,0,0,0,0,-1,0,0,0,0,0,0,1,0,0
sim_0041_n3_seed297,297,0.001,3,648.9,1,body_1,3.1163256233840357,1.938542682722356,0.0001579446712418051,2.3374260350201525e-05,0.2589157835408391,0.06197844428678841,0,6.32959466948206,0.67016176950524,-8.083262343430555,-9.23372645808935e-07,36.802244197313236,8.30203111361212e-15,1.2106738304264617,0-2,15,53.25,53250,,,,,0,0.2589157835408391,0.06202677843060288,6.32959466948206,0.67016176950524,0.0001341743531808207,negative_hard,10.0,0,0,0,0,0,0,0,0,0,0,-1,0,0,0,1,0,0,1,0,0
sim_0041_n3_seed297,297,0.001,3,649.0,1,body_1,3.1163256233840357,1.938542682722356,0.0001580686549084284,2.270431947648174e-05,0.25803757481765366,0.05475168095631281,0,6.278192079997008,0.6014787977723125,-8.083272359748626,-2.162516805070675e-06,36.80224419731326,8.881242586654827e-15,1.1015003783126127,0-2,15,53.35000000000002,53350,,,,,0,0.25803757481765366,0.05468123799206385,6.278192079997008,0.6014787977723125,0.0001397443092438154,negative_baseline,20.0,0,0,0,0,0,0,0,0,0,0,-1,0,0,0,1,0,0,1,0,0
sim_0041_n3_seed297,297,0.001,3,649.4,1,body_1,3.1163256233840357,1.938542682722356,0.0001581472071793263,2.0606001199639318e-05,0.24593563812516098,0.07035387317976584,0,6.41708628147144,1.4294347135288075,-8.083262670064162,-9.637813193122387e-07,36.80224419731324,8.495101604626357e-15,1.2056821687378771,0-2,15,53.75,53750,,,,,0,0.24593563812516098,0.07048447319864601,6.41708628147144,1.4294347135288075,0.00013236267801163535,negative_hard,10.0,0,0,0,0,0,0,0,0,0,0,-1,0,0,0,1,0,0,1,0,0
sim_0041_n3_seed297,297,0.001,3,650.0,1,body_1,3.1163256233840357,1.938542682722356,0.00015714265860225057,1.8464986827459515e-05,0.21977870628798785,0.0669175973675406,2,7.077596983696888,2.178181215412491,-8.083254192393785,8.501282408202586e-08,36.80224419731324,8.495101604626357e-15,2.1148905755516307,0-2,15,54.35000000000002,54350,,,,,0,0.21977870628798785,0.06692984825177235,7.077596983696888,2.178181215412491,0.00010771007849344956,negative_baseline,20.0,0,0,0,0,0,0,0,0,0,0,-1,0,0,0,1,0,0,1,0,0
sim_0041_n3_seed297,297,0.001,3,651.0,1,body_1,3.1163256233840357,1.938542682722356,0.00015388426603640235,1.437441443185382e-05,0.19479729760290906,0.04746028487631529,2,6.875225837316578,1.4637558267114064,-8.083254882811332,-4.0048496480820394e-10,36.802244197313314,1.042580651476871e-14,3.2811865777033224,0-2,15,55.35000000000002,55350,,,,,0,0.19479729760290906,0.04746565152960059,6.875225837316578,1.4637558267114064,0.00010586221981258487,negative_baseline,20.0,0,0,0,0,0,0,0,0,0,1,2,0,0,0,0,0,0,1,0,0
sim_0041_n3_seed297,297,0.001,3,652.0,1,body_1,3.1163256233840357,1.938542682722356,0.00014961026305283483,1.0489615113754061e-05,0.17911823287643516,0.03506121102548549,2,6.8705355135119035,1.132594106253073,-8.083254975058454,-1.1812610812060212e-08,36.80224419731339,1.2549581915925299e-14,3.9232890932185502,0-2,15,56.35000000000002,56350,,,,,0,0.17911823287643516,0.03506544644199621,6.8705355135119035,1.132594106253073,0.00011025639791781297,negative_baseline,20.0,0,0,0,0,0,0,0,0,0,1,2,0,0,0,0,0,0,1,0,0
sim_0041_n3_seed297,297,0.001,3,653.0,1,body_1,3.1163256233840357,1.938542682722356,0.0001449822786811182,7.073443789823961e-06,0.16684052942828756,0.026570121424301783,2,6.979747461717522,0.9170833239948375,-8.083254992489966,-1.396910748244295e-08,36.80224419731346,1.4480286826067654e-14,4.159301160944516,0-2,15,57.35000000000002,57350,,,,,0,0.16684052942828756,0.026573210454083163,6.979747461717522,0.9170833239948375,0.00011078479613981056,negative_baseline,20.0,0,0,0,0,0,0,0,0,0,1,2,0,0,0,0,0,0,1,0,0
sim_0041_n3_seed297,297,0.001,3,654.0,1,body_1,3.1163256233840357,1.938542682722356,0.00014070615809304453,4.257266220029941e-06,0.1559436507725597,0.020757093278992594,2,7.179987057690193,0.7684534695351323,-8.083254991056275,-1.3791741987848015e-08,36.80224419731349,1.5252568790124594e-14,4.046734277423067,0-2,15,58.35000000000002,58350,,,,,0,0.1559436507725597,0.02075898257815147,7.179987057690193,0.7684534695351323,0.0001062645922629866,negative_baseline,20.0,0,0,0,0,0,0,0,0,0,1,2,0,0,0,0,0,0,1,0,0
sim_0041_n3_seed297,297,0.001,3,655.0,1,body_1,3.1163256233840357,1.938542682722356,0.00013767866099698183,3.645293560811089e-06,0.14472407640837504,0.017632989095394007,2,7.511505358879906,0.7165994389103695,-8.083254969721613,-1.1152376737726845e-08,36.80224419731349,1.5252568790124594e-14,3.6014680376111614,0-2,15,59.35000000000002,59350,,,,,0,0.14472407640837504,0.017633130570428555,7.511505358879906,0.7165994389103695,9.774621520564155e-05,negative_baseline,20.0,0,0,0,0,0,0,0,0,0,1,2,0,0,0,0,0,0,1,0,0
sim_0041_n3_seed297,297,0.001,3,656.0,1,body_1,3.1163256233840357,1.938542682722356,0.00013693014217957094,6.388709127679634e-06,0.13142101796743474,0.017823655768787767,2,8.111021219280028,0.9111276608484529,-8.083254893995996,-1.7841681504026276e-09,36.80224419731352,1.6024850754181537e-14,2.8105449076091285,0-2,15,60.35000000000002,60350,,,,,0,0.13142101796743474,0.01782275495451755,8.111021219280028,0.9111276608484529,8.882531538539169e-05,negative_baseline,20.0,0,0,0,0,0,0,0,0,0,1,2,0,0,0,0,0,0,1,0,0
sim_0041_n3_seed297,297,0.001,3,656.95,1,body_1,3.1163256233840357,1.938542682722356,0.0001391540111721877,9.789776117634608e-06,0.11758376515879605,0.01829711036037527,2,9.231844383151559,1.677185247194946,-8.083255917583365,-1.2841476248157112e-07,36.80224419731354,1.660406222722424e-14,1.789503441162885,0-2,15,61.30000000000007,61300,,,,,0,0.11758376515879605,0.018307870538522227,9.231844383151559,1.677185247194946,8.646253762893361e-05,negative_hard,10.0,0,0,0,0,0,1,0,0,0,0,-1,0,0,0,1,0,0,1,0,0
sim_0041_n3_seed297,297,0.001,3,657.0,1,body_1,3.1163256233840357,1.938542682722356,0.00013936101685755914,9.963777146518382e-06,0.11698703726769273,0.0181169848762612,2,9.313788587279177,1.7432448798349394,-8.083256249449853,-1.6947080896436246e-07,36.80224419731355,1.6797132718238477e-14,1.7377366041260265,0-2,15,61.35000000000002,61350,,,,,0,0.11698703726769273,0.018129072659502077,9.313788587279177,1.7432448798349394,8.658332583264316e-05,negative_baseline,20.0,0,0,0,0,0,1,0,0,0,0,-1,0,0,0,1,0,0,1,0,0
sim_0041_n3_seed297,297,0.001,3,657.45,1,body_1,3.1163256233840357,1.938542682722356,0.0001416599770590747,1.1493539446650716e-05,0.11365487727447277,0.01496607207432662,0,9.834461994333948,1.6212855975841889,-8.083262027758536,-8.843200583295358e-07,36.80224419731356,1.7183273700266947e-14,1.4201405694390612,0-2,15,61.80000000000007,61800,,,,,0,0.11365487727447277,0.014983068704584454,9.834461994333948,1.6212855975841889,8.871724454155623e-05,negative_hard,10.0,0,0,0,0,1,0,0,0,0,0,-1,0,0,0,1,0,0,1,0,0
sim_0041_n3_seed297,297,0.001,3,657.95,1,body_1,3.1163256233840357,1.938542682722356,0.00014520029109429763,1.3186839115549796e-05,0.11353921609754451,0.009983478956596516,0,9.373401949546984,0.964842700860606,-8.083257530690553,-3.279763513976555e-07,36.80224419731362,1.872783762838083e-14,1.6131515167653572,0-2,15,62.30000000000007,62300,,,,,0,0.11353921609754451,0.009980519256352797,9.373401949546984,0.964842700860606,9.727863120878632e-05,negative_hard,10.0,0,0,0,0,0,0,0,0,0,0,-1,0,0,0,1,0,0,1,0,0
sim_0041_n3_seed297,297,0.001,3,658.0,1,body_1,3.1163256233840357,1.938542682722356,0.00014561599679024521,1.3361104073500102e-05,0.1135079289852446,0.009649138962483839,0,9.349489266572798,0.906590847557249,-8.083256968479152,-2.584237504509468e-07,36.802244197313634,1.91139786104093e-14,1.6591883539446362,0-2,15,62.35000000000002,62350,,,,,0,0.1135079289852446,0.009645076751849179,9.349489266572798,0.906590847557249,9.857912323094893e-05,negative_baseline,20.0,0,0,0,0,0,0,0,0,0,0,-1,0,0,0,1,0,0,1,0,0
sim_0041_n3_seed297,297,0.001,3,659.0,1,body_1,3.1163256233840357,1.938542682722356,0.00015658259888247958,1.7222653955216648e-05,0.10860542780125663,0.011116034003541388,0,9.46001282220178,0.5232843512615678,-8.083254882646337,-3.800729982020555e-10,36.80224419731357,1.7376344191281184e-14,2.7346586757271556,0-2,15,63.35000000000002,63350,,,,,0,0.10860542780125663,0.0111171487799997,9.46001282220178,0.5232843512615678,0.00012605810396043961,negative_baseline,20.0,0,0,0,0,0,0,0,0,0,0,-1,0,0,0,1,0,0,1,0,0
sim_0041_n3_seed297,297,0.001,3,660.0,1,body_1,3.1163256233840357,1.938542682722356,0.0001729649089028283,2.1473691184919997e-05,0.10214942469160515,0.011433547404520688,0,9.94054211458305,0.7115996402705876,-8.083254965634332,-1.0646728742561714e-08,36.802244197313634,1.91139786104093e-14,3.5303255029028597,0-2,15,64.35000000000002,64350,,,,,0,0.10214942469160515,0.011434107178678137,9.94054211458305,0.7115996402705876,0.00014757932757334755,negative_baseline,20.0,0,0,0,0,0,0,0,0,0,0,-1,0,0,0,0,0,0,1,0,0
sim_0041_n3_seed297,297,0.001,3,661.0,1,body_1,3.1163256233840357,1.938542682722356,0.00019466865188802726,2.5602196198897447e-05,0.0980533685119607,0.01089959487651066,0,10.413188152001732,0.9232225107045736,-8.083254990600285,-1.3735330207263648e-08,36.80224419731353,1.621792124519577e-14,3.942204981937526,0-2,15,65.35000000000002,65350,,,,,0,0.0980533685119607,0.010899841954275707,10.413188152001732,0.9232225107045736,0.00016406111969498793,negative_baseline,20.0,0,0,0,0,0,0,0,0,0,0,-1,0,0,0,0,0,0,1,0,0
sim_0041_n3_seed297,297,0.001,3,662.0,1,body_1,3.1163256233840357,1.938542682722356,0.0002212171388430108,2.9415529268880915e-05,0.09656391842402201,0.010508708239479228,2,10.639895623720372,1.1278401286526343,-8.083254992814053,-1.4009201161090065e-08,36.80224419731349,1.5252568790124594e-14,3.9902654056015128,0-2,15,66.35000000000002,66350,,,,,0,0.09656391842402201,0.01050884756252384,10.639895623720372,1.1278401286526343,0.00017776731238080195,negative_baseline,20.0,0,0,0,0,0,0,0,0,0,1,2,0,0,0,0,0,0,1,0,0
sim_0041_n3_seed297,297,0.001,3,663.0,1,body_1,3.1163256233840357,1.938542682722356,0.00025202274940443203,3.2886959752995885e-05,0.09750290303855103,0.01026083911239061,2,10.26601264202523,0.8854703436332862,-8.083254975929464,-1.1920365663765842e-08,36.80224419731349,1.5252568790124594e-14,3.6771660416177734,0-2,15,67.35000000000002,67350,,,,,0,0.09750290303855103,0.010261244256205443,10.26601264202523,0.8854703436332862,0.00019068130493211696,negative_baseline,20.0,0,0,0,0,0,0,0,0,0,1,2,0,0,0,0,0,0,1,0,0
sim_0041_n3_seed297,297,0.001,3,664.0,1,body_1,3.1163256233840357,1.938542682722356,0.0002865002265072089,3.6156475180651796e-05,0.10057663332885872,0.00947797998716984,2,9.865615541352117,0.5918690794480119,-8.083254908196928,-3.5410015297114997e-09,36.8022441973136,1.8148626155338124e-14,2.98339237276984,0-2,15,68.35000000000002,68350,,,,,0,0.10057663332885872,0.009480012235168594,9.865615541352117,0.5918690794480119,0.00020517880306820366,negative_baseline,20.0,0,0,0,0,0,0,0,0,0,1,2,0,0,0,0,0,0,1,0,0
sim_0041_n3_seed297,297,0.001,3,665.0,1,body_1,3.1163256233840357,1.938542682722356,0.00032426875447683496,3.983387971115021e-05,0.10386016798024579,0.006485704943529901,2,9.66946275600486,0.52572699264691,-8.083255310941261,-5.336552641268599e-08,36.80224419731362,1.872783762838083e-14,1.9285175502101997,0-2,15,69.35000000000002,69350,,,,,0,0.10386016798024579,0.006482240221376507,9.66946275600486,0.52572699264691,0.0002261447366996555,negative_baseline,20.0,0,0,0,0,0,0,0,0,0,1,2,0,0,0,1,0,0,1,0,0
sim_0041_n3_seed297,297,0.001,3,665.3000000000001,1,body_1,3.1163256233840357,1.938542682722356,0.0003362653827859254,4.120109606413493e-05,0.10394999269935981,0.007223797323152904,2,9.776182332595589,0.8423801280221421,-8.0832574105747,-3.131165139864544e-07,36.80224419731365,1.9500119592437774e-14,1.6132294265719744,0-2,15,69.65000000000009,69650,,,,,0,0.10394999269935981,0.007211324145787471,9.776182332595589,0.8423801280221421,0.00023514517016145483,negative_hard,10.0,0,0,0,0,0,0,0,0,0,1,2,0,0,0,1,0,0,1,0,0
sim_0041_n3_seed297,297,0.001,3,665.8000000000001,1,body_1,3.1163256233840357,1.938542682722356,0.0003570406775480094,4.372886414565668e-05,0.10335167805261303,0.011763199142720601,2,10.28509927149146,1.620380449882901,-8.083262447630617,-9.362635002313977e-07,36.802244197313634,1.91139786104093e-14,1.4035766551356708,0-2,15,70.15000000000009,70150,,,,,0,0.10335167805261303,0.011772606373802497,10.28509927149146,1.620380449882901,0.00025079217417363055,negative_hard,10.0,0,0,0,0,0,1,0,0,0,0,-1,0,0,0,1,0,0,1,0,0
sim_0041_n3_seed297,297,0.001,3,666.0,1,body_1,3.1163256233840357,1.938542682722356,0.00036562962946982025,4.4727829527685346e-05,0.10365199188316966,0.012786457077864228,0,10.334668893266466,1.9856462559079766,-8.08325946154065,-5.668467229824632e-07,36.80224419731364,1.9307049101423537e-14,1.4989886199257396,0-2,15,70.35000000000002,70350,,,,,0,0.10365199188316966,0.012797150297609297,10.334668893266466,1.9856462559079766,0.00025565953616426656,negative_baseline,20.0,0,0,0,0,1,0,0,0,0,0,-1,0,0,0,1,0,0,1,0,0
sim_0041_n3_seed297,297,0.001,3,666.3000000000001,1,body_1,3.1163256233840357,1.938542682722356,0.0003787868494848071,4.615589246831287e-05,0.10501448348432758,0.013145145302441912,0,9.953592237072181,1.5558699809829064,-8.083255939018049,-1.3106650162389862e-07,36.80224419731365,1.9500119592437774e-14,1.7740265995892657,0-2,15,70.65000000000009,70650,,,,,0,0.10501448348432758,0.013151471760624235,9.953592237072181,1.5558699809829064,0.0002623971672596696,negative_hard,10.0,0,0,0,0,1,0,0,0,0,0,-1,0,0,0,1,0,0,1,0,0
sim_0041_n3_seed297,297,0.001,3,667.0,1,body_1,3.1163256233840357,1.938542682722356,0.0004106113782394748,4.952979401942977e-05,0.10984064610827911,0.011544443013275264,0,9.313385343719686,0.8604002051948431,-8.08325486456844,1.8563895137957978e-09,36.80224419731368,2.0272401556494714e-14,2.551498445932742,0-2,15,71.35000000000002,71350,,,,,0,0.10984064610827911,0.011545094208947681,9.313385343719686,0.8604002051948431,0.00028097948207190046,negative_baseline,20.0,0,0,0,0,0,0,0,0,0,0,-1,0,0,0,1,0,0,1,0,0
sim_0041_n3_seed297,297,0.001,3,668.0,1,body_1,3.1163256233840357,1.938542682722356,0.00045883747593126773,5.587725730260976e-05,0.11627764808227692,0.01020290635831543,0,8.81096980389315,0.4652984290351598,-8.083254957130935,-9.594751881228583e-09,36.80224419731376,2.2589247448665537e-14,3.4276534086801944,0-2,15,72.35000000000002,72350,,,,,0,0.11627764808227692,0.010201998258681568,8.81096980389315,0.4652984290351598,0.00031217585850970027,negative_baseline,20.0,0,0,0,0,0,0,0,0,0,0,-1,0,0,0,0,0,0,1,0,0
sim_0041_n3_seed297,297,0.001,3,669.0,1,body_1,3.1163256233840357,1.938542682722356,0.0005114096354602607,6.50835307666896e-05,0.12195428138758181,0.011431366861949647,0,8.520668911339952,0.4995856523779633,-8.083254988816357,-1.3514635982124508e-08,36.802244197313584,1.7762485173309654e-14,3.939166632088012,0-2,15,73.35000000000002,73350,,,,,0,0.12195428138758181,0.011429781779305497,8.520668911339952,0.4995856523779633,0.00034564191372113184,negative_baseline,20.0,0,0,0,0,0,0,0,0,0,0,-1,0,0,0,0,0,0,1,0,0
sim_0041_n3_seed297,297,0.001,3,670.0,1,body_1,3.1163256233840357,1.938542682722356,0.0005703513047036569,7.740039811287113e-05,0.12783976829243127,0.014347827249628582,0,8.32321533316199,0.7016735136514817,-8.083254994647282,-1.4235994539163909e-08,36.80224419731363,1.8920908119395067e-14,4.108692235295293,0-2,15,74.35000000000002,74350,,,,,0,0.12783976829243127,0.014345696934901725,8.32321533316199,0.7016735136514817,0.0003825115177814335,negative_baseline,20.0,0,0,0,0,0,0,0,0,0,0,-1,0,0,0,0,0,0,1,0,0
sim_0041_n3_seed297,297,0.001,3,671.0,1,body_1,3.1163256233840357,1.938542682722356,0.0006380576564283284,9.258997849706788e-05,0.13451390647668918,0.018529816471565534,0,8.194472895228246,0.9558323202898693,-8.083254985040345,-1.3047495894633775e-08,36.80224419731362,1.872783762838083e-14,3.939587824035256,0-2,15,75.35000000000002,75350,,,,,0,0.13451390647668918,0.01852703270724323,8.194472895228246,0.9558323202898693,0.0004259095027128822,negative_baseline,20.0,0,0,0,0,0,0,0,0,0,0,-1,0,0,0,0,0,0,1,0,0
sim_0041_n3_seed297,297,0.001,3,672.0,1,body_1,3.1163256233840357,1.938542682722356,0.0007166883455419985,0.00010986621772621083,0.14240302260856508,0.024191172649011966,0,8.166029701441152,1.2800481827736705,-8.083254934580765,-6.805013085721888e-09,36.80224419731352,1.6024850754181537e-14,3.402547497069644,0-2,15,76.35000000000002,76350,,,,,0,0.14240302260856508,0.024187180825978764,8.166029701441152,1.2800481827736705,0.0004804556569219515,negative_baseline,20.0,0,0,0,0,0,0,0,0,0,0,-1,0,0,0,0,0,0,1,0,0
sim_0041_n3_seed297,297,0.001,3,673.0,1,body_1,3.1163256233840357,1.938542682722356,0.0008070267247387655,0.00012727610743610833,0.15355004649264697,0.03226130696606899,0,8.316670691707243,1.809549638317333,-8.083254685115005,2.405702996079218e-08,36.80224419731342,1.332186387998224e-14,2.4325076471465255,0-2,15,77.35000000000002,77350,,,,,0,0.15355004649264697,0.03225545921896636,8.316670691707243,1.809549638317333,0.0005554590650398048,negative_baseline,20.0,0,0,0,0,0,0,0,0,0,0,-1,0,0,0,1,0,0,1,0,0
sim_0041_n3_seed297,297,0.001,3,673.3000000000001,1,body_1,3.1163256233840357,1.938542682722356,0.0008361346771552165,0.00013201375623368583,0.15869206079012396,0.035260322823643254,0,8.408230335120326,2.0702684363942496,-8.08325461841049,3.230921508702842e-08,36.80224419731337,1.1970370442882594e-14,2.0526527590190495,0-2,15,77.65000000000009,77650,,,,,0,0.15869206079012396,0.03525811999017278,8.408230335120326,2.0702684363942496,0.0005856111907514083,negative_hard,10.0,0,0,0,0,0,0,0,0,0,0,-1,0,0,0,1,0,0,1,0,0
sim_0041_n3_seed297,297,0.001,3,673.8000000000001,1,body_1,3.1163256233840357,1.938542682722356,0.0008859887113092576,0.0001392319265627161,0.170839192381066,0.037056119968659984,2,7.701762772867339,1.355726072993754,-8.083259068891007,-5.182710380105737e-07,36.8022441973134,1.2742652406939534e-14,1.4136602362242514,0-2,15,78.15000000000009,78150,,,,,0,0.170839192381066,0.037110412883978476,7.701762772867339,1.355726072993754,0.0006481922605515397,negative_hard,10.0,0,0,0,0,1,0,0,0,0,1,2,0,0,0,1,0,0,1,0,0
sim_0041_n3_seed297,297,0.001,3,674.0,1,body_1,3.1163256233840357,1.938542682722356,0.0009061964122092571,0.00014233254783737963,0.17620293147411045,0.03253357671464588,2,7.484253195695226,1.2203505589317183,-8.083266701848792,-1.4625636403777591e-06,36.80224419731341,1.293572289795377e-14,1.2488589909064731,0-2,15,78.35000000000002,78350,,,,,0,0.17620293147411045,0.03257612249103775,7.484253195695226,1.2203505589317183,0.000671166110925865,negative_baseline,20.0,0,0,0,0,0,0,0,0,0,1,2,0,0,0,1,0,0,1,0,0
sim_0041_n3_seed297,297,0.001,3,674.3000000000001,1,body_1,3.1163256233840357,1.938542682722356,0.0009367284870279287,0.00014837844718736776,0.18144761639780796,0.02824101329993728,2,7.393778951985243,1.1379235729091697,-8.083264962525291,-1.247387510571241e-06,36.802244197313335,1.1005017987811415e-14,1.2745577863091702,0-2,15,78.65000000000009,78650,,,,,0,0.18144761639780796,0.028194731985774327,7.393778951985243,1.1379235729091697,0.0006798171771136411,negative_hard,10.0,0,0,0,0,0,0,0,0,0,1,2,0,0,0,1,0,0,1,0,0
sim_0041_n3_seed297,297,0.001,3,674.8000000000001,1,body_1,3.1163256233840357,1.938542682722356,0.0009888387896685768,0.00016053133447864777,0.18599936132495679,0.04141993393724859,2,7.682637551122199,1.3569237851252296,-8.083254816990111,7.74242546603514e-09,36.8022441973133,1.0039665532740239e-14,1.8439632825655172,0-2,15,79.15000000000009,79150,,,,,0,0.18599936132495679,0.04141872664363059,7.682637551122199,1.3569237851252296,0.0006680812527317068,negative_hard,10.0,0,0,0,0,0,0,0,0,0,1,2,0,0,0,1,0,0,1,0,0
sim_0041_n3_seed297,297,0.001,3,675.0,1,body_1,3.1163256233840357,1.938542682722356,0.0010102028763735716,0.00016507630857911734,0.1889452338649871,0.04579352229290777,0,7.604206407561822,2.2478690364780896,-8.083254612323383,3.306226642848751e-08,36.80224419731332,1.0618877005782945e-14,2.1087810871058768,0-2,15,79.35000000000002,79350,,,,,0,0.1889452338649871,0.045789176464675375,7.604206407561822,2.2478690364780896,0.0006698645351241959,negative_baseline,20.0,0,0,0,0,1,0,0,0,0,1,2,0,0,0,1,0,0,1,0,0
sim_0041_n3_seed297,297,0.001,3,675.35,1,body_1,3.1163256233840357,1.938542682722356,0.0010481082329037608,0.0001722216433823149,0.19634465363049905,0.05244441246961876,0,7.188899793864614,2.019125979919911,-8.083254724828686,1.9143949546513747e-08,36.80224419731331,1.0232736023754475e-14,2.5415057712421563,0-2,15,79.70000000000005,79700,,,,,0,0.19634465363049905,0.05243679728067434,7.188899793864614,2.019125979919911,0.0006802734469112404,negative_hard,10.0,0,0,0,0,1,0,0,0,0,0,-1,0,0,0,0,0,0,1,0,0
sim_0041_n3_seed297,297,0.001,3,676.0,1,body_1,3.1163256233840357,1.938542682722356,0.001118730684781091,0.00018291969692586598,0.21651394415370626,0.0640107226401352,0,6.503534538092521,1.7702760478497632,-8.083254903471257,-2.956376821970637e-09,36.80224419731328,9.460454059697534e-15,3.195449523742334,0-2,15,80.35000000000002,80350,,,,,0,0.21651394415370626,0.06400126096484153,6.503534538092521,1.7702760478497632,0.0007119217826007863,negative_baseline,20.0,0,0,0,0,0,0,0,0,0,0,-1,0,0,0,0,0,0,1,0,0
sim_0041_n3_seed297,297,0.001,3,677.0,1,body_1,3.1163256233840357,1.938542682722356,0.0012188928393638784,0.00019297559585267643,0.2602241266416044,0.08383940079513291,0,5.646723984260831,1.5982120862837736,-8.083254985213358,-1.3068899847128345e-08,36.80224419731319,7.143608167526709e-15,3.846314544526519,0-2,15,81.35000000000002,81350,,,,,0,0.2602241266416044,0.08382957422859104,5.646723984260831,1.5982120862837736,0.0007666974052776912,negative_baseline,20.0,0,0,0,0,0,0,0,0,0,0,-1,0,0,0,0,0,0,1,0,0
sim_0041_n3_seed297,297,0.001,3,678.0,1,body_1,3.1163256233840357,1.938542682722356,0.0012881717624175404,0.00019394202893739762,0.3161055816357511,0.10778948642956795,0,4.981479301561661,1.5253147880847067,-8.083255011139011,-1.6276228221895927e-08,36.80224419731322,7.91589013158365e-15,4.15593604449792,0-2,15,82.35000000000002,82350,,,,,0,0.3161055816357511,0.10778037673662949,4.981479301561661,1.5253147880847067,0.0008062394829800953,negative_baseline,20.0,0,0,0,0,0,0,0,0,0,0,-1,0,0,0,0,0,0,1,0,0
sim_0041_n3_seed297,297,0.001,3,679.0,1,body_1,3.1163256233840357,1.938542682722356,0.0012958404155279013,0.00018663064019186314,0.38162096221100383,0.13589700670351668,0,4.466038088450639,1.4762283154658393,-8.083255026849514,-1.821981448197512e-08,36.80224419731321,7.52974914955518e-15,4.209337951002125,0-2,15,83.35000000000002,83350,,,,,0,0.38162096221100383,0.13588671588112172,4.466038088450639,1.4762283154658393,0.0008087767689010867,negative_baseline,20.0,0,0,0,0,0,0,0,0,0,0,-1,0,0,0,0,0,0,1,0,0
sim_0041_n3_seed297,297,0.001,3,680.0,1,body_1,3.1163256233840357,1.938542682722356,0.0012114608708874795,0.00018424065178774266,0.45790229970627094,0.17128750516481825,0,4.050037400217628,1.417641463147692,-8.083255041730759,-2.0060811073406168e-08,36.802244197313215,7.722819640569415e-15,4.050037400217628,0-1,15,84.35000000000002,84350,,,,,0,0.45790229970627094,0.17126257695179228,4.050037400217628,1.417641463147692,0.000757046583757049,negative_baseline,20.0,0,0,0,0,0,0,0,0,0,0,-1,0,0,0,0,0,0,1,0,0
sim_0041_n3_seed297,297,0.001,3,681.0,1,body_1,3.1163256233840357,1.938542682722356,0.001029378097712489,0.00021891050626574547,0.5611306983929335,0.23607023630235913,0,3.647199700569881,1.3608903189305257,-8.083255062794985,-2.2666719984221825e-08,36.802244197313236,8.30203111361212e-15,3.647199700569881,0-1,15,85.35000000000002,85350,,,,,0,0.5611306983929335,0.2359801816299156,3.647199700569881,1.3608903189305257,0.000657944657042983,negative_baseline,20.0,0,0,0,0,0,0,0,0,0,0,-1,0,0,0,0,0,0,1,0,0
sim_0041_n3_seed297,297,0.001,3,682.0,1,body_1,3.1163256233840357,1.938542682722356,0.0008563525475685544,0.0003361285078869904,0.7559894065725132,0.4361300048070307,0,3.114052478211962,1.4174602929127302,-8.083255088355434,-2.5828868170512113e-08,36.80224419731321,7.52974914955518e-15,3.114052478211962,0-1,15,86.35000000000002,86350,,,,,0,0.7559894065725132,0.4356992450415852,3.114052478211962,1.4174602929127302,0.0006104252899461328,negative_baseline,20.0,0,0,0,0,0,0,0,0,0,0,-1,0,0,0,0,0,0,1,0,0
sim_0041_n3_seed297,297,0.001,3,683.0,1,body_1,3.1163256233840357,1.938542682722356,0.0011736107034337085,0.0008273062773615461,1.3895471527876357,1.6659232513567765,0,2.2229946056835463,1.9249768509834402,-8.083254858006335,2.6682042621113015e-09,36.802244197313115,5.019832766370119e-15,2.2229946056835463,0-1,15,87.35000000000002,87350,,,,,0,1.3895471527876357,1.660015281973977,2.2229946056835463,1.9249768509834402,0.0008869819968036564,negative_baseline,20.0,0,0,0,0,1,0,0,0,0,0,-1,0,0,0,0,0,0,1,0,0
sim_0041_n3_seed297,297,0.001,3,683.4,1,body_1,3.1163256233840357,1.938542682722356,0.0016139734961941057,0.0016590625777613097,2.307116005688006,4.739309506577573,0,1.6848549262082988,2.4685414369174032,-8.083254054433834,1.0208020016679406e-07,36.80224419731314,5.599044239412826e-15,1.6848549262082988,0-1,15,87.75,87750,,,,,0,2.307116005688006,4.704132531243276,1.6848549262082988,2.4685414369174032,0.0011630448893158074,negative_hard,10.0,0,0,0,1,1,0,0,0,0,0,-1,0,0,0,0,0,0,1,0,0
sim_0041_n3_seed297,297,0.001,3,683.9,1,body_1,3.1163256233840357,1.938542682722356,0.002646870657538721,0.0070376303280497605,8.463746498921248,47.1009589335752,0,0.8488014228881312,4.072823438205765,-8.08326644506607,-1.4307963972423608e-06,36.802244197313144,5.792114730427061e-15,0.8488014228881312,0-1,15,88.25,88250,,,,,0,8.463746498921248,47.555645290600424,0.8488014228881312,4.072823438205765,0.0017388688442665687,negative_hard,10.0,1,1,1,1,1,0,1,0,0,0,-1,0,0,0,1,1,0,1,0,0
sim_0041_n3_seed297,297,0.001,3,684.0,1,body_1,3.1163256233840357,1.938542682722356,0.0028007861307887934,0.00907735638844427,11.341954209426175,69.63423276517189,0,0.728312636260016,4.491662045160944,-8.083303037280874,-5.957712268392772e-06,36.802244197313186,6.9505376765124735e-15,0.728312636260016,0-1,15,88.35000000000002,88350,,,,,0,11.341954209426175,73.3851971244829,0.728312636260016,4.491662045160944,0.0018026796083228224,negative_baseline,20.0,1,1,1,1,0,0,1,1,0,0,-1,0,0,0,1,1,0,1,0,0
sim_0041_n3_seed297,297,0.001,3,684.4,1,body_1,3.1163256233840357,1.938542682722356,0.0016340532148005644,0.0024594578323262413,4.6907954329001305,20.79568071944203,0,1.10639568080417,3.4159345288178025,-8.083252752046786,2.632018111253484e-07,36.802244197313094,4.4406212933274135e-15,1.10639568080417,0-1,15,88.75,88750,,,,,0,4.6907954329001305,20.657252651341576,1.10639568080417,3.4159345288178025,0.0010756681143591364,negative_hard,10.0,1,1,1,1,0,1,1,0,0,1,2,0,0,0,1,1,0,1,0,0
sim_0041_n3_seed297,297,0.001,3,685.0,1,body_1,3.1163256233840357,1.938542682722356,0.0014618907908205598,0.000593900211486919,1.4357577847487235,2.061629483339822,0,2.0370082550272004,1.9500773610737363,-8.083254504029338,4.6459597991608793e-08,36.802244197313,1.9307049101423538e-15,2.0370082550272004,0-1,15,89.35000000000002,89350,,,,,0,1.4357577847487235,2.0566988291066663,2.0370082550272004,1.9500773610737363,0.001043846805956719,negative_baseline,20.0,0,0,0,0,0,1,0,0,0,1,2,0,0,0,0,0,0,1,0,0
sim_0041_n3_seed297,297,0.001,3,686.0,1,body_1,3.1163256233840357,1.938542682722356,0.0017642313241254181,0.00037821669625026476,0.8367439086862549,0.3200781592079187,0,2.7402171469840244,1.085629809302918,-8.083254946674359,-8.301142288897028e-09,36.80224419731301,2.1237754011565892e-15,2.7402171469840244,0-1,15,90.35000000000002,90350,,,,,0,0.8367439086862549,0.31993375201531665,2.7402171469840244,1.085629809302918,0.0012516876646506544,negative_baseline,20.0,0,0,0,0,0,0,0,0,0,0,-1,0,0,0,0,0,0,1,0,0
sim_0041_n3_seed297,297,0.001,3,687.0,1,body_1,3.1163256233840357,1.938542682722356,0.0016650162466015494,0.0006758303382801994,0.9729464612060317,0.5890676273259537,0,2.525908988832449,1.3025162548527316,-8.083254840216716,4.869003189286738e-09,36.80224419731304,2.8960573652135305e-15,2.525908988832449,0-1,15,91.35000000000002,91350,,,,,0,0.9729464612060317,0.5872359011507537,2.525908988832449,1.3025162548527316,0.0011972066659135798,negative_baseline,20.0,0,0,0,0,0,0,0,0,0,0,-1,0,0,0,0,0,0,1,0,0
sim_0041_n3_seed297,297,0.001,3,687.45,1,body_1,3.1163256233840357,1.938542682722356,0.0014740406524723548,0.0009463892553735208,1.3811437330492025,1.6757073905859505,0,2.1131860352959797,1.773493889093225,-8.083254457309579,5.223941805474255e-08,36.802244197312994,1.7376344191281184e-15,2.1131860352959797,0-1,15,91.80000000000007,91800,,,,,0,1.3811437330492025,1.6666888523200583,2.1131860352959797,1.773493889093225,0.0010848105288857773,negative_hard,10.0,0,0,0,0,1,0,0,0,0,0,-1,0,0,0,0,0,0,1,0,0
sim_0041_n3_seed297,297,0.001,3,687.95,1,body_1,3.1163256233840357,1.938542682722356,0.0010930138910315173,0.0015389524371718702,3.3777077796208714,11.018489839938265,0,1.3466804807416655,2.8528967806194045,-8.08325078882542,5.060769145681548e-07,36.80224419731298,1.3514934370996475e-15,1.3466804807416655,0-1,15,92.30000000000007,92300,,,,,0,3.3777077796208714,10.822402751228504,1.3466804807416655,2.8528967806194045,0.000879800188088701,negative_hard,10.0,1,1,1,1,1,0,1,0,0,0,-1,0,0,0,1,1,0,1,0,0
sim_0041_n3_seed297,297,0.001,3,688.0,1,body_1,3.1163256233840357,1.938542682722356,0.0010393651809881411,0.0016346145475957367,3.93287485588559,14.67781990007208,0,1.247429425930485,3.0376640508922206,-8.083249497259786,6.658597810159697e-07,36.802244197312994,1.7376344191281184e-15,1.247429425930485,0-1,15,92.35000000000002,92350,,,,,0,3.93287485588559,14.370647781921583,1.247429425930485,3.0376640508922206,0.0008540528980937969,negative_baseline,20.0,1,1,1,1,1,0,1,0,0,0,-1,0,0,0,1,1,0,1,0,0
sim_0041_n3_seed297,297,0.001,3,688.45,1,body_1,3.1163256233840357,1.938542682722356,0.000519136945590002,0.00184062561173697,19.889492313280822,181.49608717479396,0,0.5513600080578435,5.269724649819928,-8.08339329911336,-1.7124232912767192e-05,36.80224419731291,-5.792114730427061e-16,0.5513600080578435,0-1,15,92.80000000000007,92800,,,,,0,19.889492313280822,205.85488937866353,0.5513600080578435,5.269724649819928,0.0006682607914602062,negative_hard,10.0,1,1,1,1,0,0,1,1,0,0,-1,0,0,0,1,1,0,1,0,0
sim_0041_n3_seed297,297,0.001,3,688.95,1,body_1,3.1163256233840357,1.938542682722356,0.0008820456547197503,0.00142300741252655,2.3809806049542845,6.357070133300271,0,1.5590872607690043,2.5214211123982424,-8.083252613119697,2.8038883424532953e-07,36.802244197312895,-9.653524550711769e-16,1.5590872607690043,0-1,15,93.30000000000007,93300,,,,,0,2.3809806049542845,6.305723938003208,1.5590872607690043,2.5214211123982424,0.0008307407342012318,negative_hard,10.0,0,0,0,1,0,1,0,0,0,1,2,0,0,0,1,1,0,1,0,0
sim_0041_n3_seed297,297,0.001,3,689.0,1,body_1,3.1163256233840357,1.938542682722356,0.0009348697078894815,0.0013711442424010787,2.128427244788581,5.153746894882964,0,1.6446296273772818,2.3985546838671374,-8.08325309599125,2.2065156754836092e-07,36.80224419731291,-5.792114730427061e-16,1.6446296273772818,0-1,15,93.35000000000002,93350,,,,,0,2.128427244788581,5.118683265736436,1.6446296273772818,2.3985546838671374,0.0008543335530918612,negative_baseline,20.0,0,0,0,1,0,1,0,0,0,1,2,0,0,0,1,1,0,1,0,0
sim_0041_n3_seed297,297,0.001,3,690.0,1,body_1,3.1163256233840357,1.938542682722356,0.0017284851619595548,0.0008658163965924989,0.7412565681865846,0.4503709957418684,0,2.715962693990471,1.184814151909863,-8.083254890883877,-1.3991600553693172e-09,36.8022441973129,-7.722819640569415e-16,2.715962693990471,0-1,15,94.35000000000002,94350,,,,,0,0.7412565681865846,0.450073723798536,2.715962693990471,1.184814151909863,0.0012428778058545709,negative_baseline,20.0,0,0,0,0,0,0,0,0,0,1,2,0,0,0,0,0,0,1,0,0
sim_0041_n3_seed297,297,0.001,3,691.0,1,body_1,3.1163256233840357,1.938542682722356,0.002141202792658826,0.0008960146248673766,0.663061176966118,0.23138180158044128,0,2.915784875222681,0.9498428448797614,-8.08325494151234,-7.662535880313528e-09,36.80224419731295,5.792114730427061e-16,2.915784875222681,0-1,15,95.35000000000002,95350,,,,,0,0.663061176966118,0.23105700899754777,2.915784875222681,0.9498428448797614,0.001443874979825416,negative_baseline,20.0,0,0,0,0,0,0,0,0,0,1,2,0,0,0,0,0,0,1,0,0
sim_0041_n3_seed297,297,0.001,3,692.0,1,body_1,3.1163256233840357,1.938542682722356,0.0023674591741389165,0.0015634100377453506,1.0998125449215215,1.1832809562148285,0,2.3169544756318032,1.5759971631324028,-8.083254613651478,3.289796442550472e-08,36.80224419731291,-5.792114730427061e-16,2.3169544756318032,0-1,15,96.35000000000002,96350,,,,,0,1.0998125449215215,1.178247966156221,2.3169544756318032,1.5759971631324028,0.0015356152685664366,negative_baseline,20.0,0,0,0,0,0,0,0,0,0,0,-1,0,0,0,1,1,0,1,0,0
sim_0041_n3_seed297,297,0.001,3,692.4,1,body_1,3.1163256233840357,1.938542682722356,0.0025027642180076195,0.002508508126940276,1.8815653834594022,3.805583800015823,0,1.784679983995462,2.198639646743377,-8.083253446090577,1.7733989019532683e-07,36.8022441973129,-7.722819640569415e-16,1.784679983995462,0-1,15,96.75,96750,,,,,0,1.8815653834594022,3.768812184961723,1.784679983995462,2.198639646743377,0.001605880285689961,negative_hard,10.0,0,0,0,1,1,0,0,0,0,0,-1,0,0,0,1,1,0,1,0,0
sim_0041_n3_seed297,297,0.001,3,692.9,1,body_1,3.1163256233840357,1.938542682722356,0.0032255485051588735,0.011953800618002145,11.246020584916208,99.55546908044738,0,0.7335090657297899,4.421173710111683,-8.083231048753074,2.948171422362279e-06,36.80224419731282,-3.089127856227766e-15,0.7335090657297899,0-1,15,97.25,97250,,,,,0,11.246020584916208,94.88578307622763,0.7335090657297899,4.421173710111683,0.002097043726860282,negative_hard,10.0,1,1,1,1,1,0,1,1,0,0,-1,0,0,0,1,1,0,1,0,0
sim_0041_n3_seed297,297,0.001,3,693.0,1,body_1,3.1163256233840357,1.938542682722356,0.003600254787350514,0.023896196587479133,23.893486084621298,263.1330855073957,0,0.5031953875072774,5.565721743215871,-8.083408826879563,-1.904521232428693e-05,36.80224419731278,-4.054480311298943e-15,0.5031953875072774,0-1,15,97.35000000000002,97350,,,,,0,23.893486084621298,299.7904931310507,0.5031953875072774,5.565721743215871,0.0023987796722243315,negative_baseline,20.0,1,1,1,1,1,0,1,1,0,0,-1,0,0,0,1,1,0,1,0,0
sim_0041_n3_seed297,297,0.001,3,693.4,1,body_1,3.1163256233840357,1.938542682722356,0.0019131186616262806,0.005324327235475038,4.443767520446313,19.999326772341043,0,1.1624511479892832,3.214874525034705,-8.083246048970919,1.0924563585413762e-06,36.80224419731282,-3.089127856227766e-15,1.1624511479892832,0-1,15,97.75,97750,,,,,0,4.443767520446313,19.555538781137017,1.1624511479892832,3.214874525034705,0.0015505719046681144,negative_hard,10.0,1,1,1,1,0,1,1,0,0,0,-1,0,0,0,1,1,0,1,0,0
sim_0041_n3_seed297,297,0.001,3,694.0,1,body_1,3.1163256233840357,1.938542682722356,0.0019353979396852443,0.0020754714103521244,1.2351606407421332,1.6167533463671673,0,2.176860798439832,1.7361101727706263,-8.083254440505048,5.431834929597345e-08,36.80224419731278,-4.054480311298943e-15,2.176860798439832,0-1,15,98.35000000000002,98350,,,,,0,1.2351606407421332,1.6124922673058752,2.176860798439832,1.7361101727706263,0.0014724988505345855,negative_baseline,20.0,0,0,0,0,0,1,0,0,0,1,2,0,0,0,1,1,0,1,0,0
sim_0041_n3_seed297,297,0.001,3,695.0,1,body_1,3.1163256233840357,1.938542682722356,0.002557811060565331,0.001407097653331924,0.678412199051739,0.26570323882873836,0,2.9031733833036824,0.9628937854667361,-8.083254937169997,-7.125333548028149e-09,36.8022441973128,-3.4752688382562368e-15,2.9031733833036824,0-1,15,99.35000000000002,99350,,,,,0,0.678412199051739,0.265586443719714,2.9031733833036824,0.9628937854667361,0.0017417329863007437,negative_baseline,20.0,0,0,0,0,0,0,0,0,0,1,2,0,0,0,1,1,0,1,0,0
sim_0041_n3_seed297,297,0.001,3,696.0,1,body_1,3.1163256233840357,1.938542682722356,0.003066566812188638,0.0016269900540628946,0.7343682451285423,0.37267385587579016,0,2.8081703778011664,1.0641747528065686,-8.083254907963576,-3.5121330702005323e-09,36.80224419731292,-1.9307049101423537e-16,2.8081703778011664,0-1,15,100.35000000000002,100350,,,,,0,0.7343682451285423,0.3719168122157679,2.8081703778011664,1.0641747528065686,0.0019915279453452364,negative_baseline,20.0,0,0,0,0,0,0,0,0,0,1,2,0,0,0,1,1,0,1,0,0
sim_0041_n3_seed297,297,0.001,3,696.8000000000001,1,body_1,3.1163256233840357,1.938542682722356,0.0035758821674402048,0.0028532815654385498,1.3250536563367676,1.8463187409084745,0,2.1165395382692793,1.8022215608069139,-8.08325433344557,6.756294931446623e-08,36.80224419731297,1.1584229460854121e-15,2.1165395382692793,0-1,15,101.15000000000009,101150,,,,,0,1.3250536563367676,1.8356198190004256,2.1165395382692793,1.8022215608069139,0.0022817699565028647,negative_hard,10.0,0,0,0,0,1,0,0,0,0,0,-1,0,0,0,1,1,0,1,0,0
sim_0041_n3_seed297,297,0.001,3,697.0,1,body_1,3.1163256233840357,1.938542682722356,0.0038009207161818007,0.0037326476000537467,1.786120739428814,3.471548468383707,0,1.8287264274311048,2.146229862526749,-8.083253590329054,1.5949578168816547e-07,36.80224419731298,1.3514934370996475e-15,1.8287264274311048,0-1,15,101.35000000000002,101350,,,,,0,1.786120739428814,3.439979170630028,1.8287264274311048,2.146229862526749,0.002424064929085313,negative_baseline,20.0,0,0,0,1,1,0,0,0,0,0,-1,0,0,0,1,1,0,1,0,0
sim_0041_n3_seed297,297,0.001,3,697.3000000000001,1,body_1,3.1163256233840357,1.938542682722356,0.004405222415613267,0.007264384451505003,3.7272755820830685,14.431857765560071,0,1.2709791114702929,2.9996308719472142,-8.083248363684497,8.060972603031878e-07,36.80224419731297,1.1584229460854121e-15,1.2709791114702929,0-1,15,101.65000000000009,101650,,,,,0,3.7272755820830685,14.083189182006,1.2709791114702929,2.9996308719472142,0.002827248082769638,negative_hard,10.0,1,1,1,1,1,0,1,0,0,0,-1,0,0,0,1,1,0,1,0,0
sim_0041_n3_seed297,297,0.001,3,697.8000000000001,1,body_1,3.1163256233840357,1.938542682722356,0.004849986627462836,0.028395414362031447,16.041823129314267,171.81401257714688,0,0.613840138972811,4.942201801214438,-8.083248870803459,7.433602849770977e-07,36.80224419731295,5.792114730427061e-16,0.613840138972811,0-1,15,102.15000000000009,102150,,,,,0,16.041823129314267,170.90366443916216,0.613840138972811,4.942201801214438,0.0036352209206410536,negative_hard,10.0,1,1,1,1,0,1,1,1,0,0,-1,0,0,0,1,1,0,1,0,0
sim_0041_n3_seed297,297,0.001,3,698.0,1,body_1,3.1163256233840357,1.938542682722356,0.003297540050364477,0.009450071451231591,4.870876796272465,23.60238423700977,0,1.1126698262843442,3.323824243458794,-8.083244344894457,1.3032719875854751e-06,36.8022441973129,-7.722819640569415e-16,1.1126698262843442,0-1,15,102.35000000000002,102350,,,,,0,4.870876796272465,23.007193748508158,1.1126698262843442,3.323824243458794,0.002698241719633647,negative_baseline,20.0,1,1,1,1,0,1,1,0,0,0,-1,0,0,0,1,1,0,1,0,0
sim_0041_n3_seed297,297,0.001,3,698.3000000000001,1,body_1,3.1163256233840357,1.938542682722356,0.002724178994803184,0.004491499425872411,2.0420260186601014,4.5393098147835245,0,1.7127674918492741,2.298458175672358,-8.083253083018203,2.2225649611120084e-07,36.8022441973129,-7.722819640569415e-16,1.7127674918492741,0-1,15,102.65000000000009,102650,,,,,0,2.0420260186601014,4.507306020125919,1.7127674918492741,2.298458175672358,0.0022905920413857548,negative_hard,10.0,0,0,0,1,0,1,0,0,0,0,-1,0,0,0,1,1,0,1,0,0
sim_0041_n3_seed297,297,0.001,3,699.0,1,body_1,3.1163256233840357,1.938542682722356,0.0029034753144832155,0.0023615572257978897,0.8933450763487493,0.6929745020698088,0,2.566753872195965,1.317547968462758,-8.083254802745566,9.504654334385333e-09,36.802244197312966,9.653524550711769e-16,2.566753872195965,0-1,15,103.35000000000002,103350,,,,,0,0.8933450763487493,0.6922119119221289,2.566753872195965,1.317547968462758,0.002230011525189165,negative_baseline,20.0,0,0,0,0,0,0,0,0,0,1,2,0,0,0,1,1,0,1,0,0
sim_0041_n3_seed297,297,0.001,3,700.0,1,body_1,3.1163256233840357,1.938542682722356,0.0035926658854807587,0.0019595513333368225,0.6658073575249602,0.21049524005887124,0,2.955367153953921,0.8986575017616424,-8.083254949980805,-8.710191208085336e-09,36.8022441973129,-7.722819640569415e-16,2.955367153953921,0-1,15,104.35000000000002,104350,,,,,0,0.6658073575249602,0.21031417088983806,2.955367153953921,0.8986575017616424,0.00249554599004496,negative_baseline,20.0,0,0,0,0,0,0,0,0,0,1,2,0,0,0,1,1,0,1,0,0
sim_0041_n3_seed297,297,0.001,3,701.0,1,body_1,3.1163256233840357,1.938542682722356,0.004393390563514271,0.002719869620787687,0.9087886955371156,0.7322151749090583,0,2.5441721560650685,1.3435720190143325,-8.083254791129027,1.0941765871139842e-08,36.80224419731295,5.792114730427061e-16,2.5441721560650685,0-1,15,105.35000000000002,105350,,,,,0,0.9087886955371156,0.7299655849969188,2.5441721560650685,1.3435720190143325,0.0028960998502931376,negative_baseline,20.0,0,0,0,0,0,0,0,0,0,1,2,0,0,0,1,1,0,1,0,0
sim_0041_n3_seed297,297,0.001,3,701.7,1,body_1,3.1163256233840357,1.938542682722356,0.005500128674783197,0.005988195200914645,2.1498287743340563,5.03487106369364,0,1.6687629386801184,2.360497595932503,-8.083252865619976,2.4915138321533194e-07,36.80224419731291,-5.792114730427061e-16,1.6687629386801184,0-1,15,106.05000000000007,106050,,,,,0,2.1498287743340563,4.975673589265514,1.6687629386801184,2.360497595932503,0.003558091276575365,negative_hard,10.0,0,0,0,1,1,0,0,0,0,0,-1,0,0,0,1,1,0,1,0,0
sim_0041_n3_seed297,297,0.001,3,702.0,1,body_1,3.1163256233840357,1.938542682722356,0.006734201610885314,0.014154880634567211,5.410482129905795,28.489009844454895,0,1.0554850763550658,3.4562235820048786,-8.083242604730206,1.518552128672673e-06,36.80224419731292,-1.9307049101423537e-16,1.0554850763550658,0-1,15,106.35000000000002,106350,,,,,0,5.410482129905795,27.477425352131327,1.0554850763550658,3.4562235820048786,0.004376553866314134,negative_baseline,20.0,1,1,1,1,1,0,1,0,0,0,-1,0,0,0,1,1,0,1,0,0
sim_0041_n3_seed297,297,0.001,3,702.2,1,body_1,3.1163256233840357,1.938542682722356,0.008649885282822983,0.047905376277703964,19.178570444003924,212.59282319725324,0,0.5613238187594416,5.217413218556047,-8.083293850709637,-4.821218198378239e-06,36.802244197312895,-9.653524550711769e-16,0.5613238187594416,0-1,15,106.55000000000007,106550,,,,,0,19.178570444003924,219.8157942800656,0.5613238187594416,5.217413218556047,0.005796038952927977,negative_hard,8.0,1,1,1,1,1,0,1,1,0,0,-1,0,0,0,1,1,0,1,0,0
sim_0041_n3_seed297,297,0.001,3,702.5,1,body_1,3.1163256233840357,1.938542682722356,0.0053382272022685145,0.02132760269397203,8.318091678630166,60.53378349063439,0,0.8524320116836995,4.009760080940691,-8.083233501429014,2.6447446498282342e-06,36.802244197312916,-3.8614098202847074e-16,0.8524320116836995,0-1,15,106.85000000000002,106850,,,,,0,8.318091678630166,58.20945408212201,0.8524320116836995,4.009760080940691,0.004392645891047763,negative_hard,10.0,1,1,1,1,0,1,1,0,0,0,-1,0,0,0,1,1,0,1,0,0
sim_0041_n3_seed297,297,0.001,3,703.0,1,body_1,3.1163256233840357,1.938542682722356,0.003395042247467473,0.005203201155952049,1.7330276635295088,3.213103249073835,0,1.8615524567363853,2.104788095784699,-8.08325372197261,1.4320982281869457e-07,36.80224419731286,-1.9307049101423538e-15,1.8615524567363853,0-1,15,107.35000000000002,107350,,,,,0,1.7330276635295088,3.1966314410184653,1.8615524567363853,2.104788095784699,0.003149656887097085,negative_hard,10.0,0,0,0,1,0,1,0,0,0,0,-1,0,0,0,1,1,0,1,0,0
sim_0041_n3_seed297,297,0.001,3,704.0,1,body_1,3.1163256233840357,1.938542682722356,0.0038707636604157027,0.002653535207579907,0.745905757687819,0.3602295814991908,0,2.812442196362214,1.0549737193133706,-8.083254912344726,-4.0541362274124634e-09,36.80224419731291,-5.792114730427061e-16,2.812442196362214,0-1,15,108.35000000000002,108350,,,,,0,0.745905757687819,0.3600363758411522,2.812442196362214,1.0549737193133706,0.0031082710712942684,negative_baseline,20.0,0,0,0,0,0,0,0,0,0,1,2,0,0,0,1,1,0,1,0,0
sim_0041_n3_seed297,297,0.001,3,705.0,1,body_1,3.1163256233840357,1.938542682722356,0.004847793337494177,0.0026739186157490368,0.7068420569938728,0.286896499026841,0,2.8799670966457356,0.9837606386169502,-8.083254933562387,-6.679026922255215e-09,36.80224419731289,-1.1584229460854121e-15,2.8799670966457356,0-1,15,109.35000000000002,109350,,,,,0,0.7068420569938728,0.2864174429955785,2.8799670966457356,0.9837606386169502,0.003482907351750723,negative_baseline,20.0,0,0,0,0,0,0,0,0,0,1,2,0,0,0,1,1,0,1,0,0
sim_0041_n3_seed297,297,0.001,3,706.0,1,body_1,3.1163256233840357,1.938542682722356,0.006339138078114562,0.00488153135511569,1.3348097064353293,1.8630569604591096,0,2.1099176030401323,1.8124309571712982,-8.083254343351818,6.633742217054723e-08,36.80224419731287,-1.544563928113883e-15,2.1099176030401323,0-1,15,110.35000000000002,110350,,,,,0,1.3348097064353293,1.8523517207394864,2.1099176030401323,1.8124309571712982,0.004236705198812864,negative_baseline,20.0,0,0,0,0,1,0,0,0,0,1,2,0,0,0,1,1,0,1,0,0
sim_0041_n3_seed297,297,0.001,3,706.35,1,body_1,3.1163256233840357,1.938542682722356,0.007411909957724968,0.008485749917891902,2.434918224040517,6.405471652334405,0,1.568628439875611,2.505155811551689,-8.083252261505013,3.2388798022969633e-07,36.802244197312866,-1.7376344191281184e-15,1.568628439875611,0-1,15,110.70000000000005,110700,,,,,0,2.434918224040517,6.317586829458186,1.568628439875611,2.505155811551689,0.004862771071705432,negative_hard,10.0,0,0,0,1,1,0,0,0,0,0,-1,0,0,0,1,1,0,1,0,0
sim_0041_n3_seed297,297,0.001,3,706.6,1,body_1,3.1163256233840357,1.938542682722356,0.008909285447535902,0.018286418081550578,5.497405926566256,29.135292644718408,0,1.0468395451018901,3.47738990918742,-8.083242783813057,1.4963973340599795e-06,36.802244197312895,-9.653524550711769e-16,1.0468395451018901,0-1,15,110.95000000000005,110950,,,,,0,5.497405926566256,28.118030750928657,1.0468395451018901,3.47738990918742,0.005817744241982981,negative_hard,8.0,1,1,1,1,1,0,1,0,0,0,-1,0,0,0,1,1,0,1,0,0
sim_0041_n3_seed297,297,0.001,3,707.0,1,body_1,3.1163256233840357,1.938542682722356,0.008723277503378231,0.05146015845012345,16.24394645881262,168.93948828369878,0,0.6101295643189465,4.961317961749886,-8.083262266932191,-9.13908838921827e-07,36.80224419731284,-2.5099163831850597e-15,0.6101295643189465,0-1,15,111.35000000000002,111350,,,,,0,16.24394645881262,170.61599204782073,0.6101295643189465,4.961317961749886,0.00685036883708897,negative_hard,8.0,1,1,1,1,0,1,1,1,0,0,-1,0,0,0,1,1,0,1,0,0
sim_0041_n3_seed297,297,0.001,3,708.0,1,body_1,3.1163256233840357,1.938542682722356,0.0038966844067778814,0.004281298141237369,1.0710923380023472,1.0722381568259216,0,2.3648567978485286,1.528916073954051,-8.083254666140432,2.6404422602320607e-08,36.80224419731282,-3.089127856227766e-15,2.3648567978485286,0-1,15,112.35000000000002,112350,,,,,0,1.0710923380023472,1.0703859693459763,2.3648567978485286,1.528916073954051,0.003961582351964779,negative_baseline,20.0,0,0,0,0,0,0,0,0,0,0,-1,0,0,0,1,1,0,1,0,0
sim_0041_n3_seed297,297,0.001,3,709.0,1,body_1,3.1163256233840357,1.938542682722356,0.004980126121335162,0.0030754054137023985,0.69164521586621,0.23216165718339338,0,2.9223183787719442,0.9320262053353867,-8.083254946714227,-8.306074528879247e-09,36.80224419731287,-1.544563928113883e-15,2.9223183787719442,0-1,15,113.35000000000002,113350,,,,,0,0.69164521586621,0.23202996662822079,2.9223183787719442,0.9320262053353867,0.0041829473639251455,negative_baseline,20.0,0,0,0,0,0,0,0,0,0,1,2,0,0,0,1,1,0,1,0,0
sim_0041_n3_seed297,297,0.001,3,710.0,1,body_1,3.1163256233840357,1.938542682722356,0.0064951234628695355,0.003781418744463607,0.8277407565329826,0.5338155581110582,0,2.6677584399148944,1.2140885375475161,-8.083254865030328,1.7992481379191053e-09,36.802244197312866,-1.7376344191281184e-15,2.6677584399148944,0-1,15,114.35000000000002,114350,,,,,0,0.8277407565329826,0.53248833772236,2.6677584399148944,1.2140885375475161,0.004777763908036415,negative_baseline,20.0,0,0,0,0,0,0,0,0,0,1,2,0,0,0,1,1,0,1,0,0
sim_0041_n3_seed297,297,0.001,3,710.4,1,body_1,3.1163256233840357,1.938542682722356,0.00735107400273275,0.004911803145976946,1.0950190962616122,1.1690331676884593,0,2.324783289853827,1.576910547379703,-8.083254637738102,2.9918146937434316e-08,36.80224419731287,-1.544563928113883e-15,2.324783289853827,0-1,15,114.75,114750,,,,,0,1.0950190962616122,1.1642241578550447,2.324783289853827,1.576910547379703,0.005177628978814114,negative_hard,8.0,0,0,0,0,0,0,0,0,0,1,2,0,0,0,1,1,0,1,0,0
sim_0041_n3_seed297,297,0.001,3,710.8000000000001,1,body_1,3.1163256233840357,1.938542682722356,0.008639361583082232,0.00790091645773313,1.8375530598195409,3.6495133506053525,0,1.801750783690253,2.1841437618978112,-8.083253576777928,1.6117222597268664e-07,36.80224419731287,-1.544563928113883e-15,1.801750783690253,0-1,15,115.15000000000009,115150,,,,,0,1.8375530598195409,3.616251654124447,1.801750783690253,2.1841437618978112,0.005842955458183484,negative_hard,8.0,0,0,0,1,1,0,0,0,0,0,-1,0,0,0,1,1,0,1,0,0
sim_0041_n3_seed297,297,0.001,3,711.0,1,body_1,3.1163256233840357,1.938542682722356,0.009668579651390464,0.011859771994092796,2.8447883207529383,8.600107718294513,0,1.4515136138069284,2.6871048551788945,-8.083251336741691,4.3829280052748896e-07,36.8022441973129,-7.722819640569415e-16,1.4515136138069284,0-1,15,115.35000000000002,115350,,,,,0,2.8447883207529383,8.458880673006055,1.4515136138069284,2.6871048551788945,0.006421019448595506,negative_baseline,20.0,1,0,1,1,1,0,0,0,0,0,-1,0,0,0,1,1,0,1,0,0
sim_0041_n3_seed297,297,0.001,3,711.2,1,body_1,3.1163256233840357,1.938542682722356,0.011347926110918113,0.02309189533190425,5.737900529175517,31.177530871041956,0,1.0243970195071064,3.5324779623413938,-8.083242700248682,1.5067352952179798e-06,36.80224419731292,-1.9307049101423537e-16,1.0243970195071064,0-1,15,115.55000000000007,115550,,,,,0,5.737900529175517,30.097282038357072,1.0243970195071064,3.5324779623413938,0.007443695927372668,negative_hard,8.0,1,1,1,1,1,0,1,0,0,0,-1,0,0,0,1,1,0,1,0,0
sim_0041_n3_seed297,297,0.001,3,711.35,1,body_1,3.1163256233840357,1.938542682722356,0.01351124423942087,0.05403020418668808,13.763644822564615,131.34701255272418,0,0.6622993649702048,4.7171551231929705,-8.083248640843493,7.718092166466119e-07,36.80224419731292,-1.9307049101423537e-16,0.6622993649702048,0-1,15,115.70000000000005,115700,,,,,0,13.763644822564615,128.75150562935704,0.6622993649702048,4.7171551231929705,0.00892918803948564,negative_pre_failure,1.0,1,1,1,1,1,0,1,1,0,0,-1,0,0,0,1,1,0,1,0,0
sim_0041_n3_seed297,297,0.001,3,711.4,1,body_1,3.1163256233840357,1.938542682722356,0.014327472499953054,0.07676096287862254,19.710003687517517,206.0463994765348,0,0.5536093907252888,5.261235308191987,-8.083331481921235,-9.476671002741921e-06,36.802244197312945,3.8614098202847074e-16,0.5536093907252888,0-1,15,115.75,115750,,,,,0,19.710003687517517,220.7213068064469,0.5536093907252888,5.261235308191987,0.009595127188331729,negative_pre_failure,1.0,1,1,1,1,1,0,1,1,0,0,-1,0,0,0,1,1,0,1,0,0
sim_0041_n3_seed297,297,0.001,3,711.45,1,body_1,3.1163256233840357,1.938542682722356,0.014689187664396409,0.10129813335026079,26.275758088246736,267.84403239555786,0,0.47957625106901225,5.726055215876947,-8.083549375199361,-3.6432802087618606e-05,36.80224419731297,1.1584229460854121e-15,0.47957625106901225,0-1,16,0.0,0,0.010092062520362908,115.80000000000007,0.014689187664396409,0.10129813335026079,1,26.275758088246736,324.7746101145796,0.47957625106901225,5.726055215876947,0.010092062520362908,correction,1.0,1,1,1,1,0,0,1,1,0,0,-1,0,0,0,1,1,0,1,0,0
sim_0041_n3_seed297,297,0.001,3,711.5,1,body_1,3.1163256233840357,1.938542682722356,2.5792348129196566e-06,3.661345376450983e-05,27.093631624135707,271.7657702775168,0,0.472360077314919,5.776793628047358,-8.083276109684043,-2.626430843694422e-06,36.802244197312895,-9.653524550711769e-16,0.472360077314919,0-1,16,0.049999999999954525,50,,,,,0,27.093631624135707,338.35301951797356,0.472360077314919,5.776793628047358,1.6755746452144723e-06,negative_hard,10.0,1,1,1,1,0,0,1,1,0,0,-1,0,0,0,1,1,0,1,0,0
sim_0041_n3_seed297,297,0.001,3,712.0,1,body_1,3.1163256233840357,1.938542682722356,4.1435747140423354e-05,0.00010237055896986989,2.5868070503825193,7.020180772023153,0,1.5290914764885364,2.5635832430639334,-8.082940884104076,3.884517743306509e-05,36.80224419731297,1.1584229460854121e-15,1.5290914764885364,0-1,16,0.5499999999999545,550,,,,,0,2.5868070503825193,6.951774883456556,1.5290914764885364,2.5635832430639334,2.691833679152814e-05,negative_hard,10.0,0,0,1,1,0,1,0,0,0,0,-1,0,0,0,1,1,0,1,0,0
sim_0041_n3_seed297,297,0.001,3,713.0,1,body_1,3.1163256233840357,1.938542682722356,0.0001365186162803067,0.0001205189579326441,0.8277013731540794,0.4957888877598932,0,2.688506768336518,1.1851348393847125,-8.082943714865008,3.8494976805409576e-05,36.802244197313,1.9307049101423538e-15,2.688506768336518,0-1,16,1.5499999999999545,1550,,,,,0,0.8277013731540794,0.49542087088715464,2.688506768336518,1.1851348393847125,8.868470003471969e-05,negative_baseline,20.0,0,0,0,0,0,0,0,0,0,0,-1,0,0,0,1,1,0,1,0,0
sim_0041_n3_seed297,297,0.001,3,714.0,1,body_1,3.1163256233840357,1.938542682722356,0.00024999301006402405,0.00017848199002986156,0.7036253306226211,0.24923428184208193,0,2.897806730053546,0.9605013188530639,-8.082943784095805,3.8486412087591505e-05,36.802244197312895,-9.653524550711769e-16,2.897806730053546,0-1,16,2.5499999999999545,2550,,,,,0,0.7036253306226211,0.24889947978823324,2.897806730053546,0.9605013188530639,0.00016239778432940388,negative_baseline,20.0,0,0,0,0,0,0,0,0,0,1,2,0,0,0,1,1,0,1,0,0
sim_0041_n3_seed297,297,0.001,3,715.0,1,body_1,3.1163256233840357,1.938542682722356,0.000440324744929004,0.0003930056217221029,1.125520974209984,1.2420737190038669,0,2.291943841885101,1.6131138260042028,-8.08294345829616,3.852671758950799e-05,36.80224419731283,-2.702986874199295e-15,2.291943841885101,0-1,16,3.5499999999999545,3550,,,,,0,1.125520974209984,1.2368196077008373,2.291943841885101,1.6131138260042028,0.00028608942323151646,negative_baseline,20.0,0,0,0,0,0,0,0,0,0,1,2,0,0,0,1,1,0,1,0,0
sim_0041_n3_seed297,297,0.001,3,715.4,1,body_1,3.1163256233840357,1.938542682722356,0.000591667262349015,0.0007200921387509308,1.9194137231653208,3.972711423116687,0,1.7615049680932315,2.237617997309151,-8.082942315062471,3.8668149934037696e-05,36.80224419731277,-4.4406212933274135e-15,1.7615049680932315,0-1,16,3.949999999999932,3950,,,,,0,1.9194137231653208,3.935037252831946,1.7615049680932315,2.237617997309151,0.00038445345589451955,negative_hard,10.0,0,0,0,1,1,0,0,0,0,1,2,0,0,0,1,1,0,1,0,0
sim_0041_n3_seed297,297,0.001,3,715.9,1,body_1,3.1163256233840357,1.938542682722356,0.0011220806001154353,0.004244179357380224,10.953250650305478,91.0346269692939,0,0.7420241272002522,4.39130047147148,-8.08293031866624,4.0152254593692114e-05,36.80224419731278,-4.054480311298943e-15,0.7420241272002522,0-1,16,4.449999999999932,4450,,,,,0,10.953250650305478,88.16117343374984,0.7420241272002522,4.39130047147148,0.0007290766385506278,negative_hard,10.0,1,1,1,1,1,0,1,1,0,0,-1,0,0,0,1,1,0,1,0,0
sim_0041_n3_seed297,297,0.001,3,716.0,1,body_1,3.1163256233840357,1.938542682722356,0.0013664915773226728,0.008191166266469839,21.164463410442796,210.63259946554408,0,0.5342383682394356,5.374232905823905,-8.083079422502536,2.170624014557901e-05,36.802244197312774,-4.2475508023131784e-15,0.5342383682394356,0-1,16,4.5499999999999545,4550,,,,,0,21.164463410442796,236.82972674415015,0.5342383682394356,5.374232905823905,0.0008878249434637967,negative_baseline,20.0,1,1,1,1,1,0,1,1,0,0,-1,0,0,0,1,1,0,1,0,0
sim_0041_n3_seed297,297,0.001,3,716.4,1,body_1,3.1163256233840357,1.938542682722356,0.0008499110641527924,0.0018978024691817265,4.632781023496506,20.718067285519812,0,1.1437711531875034,3.257757735691084,-8.082935567300222,3.950293274738867e-05,36.8022441973128,-3.4752688382562368e-15,1.1437711531875034,0-1,16,4.949999999999932,4950,,,,,0,4.632781023496506,20.29630031149518,1.1437711531875034,3.257757735691084,0.000551988314168442,negative_hard,10.0,1,1,1,1,0,1,1,0,0,0,-1,0,0,0,1,1,0,1,0,0
sim_0041_n3_seed297,297,0.001,3,717.0,1,body_1,3.1163256233840357,1.938542682722356,0.0005212798782867824,0.0006259743400961519,1.3178848796522196,1.6933721072053731,0,2.14360022381636,1.7705366731245087,-8.082943278080043,3.854901258332786e-05,36.80224419731278,-4.054480311298943e-15,2.14360022381636,0-1,16,5.5499999999999545,5550,,,,,0,1.3178848796522196,1.6888938651570011,2.14360022381636,1.7705366731245087,0.0003384518649282602,negative_baseline,20.0,0,0,0,0,0,1,0,0,0,0,-1,0,0,0,1,1,0,1,0,0
sim_0041_n3_seed297,297,0.001,3,718.0,1,body_1,3.1163256233840357,1.938542682722356,0.00045567869699402727,0.00043835710583284087,0.7349418232221256,0.28249031759441184,0,2.854881078676245,1.002188321137779,-8.082943776171057,3.848739247840872e-05,36.802244197312824,-2.8960573652135305e-15,2.854881078676245,0-1,16,6.5499999999999545,6550,,,,,0,0.7349418232221256,0.28234974404377744,2.854881078676245,1.002188321137779,0.0002960299915562882,negative_baseline,20.0,0,0,0,0,0,0,0,0,0,0,-1,0,0,0,1,1,0,1,0,0
sim_0041_n3_seed297,297,0.001,3,719.0,1,body_1,3.1163256233840357,1.938542682722356,0.0006439515745330977,0.0005613542770058872,0.7931277564987832,0.43123166306451033,0,2.7297000852670026,1.146378318637804,-8.082943739844922,3.8491886476869756e-05,36.80224419731283,-2.702986874199295e-15,2.7297000852670026,0-1,16,7.5499999999999545,7550,,,,,0,0.7931277564987832,0.4303072689240174,2.7297000852670026,1.146378318637804,0.0004184642036242855,negative_baseline,20.0,0,0,0,0,0,0,0,0,0,1,2,0,0,0,1,1,0,1,0,0
sim_0041_n3_seed297,297,0.001,3,719.75,1,body_1,3.1163256233840357,1.938542682722356,0.0009900368921556613,0.001056686616243302,1.3796381765776633,1.9795624190946783,0,2.069636277257641,1.8619474812687167,-8.08294318565542,3.8560446668235354e-05,36.80224419731287,-1.544563928113883e-15,2.069636277257641,0-1,16,8.299999999999955,8300,,,,,0,1.3796381765776633,1.9682267524548505,2.069636277257641,1.8619474812687167,0.0006434012466130057,negative_hard,10.0,0,0,0,0,1,0,0,0,0,1,2,0,0,0,1,1,0,1,0,0
sim_0041_n3_seed297,297,0.001,3,720.0,1,body_1,3.1163256233840357,1.938542682722356,0.0012044271933006516,0.0015790170787784003,2.0367490561142274,4.46580363153194,0,1.7072919621785234,2.312082604872637,-8.082942163778066,3.868686571223612e-05,36.802244197312845,-2.3168458921708242e-15,1.7072919621785234,0-1,16,8.549999999999955,8550,,,,,0,2.0367490561142274,4.421049582126621,1.7072919621785234,2.312082604872637,0.0007827644066483312,negative_baseline,20.0,0,0,0,1,1,0,0,0,0,1,2,0,0,0,1,1,0,1,0,0
sim_0041_n3_seed297,297,0.001,3,720.25,1,body_1,3.1163256233840357,1.938542682722356,0.001560937139431549,0.0029880408422709105,3.844376520576454,14.912489899146909,0,1.2471754086144509,3.049610607529099,-8.082938060781247,3.91944578740412e-05,36.80224419731284,-2.5099163831850597e-15,1.2471754086144509,0-1,16,8.799999999999955,8800,,,,,0,3.844376520576454,14.591754293140312,1.2471754086144509,3.049610607529099,0.0010144863373671492,negative_hard,10.0,1,1,1,1,1,0,1,0,0,0,-1,0,0,0,1,1,0,1,0,0
sim_0041_n3_seed297,297,0.001,3,720.75,1,body_1,3.1163256233840357,1.938542682722356,0.0024496659984820706,0.01165040778307889,15.100950829493332,138.1067321818664,0,0.6332046942271423,4.851046315967317,-8.082970867853149,3.5135811649153826e-05,36.80224419731287,-1.544563928113883e-15,0.6332046942271423,0-1,16,9.299999999999955,9300,,,,,0,15.100950829493332,142.3741307146037,0.6332046942271423,4.851046315967317,0.0015913940813899157,negative_hard,10.0,1,1,1,1,0,1,1,1,0,0,-1,0,0,0,1,1,0,1,0,0
sim_0041_n3_seed297,297,0.001,3,721.0,1,body_1,3.1163256233840357,1.938542682722356,0.0016334946176683098,0.003418916324684743,4.300011963066488,17.75331413175486,0,1.1890023172959345,3.164259722837602,-8.082937078000672,3.9316040156152107e-05,36.80224419731295,5.792114730427061e-16,1.1890023172959345,0-1,16,9.549999999999955,9550,,,,,0,4.300011963066488,17.444209509174733,1.1890023172959345,3.164259722837602,0.001060771313841183,negative_baseline,20.0,1,1,1,1,0,1,1,0,0,0,-1,0,0,0,1,1,0,1,0,0
sim_0041_n3_seed297,297,0.001,3,721.25,1,body_1,3.1163256233840357,1.938542682722356,0.001262614608758515,0.0018202248557436084,2.210004405369134,4.971870484537503,0,1.6609068463473893,2.3728098472203047,-8.082941948063116,3.871355235680151e-05,36.802244197312945,3.8614098202847074e-16,1.6609068463473893,0-1,16,9.799999999999955,9800,,,,,0,2.210004405369134,4.937802848709405,1.6609068463473893,2.3728098472203047,0.0008196217317085733,negative_hard,10.0,0,0,0,1,0,1,0,0,0,0,-1,0,0,0,1,1,0,1,0,0
sim_0041_n3_seed297,297,0.001,3,722.0,1,body_1,3.1163256233840357,1.938542682722356,0.0008337702500388917,0.0008684341494342186,0.9445573075129897,0.6817894086223371,0,2.5433904121581943,1.3354052519507136,-8.08294366193882,3.850152443859265e-05,36.80224419731287,-1.544563928113883e-15,2.5433904121581943,0-1,16,10.549999999999955,10550,,,,,0,0.9445573075129897,0.6810918983892967,2.5433904121581943,1.3354052519507136,0.0005408692207079902,negative_baseline,20.0,0,0,0,0,0,0,0,0,0,0,-1,0,0,0,1,1,0,1,0,0
sim_0041_n3_seed297,297,0.001,3,723.0,1,body_1,3.1163256233840357,1.938542682722356,0.0008145187781569839,0.000766453574679182,0.732371181864993,0.2396119505372508,0,2.874560252820004,0.9736085124060186,-8.082943784215118,3.848639732713157e-05,36.802244197312945,3.8614098202847074e-16,2.874560252820004,0-1,16,11.549999999999955,11550,,,,,0,0.732371181864993,0.23934528603237343,2.874560252820004,0.9736085124060186,0.0005290805651991948,negative_baseline,20.0,0,0,0,0,0,0,0,0,0,0,-1,0,0,0,1,1,0,0,0,0
sim_0041_n3_seed297,297,0.001,3,724.0,1,body_1,3.1163256233840357,1.938542682722356,0.0012373756794845756,0.0011958383290892709,1.0434775758531047,0.9854806323486917,0,2.3835733825949172,1.5143153099311173,-8.082943560505674,3.851407299085754e-05,36.80224419731298,1.3514934370996475e-15,2.3835733825949172,0-1,16,12.549999999999955,12550,,,,,0,1.0434775758531047,0.981957190521412,2.3835733825949172,1.5143153099311173,0.0008040108242006867,negative_baseline,20.0,0,0,0,0,0,0,0,0,0,1,2,0,0,0,1,1,0,0,0,0
sim_0041_n3_seed297,297,0.001,3,724.5500000000001,1,body_1,3.1163256233840357,1.938542682722356,0.0018123370462212864,0.0024198087248807286,2.0725699460962246,4.6292547943409295,0,1.688138863076645,2.342080354227545,-8.082942144041963,3.868930731562783e-05,36.80224419731304,2.8960573652135305e-15,1.688138863076645,0-1,16,13.100000000000023,13100,,,,,0,2.0725699460962246,4.582593768409868,1.688138863076645,2.342080354227545,0.0011775850932113448,negative_hard,10.0,0,0,0,1,1,0,0,0,0,1,2,0,0,0,1,1,0,0,0,0
sim_0041_n3_seed297,297,0.001,3,725.0,1,body_1,3.1163256233840357,1.938542682722356,0.003138717539273066,0.010871178292012717,9.473798891665123,69.48888164553499,0,0.795554427317399,4.201818146832348,-8.082935568837755,3.950274253530323e-05,36.80224419731309,4.2475508023131784e-15,0.795554427317399,0-1,16,13.549999999999955,13550,,,,,0,9.473798891665123,67.81241928754702,0.795554427317399,4.201818146832348,0.002040098666107754,negative_baseline,20.0,1,1,1,1,1,0,1,0,0,0,-1,0,0,0,1,1,0,0,0,0
sim_0041_n3_seed297,297,0.001,3,725.0500000000001,1,body_1,3.1163256233840357,1.938542682722356,0.0034302552499198185,0.014479783286152797,12.668212081105917,106.55428299637369,0,0.6887949434515304,4.606498113495178,-8.082954126105761,3.720697575778943e-05,36.80224419731307,3.8614098202847076e-15,0.6887949434515304,0-1,16,13.600000000000023,13600,,,,,0,12.668212081105917,106.7687155292353,0.6887949434515304,4.606498113495178,0.002229678175931921,negative_hard,10.0,1,1,1,1,1,0,1,1,0,0,-1,0,0,0,1,1,0,0,0,0
sim_0041_n3_seed297,297,0.001,3,725.5500000000001,1,body_1,3.1163256233840357,1.938542682722356,0.002383284005462722,0.004944228683450795,4.303980994578238,17.382778361282554,0,1.1927243054139955,3.1620759411637014,-8.082937602647785,3.9251134728681933e-05,36.80224419731305,3.2821983472420013e-15,1.1927243054139955,0-1,16,14.100000000000023,14100,,,,,0,4.303980994578238,17.10192579683129,1.1927243054139955,3.1620759411637014,0.0015486266223067534,negative_hard,10.0,1,1,1,1,0,1,1,0,0,0,-1,0,0,0,1,1,0,0,0,0
sim_0041_n3_seed297,297,0.001,3,726.0,1,body_1,3.1163256233840357,1.938542682722356,0.001585940411159399,0.0019338883621318453,1.6188793256798988,2.488899697963012,0,1.961193034507534,1.9938816477573194,-8.082942997973516,3.858366527343736e-05,36.80224419731306,3.4752688382562368e-15,1.961193034507534,0-1,16,14.549999999999955,14550,,,,,0,1.6188793256798988,2.4798843291249844,1.961193034507534,1.9938816477573194,0.0010292766665284758,negative_baseline,20.0,0,0,0,0,0,1,0,0,0,0,-1,0,0,0,1,1,0,0,0,0
sim_0041_n3_seed297,297,0.001,3,727.0,1,body_1,3.1163256233840357,1.938542682722356,0.0010828610976397904,0.0010812681202177674,0.8176494268343206,0.3245089670487496,0,2.7988744333102478,1.0516579269174067,-8.08294375826868,3.848960722689023e-05,36.8022441973131,4.6336917843416485e-15,2.7988744333102478,0-1,16,15.549999999999955,15550,,,,,0,0.8176494268343206,0.3243402179948848,2.7988744333102478,1.0516579269174067,0.0007003014692120471,negative_baseline,20.0,0,0,0,0,0,0,0,0,0,0,-1,0,0,0,0,0,0,0,1,0
sim_0041_n3_seed297,297,0.001,3,728.0,1,body_1,3.1163256233840357,1.938542682722356,0.0013005335030263118,0.0012359315299909916,0.8447309220031555,0.39381802341292793,0,2.761529274735878,1.059569982685331,-8.082943734695522,3.849252352212022e-05,36.80224419731315,5.985185221441297e-15,2.761529274735878,0-1,16,16.549999999999955,16550,,,,,0,0.8447309220031555,0.39298889905264944,2.761529274735878,1.059569982685331,0.0008450903170420296,negative_baseline,20.0,0,0,0,0,0,0,0,0,0,0,-1,0,0,0,0,0,0,0,1,0
sim_0041_n3_seed297,297,0.001,3,728.75,1,body_1,3.1163256233840357,1.938542682722356,0.0019812407055063664,0.0021415310224770106,1.3790866737480991,1.7863535622258,0,2.131805688138652,1.755187944374775,-8.082943177912039,3.8561404621579994e-05,36.802244197313115,5.019832766370119e-15,2.131805688138652,0-1,16,17.299999999999955,17300,,,,,0,1.3790866737480991,1.7761270051087232,2.131805688138652,1.755187944374775,0.0012887850613585855,negative_hard,10.0,0,0,0,0,1,0,0,0,0,0,-1,0,0,0,0,0,0,0,0,0
sim_0041_n3_seed297,297,0.001,3,729.0,1,body_1,3.1163256233840357,1.938542682722356,0.00241403778891986,0.003102029484239679,1.973934363625691,4.027223727788023,0,1.7662655883535903,2.209551383573112,-8.082942092768048,3.869565054192164e-05,36.802244197313115,5.019832766370119e-15,1.7662655883535903,0-1,16,17.549999999999955,17550,,,,,0,1.973934363625691,3.985373675648655,1.7662655883535903,2.209551383573112,0.0015689085492667793,negative_baseline,20.0,0,0,0,1,1,0,0,0,0,0,-1,0,0,0,0,0,0,0,0,0
sim_0041_n3_seed297,297,0.001,3,729.25,1,body_1,3.1163256233840357,1.938542682722356,0.00313097262980489,0.005742224499546152,3.645254201312212,13.920963085010069,0,1.2873029504464857,2.9638067505198165,-8.082937027800252,3.9322250577643074e-05,36.80224419731313,5.40597374839859e-15,1.2873029504464857,0-1,16,17.799999999999955,17800,,,,,0,3.645254201312212,13.574741728520959,1.2873029504464857,2.9638067505198165,0.002032278730729329,negative_hard,10.0,1,1,1,1,1,0,1,0,0,0,-1,0,0,0,1,1,0,0,0,0
sim_0041_n3_seed297,297,0.001,3,729.75,1,body_1,3.1163256233840357,1.938542682722356,0.004685608203358805,0.023620585091570376,16.55656923359768,188.7772131119726,0,0.6054505495871141,4.985246360875617,-8.082921186091433,4.128206862809693e-05,36.80224419731322,7.91589013158365e-15,0.6054505495871141,0-1,16,18.299999999999955,18300,,,,,0,16.55656923359768,184.49816381633497,0.6054505495871141,4.985246360875617,0.003042077433428129,negative_hard,10.0,1,1,1,1,0,1,1,1,0,0,-1,0,0,0,1,1,0,0,0,0
sim_0041_n3_seed297,297,0.001,3,730.0,1,body_1,3.1163256233840357,1.938542682722356,0.002791843908708991,0.005573161991017847,4.068868563374376,16.242588211179644,0,1.240130538090279,3.0734455497827855,-8.082935956117517,3.945483117189737e-05,36.80224419731318,6.757467185498238e-15,1.240130538090279,0-1,16,18.549999999999955,18550,,,,,0,4.068868563374376,15.908686091887816,1.240130538090279,3.0734455497827855,0.0018181042701365354,negative_baseline,20.0,1,1,1,1,0,1,1,0,0,0,-1,0,0,0,1,1,0,0,0,0
sim_0041_n3_seed297,297,0.001,3,730.25,1,body_1,3.1163256233840357,1.938542682722356,0.0020521108815960026,0.002821820926664083,2.1398512912212615,4.486106304959404,0,1.7384928841072698,2.3057861485788544,-8.08294192731989,3.871611855397242e-05,36.80224419731318,6.757467185498238e-15,1.7384928841072698,0-1,16,18.799999999999955,18800,,,,,0,2.1398512912212615,4.454555519969208,1.7384928841072698,2.3057861485788544,0.0013426504381559054,negative_hard,10.0,0,0,0,1,0,1,0,0,0,0,-1,0,0,0,0,0,0,0,0,0
sim_0041_n3_seed297,297,0.001,3,731.0,1,body_1,3.1163256233840357,1.938542682722356,0.0011844841807674366,0.0011524058846618128,0.9625626868016839,0.6910452098587871,0,2.7081037940314605,1.3696567169498823,-8.082943787813825,3.8485952121930975e-05,36.802244197313286,9.653524550711769e-15,2.7081037940314605,0-1,16,19.549999999999955,19550,,,,,0,0.9625626868016839,0.6904046324354541,2.7081037940314605,1.3696567169498823,0.0007947257454039599,negative_baseline,20.0,0,0,0,0,0,0,0,0,0,0,-1,0,0,0,0,0,0,0,1,0
sim_0041_n3_seed297,297,0.001,3,732.0,1,body_1,3.1163256233840357,1.938542682722356,0.000928542965887406,0.0007546947082012806,0.6765767735486254,0.27066055125467076,0,3.360804730378077,1.0781090230973782,-8.082944083793382,3.844933573883812e-05,36.802244197313364,1.1777299951868357e-14,3.2023713829288827,0-2,16,20.549999999999955,20550,,,,,0,0.6765767735486254,0.2706135172743366,3.360804730378077,1.0781090230973782,0.000665322187169169,negative_baseline,20.0,0,0,0,0,0,0,0,0,0,0,-1,0,0,0,0,0,0,1,0,0
sim_0041_n3_seed297,297,0.001,3,733.0,1,body_1,3.1163256233840357,1.938542682722356,0.0010732650449118038,0.0006435794066793983,0.5959360364659272,0.22799900055341762,0,3.6445169462571885,1.2820703935956865,-8.082944073828088,3.845056857072527e-05,36.80224419731342,1.332186387998224e-14,3.201125347382361,0-2,16,21.549999999999955,21550,,,,,0,0.5959360364659272,0.2279890797778256,3.6445169462571885,1.2820703935956865,0.0009046774251860223,negative_baseline,20.0,0,0,0,0,0,0,0,0,0,0,-1,0,0,0,0,0,0,1,0,0
sim_0041_n3_seed297,297,0.001,3,734.0,1,body_1,3.1163256233840357,1.938542682722356,0.0013106541214749853,0.0005491485378687729,0.5597567375465667,0.23444931506909708,0,3.7681684702190257,1.5750783624696687,-8.082943987102409,3.8461297624847e-05,36.802244197313364,1.1777299951868357e-14,3.438260385527527,0-2,16,22.549999999999955,22550,,,,,0,0.5597567375465667,0.23446554784677234,3.7681684702190257,1.5750783624696687,0.001331464859063767,negative_baseline,20.0,0,0,0,0,0,0,0,0,0,0,-1,0,0,0,0,0,0,1,0,0
sim_0041_n3_seed297,297,0.001,3,735.0,1,body_1,3.1163256233840357,1.938542682722356,0.0014357474787503805,0.0003794135535718132,0.5184716428821642,0.23675545329764752,0,3.916503702654823,1.7933040476193405,-8.08294394424145,3.846660006301885e-05,36.802244197313335,1.1005017987811415e-14,3.656064918476301,0-2,16,23.549999999999955,23550,,,,,0,0.5184716428821642,0.23680667498918223,3.916503702654823,1.7933040476193405,0.0017891531058036746,negative_baseline,20.0,0,0,0,0,0,0,0,0,0,0,-1,0,0,0,0,0,0,1,0,0
sim_0041_n3_seed297,297,0.001,3,736.0,1,body_1,3.1163256233840357,1.938542682722356,0.0013332651110060782,0.0002447626130451018,0.4497351486460072,0.21269785990480228,0,4.258216750649509,1.931330680338124,-8.082943906870065,3.8471223371916834e-05,36.80224419731327,9.267383568683297e-15,3.6751401247843214,0-2,16,24.549999999999955,24550,,,,,0,0.4497351486460072,0.21275987643436478,4.258216750649509,1.931330680338124,0.002254786957704037,negative_baseline,20.0,0,0,0,0,0,0,0,0,0,0,-1,0,0,0,0,0,0,0,1,0
sim_0041_n3_seed297,297,0.001,3,737.0,1,body_1,3.1163256233840357,1.938542682722356,0.0010725718365646978,0.00040252230351527535,0.36407704705221605,0.16638950116920487,0,4.8982414597356225,2.0592278980392127,-8.08294385099321,3.8478136039644786e-05,36.80224419731319,7.143608167526709e-15,3.381970537543489,0-2,16,25.549999999999955,25550,,,,,0,0.36407704705221605,0.1664332216999534,4.8982414597356225,2.0592278980392127,0.002781965795280885,negative_baseline,20.0,0,0,0,0,0,0,0,0,0,0,-1,0,0,0,0,0,0,0,1,0
sim_0041_n3_seed297,297,0.001,3,738.0,1,body_1,3.1163256233840357,1.938542682722356,0.000977670808522594,0.0005756254570361455,0.2884507813626999,0.11613353263544074,0,5.8810325802307615,2.322020662652161,-8.082943731457448,3.8492924112568684e-05,36.80224419731315,5.985185221441297e-15,2.6866322221953585,0-2,16,26.549999999999955,26550,,,,,0,0.2884507813626999,0.11616221174072655,5.8810325802307615,2.322020662652161,0.0033733954536534555,negative_baseline,20.0,0,0,0,0,0,0,0,0,0,0,-1,0,0,0,0,0,0,0,1,0
sim_0041_n3_seed297,297,0.001,3,739.0,1,body_1,3.1163256233840357,1.938542682722356,0.0012875235541595167,0.0006328185841868892,0.24131457425296451,0.0644064591663164,2,6.474236424289621,0.9199434383549663,-8.08294562559393,3.825859567561367e-05,36.80224419731325,8.688172095640592e-15,1.606658977040658,0-2,16,27.549999999999955,27550,,,,,0,0.24131457425296451,0.06442723456986829,6.474236424289621,0.9199434383549663,0.0036770176757852883,negative_hard,10.0,0,0,0,0,0,0,0,0,0,1,2,0,0,0,1,0,0,0,0,0
sim_0041_n3_seed297,297,0.001,3,739.5,1,body_1,3.1163256233840357,1.938542682722356,0.0015209067939283688,0.0006053461336294444,0.22267558492296932,0.05705588801782534,2,6.572227263209689,0.986110830423002,-8.082953768807503,3.7251178033216654e-05,36.80224419731323,8.108960622597885e-15,1.3137687144757073,0-2,16,28.049999999999955,28050,,,,,0,0.22267558492296932,0.05703322423152527,6.572227263209689,0.986110830423002,0.0028334023985191093,negative_hard,10.0,0,0,0,0,0,0,0,0,0,1,2,0,0,0,1,0,0,0,0,0
sim_0041_n3_seed297,297,0.001,3,740.0,1,body_1,3.1163256233840357,1.938542682722356,0.0017652321863997793,0.0005694014506593986,0.19621530560656417,0.06245349943931375,2,7.226439618528064,1.6691303476576589,-8.082945037349017,3.8331368948397966e-05,36.802244197313236,8.30203111361212e-15,1.6674878942927005,0-2,16,28.549999999999955,28550,,,,,0,0.19621530560656417,0.06249210834605901,7.226439618528064,1.6691303476576589,0.0016776833147768924,negative_hard,10.0,0,0,0,0,0,0,0,0,0,0,-1,0,0,0,1,0,0,0,1,0
sim_0041_n3_seed297,297,0.001,3,741.0,1,body_1,3.1163256233840357,1.938542682722356,0.002250022126276339,0.0005098546835027796,0.1596381259815015,0.03917716147397263,0,8.03343992805794,1.4758980453501276,-8.08294372567997,3.849363885905851e-05,36.80224419731321,7.52974914955518e-15,2.745451133419453,0-2,16,29.549999999999955,29550,,,,,0,0.1596381259815015,0.039181694451078976,8.03343992805794,1.4758980453501276,0.001624509827876237,negative_baseline,20.0,0,0,0,0,0,0,0,0,0,0,-1,0,0,0,0,0,0,0,1,0
sim_0041_n3_seed297,297,0.001,3,742.0,1,body_1,3.1163256233840357,1.938542682722356,0.0026999383740088684,0.00046106264493025393,0.1386192146069865,0.025541995673507713,0,8.263986369640019,0.9735562861576267,-8.0829438186888,3.848213250026555e-05,36.80224419731323,8.108960622597885e-15,3.431783282436321,0-2,16,30.549999999999955,30550,,,,,0,0.1386192146069865,0.02554501613259386,8.263986369640019,0.9735562861576267,0.0017974464146077143,negative_baseline,20.0,0,0,0,0,0,0,0,0,0,0,-1,0,0,0,0,0,0,0,1,0
sim_0041_n3_seed297,297,0.001,3,743.0,1,body_1,3.1163256233840357,1.938542682722356,0.0031114833151186082,0.00043274164571563645,0.12350956964787246,0.017983100897864455,0,8.591866565752309,0.6734850400210257,-8.082943839463406,3.847956242107632e-05,36.80224419731331,1.0232736023754475e-14,3.708089582950099,0-2,16,31.549999999999955,31550,,,,,0,0.12350956964787246,0.0179847709051704,8.591866565752309,0.6734850400210257,0.001964882560174663,negative_baseline,20.0,0,0,0,0,0,0,0,0,0,0,-1,0,0,0,0,0,0,0,1,0
sim_0041_n3_seed297,297,0.001,3,744.0,1,body_1,3.1163256233840357,1.938542682722356,0.0034964672179915346,0.0004297959134982315,0.1111848408473148,0.014052634856372216,0,9.012144192283152,0.5758171688911434,-8.082943837998787,3.84797436127708e-05,36.802244197313364,1.1777299951868357e-14,3.6126948193436474,0-2,16,32.549999999999955,32550,,,,,0,0.1111848408473148,0.014052999091037306,9.012144192283152,0.5758171688911434,0.0022200677802583124,negative_baseline,20.0,0,0,0,0,0,0,0,0,0,0,-1,0,0,0,0,0,0,0,1,0
sim_0041_n3_seed297,297,0.001,3,745.0,1,body_1,3.1163256233840357,1.938542682722356,0.0038719432341925452,0.00045095501261250285,0.09987906460332327,0.012858657891928945,0,9.59339405475049,0.7845709097517387,-8.082943812998412,3.848283647269863e-05,36.802244197313506,1.5638709772153064e-14,3.1527217584734446,0-2,16,33.549999999999955,33550,,,,,0,0.09987906460332327,0.012858186063747305,9.59339405475049,0.7845709097517387,0.0025235480434078767,negative_baseline,20.0,0,0,0,0,0,0,0,0,0,0,-1,0,0,0,0,0,0,0,1,0
sim_0041_n3_seed297,297,0.001,3,746.0,1,body_1,3.1163256233840357,1.938542682722356,0.004257045685028871,0.0004901511466296717,0.08864356761109207,0.012923331566522424,0,10.517278144142663,1.361532016814724,-8.082943828139877,3.8480963283593954e-05,36.80224419731336,1.1584229460854122e-14,2.325817581134237,0-2,16,34.549999999999955,34550,,,,,0,0.08864356761109207,0.012925273331592182,10.517278144142663,1.361532016814724,0.0027603255765234784,negative_baseline,20.0,0,0,0,0,0,1,0,0,0,0,-1,0,0,0,1,0,0,0,0,0
sim_0041_n3_seed297,297,0.001,3,746.8000000000001,1,body_1,3.1163256233840357,1.938542682722356,0.004585753157716147,0.0005309599160494789,0.08115382597333255,0.010118143296354565,0,11.706665118278487,2.192613701684614,-8.082947235407762,3.805944151600313e-05,36.80224419731326,8.881242586654827e-15,1.5706684032468663,0-2,16,35.35000000000002,35350,,,,,0,0.08115382597333255,0.010128092191468999,11.706665118278487,2.192613701684614,0.0031557768470313733,negative_hard,10.0,0,0,0,0,0,1,0,0,0,0,-1,0,0,0,1,0,0,0,0,0
sim_0041_n3_seed297,297,0.001,3,747.0,1,body_1,3.1163256233840357,1.938542682722356,0.004672164218989263,0.000542100510344,0.08003279329013487,0.00840260376390406,2,11.691773296283866,1.1541604127480662,-8.082949555052053,3.77724724266551e-05,36.80224419731324,8.495101604626357e-15,1.4684509512519994,0-2,16,35.549999999999955,35550,,,,,0,0.08003279329013487,0.008408544089499205,11.691773296283866,1.1541604127480662,0.003456258285946638,negative_baseline,20.0,0,0,0,0,0,0,0,0,0,1,2,0,0,0,1,0,0,0,0,0
sim_0041_n3_seed297,297,0.001,3,747.3000000000001,1,body_1,3.1163256233840357,1.938542682722356,0.004805558494048508,0.0005593416164053514,0.07888739771268773,0.005999636531907557,2,11.430585631233125,0.8577165703194287,-8.082949331287292,3.780015493385306e-05,36.80224419731323,8.108960622597885e-15,1.476737344119551,0-2,16,35.85000000000002,35850,,,,,0,0.07888739771268773,0.005992374950386443,11.430585631233125,0.8577165703194287,0.004014876856304785,negative_hard,10.0,0,0,0,0,0,0,0,0,0,1,2,0,0,0,1,0,0,0,0,0
sim_0041_n3_seed297,297,0.001,3,747.8000000000001,1,body_1,3.1163256233840357,1.938542682722356,0.005039512385100378,0.000591649871555641,0.07674417041843935,0.0064558298906067305,2,11.349885864058834,0.7754326393652571,-8.082944633700338,3.8381305352104113e-05,36.802244197313236,8.30203111361212e-15,1.8499482376397842,0-2,16,36.35000000000002,36350,,,,,0,0.07674417041843935,0.006454929797357014,11.349885864058834,0.7754326393652571,0.004601027612092465,negative_hard,10.0,0,0,0,0,0,0,0,0,0,1,2,0,0,0,1,0,0,0,0,0
sim_0041_n3_seed297,297,0.001,3,748.0,1,body_1,3.1163256233840357,1.938542682722356,0.005137794158762621,0.0006061680076446637,0.07557511851064262,0.0071766315271115984,2,11.433217053003492,0.8394434565897024,-8.08294406769972,3.845132672659669e-05,36.802244197313165,6.371326203469767e-15,2.050771184678803,0-2,16,36.549999999999955,36550,,,,,0,0.07557511851064262,0.007178035086059899,11.433217053003492,0.8394434565897024,0.004689380864300524,negative_baseline,20.0,0,0,0,0,0,0,0,0,0,1,2,0,0,0,1,0,0,0,0,0
sim_0041_n3_seed297,297,0.001,3,749.0,1,body_1,3.1163256233840357,1.938542682722356,0.0056756646938859135,0.0006843354872745183,0.06932070630194953,0.007466824547977548,2,12.26014634181384,1.1187541364074411,-8.082943797284353,3.848478049891346e-05,36.802244197313144,5.792114730427061e-15,2.9605792820000296,0-2,16,37.549999999999955,37550,,,,,0,0.06932070630194953,0.007468122029915519,12.26014634181384,1.1187541364074411,0.004699943101043589,negative_baseline,20.0,0,0,0,0,0,0,0,0,0,1,2,0,0,0,1,0,0,0,0,0
sim_0041_n3_seed297,297,0.001,3,750.0,1,body_1,3.1163256233840357,1.938542682722356,0.006296874604353191,0.0007620618311100944,0.0648351054308107,0.005907918943004309,0,13.089333930603775,0.9003425276858184,-8.082943834466619,3.8480180586290534e-05,36.802244197313215,7.722819640569415e-15,3.5019274810893495,0-2,16,38.549999999999955,38550,,,,,0,0.0648351054308107,0.00590870296522905,13.089333930603775,0.9003425276858184,0.004623024307169904,negative_baseline,20.0,0,0,0,0,0,0,0,0,0,0,-1,0,0,0,1,0,0,0,1,0
sim_0041_n3_seed297,297,0.001,3,751.0,1,body_1,3.1163256233840357,1.938542682722356,0.007006321159717272,0.0008388329685413987,0.0623011986616115,0.004428275147102752,0,12.910728095382161,0.5369270032044747,-8.082943843109948,3.847911129802283e-05,36.802244197313165,6.371326203469767e-15,3.6587431650641182,0-2,16,39.549999999999955,39550,,,,,0,0.0623011986616115,0.004428872170552903,12.910728095382161,0.5369270032044747,0.00470850038798449,negative_baseline,20.0,0,0,0,0,0,0,0,0,0,0,-1,0,0,0,1,0,0,0,1,0
sim_0041_n3_seed297,297,0.001,3,752.0,1,body_1,3.1163256233840357,1.938542682722356,0.007809025392596875,0.0009186227707333632,0.061011563011846924,0.003205208711153848,0,12.751847525965275,0.22316846022824077,-8.08294383476651,3.84801434859304e-05,36.80224419731316,6.178255712455532e-15,3.4432505584618425,0-2,16,40.549999999999955,40550,,,,,0,0.061011563011846924,0.003205573713582803,12.751847525965275,0.22316846022824077,0.005030474953923719,negative_baseline,20.0,0,0,0,0,0,0,0,0,0,0,-1,0,0,0,1,0,0,0,1,0
sim_0041_n3_seed297,297,0.001,3,752.2,1,body_1,3.1163256233840357,1.938542682722356,0.007981302305505276,0.0009353442323732773,0.06082368534861836,0.0030033942668561816,0,12.732535560748433,0.1898519344365655,-8.082943830449388,3.8480677568144025e-05,36.80224419731311,4.826762275355884e-15,3.355267213533966,0-2,16,40.75,40750,,,,,0,0.06082368534861836,0.003003648565770479,12.732535560748433,0.1898519344365655,0.005127571428781207,negative_hard,8.0,0,0,0,0,0,0,0,0,0,0,-1,0,0,0,1,0,0,0,1,0
sim_0041_n3_seed297,297,0.001,3,752.6,1,body_1,3.1163256233840357,1.938542682722356,0.008338071286914463,0.0009698306216795044,0.060443450360907036,0.002693823423741396,0,12.718270619045324,0.2320368094514087,-8.082943818115922,3.8482203372536925e-05,36.80224419731302,2.5099163831850597e-15,3.133758403356275,0-2,16,41.14999999999998,41150,,,,,0,0.060443450360907036,0.002693685588477029,12.718270619045324,0.2320368094514087,0.005360627465221832,negative_hard,8.0,0,0,0,0,0,0,0,0,0,0,-1,0,0,0,1,0,0,0,1,0
sim_0041_n3_seed297,297,0.001,3,753.0,1,body_1,3.1163256233840357,1.938542682722356,0.008711578463061321,0.0010059035114428452,0.059979142367427817,0.002620016807152633,0,12.752051741935288,0.39556966779111,-8.082943802793572,3.8484098939340105e-05,36.80224419731305,3.2821983472420013e-15,2.851607551232186,0-2,16,41.549999999999955,41550,,,,,0,0.059979142367427817,0.0026192036695540763,12.752051741935288,0.39556966779111,0.005658230445952757,negative_hard,8.0,0,0,0,0,0,0,0,0,0,0,-1,0,0,0,1,0,0,0,1,0
sim_0041_n3_seed297,297,0.001,3,753.4,1,body_1,3.1163256233840357,1.938542682722356,0.009102393656196127,0.001043726304249873,0.05932759651153989,0.002931105369020629,0,12.860577071179321,0.6334131281054464,-8.082943809396857,3.8483282030170686e-05,36.80224419731302,2.5099163831850597e-15,2.5118867002721226,0-2,16,41.94999999999993,41950,,,,,0,0.05932759651153989,0.00292966843468902,12.860577071179321,0.6334131281054464,0.0060521149769952294,negative_hard,8.0,0,0,0,0,0,0,0,0,0,0,-1,0,0,0,1,0,0,0,1,0
sim_0041_n3_seed297,297,0.001,3,753.8000000000001,1,body_1,3.1163256233840357,1.938542682722356,0.009511083349603452,0.0010833073377865,0.05840405127934136,0.0036073985726160687,0,13.083490961366818,0.9528522834918309,-8.082944010825265,3.8458362809983245e-05,36.80224419731301,2.1237754011565892e-15,2.1281295948125787,0-2,16,42.35000000000002,42350,,,,,0,0.05840405127934136,0.003606483245273709,13.083490961366818,0.9528522834918309,0.006612287531877941,negative_hard,8.0,0,0,0,0,0,0,0,0,0,0,-1,0,0,0,1,0,0,0,1,0
sim_0041_n3_seed297,297,0.001,3,754.0,1,body_1,3.1163256233840357,1.938542682722356,0.00972228657244561,0.0011036656195544151,0.05784221007782648,0.003975049842900211,0,13.253983617721785,1.1507916616962985,-8.082944412005158,3.840873182607411e-05,36.80224419731305,3.2821983472420013e-15,1.9316838283990634,0-2,16,42.549999999999955,42550,,,,,0,0.05784221007782648,0.003975399078034905,13.253983617721785,1.1507916616962985,0.006993626693373387,negative_baseline,20.0,0,0,0,0,0,0,0,0,0,0,-1,0,0,0,1,0,0,0,1,0
sim_0041_n3_seed297,297,0.001,3,754.2,1,body_1,3.1163256233840357,1.938542682722356,0.009938115295094906,0.0011242518602120257,0.05724961147994871,0.00423925110869185,0,13.472120935425483,1.3745536194509673,-8.08294534512137,3.8293293648538456e-05,36.802244197313044,3.089127856227766e-15,1.7465202569348994,0-2,16,42.75,42750,,,,,0,0.05724961147994871,0.004241749028082669,13.472120935425483,1.3745536194509673,0.00746739031861333,negative_hard,8.0,0,0,0,0,0,1,0,0,0,0,-1,0,0,0,1,0,0,0,0,0
sim_0041_n3_seed297,297,0.001,3,754.6,1,body_1,3.1163256233840357,1.938542682722356,0.010383577737810528,0.0011650102856836436,0.05626473359910212,0.0040267058042351405,0,14.04433151073852,1.8330595908733875,-8.082949127101104,3.782541532598464e-05,36.80224419731306,3.4752688382562368e-15,1.4941058126674192,0-2,16,43.14999999999998,43150,,,,,0,0.05626473359910212,0.004032489025734786,14.04433151073852,1.8330595908733875,0.008650219081402455,negative_hard,8.0,0,0,0,0,0,1,0,0,0,0,-1,0,0,0,1,0,0,0,0,0
sim_0041_n3_seed297,297,0.001,3,755.0,1,body_1,3.1163256233840357,1.938542682722356,0.010846702305037047,0.0012031529116043904,0.05602229339060827,0.0030172853671910963,2,13.737333238185727,1.3185276187458894,-8.082947972147862,3.796829752623489e-05,36.802244197313044,3.089127856227766e-15,1.5437201017738642,0-2,16,43.549999999999955,43550,,,,,0,0.05602229339060827,0.0030199035630037265,13.737333238185727,1.3185276187458894,0.009581960370957815,negative_hard,8.0,0,0,0,0,1,0,0,0,0,0,-1,0,0,0,1,0,0,0,0,0
sim_0041_n3_seed297,297,0.001,3,755.4,1,body_1,3.1163256233840357,1.938542682722356,0.011326515018149344,0.0012403742711162246,0.0561785886135699,0.0020022108635395575,2,13.340495184285347,0.9080801258885856,-8.082944707602103,3.837216277701415e-05,36.802244197312945,3.8614098202847074e-16,1.8541833950644295,0-2,16,43.94999999999993,43950,,,,,0,0.0561785886135699,0.002001130819999846,13.340495184285347,0.9080801258885856,0.009848296259776016,negative_hard,8.0,0,0,0,0,0,0,0,0,0,1,2,0,0,0,1,0,0,0,0,0
sim_0041_n3_seed297,297,0.001,3,755.8000000000001,1,body_1,3.1163256233840357,1.938542682722356,0.01182345471603542,0.001280752874930635,0.05609091455142769,0.0019132284368034082,2,13.18885408344609,0.6789452084029493,-8.082943901791811,3.847185161565493e-05,36.8022441973129,-7.722819640569415e-16,2.24520931111076,0-2,16,44.35000000000002,44350,,,,,0,0.05609091455142769,0.00191211276627683,13.18885408344609,0.6789452084029493,0.009828303439989129,negative_hard,8.0,0,0,0,0,0,0,0,0,0,1,2,0,0,0,1,0,0,0,0,0
sim_0041_n3_seed297,297,0.001,3,756.0,1,body_1,3.1163256233840357,1.938542682722356,0.012078778282543483,0.0013025198673672596,0.05591156241116496,0.0021678120628100296,2,13.18299651536135,0.6280718779799725,-8.0829438215466,3.848177895464895e-05,36.802244197312945,3.8614098202847074e-16,2.4370395755056578,0-2,16,44.549999999999955,44550,,,,,0,0.05591156241116496,0.002167247238033479,13.18299651536135,0.6280718779799725,0.009799939439416164,negative_baseline,20.0,0,0,0,0,0,0,0,0,0,1,2,0,0,0,1,0,0,0,0,0
sim_0041_n3_seed297,297,0.001,3,756.2,1,body_1,3.1163256233840357,1.938542682722356,0.012338901710895666,0.0013252025956317624,0.05566134936704599,0.0024471827146604146,2,13.211048355372238,0.6084280174410649,-8.082943799874334,3.848446008571344e-05,36.80224419731295,5.792114730427061e-16,2.6186016029555605,0-2,16,44.75,44750,,,,,0,0.05566134936704599,0.002446994852722225,13.211048355372238,0.6084280174410649,0.009776988228484525,negative_hard,8.0,0,0,0,0,0,0,0,0,0,1,2,0,0,0,1,0,0,0,0,0
sim_0041_n3_seed297,297,0.001,3,756.6,1,body_1,3.1163256233840357,1.938542682722356,0.012874050286468344,0.0013725857160907802,0.05503185592235711,0.0028867850439015606,2,13.340146370072802,0.6288155857407199,-8.08294380639464,3.848365344208164e-05,36.80224419731288,-1.3514934370996475e-15,2.9415467844162424,0-2,16,45.14999999999998,45150,,,,,0,0.05503185592235711,0.002886930827406485,13.340146370072802,0.6288155857407199,0.009764786983386509,negative_hard,8.0,0,0,0,0,0,0,0,0,0,1,2,0,0,0,1,0,0,0,0,0
sim_0041_n3_seed297,297,0.001,3,757.0,1,body_1,3.1163256233840357,1.938542682722356,0.01342955194785696,0.0014215039069547307,0.054352203120761805,0.003130970208705693,2,13.532508107308493,0.6890764929991364,-8.082943821794636,3.8481748269453214e-05,36.802244197312945,3.8614098202847074e-16,3.204876974953036,0-2,16,45.549999999999955,45550,,,,,0,0.054352203120761805,0.003131199854262252,13.532508107308493,0.6890764929991364,0.009807066754020429,negative_hard,8.0,0,0,0,0,0,0,0,0,0,1,2,0,0,0,1,0,0,0,0,0
sim_0041_n3_seed297,297,0.001,3,757.4,1,body_1,3.1163256233840357,1.938542682722356,0.014005586313825029,0.0014709161384053064,0.05372937767627831,0.0032348532321565186,2,13.760753196927787,0.7648237487511096,-8.08294383287907,3.8480376985871466e-05,36.80224419731299,1.544563928113883e-15,3.4068993073728078,0-2,16,45.94999999999993,45950,,,,,0,0.05372937767627831,0.0032350855903009045,13.760753196927787,0.7648237487511096,0.009905779263032356,negative_hard,8.0,0,0,0,0,0,0,0,0,0,1,2,0,0,0,1,0,0,0,0,0
sim_0041_n3_seed297,297,0.001,3,757.6,1,body_1,3.1163256233840357,1.938542682722356,0.014301271073483801,0.00149560093779606,0.05346157837477465,0.0032536867335285547,2,13.882560258755065,0.8053728713706216,-8.08294383667039,3.847990795213258e-05,36.802244197313016,2.3168458921708242e-15,3.485042905794557,0-2,16,46.14999999999998,46150,,,,,0,0.05346157837477465,0.003253909266307139,13.882560258755065,0.8053728713706216,0.009975942082360157,negative_pre_failure,1.0,0,0,0,0,0,0,0,0,0,1,2,0,0,0,1,0,0,0,0,0
sim_0041_n3_seed297,297,0.001,3,757.65,1,body_1,3.1163256233840357,1.938542682722356,0.014375985905377692,0.0015017612640695981,0.05340023719031104,0.0032560388596467064,2,13.913516221830408,0.8156953969862771,-8.082943837461723,3.8479810054289084e-05,36.80224419731304,2.8960573652135305e-15,3.5022151276423634,0-2,16,46.19999999999993,46200,,,,,0,0.05340023719031104,0.003256258389078143,13.913516221830408,0.8156953969862771,0.009995611881607464,negative_pre_failure,1.0,0,0,0,0,0,0,0,0,0,1,2,0,0,0,1,0,0,0,0,0
sim_0041_n3_seed297,297,0.001,3,757.7,1,body_1,3.1163256233840357,1.938542682722356,0.014451017031745284,0.0015079162050288602,0.05334129272512359,0.0032038345293652717,2,13.944627686422665,0.8260831274873124,-8.082943838195511,3.847971927549362e-05,36.802244197313044,3.089127856227766e-15,3.5184454601816832,0-2,17,0.0,0,0.010016125874214075,46.25,0.014451017031745284,0.0015079162050288602,1,0.05334129272512359,0.003257833464598207,13.944627686422665,0.8260831274873124,0.010016125874214075,correction,1.0,0,0,0,0,0,0,0,0,0,1,2,0,0,0,1,0,0,0,0,0
sim_0041_n3_seed297,297,0.001,3,758.0,1,body_1,3.1163256233840357,1.938542682722356,1.633401549393512e-10,2.427324338016749e-11,0.05317711762965974,0.0032670561993728155,2,14.109981299852578,0.8872727248038371,-8.083254882895993,-4.109586128902098e-10,36.80224419731288,-1.3514934370996475e-15,3.5940506200755054,0-2,17,0.2999999999999545,300,,,,,0,0.05317711762965974,0.0032672503092536563,14.109981299852578,0.8872727248038371,7.748645043493496e-09,negative_baseline,20.0,0,0,0,0,0,0,0,0,0,1,2,0,0,0,1,0,0,0,0,0
sim_0041_n3_seed297,297,0.001,3,759.0,1,body_1,3.1163256233840357,1.938542682722356,6.862085681946769e-10,1.1733679981445935e-10,0.05292947171878061,0.0032152945505097624,0,14.427385618295494,0.8072035578903287,-8.083254883494456,-4.84996053239941e-10,36.802244197312916,-3.8614098202847074e-16,3.6138917326092788,0-2,17,1.2999999999999545,1300,,,,,0,0.05292947171878061,0.0032154598730426585,14.427385618295494,0.8072035578903287,3.00773215516848e-08,negative_baseline,20.0,0,0,0,0,0,0,0,0,0,0,-1,0,0,0,1,0,0,0,1,0
sim_0041_n3_seed297,297,0.001,3,760.0,1,body_1,3.1163256233840357,1.938542682722356,1.1403885924308197e-09,2.263884078531892e-10,0.053851420983750654,0.003111370268913447,0,13.864863193883046,0.6099284021055129,-8.083254865710439,1.7151099781654036e-09,36.80224419731293,0.0,3.260535393462386,0-2,17,2.2999999999999545,2300,,,,,0,0.053851420983750654,0.003111793915833341,13.864863193883046,0.6099284021055129,4.966078789382919e-08,negative_baseline,20.0,0,0,0,0,0,0,0,0,0,0,-1,0,0,0,1,0,0,0,1,0
sim_0041_n3_seed297,297,0.001,3,761.0,1,body_1,3.1163256233840357,1.938542682722356,1.4891061714783305e-09,3.095992348583253e-10,0.05541788709532227,0.0024724568315655734,0,13.424755375307779,0.5376682315326482,-8.083254845683712,4.1926672545124e-09,36.80224419731292,-1.9307049101423537e-16,2.5272104063147482,0-2,17,3.2999999999999545,3300,,,,,0,0.05541788709532227,0.0024735081778278264,13.424755375307779,0.5376682315326482,9.615742703509265e-08,negative_baseline,20.0,0,0,0,0,0,0,0,0,0,0,-1,0,0,0,1,0,0,0,1,0
sim_0041_n3_seed297,297,0.001,3,762.0,1,body_1,3.1163256233840357,1.938542682722356,1.780437836646178e-09,4.744635793467576e-10,0.055811583455136066,0.0027163346144079294,0,13.661937815898078,1.1079993399485502,-8.083257988833896,-3.846544285500229e-07,36.802244197312994,1.7376344191281184e-15,1.6003317977468332,0-2,17,4.2999999999999545,4300,,,,,0,0.055811583455136066,0.00271541449938169,13.661937815898078,1.1079993399485502,3.582000082564531e-07,negative_baseline,20.0,0,0,0,0,0,0,0,0,0,0,-1,0,0,0,1,0,0,0,1,0
sim_0041_n3_seed297,297,0.001,3,762.15,1,body_1,3.1163256233840357,1.938542682722356,1.8491399135442509e-09,5.462705448711832e-10,0.055724868058601204,0.0030836205604748896,0,13.818944716746715,1.2664659152855597,-8.083259604964901,-5.84590101629699e-07,36.802244197313,1.9307049101423538e-15,1.5160316470191981,0-2,17,4.449999999999932,4450,,,,,0,0.055724868058601204,0.003084417549020394,13.818944716746715,1.2664659152855597,4.4507185033501634e-07,negative_hard,10.0,0,0,0,0,0,0,0,0,0,0,-1,0,0,0,1,0,0,0,1,0
sim_0041_n3_seed297,297,0.001,3,762.65,1,body_1,3.1163256233840357,1.938542682722356,2.1602998557318898e-09,6.497043045038188e-10,0.0560399232452291,0.004030961352467891,2,13.904947448540053,1.8239386612484347,-8.083258640335922,-4.6525339955460537e-07,36.80224419731292,-1.9307049101423537e-16,1.5616279252190082,0-2,17,4.949999999999932,4950,,,,,0,0.0560399232452291,0.004034797200108,13.904947448540053,1.8239386612484347,8.492521777665657e-07,negative_hard,10.0,0,0,0,0,1,0,0,0,0,0,-1,0,0,0,1,0,0,0,0,0
sim_0041_n3_seed297,297,0.001,3,763.0,1,body_1,3.1163256233840357,1.938542682722356,2.3634151934293903e-09,3.4022245617208036e-10,0.056962924620979696,0.004115323725384053,2,13.347347336051525,1.4069751424483192,-8.083255808430762,-1.1491121656764759e-07,36.802244197312994,1.7376344191281184e-15,1.8394554159852152,0-2,17,5.2999999999999545,5300,,,,,0,0.056962924620979696,0.0041182743435807245,13.347347336051525,1.4069751424483192,1.2101085343277225e-06,negative_baseline,20.0,0,0,0,0,1,0,0,0,0,0,-1,0,0,0,1,0,0,0,0,0
sim_0041_n3_seed297,297,0.001,3,763.15,1,body_1,3.1163256233840357,1.938542682722356,2.419006950853856e-09,1.9825108947518297e-10,0.05742467203071815,0.003957413274749685,2,13.156167528668002,1.245712100163574,-8.083255302560655,-5.232874029670889e-08,36.802244197312994,1.7376344191281184e-15,1.9836578183226214,0-2,17,5.449999999999932,5450,,,,,0,0.05742467203071815,0.003959615435114448,13.156167528668002,1.245712100163574,1.3664137174880928e-06,negative_hard,10.0,0,0,0,0,1,0,0,0,0,0,-1,0,0,0,1,0,0,0,0,0
sim_0041_n3_seed297,297,0.001,3,764.0,1,body_1,3.1163256233840357,1.938542682722356,2.1517009665513338e-09,2.0402068377594203e-09,0.059539404027055785,0.00270636338236044,2,12.557560161821835,0.6273696978016386,-8.083254840794043,4.7975806448356175e-09,36.802244197313065,3.668339329270472e-15,2.776314792275697,0-2,17,6.2999999999999545,6300,,,,,0,0.059539404027055785,0.0027061628529974876,12.557560161821835,0.6273696978016386,2.11601691246256e-06,negative_baseline,20.0,0,0,0,0,0,0,0,0,0,1,2,0,0,0,1,0,0,0,0,0
sim_0041_n3_seed297,297,0.001,3,765.0,1,body_1,3.1163256233840357,1.938542682722356,3.9383880206915225e-09,7.569564530913815e-09,0.06061469328949651,0.002929673322082765,2,12.487963469877538,0.40290086305010936,-8.083254873871994,7.05423272873003e-10,36.802244197313094,4.4406212933274135e-15,3.407330988808294,0-2,17,7.2999999999999545,7300,,,,,0,0.06061469328949651,0.0029290662758930117,12.487963469877538,0.40290086305010936,2.6474155674885136e-06,negative_baseline,20.0,0,0,0,0,0,0,0,0,0,1,2,0,0,0,1,0,0,0,0,0
sim_0041_n3_seed297,297,0.001,3,766.0,1,body_1,3.1163256233840357,1.938542682722356,1.4695385437868404e-08,1.5370930729401197e-08,0.061423753522504246,0.004006937119307813,2,12.710054709326926,0.5795682920621932,-8.083254883887067,-5.335668820079841e-10,36.80224419731318,6.757467185498238e-15,3.6634514911360543,0-2,17,8.299999999999955,8300,,,,,0,0.061423753522504246,0.004006286900424804,12.710054709326926,0.5795682920621932,2.8502981697965134e-06,negative_baseline,20.0,0,0,0,0,0,0,0,0,0,1,2,0,0,0,1,0,0,0,0,0
sim_0041_n3_seed297,297,0.001,3,767.0,1,body_1,3.1163256233840357,1.938542682722356,3.2749406469543584e-08,2.1778270189495632e-08,0.063230443204112,0.005334202675087683,2,13.030421429054464,0.9001810829414691,-8.083254876710523,3.54261586917458e-10,36.802244197313186,6.9505376765124735e-15,3.54819228847811,0-2,17,9.299999999999955,9300,,,,,0,0.063230443204112,0.0053334236843066716,13.030421429054464,0.9001810829414691,2.762968156557266e-06,negative_baseline,20.0,0,0,0,0,0,0,0,0,0,1,2,0,0,0,1,0,0,0,0,0
sim_0041_n3_seed297,297,0.001,3,768.0,1,body_1,3.1163256233840357,1.938542682722356,5.484274535603091e-08,2.4198049676812463e-08,0.06696076202911552,0.006893619978503336,0,12.653212911106845,1.091548805536995,-8.083254841429833,4.718925437655269e-09,36.80224419731318,6.757467185498238e-15,3.048917948073128,0-2,17,10.299999999999955,10300,,,,,0,0.06696076202911552,0.006893254688769338,12.653212911106845,1.091548805536995,2.3934741270825674e-06,negative_baseline,20.0,0,0,0,0,0,0,0,0,0,0,-1,0,0,0,1,0,0,0,1,0
sim_0041_n3_seed297,297,0.001,3,769.0,1,body_1,3.1163256233840357,1.938542682722356,7.647586425372757e-08,2.2245709313193707e-08,0.07281764065545002,0.0073150063544530144,0,11.75994794954411,0.8956141311949616,-8.08325494378278,-7.943417761432439e-09,36.802244197313094,4.4406212933274135e-15,2.165575135132865,0-2,17,11.299999999999955,11300,,,,,0,0.07281764065545002,0.007319242748278797,11.75994794954411,0.8956141311949616,1.7608427521675766e-06,negative_baseline,20.0,0,0,0,0,0,0,0,0,0,0,-1,0,0,0,1,0,0,0,1,0
sim_0041_n3_seed297,297,0.001,3,769.75,1,body_1,3.1163256233840357,1.938542682722356,9.144329087680091e-08,2.0991252084973684e-08,0.0764225061059332,0.005104790297506774,0,11.589945678001076,0.7747271243437391,-8.083259817982459,-6.109430449111751e-07,36.80224419731307,3.8614098202847076e-15,1.4927763585823342,0-2,17,12.049999999999955,12050,,,,,0,0.0764225061059332,0.005093686261846924,11.589945678001076,0.7747271243437391,1.4140603597746263e-06,negative_hard,10.0,0,0,0,0,0,0,0,0,0,0,-1,0,0,0,1,0,0,0,1,0
sim_0041_n3_seed297,297,0.001,3,770.0,1,body_1,3.1163256233840357,1.938542682722356,9.666401898942134e-08,2.1615128176191793e-08,0.0771034663736923,0.006465487143668421,0,11.757025129633847,0.9184922229402566,-8.083261502954532,-8.193952214270095e-07,36.80224419731312,5.212903257384355e-15,1.435284796926806,0-2,17,12.299999999999955,12300,,,,,0,0.0771034663736923,0.006456312585520425,11.757025129633847,0.9184922229402566,1.5338255371088135e-06,negative_baseline,20.0,0,0,0,0,0,0,0,0,0,0,-1,0,0,0,1,0,0,0,1,0
sim_0041_n3_seed297,297,0.001,3,770.25,1,body_1,3.1163256233840357,1.938542682722356,1.0211905393166476e-07,2.2446236232630165e-08,0.07807708391503641,0.008699032228977485,0,11.996852281225094,1.1221885692036142,-8.083259116008877,-5.241001094918189e-07,36.80224419731314,5.599044239412826e-15,1.5218077756633583,0-2,17,12.549999999999955,12550,,,,,0,0.07807708391503641,0.008698239011214049,11.996852281225094,1.1221885692036142,1.8363519975257302e-06,negative_hard,10.0,0,0,0,0,0,0,0,0,0,0,-1,0,0,0,1,0,0,0,1,0
sim_0041_n3_seed297,297,0.001,3,770.75,1,body_1,3.1163256233840357,1.938542682722356,1.1312978947481425e-07,2.214116707163712e-08,0.08190467726474117,0.012052096566201065,2,11.087883630902347,1.8850850270568076,-8.083255263628015,-4.751228445029099e-08,36.802244197312916,-3.8614098202847074e-16,1.960070905755015,0-2,17,13.049999999999955,13050,,,,,0,0.08190467726474117,0.01205508852726639,11.087883630902347,1.8850850270568076,2.745519233276627e-06,negative_hard,10.0,0,0,0,0,1,0,0,0,0,0,-1,0,0,0,1,0,0,0,0,0
sim_0041_n3_seed297,297,0.001,3,771.0,1,body_1,3.1163256233840357,1.938542682722356,1.1821514119885315e-07,2.046673742374137e-08,0.08451622414913085,0.012776677395512664,2,10.67782177991895,1.631483937696913,-8.083254908236473,-3.5458937738072114e-09,36.80224419731301,2.1237754011565892e-15,2.2162335355250766,0-2,17,13.299999999999955,13300,,,,,0,0.08451622414913085,0.012779031412404074,10.67782177991895,1.631483937696913,3.220540176923652e-06,negative_baseline,20.0,0,0,0,0,1,0,0,0,0,0,-1,0,0,0,1,0,0,0,0,0
sim_0041_n3_seed297,297,0.001,3,771.25,1,body_1,3.1163256233840357,1.938542682722356,1.2272630145530765e-07,1.788663838842332e-08,0.08733841359395181,0.013058703877863518,2,10.324802558403197,1.4168873743309964,-8.083254825604076,6.6767700115166035e-09,36.80224419731293,0.0,2.4640005635045945,0-2,17,13.549999999999955,13550,,,,,0,0.08733841359395181,0.01306047285571544,10.324802558403197,1.4168873743309964,3.6654840108410365e-06,negative_hard,10.0,0,0,0,0,1,0,0,0,0,0,-1,0,0,0,1,0,0,0,0,0
sim_0041_n3_seed297,297,0.001,3,772.0,1,body_1,3.1163256233840357,1.938542682722356,1.3185461972888867e-07,9.789215966592945e-09,0.09597976917731658,0.012683680724594512,2,9.546791418013619,0.9524485842494227,-8.083254846759734,4.059549736578476e-09,36.80224419731284,-2.5099163831850597e-15,3.0882840832179426,0-2,17,14.299999999999955,14300,,,,,0,0.09597976917731658,0.012684211617015934,9.546791418013619,0.9524485842494227,4.74421862628448e-06,negative_baseline,20.0,0,0,0,0,0,0,0,0,0,1,2,0,0,0,0,0,0,0,0,0
sim_0041_n3_seed297,297,0.001,3,773.0,1,body_1,3.1163256233840357,1.938542682722356,1.3908853803247622e-07,4.065129412233159e-08,0.10655481848608879,0.012367900758869727,2,8.947657213664055,0.6035476755082899,-8.083254877184036,2.956821171874578e-10,36.80224419731284,-2.5099163831850597e-15,3.597890338761319,0-2,17,15.299999999999955,15300,,,,,0,0.10655481848608879,0.01236672119426818,8.947657213664055,0.6035476755082899,5.579568998846644e-06,negative_baseline,20.0,0,0,0,0,0,0,0,0,0,1,2,0,0,0,0,0,0,0,0,0
sim_0041_n3_seed297,297,0.001,3,774.0,1,body_1,3.1163256233840357,1.938542682722356,1.756762631455329e-07,1.0202320622993255e-07,0.11656230011829095,0.014760691840737299,2,8.626522870815267,0.538862113959332,-8.083254880275476,-8.676777941272985e-11,36.80224419731284,-2.5099163831850597e-15,3.7441657043983168,0-2,17,16.299999999999955,16300,,,,,0,0.11656230011829095,0.01475742426746478,8.626522870815267,0.538862113959332,5.812874191848677e-06,negative_baseline,20.0,0,0,0,0,0,0,0,0,0,1,2,0,0,0,0,0,0,0,0,0
sim_0041_n3_seed297,297,0.001,3,775.0,1,body_1,3.1163256233840357,1.938542682722356,2.9328931314341136e-07,1.7744561591435988e-07,0.12818998064541395,0.020990544949996623,2,8.455387919519879,0.7789326049985358,-8.083254861835485,2.1944903452306156e-09,36.80224419731277,-4.4406212933274135e-15,3.520781364655431,0-2,17,17.299999999999955,17300,,,,,0,0.12818998064541395,0.020984328822463105,8.455387919519879,0.7789326049985358,5.53306539316122e-06,negative_baseline,20.0,0,0,0,0,0,0,0,0,0,1,2,0,0,0,0,0,0,0,0,0
sim_0041_n3_seed297,297,0.001,3,776.0,1,body_1,3.1163256233840357,1.938542682722356,4.981712584552911e-07,2.469110184056293e-07,0.14526533755054083,0.03271406304917807,2,8.383634367488034,1.2888227779070007,-8.083254776260418,1.278119932663284e-08,36.80224419731281,-3.2821983472420013e-15,2.887726730837901,0-2,17,18.299999999999955,18300,,,,,0,0.14526533755054083,0.032702260495789316,8.383634367488034,1.2888227779070007,4.833181188964664e-06,negative_baseline,20.0,0,0,0,0,0,0,0,0,0,1,2,0,0,0,0,0,0,0,0,0
sim_0041_n3_seed297,297,0.001,3,776.8000000000001,1,body_1,3.1163256233840357,1.938542682722356,7.061429320538232e-07,2.7798134744479163e-07,0.16826272118717742,0.048338632463669554,0,7.995976025231859,1.8007517873364256,-8.083254726938163,1.8882980782207737e-08,36.802244197312746,-5.019832766370119e-15,2.0593024046434514,0-2,17,19.100000000000023,19100,,,,,0,0.16826272118717742,0.048330804385379955,7.995976025231859,1.8007517873364256,4.160144281782131e-06,negative_hard,10.0,0,0,0,0,1,0,0,0,0,0,-1,0,0,0,1,0,0,0,0,0
sim_0041_n3_seed297,297,0.001,3,777.0,1,body_1,3.1163256233840357,1.938542682722356,7.609460482876248e-07,2.800037817986508e-07,0.176213720870382,0.05240537191832491,0,7.695237750798551,1.7069387556040392,-8.083255125273855,-3.03961397548984e-08,36.802244197312746,-5.019832766370119e-15,1.820650410179229,0-2,17,19.299999999999955,19300,,,,,0,0.176213720870382,0.05241358787395884,7.695237750798551,1.7069387556040392,4.041115164340413e-06,negative_baseline,20.0,0,0,0,0,1,0,0,0,0,0,-1,0,0,0,1,0,0,0,0,0
sim_0041_n3_seed297,297,0.001,3,777.3000000000001,1,body_1,3.1163256233840357,1.938542682722356,8.433159038391216e-07,2.79593209488717e-07,0.18971689405754796,0.05465641406899155,0,7.275574439336433,1.4139818638968102,-8.083258229937996,-4.144820294153153e-07,36.802244197312724,-5.599044239412826e-15,1.4866847626310495,0-2,17,19.600000000000023,19600,,,,,0,0.18971689405754796,0.05471610206170264,7.275574439336433,1.4139818638968102,3.973171683289659e-06,negative_hard,10.0,0,0,0,0,1,0,0,0,0,0,-1,0,0,0,1,0,0,0,0,0
sim_0041_n3_seed297,297,0.001,3,777.8000000000001,1,body_1,3.1163256233840357,1.938542682722356,9.822517282910152e-07,2.9296022863795766e-07,0.20987658829801506,0.043990646694203474,0,6.907131770428584,0.2665553105403121,-8.083264091855373,-1.1396747226713046e-06,36.80224419731277,-4.4406212933274135e-15,1.3154278938035677,0-2,17,20.100000000000023,20100,,,,,0,0.20987658829801506,0.043904461290695126,6.907131770428584,0.2665553105403121,4.244738228088662e-06,negative_hard,10.0,0,0,0,0,0,0,0,0,0,0,-1,0,0,0,1,0,0,0,1,0
sim_0041_n3_seed297,297,0.001,3,778.0,1,body_1,3.1163256233840357,1.938542682722356,1.041669971947047e-06,3.1171965808907654e-07,0.21571809117438676,0.050289734404011764,0,6.910214792524539,0.2530435999476901,-8.083258929830563,-5.010675172466813e-07,36.8022441973127,-6.178255712455532e-15,1.4547564513849567,0-2,17,20.299999999999955,20300,,,,,0,0.21571809117438676,0.050235711741470845,6.910214792524539,0.2530435999476901,4.51797291396337e-06,negative_baseline,20.0,0,0,0,0,0,0,0,0,0,0,-1,0,0,0,1,0,0,0,1,0
sim_0041_n3_seed297,297,0.001,3,778.3000000000001,1,body_1,3.1163256233840357,1.938542682722356,1.13851725767277e-06,3.453068210232344e-07,0.2252242349384894,0.06623173234655197,0,6.967423604513007,0.8094773764419307,-8.083255282337953,-4.9826938480894856e-08,36.80224419731274,-5.212903257384355e-15,1.7790364152542395,0-2,17,20.600000000000023,20600,,,,,0,0.2252242349384894,0.0662143345568203,6.967423604513007,0.8094773764419307,5.112801733826259e-06,negative_hard,10.0,0,0,0,0,0,0,0,0,0,0,-1,0,0,0,1,0,0,0,1,0
sim_0041_n3_seed297,297,0.001,3,778.85,1,body_1,3.1163256233840357,1.938542682722356,1.3389309982432278e-06,3.8491297266932195e-07,0.25008191881087194,0.09248597965069365,2,6.337630647341773,2.569681171252458,-8.083254698157324,2.244353151011645e-08,36.802244197312774,-4.2475508023131784e-15,2.413008020852157,0-2,17,21.149999999999977,21150,,,,,0,0.25008191881087194,0.09247205746416254,6.337630647341773,2.569681171252458,6.408885308970998e-06,negative_hard,10.0,0,0,0,0,1,0,0,0,0,0,-1,0,0,0,0,0,0,0,0,0
sim_0041_n3_seed297,297,0.001,3,779.0,1,body_1,3.1163256233840357,1.938542682722356,1.3968462555026877e-06,3.872396215195236e-07,0.2585096008504914,0.0988570528566028,2,6.136523786508404,2.470988163061184,-8.083254727891962,1.8764983906949653e-08,36.80224419731276,-4.6336917843416485e-15,2.568774015103511,0-2,17,21.299999999999955,21300,,,,,0,0.2585096008504914,0.09884342663103253,6.136523786508404,2.470988163061184,6.750750775903738e-06,negative_baseline,20.0,0,0,0,0,1,0,0,0,0,0,-1,0,0,0,0,0,0,0,0,0
sim_0041_n3_seed297,297,0.001,3,780.0,1,body_1,3.1163256233840357,1.938542682722356,1.766073009197162e-06,3.883683923116606e-07,0.326980941052723,0.13851566194220263,2,5.075712228112458,2.045291128720835,-8.083254871831597,9.578458831659804e-10,36.802244197312724,-5.599044239412826e-15,3.3485693220964525,0-2,17,22.299999999999955,22300,,,,,0,0.326980941052723,0.1385081534235778,5.075712228112458,2.045291128720835,8.54210877060042e-06,negative_baseline,20.0,0,0,0,0,0,0,0,0,0,0,-1,0,0,0,0,0,0,0,1,0
sim_0041_n3_seed297,297,0.001,3,781.0,1,body_1,3.1163256233840357,1.938542682722356,2.120131206067132e-06,1.0789396707290727e-06,0.40563232755300305,0.17822335696507666,2,4.3947761684103765,1.826306835586645,-8.083254921644247,-5.2046036185420114e-09,36.80224419731281,-3.2821983472420013e-15,3.7157336736831343,0-2,17,23.299999999999955,23300,,,,,0,0.40563232755300305,0.1782196533396561,4.3947761684103765,1.826306835586645,9.338382051392875e-06,negative_baseline,20.0,0,0,0,0,0,0,0,0,0,1,2,0,0,0,0,0,0,0,0,0
sim_0041_n3_seed297,297,0.001,3,782.0,1,body_1,3.1163256233840357,1.938542682722356,3.4497620977021145e-06,2.8651264106841915e-06,0.4860707327779611,0.22299101984067146,2,3.942818102399291,1.6810548216094547,-8.083254952096986,-8.97198933764232e-09,36.80224419731286,-1.9307049101423538e-15,3.7398999486457463,0-2,17,24.299999999999955,24300,,,,,0,0.4860707327779611,0.22298495112860708,3.942818102399291,1.6810548216094547,9.312584946107255e-06,negative_baseline,20.0,0,0,0,0,0,0,0,0,0,1,2,0,0,0,0,0,0,0,0,0
sim_0041_n3_seed297,297,0.001,3,783.0,1,body_1,3.1163256233840357,1.938542682722356,7.588508699653742e-06,5.900210638884239e-06,0.5746092494108793,0.2764521963233213,2,3.578952213609068,1.5614176638917894,-8.083255000246576,-1.492869736206673e-08,36.80224419731287,-1.544563928113883e-15,3.5068957822997713,0-2,17,25.299999999999955,25300,,,,,0,0.5746092494108793,0.2764363715937029,3.578952213609068,1.5614176638917894,9.584478289391138e-06,negative_baseline,20.0,0,0,0,0,0,0,0,0,0,1,2,0,0,0,0,0,0,0,0,0
sim_0041_n3_seed297,297,0.001,3,784.0,1,body_1,3.1163256233840357,1.938542682722356,1.5538409724667977e-05,1.0729075635849104e-05,0.6956180096278822,0.3505589343995527,2,3.191263419187864,1.4557834159048861,-8.08325513251199,-3.129158787971866e-08,36.80224419731282,-3.089127856227766e-15,3.191263419187864,1-2,17,26.299999999999955,26300,,,,,0,0.6956180096278822,0.35049125393999825,3.191263419187864,1.4557834159048861,1.3297233550954372e-05,negative_baseline,20.0,0,0,0,0,0,0,0,0,0,1,2,0,0,0,0,0,0,0,0,0
sim_0041_n3_seed297,297,0.001,3,785.0,1,body_1,3.1163256233840357,1.938542682722356,2.8600104901306382e-05,2.0435125387556444e-05,0.9157850711179754,0.557502001004009,2,2.6942225433864984,1.4235619646719366,-8.083255156625423,-3.427472194976251e-08,36.802244197312774,-4.2475508023131784e-15,2.6942225433864984,1-2,17,27.299999999999955,27300,,,,,0,0.9157850711179754,0.5569199780792095,2.6942225433864984,1.4235619646719366,2.3775850967677466e-05,negative_baseline,20.0,0,0,0,0,0,0,0,0,0,1,2,0,0,0,0,0,0,0,0,0
sim_0041_n3_seed297,297,0.001,3,785.9,1,body_1,3.1163256233840357,1.938542682722356,4.977774770639836e-05,5.1877954027096565e-05,1.5907041885345898,2.114505521614802,2,1.9374881515792706,1.8983263339930228,-8.083254467581941,5.096859798668813e-08,36.80224419731282,-3.089127856227766e-15,1.9374881515792706,1-2,17,28.199999999999932,28200,,,,,0,1.5907041885345898,2.1037081103894315,1.9374881515792706,1.8983263339930228,4.04532018213504e-05,negative_hard,10.0,0,0,0,0,1,0,0,0,0,1,2,0,0,0,0,0,0,0,0,0
sim_0041_n3_seed297,297,0.001,3,786.0,1,body_1,3.1163256233840357,1.938542682722356,5.350104545758807e-05,6.0410811444826614e-05,1.7844311078500499,2.7662653584120185,2,1.8140301084276822,2.031430212755677,-8.083254227682913,8.064711638260173e-08,36.802244197312824,-2.8960573652135305e-15,1.8140301084276822,1-2,17,28.299999999999955,28300,,,,,0,1.7844311078500499,2.7487626122401,1.8140301084276822,2.031430212755677,4.299799098422535e-05,negative_baseline,20.0,0,0,0,1,1,0,0,0,0,1,2,0,0,0,0,0,0,0,0,0
sim_0041_n3_seed297,297,0.001,3,786.4,1,body_1,3.1163256233840357,1.938542682722356,7.592271775281551e-05,0.00014174286938538816,3.8374164362830037,13.850964457843967,2,1.191738554841403,2.9660260057078394,-8.08325086293144,4.969090706484704e-07,36.80224419731279,-3.8614098202847076e-15,1.191738554841403,1-2,17,28.699999999999932,28700,,,,,0,3.8374164362830037,13.602017747425263,1.191738554841403,2.9660260057078394,5.654280702834349e-05,negative_hard,10.0,1,1,1,1,1,0,1,0,0,1,2,0,0,0,1,1,0,0,0,0
sim_0041_n3_seed297,297,0.001,3,786.9,1,body_1,3.1163256233840357,1.938542682722356,8.878097123973824e-05,0.0003218038051852783,12.825618213079768,102.79890753805859,2,0.6369382270385276,4.595928447492246,-8.083296006275972,-5.0878887868130566e-06,36.80224419731281,-3.2821983472420013e-15,0.6369382270385276,1-2,17,29.199999999999932,29200,,,,,0,12.825618213079768,108.02693396209513,0.6369382270385276,4.595928447492246,5.6016851373886e-05,negative_hard,10.0,1,1,1,1,0,1,1,1,0,1,2,0,0,0,1,1,0,0,0,0
sim_0041_n3_seed297,297,0.001,3,787.0,1,body_1,3.1163256233840357,1.938542682722356,7.120712448859726e-05,0.00016920470598667312,7.85578610801351,50.686295685791045,2,0.8165209950178479,3.911124338857581,-8.083251386738226,4.321076021566632e-07,36.802244197312845,-2.3168458921708242e-15,0.8165209950178479,1-2,17,29.299999999999955,29300,,,,,0,7.85578610801351,50.20020577610838,0.8165209950178479,3.911124338857581,4.563488307502586e-05,negative_baseline,20.0,1,1,1,1,0,1,1,0,0,1,2,0,0,0,1,1,0,0,0,0
sim_0041_n3_seed297,297,0.001,3,787.4,1,body_1,3.1163256233840357,1.938542682722356,4.46209713009856e-05,2.8693827021417062e-05,2.3050077445199806,5.196566383642601,2,1.5418305093429001,2.3610884055810053,-8.083253309252743,1.942684462717272e-07,36.80224419731288,-1.3514934370996475e-15,1.5418305093429001,1-2,17,29.699999999999932,29700,,,,,0,2.3050077445199806,5.16363868289883,1.5418305093429001,2.3610884055810053,3.422350726259747e-05,negative_hard,10.0,0,0,0,1,0,1,0,0,0,1,2,0,0,0,0,0,0,0,0,0
sim_0041_n3_seed297,297,0.001,3,788.0,1,body_1,3.1163256233840357,1.938542682722356,3.7257219044805697e-05,1.409398514016691e-05,1.1532052204768284,1.0259375971288864,2,2.227858245151866,1.502018582539554,-8.083254681717849,2.4477300802752362e-08,36.80224419731286,-1.9307049101423538e-15,2.227858245151866,1-2,17,30.299999999999955,30300,,,,,0,1.1532052204768284,1.0246165077407752,2.227858245151866,1.502018582539554,3.504896370406082e-05,negative_baseline,20.0,0,0,0,0,0,0,0,0,0,1,2,0,0,0,0,0,0,0,0,0
sim_0041_n3_seed297,297,0.001,3,789.0,1,body_1,3.1163256233840357,1.938542682722356,3.6398129358944874e-05,1.4260348274105113e-05,0.8576494410551181,0.3544190077170044,2,2.5909628352665286,1.136180587911517,-8.083254839778084,4.9232674984263415e-09,36.80224419731287,-1.544563928113883e-15,2.5909628352665286,1-2,17,31.299999999999955,31300,,,,,0,0.8576494410551181,0.35409220192454643,2.5909628352665286,1.136180587911517,4.001156558650537e-05,negative_baseline,20.0,0,0,0,0,0,0,0,0,0,1,2,0,0,0,0,0,0,0,0,0
sim_0041_n3_seed297,297,0.001,3,790.0,1,body_1,3.1163256233840357,1.938542682722356,4.739536366387734e-05,3.0783423498267704e-05,1.1940665266761368,1.1435215538597694,2,2.1589644181794587,1.6343167347919798,-8.083254679951033,2.4695878102755667e-08,36.80224419731286,-1.9307049101423538e-15,2.1589644181794587,1-2,17,32.299999999999955,32300,,,,,0,1.1940665266761368,1.1397692123399634,2.1589644181794587,1.6343167347919798,4.725276571367055e-05,negative_baseline,20.0,0,0,0,0,0,0,0,0,0,1,2,0,0,0,0,0,0,0,0,0
sim_0041_n3_seed297,297,0.001,3,790.6,1,body_1,3.1163256233840357,1.938542682722356,7.336971713917105e-05,9.79932802954752e-05,2.4655375306200664,5.731866813618948,2,1.482033934801619,2.498721726172598,-8.083253752754407,1.394017285391315e-07,36.8022441973129,-7.722819640569415e-16,1.482033934801619,1-2,17,32.89999999999998,32900,,,,,0,2.4655375306200664,5.683967116106619,1.482033934801619,2.498721726172598,6.057928756097138e-05,negative_hard,10.0,0,0,0,1,1,0,0,0,0,1,2,0,0,0,1,1,0,0,0,0
sim_0041_n3_seed297,297,0.001,3,791.0,1,body_1,3.1163256233840357,1.938542682722356,0.00012169790168649196,0.00037967365577459996,7.0087234322215055,35.56966266155235,2,0.8708259912920383,3.7650630911000773,-8.083261983185139,-8.788057700778917e-07,36.80224419731288,-1.3514934370996475e-15,0.8708259912920383,1-2,17,33.299999999999955,33300,,,,,0,7.0087234322215055,35.73290503026507,0.8708259912920383,3.7650630911000773,9.516060023423333e-05,negative_baseline,20.0,1,1,1,1,1,0,1,0,0,1,2,0,0,0,1,1,0,0,0,0
sim_0041_n3_seed297,297,0.001,3,791.1,1,body_1,3.1163256233840357,1.938542682722356,0.00013905807815459993,0.0005567588345650255,9.382075842676196,53.32349131454199,2,0.7511179616949373,4.152227068133821,-8.083284280769355,-3.6372965697050385e-06,36.80224419731286,-1.9307049101423538e-15,0.7511179616949373,1-2,17,33.39999999999998,33400,,,,,0,9.382075842676196,55.26361473234864,0.7511179616949373,4.152227068133821,0.00011076810311553593,negative_hard,10.0,1,1,1,1,0,0,1,1,0,1,2,0,0,0,1,1,0,0,0,0
sim_0041_n3_seed297,297,0.001,3,791.6,1,body_1,3.1163256233840357,1.938542682722356,0.00012923056108678582,0.00030710312717024875,3.820160319631349,13.810280449452165,2,1.1645111501985546,3.0536737498567534,-8.08325334492299,1.8985558935556698e-07,36.80224419731292,-1.9307049101423537e-16,1.1645111501985546,1-2,17,33.89999999999998,33900,,,,,0,3.820160319631349,13.730333991453149,1.1645111501985546,3.0536737498567534,0.00011390583270839463,negative_hard,10.0,1,1,1,1,0,1,1,0,0,1,2,0,0,0,1,1,0,0,0,0
sim_0041_n3_seed297,297,0.001,3,792.0,1,body_1,3.1163256233840357,1.938542682722356,0.00010792211737679709,0.0001489618408543985,1.7052854187665494,3.057488709514741,2,1.734749317808558,2.140197465019183,-8.083254249141687,7.799239688745661e-08,36.802244197312966,9.653524550711769e-16,1.734749317808558,1-2,17,34.299999999999955,34300,,,,,0,1.7052854187665494,3.0480571362347053,1.734749317808558,2.140197465019183,9.378585992614029e-05,negative_baseline,20.0,0,0,0,1,0,1,0,0,0,1,2,0,0,0,1,1,0,0,0,0
sim_0041_n3_seed297,297,0.001,3,792.1,1,body_1,3.1163256233840357,1.938542682722356,0.00010442554449870635,0.00013259816357501968,1.4946012633709844,2.314424853451676,2,1.8528295280425184,1.9897854098130723,-8.083254413024424,5.7718047116716554e-08,36.80224419731299,1.544563928113883e-15,1.8528295280425184,1-2,17,34.39999999999998,34400,,,,,0,1.4946012633709844,2.308729676985331,1.8528295280425184,1.9897854098130723,9.007591495533436e-05,negative_hard,10.0,0,0,0,1,0,0,0,0,0,1,2,0,0,0,1,1,0,0,0,0
sim_0041_n3_seed297,297,0.001,3,793.0,1,body_1,3.1163256233840357,1.938542682722356,9.15367742025525e-05,8.127175245499308e-05,0.833275888730279,0.46117068343040674,2,2.5026995922502215,1.2500823220786346,-8.08325482722979,6.475648718397438e-09,36.80224419731301,2.1237754011565892e-15,2.5026995922502215,1-2,17,35.299999999999955,35300,,,,,0,0.833275888730279,0.46090065030480093,2.5026995922502215,1.2500823220786346,7.136628583463715e-05,negative_baseline,20.0,0,0,0,0,0,0,0,0,0,1,2,0,0,0,1,1,0,0,0,0
sim_0041_n3_seed297,297,0.001,3,794.0,1,body_1,3.1163256233840357,1.938542682722356,0.00011328380742990613,9.17572516519592e-05,0.8728931932099618,0.5054489519005562,2,2.4695488537640524,1.2803125311693009,-8.083254816855318,7.759101113617152e-09,36.802244197312966,9.653524550711769e-16,2.4695488537640524,1-2,17,36.299999999999955,36300,,,,,0,0.8728931932099618,0.5044884316371347,2.4695488537640524,1.2803125311693009,7.83647253815267e-05,negative_baseline,20.0,0,0,0,0,0,0,0,0,0,1,2,0,0,0,1,1,0,0,0,0
sim_0041_n3_seed297,297,0.001,3,795.0,1,body_1,3.1163256233840357,1.938542682722356,0.00020057050981736637,0.0002542836217324435,2.0534787577555327,4.137214390311288,2,1.6126413256894836,2.2974934033322576,-8.083253964160306,1.13248167608742e-07,36.80224419731301,2.1237754011565892e-15,1.6126413256894836,1-2,17,37.299999999999955,37300,,,,,0,2.0534787577555327,4.1065004332315125,1.6126413256894836,2.2974934033322576,0.0001362718073780329,negative_baseline,20.0,0,0,0,1,1,0,0,0,0,1,2,0,0,0,1,1,0,0,0,0
sim_0041_n3_seed297,297,0.001,3,795.25,1,body_1,3.1163256233840357,1.938542682722356,0.00025247897381954783,0.000456363387065535,3.449569317376201,11.109285091987417,2,1.2425039096499495,2.895861219141243,-8.083252989104832,2.3387475790066105e-07,36.80224419731301,2.1237754011565892e-15,1.2425039096499495,1-2,17,37.549999999999955,37550,,,,,0,3.449569317376201,10.982868563517522,1.2425039096499495,2.895861219141243,0.0001747159789839,negative_hard,10.0,1,1,1,1,1,0,1,0,0,1,2,0,0,0,1,1,0,0,0,0
sim_0041_n3_seed297,297,0.001,3,795.75,1,body_1,3.1163256233840357,1.938542682722356,0.0003913579231878565,0.0017489484933456794,10.954053163269306,66.69293004038184,2,0.6940048514060443,4.365007091108307,-8.083303815242942,-6.053955932571305e-06,36.802244197312994,1.7376344191281184e-15,0.6940048514060443,1-2,17,38.049999999999955,38050,,,,,0,10.954053163269306,70.79919234794542,0.6940048514060443,4.365007091108307,0.0002962346864380479,negative_hard,10.0,1,1,1,1,0,0,1,1,0,1,2,0,0,0,1,1,0,0,0,0
sim_0041_n3_seed297,297,0.001,3,796.0,1,body_1,3.1163256233840357,1.938542682722356,0.0003158960080337917,0.0008512907017254361,5.01049907695038,21.87701287923137,2,1.021965012937491,3.3615728541207446,-8.0832538191922,1.3118254045877882e-07,36.80224419731297,1.1584229460854121e-15,1.021965012937491,1-2,17,38.299999999999955,38300,,,,,0,5.01049907695038,21.771493515035033,1.021965012937491,3.3615728541207446,0.0002469330610695594,negative_baseline,20.0,1,1,1,1,0,1,1,0,0,1,2,0,0,0,1,1,0,0,0,0
sim_0041_n3_seed297,297,0.001,3,796.25,1,body_1,3.1163256233840357,1.938542682722356,0.0002573360489412042,0.00045105225015882987,2.5667388242949674,6.801436256197759,2,1.4199595029886927,2.589953555908378,-8.083253467352268,1.7470955236840247e-07,36.80224419731295,5.792114730427061e-16,1.4199595029886927,1-2,17,38.549999999999955,38550,,,,,0,2.5667388242949674,6.763579078573322,1.4199595029886927,2.589953555908378,0.00020246153002179327,negative_hard,10.0,0,0,0,1,0,1,0,0,0,1,2,0,0,0,1,1,0,0,0,0
sim_0041_n3_seed297,297,0.001,3,797.0,1,body_1,3.1163256233840357,1.938542682722356,0.00018367818588210455,0.00018634555355650048,0.9978218801864431,0.9270072071898932,2,2.254323482870517,1.5291132228536382,-8.0832547283248,1.8711436447160523e-08,36.80224419731292,-1.9307049101423537e-16,2.254323482870517,1-2,17,39.299999999999955,39300,,,,,0,0.9978218801864431,0.9260240223144464,2.254323482870517,1.5291132228536382,0.00013999848420921573,negative_baseline,20.0,0,0,0,0,0,0,0,0,0,1,2,0,0,0,1,1,0,0,0,0
sim_0041_n3_seed297,297,0.001,3,798.0,1,body_1,3.1163256233840357,1.938542682722356,0.00017633913806547628,0.00014619911810142563,0.7509223931581936,0.3297099269537608,2,2.6150470646038326,1.1338790141498252,-8.083254848677628,3.82228227090739e-09,36.802244197312845,-2.3168458921708242e-15,2.6150470646038326,1-2,17,40.299999999999955,40300,,,,,0,0.7509223931581936,0.32941273315470415,2.6150470646038326,1.1338790141498252,0.00012439646371712016,negative_baseline,20.0,0,0,0,0,0,0,0,0,0,1,2,0,0,0,1,1,0,0,0,0
sim_0041_n3_seed297,297,0.001,3,799.0,1,body_1,3.1163256233840357,1.938542682722356,0.00024802333984365397,0.00021931796406507087,1.0725948563660321,1.0165429453308947,2,2.2147152687048073,1.55922232755365,-8.083254688024347,2.3697107857145883e-08,36.80224419731284,-2.5099163831850597e-15,2.2147152687048073,1-2,17,41.299999999999955,41300,,,,,0,1.0725948563660321,1.0132908950668824,2.2147152687048073,1.55922232755365,0.0001689625863513052,negative_baseline,20.0,0,0,0,0,0,0,0,0,0,1,2,0,0,0,1,1,0,0,0,0
sim_0041_n3_seed297,297,0.001,3,799.5,1,body_1,3.1163256233840357,1.938542682722356,0.00033429145011293197,0.00040105669160293286,1.8701715517615696,3.5325645419008067,2,1.683295767000606,2.1975293313925475,-8.083254017643217,1.0663166084982584e-07,36.80224419731281,-3.2821983472420013e-15,1.683295767000606,1-2,17,41.799999999999955,41800,,,,,0,1.8701715517615696,3.507319959264849,1.683295767000606,2.1975293313925475,0.00023009922317605665,negative_hard,10.0,0,0,0,1,1,0,0,0,0,1,2,0,0,0,1,1,0,0,0,0
sim_0041_n3_seed297,297,0.001,3,800.0,1,body_1,3.1163256233840357,1.938542682722356,0.0005331692557844659,0.001563995463279246,6.668559186759812,35.0627637406723,2,0.8912993663022156,3.7010277312428537,-8.083256201577022,-1.6354833939660662e-07,36.80224419731277,-4.4406212933274135e-15,0.8912993663022156,1-2,17,42.299999999999955,42300,,,,,0,6.668559186759812,34.83110573122321,0.8912993663022156,3.7010277312428537,0.0003841312229585849,negative_hard,10.0,1,1,1,1,1,0,1,0,0,1,2,0,0,0,1,1,0,0,0,0
sim_0041_n3_seed297,297,0.001,3,800.5,1,body_1,3.1163256233840357,1.938542682722356,0.0005054312568573138,0.0015140302096126527,5.791765333537693,28.357384143932503,2,0.9522881828399712,3.533999195205117,-8.083253812434986,1.3201849250484368e-07,36.802244197312824,-2.8960573652135305e-15,0.9522881828399712,1-2,17,42.799999999999955,42800,,,,,0,5.791765333537693,28.21632444692429,0.9522881828399712,3.533999195205117,0.0003992208166790099,negative_hard,10.0,1,1,1,1,0,1,1,0,0,1,2,0,0,0,1,1,0,0,0,0
sim_0041_n3_seed297,297,0.001,3,801.0,1,body_1,3.1163256233840357,1.938542682722356,0.0003376921842533949,0.00046825773527964953,1.7156106042221713,3.171718295297053,2,1.7312555223375052,2.139800958598269,-8.083254118955534,9.409805671788761e-08,36.80224419731291,-5.792114730427061e-16,1.7312555223375052,1-2,17,43.299999999999955,43300,,,,,0,1.7156106042221713,3.160427268089694,1.7312555223375052,2.139800958598269,0.0002713321189698525,negative_hard,10.0,0,0,0,1,0,1,0,0,0,1,2,0,0,0,1,1,0,0,0,0
sim_0041_n3_seed297,297,0.001,3,802.0,1,body_1,3.1163256233840357,1.938542682722356,0.00026311930000821513,0.00022433713406363573,0.77623721808606,0.4459125940669288,2,2.544995655976406,1.2187029169584005,-8.083254825049117,6.7454253680397215e-09,36.80224419731286,-1.9307049101423538e-15,2.544995655976406,1-2,17,44.299999999999955,44300,,,,,0,0.77623721808606,0.4456671205979929,2.544995655976406,1.2187029169584005,0.00020356916745770944,negative_baseline,20.0,0,0,0,0,0,0,0,0,0,1,2,0,0,0,1,1,0,0,0,0
sim_0041_n3_seed297,297,0.001,3,803.0,1,body_1,3.1163256233840357,1.938542682722356,0.0003105372630116103,0.0002314105881692102,0.77839677865804,0.4137839487182393,2,2.565860572090142,1.186420871398825,-8.083254825259049,6.719454192966714e-09,36.80224419731292,-1.9307049101423537e-16,2.565860572090142,1-2,17,45.299999999999955,45300,,,,,0,0.77839677865804,0.41308277029107326,2.565860572090142,1.186420871398825,0.0002245016408703892,negative_baseline,20.0,0,0,0,0,0,0,0,0,0,1,2,0,0,0,1,1,0,0,0,0
sim_0041_n3_seed297,297,0.001,3,804.0,1,body_1,3.1163256233840357,1.938542682722356,0.00048391838366611045,0.0005110757457998381,1.6572625674677819,2.8276053420563905,2,1.7828134701926368,2.0656463722571767,-8.08325414536161,9.083129401625535e-08,36.80224419731283,-2.702986874199295e-15,1.7828134701926368,1-2,17,46.299999999999955,46300,,,,,0,1.6572625674677819,2.8092074372797096,1.7828134701926368,2.0656463722571767,0.00033876231677687876,negative_baseline,20.0,0,0,0,1,1,0,0,0,0,1,2,0,0,0,1,1,0,0,0,0
sim_0041_n3_seed297,297,0.001,3,804.25,1,body_1,3.1163256233840357,1.938542682722356,0.0005740405489446241,0.0008193937331725525,2.604373306104302,6.9221445379797695,2,1.4248493681283152,2.5757435886425677,-8.083253039872954,2.2759410451201866e-07,36.80224419731285,-2.1237754011565892e-15,1.4248493681283152,1-2,17,46.549999999999955,46550,,,,,0,2.604373306104302,6.845122049551225,1.4248493681283152,2.5757435886425677,0.00040489147010978904,negative_hard,10.0,0,0,0,1,1,0,0,0,0,1,2,0,0,0,1,1,0,0,0,0
sim_0041_n3_seed297,297,0.001,3,804.75,1,body_1,3.1163256233840357,1.938542682722356,0.0008991791631779976,0.004607673627665262,13.476901406028977,93.86198390111036,2,0.6262619985750919,4.6537278058944604,-8.08333263964607,-9.619896083771562e-06,36.80224419731284,-2.5099163831850597e-15,0.6262619985750919,1-2,17,47.049999999999955,47050,,,,,0,13.476901406028977,102.0924076575803,0.6262619985750919,4.6537278058944604,0.0006901920384657891,negative_hard,10.0,1,1,1,1,0,0,1,1,0,1,2,0,0,0,1,1,0,0,0,0
sim_0041_n3_seed297,297,0.001,3,805.0,1,body_1,3.1163256233840357,1.938542682722356,0.0007121601657390995,0.0026361426365466905,7.462657925173189,43.51329823413176,2,0.8400182377695526,3.8518191729853095,-8.08325688897098,-2.4858759262858175e-07,36.802244197312866,-1.7376344191281184e-15,0.8400182377695526,1-2,17,47.299999999999955,47300,,,,,0,7.462657925173189,43.52798738369826,0.8400182377695526,3.8518191729853095,0.000591915037876022,negative_baseline,20.0,1,1,1,1,0,1,1,0,0,1,2,0,0,0,1,1,0,0,0,0
sim_0041_n3_seed297,297,0.001,3,805.25,1,body_1,3.1163256233840357,1.938542682722356,0.0005330238474466966,0.0011401243867501898,3.169137047247491,10.26101249102853,2,1.2832869786824392,2.8184811346404786,-8.083252335176876,3.147738468299538e-07,36.80224419731288,-1.3514934370996475e-15,1.2832869786824392,1-2,17,47.549999999999955,47550,,,,,0,3.169137047247491,10.172245281650406,1.2832869786824392,2.8184811346404786,0.00046204238732579266,negative_hard,10.0,1,1,1,1,0,1,1,0,0,1,2,0,0,0,1,1,0,0,0,0
sim_0041_n3_seed297,297,0.001,3,806.0,1,body_1,3.1163256233840357,1.938542682722356,0.00037371750912976236,0.00038755624201246535,1.0180966811913241,1.04133506517108,2,2.2247809965092147,1.5609686929861313,-8.083254669938997,2.5934492472109583e-08,36.80224419731288,-1.3514934370996475e-15,2.2247809965092147,1-2,17,48.299999999999955,48300,,,,,0,1.0180966811913241,1.0399652019179888,2.2247809965092147,1.5609686929861313,0.00033000772052300725,negative_baseline,20.0,0,0,0,0,0,0,0,0,0,1,2,0,0,0,1,1,0,0,0,0
sim_0041_n3_seed297,297,0.001,3,807.0,1,body_1,3.1163256233840357,1.938542682722356,0.00039210845672291503,0.0002786822567756225,0.6950706419006578,0.29835802999761735,2,2.676160739778796,1.0778363573256757,-8.0832548467529,4.060395144135578e-09,36.80224419731285,-2.1237754011565892e-15,2.676160739778796,1-2,17,49.299999999999955,49300,,,,,0,0.6950706419006578,0.2981513664717088,2.676160739778796,1.0778363573256757,0.000317810619361006,negative_baseline,20.0,0,0,0,0,0,0,0,0,0,1,2,0,0,0,1,1,0,0,0,0
sim_0041_n3_seed297,297,0.001,3,808.0,1,body_1,3.1163256233840357,1.938542682722356,0.0005322763490949419,0.0003720088559170826,0.9108160637042583,0.7271836097146627,2,2.3735713521593453,1.3895091737563598,-8.083254738363038,1.7469580433180973e-08,36.80224419731282,-3.089127856227766e-15,2.3735713521593453,1-2,17,50.299999999999955,50300,,,,,0,0.9108160637042583,0.7252103006126469,2.3735713521593453,1.3895091737563598,0.00039023074523437544,negative_baseline,20.0,0,0,0,0,0,0,0,0,0,1,2,0,0,0,1,1,0,0,0,0
sim_0041_n3_seed297,297,0.001,3,808.5500000000001,1,body_1,3.1163256233840357,1.938542682722356,0.0006837471647687101,0.00063375483076261,1.5439867226704422,2.5043749658588546,2,1.8411735452745797,1.9907798148972262,-8.08325419145006,8.51295747118313e-08,36.80224419731286,-1.9307049101423538e-15,1.8411735452745797,1-2,17,50.85000000000002,50850,,,,,0,1.5439867226704422,2.488692763726873,1.8411735452745797,1.9907798148972262,0.0004850938632544298,negative_hard,10.0,0,0,0,1,1,0,0,0,0,1,2,0,0,0,1,1,0,0,0,0
sim_0041_n3_seed297,297,0.001,3,809.0,1,body_1,3.1163256233840357,1.938542682722356,0.0009197856521738827,0.0016967218598193028,4.043678720349718,15.87993061451169,2,1.1433059113346586,3.086849461354139,-8.083250927949063,4.888655752677231e-07,36.802244197312895,-9.653524550711769e-16,1.1433059113346586,1-2,17,51.299999999999955,51300,,,,,0,4.043678720349718,15.601525997814168,1.1433059113346586,3.086849461354139,0.0006588961742571223,negative_baseline,20.0,1,1,1,1,1,0,1,0,0,1,2,0,0,0,1,1,0,0,0,0
sim_0041_n3_seed297,297,0.001,3,809.0500000000001,1,body_1,3.1163256233840357,1.938542682722356,0.0009598631478306239,0.0020228485528493733,4.7954626571900825,21.436460715717093,2,1.0501020710157638,3.2912556512917694,-8.083250357398903,5.594497852804401e-07,36.80224419731289,-1.1584229460854121e-15,1.0501020710157638,1-2,17,51.35000000000002,51350,,,,,0,4.7954626571900825,21.03210828691014,1.0501020710157638,3.2912556512917694,0.000691877342254884,negative_hard,10.0,1,1,1,1,1,0,1,0,0,1,2,0,0,0,1,1,0,0,0,0
sim_0041_n3_seed297,297,0.001,3,809.5500000000001,1,body_1,3.1163256233840357,1.938542682722356,0.0008856129677529773,0.0039013185818283975,8.701680809985218,56.82710526762133,2,0.7783765604928518,4.050977715885923,-8.083259373564502,-5.559629702656713e-07,36.802244197312945,3.8614098202847074e-16,0.7783765604928518,1-2,17,51.85000000000002,51850,,,,,0,8.701680809985218,57.058494458675504,0.7783765604928518,4.050977715885923,0.000803339915117137,negative_hard,10.0,1,1,1,1,0,1,1,1,0,1,2,0,0,0,1,1,0,0,0,0
sim_0041_n3_seed297,297,0.001,3,810.0,1,body_1,3.1163256233840357,1.938542682722356,0.0005267460180188692,0.0009667664884095987,2.0921681822306937,4.822758040211557,2,1.5719270722138,2.3543124625953316,-8.08325346847474,1.74570688408511e-07,36.80224419731293,0.0,1.5719270722138,1-2,17,52.299999999999955,52300,,,,,0,2.0921681822306937,4.795113080954209,1.5719270722138,2.3543124625953316,0.0005493742615876074,negative_baseline,20.0,0,0,0,1,0,1,0,0,0,1,2,0,0,0,1,1,0,0,0,0
sim_0041_n3_seed297,297,0.001,3,810.0500000000001,1,body_1,3.1163256233840357,1.938542682722356,0.000511900769342601,0.00088325722122789,1.9027337768322106,4.017001762014097,2,1.6458817066735634,2.2507139475078053,-8.083253717622268,1.4374801471953458e-07,36.80224419731296,7.722819640569415e-16,1.6458817066735634,1-2,17,52.35000000000002,52350,,,,,0,1.9027337768322106,3.997121414257488,1.6458817066735634,2.2507139475078053,0.0005367278420907846,negative_hard,10.0,0,0,0,1,0,1,0,0,0,1,2,0,0,0,1,1,0,0,0,0
sim_0041_n3_seed297,297,0.001,3,811.0,1,body_1,3.1163256233840357,1.938542682722356,0.0004737436664374648,0.0003858293552485395,0.7588818300037998,0.49496956830858146,2,2.538948689538014,1.2312103351476202,-8.083254801350833,9.677200324656172e-09,36.802244197312916,-3.8614098202847074e-16,2.538948689538014,1-2,17,53.299999999999955,53300,,,,,0,0.7588818300037998,0.49466873121625027,2.538948689538014,1.2312103351476202,0.0004603826303625924,negative_baseline,20.0,0,0,0,0,0,0,0,0,0,1,2,0,0,0,1,1,0,0,0,0
sim_0041_n3_seed297,297,0.001,3,812.0,1,body_1,3.1163256233840357,1.938542682722356,0.0006164551284409969,0.00036687114520611455,0.681246588514977,0.3128759083917859,2,2.679589593720019,1.0747022164655844,-8.083254837144414,5.249085417308756e-09,36.80224419731291,-5.792114730427061e-16,2.679589593720019,1-2,17,54.299999999999955,54300,,,,,0,0.681246588514977,0.31245412726069977,2.679589593720019,1.0747022164655844,0.0005086676562359833,negative_baseline,20.0,0,0,0,0,0,0,0,0,0,1,2,0,0,0,1,1,0,0,0,0
sim_0041_n3_seed297,297,0.001,3,813.0,1,body_1,3.1163256233840357,1.938542682722356,0.0008997573459780718,0.0006540189767668008,1.221953012884089,1.573776877799178,2,2.050692294297788,1.7402494203655803,-8.083254458187483,5.21308103237208e-08,36.80224419731296,7.722819640569415e-16,2.050692294297788,1-2,17,55.299999999999955,55300,,,,,0,1.221953012884089,1.5663127006580282,2.050692294297788,1.7402494203655803,0.0006546815273229395,negative_baseline,20.0,0,0,0,0,0,0,0,0,0,1,2,0,0,0,1,1,0,0,0,0
sim_0041_n3_seed297,297,0.001,3,813.2,1,body_1,3.1163256233840357,1.938542682722356,0.0009905675246058908,0.0008433464583391586,1.586209470904426,2.7399622492545594,2,1.8091932491700493,2.0281476423268576,-8.083254059220073,1.0148808238354644e-07,36.80224419731292,-1.9307049101423537e-16,1.8091932491700493,1-2,17,55.5,55500,,,,,0,1.586209470904426,2.7209777425901556,1.8091932491700493,2.0281476423268576,0.0007091133504519387,negative_hard,10.0,0,0,0,1,1,0,0,0,0,1,2,0,0,0,1,1,0,0,0,0
sim_0041_n3_seed297,297,0.001,3,813.7,1,body_1,3.1163256233840357,1.938542682722356,0.0013613961229973785,0.0029798823840300036,5.5897770436542755,28.683267716173273,2,0.9721987048083283,3.4779649187139894,-8.083248641582284,7.717178190136995e-07,36.8022441973129,-7.722819640569415e-16,0.9721987048083283,1-2,17,56.0,56000,,,,,0,5.5897770436542755,28.02786821392426,0.9721987048083283,3.4779649187139894,0.000980627330458819,negative_hard,10.0,1,1,1,1,1,0,1,0,0,1,2,0,0,0,1,1,0,0,0,0
sim_0041_n3_seed297,297,0.001,3,814.0,1,body_1,3.1163256233840357,1.938542682722356,0.0014360251048582905,0.009488545259366255,17.25537561150034,137.33624513635598,2,0.5535300779299467,5.015551410749568,-8.083393821106078,-1.7188809958186592e-05,36.80224419731291,-5.792114730427061e-16,0.5535300779299467,1-2,17,56.299999999999955,56300,,,,,0,17.25537561150034,157.20018616674304,0.5535300779299467,5.015551410749568,0.0012430933571329357,negative_baseline,20.0,1,1,0,1,0,0,1,1,0,1,2,0,0,0,1,1,0,0,0,0
sim_0041_n3_seed297,297,0.001,3,814.2,1,body_1,3.1163256233840357,1.938542682722356,0.0008764487138458428,0.004028374740723826,7.304321109510098,44.96941512177407,2,0.8494691370531432,3.8197154567768963,-8.083249846646734,6.22636233939581e-07,36.80224419731304,2.8960573652135305e-15,0.8494691370531432,1-2,17,56.5,56500,,,,,0,7.304321109510098,44.41190026164923,0.8494691370531432,3.8197154567768963,0.0009810257096070879,negative_hard,10.0,1,1,1,1,0,1,1,0,0,1,2,0,0,0,1,1,0,0,0,0
sim_0041_n3_seed297,297,0.001,3,814.7,1,body_1,3.1163256233840357,1.938542682722356,0.0005006756217426342,0.0009907642724766,1.717625690614791,3.358978483581872,2,1.72592969071242,2.1402801509153773,-8.083253847967985,1.276226149412938e-07,36.802244197313115,5.019832766370119e-15,1.72592969071242,1-2,17,57.0,57000,,,,,0,1.717625690614791,3.3437327073496235,1.72592969071242,2.1402801509153773,0.000718113361196193,negative_hard,10.0,0,0,0,1,0,1,0,0,0,1,2,0,0,0,1,1,0,0,0,0
sim_0041_n3_seed297,297,0.001,3,815.0,1,body_1,3.1163256233840357,1.938542682722356,0.0005046121461006784,0.0006842619616802434,1.1356651621852913,1.4489719933937282,2,2.0948951211166165,1.7003259627136573,-8.083254502801958,4.661144017715655e-08,36.8022441973131,4.6336917843416485e-15,2.0948951211166165,1-2,17,57.299999999999955,57300,,,,,0,1.1356651621852913,1.4460187420562538,2.0948951211166165,1.7003259627136573,0.0006835942028826475,negative_baseline,20.0,0,0,0,0,0,0,0,0,0,1,2,0,0,0,1,1,0,0,0,0
sim_0041_n3_seed297,297,0.001,3,815.2,1,body_1,3.1163256233840357,1.938542682722356,0.0005314341332283727,0.0005812672328379988,0.9356542382985399,0.9434324845092347,2,2.2868758411776655,1.4945085248486016,-8.08325466461196,2.6593513704148266e-08,36.802244197313115,5.019832766370119e-15,2.2868758411776655,1-2,17,57.5,57500,,,,,0,0.9356542382985399,0.9422161392517248,2.2868758411776655,1.4945085248486016,0.0006770295473335355,negative_hard,10.0,0,0,0,0,0,0,0,0,0,1,2,0,0,0,1,1,0,0,0,0
sim_0041_n3_seed297,297,0.001,3,816.0,1,body_1,3.1163256233840357,1.938542682722356,0.0007004794034253628,0.0004375893059288397,0.6279424491394318,0.3028295830870639,2,2.712133858602077,1.0590608418931362,-8.083254837972113,5.146688695849359e-09,36.80224419731314,5.599044239412826e-15,2.712133858602077,1-2,17,58.299999999999955,58300,,,,,0,0.6279424491394318,0.3026936185601741,2.712133858602077,1.0590608418931362,0.0007103926025476788,negative_baseline,20.0,0,0,0,0,0,0,0,0,0,1,2,0,0,0,0,0,0,0,0,0
sim_0041_n3_seed297,297,0.001,3,817.0,1,body_1,3.1163256233840357,1.938542682722356,0.0009971334979505316,0.0005237172371850561,0.6968061468787338,0.4350575228932448,2,2.589158323898845,1.1790126953523543,-8.083254803037267,9.468567276632702e-09,36.80224419731319,7.143608167526709e-15,2.589158323898845,1-2,17,59.299999999999955,59300,,,,,0,0.6968061468787338,0.4341978786011245,2.589158323898845,1.1790126953523543,0.0008293683016958972,negative_baseline,20.0,0,0,0,0,0,0,0,0,0,1,2,0,0,0,0,0,0,0,0,0
sim_0041_n3_seed297,297,0.001,3,818.0,1,body_1,3.1163256233840357,1.938542682722356,0.0015322479270747098,0.001328701247415298,1.8723712058562831,4.027169321192273,2,1.6507109420673545,2.232066086596056,-8.08325356256195,1.629309206990214e-07,36.802244197313236,8.30203111361212e-15,1.6507109420673545,1-2,17,60.299999999999955,60300,,,,,0,1.8723712058562831,3.990201438378522,1.6507109420673545,2.232066086596056,0.0011023735914785348,negative_baseline,20.0,0,0,0,1,1,0,0,0,0,1,2,0,0,0,1,1,0,0,0,0
sim_0041_n3_seed297,297,0.001,3,818.15,1,body_1,3.1163256233840357,1.938542682722356,0.0016705228118853827,0.0018162617463884534,2.601642520466446,7.496734368358383,2,1.409810287888706,2.589760338032526,-8.083252342246086,3.1389929699534864e-07,36.802244197313236,8.30203111361212e-15,1.409810287888706,1-2,17,60.44999999999993,60450,,,,,0,2.601642520466446,7.394128598403937,1.409810287888706,2.589760338032526,0.0011861827553487894,negative_hard,10.0,0,0,0,1,1,0,0,0,0,1,2,0,0,0,1,1,0,0,0,0
sim_0041_n3_seed297,297,0.001,3,818.65,1,body_1,3.1163256233840357,1.938542682722356,0.0020311992734162445,0.013050592686746723,18.79688595903131,155.64591578790638,2,0.53079149602194,5.140161646407836,-8.083423168987409,-2.0819510927993478e-05,36.80224419731327,9.267383568683297e-15,0.53079149602194,1-2,17,60.94999999999993,60950,,,,,0,18.79688595903131,181.68724276078376,0.53079149602194,5.140161646407836,0.0017241863067663688,negative_hard,10.0,1,1,1,1,0,0,1,1,0,1,2,0,0,0,1,1,0,0,0,0
sim_0041_n3_seed297,297,0.001,3,819.0,1,body_1,3.1163256233840357,1.938542682722356,0.0005864256444505806,0.003055464174159978,4.442008903107344,19.347400404767505,2,1.0909801132370975,3.188728070261251,-8.083249079589395,7.175308463158088e-07,36.80224419731334,1.1198088478825652e-14,1.0909801132370975,1-2,17,61.299999999999955,61300,,,,,0,4.442008903107344,19.03343230195555,1.0909801132370975,3.188728070261251,0.0012109377676715466,negative_baseline,20.0,1,1,1,1,0,1,1,0,0,1,2,0,0,0,1,1,0,0,0,0
sim_0041_n3_seed297,297,0.001,3,819.15,1,body_1,3.1163256233840357,1.938542682722356,0.00041382511037212815,0.0019461194588589106,2.796243724296488,8.277269578229031,2,1.3714656456954877,2.648491272693598,-8.083252071714403,3.4736745882120375e-07,36.802244197313335,1.1005017987811415e-14,1.3714656456954877,1-2,17,61.44999999999993,61450,,,,,0,2.796243724296488,8.195479156902824,1.3714656456954877,2.648491272693598,0.0011243158527337914,negative_hard,10.0,0,0,1,1,0,1,0,0,0,1,2,0,0,0,1,1,0,0,0,0
sim_0041_n3_seed297,297,0.001,3,819.65,1,body_1,3.1163256233840357,1.938542682722356,0.0005351806698649604,0.0008995542006887795,1.2024603310197488,1.457578819296501,2,2.0657271482210096,1.705353240626974,-8.083254471153289,5.052677749293253e-08,36.80224419731332,1.0618877005782945e-14,2.0657271482210096,1-2,17,61.94999999999993,61950,,,,,0,1.2024603310197488,1.4542104508453901,2.0657271482210096,1.705353240626974,0.001058641978603258,negative_hard,10.0,0,0,0,0,0,0,0,0,0,1,2,0,0,0,0,0,0,0,0,0
sim_0041_n3_seed297,297,0.001,3,820.0,1,body_1,3.1163256233840357,1.938542682722356,0.0007080580676178436,0.0006972939743084395,0.8980223285449679,0.6662531835091531,2,2.3747272799946955,1.3693248524368695,-8.083254726782405,1.89022500091994e-08,36.80224419731337,1.1970370442882594e-14,2.3747272799946955,1-2,17,62.299999999999955,62300,,,,,0,0.8980223285449679,0.6655111298883275,2.3747272799946955,1.3693248524368695,0.0010820591236753512,negative_baseline,20.0,0,0,0,0,0,0,0,0,0,1,2,0,0,0,0,0,0,0,0,0
sim_0041_n3_seed297,297,0.001,3,821.0,1,body_1,3.1163256233840357,1.938542682722356,0.0011203390382907533,0.0005171441434384844,0.7157491922844776,0.2547068047365448,2,2.6643186776468393,1.1165938272170082,-8.083254846460317,4.09659142142444e-09,36.80224419731338,1.2163440933896829e-14,2.6643186776468393,1-2,17,63.299999999999955,63300,,,,,0,0.7157491922844776,0.25437213873036113,2.6643186776468393,1.1165938272170082,0.0012296784855192577,negative_baseline,20.0,0,0,0,0,0,0,0,0,0,1,2,0,0,0,0,0,0,0,0,0
sim_0041_n3_seed297,297,0.001,3,822.0,1,body_1,3.1163256233840357,1.938542682722356,0.0014464138515087026,0.0005609154318374499,1.0146944300377732,1.037406739585299,2,2.1868033658909596,1.7169621003944788,-8.083254732519853,1.8192455757300988e-08,36.80224419731331,1.0232736023754475e-14,2.1868033658909596,1-2,17,64.29999999999995,64300,,,,,0,1.0146944300377732,1.034542440779703,2.1868033658909596,1.7169621003944788,0.0013956660221537578,negative_baseline,20.0,0,0,0,0,0,0,0,0,0,1,2,0,0,0,0,0,0,0,0,0
sim_0041_n3_seed297,297,0.001,3,822.5500000000001,1,body_1,3.1163256233840357,1.938542682722356,0.0015992776158642423,0.0008738464610460331,1.7305155099627518,3.7996524259092648,2,1.6128628977882389,2.438172701120134,-8.083254685492907,2.4010278725102588e-08,36.80224419731327,9.267383568683297e-15,1.6128628977882389,1-2,17,64.85000000000002,64850,,,,,0,1.7305155099627518,3.783028855097982,1.6128628977882389,2.438172701120134,0.0014676917654500468,negative_hard,10.0,0,0,0,1,1,0,0,0,0,1,2,0,0,0,0,0,0,0,0,0
sim_0041_n3_seed297,297,0.001,3,823.0,1,body_1,3.1163256233840357,1.938542682722356,0.0017042691403654291,0.0019121858463705568,3.867603238032133,14.222290155273434,2,1.10035719239316,3.2829137189963458,-8.083260034984438,-6.377889111229361e-07,36.802244197313236,8.30203111361212e-15,1.10035719239316,1-2,17,65.29999999999995,65300,,,,,0,3.867603238032133,14.319197203658586,1.10035719239316,3.2829137189963458,0.001510938201918833,negative_baseline,20.0,1,1,1,1,0,0,1,0,0,1,2,0,0,0,0,0,0,0,0,0
sim_0041_n3_seed297,297,0.001,3,823.0500000000001,1,body_1,3.1163256233840357,1.938542682722356,0.0017088115655404623,0.002102305972148177,4.234250646245961,15.841555612725536,2,1.0592472302277176,3.3660592077952027,-8.083261802580925,-8.564627638333583e-07,36.80224419731321,7.52974914955518e-15,1.0592472302277176,1-2,17,65.35000000000002,65350,,,,,0,4.234250646245961,16.00184124580193,1.0592472302277176,3.3660592077952027,0.0015150031919270715,negative_hard,10.0,1,1,1,1,0,0,1,0,0,1,2,0,0,0,0,0,0,0,0,0
sim_0041_n3_seed297,297,0.001,3,823.5500000000001,1,body_1,3.1163256233840357,1.938542682722356,0.0014883892805054612,0.0027299638597400133,4.35212984417983,13.12026873153032,2,1.1187952335849989,3.1830966409700245,-8.08325895049975,-5.036245549200648e-07,36.80224419731312,5.212903257384355e-15,1.1187952335849989,1-2,17,65.85000000000002,65850,,,,,0,4.35212984417983,13.209382026540945,1.1187952335849989,3.1830966409700245,0.0015366887454965196,negative_hard,10.0,1,1,0,1,0,0,1,0,0,1,2,0,0,0,0,0,0,0,0,0
sim_0041_n3_seed297,297,0.001,3,824.0,1,body_1,3.1163256233840357,1.938542682722356,0.0012745929006057763,0.0016128281884032207,2.381038636946751,4.380934027261036,2,1.5767932416167838,2.4897606466678766,-8.083255237869576,-4.432564251939466e-08,36.80224419731312,5.212903257384355e-15,1.5767932416167838,1-2,17,66.29999999999995,66300,,,,,0,2.381038636946751,4.3786976235712345,1.5767932416167838,2.4897606466678766,0.0015541866410687022,negative_baseline,20.0,0,0,0,1,0,0,0,0,0,1,2,0,0,0,0,0,0,0,0,0
sim_0041_n3_seed297,297,0.001,3,824.0500000000001,1,body_1,3.1163256233840357,1.938542682722356,0.001264251529607019,0.0015020767959958506,2.2456691564013886,3.926189890197727,2,1.6299645036556702,2.4338849250671366,-8.083255206393584,-4.043166762192342e-08,36.802244197313115,5.019832766370119e-15,1.6299645036556702,1-2,17,66.35000000000002,66350,,,,,0,2.2456691564013886,3.9240000256504466,1.6299645036556702,2.4338849250671366,0.0015550637214925027,negative_hard,10.0,0,0,0,1,0,0,0,0,0,1,2,0,0,0,0,0,0,0,0,0
sim_0041_n3_seed297,297,0.001,3,825.0,1,body_1,3.1163256233840357,1.938542682722356,0.00121913606599538,0.00026230075465213335,0.9911297691367771,0.910406705410586,2,2.6033503391072994,1.884203778797786,-8.083255143235093,-3.261817012483814e-08,36.802244197313236,8.30203111361212e-15,2.6033503391072994,1-2,17,67.29999999999995,67300,,,,,0,0.9911297691367771,0.910408528070886,2.6033503391072994,1.884203778797786,0.0014373043682674586,negative_baseline,20.0,0,0,0,0,0,0,0,0,0,1,2,0,0,0,0,0,0,0,0,0
sim_0041_n3_seed297,297,0.001,3,826.0,1,body_1,3.1163256233840357,1.938542682722356,0.0015048843353424764,0.0008104237890958062,0.561097341862687,0.3675124128175734,2,3.6393425621398574,1.77845288451376,-8.083254991425685,-1.3837442562365132e-08,36.80224419731327,9.267383568683297e-15,3.08309597382606,0-2,17,68.29999999999995,68300,,,,,0,0.561097341862687,0.36756092369577004,3.6393425621398574,1.77845288451376,0.001565215665120238,negative_baseline,20.0,0,0,0,0,0,0,0,0,0,1,2,0,0,0,0,0,0,1,0,0
sim_0041_n3_seed297,297,0.001,3,827.0,1,body_1,3.1163256233840357,1.938542682722356,0.002457138687092644,0.001288020716079084,0.36297136890754744,0.18820830742771044,2,4.766622953495468,1.8948761249431771,-8.083254943592474,-7.919874468524979e-09,36.80224419731328,9.460454059697534e-15,3.1558594174394035,0-2,17,69.29999999999995,69300,,,,,0,0.36297136890754744,0.18823765012792906,4.766622953495468,1.8948761249431771,0.0027681899305416133,negative_baseline,20.0,0,0,0,0,0,1,0,0,0,0,-1,0,0,0,0,0,0,1,0,0
sim_0041_n3_seed297,297,0.001,3,828.0,1,body_1,3.1163256233840357,1.938542682722356,0.003856968460496999,0.0015819551909426123,0.2562571010912015,0.10679132920627644,2,6.057861229044217,2.1582362535322037,-8.0832549423824,-7.770173161693436e-09,36.80224419731332,1.0618877005782945e-14,2.9734243490948016,0-2,17,70.29999999999995,70300,,,,,0,0.2562571010912015,0.10680996385276312,6.057861229044217,2.1582362535322037,0.004527876996316125,negative_baseline,20.0,0,0,0,0,0,1,0,0,0,0,-1,0,0,0,0,0,0,1,0,0
sim_0041_n3_seed297,297,0.001,3,828.5,1,body_1,3.1163256233840357,1.938542682722356,0.004645977952426112,0.0016628244568013242,0.2222415375067712,0.080930090482326,2,6.781438074778725,2.3379828500693787,-8.083254964721691,-1.053382365131664e-08,36.8022441973133,1.0039665532740239e-14,2.7678490465093804,0-2,17,70.79999999999995,70800,,,,,0,0.2222415375067712,0.08094610026090746,6.781438074778725,2.3379828500693787,0.005439634344691575,negative_hard,8.0,0,0,0,0,0,1,0,0,0,0,-1,0,0,0,0,0,0,1,0,0
sim_0041_n3_seed297,297,0.001,3,828.9,1,body_1,3.1163256233840357,1.938542682722356,0.005298175066355063,0.0016958073649853175,0.20169947527211207,0.06403134103881208,2,7.3953832103985215,2.501980947262289,-8.083255023830546,-1.7846330256681055e-08,36.80224419731333,1.081194749679718e-14,2.551989254673889,0-2,17,71.19999999999993,71200,,,,,0,0.20169947527211207,0.06404582709861892,7.3953832103985215,2.501980947262289,0.006113036467903689,negative_hard,8.0,0,0,0,0,0,1,0,0,0,0,-1,0,0,0,0,0,0,1,0,0
sim_0041_n3_seed297,297,0.001,3,829.0,1,body_1,3.1163256233840357,1.938542682722356,0.005462688276182014,0.0016996791186523865,0.19735305974667322,0.06019881466606735,0,7.490624778354957,1.0646353948005483,-8.083255051688575,-2.1292717780980666e-08,36.802244197313335,1.1005017987811415e-14,2.492091522945827,0-2,17,71.29999999999995,71300,,,,,0,0.19735305974667322,0.06021281148795515,7.490624778354957,1.0646353948005483,0.006265423213774152,negative_baseline,20.0,0,0,0,0,0,0,0,0,0,0,-1,0,0,0,0,0,0,1,0,0
sim_0041_n3_seed297,297,0.001,3,829.3000000000001,1,body_1,3.1163256233840357,1.938542682722356,0.0059570240273689136,0.0017010878231245327,0.18593707383035218,0.049542123603155575,0,7.546674215474771,0.8031526691853919,-8.083255199111868,-3.953082796369896e-08,36.8022441973133,1.0039665532740239e-14,2.3028998183309004,0-2,17,71.60000000000002,71600,,,,,0,0.18593707383035218,0.04955343634836103,7.546674215474771,0.8031526691853919,0.006660684472524437,negative_hard,8.0,0,0,0,0,0,0,0,0,0,0,-1,0,0,0,0,0,0,1,0,0
sim_0041_n3_seed297,297,0.001,3,829.7,1,body_1,3.1163256233840357,1.938542682722356,0.0066119144588274595,0.0016813045805994277,0.17367545450807587,0.037810319394094884,0,7.61358947596695,0.43357245213447115,-8.083255687535235,-9.995492380195196e-08,36.802244197313364,1.1777299951868357e-14,2.0486623496982617,0-2,17,72.0,72000,,,,,0,0.17367545450807587,0.03781093121346591,7.61358947596695,0.43357245213447115,0.006964350879937923,negative_hard,8.0,0,0,0,0,0,0,0,0,0,0,-1,0,0,0,1,0,0,1,0,0
sim_0041_n3_seed297,297,0.001,3,830.0,1,body_1,3.1163256233840357,1.938542682722356,0.007094869054190886,0.0016548222405114472,0.1656054365315169,0.032574954071655615,0,7.692930734398347,0.3779736511811118,-8.083256396040731,-1.876059389691451e-07,36.80224419731343,1.3514934370996475e-14,1.886550142471355,0-2,17,72.29999999999995,72300,,,,,0,0.1656054365315169,0.03256210333325039,7.692930734398347,0.3779736511811118,0.0069388994399533915,negative_baseline,20.0,0,0,0,0,0,0,0,0,0,0,-1,0,0,0,1,0,0,1,0,0
sim_0041_n3_seed297,297,0.001,3,830.1,1,body_1,3.1163256233840357,1.938542682722356,0.007253722325460726,0.0016449978525846466,0.1629174619889223,0.03189807802474039,0,7.732858611128837,0.4611224303360364,-8.083256674476747,-2.2205196593790864e-07,36.80224419731342,1.332186387998224e-14,1.844240487318674,0-2,17,72.39999999999998,72400,,,,,0,0.1629174619889223,0.03188260219813722,7.732858611128837,0.4611224303360364,0.006873163759047617,negative_hard,8.0,0,0,0,0,0,0,0,0,0,0,-1,0,0,0,1,0,0,1,0,0
sim_0041_n3_seed297,297,0.001,3,830.5,1,body_1,3.1163256233840357,1.938542682722356,0.007877524857852918,0.001608137770461982,0.1513124326573692,0.033658044314329456,0,8.001678353780395,0.9801494456798299,-8.0832573449946,-3.050034332349439e-07,36.80224419731345,1.4094145844039182e-14,1.7654205989869693,0-2,17,72.79999999999995,72800,,,,,0,0.1513124326573692,0.033658116622693864,8.001678353780395,0.9801494456798299,0.006388078621050671,negative_hard,8.0,0,0,0,0,0,0,0,0,0,0,-1,0,0,0,1,0,0,1,0,0
sim_0041_n3_seed297,297,0.001,3,830.9,1,body_1,3.1163256233840357,1.938542682722356,0.008484309736363237,0.0015816565076903065,0.13853211571880394,0.034907082092576314,0,8.470350150859137,1.4583716143120375,-8.083256613439794,-2.1450092935935675e-07,36.80224419731352,1.6024850754181537e-14,1.8515927355332866,0-2,17,73.19999999999993,73200,,,,,0,0.13853211571880394,0.03492387180632971,8.470350150859137,1.4583716143120375,0.005916929791002129,negative_hard,8.0,0,0,0,0,0,0,0,0,0,0,-1,0,0,0,1,0,0,1,0,0
sim_0041_n3_seed297,297,0.001,3,831.0,1,body_1,3.1163256233840357,1.938542682722356,0.008633765186119264,0.0015763442063700857,0.1353964032282353,0.03437635991117284,0,8.613315440689421,1.5501970256819204,-8.083256336925409,-1.8029263222629293e-07,36.8022441973135,1.544563928113883e-14,1.8951494194512062,0-2,17,73.29999999999995,73300,,,,,0,0.1353964032282353,0.03439288272581219,8.613315440689421,1.5501970256819204,0.005857975689163302,negative_baseline,20.0,0,0,0,0,0,0,0,0,0,0,-1,0,0,0,1,0,0,1,0,0
sim_0041_n3_seed297,297,0.001,3,831.3000000000001,1,body_1,3.1163256233840357,1.938542682722356,0.00907742526163461,0.001561412079722378,0.1266954073974898,0.031238568083841255,0,9.078567382882735,1.756221542899978,-8.083255652309248,-9.55970273870657e-08,36.80224419731349,1.5252568790124594e-14,2.0593989546244824,0-2,17,73.60000000000002,73600,,,,,0,0.1266954073974898,0.031250061038605545,9.078567382882735,1.756221542899978,0.005842473038993699,negative_hard,8.0,0,0,0,0,0,0,0,0,0,0,-1,0,0,0,1,0,0,1,0,0
sim_0041_n3_seed297,297,0.001,3,831.7,1,body_1,3.1163256233840357,1.938542682722356,0.009658531012090067,0.0015407234892368838,0.11724934599673797,0.025678610061694748,0,9.731268607203292,1.902968516072323,-8.083255190224467,-3.8431344999257816e-08,36.802244197313485,1.505949829911036e-14,2.3143003098619754,0-2,17,74.0,74000,,,,,0,0.11724934599673797,0.02568423539124679,9.731268607203292,1.902968516072323,0.006071583288404305,negative_hard,8.0,0,0,0,0,0,0,0,0,0,0,-1,0,0,0,1,0,0,1,0,0
sim_0041_n3_seed297,297,0.001,3,832.0,1,body_1,3.1163256233840357,1.938542682722356,0.010086501192817565,0.0015234922413890522,0.11172197151235534,0.02175292739079548,2,9.821402212029906,1.1306568878231193,-8.08325505124489,-2.1237828481174985e-08,36.80224419731355,1.6797132718238477e-14,2.5040428822466687,0-2,17,74.29999999999995,74300,,,,,0,0.11172197151235534,0.021756384499294183,9.821402212029906,1.1306568878231193,0.006315504409584155,negative_baseline,20.0,0,0,0,0,0,0,0,0,0,1,2,0,0,0,1,0,0,0,0,0
sim_0041_n3_seed297,297,0.001,3,832.1,1,body_1,3.1163256233840357,1.938542682722356,0.01022761667155971,0.001517400940692135,0.11012736047367652,0.020567042515517973,2,9.809513244278532,1.0406156775441597,-8.083255024897625,-1.797834129500749e-08,36.802244197313556,1.6990203209252714e-14,2.5643398891644025,0-2,17,74.39999999999998,74400,,,,,0,0.11012736047367652,0.020570032683007677,9.809513244278532,1.0406156775441597,0.00640021238069447,negative_hard,8.0,0,0,0,0,0,0,0,0,0,1,2,0,0,0,1,0,0,0,0,0
sim_0041_n3_seed297,297,0.001,3,832.5,1,body_1,3.1163256233840357,1.938542682722356,0.01078408467120936,0.0014914558593915454,0.10470726402295519,0.016504204880807314,2,9.770253438228904,0.718108726710224,-8.08325496856705,-1.100954285646313e-08,36.802244197313556,1.6990203209252714e-14,2.783489793016786,0-2,17,74.79999999999995,74800,,,,,0,0.10470726402295519,0.016505933358435136,9.770253438228904,0.718108726710224,0.006737647805748746,negative_hard,8.0,0,0,0,0,0,0,0,0,0,1,2,0,0,0,1,0,0,0,0,0
sim_0041_n3_seed297,297,0.001,3,832.9,1,body_1,3.1163256233840357,1.938542682722356,0.011327230852615253,0.0014633702647136545,0.10037378447310574,0.013488390087862519,2,9.756023135678301,0.45300410343288183,-8.083254948758858,-8.559021041333941e-09,36.80224419731357,1.7376344191281184e-14,2.9605094237055747,0-2,17,75.19999999999993,75200,,,,,0,0.10037378447310574,0.013489248221097665,9.756023135678301,0.45300410343288183,0.007069078590415483,negative_hard,8.0,0,0,0,0,0,0,0,0,0,1,2,0,0,0,0,0,0,0,0,0
sim_0041_n3_seed297,297,0.001,3,833.0,1,body_1,3.1163256233840357,1.938542682722356,0.011460855485476776,0.0014560817526661086,0.09940114087227087,0.012887538574583314,2,9.757777239687254,0.39680465951308996,-8.083254946233858,-8.246646794743108e-09,36.802244197313534,1.6410991736210007e-14,2.997595691145695,0-2,17,75.29999999999995,75300,,,,,0,0.09940114087227087,0.012888200028650215,9.757777239687254,0.39680465951308996,0.007152135336682397,negative_baseline,20.0,0,0,0,0,0,0,0,0,0,1,2,0,0,0,0,0,0,0,0,0
sim_0041_n3_seed297,297,0.001,3,833.3000000000001,1,body_1,3.1163256233840357,1.938542682722356,0.011856384443797566,0.0014337436506311517,0.09664980135275275,0.011432482718422858,2,9.77814681076076,0.2662564304427236,-8.083254941577712,-7.67062318041982e-09,36.80224419731352,1.6024850754181537e-14,3.0911349952839533,0-2,17,75.60000000000002,75600,,,,,0,0.09664980135275275,0.01143259267506701,9.77814681076076,0.2662564304427236,0.0074057402527574635,negative_hard,8.0,0,0,0,0,0,0,0,0,0,1,2,0,0,0,0,0,0,0,0,0
sim_0041_n3_seed297,297,0.001,3,833.7,1,body_1,3.1163256233840357,1.938542682722356,0.012370982873094589,0.0014033375305212282,0.09319307724340033,0.010251198097670226,2,9.845389322011902,0.2539977185263038,-8.083254939195172,-7.375873055291024e-09,36.802244197313485,1.505949829911036e-14,3.1741554728421306,0-2,17,76.0,76000,,,,,0,0.09319307724340033,0.010250727298526446,9.845389322011902,0.2539977185263038,0.007762967286901111,negative_hard,8.0,0,0,0,0,0,0,0,0,0,1,2,0,0,0,0,0,0,0,0,0
sim_0041_n3_seed297,297,0.001,3,834.0,1,body_1,3.1163256233840357,1.938542682722356,0.01274715006835223,0.0013806006894352101,0.0906338867945168,0.009857356154071522,2,9.930153164853529,0.3562084086251026,-8.083254938920751,-7.341923799647955e-09,36.802244197313506,1.5638709772153064e-14,3.2051705932261356,0-2,17,76.29999999999995,76300,,,,,0,0.0906338867945168,0.009856651084237176,9.930153164853529,0.3562084086251026,0.00805163203225718,negative_baseline,20.0,0,0,0,0,0,0,0,0,0,1,2,0,0,0,0,0,0,0,0,0
sim_0041_n3_seed297,297,0.001,3,834.1,1,body_1,3.1163256233840357,1.938542682722356,0.012870661378768614,0.001373127232128834,0.08977367419656287,0.009802088563192925,2,9.965577140624793,0.398882123779626,-8.083254939031654,-7.355643927023193e-09,36.80224419731348,1.4866427808096124e-14,3.2095879899604594,0-2,17,76.39999999999998,76400,,,,,0,0.08977367419656287,0.009801353416993513,9.965577140624793,0.398882123779626,0.008152446989787728,negative_hard,8.0,0,0,0,0,0,0,0,0,0,1,2,0,0,0,0,0,0,0,0,0
sim_0041_n3_seed297,297,0.001,3,834.5,1,body_1,3.1163256233840357,1.938542682722356,0.013355356483488711,0.001344254268106822,0.08625760070419397,0.00984636290228082,2,10.146206027532736,0.584890538497727,-8.083254940422933,-7.52776248872669e-09,36.80224419731348,1.4866427808096124e-14,3.197865464898786,0-2,17,76.79999999999995,76800,,,,,0,0.08625760070419397,0.009845748954649845,10.146206027532736,0.584890538497727,0.00857988272679202,negative_hard,8.0,0,0,0,0,0,0,0,0,0,1,2,0,0,0,0,0,0,0,0,0
sim_0041_n3_seed297,297,0.001,3,834.9,1,body_1,3.1163256233840357,1.938542682722356,0.013825394233153217,0.0013178571372871528,0.08259712945497465,0.010100291933314508,2,10.39453735891194,0.7821680282202055,-8.083254943763272,-7.941004383269691e-09,36.80224419731355,1.6797132718238477e-14,3.139548653789003,0-2,17,77.19999999999993,77200,,,,,0,0.08259712945497465,0.010100121235426326,10.39453735891194,0.7821680282202055,0.009044566469071279,negative_hard,8.0,0,0,0,0,0,0,0,0,0,1,2,0,0,0,0,0,0,0,0,0
sim_0041_n3_seed297,297,0.001,3,835.0,1,body_1,3.1163256233840357,1.938542682722356,0.013940692448116384,0.001311756780343752,0.08166148464671735,0.010165488215025586,2,10.46801209282185,0.8327433211947572,-8.083254945062096,-8.101685220220267e-09,36.80224419731351,1.58317802631673e-14,3.1177691170129904,0-2,17,77.29999999999995,77300,,,,,0,0.08166148464671735,0.010165465090422206,10.46801209282185,0.8327433211947572,0.009165864605177917,negative_baseline,20.0,0,0,0,0,0,0,0,0,0,1,2,0,0,0,1,0,0,0,0,0
sim_0041_n3_seed297,297,0.001,3,835.3000000000001,1,body_1,3.1163256233840357,1.938542682722356,0.014281525999774985,0.0012948045259218103,0.07882349492775696,0.010310113373747829,2,10.717371468854157,0.9878750405685962,-8.083254950794638,-8.810872501577294e-09,36.802244197313506,1.5638709772153064e-14,3.035396877697882,0-2,17,77.60000000000002,77600,,,,,0,0.07882349492775696,0.010310593789173879,10.717371468854157,0.9878750405685962,0.009539341969033761,negative_hard,8.0,0,0,0,0,0,0,0,0,0,1,2,0,0,0,1,0,0,0,0,0
sim_0041_n3_seed297,297,0.001,3,835.6,1,body_1,3.1163256233840357,1.938542682722356,0.014615167148617778,0.0012799199762233485,0.07597789604554123,0.010320654360312815,2,11.01192214456795,1.1492043034004706,-8.083254961143055,-1.0091101492053685e-08,36.802244197313534,1.6410991736210007e-14,2.928008879887794,0-2,17,77.89999999999998,77900,,,,,0,0.07597789604554123,0.010321702276324875,11.01192214456795,1.1492043034004706,0.009921927564786917,negative_pre_failure,1.0,0,0,0,0,0,0,0,0,0,1,2,0,0,0,1,0,0,0,0,0
sim_0041_n3_seed297,297,0.001,3,835.65,1,body_1,3.1163256233840357,1.938542682722356,0.014670114187610547,0.0012776329415323244,0.07550724557334096,0.010304997959705457,2,11.065540075285826,1.1768059207208041,-8.08325496358209,-1.0392840788470775e-08,36.80224419731351,1.58317802631673e-14,2.9077491883672377,0-2,17,77.94999999999993,77950,,,,,0,0.07550724557334096,0.010306144780247327,11.065540075285826,1.1768059207208041,0.009985979228772375,negative_pre_failure,1.0,0,0,0,0,0,0,0,0,0,1,2,0,0,0,1,0,0,0,0,0
sim_0041_n3_seed297,297,0.001,3,835.7,1,body_1,3.1163256233840357,1.938542682722356,0.014724880003529058,0.0012753979728468991,0.07503851978224667,0.010265646237302301,2,11.12046806360412,1.2046310001858191,-8.083254966295689,-1.072854692114039e-08,36.8022441973135,1.544563928113883e-14,2.8868322389951486,0-2,18,0.0,0,0.010049984480581559,78.0,0.014724880003529058,0.0012753979728468991,1,0.07503851978224667,0.010284966136426009,11.12046806360412,1.2046310001858191,0.010049984480581559,correction,1.0,0,0,0,0,0,0,0,0,0,1,2,0,0,0,1,0,0,0,0,0
sim_0041_n3_seed297,297,0.001,3,836.0,1,body_1,3.1163256233840357,1.938542682722356,5.116429611576027e-10,3.1343180267256594e-11,0.07234728989785992,0.010033779008342885,2,11.468245108910871,1.3725578238275806,-8.083254903380585,-2.945159514108742e-09,36.80224419731292,-1.9307049101423537e-16,2.752106753637021,0-2,18,0.2999999999999545,300,,,,,0,0.07234728989785992,0.010035622761543316,11.468245108910871,1.3725578238275806,1.987990599592576e-08,negative_baseline,20.0,0,0,0,0,0,1,0,0,0,0,-1,0,0,0,1,0,0,0,0,0
sim_0041_n3_seed297,297,0.001,3,837.0,1,body_1,3.1163256233840357,1.938542682722356,2.0964464977040323e-09,2.378147726011076e-10,0.06489445766477184,0.00732300939274781,2,12.969745603366215,2.002117989595215,-8.083255354933442,-5.880791085069513e-08,36.802244197313044,3.089127856227766e-15,2.1732732829989456,0-2,18,1.2999999999999545,1300,,,,,0,0.06489445766477184,0.007326314177674068,12.969745603366215,2.002117989595215,1.2025820395808223e-07,negative_baseline,20.0,0,0,0,0,0,1,0,0,0,0,-1,0,0,0,1,0,0,0,0,0
sim_0041_n3_seed297,297,0.001,3,837.9,1,body_1,3.1163256233840357,1.938542682722356,3.1474101767907704e-09,3.180405691529748e-10,0.06160679193551983,0.003856771664242235,0,12.933734597390929,0.4956414936592141,-8.0832569607269,-2.574646996367604e-07,36.80224419731308,4.054480311298943e-15,1.8091552062695349,0-2,18,2.199999999999932,2200,,,,,0,0.06160679193551983,0.0038530864440998753,12.933734597390929,0.4956414936592141,3.954712392370364e-07,negative_hard,10.0,0,0,0,0,0,0,0,0,0,0,-1,0,0,0,1,0,0,0,1,0
sim_0041_n3_seed297,297,0.001,3,838.0,1,body_1,3.1163256233840357,1.938542682722356,3.2400774240732763e-09,3.050600505896954e-10,0.06131880640203995,0.0038042592916568913,0,12.917052318031104,0.5404340793626438,-8.083256989084664,-2.6097291069274945e-07,36.80224419731312,5.212903257384355e-15,1.8060521944064085,0-2,18,2.2999999999999545,2300,,,,,0,0.06131880640203995,0.0038000151955851153,12.917052318031104,0.5404340793626438,4.466024730600553e-07,negative_baseline,20.0,0,0,0,0,0,0,0,0,0,0,-1,0,0,0,1,0,0,0,1,0
sim_0041_n3_seed297,297,0.001,3,839.0,1,body_1,3.1163256233840357,1.938542682722356,4.4488164633078836e-09,1.2045582167337894e-09,0.057088515011928784,0.0055819660711304555,0,13.465678205599561,1.1566533474299154,-8.083255311806028,-5.347250881636375e-08,36.80224419731318,6.757467185498238e-15,2.1976439825244083,0-2,18,3.2999999999999545,3300,,,,,0,0.057088515011928784,0.005584047341036025,13.465678205599561,1.1566533474299154,1.0933912991039804e-06,negative_baseline,20.0,0,0,0,0,0,0,0,0,0,0,-1,0,0,0,1,0,0,0,1,0
sim_0041_n3_seed297,297,0.001,3,840.0,1,body_1,3.1163256233840357,1.938542682722356,7.175726064477851e-09,2.5996925524465866e-09,0.0530693609464851,0.004369046112095935,2,14.477085771487747,0.9871919336973105,-8.083254894776516,-1.8807283292810347e-09,36.80224419731331,1.0232736023754475e-14,2.7749794590509698,0-2,18,4.2999999999999545,4300,,,,,0,0.0530693609464851,0.004370020495575922,14.477085771487747,0.9871919336973105,1.6323042861352651e-06,negative_baseline,20.0,0,0,0,0,0,0,0,0,0,1,2,0,0,0,1,0,0,0,0,0
sim_0041_n3_seed297,297,0.001,3,841.0,1,body_1,3.1163256233840357,1.938542682722356,1.0217939628460357e-08,3.004475029931862e-09,0.05103968107723045,0.002828717025586717,2,14.017211855910412,0.4472733921318812,-8.083254856983679,2.794719601922529e-09,36.80224419731327,9.267383568683297e-15,3.123209586209683,0-2,18,5.2999999999999545,5300,,,,,0,0.05103968107723045,0.0028291014828215615,14.017211855910412,0.4472733921318812,1.9071561336456618e-06,negative_baseline,20.0,0,0,0,0,0,0,0,0,0,1,2,0,0,0,1,0,0,0,0,0
sim_0041_n3_seed297,297,0.001,3,842.0,1,body_1,3.1163256233840357,1.938542682722356,1.188199820125386e-08,4.3880900222643726e-09,0.04986507945783198,0.0019971653165853625,2,13.782072768358098,0.26927467329775107,-8.083254857158003,2.7731534683057493e-09,36.80224419731317,6.564396694484003e-15,3.1728091906841223,0-2,18,6.2999999999999545,6300,,,,,0,0.04986507945783198,0.001996797187474131,13.782072768358098,0.26927467329775107,1.9267029206533323e-06,negative_baseline,20.0,0,0,0,0,0,0,0,0,0,1,2,0,0,0,1,0,0,0,0,0
sim_0041_n3_seed297,297,0.001,3,843.0,1,body_1,3.1163256233840357,1.938542682722356,1.2498127633000726e-08,5.208810726190398e-09,0.0482291703200378,0.0025130951697380577,2,13.982901620500087,0.6799474238986709,-8.08325488001164,-5.412805941633867e-11,36.802244197313335,1.1005017987811415e-14,2.9261729470515094,0-2,18,7.2999999999999545,7300,,,,,0,0.0482291703200378,0.002512578531911091,13.982901620500087,0.6799474238986709,1.7083881941712353e-06,negative_baseline,20.0,0,0,0,0,0,0,0,0,0,1,2,0,0,0,1,0,0,0,0,0
sim_0041_n3_seed297,297,0.001,3,844.0,1,body_1,3.1163256233840357,1.938542682722356,1.3104613195799988e-08,4.145218717189362e-09,0.045759102874881,0.003171543311875537,2,14.81502695027204,1.2637743541556465,-8.083255058490256,-2.2134171019501206e-08,36.80224419731337,1.1970370442882594e-14,2.4245954945834414,0-2,18,8.299999999999955,8300,,,,,0,0.045759102874881,0.0031724987644637936,14.81502695027204,1.2637743541556465,1.3065807652486265e-06,negative_baseline,20.0,0,0,0,0,0,0,0,0,0,0,-1,0,0,0,1,0,0,0,1,0
sim_0041_n3_seed297,297,0.001,3,845.0,1,body_1,3.1163256233840357,1.938542682722356,1.4246966340459345e-08,3.3156328857357536e-09,0.04399221540822261,0.0022217434470447103,0,15.834926806945655,0.9772663368856053,-8.083256371742051,-1.8459988747589033e-07,36.80224419731336,1.1584229460854122e-14,1.8977148208845434,0-2,18,9.299999999999955,9300,,,,,0,0.04399221540822261,0.002223307079442127,15.834926806945655,0.9772663368856053,1.0702379060065683e-06,negative_baseline,20.0,0,0,0,0,0,0,0,0,0,0,-1,0,0,0,1,0,0,0,1,0
sim_0041_n3_seed297,297,0.001,3,845.2,1,body_1,3.1163256233840357,1.938542682722356,1.460097439983943e-08,3.426547143048852e-09,0.043896819396670755,0.0018885645412946713,0,15.649173938581251,0.8916248629158047,-8.08325671813953,-2.2745359984174994e-07,36.802244197313264,9.074313077669062e-15,1.8458986964941357,0-2,18,9.5,9500,,,,,0,0.043896819396670755,0.0018896702139171342,15.649173938581251,0.8916248629158047,1.1284794302767883e-06,negative_hard,10.0,0,0,0,0,0,0,0,0,0,0,-1,0,0,0,1,0,0,0,1,0
sim_0041_n3_seed297,297,0.001,3,846.0,1,body_1,3.1163256233840357,1.938542682722356,1.631359353836148e-08,3.927099056321023e-09,0.043604637011680505,0.0013762702621590824,0,15.28531155970039,0.7250867114694943,-8.083255970354553,-1.3494322027416063e-07,36.80224419731336,1.1584229460854122e-14,1.9779739942288859,0-2,18,10.299999999999955,10300,,,,,0,0.043604637011680505,0.0013751191975886912,15.28531155970039,0.7250867114694943,1.7881608653948945e-06,negative_baseline,20.0,0,0,0,0,0,0,0,0,0,0,-1,0,0,0,1,0,0,0,1,0
sim_0041_n3_seed297,297,0.001,3,847.0,1,body_1,3.1163256233840357,1.938542682722356,1.7880004266450066e-08,2.1312442146635013e-09,0.04219142876230088,0.0022456734581587107,0,15.828373700813364,0.9134863830982387,-8.083254980465474,-1.248152707037226e-08,36.8022441973132,7.336678658540944e-15,2.543972538972,0-2,18,11.299999999999955,11300,,,,,0,0.04219142876230088,0.002246303398448277,15.828373700813364,0.9134863830982387,2.8459888661810715e-06,negative_baseline,20.0,0,0,0,0,0,0,0,0,0,0,-1,0,0,0,1,0,0,0,1,0
sim_0041_n3_seed297,297,0.001,3,848.0,1,body_1,3.1163256233840357,1.938542682722356,1.8793889022488844e-08,1.5849163668601751e-09,0.04118981575974072,0.0020020437025415577,2,16.33990350604219,1.0018241386102726,-8.083254868638328,1.3528933852277916e-09,36.80224419731312,5.212903257384355e-15,2.9979487119460404,0-2,18,12.299999999999955,12300,,,,,0,0.04118981575974072,0.0020024306304060476,16.33990350604219,1.0018241386102726,3.5456895964159535e-06,negative_baseline,20.0,0,0,0,0,0,0,0,0,0,1,2,0,0,0,1,0,0,0,0,0
sim_0041_n3_seed297,297,0.001,3,849.0,1,body_1,3.1163256233840357,1.938542682722356,2.2166581270895226e-08,5.434272867086341e-09,0.041221205904483624,0.001622097055853249,2,15.63279716659803,0.6462378601596781,-8.083254857541665,2.725689778418049e-09,36.802244197313144,5.792114730427061e-15,3.1720193072084806,0-2,18,13.299999999999955,13300,,,,,0,0.041221205904483624,0.001622465044152682,15.63279716659803,0.6462378601596781,3.7923635463274265e-06,negative_baseline,20.0,0,0,0,0,0,0,0,0,0,1,2,0,0,0,1,0,0,0,0,0
sim_0041_n3_seed297,297,0.001,3,850.0,1,body_1,3.1163256233840357,1.938542682722356,2.981396545203345e-08,9.58297379002526e-09,0.041654093091417724,0.0011051050001463021,2,15.184658117907135,0.4718553085840424,-8.083254868798498,1.3330782803125943e-09,36.80224419731319,7.143608167526709e-15,3.0468054062419414,0-2,18,14.299999999999955,14300,,,,,0,0.041654093091417724,0.0011053064372128362,15.184658117907135,0.4718553085840424,3.5923402970345812e-06,negative_baseline,20.0,0,0,0,0,0,0,0,0,0,1,2,0,0,0,1,0,0,0,0,0
sim_0041_n3_seed297,297,0.001,3,851.0,1,body_1,3.1163256233840357,1.938542682722356,3.986470946093501e-08,1.098217116558982e-08,0.04153405822628256,0.0011980521048642568,2,15.265993552976962,0.7001341175461527,-8.083254948324997,-8.505347001156743e-09,36.80224419731317,6.564396694484003e-15,2.643592569177555,0-2,18,15.299999999999955,15300,,,,,0,0.04153405822628256,0.0011975329533925635,15.265993552976962,0.7001341175461527,2.9730122905696047e-06,negative_baseline,20.0,0,0,0,0,0,0,0,0,0,1,2,0,0,0,1,0,0,0,0,0
sim_0041_n3_seed297,297,0.001,3,852.0,1,body_1,3.1163256233840357,1.938542682722356,4.92144156537711e-08,9.452858814546797e-09,0.040748035818481604,0.001854108233098518,2,16.126673189562652,1.298748427716039,-8.083255611623457,-9.056368483600108e-08,36.80224419731325,8.688172095640592e-15,2.08457297488329,0-2,18,16.299999999999955,16300,,,,,0,0.040748035818481604,0.0018548606634541328,16.126673189562652,1.298748427716039,2.1520284181166795e-06,negative_baseline,20.0,0,0,0,0,0,1,0,0,0,0,-1,0,0,0,1,0,0,0,0,0
sim_0041_n3_seed297,297,0.001,3,852.45,1,body_1,3.1163256233840357,1.938542682722356,5.310987938463315e-08,9.1741951520506e-09,0.040684828899790575,0.001925167567418679,0,16.61005071472494,1.3370581140291404,-8.08325641225936,-1.8961238667614433e-07,36.8022441973132,7.336678658540944e-15,1.896210823930578,0-2,18,16.75,16750,,,,,0,0.040684828899790575,0.0019263463415691248,16.61005071472494,1.3370581140291404,1.9717558955494585e-06,negative_hard,10.0,0,0,0,0,1,0,0,0,0,0,-1,0,0,0,1,0,0,0,0,0
sim_0041_n3_seed297,297,0.001,3,852.95,1,body_1,3.1163256233840357,1.938542682722356,5.7691307100534015e-08,9.789459108148301e-09,0.04108641711244099,0.0018058272410195887,0,16.015256244566956,1.0881916291395572,-8.08325670003726,-2.2521412203547317e-07,36.802244197313236,8.30203111361212e-15,1.8535626369721026,0-2,18,17.25,17250,,,,,0,0.04108641711244099,0.0018075685123244741,16.015256244566956,1.0881916291395572,2.1842692659521876e-06,negative_hard,10.0,0,0,0,0,0,0,0,0,0,0,-1,0,0,0,1,0,0,0,1,0
sim_0041_n3_seed297,297,0.001,3,853.0,1,body_1,3.1163256233840357,1.938542682722356,5.817486662443328e-08,9.882003817568175e-09,0.04114210165065992,0.001765196130433322,0,15.965456922115512,1.058396226684613,-8.08325664717508,-2.186744073786505e-07,36.802244197313215,7.722819640569415e-15,1.8610358922050292,0-2,18,17.299999999999955,17300,,,,,0,0.04114210165065992,0.0017668896961703844,15.965456922115512,1.058396226684613,2.2312177894412673e-06,negative_baseline,20.0,0,0,0,0,0,0,0,0,0,0,-1,0,0,0,1,0,0,0,1,0
sim_0041_n3_seed297,297,0.001,3,854.0,1,body_1,3.1163256233840357,1.938542682722356,6.81903528728579e-08,1.0118053330626219e-08,0.04176005839550039,0.0010851908846931805,0,15.598924861623233,0.6059423277204763,-8.08325518260105,-3.748823276560208e-08,36.80224419731328,9.460454059697534e-15,2.3086532369593553,0-2,18,18.299999999999955,18300,,,,,0,0.04176005839550039,0.0010845991057382017,15.598924861623233,0.6059423277204763,3.627083377037955e-06,negative_baseline,20.0,0,0,0,0,0,0,0,0,0,0,-1,0,0,0,1,0,0,0,1,0
sim_0041_n3_seed297,297,0.001,3,855.0,1,body_1,3.1163256233840357,1.938542682722356,7.594719799338039e-08,6.40307489729713e-09,0.04158360604051949,0.0017770807828471147,0,16.04788218290615,0.6656484467775751,-8.08325489385933,-1.7672608782910622e-09,36.80224419731335,1.1391158969839887e-14,2.836121911852631,0-2,18,19.299999999999955,19300,,,,,0,0.04158360604051949,0.001777028427623361,16.04788218290615,0.6656484467775751,4.882804500415231e-06,negative_baseline,20.0,0,0,0,0,0,0,0,0,0,0,-1,0,0,0,1,0,0,0,1,0
sim_0041_n3_seed297,297,0.001,3,856.0,1,body_1,3.1163256233840357,1.938542682722356,8.153114092566206e-08,6.4771756758222564e-09,0.04208617129337451,0.002279190219610208,2,16.044836653429837,1.1408375744757775,-8.08325486087667,2.313107816002414e-09,36.80224419731335,1.1391158969839887e-14,3.1254715167923326,0-2,18,20.299999999999955,20300,,,,,0,0.04208617129337451,0.002279202419563478,16.044836653429837,1.1408375744757775,5.5323709350664615e-06,negative_baseline,20.0,0,0,0,0,0,0,0,0,0,0,-1,0,0,0,1,0,0,0,1,0
sim_0041_n3_seed297,297,0.001,3,857.0,1,body_1,3.1163256233840357,1.938542682722356,9.061597511841884e-08,1.3480867791206095e-08,0.043621240239977425,0.0025369463719262823,2,15.124163538790905,0.8616105024332079,-8.083254863120148,2.0355614160120945e-09,36.80224419731331,1.0232736023754475e-14,3.1190638393466386,0-2,18,21.299999999999955,21300,,,,,0,0.043621240239977425,0.0025373597619915223,15.124163538790905,0.8616105024332079,5.536545644015618e-06,negative_baseline,20.0,0,0,0,0,0,0,0,0,0,1,2,0,0,0,1,0,0,0,0,0
sim_0041_n3_seed297,297,0.001,3,858.0,1,body_1,3.1163256233840357,1.938542682722356,1.0761937511939611e-07,2.0562301118419973e-08,0.04551877134310456,0.0020494948858883004,2,14.51129097698143,0.6231978203743549,-8.083254902859387,-2.880680870876573e-09,36.80224419731322,7.91589013158365e-15,2.8224773744737703,0-2,18,22.299999999999955,22300,,,,,0,0.04551877134310456,0.002050257471387891,14.51129097698143,0.6231978203743549,4.899199686225178e-06,negative_baseline,20.0,0,0,0,0,0,0,0,0,0,1,2,0,0,0,1,0,0,0,0,0
sim_0041_n3_seed297,297,0.001,3,859.0,1,body_1,3.1163256233840357,1.938542682722356,1.2942209378164634e-07,2.1754998292369153e-08,0.04657756611774212,0.0015498880894889288,2,14.562915208665578,0.6909222181193411,-8.083255202049052,-3.989419454825245e-08,36.80224419731325,8.688172095640592e-15,2.302796960711115,0-2,18,23.299999999999955,23300,,,,,0,0.04657756611774212,0.0015485610424090068,14.562915208665578,0.6909222181193411,3.7179741451297387e-06,negative_baseline,20.0,0,0,0,0,0,0,0,0,0,1,2,0,0,0,1,0,0,0,0,0
sim_0041_n3_seed297,297,0.001,3,860.0,1,body_1,3.1163256233840357,1.938542682722356,1.501127672404454e-07,2.011370413983341e-08,0.04740748620755779,0.0032247360386468017,0,15.400630783201885,1.6640790086187365,-8.0832565833494,-2.1077837023872607e-07,36.80224419731328,9.460454059697534e-15,1.8737955411298297,0-2,18,24.299999999999955,24300,,,,,0,0.04740748620755779,0.0032250907245081808,15.400630783201885,1.6640790086187365,2.823840669723021e-06,negative_baseline,20.0,0,0,0,0,1,0,0,0,0,0,-1,0,0,0,1,0,0,0,0,0
sim_0041_n3_seed297,297,0.001,3,860.4,1,body_1,3.1163256233840357,1.938542682722356,1.5847058430962415e-07,2.1194215246455383e-08,0.048419001571427395,0.0037866632761367064,0,14.802142443460152,1.4432585983007489,-8.083256567638344,-2.0883471563402764e-07,36.80224419731334,1.1198088478825652e-14,1.8766082657124759,0-2,18,24.699999999999932,24700,,,,,0,0.048419001571427395,0.003788862406216504,14.802142443460152,1.4432585983007489,3.0336958979940047e-06,negative_hard,10.0,0,0,0,0,1,0,0,0,0,0,-1,0,0,0,1,0,0,0,0,0
sim_0041_n3_seed297,297,0.001,3,861.0,1,body_1,3.1163256233840357,1.938542682722356,1.722103180719851e-07,2.3635991983433612e-08,0.05032658305285423,0.0033630802226488126,0,14.138620947139426,0.9753096481996444,-8.083255602327915,-8.941370970193624e-08,36.80224419731334,1.1198088478825652e-14,2.0954695169883406,0-2,18,25.299999999999955,25300,,,,,0,0.05032658305285423,0.003364478484392922,14.138620947139426,0.9753096481996444,3.965196515427886e-06,negative_baseline,20.0,0,0,0,0,0,0,0,0,0,0,-1,0,0,0,1,0,0,0,1,0
sim_0041_n3_seed297,297,0.001,3,862.0,1,body_1,3.1163256233840357,1.938542682722356,1.9564224125548914e-07,2.118336583446112e-08,0.05248987270861784,0.002469713751242101,0,13.834547060642304,0.35134387192305966,-8.083254949946767,-8.705980212605952e-09,36.80224419731333,1.081194749679718e-14,2.645143878737007,0-2,18,26.299999999999955,26300,,,,,0,0.05248987270861784,0.002468613797750929,13.834547060642304,0.35134387192305966,5.800387749273614e-06,negative_baseline,20.0,0,0,0,0,0,0,0,0,0,0,-1,0,0,0,1,0,0,0,1,0
sim_0041_n3_seed297,297,0.001,3,863.0,1,body_1,3.1163256233840357,1.938542682722356,2.1227483649381274e-07,1.2294926286372745e-08,0.054196574342153934,0.003791614855780773,0,14.038846020227435,0.45484413636572235,-8.083254868628517,1.3541071065529475e-09,36.802244197313364,1.1777299951868357e-14,3.037820102881345,0-2,18,27.299999999999955,27300,,,,,0,0.054196574342153934,0.0037906167435717343,14.038846020227435,0.45484413636572235,7.020605696880843e-06,negative_baseline,20.0,0,0,0,0,0,0,0,0,0,0,-1,0,0,0,1,0,0,0,1,0
sim_0041_n3_seed297,297,0.001,3,863.8000000000001,1,body_1,3.1163256233840357,1.938542682722356,2.2102953064585048e-07,1.310774535806141e-08,0.05653950550627161,0.005250376776862843,2,13.930444059663305,1.4559370252713135,-8.08325485944567,2.4901403778058206e-09,36.80224419731332,1.0618877005782945e-14,3.1493894566218574,0-2,18,28.100000000000023,28100,,,,,0,0.05653950550627161,0.005249530056967371,13.930444059663305,1.4559370252713135,7.4127567328771295e-06,negative_hard,10.0,0,0,0,0,1,0,0,0,0,0,-1,0,0,0,1,0,0,0,0,0
sim_0041_n3_seed297,297,0.001,3,864.0,1,body_1,3.1163256233840357,1.938542682722356,2.2330263620889895e-07,1.5439491451611317e-08,0.05733642233978322,0.005623097537345892,2,13.685791699717134,1.4110256475320349,-8.083254859662535,2.4633114887490937e-09,36.80224419731328,9.460454059697534e-15,3.147192472623593,0-2,18,28.299999999999955,28300,,,,,0,0.05733642233978322,0.005622339193566104,13.685791699717134,1.4110256475320349,7.4280487403162915e-06,negative_baseline,20.0,0,0,0,0,1,0,0,0,0,0,-1,0,0,0,1,0,0,0,0,0
sim_0041_n3_seed297,297,0.001,3,864.3000000000001,1,body_1,3.1163256233840357,1.938542682722356,2.2729950424323324e-07,1.9986955319507926e-08,0.05870394761687893,0.006163903395722703,2,13.32051236044136,1.339337118215472,-8.083254861714337,2.2094778147898436e-09,36.80224419731323,8.108960622597885e-15,3.1213021428747236,0-2,18,28.600000000000023,28600,,,,,0,0.05870394761687893,0.006163355334156723,13.32051236044136,1.339337118215472,7.388453561489556e-06,negative_hard,10.0,0,0,0,0,1,0,0,0,0,0,-1,0,0,0,1,0,0,0,0,0
sim_0041_n3_seed297,297,0.001,3,865.0,1,body_1,3.1163256233840357,1.938542682722356,2.416850953181258e-07,3.339927685662564e-08,0.06264758344989349,0.00714217885935766,2,12.513592162741963,1.1432317061360753,-8.083254879240423,4.128124881570961e-11,36.80224419731331,1.0232736023754475e-14,2.957970718919649,0-2,18,29.299999999999955,29300,,,,,0,0.06264758344989349,0.007142668689791779,12.513592162741963,1.1432317061360753,7.001282303083406e-06,negative_baseline,20.0,0,0,0,0,0,0,0,0,0,1,2,0,0,0,1,0,0,0,0,0
sim_0041_n3_seed297,297,0.001,3,866.0,1,body_1,3.1163256233840357,1.938542682722356,2.7968655385145507e-07,5.031073383331998e-08,0.06911916893540794,0.0066102302351118145,2,11.67910242966225,0.7431966813339295,-8.08325502463018,-1.7945255027530978e-08,36.802244197313236,8.30203111361212e-15,2.5073853974682256,0-2,18,30.299999999999955,30300,,,,,0,0.06911916893540794,0.00661231583465618,11.67910242966225,0.7431966813339295,5.741351563647225e-06,negative_baseline,20.0,0,0,0,0,0,0,0,0,0,1,2,0,0,0,1,0,0,0,0,0
sim_0041_n3_seed297,297,0.001,3,867.0,1,body_1,3.1163256233840357,1.938542682722356,3.2993966173730903e-07,5.075478039578591e-08,0.07396915031080935,0.006222511345159581,2,11.666013819847377,0.5267314374093931,-8.08325598794032,-1.3711880003683245e-07,36.80224419731321,7.52974914955518e-15,1.9890457544888578,0-2,18,31.299999999999955,31300,,,,,0,0.07396915031080935,0.006215719986661566,11.666013819847377,0.5267314374093931,4.030953684609097e-06,negative_baseline,20.0,0,0,0,0,0,0,0,0,0,1,2,0,0,0,1,0,0,0,0,0
sim_0041_n3_seed297,297,0.001,3,867.65,1,body_1,3.1163256233840357,1.938542682722356,3.619435058185286e-07,5.0237875438898797e-08,0.0777263410588453,0.010733321192782322,0,11.984712457893655,2.0611133629636305,-8.083256589511969,-2.115407573233203e-07,36.8022441973132,7.336678658540944e-15,1.876093640346012,0-2,18,31.949999999999932,31950,,,,,0,0.0777263410588453,0.010731262460410526,11.984712457893655,2.0611133629636305,3.652439766458291e-06,negative_hard,10.0,0,0,0,0,1,0,0,0,0,1,2,0,0,0,1,0,0,0,0,0
sim_0041_n3_seed297,297,0.001,3,868.0,1,body_1,3.1163256233840357,1.938542682722356,3.7999410419510013e-07,5.43272730601167e-08,0.0811354164951995,0.013117946369658209,0,11.365539547948643,1.8348991700982034,-8.083256173478127,-1.6007215361831357e-07,36.802244197313314,1.042580651476871e-14,1.9478830269578016,0-2,18,32.299999999999955,32300,,,,,0,0.0811354164951995,0.013119959761471347,11.365539547948643,1.8348991700982034,4.008145991989148e-06,negative_baseline,20.0,0,0,0,0,1,0,0,0,0,0,-1,0,0,0,1,0,0,0,0,0
sim_0041_n3_seed297,297,0.001,3,868.15,1,body_1,3.1163256233840357,1.938542682722356,3.8826932424989103e-07,5.6967533389757053e-08,0.08288937874222033,0.013819070108652331,0,11.116894364226097,1.7153044505965396,-8.083255926956088,-1.2957428586438785e-07,36.802244197313335,1.1005017987811415e-14,2.0029430357838516,0-2,18,32.44999999999993,32450,,,,,0,0.08288937874222033,0.013822069097036604,11.116894364226097,1.7153044505965396,4.261559891589134e-06,negative_hard,10.0,0,0,0,0,1,0,0,0,0,0,-1,0,0,0,1,0,0,0,0,0
sim_0041_n3_seed297,297,0.001,3,868.65,1,body_1,3.1163256233840357,1.938542682722356,4.190814899852109e-07,6.682757222308376e-08,0.08941079235708436,0.014543161249106956,0,10.413421744376398,1.291916878697729,-8.083255289044498,-5.065662216065904e-08,36.80224419731333,1.081194749679718e-14,2.2494816960611623,0-2,18,32.94999999999993,32950,,,,,0,0.08941079235708436,0.01454608100646578,10.413421744376398,1.291916878697729,5.334589105042042e-06,negative_hard,10.0,0,0,0,0,1,0,0,0,0,0,-1,0,0,0,1,0,0,0,0,0
sim_0041_n3_seed297,297,0.001,3,869.0,1,body_1,3.1163256233840357,1.938542682722356,4.4346527094525476e-07,7.162404064030219e-08,0.09407079138502432,0.014065416231181403,0,10.045798642123138,1.0143793699328432,-8.083255069615488,-2.35105017744645e-08,36.8022441973133,1.0039665532740239e-14,2.444075829947811,0-2,18,33.299999999999955,33300,,,,,0,0.09407079138502432,0.014066719128424016,10.045798642123138,1.0143793699328432,6.1393030615317815e-06,negative_baseline,20.0,0,0,0,0,0,0,0,0,0,0,-1,0,0,0,1,0,0,0,1,0
sim_0041_n3_seed297,297,0.001,3,870.0,1,body_1,3.1163256233840357,1.938542682722356,5.132085202134727e-07,6.032578748179386e-08,0.10623536675407436,0.013757336148354416,0,9.426993124938269,0.4599945635776967,-8.083254884452678,-6.035401249672701e-10,36.80224419731332,1.0618877005782945e-14,2.921714588051053,0-2,18,34.299999999999955,34300,,,,,0,0.10623536675407436,0.01375380692669301,9.426993124938269,0.4599945635776967,8.046055616146082e-06,negative_baseline,20.0,0,0,0,0,0,0,0,0,0,0,-1,0,0,0,0,0,0,0,1,0
sim_0041_n3_seed297,297,0.001,3,871.0,1,body_1,3.1163256233840357,1.938542682722356,5.498066610537842e-07,3.010993743044164e-08,0.1189595707478509,0.019729004016152046,0,9.126961713089186,0.5899421867293784,-8.083254854665629,3.0814914267236458e-09,36.80224419731319,7.143608167526709e-15,3.15060983364741,0-2,18,35.299999999999955,35300,,,,,0,0.1189595707478509,0.019721947581006212,9.126961713089186,0.5899421867293784,9.068663086971795e-06,negative_baseline,20.0,0,0,0,0,0,0,0,0,0,0,-1,0,0,0,0,0,0,0,1,0
sim_0041_n3_seed297,297,0.001,3,872.0,1,body_1,3.1163256233840357,1.938542682722356,5.305806459067371e-07,6.83598647382812e-08,0.1379951132533204,0.03250593549577892,0,8.87479125886841,1.0983741694207059,-8.083254851654605,3.4539928959492553e-09,36.802244197313236,8.30203111361212e-15,3.071427017063871,0-2,18,36.299999999999955,36300,,,,,0,0.1379951132533204,0.03249371823767418,8.87479125886841,1.0983741694207059,9.18159961352178e-06,negative_baseline,20.0,0,0,0,0,0,0,0,0,0,0,-1,0,0,0,0,0,0,0,1,0
sim_0041_n3_seed297,297,0.001,3,872.65,1,body_1,3.1163256233840357,1.938542682722356,4.962288267543847e-07,1.1187026525942405e-07,0.15760907819694017,0.04563248852550131,2,8.149218432865679,1.9152045226848433,-8.08325486957547,1.2369571771552918e-09,36.80224419731316,6.178255712455532e-15,2.8488032924127493,0-2,18,36.94999999999993,36950,,,,,0,0.15760907819694017,0.0456157643647748,8.149218432865679,1.9152045226848433,8.773867595321463e-06,negative_hard,10.0,0,0,0,0,1,0,0,0,0,0,-1,0,0,0,0,0,0,0,0,0
sim_0041_n3_seed297,297,0.001,3,873.0,1,body_1,3.1163256233840357,1.938542682722356,4.791214234387754e-07,1.4134297676067817e-07,0.17189796793978793,0.05468938327033292,2,7.616286785432709,1.8182752696691744,-8.083254904595108,-3.0954113137738015e-09,36.80224419731316,6.178255712455532e-15,2.677305304279451,0-2,18,37.299999999999955,37300,,,,,0,0.17189796793978793,0.05467163671485143,7.616286785432709,1.8182752696691744,8.39246422203952e-06,negative_baseline,20.0,0,0,0,0,1,0,0,0,0,0,-1,0,0,0,0,0,0,0,0,0
sim_0041_n3_seed297,297,0.001,3,873.15,1,body_1,3.1163256233840357,1.938542682722356,4.741937219213621e-07,1.5584406232371039e-07,0.17902360992883204,0.05895334474735915,2,7.389543076913436,1.7649780308782763,-8.08325493299262,-6.608539666227028e-09,36.80224419731316,6.178255712455532e-15,2.5944897149155866,0-2,18,37.44999999999993,37450,,,,,0,0.17902360992883204,0.05893630722683793,7.389543076913436,1.7649780308782763,8.192882786943464e-06,negative_hard,10.0,0,0,0,0,1,0,0,0,0,0,-1,0,0,0,0,0,0,0,0,0
sim_0041_n3_seed297,297,0.001,3,873.65,1,body_1,3.1163256233840357,1.938542682722356,4.798328828123779e-07,2.117978735166851e-07,0.20767222803560934,0.07336902763161723,2,6.662999597646384,1.5115167356948511,-8.083255167730126,-3.5648512965932604e-08,36.802244197313165,6.371326203469767e-15,2.2930202608390555,0-2,18,37.94999999999993,37950,,,,,0,0.20767222803560934,0.07336598443382568,6.662999597646384,1.5115167356948511,7.364655730480324e-06,negative_hard,10.0,0,0,0,0,1,0,0,0,0,1,2,0,0,0,0,0,0,0,0,0
sim_0041_n3_seed297,297,0.001,3,874.0,1,body_1,3.1163256233840357,1.938542682722356,5.141808611526961e-07,2.5178873569693995e-07,0.2319005509069658,0.08032888993097019,2,6.214375914580681,1.2337501087480849,-8.083255597140601,-8.877197394487e-08,36.802244197313186,6.9505376765124735e-15,2.083914238903687,0-2,18,38.299999999999955,38300,,,,,0,0.2319005509069658,0.08034711224459438,6.214375914580681,1.2337501087480849,6.6372095465834145e-06,negative_baseline,20.0,0,0,0,0,1,0,0,0,0,1,2,0,0,0,0,0,0,0,0,0
sim_0041_n3_seed297,297,0.001,3,874.65,1,body_1,3.1163256233840357,1.938542682722356,6.463460964908925e-07,2.8385235739212053e-07,0.2785934710110218,0.08045391629100382,2,5.662303280474425,0.49822136542920453,-8.083256818742958,-2.3989950552076245e-07,36.80224419731311,4.826762275355884e-15,1.8403356566703895,0-2,18,38.94999999999993,38950,,,,,0,0.2785934710110218,0.08041920576121701,5.662303280474425,0.49822136542920453,5.147975269614975e-06,negative_hard,10.0,0,0,0,0,0,0,0,0,0,1,2,0,0,0,0,0,0,0,0,0
sim_0041_n3_seed297,297,0.001,3,875.0,1,body_1,3.1163256233840357,1.938542682722356,7.341918926458679e-07,2.680113835973013e-07,0.3010661685292086,0.09378233717343232,2,5.549059872959853,0.5186159729759641,-8.083256675005362,-2.2211736228895427e-07,36.802244197313186,6.9505376765124735e-15,1.8549385532041345,0-2,18,39.299999999999955,39300,,,,,0,0.3010661685292086,0.093706195606899,5.549059872959853,0.5186159729759641,4.58444982445739e-06,negative_baseline,20.0,0,0,0,0,0,0,0,0,0,1,2,0,0,0,0,0,0,0,0,0
sim_0041_n3_seed297,297,0.001,3,876.0,1,body_1,3.1163256233840357,1.938542682722356,9.693008937416472e-07,3.157804823114456e-07,0.38561315862383005,0.2018800284013862,0,5.271742994249991,2.7215228124171236,-8.083255176356143,-3.671565947589042e-08,36.80224419731314,5.599044239412826e-15,2.308599594757561,0-2,18,40.299999999999955,40300,,,,,0,0.38561315862383005,0.2018262651767061,5.271742994249991,2.7215228124171236,5.413373967538497e-06,negative_hard,10.0,0,0,0,0,1,0,0,0,0,0,-1,0,0,0,0,0,0,0,0,0
sim_0041_n3_seed297,297,0.001,3,876.5,1,body_1,3.1163256233840357,1.938542682722356,1.1206598549184696e-06,5.753260130382948e-07,0.45201452143213977,0.26707970145462134,0,4.633153225627005,2.5145908749512373,-8.083255021142676,-1.7513807093353022e-08,36.80224419731314,5.599044239412826e-15,2.5673904929714872,0-2,18,40.799999999999955,40800,,,,,0,0.45201452143213977,0.2670485828981748,4.633153225627005,2.5145908749512373,6.633091736589499e-06,negative_hard,10.0,0,0,0,0,1,0,0,0,0,0,-1,0,0,0,0,0,0,0,0,0
sim_0041_n3_seed297,297,0.001,3,877.0,1,body_1,3.1163256233840357,1.938542682722356,1.4085451994309014e-06,1.1242206846866776e-06,0.5309295231362614,0.33386077710396994,0,4.119307783346671,2.3555060356835,-8.083255004964126,-1.5512317557734937e-08,36.802244197313144,5.792114730427061e-15,2.7753575611721324,0-2,18,41.299999999999955,41300,,,,,0,0.5309295231362614,0.3338800725775348,4.119307783346671,2.3555060356835,7.87555015172182e-06,negative_baseline,20.0,0,0,0,0,0,0,0,0,0,0,-1,0,0,0,0,0,0,0,1,0
sim_0041_n3_seed297,297,0.001,3,878.0,1,body_1,3.1163256233840357,1.938542682722356,3.2313943596231635e-06,3.6332068142090746e-06,0.6814185001610694,0.4366205928257135,0,3.47282384167327,2.1205485577308694,-8.083255077091827,-2.4435418736608575e-08,36.80224419731317,6.564396694484003e-15,3.0170336717076727,0-2,18,42.299999999999955,42300,,,,,0,0.6814185001610694,0.4367830474533856,3.47282384167327,2.1205485577308694,9.81512002381916e-06,negative_baseline,20.0,0,0,0,0,0,0,0,0,0,0,-1,0,0,0,0,0,0,0,1,0
sim_0041_n3_seed297,297,0.001,3,879.0,1,body_1,3.1163256233840357,1.938542682722356,8.43037275559657e-06,8.35423038409777e-06,0.7479591400761035,0.43604651111775355,0,3.2409663506125175,1.858626549158358,-8.083255108309995,-2.8297497573863314e-08,36.80224419731317,6.564396694484003e-15,3.124087569073741,0-2,18,43.299999999999955,43300,,,,,0,0.7479591400761035,0.4362075318082011,3.2409663506125175,1.858626549158358,1.1273920883581438e-05,negative_baseline,20.0,0,0,0,0,0,0,0,0,0,0,-1,0,0,0,0,0,0,0,1,0
sim_0041_n3_seed297,297,0.001,3,880.0,1,body_1,3.1163256233840357,1.938542682722356,1.8296288593342073e-05,1.4541036584008541e-05,0.7464282526078415,0.36819792792598044,0,3.191537747278578,1.5475052151960194,-8.083255042702849,-2.0181070792858553e-08,36.80224419731319,7.143608167526709e-15,3.191537747278578,0-1,18,44.299999999999955,44300,,,,,0,0.7464282526078415,0.3682298039344808,3.191537747278578,1.5475052151960194,1.5102330764893423e-05,negative_baseline,20.0,0,0,0,0,0,0,0,0,0,0,-1,0,0,0,0,0,0,1,0,0
sim_0041_n3_seed297,297,0.001,3,881.0,1,body_1,3.1163256233840357,1.938542682722356,3.326168611145942e-05,2.2976754560502614e-05,0.782675021196044,0.3678377432946095,0,3.0446590487968805,1.3582204873866708,-8.083254900472063,-2.5853389384820433e-09,36.80224419731318,6.757467185498238e-15,3.0446590487968805,0-1,18,45.299999999999955,45300,,,,,0,0.782675021196044,0.36764239723838416,3.0446590487968805,1.3582204873866708,2.4956151799314976e-05,negative_baseline,20.0,0,0,0,0,0,0,0,0,0,0,-1,0,0,0,0,0,0,1,0,0
sim_0041_n3_seed297,297,0.001,3,882.0,1,body_1,3.1163256233840357,1.938542682722356,5.507950019704483e-05,4.122868270751771e-05,1.0521364434494047,0.8322600559405747,0,2.529247993256216,1.605335485759452,-8.083254701008027,2.2090863825203583e-08,36.8022441973131,4.6336917843416485e-15,2.529247993256216,0-1,18,46.299999999999955,46300,,,,,0,1.0521364434494047,0.8304793975155756,2.529247993256216,1.605335485759452,4.0804916512938586e-05,negative_baseline,20.0,0,0,0,0,0,0,0,0,0,0,-1,0,0,0,0,0,0,1,0,0
sim_0041_n3_seed297,297,0.001,3,882.95,1,body_1,3.1163256233840357,1.938542682722356,9.044668837885002e-05,0.00012460209444042306,3.0179210792410034,8.271285134759182,0,1.4224509413005484,2.841262281188339,-8.083253461369015,1.7544975580047285e-07,36.8022441973131,4.6336917843416485e-15,1.4224509413005484,0-1,18,47.25,47250,,,,,0,3.0179210792410034,8.202442388375731,1.4224509413005484,2.841262281188339,6.210542060405865e-05,negative_hard,10.0,1,0,0,1,1,0,1,0,0,1,2,0,0,0,1,1,0,1,0,0
sim_0041_n3_seed297,297,0.001,3,883.0,1,body_1,3.1163256233840357,1.938542682722356,9.301438637334432e-05,0.00013689662162667425,3.363576873256743,10.105588992367226,0,1.3441839824609108,2.9711911184239703,-8.083253438634012,1.7826236081566543e-07,36.802244197313094,4.4406212933274135e-15,1.3441839824609108,0-1,18,47.299999999999955,47300,,,,,0,3.363576873256743,10.01930572339264,1.3441839824609108,2.9711911184239703,6.338825140734127e-05,negative_baseline,20.0,1,1,1,1,1,0,1,0,0,1,2,0,0,0,1,1,0,1,0,0
sim_0041_n3_seed297,297,0.001,3,883.45,1,body_1,3.1163256233840357,1.938542682722356,9.794867726733032e-05,0.0002637353048995704,9.519932464173833,50.188037853842495,0,0.790421967154881,4.295364793809894,-8.083294989670168,-4.96212189969537e-06,36.802244197313044,3.089127856227766e-15,0.790421967154881,0-1,18,47.75,47750,,,,,0,9.519932464173833,52.65003296316422,0.790421967154881,4.295364793809894,6.206900721362296e-05,negative_hard,10.0,1,1,1,1,0,0,1,1,0,1,2,0,0,0,1,1,0,1,0,0
sim_0041_n3_seed297,297,0.001,3,883.95,1,body_1,3.1163256233840357,1.938542682722356,4.9999607777216284e-05,3.670830855162397e-05,3.2103023212801203,9.25985390167849,0,1.3775130930876283,2.917551286138258,-8.083253427959278,1.7958295928059974e-07,36.80224419731305,3.2821983472420013e-15,1.3775130930876283,0-1,18,48.25,48250,,,,,0,3.2103023212801203,9.218915309069354,1.3775130930876283,2.917551286138258,3.77816939526061e-05,negative_hard,10.0,1,1,1,1,0,1,1,0,0,0,-1,0,0,0,1,1,0,0,0,0
sim_0041_n3_seed297,297,0.001,3,884.0,1,body_1,3.1163256233840357,1.938542682722356,4.9172960980109056e-05,3.021529395041098e-05,2.8861331535580677,7.61465066760179,0,1.455342564171316,2.792699284266168,-8.083253491580008,1.7171227711538698e-07,36.802244197313044,3.089127856227766e-15,1.455342564171316,0-1,18,48.299999999999955,48300,,,,,0,2.8861331535580677,7.5817355935235575,1.455342564171316,2.792699284266168,3.772452887679637e-05,negative_baseline,20.0,1,0,1,1,0,1,0,0,0,0,-1,0,0,0,1,1,0,0,0,0
sim_0041_n3_seed297,297,0.001,3,885.0,1,body_1,3.1163256233840357,1.938542682722356,5.138718479518375e-05,9.15025210687907e-06,0.9540596695997492,0.7190768083500678,0,2.5946578952846426,1.5328010996008452,-8.083254685963237,2.3952093061024348e-08,36.80224419731302,2.5099163831850597e-15,2.5946578952846426,0-1,18,49.299999999999955,49300,,,,,0,0.9540596695997492,0.7186446894755014,2.5946578952846426,1.5328010996008452,4.3003306095744225e-05,negative_baseline,20.0,0,0,0,0,0,0,0,0,0,0,-1,0,0,0,0,0,0,0,1,0
sim_0041_n3_seed297,297,0.001,3,886.0,1,body_1,3.1163256233840357,1.938542682722356,4.620634561737076e-05,1.3949492250693814e-05,0.6992703717883341,0.2702894727671253,0,3.050036425981479,1.1801249865706542,-8.08325477792759,1.2574949330220811e-08,36.80224419731305,3.2821983472420013e-15,3.050036425981479,0-1,18,50.299999999999955,50300,,,,,0,0.6992703717883341,0.27021039685716275,3.050036425981479,1.1801249865706542,4.4812692387958705e-05,negative_baseline,20.0,0,0,0,0,0,0,0,0,0,0,-1,0,0,0,0,0,0,0,1,0
sim_0041_n3_seed297,297,0.001,3,887.0,1,body_1,3.1163256233840357,1.938542682722356,3.761027420096719e-05,1.5783376749807043e-05,0.7285607475655779,0.32205857715774105,0,2.9748286644452726,1.2644174587550847,-8.083254774865255,1.2953798498247274e-08,36.802244197313065,3.668339329270472e-15,2.9748286644452726,0-1,18,51.299999999999955,51300,,,,,0,0.7285607475655779,0.32174309455897077,2.9748286644452726,1.2644174587550847,4.62898506253434e-05,negative_baseline,20.0,0,0,0,0,0,0,0,0,0,0,-1,0,0,0,0,0,0,0,1,0
sim_0041_n3_seed297,297,0.001,3,888.0,1,body_1,3.1163256233840357,1.938542682722356,3.390973513864788e-05,2.647115797755646e-05,1.1102947285185705,1.0498643100984646,0,2.3816282135231486,1.7688307021352556,-8.083254665123205,2.6530266362850705e-08,36.802244197313044,3.089127856227766e-15,2.3816282135231486,0-1,18,52.299999999999955,52300,,,,,0,1.1102947285185705,1.0474005388767347,2.3816282135231486,1.7688307021352556,4.970138557997321e-05,negative_baseline,20.0,0,0,0,0,0,0,0,0,0,0,-1,0,0,0,1,1,0,0,0,0
sim_0041_n3_seed297,297,0.001,3,888.6,1,body_1,3.1163256233840357,1.938542682722356,4.31832053509228e-05,6.677261674922856e-05,2.0219838989869237,3.678569259435063,0,1.747351715706984,2.426440875358511,-8.083254414591789,5.7524144421839056e-08,36.80224419731305,3.2821983472420013e-15,1.747351715706984,0-1,18,52.89999999999998,52900,,,,,0,2.0219838989869237,3.6627095322687393,1.747351715706984,2.426440875358511,5.6316669592657567e-05,negative_hard,10.0,0,0,0,1,1,0,0,0,0,0,-1,0,0,0,1,1,0,0,0,0
sim_0041_n3_seed297,297,0.001,3,889.0,1,body_1,3.1163256233840357,1.938542682722356,6.554360917398988e-05,0.00017278798873900095,3.969323919214916,12.176655219024786,0,1.2380917574032297,3.1897895777642553,-8.083256429723502,-1.9177292007421526e-07,36.80224419731307,3.8614098202847076e-15,1.2380917574032297,0-1,18,53.299999999999955,53300,,,,,0,3.969323919214916,12.166761928504128,1.2380917574032297,3.1897895777642553,7.110816580050318e-05,negative_baseline,20.0,1,1,1,1,1,0,1,0,0,0,-1,0,0,0,1,1,0,0,0,0
sim_0041_n3_seed297,297,0.001,3,889.1,1,body_1,3.1163256233840357,1.938542682722356,7.516591643114929e-05,0.00022595047833558714,4.809343961557905,16.47738046647805,0,1.122837576124211,3.4191049413031545,-8.08325942509589,-5.623380491076892e-07,36.80224419731307,3.8614098202847076e-15,1.122837576124211,0-1,18,53.39999999999998,53400,,,,,0,4.809343961557905,16.554156894138046,1.122837576124211,3.4191049413031545,7.78599291843742e-05,negative_hard,10.0,1,1,1,1,0,0,1,0,0,0,-1,0,0,0,1,1,0,0,0,0
sim_0041_n3_seed297,297,0.001,3,889.6,1,body_1,3.1163256233840357,1.938542682722356,0.00012685067615947045,0.0003429603572485858,5.124957167637439,18.5234016667543,0,1.079705434623722,3.515458121871543,-8.083261435567012,-8.110585401558596e-07,36.80224419731312,5.212903257384355e-15,1.079705434623722,0-1,18,53.89999999999998,53900,,,,,0,5.124957167637439,18.722463145907852,1.079705434623722,3.515458121871543,0.00010916650359165747,negative_hard,10.0,1,1,1,1,0,0,1,0,0,1,2,0,0,0,1,1,0,0,0,0
sim_0041_n3_seed297,297,0.001,3,890.0,1,body_1,3.1163256233840357,1.938542682722356,0.00013362373152419458,0.0001836506596904162,2.4140618452456137,5.427487811143573,0,1.5698532098306044,2.6562386580537476,-8.083254451097439,5.300793769542943e-08,36.80224419731308,4.054480311298943e-15,1.5698532098306044,0-1,18,54.299999999999955,54300,,,,,0,2.4140618452456137,5.41833993849597,1.5698532098306044,2.6562386580537476,0.00010513396254059119,negative_baseline,20.0,0,0,0,1,0,1,0,0,0,1,2,0,0,0,1,1,0,0,0,0
sim_0041_n3_seed297,297,0.001,3,890.1,1,body_1,3.1163256233840357,1.938542682722356,0.00013317927108835747,0.00015987985961520089,2.0674679132376106,4.079351934771097,0,1.6970288184845475,2.485217883218958,-8.083254400029837,5.932564046043443e-08,36.802244197313094,4.4406212933274135e-15,1.6970288184845475,0-1,18,54.39999999999998,54400,,,,,0,2.0674679132376106,4.072082555289114,1.6970288184845475,2.485217883218958,0.00010319185717537795,negative_hard,10.0,0,0,0,1,0,1,0,0,0,1,2,0,0,0,1,1,0,0,0,0
sim_0041_n3_seed297,297,0.001,3,891.0,1,body_1,3.1163256233840357,1.938542682722356,0.0001218680402443171,7.480332958263078e-05,0.9183195804590139,0.6945160830977619,0,2.574779277338651,1.5682586076813996,-8.083254717613343,2.003657796133527e-08,36.80224419731313,5.40597374839859e-15,2.574779277338651,0-1,18,55.299999999999955,55300,,,,,0,0.9183195804590139,0.6941758696365957,2.574779277338651,1.5682586076813996,8.780985780629512e-05,negative_baseline,20.0,0,0,0,0,0,0,0,0,0,0,-1,0,0,0,1,1,0,0,0,0
sim_0041_n3_seed297,297,0.001,3,892.0,1,body_1,3.1163256233840357,1.938542682722356,0.00010855777132748155,5.760374354795807e-05,0.7063490169388211,0.28822664060857467,0,2.966987413632874,1.2342780380501837,-8.08325478354253,1.1880310662459524e-08,36.80224419731308,4.054480311298943e-15,2.966987413632874,0-1,18,56.299999999999955,56300,,,,,0,0.7063490169388211,0.2881103635345915,2.966987413632874,1.2342780380501837,7.795813192361212e-05,negative_baseline,20.0,0,0,0,0,0,0,0,0,0,0,-1,0,0,0,1,1,0,0,0,0
sim_0041_n3_seed297,297,0.001,3,893.0,1,body_1,3.1163256233840357,1.938542682722356,0.0001030521686341634,6.54197992952708e-05,0.7910223434898477,0.42408099848127734,0,2.811039262461281,1.3787691386723677,-8.083254770541032,1.3488759083069696e-08,36.80224419731302,2.5099163831850597e-15,2.811039262461281,0-1,18,57.299999999999955,57300,,,,,0,0.7910223434898477,0.4235634451055692,2.811039262461281,1.3787691386723677,7.830844441466601e-05,negative_baseline,20.0,0,0,0,0,0,0,0,0,0,0,-1,0,0,0,1,1,0,0,0,0
sim_0041_n3_seed297,297,0.001,3,894.0,1,body_1,3.1163256233840357,1.938542682722356,0.0001226293299306443,0.00013059665855479953,1.3988995364833086,1.735671456617568,0,2.103723558029565,2.029965932294707,-8.083254620408685,3.206201325847032e-08,36.80224419731308,4.054480311298943e-15,2.103723558029565,0-1,18,58.299999999999955,58300,,,,,0,1.3988995364833086,1.7306435477418243,2.103723558029565,2.029965932294707,9.970259880709309e-05,negative_baseline,20.0,0,0,0,0,0,0,0,0,0,0,-1,0,0,0,1,1,0,0,0,0
sim_0041_n3_seed297,297,0.001,3,894.6,1,body_1,3.1163256233840357,1.938542682722356,0.00017426470047849474,0.0003308713284926107,3.019233182079228,7.44515672102585,0,1.4232485745268826,2.876204718113695,-8.08325521427768,-4.140702906628806e-08,36.80224419731312,5.212903257384355e-15,1.4232485745268826,0-1,18,58.89999999999998,58900,,,,,0,3.019233182079228,7.424999322777366,1.4232485745268826,2.876204718113695,0.0001423328018609292,negative_hard,10.0,1,0,0,1,1,0,1,0,0,0,-1,0,0,0,1,1,0,0,0,0
sim_0041_n3_seed297,297,0.001,3,895.0,1,body_1,3.1163256233840357,1.938542682722356,0.00024697115527188223,0.0007084730098527001,5.573705939012114,19.346231923985396,0,1.0424199885853342,3.5995455094578115,-8.083265729335052,-1.3422514944491941e-06,36.802244197313144,5.792114730427061e-15,1.0424199885853342,0-1,18,59.299999999999955,59300,,,,,0,5.573705939012114,19.650858040243982,1.0424199885853342,3.5995455094578115,0.00019626851388630256,negative_baseline,20.0,1,1,0,1,0,0,1,0,0,0,-1,0,0,0,1,1,0,0,0,0
sim_0041_n3_seed297,297,0.001,3,895.1,1,body_1,3.1163256233840357,1.938542682722356,0.00026447073828605696,0.0007731579337724999,5.85241103931423,20.67964579396142,0,1.0159782265306414,3.662406378930657,-8.083268077611706,-1.632762766084625e-06,36.80224419731312,5.212903257384355e-15,1.0159782265306414,0-1,18,59.39999999999998,59400,,,,,0,5.85241103931423,21.084691276496486,1.0159782265306414,3.662406378930657,0.00020759039329771122,negative_hard,10.0,1,1,0,1,0,0,1,0,0,0,-1,0,0,0,1,1,0,0,0,0
sim_0041_n3_seed297,297,0.001,3,895.6,1,body_1,3.1163256233840357,1.938542682722356,0.0002795451425898523,0.000464694104126173,3.056901880949895,7.98951263600215,0,1.393970257633167,2.9231896614005657,-8.083255394910514,-6.375357604556541e-08,36.80224419731297,1.1584229460854121e-15,1.393970257633167,0-1,18,59.89999999999998,59900,,,,,0,3.056901880949895,7.993730654873311,1.393970257633167,2.9231896614005657,0.00020426121827321758,negative_hard,10.0,1,0,0,1,0,0,1,0,0,1,2,0,0,0,1,1,0,0,0,0
sim_0041_n3_seed297,297,0.001,3,896.0,1,body_1,3.1163256233840357,1.938542682722356,0.00026057734883101877,0.0002693881061152991,1.686598678634002,2.7916788767643785,0,1.8665531520354863,2.28520947022441,-8.083254561004587,3.9411045118278e-08,36.80224419731296,7.722819640569415e-16,1.8665531520354863,0-1,18,60.299999999999955,60300,,,,,0,1.686598678634002,2.7882799797926063,1.8665531520354863,2.28520947022441,0.00018295855669217095,negative_baseline,20.0,0,0,0,0,0,0,0,0,0,1,2,0,0,0,1,1,0,0,0,0
sim_0041_n3_seed297,297,0.001,3,897.0,1,body_1,3.1163256233840357,1.938542682722356,0.00022314150057983444,0.00013317583098121762,0.8146499169784194,0.5316557128100069,0,2.6983890410356204,1.4688978481334751,-8.083254755101683,1.539880022176564e-08,36.80224419731301,2.1237754011565892e-15,2.6983890410356204,0-1,18,61.299999999999955,61300,,,,,0,0.8146499169784194,0.5314796762863309,2.6983890410356204,1.4688978481334751,0.0001519791372224951,negative_baseline,20.0,0,0,0,0,0,0,0,0,0,1,2,0,0,0,1,1,0,0,0,0
sim_0041_n3_seed297,297,0.001,3,898.0,1,body_1,3.1163256233840357,1.938542682722356,0.00020406821631344804,0.00010985309051558067,0.6948000554370685,0.2847111252214032,0,2.959600507530042,1.2375309152373217,-8.08325478498552,1.1701794736733467e-08,36.80224419731297,1.1584229460854121e-15,2.959600507530042,0-1,18,62.299999999999955,62300,,,,,0,0.6948000554370685,0.2845510548062227,2.959600507530042,1.2375309152373217,0.0001455561113608432,negative_baseline,20.0,0,0,0,0,0,0,0,0,0,1,2,0,0,0,1,1,0,0,0,0
sim_0041_n3_seed297,297,0.001,3,899.0,1,body_1,3.1163256233840357,1.938542682722356,0.00020483887297834347,0.00013344577052047413,0.8640739135586675,0.5604656279968324,0,2.6732646173047385,1.4868435477126594,-8.083254747611228,1.63254633779437e-08,36.802244197313,1.9307049101423538e-15,2.6732646173047385,0-1,18,63.299999999999955,63300,,,,,0,0.8640739135586675,0.5595910799776044,2.6732646173047385,1.4868435477126594,0.0001612937669939705,negative_baseline,20.0,0,0,0,0,0,0,0,0,0,0,-1,0,0,0,1,1,0,0,0,0
sim_0041_n3_seed297,297,0.001,3,900.0,1,body_1,3.1163256233840357,1.938542682722356,0.00024418015296467737,0.0003127145361407503,1.8909391400777094,3.193388260215279,0,1.804619104191199,2.356517485241278,-8.083254524429815,4.393580305312587e-08,36.80224419731308,4.054480311298943e-15,1.804619104191199,0-1,18,64.29999999999995,64300,,,,,0,1.8909391400777094,3.181275385032015,1.804619104191199,2.356517485241278,0.00021405744521621795,negative_baseline,20.0,0,0,0,1,1,0,0,0,0,0,-1,0,0,0,1,1,0,0,0,0
sim_0041_n3_seed297,297,0.001,3,900.0500000000001,1,body_1,3.1163256233840357,1.938542682722356,0.0002484602235093026,0.00033641383272416505,2.0185477338156055,3.616696191127263,0,1.7460928021766906,2.427942414442826,-8.083254526916798,4.362813205907912e-08,36.802244197313094,4.4406212933274135e-15,1.7460928021766906,0-1,18,64.35000000000002,64350,,,,,0,2.0185477338156055,3.602604795839432,1.7460928021766906,2.427942414442826,0.0002187929894545308,negative_hard,10.0,0,0,0,1,1,0,0,0,0,0,-1,0,0,0,1,1,0,0,0,0
sim_0041_n3_seed297,297,0.001,3,900.5500000000001,1,body_1,3.1163256233840357,1.938542682722356,0.0003205839329953448,0.0008467693040541428,4.559780069010904,14.594649122336392,0,1.1567288217488545,3.3519481763554198,-8.083259249253473,-5.40584137001335e-07,36.80224419731311,4.826762275355884e-15,1.1567288217488545,0-1,18,64.85000000000002,64850,,,,,0,4.559780069010904,14.665632509830276,1.1567288217488545,3.3519481763554198,0.0002891262047352372,negative_hard,10.0,1,1,1,1,0,0,1,0,0,0,-1,0,0,0,1,1,0,0,0,0
sim_0041_n3_seed297,297,0.001,3,901.0,1,body_1,3.1163256233840357,1.938542682722356,0.0003972547254002358,0.0011189336903499306,5.3087644572666575,18.40222650788802,0,1.0659826095452576,3.544722303114686,-8.083263586123657,-1.0771093670571248e-06,36.80224419731314,5.599044239412826e-15,1.0659826095452576,0-1,18,65.29999999999995,65300,,,,,0,5.3087644572666575,18.6615360056355,1.0659826095452576,3.544722303114686,0.0003377766361117387,negative_baseline,20.0,1,1,1,1,0,0,1,0,0,0,-1,0,0,0,1,1,0,0,0,0
sim_0041_n3_seed297,297,0.001,3,901.0500000000001,1,body_1,3.1163256233840357,1.938542682722356,0.0003995393796483724,0.001053472566832518,4.934379670623391,16.64635851786863,0,1.1046301225929325,3.4590757514022417,-8.083261370865715,-8.030541783327257e-07,36.80224419731313,5.40597374839859e-15,1.1046301225929325,0-1,18,65.35000000000002,65350,,,,,0,4.934379670623391,16.82682603802635,1.1046301225929325,3.4590757514022417,0.0003362900358856426,negative_hard,10.0,1,1,1,1,0,0,1,0,0,0,-1,0,0,0,1,1,0,0,0,0
sim_0041_n3_seed297,297,0.001,3,901.5500000000001,1,body_1,3.1163256233840357,1.938542682722356,0.000389997913837405,0.0004924529078113597,2.0790244262338367,4.217894648087544,0,1.6764444097274498,2.519507123769344,-8.083254555506134,4.009127274071252e-08,36.802244197313094,4.4406212933274135e-15,1.6764444097274498,0-1,18,65.85000000000002,65850,,,,,0,2.0790244262338367,4.212575174369519,1.6764444097274498,2.519507123769344,0.0003038262099083252,negative_hard,10.0,0,0,0,1,0,1,0,0,0,0,-1,0,0,0,1,1,0,0,0,0
sim_0041_n3_seed297,297,0.001,3,902.0,1,body_1,3.1163256233840357,1.938542682722356,0.00037585116929914156,0.00030490472127554406,1.2011326409503094,1.554807910849481,0,2.171376142072189,1.9705610830463558,-8.083254628514023,3.105928122252016e-08,36.80224419731312,5.212903257384355e-15,2.171376142072189,0-1,18,66.29999999999995,66300,,,,,0,1.2011326409503094,1.5534695553685265,2.171376142072189,1.9705610830463558,0.0002848335609213792,negative_baseline,20.0,0,0,0,0,0,0,0,0,0,1,2,0,0,0,1,1,0,0,0,0
sim_0041_n3_seed297,297,0.001,3,903.0,1,body_1,3.1163256233840357,1.938542682722356,0.00036014356914919956,0.0001899862772177167,0.6740584548029445,0.39473875239175493,0,2.8710372582288874,1.3395753025309631,-8.08325476939272,1.3630819637275068e-08,36.80224419731322,7.91589013158365e-15,2.8710372582288874,0-1,18,67.29999999999995,67300,,,,,0,0.6740584548029445,0.39465148398372385,2.8710372582288874,1.3395753025309631,0.0002761083016143284,negative_baseline,20.0,0,0,0,0,0,0,0,0,0,1,2,0,0,0,0,0,0,0,0,0
sim_0041_n3_seed297,297,0.001,3,904.0,1,body_1,3.1163256233840357,1.938542682722356,0.0003744108357947018,0.0001826191509253532,0.628906258515006,0.2528122838034207,0,3.0313441576226743,1.1698460011564573,-8.083254776143605,1.2795650587603731e-08,36.802244197313264,9.074313077669062e-15,3.0313441576226743,0-1,18,68.29999999999995,68300,,,,,0,0.628906258515006,0.2526334686934421,3.0313441576226743,1.1698460011564573,0.00029957235750043573,negative_baseline,20.0,0,0,0,0,0,0,0,0,0,1,2,0,0,0,0,0,0,0,0,0
sim_0041_n3_seed297,297,0.001,3,905.0,1,body_1,3.1163256233840357,1.938542682722356,0.00043008463066128726,0.00024346256998705683,0.8734454802898419,0.6378956502273396,0,2.6266406760775145,1.497230950818518,-8.083254686904755,2.3835615370180677e-08,36.80224419731334,1.1198088478825652e-14,2.6266406760775145,0-1,18,69.29999999999995,69300,,,,,0,0.8734454802898419,0.6365413079655787,2.6266406760775145,1.497230950818518,0.0003555104667324446,negative_baseline,20.0,0,0,0,0,0,0,0,0,0,1,2,0,0,0,0,0,0,0,0,0
sim_0041_n3_seed297,297,0.001,3,905.85,1,body_1,3.1163256233840357,1.938542682722356,0.0005166122350360461,0.0005306048354435649,2.0355440572998176,3.945875304824336,0,1.7361429082610826,2.419370862978592,-8.08325399030991,1.1001313373177882e-07,36.80224419731338,1.2163440933896829e-14,1.7361429082610826,0-1,18,70.14999999999998,70150,,,,,0,2.0355440572998176,3.921557866836677,1.7361429082610826,2.419370862978592,0.00044399888417222217,negative_hard,10.0,0,0,0,1,1,0,0,0,0,0,-1,0,0,0,1,1,0,0,0,0
sim_0041_n3_seed297,297,0.001,3,906.0,1,body_1,3.1163256233840357,1.938542682722356,0.0005346518249689702,0.0006908850072527261,2.662165503602161,6.513858619458467,0,1.5185276436471695,2.717123848065433,-8.083253698225736,1.4614760902519847e-07,36.80224419731334,1.1198088478825652e-14,1.5185276436471695,0-1,18,70.29999999999995,70300,,,,,0,2.662165503602161,6.4655408544367186,1.5185276436471695,2.717123848065433,0.0004679171809267579,negative_baseline,20.0,0,0,0,1,1,0,0,0,0,0,-1,0,0,0,1,1,0,0,0,0
sim_0041_n3_seed297,297,0.001,3,906.35,1,body_1,3.1163256233840357,1.938542682722356,0.0005576130621596932,0.0016364844391945374,6.23341688396863,26.945403909197466,0,0.9909325076008636,3.7208469069347143,-8.083261270284783,-7.906110556641896e-07,36.80224419731338,1.2163440933896829e-14,0.9909325076008636,0-1,18,70.64999999999998,70650,,,,,0,6.23341688396863,27.095028691254644,0.9909325076008636,3.7208469069347143,0.0005403257059708642,negative_hard,10.0,1,1,1,1,1,0,1,0,0,0,-1,0,0,0,1,1,0,0,0,0
sim_0041_n3_seed297,297,0.001,3,906.85,1,body_1,3.1163256233840357,1.938542682722356,0.0003807451198683131,0.0014571220482429497,5.386101613064461,21.848406063394,0,1.0596888873629784,3.5505192869982545,-8.083257570682765,-3.3292388958670544e-07,36.802244197313435,1.370800486201071e-14,1.0596888873629784,0-1,18,71.14999999999998,71150,,,,,0,5.386101613064461,21.930339213388145,1.0596888873629784,3.5505192869982545,0.0005154044162405135,negative_hard,10.0,1,1,1,1,0,1,1,0,0,0,-1,0,0,0,1,1,0,0,0,0
sim_0041_n3_seed297,297,0.001,3,907.0,1,body_1,3.1163256233840357,1.938542682722356,0.00036011482762103754,0.0010029383151287867,3.6201013076553883,11.605487841207852,0,1.2859550441584324,3.0932105217193056,-8.083253886891637,1.2280727106842382e-07,36.8022441973134,1.2742652406939534e-14,1.2859550441584324,0-1,18,71.29999999999995,71300,,,,,0,3.6201013076553883,11.568748320567218,1.2859550441584324,3.0932105217193056,0.0004922554508334973,negative_baseline,20.0,1,1,1,1,0,1,1,0,0,0,-1,0,0,0,1,1,0,0,0,0
sim_0041_n3_seed297,297,0.001,3,907.35,1,body_1,3.1163256233840357,1.938542682722356,0.00036651051900447515,0.0005319387696777509,1.76491564822408,3.428059590860675,0,1.8011110093719211,2.3570116767683453,-8.083254084711408,9.833448452666393e-08,36.80224419731343,1.3514934370996475e-14,1.8011110093719211,0-1,18,71.64999999999998,71650,,,,,0,1.76491564822408,3.419076243685263,1.8011110093719211,2.3570116767683453,0.0004734800757748564,negative_hard,10.0,0,0,0,1,0,1,0,0,0,0,-1,0,0,0,0,0,0,0,0,0
sim_0041_n3_seed297,297,0.001,3,907.85,1,body_1,3.1163256233840357,1.938542682722356,0.000402436296277107,0.0003167205538857514,0.8997860647486082,1.1021366938214823,0,2.3896777918231566,1.7915950059765695,-8.083254579746527,3.70924321541828e-08,36.80224419731347,1.4673357317081887e-14,2.3896777918231566,0-1,18,72.14999999999998,72150,,,,,0,0.8997860647486082,1.1012357164143536,2.3896777918231566,1.7915950059765695,0.0004836216113473588,negative_hard,10.0,0,0,0,0,0,0,0,0,0,0,-1,0,0,0,0,0,0,0,1,0
sim_0041_n3_seed297,297,0.001,3,908.0,1,body_1,3.1163256233840357,1.938542682722356,0.0004128482086358991,0.0002849519467669859,0.7693505525123812,0.8558866785200611,0,2.534123940142421,1.6820233255959833,-8.083254638177882,2.986374066487337e-08,36.802244197313456,1.4287216335053417e-14,2.534123940142421,0-1,18,72.29999999999995,72300,,,,,0,0.7693505525123812,0.8554258712111409,2.534123940142421,1.6820233255959833,0.0004897536789109973,negative_baseline,20.0,0,0,0,0,0,0,0,0,0,0,-1,0,0,0,0,0,0,0,1,0
sim_0041_n3_seed297,297,0.001,3,908.35,1,body_1,3.1163256233840357,1.938542682722356,0.00043330921664366904,0.00023612522232076876,0.5668308915459245,0.5260546580580294,0,2.8243303501232733,1.4928470755501961,-8.083254714297802,2.044675203952861e-08,36.80224419731346,1.4480286826067654e-14,2.8243303501232733,0-1,18,72.64999999999998,72650,,,,,0,0.5668308915459245,0.5260019900791322,2.8243303501232733,1.4928470755501961,0.0005056001814316863,negative_hard,10.0,0,0,0,0,0,0,0,0,0,1,2,0,0,0,0,0,0,0,0,0
sim_0041_n3_seed297,297,0.001,3,909.0,1,body_1,3.1163256233840357,1.938542682722356,0.000448947541004998,0.00020198799067448845,0.43305339980544394,0.31984646956232593,0,3.2306629454936697,1.3167280700978088,-8.08325476213479,1.4528716740992229e-08,36.802244197313485,1.505949829911036e-14,3.2306629454936697,0-1,18,73.29999999999995,73300,,,,,0,0.43305339980544394,0.3198488890353993,3.2306629454936697,1.3167280700978088,0.0005313856349984376,negative_baseline,20.0,0,0,0,0,0,0,0,0,0,1,2,0,0,0,0,0,0,0,0,0
sim_0041_n3_seed297,297,0.001,3,910.0,1,body_1,3.1163256233840357,1.938542682722356,0.00036551571041646634,0.00028194368839195704,0.7891332707724398,0.8863517987551652,2,2.386575632926619,2.0099090981651404,-8.083254744775157,1.6676320919355697e-08,36.802244197313414,1.3128793388968005e-14,2.386575632926619,1-2,18,74.29999999999995,74300,,,,,0,0.7891332707724398,0.8845596531881784,2.386575632926619,2.0099090981651404,0.000523315107851907,negative_baseline,20.0,0,0,0,0,0,0,0,0,0,1,2,0,0,0,0,0,0,1,0,0
sim_0041_n3_seed297,297,0.001,3,910.95,1,body_1,3.1163256233840357,1.938542682722356,0.00012366406347561574,0.0006032691053113067,2.8313427025986124,6.744102555921827,2,1.3672397068154438,2.962118472893446,-8.083256488237879,-1.9901188237532512e-07,36.80224419731335,1.1391158969839887e-14,1.3672397068154438,1-2,18,75.25,75250,,,,,0,2.8313427025986124,6.755186343599461,1.3672397068154438,2.962118472893446,0.0004263967756715821,negative_hard,10.0,1,0,0,1,0,0,1,0,0,1,2,0,0,0,0,0,0,1,0,0
sim_0041_n3_seed297,297,0.001,3,911.0,1,body_1,3.1163256233840357,1.938542682722356,0.00014544254340275362,0.0006421574083706426,3.0428572191408927,7.485876629914127,2,1.3226785417281095,3.0307675355424304,-8.083257054506813,-2.6906645103636747e-07,36.802244197313364,1.1777299951868357e-14,1.3226785417281095,1-2,18,75.29999999999995,75300,,,,,0,3.0428572191408927,7.508411543349135,1.3226785417281095,3.0307675355424304,0.0004276243920418232,negative_baseline,20.0,1,0,0,1,0,0,1,0,0,1,2,0,0,0,0,0,0,1,0,0
sim_0041_n3_seed297,297,0.001,3,911.45,1,body_1,3.1163256233840357,1.938542682722356,0.0004563527077813368,0.00111904794862414,3.972394587709731,10.774393205814736,2,1.1804544275343511,3.2981507755598733,-8.08326064437064,-7.131776265627948e-07,36.8022441973134,1.2742652406939534e-14,1.1804544275343511,1-2,18,75.75,75750,,,,,0,3.972394587709731,10.902777266932333,1.1804544275343511,3.2981507755598733,0.000562646733547881,negative_hard,10.0,1,1,0,1,0,0,1,0,0,1,2,0,0,0,1,1,0,1,0,0
sim_0041_n3_seed297,297,0.001,3,911.95,1,body_1,3.1163256233840357,1.938542682722356,0.0005917946976887594,0.00080337132060293,2.185483886320653,4.2724138459996395,2,1.6332711643811344,2.6853214536655123,-8.083254982906022,-1.2783453380522415e-08,36.80224419731333,1.081194749679718e-14,1.6332711643811344,1-2,18,76.25,76250,,,,,0,2.185483886320653,4.274282064410198,1.6332711643811344,2.6853214536655123,0.0006640690807242408,negative_hard,10.0,0,0,0,1,0,1,0,0,0,1,2,0,0,0,0,0,0,1,0,0
sim_0041_n3_seed297,297,0.001,3,912.0,1,body_1,3.1163256233840357,1.938542682722356,0.0005938623889739031,0.0007607031955373084,2.042286223105786,3.8001373754643453,2,1.6948727062356064,2.6183786849633424,-8.083254852022256,3.4085098814741257e-09,36.80224419731334,1.1198088478825652e-14,1.6948727062356064,1-2,18,76.29999999999995,76300,,,,,0,2.042286223105786,3.800342969123348,1.6948727062356064,2.6183786849633424,0.0006647032156704066,negative_baseline,20.0,0,0,0,1,0,1,0,0,0,1,2,0,0,0,0,0,0,1,0,0
sim_0041_n3_seed297,297,0.001,3,913.0,1,body_1,3.1163256233840357,1.938542682722356,0.0005429679118843313,0.0004133720286376435,0.7767210901068519,0.6151073747619664,2,2.9359063049682077,1.7075517432112703,-8.083254730789772,1.8406488469760525e-08,36.80224419731327,9.267383568683297e-15,2.9359063049682077,1-2,18,77.29999999999995,77300,,,,,0,0.7767210901068519,0.6149235687771495,2.9359063049682077,1.7075517432112703,0.0005663946043411914,negative_baseline,20.0,0,0,0,0,0,0,0,0,0,1,2,0,0,0,0,0,0,1,0,0
sim_0041_n3_seed297,297,0.001,3,914.0,1,body_1,3.1163256233840357,1.938542682722356,0.0005558749309301425,0.0004229075052233334,0.4453539034774339,0.23754023417993927,2,4.103006448013709,1.4296236897877912,-8.083254900145644,-2.544956718082269e-09,36.802244197313215,7.722819640569415e-15,2.6938071556439485,0-2,18,78.29999999999995,78300,,,,,0,0.4453539034774339,0.23754561910838762,4.103006448013709,1.4296236897877912,0.0005174015462455752,negative_baseline,20.0,0,0,0,0,0,1,0,0,0,1,2,0,0,0,0,0,0,1,0,0
sim_0041_n3_seed297,297,0.001,3,915.0,1,body_1,3.1163256233840357,1.938542682722356,0.0007881977433674922,0.0005079977443485322,0.2807521268755905,0.13444398659836165,2,5.582463834154449,1.901777586970833,-8.08325558190715,-8.68874049116962e-08,36.80224419731317,6.564396694484003e-15,2.1092378059963077,0-2,18,79.29999999999995,79300,,,,,0,0.2807521268755905,0.13447943003606927,5.582463834154449,1.901777586970833,0.001020326754088278,negative_baseline,20.0,0,0,0,0,0,1,0,0,0,0,-1,0,0,0,0,0,0,1,0,0
sim_0041_n3_seed297,297,0.001,3,916.0,1,body_1,3.1163256233840357,1.938542682722356,0.0012282560678114742,0.0005885727835680983,0.2011103490283812,0.06295724888265092,0,7.338442915881738,1.3284051355741886,-8.0832564507372,-1.9437257797958205e-07,36.80224419731319,7.143608167526709e-15,1.8989814764373598,0-2,18,80.29999999999995,80300,,,,,0,0.2011103490283812,0.06296583022571088,7.338442915881738,1.3284051355741886,0.0024240686038065856,negative_baseline,20.0,0,0,0,0,0,0,0,0,0,0,-1,0,0,0,1,0,0,1,0,0
sim_0041_n3_seed297,297,0.001,3,917.0,1,body_1,3.1163256233840357,1.938542682722356,0.001780929134012749,0.0006286188233924923,0.1704397176246686,0.03289858723611089,0,7.364415769992778,0.5679760819948976,-8.083255219102004,-4.2003858452869253e-08,36.8022441973131,4.6336917843416485e-15,2.3099025395895145,0-2,18,81.29999999999995,81300,,,,,0,0.1704397176246686,0.03289515236748935,7.364415769992778,0.5679760819948976,0.0035793175530545985,negative_baseline,20.0,0,0,0,0,0,0,0,0,0,0,-1,0,0,0,0,0,0,1,0,0
sim_0041_n3_seed297,297,0.001,3,918.0,1,body_1,3.1163256233840357,1.938542682722356,0.0024061130646127415,0.0007067466791075062,0.14247013120695248,0.030164621390929968,0,7.967705985745514,0.8677970229010813,-8.083254894973754,-1.905129116414596e-09,36.80224419731314,5.599044239412826e-15,2.8449213332182897,0-2,18,82.29999999999995,82300,,,,,0,0.14247013120695248,0.030168892376974232,7.967705985745514,0.8677970229010813,0.003930411998282738,negative_baseline,20.0,0,0,0,0,0,0,0,0,0,0,-1,0,0,0,0,0,0,1,0,0
sim_0041_n3_seed297,297,0.001,3,919.0,1,body_1,3.1163256233840357,1.938542682722356,0.0031330749630836202,0.0008196509572378075,0.11712136264588192,0.02464985276299888,0,8.957930150176557,1.1981249843909112,-8.083254847717043,3.941118620266886e-09,36.802244197313165,6.371326203469767e-15,3.1843914659579644,0-2,18,83.29999999999995,83300,,,,,0,0.11712136264588192,0.024653467944382793,8.957930150176557,1.1981249843909112,0.0039994282580210865,negative_baseline,20.0,0,0,0,0,0,0,0,0,0,0,-1,0,0,0,0,0,0,1,0,0
sim_0041_n3_seed297,297,0.001,3,920.0,1,body_1,3.1163256233840357,1.938542682722356,0.003974054671179978,0.0009257575577535452,0.09868717265167526,0.018083157440112376,0,10.129320952356041,1.472938542708024,-8.08325484146208,4.714935957855002e-09,36.802244197313165,6.371326203469767e-15,3.2377884113639412,0-2,18,84.29999999999995,84300,,,,,0,0.09868717265167526,0.018085937211367784,10.129320952356041,1.472938542708024,0.004174724993131467,negative_baseline,20.0,0,0,0,0,0,1,0,0,0,0,-1,0,0,0,0,0,0,1,0,0
sim_0041_n3_seed297,297,0.001,3,921.0,1,body_1,3.1163256233840357,1.938542682722356,0.004914171848604675,0.0010093502564043149,0.08696428741884127,0.012282103140910008,2,11.348625490829072,0.7523942322476849,-8.083254854735745,3.0728171540192198e-09,36.80224419731317,6.564396694484003e-15,2.981185930963047,0-2,18,85.29999999999995,85300,,,,,0,0.08696428741884127,0.012284502003235071,11.348625490829072,0.7523942322476849,0.004736430229224932,negative_baseline,20.0,0,0,0,0,0,0,0,0,0,1,2,0,0,0,1,0,0,1,0,0
sim_0041_n3_seed297,297,0.001,3,921.4,1,body_1,3.1163256233840357,1.938542682722356,0.005312563404953513,0.00103635437892969,0.08381830540076912,0.010198335253702907,2,11.28804117208644,0.5406649916929732,-8.08325487923003,4.256705063962519e-11,36.802244197313115,5.019832766370119e-15,2.794145953583241,0-2,18,85.69999999999993,85700,,,,,0,0.08381830540076912,0.01020041576020582,11.28804117208644,0.5406649916929732,0.005132474085087303,negative_hard,8.0,0,0,0,0,0,0,0,0,0,1,2,0,0,0,1,0,0,1,0,0
sim_0041_n3_seed297,297,0.001,3,921.8000000000001,1,body_1,3.1163256233840357,1.938542682722356,0.005721430182344051,0.001060597431972587,0.08131817146953345,0.00830935711590352,2,11.225421280746355,0.35814561270078904,-8.083254946356588,-8.261830068340126e-09,36.80224419731312,5.212903257384355e-15,2.566208228652813,0-2,18,86.10000000000002,86100,,,,,0,0.08131817146953345,0.008310467101847198,11.225421280746355,0.35814561270078904,0.005662496861240683,negative_hard,8.0,0,0,0,0,0,0,0,0,0,1,2,0,0,0,1,0,0,1,0,0
sim_0041_n3_seed297,297,0.001,3,922.0,1,body_1,3.1163256233840357,1.938542682722356,0.0059294170176928665,0.0010721209647987428,0.0802280676043207,0.007514733038642701,2,11.204023545546049,0.3295895867895917,-8.083255016875594,-1.698591545183429e-08,36.80224419731316,6.178255712455532e-15,2.4408109319421323,0-2,18,86.29999999999995,86300,,,,,0,0.0802280676043207,0.007514820425448762,11.204023545546049,0.3295895867895917,0.005987213068007131,negative_baseline,20.0,0,0,0,0,0,0,0,0,0,1,2,0,0,0,1,0,0,1,0,0
sim_0041_n3_seed297,297,0.001,3,922.2,1,body_1,3.1163256233840357,1.938542682722356,0.006139646358363236,0.0010836110529249246,0.0791828231807583,0.006919083547537217,2,11.19772158247267,0.38547399840884733,-8.083255134704038,-3.1562771637390095e-08,36.80224419731315,5.985185221441297e-15,2.311422353777551,0-2,18,86.5,86500,,,,,0,0.0791828231807583,0.00691766139460004,11.19772158247267,0.38547399840884733,0.006356339591406071,negative_hard,8.0,0,0,0,0,0,0,0,0,0,1,2,0,0,0,1,0,0,1,0,0
sim_0041_n3_seed297,297,0.001,3,922.6,1,body_1,3.1163256233840357,1.938542682722356,0.006566815916812238,0.0011080396082621495,0.07699034528387272,0.0067817056705762446,2,11.266254230806785,0.6954547967249982,-8.083255626224798,-9.237005378002177e-08,36.80224419731315,5.985185221441297e-15,2.0591163233507714,0-2,18,86.89999999999998,86900,,,,,0,0.07699034528387272,0.0067774845232257165,11.266254230806785,0.6954547967249982,0.00722826099770003,negative_hard,8.0,0,0,0,0,0,0,0,0,0,1,2,0,0,0,1,0,0,1,0,0
sim_0041_n3_seed297,297,0.001,3,923.0,1,body_1,3.1163256233840357,1.938542682722356,0.007003728330838869,0.0011371059154457433,0.07430803150649583,0.008056616525736908,2,11.51313009145211,1.1287552091191317,-8.0832565411194,-2.0555398975309443e-07,36.80224419731318,6.757467185498238e-15,1.8627401111071669,0-2,18,87.29999999999995,87300,,,,,0,0.07430803150649583,0.008056028861554513,11.51313009145211,1.1287552091191317,0.008208917427826649,negative_hard,8.0,0,0,0,0,0,0,0,0,0,1,2,0,0,0,1,0,0,1,0,0
sim_0041_n3_seed297,297,0.001,3,923.4,1,body_1,3.1163256233840357,1.938542682722356,0.007452278558617837,0.0011714826721551084,0.07116431769184484,0.008927914649145352,2,11.991585178780182,1.5547700296648974,-8.083257099152874,-2.745897286931404e-07,36.80224419731328,9.460454059697534e-15,1.7912680451664427,0-2,18,87.69999999999993,87700,,,,,0,0.07116431769184484,0.008933505919866653,11.991585178780182,1.5547700296648974,0.009058634378996223,negative_hard,8.0,0,0,0,0,0,1,0,0,0,0,-1,0,0,0,1,0,0,1,0,0
sim_0041_n3_seed297,297,0.001,3,923.8000000000001,1,body_1,3.1163256233840357,1.938542682722356,0.007913965180312526,0.0012064748155633975,0.06827108949743713,0.008100338078830302,2,12.64418798003016,1.8421748212989053,-8.083256432077576,-1.9206414858351287e-07,36.80224419731331,1.0232736023754475e-14,1.87730115611997,0-2,18,88.10000000000002,88100,,,,,0,0.06827108949743713,0.008104948598819908,12.64418798003016,1.8421748212989053,0.009517719128732149,negative_hard,8.0,0,0,0,0,0,1,0,0,0,0,-1,0,0,0,1,0,0,1,0,0
sim_0041_n3_seed297,297,0.001,3,924.0,1,body_1,3.1163256233840357,1.938542682722356,0.008149648678781868,0.0012223903063127404,0.06712360064868439,0.007303887196835813,0,12.939719685723881,1.2229138857560278,-8.083255948835543,-1.3228104879818335e-07,36.8022441973133,1.0039665532740239e-14,1.9685479813661904,0-2,18,88.29999999999995,88300,,,,,0,0.06712360064868439,0.007306889433603043,12.939719685723881,1.2229138857560278,0.009599238000272613,negative_baseline,20.0,0,0,0,0,0,0,0,0,0,0,-1,0,0,0,1,0,0,1,0,0
sim_0041_n3_seed297,297,0.001,3,924.2,1,body_1,3.1163256233840357,1.938542682722356,0.008388271776275257,0.0012368722333002489,0.06619129218979906,0.006471549027905512,0,12.825460216301336,1.0223536319382798,-8.083255558033322,-8.39339130677369e-08,36.8022441973133,1.0039665532740239e-14,2.0801731488138837,0-2,18,88.5,88500,,,,,0,0.06619129218979906,0.006473268036969181,12.825460216301336,1.0223536319382798,0.009614658977671477,negative_hard,8.0,0,0,0,0,0,0,0,0,0,0,-1,0,0,0,1,0,0,1,0,0
sim_0041_n3_seed297,297,0.001,3,924.6,1,body_1,3.1163256233840357,1.938542682722356,0.008873290888501447,0.0012622337253759537,0.06481705785305841,0.005026338086884812,0,12.623672240849016,0.6622413976211502,-8.083255114894738,-2.9112112913264785e-08,36.80224419731327,9.267383568683297e-15,2.3317370404687714,0-2,18,88.89999999999998,88900,,,,,0,0.06481705785305841,0.005026631092857761,12.623672240849016,0.6622413976211502,0.00954608585755624,negative_hard,8.0,0,0,0,0,0,0,0,0,0,0,-1,0,0,0,1,0,0,1,0,0
sim_0041_n3_seed297,297,0.001,3,925.0,1,body_1,3.1163256233840357,1.938542682722356,0.009367329288764093,0.0012851835301791162,0.06377899277354743,0.00405698022769292,0,12.488149690159952,0.3700313620846367,-8.083254945962391,-8.213062996019057e-09,36.802244197313314,1.042580651476871e-14,2.5830068214106725,0-2,18,89.29999999999995,89300,,,,,0,0.06377899277354743,0.004056619024735416,12.488149690159952,0.3700313620846367,0.009448120942991474,negative_hard,8.0,0,0,0,0,0,0,0,0,0,0,-1,0,0,0,1,0,0,1,0,0
sim_0041_n3_seed297,297,0.001,3,925.4,1,body_1,3.1163256233840357,1.938542682722356,0.009869658726431854,0.0013085861281914375,0.06278555659348871,0.0036183883657874313,0,12.431274473277588,0.16370531807381328,-8.083254884197292,-5.719455722028978e-10,36.8022441973133,1.0039665532740239e-14,2.808081287714722,0-2,18,89.69999999999993,89700,,,,,0,0.06278555659348871,0.0036177494831911117,12.431274473277588,0.16370531807381328,0.009378179027631871,negative_hard,8.0,0,0,0,0,0,0,0,0,0,0,-1,0,0,0,1,0,0,1,0,0
sim_0041_n3_seed297,297,0.001,3,925.8000000000001,1,body_1,3.1163256233840357,1.938542682722356,0.010380495600489606,0.0013344341583798346,0.06168254998615502,0.00362869686972611,0,12.452172056099649,0.1791595688261681,-8.083254860321116,2.3818367913276184e-09,36.80224419731331,1.0232736023754475e-14,2.994719421099261,0-2,18,90.10000000000002,90100,,,,,0,0.06168254998615502,0.0036280947434957802,12.452172056099649,0.1791595688261681,0.009356642311264152,negative_hard,8.0,0,0,0,0,0,0,0,0,0,0,-1,0,0,0,1,0,0,1,0,0
sim_0041_n3_seed297,297,0.001,3,926.0,1,body_1,3.1163256233840357,1.938542682722356,0.010639358306629631,0.0013486123335507748,0.06107141057825497,0.0037378024615990824,0,12.490090814822247,0.25231334946815437,-8.083254854240197,3.134122717002625e-09,36.8022441973133,1.0039665532740239e-14,3.0717326886170633,0-2,18,90.29999999999995,90300,,,,,0,0.06107141057825497,0.0037372965760473055,12.490090814822247,0.25231334946815437,0.009366677621251299,negative_baseline,20.0,0,0,0,0,0,0,0,0,0,0,-1,0,0,0,1,0,0,1,0,0
sim_0041_n3_seed297,297,0.001,3,926.2,1,body_1,3.1163256233840357,1.938542682722356,0.010900703776304881,0.001363688371276219,0.06041996610460373,0.003878630340233955,0,12.545186920014977,0.3313564267028068,-8.083254850151524,3.6399427823827845e-09,36.802244197313314,1.042580651476871e-14,3.1373273051412824,0-2,18,90.5,90500,,,,,0,0.06041996610460373,0.003878244881587696,12.545186920014977,0.3313564267028068,0.009391474292283375,negative_hard,8.0,0,0,0,0,0,0,0,0,0,0,-1,0,0,0,1,0,0,1,0,0
sim_0041_n3_seed297,297,0.001,3,926.6,1,body_1,3.1163256233840357,1.938542682722356,0.011431462988769903,0.0013964357754441047,0.05901236942603412,0.004171622511442993,0,12.703356229797524,0.48726235337641416,-8.083254845349508,4.234012452794997e-09,36.8022441973133,1.0039665532740239e-14,3.2333244272446424,0-2,18,90.89999999999998,90900,,,,,0,0.05901236942603412,0.004171495694760274,12.703356229797524,0.48726235337641416,0.009487902743616397,negative_hard,8.0,0,0,0,0,0,0,0,0,0,0,-1,0,0,0,1,0,0,1,0,0
sim_0041_n3_seed297,297,0.001,3,927.0,1,body_1,3.1163256233840357,1.938542682722356,0.011973987378097855,0.0014321389123998346,0.05750975935822275,0.004394292345443624,0,12.919695509235426,0.6360771980808839,-8.083254842973918,4.527902666363892e-09,36.80224419731333,1.081194749679718e-14,3.2814339437390543,0-2,18,91.29999999999995,91300,,,,,0,0.05750975935822275,0.004394405679533856,12.919695509235426,0.6360771980808839,0.009651797843169376,negative_hard,8.0,0,0,0,0,0,0,0,0,0,0,-1,0,0,0,1,0,0,1,0,0
sim_0041_n3_seed297,297,0.001,3,927.4,1,body_1,3.1163256233840357,1.938542682722356,0.012529318312976996,0.0014698879143609472,0.055978746138981975,0.004497887177143581,0,13.187566458336189,0.7799573004716058,-8.08325484204619,4.642674378817707e-09,36.80224419731334,1.1198088478825652e-14,3.2809232194463216,0-2,18,91.69999999999993,91700,,,,,0,0.055978746138981975,0.004498210048217001,13.187566458336189,0.7799573004716058,0.009890941126884935,negative_hard,8.0,0,0,0,0,0,0,0,0,0,0,-1,0,0,0,1,0,0,1,0,0
sim_0041_n3_seed297,297,0.001,3,927.45,1,body_1,3.1163256233840357,1.938542682722356,0.012599675691668859,0.0014746976211401656,0.05578895094917862,0.004501544022977715,0,13.22435565039427,0.7977656498010538,-8.083254842021315,4.645751644744948e-09,36.802244197313335,1.1005017987811415e-14,3.2774151901409625,0-2,18,91.75,91750,,,,,0,0.05578895094917862,0.004501891153887215,13.22435565039427,0.7977656498010538,0.009926613394503707,negative_pre_failure,1.0,0,0,0,0,0,0,0,0,0,0,-1,0,0,0,1,0,0,1,0,0
sim_0041_n3_seed297,297,0.001,3,927.5,1,body_1,3.1163256233840357,1.938542682722356,0.012670246194075425,0.0014795203947718803,0.05559998107457286,0.004503101110609499,0,13.261838388379072,0.8155577598799879,-8.083254842018041,4.646156658035237e-09,36.80224419731335,1.1391158969839887e-14,3.273139275831146,0-2,18,91.79999999999995,91800,,,,,0,0.05559998107457286,0.0045034721347800705,13.261838388379072,0.8155577598799879,0.009963645525589971,negative_pre_failure,1.0,0,0,0,0,0,0,0,0,0,0,-1,0,0,0,1,0,0,1,0,0
sim_0041_n3_seed297,297,0.001,3,927.5500000000001,1,body_1,3.1163256233840357,1.938542682722356,0.01274103076675911,0.0014843540786250616,0.05541197811795231,0.0053495489850638915,0,13.300002360397311,0.8333404927728254,-8.083254842037341,4.643768991513814e-09,36.802244197313364,1.1777299951868357e-14,3.2680949005571005,0-2,19,0.0,0,0.010002062716265138,91.85000000000002,0.01274103076675911,0.0014843540786250613,1,0.05541197811795231,0.004502952893770845,13.300002360397311,0.8333404927728254,0.010002062716265138,correction,1.0,0,0,0,0,0,0,0,0,0,0,-1,0,0,0,1,0,0,1,0,0
sim_0041_n3_seed297,297,0.001,3,928.0,1,body_1,3.1163256233840357,1.938542682722356,3.356808200675744e-10,2.2219544021953274e-11,0.05367222108932926,0.004398981962425966,0,13.692699840099944,0.9995621585140518,-8.083254881092763,-1.8787650147202996e-10,36.80224419731289,-1.1584229460854121e-15,3.185403118886391,0-2,19,0.4499999999999318,450,,,,,0,0.05367222108932926,0.0043995824267568425,13.692699840099944,0.9995621585140518,1.6079815339058656e-08,negative_baseline,20.0,0,0,0,0,0,0,0,0,0,0,-1,0,0,0,1,0,0,1,0,0
sim_0041_n3_seed297,297,0.001,3,929.0,1,body_1,3.1163256233840357,1.938542682722356,1.025870789446928e-09,8.362278825160169e-11,0.05087644435748911,0.0036117140824143993,0,14.664060769921244,1.379471782225436,-8.08325491472755,-4.348921513760168e-09,36.802244197312824,-2.8960573652135305e-15,2.785155456376363,0-2,19,1.4499999999999318,1450,,,,,0,0.05087644435748911,0.0036127286890151175,14.664060769921244,1.379471782225436,5.890106586828987e-08,negative_baseline,20.0,0,0,0,0,0,0,0,0,0,1,2,0,0,0,1,0,0,1,0,0
sim_0041_n3_seed297,297,0.001,3,930.0,1,body_1,3.1163256233840357,1.938542682722356,1.5474123145844875e-09,1.298642614489506e-10,0.049699465872156186,0.0021606922827348005,2,14.488267970663596,0.6970901948390736,-8.083255391968684,-6.33896347948404e-08,36.80224419731284,-2.5099163831850597e-15,2.154151622909431,0-2,19,2.449999999999932,2450,,,,,0,0.049699465872156186,0.0021614222544236845,14.488267970663596,0.6970901948390736,1.7159142613000841e-07,negative_baseline,20.0,0,0,0,0,0,0,0,0,0,1,2,0,0,0,1,0,0,1,0,0
sim_0041_n3_seed297,297,0.001,3,930.85,1,body_1,3.1163256233840357,1.938542682722356,1.8514307370234932e-09,1.8621678766370053e-10,0.04890351369795635,0.0022324807018274484,2,14.40414507900246,1.0580690999469151,-8.08325724638279,-2.928039156220294e-07,36.802244197312945,3.8614098202847074e-16,1.772805079119176,0-2,19,3.2999999999999545,3300,,,,,0,0.04890351369795635,0.0022313712813493616,14.40414507900246,1.0580690999469151,4.712327315902216e-07,negative_hard,10.0,0,0,0,0,0,0,0,0,0,1,2,0,0,0,1,0,0,1,0,0
sim_0041_n3_seed297,297,0.001,3,931.0,1,body_1,3.1163256233840357,1.938542682722356,1.918291132185227e-09,2.495896083730584e-10,0.04861538552792692,0.002565163273189258,2,14.504746613130306,1.1603455133214156,-8.0832572795538,-2.969075856560927e-07,36.802244197312966,9.653524550711769e-16,1.7692716960740407,0-2,19,3.449999999999932,3450,,,,,0,0.04861538552792692,0.002565617451872431,14.504746613130306,1.1603455133214156,5.518732348167229e-07,negative_baseline,20.0,0,0,0,0,0,0,0,0,0,0,-1,0,0,0,1,0,0,1,0,0
sim_0041_n3_seed297,297,0.001,3,931.35,1,body_1,3.1163256233840357,1.938542682722356,2.1324066112464657e-09,4.507547705759507e-10,0.04786126642346031,0.002994682864863421,2,14.86644294995457,1.3630665161694868,-8.083256585322818,-2.1102250688802593e-07,36.80224419731299,1.544563928113883e-15,1.8522994267293305,0-2,19,3.7999999999999545,3800,,,,,0,0.04786126642346031,0.0029968654707186594,14.86644294995457,1.3630665161694868,7.64224933664935e-07,negative_hard,10.0,0,0,0,0,0,1,0,0,0,0,-1,0,0,0,1,0,0,1,0,0
sim_0041_n3_seed297,297,0.001,3,932.0,1,body_1,3.1163256233840357,1.938542682722356,2.7368523801619007e-09,6.619146036959341e-10,0.04687231619900467,0.0026529063147488685,0,15.334821949186582,1.1583378095079868,-8.08325526940111,-4.822648879807086e-08,36.80224419731304,2.8960573652135305e-15,2.2230060263559945,0-2,19,4.449999999999932,4450,,,,,0,0.04687231619900467,0.002653947930993552,15.334821949186582,1.1583378095079868,1.1783379840235284e-06,negative_baseline,20.0,0,0,0,0,0,0,0,0,0,0,-1,0,0,0,1,0,0,1,0,0
sim_0041_n3_seed297,297,0.001,3,933.0,1,body_1,3.1163256233840357,1.938542682722356,3.429335818725391e-09,1.0439348669669064e-09,0.04674446676023017,0.0017605881358759901,0,14.642407017838902,0.5328135299359074,-8.083254908826945,-3.6189425246327933e-09,36.80224419731293,0.0,2.839780695338916,0-2,19,5.449999999999932,5450,,,,,0,0.04674446676023017,0.0017609241032282277,14.642407017838902,0.5328135299359074,1.6614065786229792e-06,negative_baseline,20.0,0,0,0,0,0,0,0,0,0,0,-1,0,0,0,1,0,0,1,0,0
sim_0041_n3_seed297,297,0.001,3,934.0,1,body_1,3.1163256233840357,1.938542682722356,3.1030641791021763e-09,2.549164039075157e-09,0.04683156456232207,0.0012110169558813273,0,14.343081376688449,0.1715642210378832,-8.083254881324475,-2.1654212470142586e-10,36.802244197313044,3.089127856227766e-15,3.2152364215149256,0-2,19,6.449999999999932,6450,,,,,0,0.04683156456232207,0.0012107622050146227,14.343081376688449,0.1715642210378832,1.8948168742159897e-06,negative_baseline,20.0,0,0,0,0,0,0,0,0,0,0,-1,0,0,0,1,0,0,1,0,0
sim_0041_n3_seed297,297,0.001,3,935.0,1,body_1,3.1163256233840357,1.938542682722356,2.737020358107515e-09,3.325250872575089e-09,0.046275518187141346,0.0016155262610127907,0,14.452667920049178,0.3844454823436152,-8.083254878673216,1.114518341161127e-10,36.802244197313044,3.089127856227766e-15,3.2893312322350146,0-2,19,7.449999999999932,7450,,,,,0,0.046275518187141346,0.001615209613470542,14.452667920049178,0.3844454823436152,1.8984047390455956e-06,negative_baseline,20.0,0,0,0,0,0,0,0,0,0,0,-1,0,0,0,1,0,0,1,0,0
sim_0041_n3_seed297,297,0.001,3,936.0,1,body_1,3.1163256233840357,1.938542682722356,3.4833829200660584e-09,3.691078221684232e-09,0.04525371026450377,0.002154560588878141,0,14.930290210657994,0.7643569674338007,-8.08325488593945,-7.87472416708376e-10,36.802244197312994,1.7376344191281184e-15,3.0560223394747514,0-2,19,8.449999999999932,8450,,,,,0,0.04525371026450377,0.002154622705793104,14.930290210657994,0.7643569674338007,1.7004388764090452e-06,negative_baseline,20.0,0,0,0,0,0,0,0,0,0,0,-1,0,0,0,1,0,0,1,0,0
sim_0041_n3_seed297,297,0.001,3,937.0,1,body_1,3.1163256233840357,1.938542682722356,5.2331467542329744e-09,3.731484247774564e-09,0.04463029363588443,0.0023184442525377223,0,15.698088947381892,1.2380126138685308,-8.083254986880352,-1.3275127867778556e-08,36.80224419731298,1.3514934370996475e-15,2.5322404331418484,0-2,19,9.449999999999932,9450,,,,,0,0.04463029363588443,0.002318960282738204,15.698088947381892,1.2380126138685308,1.360089852768169e-06,negative_baseline,20.0,0,0,0,0,0,0,0,0,0,0,-1,0,0,0,1,0,0,1,0,0
sim_0041_n3_seed297,297,0.001,3,938.0,1,body_1,3.1163256233840357,1.938542682722356,7.408377947752996e-09,2.953450786675486e-09,0.045336655954254484,0.0018683448074444107,2,15.106123776428168,1.0180447009609006,-8.083256284903662,-1.738568897332943e-07,36.80224419731303,2.702986874199295e-15,1.8975086107135513,0-2,19,10.449999999999932,10450,,,,,0,0.045336655954254484,0.0018702705151005222,15.106123776428168,1.0180447009609006,1.164423686501873e-06,negative_baseline,20.0,0,0,0,0,0,0,0,0,0,1,2,0,0,0,1,0,0,1,0,0
sim_0041_n3_seed297,297,0.001,3,938.5500000000001,1,body_1,3.1163256233840357,1.938542682722356,8.762106761048818e-09,3.0518622417810616e-09,0.0457522033899469,0.001163377731842465,2,14.899016318209771,0.9839416423820125,-8.083257345309672,-3.050424116436788e-07,36.802244197312994,1.7376344191281184e-15,1.7603402960055397,0-2,19,11.0,11000,,,,,0,0.0457522033899469,0.0011613707557526689,14.899016318209771,0.9839416423820125,1.4119437250803895e-06,negative_hard,10.0,0,0,0,0,0,0,0,0,0,1,2,0,0,0,1,0,0,1,0,0
sim_0041_n3_seed297,297,0.001,3,939.0,1,body_1,3.1163256233840357,1.938542682722356,1.006266650306492e-08,3.5129927810283963e-09,0.045659755471868305,0.001771617154888857,2,15.112353621199059,1.0485686605335893,-8.083256384445356,-1.8617144562465348e-07,36.80224419731305,3.2821983472420013e-15,1.8804727202553644,0-2,19,11.449999999999932,11450,,,,,0,0.045659755471868305,0.0017716906770624144,15.112353621199059,1.0485686605335893,1.8328565037421804e-06,negative_baseline,20.0,0,0,0,0,0,0,0,0,0,1,2,0,0,0,1,0,0,1,0,0
sim_0041_n3_seed297,297,0.001,3,940.0,1,body_1,3.1163256233840357,1.938542682722356,1.2797053882687245e-08,2.9988739679435034e-09,0.04586158838016575,0.0026143677134344728,0,15.359458876778627,1.2309601421133736,-8.083254998428798,-1.4703815435755734e-08,36.80224419731304,2.8960573652135305e-15,2.5088356171254524,0-2,19,12.449999999999932,12450,,,,,0,0.04586158838016575,0.002614761718200267,15.359458876778627,1.2309601421133736,2.8861118317405414e-06,negative_baseline,20.0,0,0,0,0,0,0,0,0,0,0,-1,0,0,0,1,0,0,1,0,0
sim_0041_n3_seed297,297,0.001,3,941.0,1,body_1,3.1163256233840357,1.938542682722356,1.3359261679626076e-08,1.2241842915781325e-09,0.04752901183457205,0.0027188738377960393,0,14.454899303438024,0.7590003947960429,-8.083254887017064,-9.207868374681805e-10,36.80224419731301,2.1237754011565892e-15,3.0420981963119123,0-2,19,13.449999999999932,13450,,,,,0,0.04752901183457205,0.002719323010299502,14.454899303438024,0.7590003947960429,3.5924530287707815e-06,negative_baseline,20.0,0,0,0,0,0,0,0,0,0,0,-1,0,0,0,1,0,0,1,0,0
sim_0041_n3_seed297,297,0.001,3,942.0,1,body_1,3.1163256233840357,1.938542682722356,1.2686213801958063e-08,6.323162081080514e-09,0.04949894908599359,0.0022263612856230496,0,13.890395275082867,0.4080697735854052,-8.083254878716819,1.060576636204997e-10,36.80224419731307,3.8614098202847076e-15,3.288685117015947,0-2,19,14.449999999999932,14450,,,,,0,0.04949894908599359,0.00222670684030259,13.890395275082867,0.4080697735854052,3.852910458118428e-06,negative_baseline,20.0,0,0,0,0,0,0,0,0,0,0,-1,0,0,0,1,0,0,1,0,0
sim_0041_n3_seed297,297,0.001,3,943.0,1,body_1,3.1163256233840357,1.938542682722356,1.729844944930504e-08,9.371075480699806e-09,0.05084990418277113,0.0018454660674899765,0,13.717562950066368,0.2791414933193942,-8.083254880447232,-1.0801614351363516e-10,36.80224419731301,2.1237754011565892e-15,3.229383308516088,0-2,19,15.449999999999932,15450,,,,,0,0.05084990418277113,0.0018451260922144603,13.717562950066368,0.2791414933193942,3.686159279490432e-06,negative_baseline,20.0,0,0,0,0,0,0,0,0,0,0,-1,0,0,0,1,0,0,1,0,0
sim_0041_n3_seed297,297,0.001,3,944.0,1,body_1,3.1163256233840357,1.938542682722356,2.6687210126724417e-08,1.031414033922382e-08,0.05152658617056381,0.0025035564023248237,0,13.94867286884803,0.6005279959324604,-8.083254903091282,-2.9093691291406407e-09,36.80224419731304,2.8960573652135305e-15,2.867658181246083,0-2,19,16.449999999999932,16450,,,,,0,0.05152658617056381,0.002502747710288281,13.94867286884803,0.6005279959324604,3.133698492644425e-06,negative_baseline,20.0,0,0,0,0,0,0,0,0,0,0,-1,0,0,0,1,0,0,1,0,0
sim_0041_n3_seed297,297,0.001,3,945.0,1,body_1,3.1163256233840357,1.938542682722356,3.58865150794686e-08,9.609872227234227e-09,0.052746649093980094,0.003935036757427938,0,14.529778615562126,1.2017774843288787,-8.083255215963423,-4.1615576628598057e-08,36.80224419731303,2.702986874199295e-15,2.254365498282604,0-2,19,17.449999999999932,17450,,,,,0,0.052746649093980094,0.003934675474475963,14.529778615562126,1.2017774843288787,2.3593103160295235e-06,negative_baseline,20.0,0,0,0,0,0,0,0,0,0,0,-1,0,0,0,1,0,0,1,0,0
sim_0041_n3_seed297,297,0.001,3,945.15,1,body_1,3.1163256233840357,1.938542682722356,3.7100453469560745e-08,9.301472826396745e-09,0.05311708957077509,0.004184290358104621,2,14.510240484117903,1.536297095999985,-8.083255380703168,-6.199594912149733e-08,36.802244197313016,2.3168458921708242e-15,2.1543946426149776,0-2,19,17.59999999999991,17600,,,,,0,0.05311708957077509,0.004184399748660328,14.510240484117903,1.536297095999985,2.2585091665035014e-06,negative_hard,10.0,0,0,0,0,1,0,0,0,0,0,-1,0,0,0,1,0,0,1,0,0
sim_0041_n3_seed297,297,0.001,3,945.65,1,body_1,3.1163256233840357,1.938542682722356,4.087033527263935e-08,8.237773239703162e-09,0.05480954857927999,0.004664780827168194,2,13.782165193235889,1.3834457539923015,-8.083256469887997,-1.967417718953787e-07,36.80224419731305,3.2821983472420013e-15,1.8668084578985291,0-2,19,18.09999999999991,18100,,,,,0,0.05480954857927999,0.004668180931954351,13.782165193235889,1.3834457539923015,2.0858282045435616e-06,negative_hard,10.0,0,0,0,0,1,0,0,0,0,0,-1,0,0,0,1,0,0,1,0,0
sim_0041_n3_seed297,297,0.001,3,946.0,1,body_1,3.1163256233840357,1.938542682722356,4.343791350893332e-08,8.077458691804323e-09,0.05618095936802038,0.0041433311338842935,2,13.394099566820532,1.1823531173118287,-8.083257288642287,-2.980319454026684e-07,36.802244197313065,3.668339329270472e-15,1.7661170664519774,0-2,19,18.449999999999932,18450,,,,,0,0.05618095936802038,0.004146920570708161,13.394099566820532,1.1823531173118287,2.2131989597731674e-06,negative_baseline,20.0,0,0,0,0,0,0,0,0,0,0,-1,0,0,0,1,0,0,1,0,0
sim_0041_n3_seed297,297,0.001,3,946.15,1,body_1,3.1163256233840357,1.938542682722356,4.458119821222271e-08,8.258168064452877e-09,0.056706616631404166,0.0037023856239237975,2,13.287231653655642,1.0800642444022852,-8.083257334119597,-3.0365805907637946e-07,36.80224419731307,3.8614098202847076e-15,1.761761472966439,0-2,19,18.59999999999991,18600,,,,,0,0.056706616631404166,0.003704172437794096,13.287231653655642,1.0800642444022852,2.3414857472942233e-06,negative_hard,10.0,0,0,0,0,0,0,0,0,0,1,2,0,0,0,1,0,0,1,0,0
sim_0041_n3_seed297,297,0.001,3,947.0,1,body_1,3.1163256233840357,1.938542682722356,5.1741925069234614e-08,1.0039817966498127e-08,0.05853495160426758,0.003679831641624155,2,13.370961521036445,0.7382568683860701,-8.083255452447585,-7.087163319909832e-08,36.80224419731308,4.054480311298943e-15,2.1212069106750104,0-2,19,19.449999999999932,19450,,,,,0,0.05853495160426758,0.003677972749830072,13.370961521036445,0.7382568683860701,3.558218413135356e-06,negative_baseline,20.0,0,0,0,0,0,0,0,0,0,1,2,0,0,0,1,0,0,1,0,0
sim_0041_n3_seed297,297,0.001,3,947.7,1,body_1,3.1163256233840357,1.938542682722356,5.687077822342599e-08,8.877809351906846e-09,0.06037292529802288,0.005582145934039057,0,13.536316574555645,1.5955401898803145,-8.083254964147223,-1.0462754696873155e-08,36.802244197313065,3.668339329270472e-15,2.583655352335599,0-2,19,20.149999999999977,20150,,,,,0,0.06037292529802288,0.00558138913172125,13.536316574555645,1.5955401898803145,4.5801576407199935e-06,negative_hard,10.0,0,0,0,0,1,0,0,0,0,1,2,0,0,0,1,0,0,1,0,0
sim_0041_n3_seed297,297,0.001,3,948.0,1,body_1,3.1163256233840357,1.938542682722356,5.8190150822827666e-08,6.881173373017897e-09,0.06161119017821171,0.006313622667671738,0,13.158090368350736,1.472500503595746,-8.083254916281536,-4.541168994257609e-09,36.8022441973131,4.6336917843416485e-15,2.7613856710538704,0-2,19,20.449999999999932,20450,,,,,0,0.06161119017821171,0.006313025852148886,13.158090368350736,1.472500503595746,4.936063552726553e-06,negative_baseline,20.0,0,0,0,0,1,0,0,0,0,1,2,0,0,0,1,0,0,1,0,0
sim_0041_n3_seed297,297,0.001,3,948.2,1,body_1,3.1163256233840357,1.938542682722356,5.865634262035937e-08,5.011091485915902e-09,0.0625917263019982,0.006756003724368341,0,12.910568880513637,1.3939351574795527,-8.083254900365775,-2.5721897413988117e-09,36.802244197313115,5.019832766370119e-15,2.8675062441614814,0-2,19,20.649999999999977,20650,,,,,0,0.0625917263019982,0.006755504625886168,12.910568880513637,1.3939351574795527,5.141029294260942e-06,negative_hard,10.0,0,0,0,0,1,0,0,0,0,1,2,0,0,0,1,0,0,1,0,0
sim_0041_n3_seed297,297,0.001,3,949.0,1,body_1,3.1163256233840357,1.938542682722356,5.682601438621216e-08,7.177426128176596e-09,0.06756743078808496,0.008100192025828646,0,11.99482181524799,1.105319120410036,-8.083254880534746,-1.1884272233042283e-10,36.80224419731306,3.4752688382562368e-15,3.177118781551295,0-2,19,21.449999999999932,21450,,,,,0,0.06756743078808496,0.008100175327872933,11.99482181524799,1.105319120410036,5.693636592497478e-06,negative_baseline,20.0,0,0,0,0,0,0,0,0,0,0,-1,0,0,0,1,0,0,1,0,0
sim_0041_n3_seed297,297,0.001,3,950.0,1,body_1,3.1163256233840357,1.938542682722356,5.165462285200881e-08,2.5675838827617022e-08,0.07522353119078849,0.00862173157901251,0,11.092367334571032,0.7786672421363208,-8.083254880417053,-1.042826813385366e-10,36.80224419731306,3.4752688382562368e-15,3.2923143571316937,0-2,19,22.449999999999932,22450,,,,,0,0.07522353119078849,0.008622436985931398,11.092367334571032,0.7786672421363208,5.783242355380676e-06,negative_baseline,20.0,0,0,0,0,0,0,0,0,0,0,-1,0,0,0,1,0,0,1,0,0
sim_0041_n3_seed297,297,0.001,3,951.0,1,body_1,3.1163256233840357,1.938542682722356,6.695998312753681e-08,3.789127601903329e-08,0.08276172017586292,0.007960766280484734,0,10.543555352234279,0.4701855177922171,-8.083254890476873,-1.3488085306212386e-09,36.8022441973131,4.6336917843416485e-15,3.109993944533644,0-2,19,23.449999999999932,23450,,,,,0,0.08276172017586292,0.007960933126115502,10.543555352234279,0.4701855177922171,5.220603360979591e-06,negative_baseline,20.0,0,0,0,0,0,0,0,0,0,0,-1,0,0,0,1,0,0,1,0,0
sim_0041_n3_seed297,297,0.001,3,952.0,1,body_1,3.1163256233840357,1.938542682722356,1.0281711235491708e-07,3.787784319721051e-08,0.08900708034780402,0.00890960684094224,0,10.426776432295018,0.4609332052242727,-8.083254958239863,-9.731940189281496e-09,36.802244197313065,3.668339329270472e-15,2.649922097215428,0-2,19,24.449999999999932,24450,,,,,0,0.08900708034780402,0.008905158450257026,10.426776432295018,0.4609332052242727,4.083039497145741e-06,negative_baseline,20.0,0,0,0,0,0,0,0,0,0,0,-1,0,0,0,1,0,0,1,0,0
sim_0041_n3_seed297,297,0.001,3,953.0,1,body_1,3.1163256233840357,1.938542682722356,1.3576956713915703e-07,2.980437247453078e-08,0.0972030322248116,0.0165948098306742,0,10.728663041580717,1.224169355107458,-8.083255735637874,-1.059058234127705e-07,36.80224419731304,2.8960573652135305e-15,2.0281054396041625,0-2,19,25.449999999999932,25450,,,,,0,0.0972030322248116,0.016588078827406885,10.728663041580717,1.224169355107458,2.8684734966176303e-06,negative_baseline,20.0,0,0,0,0,0,0,0,0,0,0,-1,0,0,0,1,0,0,1,0,0
sim_0041_n3_seed297,297,0.001,3,953.1,1,body_1,3.1163256233840357,1.938542682722356,1.3850588824273767e-07,2.88254479530737e-08,0.098524464330988,0.017751479523498957,2,10.60874512388298,2.0968786969099957,-8.083255943908672,-1.316715330240628e-07,36.802244197313016,2.3168458921708242e-15,1.9729395785117994,0-2,19,25.549999999999955,25550,,,,,0,0.098524464330988,0.017746241467014968,10.60874512388298,2.0968786969099957,2.806786211717839e-06,negative_hard,10.0,0,0,0,0,1,0,0,0,0,0,-1,0,0,0,1,0,0,1,0,0
sim_0041_n3_seed297,297,0.001,3,953.6,1,body_1,3.1163256233840357,1.938542682722356,1.5134699090832873e-07,2.6189490544068176e-08,0.10722182332662687,0.02251107628801989,2,9.649109031504604,1.7894416193417282,-8.08325708861264,-2.732857696157811e-07,36.802244197313044,3.089127856227766e-15,1.793100109520891,0-2,19,26.049999999999955,26050,,,,,0,0.10722182332662687,0.022522171476842424,9.649109031504604,1.7894416193417282,2.9071853758914262e-06,negative_hard,10.0,0,0,0,0,1,0,0,0,0,0,-1,0,0,0,1,0,0,1,0,0
sim_0041_n3_seed297,297,0.001,3,954.0,1,body_1,3.1163256233840357,1.938542682722356,1.6206943434718333e-07,2.9257192444713046e-08,0.11560674950465072,0.02191389385064132,2,9.058285751664023,1.3392476626509322,-8.083256889740035,-2.4868273427203484e-07,36.802244197313044,3.089127856227766e-15,1.8184999974674894,0-2,19,26.449999999999932,26450,,,,,0,0.11560674950465072,0.02192544834115411,9.058285751664023,1.3392476626509322,3.5062289407241826e-06,negative_baseline,20.0,0,0,0,0,1,0,0,0,0,1,2,0,0,0,1,0,0,1,0,0
sim_0041_n3_seed297,297,0.001,3,954.1,1,body_1,3.1163256233840357,1.938542682722356,1.6500569856210425e-07,3.0431552981809475e-08,0.11762304758567901,0.02114213383746759,2,8.950465366474983,1.212538107726694,-8.083256654649311,-2.195990634885018e-07,36.802244197313044,3.089127856227766e-15,1.8496404148410897,0-2,19,26.549999999999955,26550,,,,,0,0.11762304758567901,0.021149902645578974,8.950465366474983,1.212538107726694,3.7067790690371615e-06,negative_hard,10.0,0,0,0,0,0,0,0,0,0,1,2,0,0,0,1,0,0,1,0,0
sim_0041_n3_seed297,297,0.001,3,955.0,1,body_1,3.1163256233840357,1.938542682722356,1.9345294682018602e-07,3.9401035928782815e-08,0.13229689981589265,0.02085452703491247,2,8.569630237546589,0.388013157429652,-8.08325510240824,-2.7567376401556984e-08,36.80224419731302,2.5099163831850597e-15,2.3673211170832835,0-2,19,27.449999999999932,27450,,,,,0,0.13229689981589265,0.02084276695435161,8.569630237546589,0.388013157429652,5.678943534440835e-06,negative_baseline,20.0,0,0,0,0,0,0,0,0,0,1,2,0,0,0,1,0,0,1,0,0
sim_0041_n3_seed297,297,0.001,3,956.0,1,body_1,3.1163256233840357,1.938542682722356,2.0241980660749216e-07,6.632418126772949e-08,0.15229716916538028,0.03773690778627329,2,8.550683732820895,0.8793995066305977,-8.083254889425978,-1.2187997039539546e-09,36.80224419731303,2.702986874199295e-15,2.9315453221195975,0-2,19,28.449999999999932,28450,,,,,0,0.15229716916538028,0.03772290576218488,8.550683732820895,0.8793995066305977,7.3018850309436926e-06,negative_baseline,20.0,0,0,0,0,0,0,0,0,0,1,2,0,0,0,0,0,0,1,0,0
sim_0041_n3_seed297,297,0.001,3,956.5,1,body_1,3.1163256233840357,1.938542682722356,1.851923595782178e-07,8.914518653359406e-08,0.16832001241758926,0.0494849032221914,0,7.850526302371345,2.022038950117488,-8.083254877106604,3.0526135176350973e-10,36.80224419731299,1.544563928113883e-15,3.1084877632845953,0-2,19,28.949999999999932,28950,,,,,0,0.16832001241758926,0.04946715061089172,7.850526302371345,2.022038950117488,7.786209833963581e-06,negative_hard,10.0,0,0,0,0,1,0,0,0,0,1,2,0,0,0,0,0,0,1,0,0
sim_0041_n3_seed297,297,0.001,3,957.0,1,body_1,3.1163256233840357,1.938542682722356,1.4422214943065348e-07,1.3410506106705277e-07,0.19017471302585973,0.06419249712191273,0,7.156013839391626,1.9216392443390604,-8.08325487421596,6.628702867209407e-10,36.802244197312916,-3.8614098202847074e-16,3.2043736276692183,0-2,19,29.449999999999932,29450,,,,,0,0.19017471302585973,0.0641693547593768,7.156013839391626,1.9216392443390604,8.044923792453176e-06,negative_hard,10.0,0,0,0,0,1,0,0,0,0,0,-1,0,0,0,0,0,0,1,0,0
sim_0041_n3_seed297,297,0.001,3,957.5,1,body_1,3.1163256233840357,1.938542682722356,7.438630242077897e-08,2.1822992176649154e-07,0.21950187428487913,0.08313604778090274,0,6.485721301692493,1.822704063264359,-8.083254876084887,4.3166065955234327e-10,36.80224419731288,-1.3514934370996475e-15,3.2202005683767694,0-2,19,29.949999999999932,29950,,,,,0,0.21950187428487913,0.08310550413568749,6.485721301692493,1.822704063264359,8.068155676074975e-06,negative_hard,10.0,0,0,0,0,1,0,0,0,0,0,-1,0,0,0,0,0,0,1,0,0
sim_0041_n3_seed297,297,0.001,3,958.0,1,body_1,3.1163256233840357,1.938542682722356,1.0476980788843594e-07,3.534514380104514e-07,0.25852020283544364,0.10803061503503587,0,5.84611940900798,1.7220743795096705,-8.083254884380306,-5.945867600877677e-10,36.80224419731287,-1.544563928113883e-15,3.1609017938841637,0-2,19,30.449999999999932,30450,,,,,0,0.25852020283544364,0.10799025612039928,5.84611940900798,1.7220743795096705,7.837640349301009e-06,negative_hard,10.0,0,0,0,0,1,0,0,0,0,0,-1,0,0,0,0,0,0,1,0,0
sim_0041_n3_seed297,297,0.001,3,958.5,1,body_1,3.1163256233840357,1.938542682722356,3.2035079529336865e-07,5.508285455769875e-07,0.3102366162606111,0.14103848502160396,0,5.242454988974491,1.6154911118217026,-8.083254906481711,-3.3288077490008137e-09,36.8022441973129,-7.722819640569415e-16,3.035862405564196,0-2,19,30.949999999999932,30950,,,,,0,0.3102366162606111,0.14098581243616265,5.242454988974491,1.6154911118217026,7.325953197415952e-06,negative_hard,10.0,0,0,0,0,1,0,0,0,0,0,-1,0,0,0,0,0,0,1,0,0
sim_0041_n3_seed297,297,0.001,3,959.0,1,body_1,3.1163256233840357,1.938542682722356,6.618810065307548e-07,8.239588012122407e-07,0.378561397895597,0.1846802579700816,0,4.68003006363818,1.4989999255627566,-8.08325495953865,-9.892616411322092e-09,36.80224419731288,-1.3514934370996475e-15,2.8613020210202325,0-2,19,31.449999999999932,31450,,,,,0,0.378561397895597,0.18461294313767918,4.68003006363818,1.4989999255627566,6.501967583454627e-06,negative_baseline,20.0,0,0,0,0,0,0,0,0,0,0,-1,0,0,0,0,0,0,1,0,0
sim_0041_n3_seed297,297,0.001,3,960.0,1,body_1,3.1163256233840357,1.938542682722356,1.8838559914464382e-06,1.6854832043372837e-06,0.5845083789890623,0.3196681030741736,0,3.699240978879521,1.2737881332077947,-8.083255265085903,-4.769264348316065e-08,36.80224419731287,-1.544563928113883e-15,2.484811730608138,0-2,19,32.44999999999993,32450,,,,,0,0.5845083789890623,0.3195332040629179,3.699240978879521,1.2737881332077947,4.008802657471224e-06,negative_baseline,20.0,0,0,0,0,0,0,0,0,0,0,-1,0,0,0,0,0,0,1,0,0
sim_0041_n3_seed297,297,0.001,3,961.0,1,body_1,3.1163256233840357,1.938542682722356,4.362285487189666e-06,3.530050695724274e-06,0.9328469597189814,0.6564279266662736,0,2.8838564304649115,1.5020269955707124,-8.083255496418325,-7.631136516265615e-08,36.80224419731291,-5.792114730427061e-16,2.358242294235052,0-2,19,33.44999999999993,33450,,,,,0,0.9328469597189814,0.6560045913638228,2.8838564304649115,1.5020269955707124,3.102046108915436e-06,negative_baseline,20.0,0,0,0,0,0,0,0,0,0,0,-1,0,0,0,0,0,0,1,0,0
sim_0041_n3_seed297,297,0.001,3,962.0,1,body_1,3.1163256233840357,1.938542682722356,9.706899366453605e-06,9.387105189283294e-06,1.5337510929554414,1.6336246959513163,0,2.167422378669185,2.309046039455378,-8.083255686725998,-9.98548110214182e-08,36.80224419731279,-3.8614098202847076e-15,2.167422378669185,0-1,19,34.44999999999993,34450,,,,,0,1.5337510929554414,1.635156992839264,2.167422378669185,2.309046039455378,6.381325338450658e-06,negative_baseline,20.0,0,0,0,0,0,0,0,0,0,0,-1,0,0,0,0,0,0,1,0,0
sim_0041_n3_seed297,297,0.001,3,963.0,1,body_1,3.1163256233840357,1.938542682722356,1.8652829261586513e-05,1.7564519730294012e-05,1.4353537166456618,1.6859292129317867,0,2.2184815455023794,2.467707107686827,-8.083255420706308,-6.694483925941426e-08,36.80224419731279,-3.8614098202847076e-15,2.2184815455023794,0-1,19,35.44999999999993,35450,,,,,0,1.4353537166456618,1.6892861813242237,2.2184815455023794,2.467707107686827,1.1753863553957764e-05,negative_baseline,20.0,0,0,0,0,0,0,0,0,0,0,-1,0,0,0,0,0,0,1,0,0
sim_0041_n3_seed297,297,0.001,3,964.0,1,body_1,3.1163256233840357,1.938542682722356,2.8151045298512295e-05,1.9156093967461366e-05,0.7132224229371825,0.6035088742122497,0,3.2495234924909853,2.008876878439363,-8.083254812843935,8.255359525030714e-09,36.8022441973128,-3.4752688382562368e-15,2.9790446002324518,0-2,19,36.44999999999993,36450,,,,,0,0.7132224229371825,0.6036255383130139,3.2495234924909853,2.008876878439363,1.810246288782243e-05,negative_baseline,20.0,0,0,0,0,0,1,0,0,0,0,-1,0,0,0,0,0,0,1,0,0
sim_0041_n3_seed297,297,0.001,3,965.0,1,body_1,3.1163256233840357,1.938542682722356,4.010284105459835e-05,2.094170918818453e-05,0.3806710340428504,0.24034542948463117,0,4.639029371837713,1.900651784353076,-8.083254774469928,1.30027053364135e-08,36.80224419731278,-4.054480311298943e-15,2.6856853731648482,0-2,19,37.44999999999993,37450,,,,,0,0.3806710340428504,0.24036797350169467,4.639029371837713,1.900651784353076,2.8529617348470752e-05,negative_baseline,20.0,0,0,0,0,0,1,0,0,0,0,-1,0,0,0,0,0,0,1,0,0
sim_0041_n3_seed297,297,0.001,3,966.0,1,body_1,3.1163256233840357,1.938542682722356,5.576130219636188e-05,2.304473477605132e-05,0.22309357067343533,0.11891406872719817,0,6.500475313495328,2.5193615919222623,-8.083254750230108,1.600147516099017e-08,36.802244197312774,-4.2475508023131784e-15,1.8705590799661864,0-2,19,38.44999999999993,38450,,,,,0,0.22309357067343533,0.1189479569495921,6.500475313495328,2.5193615919222623,5.292839849543166e-05,negative_baseline,20.0,0,0,0,0,0,1,0,0,0,0,-1,0,0,0,1,0,0,1,0,0
sim_0041_n3_seed297,297,0.001,3,966.35,1,body_1,3.1163256233840357,1.938542682722356,6.211298580085875e-05,2.363220356215124e-05,0.19004583924925011,0.08945337048923283,0,7.369540006953164,3.0203289780443967,-8.083256499705293,-2.004305452600342e-07,36.80224419731281,-3.2821983472420013e-15,1.4795384163366556,0-2,19,38.799999999999955,38800,,,,,0,0.19004583924925011,0.08950922622994506,7.369540006953164,3.0203289780443967,7.137220357233745e-05,negative_hard,10.0,0,0,0,0,0,1,0,0,0,0,-1,0,0,0,1,0,0,1,0,0
sim_0041_n3_seed297,297,0.001,3,966.85,1,body_1,3.1163256233840357,1.938542682722356,7.180863777290555e-05,2.3952204307475184e-05,0.16091276886852363,0.04859456922128616,2,8.000587726523332,0.3038428332448673,-8.083271777549172,-2.0904914311907244e-06,36.80224419731283,-2.702986874199295e-15,1.132305547059018,0-2,19,39.299999999999955,39300,,,,,0,0.16091276886852363,0.04849948748941401,8.000587726523332,0.3038428332448673,0.00010555345910449113,negative_hard,10.0,0,0,0,0,0,0,0,0,0,1,2,0,0,0,1,0,0,1,0,0
sim_0041_n3_seed297,297,0.001,3,967.0,1,body_1,3.1163256233840357,1.938542682722356,7.480894365615058e-05,2.3940870164098808e-05,0.15468305472407715,0.04519833665877423,2,8.019092977528082,0.7601518729420302,-8.083267470799129,-1.5576924403166394e-06,36.80224419731284,-2.5099163831850597e-15,1.1778176034121954,0-2,19,39.44999999999993,39450,,,,,0,0.15468305472407715,0.04512757631632147,8.019092977528082,0.7601518729420302,0.00010924293339175284,negative_baseline,20.0,0,0,0,0,0,0,0,0,0,1,2,0,0,0,1,0,0,1,0,0
sim_0041_n3_seed297,297,0.001,3,967.35,1,body_1,3.1163256233840357,1.938542682722356,8.190559164529266e-05,2.4056825259596484e-05,0.13924546767942375,0.04739278576494029,2,8.374015994200022,1.651976022538751,-8.083256292830125,-1.7483749261660992e-07,36.802244197312866,-1.7376344191281184e-15,1.4995155799849176,0-2,19,39.799999999999955,39800,,,,,0,0.13924546767942375,0.047428390059461444,8.374015994200022,1.651976022538751,0.00010343920290334058,negative_hard,10.0,0,0,0,0,0,1,0,0,0,0,-1,0,0,0,1,0,0,1,0,0
sim_0041_n3_seed297,297,0.001,3,968.0,1,body_1,3.1163256233840357,1.938542682722356,9.551629016351743e-05,2.4642248067784622e-05,0.11283695905879533,0.03658898209199611,2,9.625929331913827,2.197383124965356,-8.083254705758259,2.1503200528876276e-08,36.8022441973129,-7.722819640569415e-16,2.1898525904949557,0-2,19,40.44999999999993,40450,,,,,0,0.11283695905879533,0.03659712100897337,9.625929331913827,2.197383124965356,8.818818874186467e-05,negative_baseline,20.0,0,0,0,0,0,1,0,0,0,0,-1,0,0,0,1,0,0,1,0,0
sim_0041_n3_seed297,297,0.001,3,969.0,1,body_1,3.1163256233840357,1.938542682722356,0.0001175505033043511,2.521504182314147e-05,0.0875155858302366,0.020628730869751012,0,11.023934390941848,1.027377203503558,-8.083254842527886,4.583082485740795e-09,36.8022441973129,-7.722819640569415e-16,2.770257100763905,0-2,19,41.44999999999993,41450,,,,,0,0.0875155858302366,0.020630591316713055,11.023934390941848,1.027377203503558,8.41203212199625e-05,negative_baseline,20.0,0,0,0,0,0,0,0,0,0,0,-1,0,0,0,1,0,0,1,0,0
sim_0041_n3_seed297,297,0.001,3,970.0,1,body_1,3.1163256233840357,1.938542682722356,0.00014041255614348619,2.5428978279374898e-05,0.07227599154520786,0.013509577165831916,0,11.74406939674133,0.8791933390364168,-8.083254843474368,4.465990792111955e-09,36.802244197312724,-5.599044239412826e-15,2.724855316493697,0-2,19,42.44999999999993,42450,,,,,0,0.07227599154520786,0.01350973325766865,11.74406939674133,0.8791933390364168,9.761459994613021e-05,negative_baseline,20.0,0,0,0,0,0,0,0,0,0,0,-1,0,0,0,1,0,0,1,0,0
sim_0041_n3_seed297,297,0.001,3,971.0,1,body_1,3.1163256233840357,1.938542682722356,0.0001637157937150954,2.5632319003617312e-05,0.060464213151232196,0.011533026748851012,0,12.840960302925625,1.5579162572167742,-8.083254743580449,1.6824121322790063e-08,36.80224419731273,-5.40597374839859e-15,2.0633059009236927,0-2,19,43.44999999999993,43450,,,,,0,0.060464213151232196,0.011533079155399839,12.840960302925625,1.5579162572167742,0.00013239350609783935,negative_baseline,20.0,0,0,0,0,0,1,0,0,0,0,-1,0,0,0,1,0,0,1,0,0
sim_0041_n3_seed297,297,0.001,3,971.35,1,body_1,3.1163256233840357,1.938542682722356,0.00017196111772306338,2.5753896315785023e-05,0.05654846555497206,0.011268173657083111,0,13.446137450126539,2.0343726801893274,-8.083255165652892,-3.5391533022154005e-08,36.802244197312774,-4.2475508023131784e-15,1.6965020135904252,0-2,19,43.799999999999955,43800,,,,,0,0.05654846555497206,0.011271179774671443,13.446137450126539,2.0343726801893274,0.00015605453361328104,negative_hard,10.0,0,0,0,0,0,1,0,0,0,0,-1,0,0,0,1,0,0,1,0,0
sim_0041_n3_seed297,297,0.001,3,971.85,1,body_1,3.1163256233840357,1.938542682722356,0.00018384076965599345,2.5960203764509062e-05,0.05145722658426079,0.009280075750917395,0,14.67104233285059,2.915213190836914,-8.083265777678832,-1.3482322263764368e-06,36.8022441973128,-3.4752688382562368e-15,1.2058194478707496,0-2,19,44.299999999999955,44300,,,,,0,0.05145722658426079,0.009288908989935127,14.67104233285059,2.915213190836914,0.0002070824828797111,negative_hard,10.0,0,0,0,0,0,1,0,0,0,0,-1,0,0,0,1,0,0,1,0,0
sim_0041_n3_seed297,297,0.001,3,972.0,1,body_1,3.1163256233840357,1.938542682722356,0.00018742918372139958,2.600751069222784e-05,0.050235918969807926,0.008091341825750373,2,14.8896442676891,0.8310953581663653,-8.083270604330146,-1.9453495244454435e-06,36.80224419731283,-2.702986874199295e-15,1.1487436534804982,0-2,19,44.44999999999993,44450,,,,,0,0.050235918969807926,0.008091360273093639,14.8896442676891,0.8310953581663653,0.00021963781733476732,negative_baseline,20.0,0,0,0,0,0,0,0,0,0,1,2,0,0,0,1,0,0,1,0,0
sim_0041_n3_seed297,297,0.001,3,972.35,1,body_1,3.1163256233840357,1.938542682722356,0.00019583551403235612,2.60685331845618e-05,0.047880943220100634,0.006671043586156337,2,14.751511693261863,0.9104889116379962,-8.083260649052427,-7.137568223783364e-07,36.80224419731282,-3.089127856227766e-15,1.3054069375559516,0-2,19,44.799999999999955,44800,,,,,0,0.047880943220100634,0.006665133033316955,14.751511693261863,0.9104889116379962,0.00021919496620627734,negative_hard,10.0,0,0,0,0,0,0,0,0,0,1,2,0,0,0,1,0,0,1,0,0
sim_0041_n3_seed297,297,0.001,3,972.85,1,body_1,3.1163256233840357,1.938542682722356,0.00020790441484474928,2.6171451322393534e-05,0.04451107940430533,0.00705596709416054,2,15.15734470901812,1.5301788973359127,-8.0832548618192,2.196505083074003e-09,36.802244197312824,-2.8960573652135305e-15,1.8386084440819324,0-2,19,45.299999999999955,45300,,,,,0,0.04451107940430533,0.007058136159823793,15.15734470901812,1.5301788973359127,0.0001927212200604957,negative_hard,10.0,0,0,0,0,0,1,0,0,0,0,-1,0,0,0,1,0,0,1,0,0
sim_0041_n3_seed297,297,0.001,3,973.0,1,body_1,3.1163256233840357,1.938542682722356,0.00021154020222569157,2.621608968962566e-05,0.04347727852342124,0.006993563162120647,2,15.372839338018462,1.6363369578074678,-8.083254754394012,1.5486347920965257e-08,36.80224419731281,-3.2821983472420013e-15,1.9944566336822858,0-2,19,45.44999999999993,45450,,,,,0,0.04347727852342124,0.00699563941178812,15.372839338018462,1.6363369578074678,0.00018657674686047536,negative_baseline,20.0,0,0,0,0,0,1,0,0,0,0,-1,0,0,0,1,0,0,1,0,0
sim_0041_n3_seed297,297,0.001,3,974.0,1,body_1,3.1163256233840357,1.938542682722356,0.0002359982711335939,2.6535655538385635e-05,0.03745035903116882,0.00532491790585338,2,17.17760351548911,1.965100250455082,-8.083254842301926,4.6110365338025545e-09,36.802244197312795,-3.668339329270472e-15,2.695150619789648,0-2,19,46.44999999999993,46450,,,,,0,0.03745035903116882,0.0053256736219176965,17.17760351548911,1.965100250455082,0.0001696099178751221,negative_baseline,20.0,0,0,0,0,0,1,0,0,0,0,-1,0,0,0,1,0,0,1,0,0
sim_0041_n3_seed297,297,0.001,3,975.0,1,body_1,3.1163256233840357,1.938542682722356,0.00026081390398745644,2.6764423445285627e-05,0.03318460943790313,0.003794526402286356,0,17.96828912422202,0.5493790347504914,-8.083254856677314,2.832620758813158e-09,36.80224419731282,-3.089127856227766e-15,2.778342138167793,0-2,19,47.44999999999993,47450,,,,,0,0.03318460943790313,0.003794713493104335,17.96828912422202,0.5493790347504914,0.00017929666983195524,negative_baseline,20.0,0,0,0,0,0,0,0,0,0,0,-1,0,0,0,1,0,0,1,0,0
sim_0041_n3_seed297,297,0.001,3,976.0,1,body_1,3.1163256233840357,1.938542682722356,0.00028589271631935306,2.6927078546833054e-05,0.029895382805574088,0.003188764427693627,0,18.624955106593298,1.0735496922171441,-8.083254760749544,1.4700089005824416e-08,36.80224419731271,-5.985185221441297e-15,2.249490806689654,0-2,19,48.44999999999993,48450,,,,,0,0.029895382805574088,0.0031883995159839758,18.624955106593298,1.0735496922171441,0.0002148486518134587,negative_baseline,20.0,0,0,0,0,0,0,0,0,0,0,-1,0,0,0,1,0,0,1,0,0
sim_0041_n3_seed297,297,0.001,3,976.9,1,body_1,3.1163256233840357,1.938542682722356,0.00030865009429257824,2.7116140492346326e-05,0.027030826509076664,0.003209283964792249,0,20.003314557908528,2.3936878902542094,-8.083259784839179,-6.06842805513289e-07,36.802244197312746,-5.019832766370119e-15,1.331193780885117,0-2,19,49.34999999999991,49350,,,,,0,0.027030826509076664,0.0032118400813510935,20.003314557908528,2.3936878902542094,0.0003041791340787143,negative_hard,10.0,0,0,0,0,0,1,0,0,0,0,-1,0,0,0,1,0,0,1,0,0
sim_0041_n3_seed297,297,0.001,3,977.0,1,body_1,3.1163256233840357,1.938542682722356,0.0003111912689324427,2.7141622803424613e-05,0.026722639673594364,0.0031076462231596318,0,20.25067510310192,2.575273297759615,-8.083263344973968,-1.0472761263323197e-06,36.80224419731274,-5.212903257384355e-15,1.2460047186816077,0-2,19,49.44999999999993,49450,,,,,0,0.026722639673594364,0.003110751920527311,20.25067510310192,2.575273297759615,0.0003185997839613011,negative_baseline,20.0,0,0,0,0,0,1,0,0,0,0,-1,0,0,0,1,0,0,1,0,0
sim_0041_n3_seed297,297,0.001,3,977.4,1,body_1,3.1163256233840357,1.938542682722356,0.000321383120516798,2.722647949546302e-05,0.025666210355404395,0.0023935288977528354,2,20.62744089612725,0.85748757655111,-8.083266898022593,-1.4868327997302798e-06,36.80224419731275,-4.826762275355884e-15,1.191155719927772,0-2,19,49.84999999999991,49850,,,,,0,0.025666210355404395,0.0023913989970233782,20.62744089612725,0.85748757655111,0.00034498336599256073,negative_hard,10.0,0,0,0,0,0,0,0,0,0,1,2,0,0,0,1,0,0,1,0,0
sim_0041_n3_seed297,297,0.001,3,977.9,1,body_1,3.1163256233840357,1.938542682722356,0.0003341716479771765,2.7301977472965265e-05,0.024543700059347678,0.0023480632639292813,2,20.64241344921095,1.2313623761941084,-8.08325528520383,-5.0181483335382136e-08,36.80224419731273,-5.40597374839859e-15,1.6661463538602586,0-2,19,50.34999999999991,50350,,,,,0,0.024543700059347678,0.002348134031793906,20.64241344921095,1.2313623761941084,0.00030700041267946285,negative_hard,10.0,0,0,0,0,0,0,0,0,0,0,-1,0,0,0,1,0,0,1,0,0
sim_0041_n3_seed297,297,0.001,3,978.0,1,body_1,3.1163256233840357,1.938542682722356,0.0003367350256926246,2.731941231218878e-05,0.02431023535844048,0.00238049170498756,2,20.72200273720568,1.310983892607946,-8.083254967547369,-1.088339539090472e-08,36.802244197312724,-5.599044239412826e-15,1.776126114027092,0-2,19,50.44999999999993,50450,,,,,0,0.02431023535844048,0.0023807882050841164,20.72200273720568,1.310983892607946,0.0002995480353308643,negative_baseline,20.0,0,0,0,0,0,0,0,0,0,0,-1,0,0,0,1,0,0,1,0,0
sim_0041_n3_seed297,297,0.001,3,979.0,1,body_1,3.1163256233840357,1.938542682722356,0.00036249159111792424,2.7533781243256592e-05,0.022004337001551907,0.002187831961635357,2,22.156865887219965,1.7325427668242213,-8.083254828589178,6.307475465212957e-09,36.80224419731275,-4.826762275355884e-15,2.599447335146509,0-2,19,51.44999999999993,51450,,,,,0,0.022004337001551907,0.0021881657143794945,22.156865887219965,1.7325427668242213,0.00026243825588264204,negative_baseline,20.0,0,0,0,0,0,1,0,0,0,0,-1,0,0,0,1,0,0,1,0,0
sim_0041_n3_seed297,297,0.001,3,980.0,1,body_1,3.1163256233840357,1.938542682722356,0.00038848738198247275,2.7734798554707856e-05,0.0201353692090589,0.001692684072669804,0,23.47415445960055,0.44795029916873313,-8.083254862459473,2.1172952076653924e-09,36.80224419731276,-4.6336917843416485e-15,2.8100379548657215,0-2,19,52.44999999999993,52450,,,,,0,0.0201353692090589,0.0016928244502215477,23.47415445960055,0.44795029916873313,0.00026553781358852114,negative_baseline,20.0,0,0,0,0,0,0,0,0,0,0,-1,0,0,0,1,0,0,1,0,0
sim_0041_n3_seed297,297,0.001,3,981.0,1,body_1,3.1163256233840357,1.938542682722356,0.0004146931988899568,2.7892153949890345e-05,0.018670890279481458,0.001388005537996959,0,23.882623669810133,0.7497214629338662,-8.083254792582407,1.0761964583105103e-08,36.80224419731271,-5.985185221441297e-15,2.4122352623012246,0-2,19,53.44999999999993,53450,,,,,0,0.018670890279481458,0.0013878937561869126,23.882623669810133,0.7497214629338662,0.0002987109775615427,negative_baseline,20.0,0,0,0,0,0,0,0,0,0,0,-1,0,0,0,1,0,0,1,0,0
sim_0041_n3_seed297,297,0.001,3,981.95,1,body_1,3.1163256233840357,1.938542682722356,0.0004397521125213549,2.804421958124882e-05,0.01736298508831495,0.0014459917627912514,0,24.886442988907564,1.9556659238538703,-8.08325651429467,-2.022354341364965e-07,36.80224419731268,-6.757467185498238e-15,1.4952215261412969,0-2,19,54.39999999999998,54400,,,,,0,0.01736298508831495,0.0014463438640423757,24.886442988907564,1.9556659238538703,0.000393718683707389,negative_hard,10.0,0,0,0,0,0,1,0,0,0,0,-1,0,0,0,1,0,0,1,0,0
sim_0041_n3_seed297,297,0.001,3,982.0,1,body_1,3.1163256233840357,1.938542682722356,0.0004410755077505431,2.8053704832514247e-05,0.017291455282467567,0.001448527107618894,0,24.979210289569323,2.0470616167078433,-8.083257247226586,-2.9290830378702467e-07,36.80224419731268,-6.757467185498238e-15,1.4417547383952831,0-2,19,54.44999999999993,54450,,,,,0,0.017291455282467567,0.0014490474471537925,24.979210289569323,2.0470616167078433,0.0004021305375771853,negative_baseline,20.0,0,0,0,0,0,1,0,0,0,0,-1,0,0,0,1,0,0,1,0,0
sim_0041_n3_seed297,297,0.001,3,982.45,1,body_1,3.1163256233840357,1.938542682722356,0.0004530091797688318,2.814048628637251e-05,0.016679784611838,0.001259848066945579,2,26.024166050714342,1.1305067374754127,-8.08327076369936,-1.965065494941023e-06,36.802244197312746,-5.019832766370119e-15,1.1477077062378616,0-2,19,54.89999999999998,54900,,,,,0,0.016679784611838,0.001260299734625868,26.024166050714342,1.1305067374754127,0.00046877507612563726,negative_hard,10.0,0,0,0,0,0,0,0,0,0,0,-1,0,0,0,1,0,0,1,0,0
sim_0041_n3_seed297,297,0.001,3,982.95,1,body_1,3.1163256233840357,1.938542682722356,0.0004663145573341098,2.8214846633338033e-05,0.01613366782469156,0.0010789970042516398,2,25.735366072828302,1.056508564694008,-8.083256582401203,-2.106610664789957e-07,36.80224419731269,-6.564396694484003e-15,1.4894639457961882,0-2,19,55.39999999999998,55400,,,,,0,0.01613366782469156,0.0010786142009435306,25.735366072828302,1.056508564694008,0.0004344626132632521,negative_hard,10.0,0,0,0,0,0,0,0,0,0,0,-1,0,0,0,1,0,0,1,0,0
sim_0041_n3_seed297,297,0.001,3,983.0,1,body_1,3.1163256233840357,1.938542682722356,0.00046764735567163376,2.8221860247878787e-05,0.016080354527974978,0.0010854183376245896,2,25.742637964564864,1.0905285872626629,-8.08325602495889,-1.4169846155573118e-07,36.8022441973127,-6.178255712455532e-15,1.5439932368876368,0-2,19,55.44999999999993,55450,,,,,0,0.016080354527974978,0.001085152027469519,25.742637964564864,1.0905285872626629,0.000428698685652956,negative_baseline,20.0,0,0,0,0,0,0,0,0,0,0,-1,0,0,0,1,0,0,1,0,0
sim_0041_n3_seed297,297,0.001,3,984.0,1,body_1,3.1163256233840357,1.938542682722356,0.0004943925974381458,2.8389045441394292e-05,0.01496196319068979,0.0011210986053435189,2,26.767261331880373,1.5600581839223653,-8.08325480569604,9.139643743090301e-09,36.802244197312774,-4.2475508023131784e-15,2.476468516399706,0-2,19,56.44999999999993,56450,,,,,0,0.01496196319068979,0.0011212601935055438,26.767261331880373,1.5600581839223653,0.00036243413389476086,negative_baseline,20.0,0,0,0,0,0,1,0,0,0,0,-1,0,0,0,1,0,0,1,0,0
sim_0041_n3_seed297,297,0.001,3,985.0,1,body_1,3.1163256233840357,1.938542682722356,0.0005213258582697384,2.8566309693593656e-05,0.01395408999836565,0.0009326576422407094,2,28.418821032373163,1.7525737219278452,-8.083254863750035,1.957636463396927e-09,36.80224419731276,-4.6336917843416485e-15,2.815914556058297,0-2,19,57.44999999999993,57450,,,,,0,0.01395408999836565,0.0009327502923026288,28.418821032373163,1.7525737219278452,0.00035579113455256326,negative_baseline,20.0,0,0,0,0,0,1,0,0,0,0,-1,0,0,0,1,0,0,1,0,0
sim_0041_n3_seed297,297,0.001,3,986.0,1,body_1,3.1163256233840357,1.938542682722356,0.0005484406990248532,2.871791942741224e-05,0.013139374059954792,0.0007631359187106949,0,28.75085810727317,0.5093883771957627,-8.083254819923273,7.379556632486797e-09,36.80224419731271,-5.985185221441297e-15,2.5480148650496046,0-2,19,58.44999999999993,58450,,,,,0,0.013139374059954792,0.0007631185722458178,28.75085810727317,0.5093883771957627,0.00038443917108845177,negative_baseline,20.0,0,0,0,0,0,0,0,0,0,0,-1,0,0,0,1,0,0,1,0,0
sim_0041_n3_seed297,297,0.001,3,987.0,1,body_1,3.1163256233840357,1.938542682722356,0.0005757141300363412,2.8858934222666065e-05,0.012404073033024984,0.0007667824223339159,0,29.463280925255756,1.5946538798234642,-8.083255256217985,-4.6595570820275604e-08,36.80224419731279,-3.8614098202847076e-15,1.6732028169402344,0-2,19,59.44999999999993,59450,,,,,0,0.012404073033024984,0.0007667272213697348,29.463280925255756,1.5946538798234642,0.00047929782534773753,negative_hard,10.0,0,0,0,0,0,1,0,0,0,0,-1,0,0,0,1,0,0,1,0,0
sim_0041_n3_seed297,297,0.001,3,987.5,1,body_1,3.1163256233840357,1.938542682722356,0.0005894097070433474,2.894085024609749e-05,0.01201877839805162,0.000762678252820647,0,30.395849117443834,2.4643193551633296,-8.083266641636673,-1.4551146460516284e-06,36.80224419731272,-5.792114730427061e-15,1.19444254503295,0-2,19,59.94999999999993,59950,,,,,0,0.01201877839805162,0.0007633777103259181,30.395849117443834,2.4643193551633296,0.0005768414208728569,negative_hard,10.0,0,0,0,0,0,1,0,0,0,0,-1,0,0,0,1,0,0,1,0,0
sim_0041_n3_seed297,297,0.001,3,988.0,1,body_1,3.1163256233840357,1.938542682722356,0.0006031480075410381,2.901589563788898e-05,0.011688564803935578,0.0006115137321423527,2,30.549858601944155,1.0044896360123994,-8.083259978182095,-6.307617490166428e-07,36.802244197312696,-6.371326203469767e-15,1.3250950003405186,0-2,19,60.44999999999993,60450,,,,,0,0.011688564803935578,0.0006110966800290311,30.549858601944155,1.0044896360123994,0.0005744667478949408,negative_hard,10.0,0,0,0,0,0,0,0,0,0,0,-1,0,0,0,1,0,0,1,0,0
sim_0041_n3_seed297,297,0.001,3,988.5,1,body_1,3.1163256233840357,1.938542682722356,0.0006169241341398476,2.9083331061768873e-05,0.011383678012111008,0.000636215807405558,2,30.611287421694204,1.222889059035609,-8.08325484396115,4.405769732974221e-09,36.80224419731263,-8.108960622597885e-15,1.8601544761385786,0-2,19,60.94999999999993,60950,,,,,0,0.011383678012111008,0.0006362382751391364,30.611287421694204,1.222889059035609,0.0005080556055674221,negative_hard,10.0,0,0,0,0,0,0,0,0,0,0,-1,0,0,0,1,0,0,1,0,0
sim_0041_n3_seed297,297,0.001,3,989.0,1,body_1,3.1163256233840357,1.938542682722356,0.0006307376954291103,2.9158751839176414e-05,0.011062493506954992,0.0006519565425362257,2,31.10689698707715,1.4183886982101503,-8.083254775240915,1.2907324596671814e-08,36.80224419731274,-5.212903257384355e-15,2.3251425225335023,0-2,19,61.44999999999993,61450,,,,,0,0.011062493506954992,0.0006520373835147402,31.10689698707715,1.4183886982101503,0.0004706523745422028,negative_baseline,20.0,0,0,0,0,0,1,0,0,0,0,-1,0,0,0,1,0,0,1,0,0
sim_0041_n3_seed297,297,0.001,3,990.0,1,body_1,3.1163256233840357,1.938542682722356,0.0006584871032734889,2.9317444864962174e-05,0.010450305677725197,0.0005794918099017522,2,32.60539887574768,1.6409850145685592,-8.08325486111304,2.2838657685405567e-09,36.80224419731269,-6.564396694484003e-15,2.7950826157371766,0-2,19,62.44999999999993,62450,,,,,0,0.010450305677725197,0.000579552649824187,32.60539887574768,1.6409850145685592,0.000450274412985968,negative_baseline,20.0,0,0,0,0,0,1,0,0,0,0,-1,0,0,0,1,0,0,1,0,0
sim_0041_n3_seed297,297,0.001,3,991.0,1,body_1,3.1163256233840357,1.938542682722356,0.0006863990025133843,2.946241254100436e-05,0.009935941246459995,0.00048070567458692517,0,33.317954089960566,0.3301153056414092,-8.083254839615192,4.943419272012576e-09,36.80224419731267,-7.143608167526709e-15,2.6560604074134306,0-2,19,63.44999999999993,63450,,,,,0,0.009935941246459995,0.0004807168103717759,33.317954089960566,0.3301153056414092,0.0004725491416299325,negative_baseline,20.0,0,0,0,0,0,0,0,0,0,0,-1,0,0,0,1,0,0,1,0,0
sim_0041_n3_seed297,297,0.001,3,992.0,1,body_1,3.1163256233840357,1.938542682722356,0.0007144585697930507,2.95938990755213e-05,0.009485716389793387,0.0004557077416643147,0,33.762984701881564,1.2312811403602435,-8.083254805593342,9.152348810027211e-09,36.80224419731259,-9.267383568683297e-15,1.9024530084490525,0-2,19,64.44999999999993,64450,,,,,0,0.009485716389793387,0.00045562633518356004,33.762984701881564,1.2312811403602435,0.000556355251181272,negative_baseline,20.0,0,0,0,0,0,0,0,0,0,0,-1,0,0,0,1,0,0,1,0,0
sim_0041_n3_seed297,297,0.001,3,992.5,1,body_1,3.1163256233840357,1.938542682722356,0.0007285409858077733,2.9664347159833625e-05,0.009252293919274578,0.00048374272610350334,0,34.40744605130323,2.0337572436733526,-8.083258855311982,-4.918486341806616e-07,36.80224419731253,-1.081194749679718e-14,1.3633576196297825,0-2,19,64.94999999999993,64950,,,,,0,0.009252293919274578,0.0004839297998932934,34.40744605130323,2.0337572436733526,0.0006550324430886421,negative_hard,10.0,0,0,0,0,0,1,0,0,0,0,-1,0,0,0,1,0,0,1,0,0
sim_0041_n3_seed297,297,0.001,3,993.0,1,body_1,3.1163256233840357,1.938542682722356,0.0007426611505695531,2.9738257953052323e-05,0.009025610841676234,0.00041632291296478976,2,35.208914306513044,1.1422522932421046,-8.083268237715078,-1.6525695610852489e-06,36.802244197312596,-9.074313077669062e-15,1.1744937799845219,0-2,19,65.44999999999993,65450,,,,,0,0.009025610841676234,0.0004162354483891962,35.208914306513044,1.1422522932421046,0.0007248752179572592,negative_hard,10.0,0,0,0,0,0,0,0,0,0,0,-1,0,0,0,1,0,0,1,0,0
sim_0041_n3_seed297,297,0.001,3,993.5,1,body_1,3.1163256233840357,1.938542682722356,0.0007568178862377614,2.9802210845841597e-05,0.00883362434764549,0.00038882945430685433,2,34.956971807320535,1.1045195611263259,-8.083255453006043,-7.094072147812923e-08,36.802244197312596,-9.074313077669062e-15,1.6286958783241658,0-2,19,65.94999999999993,65950,,,,,0,0.00883362434764549,0.00038875911010891664,34.956971807320535,1.1045195611263259,0.0006481638401837786,negative_hard,10.0,0,0,0,0,0,0,0,0,0,0,-1,0,0,0,1,0,0,1,0,0
sim_0041_n3_seed297,297,0.001,3,994.0,1,body_1,3.1163256233840357,1.938542682722356,0.0007710085087263593,2.986869561359034e-05,0.008634602995398089,0.0004107853533244584,2,35.248558623319724,1.2964085156273397,-8.083254748418318,1.6225616284370314e-08,36.802244197312625,-8.30203111361212e-15,2.145588401591044,0-2,19,66.44999999999993,66450,,,,,0,0.008634602995398089,0.00041082137935031615,35.248558623319724,1.2964085156273397,0.0005889928151331594,negative_baseline,20.0,0,0,0,0,0,0,0,0,0,0,-1,0,0,0,1,0,0,1,0,0
sim_0041_n3_seed297,297,0.001,3,995.0,1,body_1,3.1163256233840357,1.938542682722356,0.0007994979679884423,3.001261402662452e-05,0.008233571308077987,0.00038866126144627777,2,36.56180979497301,1.542717958934098,-8.083254854265022,3.1310516042886924e-09,36.80224419731263,-8.108960622597885e-15,2.747127930760523,0-2,19,67.44999999999993,67450,,,,,0,0.008233571308077987,0.0003887017492391405,36.56180979497301,1.542717958934098,0.0005494827024999384,negative_baseline,20.0,0,0,0,0,0,1,0,0,0,0,-1,0,0,0,1,0,0,1,0,0
sim_0041_n3_seed297,297,0.001,3,996.0,1,body_1,3.1163256233840357,1.938542682722356,0.0008281356200643214,3.0150715386661288e-05,0.007881890896574333,0.00032994898269009395,0,37.64134379671158,0.22586268682149568,-8.083254852618888,3.334699011228728e-09,36.802244197312504,-1.1584229460854122e-14,2.7363974702208145,0-2,19,68.44999999999993,68450,,,,,0,0.007881890896574333,0.00032996653259120714,37.64134379671158,0.22586268682149568,0.0005634853758371799,negative_baseline,20.0,0,0,0,0,0,0,0,0,0,0,-1,0,0,0,1,0,0,1,0,0
sim_0041_n3_seed297,297,0.001,3,997.0,1,body_1,3.1163256233840357,1.938542682722356,0.0008569126222371045,3.027654563326445e-05,0.007578234508689395,0.0002987770333510937,0,37.903280165993465,0.9391637546020968,-8.08325474656047,1.6455455283274384e-08,36.802244197312376,-1.505949829911036e-14,2.1127298690456358,0-2,19,69.44999999999993,69450,,,,,0,0.007578234508689395,0.0002987327438580325,37.903280165993465,0.9391637546020968,0.0006358238577518824,negative_baseline,20.0,0,0,0,0,0,0,0,0,0,0,-1,0,0,0,1,0,0,1,0,0
sim_0041_n3_seed297,297,0.001,3,997.5500000000001,1,body_1,3.1163256233840357,1.938542682722356,0.0008727958171706662,3.0346452940578673e-05,0.007411394318874992,0.0003164788803569769,0,38.38667696537226,1.6987049257845508,-8.083256108860132,-1.520780973286837e-07,36.80224419731244,-1.332186387998224e-14,1.5339007918056498,0-2,19,70.0,70000,,,,,0,0.007411394318874992,0.00031647731547555503,38.38667696537226,1.6987049257845508,0.0007350882734142781,negative_hard,10.0,0,0,0,0,0,1,0,0,0,0,-1,0,0,0,1,0,0,1,0,0
sim_0041_n3_seed297,297,0.001,3,998.0,1,body_1,3.1163256233840357,1.938542682722356,0.0008858215686491877,3.0408302758022043e-05,0.00726886163365917,0.00031129951600696146,0,39.24387584269179,2.4380446009550383,-8.083269439240727,-1.8012133520646919e-06,36.80224419731236,-1.544563928113883e-14,1.1610101390903513,0-2,19,70.44999999999993,70450,,,,,0,0.00726886163365917,0.00031154706743319685,39.24387584269179,2.4380446009550383,0.000846819621851295,negative_baseline,20.0,0,0,0,0,0,1,0,0,0,0,-1,0,0,0,1,0,0,1,0,0
sim_0041_n3_seed297,297,0.001,3,998.0500000000001,1,body_1,3.1163256233840357,1.938542682722356,0.0008872706474497636,3.0415163294667314e-05,0.0072537225217092684,0.00030540304429335803,0,39.36635972113555,2.484281887993972,-8.083270538378656,-1.9371904980896715e-06,36.80224419731238,-1.4866427808096124e-14,1.1497044753659924,0-2,19,70.5,70500,,,,,0,0.0072537225217092684,0.00030560531177938017,39.36635972113555,2.484281887993972,0.0008532668645415806,negative_hard,10.0,0,0,0,0,0,1,0,0,0,0,-1,0,0,0,1,0,0,1,0,0
sim_0041_n3_seed297,297,0.001,3,998.5500000000001,1,body_1,3.1163256233840357,1.938542682722356,0.0009017802183146472,3.0478190434097967e-05,0.007118208399941726,0.0002610897476239658,2,39.18230089532184,1.067586519603808,-8.083257092466619,-2.7376255508489095e-07,36.802244197312405,-1.4287216335053417e-14,1.4511894123153746,0-2,19,71.0,71000,,,,,0,0.007118208399941726,0.0002609780566016272,39.18230089532184,1.067586519603808,0.0007967723079620563,negative_hard,10.0,0,0,0,0,0,0,0,0,0,0,-1,0,0,0,1,0,0,1,0,0
sim_0041_n3_seed297,297,0.001,3,999.0,1,body_1,3.1163256233840357,1.938542682722356,0.0009148662559086135,3.053302438319773e-05,0.006999376576268393,0.000273631180194487,2,39.2494881456352,1.1925634596734382,-8.083254781797518,1.2096190657457402e-08,36.802244197312376,-1.505949829911036e-14,1.9395062358519566,0-2,19,71.44999999999993,71450,,,,,0,0.006999376576268393,0.00027363593902672903,39.2494881456352,1.1925634596734382,0.0007203427867108548,negative_baseline,20.0,0,0,0,0,0,0,0,0,0,0,-1,0,0,0,1,0,0,1,0,0
sim_0041_n3_seed297,297,0.001,3,1000.0,1,body_1,3.1163256233840357,1.938542682722356,0.000944041553931004,3.0664931042147035e-05,0.006722889886906914,0.00027517191111054123,2,40.338390208465846,1.4535850299555442,-8.083254842292819,4.612163231110915e-09,36.80224419731229,-1.7376344191281184e-14,2.6716684410831726,0-2,19,72.44999999999993,72450,,,,,0,0.006722889886906914,0.0002745849979084088,40.338390208465846,1.4535850299555442,0.0006541428742722457,negative_baseline,20.0,0,0,0,0,0,1,0,0,0,0,-1,0,0,0,1,0,0,1,0,0
