simulation_id,seed,timestep,body_count,time,body_id,body_name,mass,mass_ratio,position_error,velocity_error,acceleration,jerk,nearest_neighbor_id,nearest_neighbor_distance,relative_velocity,total_energy,energy_drift,angular_momentum,angular_momentum_drift,system_min_distance,system_min_distance_pair,correction_id,time_since_last_correction,steps_since_last_correction,error_at_trigger,correction_interval,body_position_error_at_trigger,body_velocity_error_at_trigger,body_triggered_correction,pre_correction_acceleration,pre_correction_jerk,pre_correction_nearest_neighbor_distance,pre_correction_relative_velocity,system_position_error_pre_check,sample_role,sampling_weight,strong_acceleration,high_jerk,acceleration_spike,close_encounter,rapid_approach,rapid_separation,high_relative_velocity_encounter,near_collision,ejection_escape,temporary_capture,temporary_capture_partner_id,strong_mass_ratio_interaction,closest_pair_switch,involved_in_closest_pair_switch,hierarchical_configuration,involved_in_hierarchical_tight_pair,near_symmetric_configuration,chaotic_scattering,stable,quiescent_regime
sim_0000_n2_seed256,256,0.001,2,1.0,1,body_1,9.897616233308575,3.6886825746214664,2.7429636629194362e-08,4.090630188452996e-09,0.5802424219987328,0.1698803770489109,0,7.932246627865056,2.3199897131824803,-24.599759395661316,-1.238037509335905e-10,143.24638548066127,2.777758968859815e-15,7.932246627865056,0-1,0,1.0,1000,,,,,0,0.5802424219987328,0.16987929377252942,7.932246627865056,2.3199897131824803,2.009578901486451e-08,negative_baseline,20.0,0,0,0,0,0,0,0,0,0,0,-1,0,0,0,0,0,0,0,1,1
sim_0000_n2_seed256,256,0.001,2,2.0,1,body_1,9.897616233308575,3.6886825746214664,5.2813575832599075e-08,1.1844385621948667e-08,0.5935959326319327,0.17843254661825797,0,7.842517367670385,2.3486646255209305,-24.59975940516327,-5.100657810025623e-10,143.2463854806613,2.976170323778373e-15,7.842517367670385,0-1,0,2.0,2000,,,,,0,0.5935959326319327,0.17842924002888738,7.842517367670385,2.3486646255209305,3.869283747174339e-08,negative_baseline,20.0,0,0,0,0,0,0,0,0,0,0,-1,0,0,0,0,0,0,0,1,1
sim_0000_n2_seed256,256,0.001,2,3.0,1,body_1,9.897616233308575,3.6886825746214664,7.651237267250663e-08,2.4778209840235626e-08,0.615726102935001,0.1928434770341069,0,7.700291476663572,2.3947471866716925,-24.5997594221802,-1.2018176723797538e-09,143.2463854806613,2.976170323778373e-15,7.700291476663572,0-1,0,3.0,3000,,,,,0,0.615726102935001,0.19283860279358558,7.700291476663572,2.3947471866716925,5.605529978532749e-08,negative_baseline,20.0,0,0,0,0,0,0,0,0,0,0,-1,0,0,0,0,0,0,0,1,1
sim_0000_n2_seed256,256,0.001,2,4.0,1,body_1,9.897616233308575,3.6886825746214664,1.0427302903272852e-07,4.3881420221982814e-08,0.6461046915036006,0.2130910977682972,0,7.517085675033378,2.4553156589865233,-24.59975944825491,-2.2617756886775926e-09,143.24638548066102,9.92056774592791e-16,7.517085675033378,0-1,0,4.0,4000,,,,,0,0.6461046915036006,0.2130859053279317,7.517085675033378,2.4553156589865233,7.63936044589818e-08,negative_baseline,20.0,0,0,0,0,0,0,0,0,0,0,-1,0,0,0,0,0,0,0,1,1
sim_0000_n2_seed256,256,0.001,2,4.6000000000000005,1,body_1,9.897616233308575,3.6886825746214664,1.2770892432424134e-07,5.8764318048808114e-08,0.6677405989466854,0.22782529947250216,0,7.394299821144433,2.4967184461812613,-24.599759468847722,-3.0988900150131253e-09,143.246385480661,7.936454196742328e-16,7.394299821144433,0-1,0,4.6000000000000005,4600,,,,,0,0.6677405989466854,0.22782092587743025,7.394299821144433,2.4967184461812613,9.356345599082703e-08,negative_hard,10.0,0,0,0,0,1,0,0,0,0,0,-1,0,0,0,0,0,0,0,0,0
sim_0000_n2_seed256,256,0.001,2,5.0,1,body_1,9.897616233308575,3.6886825746214664,1.479757865347532e-07,7.026827822103282e-08,0.6832628886695986,0.23854976830748606,0,7.309825860143987,2.525600356855612,-24.599759484707292,-3.743594274287748e-09,143.24638548066102,9.92056774592791e-16,7.309825860143987,0-1,0,5.0,5000,,,,,0,0.6832628886695986,0.2385465299678614,7.309825860143987,2.525600356855612,1.0841157710691996e-07,negative_baseline,20.0,0,0,1,0,1,0,0,0,0,0,-1,0,0,0,0,0,0,0,0,0
sim_0000_n2_seed256,256,0.001,2,5.1000000000000005,1,body_1,9.897616233308575,3.6886825746214664,1.5373185795961027e-07,7.335205025174164e-08,0.6872492291827333,0.24132409149109846,0,7.288594964521789,2.5329118502264607,-24.599759488930612,-3.9152756429016604e-09,143.2463854806611,1.5872908393484656e-15,7.288594964521789,0-1,0,5.1000000000000005,5100,,,,,0,0.6872492291827333,0.24132122279326948,7.288594964521789,2.5329118502264607,1.1262865040119793e-07,negative_hard,10.0,0,0,1,0,1,0,0,0,0,0,-1,0,0,0,0,0,0,0,0,0
sim_0000_n2_seed256,256,0.001,2,5.6000000000000005,1,body_1,9.897616233308575,3.6886825746214664,1.8709308805838036e-07,9.00615427775257e-08,0.7075971896900739,0.2556098897654415,0,7.183033595745041,2.569587831053984,-24.599759511470374,-4.831535094754694e-09,143.2463854806611,1.5872908393484656e-15,7.183033595745041,0-1,0,5.6000000000000005,5600,,,,,0,0.7075971896900739,0.255609443660558,7.183033595745041,2.569587831053984,1.370701048932267e-07,negative_hard,10.0,0,0,1,0,1,0,0,0,0,0,-1,0,0,0,0,0,0,0,0,0
sim_0000_n2_seed256,256,0.001,2,6.0,1,body_1,9.897616233308575,3.6886825746214664,2.196331833976458e-07,1.0501039938266675e-07,0.7240609112472851,0.2673163792990883,0,7.100899991168422,2.5985066510546817,-24.59975953094005,-5.622993137701087e-09,143.24638548066093,3.968227098371164e-16,7.100899991168422,0-1,0,6.0,6000,,,,,0,0.7240609112472851,0.2673186131030982,7.100899991168422,2.5985066510546817,1.6090997195125083e-07,negative_baseline,20.0,0,0,1,0,0,0,0,0,0,0,-1,0,0,0,0,0,0,0,0,0
sim_0000_n2_seed256,256,0.001,2,7.0,1,body_1,9.897616233308575,3.6886825746214664,3.2453584877093444e-07,1.4841716887894184e-07,0.7630923698007133,0.2955664772405521,0,6.916914252346837,2.6645654202713214,-24.599759581703207,-7.686556225727556e-09,143.2463854806611,1.5872908393484656e-15,6.916914252346837,0-1,0,7.0,7000,,,,,0,0.7630923698007133,0.2955783070895309,6.916914252346837,2.6645654202713214,2.3776486541759288e-07,negative_baseline,20.0,0,0,0,0,0,0,0,0,0,0,-1,0,0,0,0,0,0,0,1,0
sim_0000_n2_seed256,256,0.001,2,8.0,1,body_1,9.897616233308575,3.6886825746214664,4.6024547363886586e-07,1.988415250264223e-07,0.7930083218985754,0.31765862712388976,0,6.785190962169663,2.713006442570553,-24.59975962520915,-9.455107749576185e-09,143.24638548066093,3.968227098371164e-16,6.785190962169663,0-1,0,8.0,8000,,,,,0,0.7930083218985754,0.3176827346116215,6.785190962169663,2.713006442570553,3.371898772911482e-07,negative_baseline,20.0,1,1,0,0,0,0,0,0,0,0,-1,0,0,0,0,0,0,0,0,0
sim_0000_n2_seed256,256,0.001,2,8.4,1,body_1,9.897616233308575,3.6886825746214664,5.213208980137521e-07,2.200583563921467e-07,0.8007240517347006,0.3234141402855716,0,6.752420978282275,2.725213452455248,-24.599759637103716,-9.93863146699145e-09,143.24638548066105,1.1904681295113491e-15,6.752420978282275,0-1,0,8.4,8400,,,,,0,0.8007240517347006,0.3234430773386217,6.752420978282275,2.725213452455248,3.8193559617986766e-07,negative_hard,10.0,1,1,0,1,0,0,1,0,0,0,-1,0,0,0,0,0,0,0,0,0
sim_0000_n2_seed256,256,0.001,2,8.9,1,body_1,9.897616233308575,3.6886825746214664,6.013665383171702e-07,2.4654557265164497e-07,0.8061127450004629,0.32744725209813713,0,6.72981388071865,2.73367188110773,-24.599759645578384,-1.028313353886742e-08,143.24638548066105,1.1904681295113491e-15,6.72981388071865,0-1,0,8.9,8900,,,,,0,0.8061127450004629,0.32748147554323037,6.72981388071865,2.73367188110773,4.4057947484094865e-07,negative_hard,10.0,1,1,0,1,0,0,1,0,0,0,-1,0,0,0,0,0,0,0,0,0
sim_0000_n2_seed256,256,0.001,2,9.0,1,body_1,9.897616233308575,3.6886825746214664,6.177244002770147e-07,2.517680367546615e-07,0.8065866756756762,0.32780248227161746,0,6.727836452883889,2.7344131884794374,-24.599759646330348,-1.0313701472989854e-08,143.24638548066108,1.3888794844299075e-15,6.727836452883889,0-1,0,9.0,9000,,,,,0,0.8065866756756762,0.3278376181395062,6.727836452883889,2.7344131884794374,4.5256374381402116e-07,negative_baseline,20.0,1,1,0,1,0,0,1,1,0,0,-1,0,0,0,0,0,0,0,0,0
sim_0000_n2_seed256,256,0.001,2,9.4,1,body_1,9.897616233308575,3.6886825746214664,6.838051432385126e-07,2.7216908227196723e-07,0.80641675729737,0.3276751119450385,0,6.728545219682297,2.7341474556884817,-24.599759646060658,-1.0302738355677725e-08,143.24638548066096,5.952340647556746e-16,6.728545219682297,0-1,0,9.4,9400,,,,,0,0.80641675729737,0.3277132966741559,6.728545219682297,2.7341474556884817,5.00976512613639e-07,negative_hard,10.0,1,1,0,1,0,0,1,0,0,0,-1,0,0,0,0,0,0,0,0,0
sim_0000_n2_seed256,256,0.001,2,9.9,1,body_1,9.897616233308575,3.6886825746214664,7.666844035058081e-07,2.9606259684274967e-07,0.8016132294764173,0.32407888122936096,0,6.74867492711289,2.7266129272680613,-24.59975963849267,-9.995093593585505e-09,143.24638548066082,-3.968227098371164e-16,6.74867492711289,0-1,0,9.9,9900,,,,,0,0.8016132294764173,0.3241193677124145,6.74867492711289,2.7266129272680613,5.616963870565743e-07,negative_hard,10.0,1,1,0,1,0,0,1,0,0,0,-1,0,0,0,0,0,0,0,0,0
sim_0000_n2_seed256,256,0.001,2,10.0,1,body_1,9.897616233308575,3.6886825746214664,7.831408602231211e-07,3.005652152774605e-07,0.8000647587689287,0.3229214528627817,0,6.755202569929107,2.7241748265493513,-24.59975963607647,-9.896873097425794e-09,143.2463854806608,-5.952340647556746e-16,6.755202569929107,0-1,0,10.0,10000,,,,,0,0.8000647587689287,0.3229621893127863,6.755202569929107,2.7241748265493513,5.737528896491039e-07,negative_baseline,20.0,1,1,0,1,0,0,1,0,0,0,-1,0,0,0,0,0,0,0,0,0
sim_0000_n2_seed256,256,0.001,2,11.0,1,body_1,9.897616233308575,3.6886825746214664,9.41242419137659e-07,3.3921031443046104e-07,0.7752885934947609,0.3045291141334182,0,6.862292888274174,2.6845323726438632,-24.599759598945038,-8.387450523058128e-09,143.2463854806607,-1.1904681295113491e-15,6.862292888274174,0-1,0,11.0,11000,,,,,0,0.7752885934947609,0.304568809983931,6.862292888274174,2.6845323726438632,6.895829156844082e-07,negative_baseline,20.0,1,1,0,0,0,0,0,0,0,0,-1,0,0,0,0,0,0,0,0,0
sim_0000_n2_seed256,256,0.001,2,12.0,1,body_1,9.897616233308575,3.6886825746214664,1.0792309969405314e-06,3.6496924072901994e-07,0.7386260029206686,0.27777862117763796,0,7.030539474565982,2.6235559927916854,-24.599759549111948,-6.361695321650761e-09,143.24638548066108,1.3888794844299075e-15,7.030539474565982,0-1,0,12.0,12000,,,,,0,0.7386260029206686,0.27781271606202396,7.030539474565982,2.6235559927916854,7.906775586393865e-07,negative_baseline,20.0,0,0,1,0,0,0,0,0,0,0,-1,0,0,0,0,0,0,0,0,0
sim_0000_n2_seed256,256,0.001,2,13.0,1,body_1,9.897616233308575,3.6886825746214664,1.189120040799631e-06,3.7885108296894326e-07,0.6977167844837094,0.2486473812350852,0,7.2337144669136935,2.551911622971064,-24.59975950031873,-4.378211760862353e-09,143.24638548066147,4.1666384532897224e-15,7.2337144669136935,0-1,0,13.0,13000,,,,,0,0.6977167844837094,0.2486742785511586,7.2337144669136935,2.551911622971064,8.711856272650693e-07,negative_baseline,20.0,0,0,1,0,0,1,0,0,0,0,-1,0,0,0,0,0,0,0,0,0
sim_0000_n2_seed256,256,0.001,2,14.0,1,body_1,9.897616233308575,3.6886825746214664,1.2678947397912895e-06,3.840905268698928e-07,0.6587808280932446,0.2216928609822101,0,7.444413216317118,2.4797392388910264,-24.59975946010962,-2.743679150620993e-09,143.24638548066144,3.968227098371164e-15,7.444413216317118,0-1,0,14.0,14000,,,,,0,0.6587808280932446,0.2217129145552748,7.444413216317118,2.4797392388910264,9.288983765412582e-07,negative_baseline,20.0,0,0,0,0,0,1,0,0,0,0,-1,0,0,0,0,0,0,0,0,0
sim_0000_n2_seed256,256,0.001,2,15.0,1,body_1,9.897616233308575,3.6886825746214664,1.31633975429723e-06,3.84363357062773e-07,0.6257296253993856,0.19945258405237762,0,7.638491307126178,2.4150222436815167,-24.599759430411247,-1.5364163858037897e-09,143.2463854806612,2.18252490410414e-15,7.638491307126178,0-1,0,15.0,15000,,,,,0,0.6257296253993856,0.19946686956311208,7.638491307126178,2.4150222436815167,9.643906743769342e-07,negative_baseline,20.0,0,0,0,0,0,0,0,0,0,0,-1,0,0,0,0,0,0,0,1,0
sim_0000_n2_seed256,256,0.001,2,16.0,1,body_1,9.897616233308575,3.6886825746214664,1.3376620427321461e-06,3.8276328988269895e-07,0.6005432874487802,0.1829249953504159,0,7.797022524853503,2.363319614341814,-24.599759410332258,-7.201893318084811e-10,143.24638548066108,1.3888794844299075e-15,7.797022524853503,0-1,0,16.0,16000,,,,,0,0.6005432874487802,0.18293460533149325,7.797022524853503,2.363319614341814,9.800120363194277e-07,negative_baseline,20.0,0,0,0,0,0,0,0,0,0,0,-1,0,0,0,0,0,0,0,1,0
sim_0000_n2_seed256,256,0.001,2,17.0,1,body_1,9.897616233308575,3.6886825746214664,1.3365007963421812e-06,3.815435103704225e-07,0.5840132054339893,0.17228422402310134,0,7.906597189237544,2.3281559832758654,-24.59975939828787,-2.3057525041210754e-10,143.2463854806606,-1.984113549185582e-15,7.906597189237544,0-1,0,17.0,17000,,,,,0,0.5840132054339893,0.17229001920373635,7.906597189237544,2.3281559832758654,9.791612740200027e-07,negative_baseline,20.0,0,0,0,0,0,0,0,0,0,0,-1,0,0,0,0,0,0,0,1,0
sim_0000_n2_seed256,256,0.001,2,18.0,1,body_1,9.897616233308575,3.6886825746214664,1.318424775320827e-06,3.822701491197567e-07,0.5763615815665921,0.16741559260592007,0,7.95890709474587,2.3115270648199626,-24.59975939300492,-1.5819117845690182e-11,143.24638548066042,-3.1745816786969313e-15,7.95890709474587,0-1,0,18.0,18000,,,,,0,0.5763615815665921,0.16741818298972275,7.95890709474587,2.3115270648199626,9.659182324755798e-07,negative_baseline,20.0,0,0,0,0,0,0,0,0,0,0,-1,0,0,0,0,0,0,0,1,0
sim_0000_n2_seed256,256,0.001,2,19.0,1,body_1,9.897616233308575,3.6886825746214664,1.289812320197117e-06,3.8611452849048467e-07,0.5776186950325156,0.16821297802493812,0,7.950241603922683,2.3142748564931166,-24.599759393860438,-5.0596625592685354e-11,143.2463854806603,-3.968227098371164e-15,7.950241603922683,0-1,0,19.0,19000,,,,,0,0.5776186950325156,0.1682127976849409,7.950241603922683,2.3142748564931166,9.449558767060091e-07,negative_baseline,20.0,0,0,0,0,0,0,0,0,0,0,-1,0,0,0,0,0,0,0,1,0
sim_0000_n2_seed256,256,0.001,2,20.0,1,body_1,9.897616233308575,3.6886825746214664,1.2579657786374779e-06,3.941554102887974e-07,0.5877825793084568,0.17469595019451004,0,7.881204419592777,2.3362645034777683,-24.599759400957943,-3.391159030709752e-10,143.24638548065974,-7.936454196742328e-15,7.881204419592777,0-1,0,20.0,20000,,,,,0,0.5877825793084568,0.17469338500617893,7.881204419592777,2.3362645034777683,9.216241280504271e-07,negative_baseline,20.0,0,0,0,0,0,0,0,0,0,0,-1,0,0,0,0,0,0,0,1,0
sim_0000_n2_seed256,256,0.001,2,21.0,1,body_1,9.897616233308575,3.6886825746214664,1.2312919787990065e-06,4.0764030110679566e-07,0.6067935514264383,0.18699150647831742,0,7.75676204920672,2.3763552592456167,-24.59975941511746,-9.147116955563954e-10,143.2463854806596,-8.92851097133512e-15,7.75676204920672,0-1,0,21.0,21000,,,,,0,0.6067935514264383,0.186987090973613,7.75676204920672,2.3763552592456167,9.020820885550924e-07,negative_baseline,20.0,0,0,0,0,0,0,0,0,0,0,-1,0,0,0,0,0,0,0,1,0
sim_0000_n2_seed256,256,0.001,2,22.0,1,body_1,9.897616233308575,3.6886825746214664,1.2193021587750897e-06,4.281560227579227e-07,0.634317508409281,0.20517243803030336,0,7.586607183281831,2.432165797728145,-24.599759437753782,-1.8348963567391228e-09,143.24638548065946,-9.92056774592791e-15,7.586607183281831,0-1,0,22.0,22000,,,,,0,0.634317508409281,0.2051671606488727,7.586607183281831,2.432165797728145,8.93297978582668e-07,negative_baseline,20.0,0,0,0,0,0,0,0,0,0,0,-1,0,0,0,0,0,0,0,1,0
sim_0000_n2_seed256,256,0.001,2,22.8,1,body_1,9.897616233308575,3.6886825746214664,1.2270625492198079e-06,4.509006909190542e-07,0.6617981652935909,0.223753244884277,0,7.4274231672746955,2.4854830311658347,-24.599759463019243,-2.861957655646514e-09,143.2463854806596,-8.92851097133512e-15,7.4274231672746955,0-1,0,22.8,22800,,,,,0,0.6617981652935909,0.22374855991474454,7.4274231672746955,2.4854830311658347,8.989834742000958e-07,negative_hard,10.0,0,0,0,0,1,0,0,0,0,0,-1,0,0,0,0,0,0,0,0,0
sim_0000_n2_seed256,256,0.001,2,23.0,1,body_1,9.897616233308575,3.6886825746214664,1.2320659812847176e-06,4.5759505783725563e-07,0.6693000835282301,0.22889705043989172,0,7.385680353039077,2.4996503508284666,-24.599759470399974,-3.16199029318119e-09,143.2463854806595,-9.523745036090793e-15,7.385680353039077,0-1,0,23.0,23000,,,,,0,0.6693000835282301,0.22889276964874614,7.385680353039077,2.4996503508284666,9.026491400398412e-07,negative_baseline,20.0,0,0,0,0,1,0,0,0,0,0,-1,0,0,0,0,0,0,0,0,0
sim_0000_n2_seed256,256,0.001,2,23.3,1,body_1,9.897616233308575,3.6886825746214664,1.2421555660179053e-06,4.6844745240019846e-07,0.680932674495202,0.2369318123403883,0,7.322322625855225,2.521306694834324,-24.59975948226767,-3.644421757086008e-09,143.24638548065974,-7.936454196742328e-15,7.322322625855225,0-1,0,23.3,23300,,,,,0,0.680932674495202,0.2369283730341974,7.322322625855225,2.521306694834324,9.100410761320925e-07,negative_hard,10.0,0,0,1,0,1,0,0,0,0,0,-1,0,0,0,0,0,0,0,0,0
sim_0000_n2_seed256,256,0.001,2,23.8,1,body_1,9.897616233308575,3.6886825746214664,1.266359220741423e-06,4.887761540049493e-07,0.7010749228766012,0.2510083987088519,0,7.216368978781286,2.5579470634028834,-24.599759504065258,-4.53051115375635e-09,143.24638548065946,-9.92056774592791e-15,7.216368978781286,0-1,0,23.8,23800,,,,,0,0.7010749228766012,0.25100707480105555,7.216368978781286,2.5579470634028834,9.277734104152282e-07,negative_hard,10.0,0,0,1,0,1,0,0,0,0,0,-1,0,0,0,0,0,0,0,0,0
sim_0000_n2_seed256,256,0.001,2,24.0,1,body_1,9.897616233308575,3.6886825746214664,1.2787707719660761e-06,4.97707738896788e-07,0.7092887983833751,0.2568067171610076,0,7.1744629433359455,2.5725896255141283,-24.59975951341986,-4.910783192208325e-09,143.2463854806595,-9.523745036090793e-15,7.1744629433359455,0-1,0,24.0,24000,,,,,0,0.7092887983833751,0.256806515124386,7.1744629433359455,2.5725896255141283,9.368664900379535e-07,negative_baseline,20.0,0,0,1,0,1,0,0,0,0,0,-1,0,0,0,0,0,0,0,0,0
sim_0000_n2_seed256,256,0.001,2,24.3,1,body_1,9.897616233308575,3.6886825746214664,1.3004276932988235e-06,5.11960785542165e-07,0.7216427427514833,0.2655888883504147,0,7.112787321886345,2.5942999621102487,-24.599759528010388,-5.503899955688598e-09,143.2463854806593,-1.09126245205207e-14,7.112787321886345,0-1,0,24.3,24300,,,,,0,0.7216427427514833,0.26559068456198814,7.112787321886345,2.5942999621102487,9.527330097123389e-07,negative_hard,10.0,0,0,1,0,1,0,0,0,0,0,-1,0,0,0,0,0,0,0,0,0
sim_0000_n2_seed256,256,0.001,2,25.0,1,body_1,9.897616233308575,3.6886825746214664,1.3654363254748692e-06,5.49024919840413e-07,0.7497228556151391,0.2858139643731817,0,6.978315039909353,2.6423178357716886,-24.599759563568767,-6.949376668878326e-09,143.24638548065934,-1.0714213165602143e-14,6.978315039909353,0-1,0,25.0,25000,,,,,0,0.7497228556151391,0.28582190794038925,6.978315039909353,2.6423178357716886,1.0003603121705188e-06,negative_baseline,20.0,0,0,0,0,0,0,0,0,0,0,-1,0,0,0,0,0,0,0,1,0
sim_0000_n2_seed256,256,0.001,2,26.0,1,body_1,9.897616233308575,3.6886825746214664,1.4925208716675404e-06,6.092867490673898e-07,0.7838136613191576,0.3108301684522585,0,6.8248723522524495,2.6983090995828434,-24.599759611399758,-8.893744902742186e-09,143.2463854806595,-9.523745036090793e-15,6.8248723522524495,0-1,0,26.0,26000,,,,,0,0.7838136613191576,0.31084976771122896,6.8248723522524495,2.6983090995828434,1.093466320668474e-06,negative_baseline,20.0,1,1,0,0,0,0,0,0,0,0,-1,0,0,0,0,0,0,0,0,0
sim_0000_n2_seed256,256,0.001,2,27.0,1,body_1,9.897616233308575,3.6886825746214664,1.6535416510031505e-06,6.723662862698227e-07,0.8039404170221698,0.3258200803363406,0,6.738900064374052,2.7302686229277695,-24.59975964214577,-1.0143595011758126e-08,143.24638548065957,-9.126922326253677e-15,6.738900064374052,0-1,0,27.0,27000,,,,,0,0.8039404170221698,0.32585170173527706,6.738900064374052,2.7302686229277695,1.2114350509191913e-06,negative_baseline,20.0,1,1,0,1,0,0,1,0,0,0,-1,0,0,0,0,0,0,0,0,0
sim_0000_n2_seed256,256,0.001,2,27.1,1,body_1,9.897616233308575,3.6886825746214664,1.6710591296538468e-06,6.784926216397512e-07,0.8049396048739181,0.3265682974367062,0,6.734716198950795,2.731835088545548,-24.599759643722066,-1.020767272900575e-08,143.24638548065948,-9.722156391009352e-15,6.734716198950795,0-1,0,27.1,27100,,,,,0,0.8049396048739181,0.32660096220584256,6.734716198950795,2.731835088545548,1.224268889845845e-06,negative_hard,10.0,1,1,0,1,0,0,1,0,0,0,-1,0,0,0,0,0,0,0,0,0
sim_0000_n2_seed256,256,0.001,2,27.6,1,body_1,9.897616233308575,3.6886825746214664,1.7612944754203947e-06,7.078615366834906e-07,0.8068805464658462,0.32802279238990995,0,6.726611181884808,2.7348726415947215,-24.599759646797544,-1.0332693368486087e-08,143.24638548065963,-8.73009961641656e-15,6.726611181884808,0-1,0,27.6,27600,,,,,0,0.8068805464658462,0.32805988713966644,6.726611181884808,2.7348726415947215,1.2903780564657972e-06,negative_hard,10.0,1,1,0,1,0,0,1,1,0,0,-1,0,0,0,0,0,0,0,0,0
sim_0000_n2_seed256,256,0.001,2,28.0,1,body_1,9.897616233308575,3.6886825746214664,1.8356560070690804e-06,7.293066706197141e-07,0.8047246199076153,0.32640727961691407,0,6.73561574024219,2.7314982062228257,-24.599759643382384,-1.0193864380117612e-08,143.24638548065968,-8.333276906579445e-15,6.73561574024219,0-1,0,28.0,28000,,,,,0,0.8047246199076153,0.3264467923281022,6.73561574024219,2.7314982062228257,1.3448575831633848e-06,negative_baseline,20.0,1,1,0,1,0,0,1,0,0,0,-1,0,0,0,0,0,0,0,0,0
sim_0000_n2_seed256,256,0.001,2,28.1,1,body_1,9.897616233308575,3.6886825746214664,1.8544056217001245e-06,7.343166024370102e-07,0.8036789897944095,0.3256243789537709,0,6.739996017322947,2.729858464235214,-24.599759641734018,-1.0126856945203327e-08,143.2463854806598,-7.539631486905212e-15,6.739996017322947,0-1,0,28.1,28100,,,,,0,0.8036789897944095,0.3256643237432774,6.739996017322947,2.729858464235214,1.3585941229233295e-06,negative_hard,10.0,1,1,0,1,0,0,1,0,0,0,-1,0,0,0,0,0,0,0,0,0
sim_0000_n2_seed256,256,0.001,2,29.0,1,body_1,9.897616233308575,3.6886825746214664,2.022464131002264e-06,7.718794341465301e-07,0.7859429668174941,0.31240853746965425,0,6.815620984778547,2.7017274823039905,-24.599759614562675,-9.022320023698016e-09,143.2463854806599,-6.745986067230979e-15,6.815620984778547,0-1,0,29.0,29000,,,,,0,0.7859429668174941,0.3124492873920905,6.815620984778547,2.7017274823039905,1.4817189151526453e-06,negative_baseline,20.0,1,1,0,0,0,0,0,0,0,0,-1,0,0,0,0,0,0,0,0,0
sim_0000_n2_seed256,256,0.001,2,30.0,1,body_1,9.897616233308575,3.6886825746214664,2.19801552376412e-06,7.96294517103753e-07,0.7526599464538876,0.2879498348053152,0,6.964686056717719,2.6472382711495213,-24.59975956748494,-7.108572293079663e-09,143.2463854806596,-8.92851097133512e-15,6.964686056717719,0-1,0,30.0,30000,,,,,0,0.7526599464538876,0.28798626714263986,6.964686056717719,2.6472382711495213,1.6103332242033481e-06,negative_baseline,20.0,0,0,0,0,0,0,0,0,0,0,-1,0,0,0,0,0,0,0,1,0
sim_0000_n2_seed256,256,0.001,2,31.0,1,body_1,9.897616233308575,3.6886825746214664,2.3500561590313106e-06,8.040967644241444e-07,0.712447991788192,0.25904557825140073,0,7.158538483974748,2.5781767777593503,-24.599759517091005,-5.060018267373286e-09,143.2463854806597,-8.134865551660886e-15,7.158538483974748,0-1,0,31.0,31000,,,,,0,0.712447991788192,0.25907508970069043,7.158538483974748,2.5781767777593503,1.7217228372388653e-06,negative_baseline,20.0,0,0,1,0,0,1,0,0,0,0,-1,0,0,0,0,0,0,0,0,0
sim_0000_n2_seed256,256,0.001,2,32.0,1,body_1,9.897616233308575,3.6886825746214664,2.4712574442453886e-06,8.001916210233247e-07,0.6722333634614052,0.23091642005791566,0,7.369549085403318,2.5051465446758416,-24.599759473343642,-3.2816527814660822e-09,143.24638548065974,-7.936454196742328e-15,7.369549085403318,0-1,0,32.0,32000,,,,,0,0.6722333634614052,0.23093882271315683,7.369549085403318,2.5051465446758416,1.8105186030991108e-06,negative_baseline,20.0,0,0,0,0,0,1,0,0,0,0,-1,0,0,0,0,0,0,0,0,0
sim_0000_n2_seed256,256,0.001,2,33.0,1,body_1,9.897616233308575,3.6886825746214664,2.558732742711622e-06,7.902421641827105e-07,0.6367571019167653,0.20680495573283525,0,7.572060035582445,2.436992757873217,-24.599759439886775,-1.921604214945786e-09,143.24638548065928,-1.111103587543926e-14,7.572060035582445,0-1,0,33.0,33000,,,,,0,0.6367571019167653,0.20682117776351663,7.572060035582445,2.436992757873217,1.8746056833893023e-06,negative_baseline,20.0,0,0,0,0,0,0,0,0,0,0,-1,0,0,0,0,0,0,0,1,0
sim_0000_n2_seed256,256,0.001,2,34.0,1,body_1,9.897616233308575,3.6886825746214664,2.612884804289823e-06,7.790634842628954e-07,0.6086106468508676,0.18817811094731748,0,7.745173923747442,2.3801190703303123,-24.599759416532713,-9.722428239333841e-10,143.24638548065968,-8.333276906579445e-15,7.745173923747442,0-1,0,34.0,34000,,,,,0,0.6086106468508676,0.18818928599782708,7.745173923747442,2.3801190703303123,1.914279143736115e-06,negative_baseline,20.0,0,0,0,0,0,0,0,0,0,0,-1,0,0,0,0,0,0,0,1,0
sim_0000_n2_seed256,256,0.001,2,35.0,1,body_1,9.897616233308575,3.6886825746214664,2.6363611904351843e-06,7.701508889402353e-07,0.5889291411575428,0.1754312781648039,0,7.873528886102222,2.3387202174880035,-24.59975940177896,-3.724909417131226e-10,143.24638548065985,-7.142808777068095e-15,7.873528886102222,0-1,0,35.0,35000,,,,,0,0.5889291411575428,0.17543836022637516,7.873528886102222,2.3387202174880035,1.9314786686253303e-06,negative_baseline,20.0,0,0,0,0,0,0,0,0,0,0,-1,0,0,0,0,0,0,0,1,0
sim_0000_n2_seed256,256,0.001,2,36.0,1,body_1,9.897616233308575,3.6886825746214664,2.6333980340025368e-06,7.658419976218317e-07,0.5780829711388529,0.16850771701347225,0,7.947048421621317,2.3152880886504854,-24.59975939417781,-6.349801268714097e-11,143.24638548065977,-7.73804284182377e-15,7.947048421621317,0-1,0,36.0,36000,,,,,0,0.5780829711388529,0.16851140070192505,7.947048421621317,2.3152880886504854,1.929307776548775e-06,negative_baseline,20.0,0,0,0,0,0,0,0,0,0,0,-1,0,0,0,0,0,0,0,1,0
sim_0000_n2_seed256,256,0.001,2,37.0,1,body_1,9.897616233308575,3.6886825746214664,2.6095420177850734e-06,7.676846715412495e-07,0.5761425503128231,0.16727676230533592,0,7.960419813905391,2.3110476666298783,-24.599759392856637,-9.79128801373312e-12,143.2463854806595,-9.523745036090793e-15,7.960419813905391,0-1,0,37.0,37000,,,,,0,0.5761425503128231,0.16727753282149035,7.960419813905391,2.3110476666298783,1.911830137144732e-06,negative_baseline,20.0,0,0,0,0,0,0,0,0,0,0,-1,0,0,0,0,0,0,0,1,0
sim_0000_n2_seed256,256,0.001,2,38.0,1,body_1,9.897616233308575,3.6886825746214664,2.5716479245712075e-06,7.768040147080131e-07,0.5831110904649535,0.17170833118910406,0,7.912710864009048,2.326207312047756,-24.599759397655923,-2.048861352887421e-10,143.24638548065943,-1.0118979100846468e-14,7.912710864009048,0-1,0,38.0,38000,,,,,0,0.5831110904649535,0.17170657342808604,7.912710864009048,2.326207312047756,1.8840677720737606e-06,negative_baseline,20.0,0,0,0,0,0,0,0,0,0,0,-1,0,0,0,0,0,0,0,1,0
sim_0000_n2_seed256,256,0.001,2,39.0,1,body_1,9.897616233308575,3.6886825746214664,2.5280285793698254e-06,7.941981421986496e-07,0.5989639634607775,0.18190117586243335,0,7.807295194715557,2.360003590018971,-24.599759409144067,-6.718884171508858e-10,143.24638548065926,-1.1309447230357818e-14,7.807295194715557,0-1,0,39.0,39000,,,,,0,0.5989639634607775,0.1818973423585766,7.807295194715557,2.360003590018971,1.8521109101103936e-06,negative_baseline,20.0,0,0,0,0,0,0,0,0,0,0,-1,0,0,0,0,0,0,0,1,0
sim_0000_n2_seed256,256,0.001,2,40.0,1,body_1,9.897616233308575,3.6886825746214664,2.4885984504633697e-06,8.209294088232373e-07,0.6235040032596291,0.19797714132819855,0,7.652112111001916,2.4105401872885603,-24.599759428551064,-1.4607984462555708e-09,143.2463854806588,-1.448402890905475e-14,7.652112111001916,0-1,0,40.0,40000,,,,,0,0.6235040032596291,0.19797201444398466,7.652112111001916,2.4105401872885603,1.8232231922244123e-06,negative_baseline,20.0,0,0,0,0,0,0,0,0,0,0,-1,0,0,0,0,0,0,0,1,0
sim_0000_n2_seed256,256,0.001,2,41.0,1,body_1,9.897616233308575,3.6886825746214664,2.4647607645655267e-06,8.581425106245819e-07,0.6560024423683808,0.21979999615435877,0,7.460161326407067,2.474426840739368,-24.599759457461648,-2.636036938936408e-09,143.24638548065857,-1.6071319748403215e-14,7.460161326407067,0-1,0,41.0,41000,,,,,0,0.6560024423683808,0.2197950710656315,7.460161326407067,2.474426840739368,1.8057589691613234e-06,negative_hard,10.0,0,0,0,0,1,0,0,0,0,0,-1,0,0,0,0,0,0,0,0,0
sim_0000_n2_seed256,256,0.001,2,41.5,1,body_1,9.897616233308575,3.6886825746214664,2.4624963036463505e-06,8.809945868479969e-07,0.6747190192120069,0.2326311715387963,0,7.355961900475424,2.5097852362339177,-24.59975947586434,-3.3841211227273155e-09,143.2463854806584,-1.7261787877914565e-14,7.355961900475424,0-1,0,41.5,41500,,,,,0,0.6747190192120069,0.2326272496665975,7.355961900475424,2.5097852362339177,1.804099951166071e-06,negative_hard,10.0,0,0,0,0,1,0,0,0,0,0,-1,0,0,0,0,0,0,0,0,0
sim_0000_n2_seed256,256,0.001,2,42.0,1,body_1,9.897616233308575,3.6886825746214664,2.4686624827164787e-06,9.067569508748954e-07,0.6945968257541159,0.2464588449439126,0,7.249942300845641,2.5462783596560365,-24.599759496879877,-4.23841963106043e-09,143.2463854806583,-1.8055433297588796e-14,7.249942300845641,0-1,0,42.0,42000,,,,,0,0.6945968257541159,0.24645674526271463,7.249942300845641,2.5462783596560365,1.8086174763579229e-06,negative_hard,10.0,0,0,1,0,1,0,0,0,0,0,-1,0,0,0,0,0,0,0,0,0
sim_0000_n2_seed256,256,0.001,2,42.5,1,body_1,9.897616233308575,3.6886825746214664,2.4846021470648757e-06,9.353700413176438e-07,0.7151019306051687,0.26093008311758387,0,7.145242489291972,2.582851487851521,-24.599759520207385,-5.186701622001817e-09,143.246385480658,-2.003954684677438e-14,7.145242489291972,0-1,0,42.5,42500,,,,,0,0.7151019306051687,0.26093077312798546,7.145242489291972,2.582851487851521,1.8202953542981916e-06,negative_hard,10.0,0,0,1,0,1,0,0,0,0,0,-1,0,0,0,0,0,0,0,0,0
sim_0000_n2_seed256,256,0.001,2,43.0,1,body_1,9.897616233308575,3.6886825746214664,2.511418755746199e-06,9.666188932565091e-07,0.7355465723413056,0.27555854707346655,0,7.045241089937079,2.618300579989936,-24.599759545195646,-6.202494498305383e-09,143.24638548065786,-2.103160362136717e-14,7.045241089937079,0-1,0,43.0,43000,,,,,0,0.7355465723413056,0.2755630838615581,7.045241089937079,2.618300579989936,1.839942012466709e-06,negative_baseline,20.0,0,0,1,0,0,0,0,0,0,0,-1,0,0,0,0,0,0,0,0,0
sim_0000_n2_seed256,256,0.001,2,44.0,1,body_1,9.897616233308575,3.6886825746214664,2.600261487082453e-06,1.0350772507922044e-06,0.772799431363317,0.30269489640423153,0,6.873335615778389,2.680482139030409,-24.599759595372454,-8.24222211047949e-09,143.24638548065744,-2.400777394514554e-14,6.873335615778389,0-1,0,44.0,44000,,,,,0,0.772799431363317,0.30271005094719616,6.873335615778389,2.680482139030409,1.905030893214157e-06,negative_baseline,20.0,0,0,0,0,0,0,0,0,0,0,-1,0,0,0,0,0,0,0,1,0
sim_0000_n2_seed256,256,0.001,2,45.0,1,body_1,9.897616233308575,3.6886825746214664,2.7354453253242168e-06,1.10567850150705e-06,0.7987504842047793,0.3219397937400292,0,6.760757835320032,2.722101905471109,-24.599759634035635,-9.813911511341441e-09,143.24638548065755,-2.321412852547131e-14,6.760757835320032,0-1,0,45.0,45000,,,,,0,0.7987504842047793,0.32196734754254985,6.760757835320032,2.722101905471109,2.0040706843128977e-06,negative_baseline,20.0,1,1,0,1,0,0,1,0,0,0,-1,0,0,0,0,0,0,0,0,0
sim_0000_n2_seed256,256,0.001,2,45.300000000000004,1,body_1,9.897616233308575,3.6886825746214664,2.784009192062949e-06,1.1258549482462074e-06,0.8032590189444979,0.3253100475257583,0,6.741757735462585,2.7291992943280654,-24.599759641074385,-1.0100042359815923e-08,143.24638548065732,-2.4801419364819775e-14,6.741757735462585,0-1,0,45.300000000000004,45300,,,,,0,0.8032590189444979,0.3253410339069974,6.741757735462585,2.7291992943280654,2.039650051388419e-06,negative_hard,10.0,1,1,0,1,0,0,1,0,0,0,-1,0,0,0,0,0,0,0,0,0
sim_0000_n2_seed256,256,0.001,2,45.800000000000004,1,body_1,9.897616233308575,3.6886825746214664,2.871634625802779e-06,1.1571632437911416e-06,0.8068219895795796,0.32797889068234165,0,6.726855276780853,2.7347811034991785,-24.599759646705326,-1.0328944641212424e-08,143.24638548065738,-2.440459665498266e-14,6.726855276780853,0-1,0,45.800000000000004,45800,,,,,0,0.8068219895795796,0.3280147339301839,6.726855276780853,2.7347811034991785,2.103847113408588e-06,negative_hard,10.0,1,1,0,1,0,0,1,1,0,0,-1,0,0,0,0,0,0,0,0,0
sim_0000_n2_seed256,256,0.001,2,46.0,1,body_1,9.897616233308575,3.6886825746214664,2.9086487193240348e-06,1.1686358896592957e-06,0.806810589079647,0.32797034356276045,0,6.726902802955681,2.734763281111313,-24.599759646687254,-1.0328209973275408e-08,143.2463854806573,-2.4999830719738335e-14,6.726902802955681,0-1,0,46.0,46000,,,,,0,0.806810589079647,0.3280077361121422,6.726902802955681,2.734763281111313,2.1309647660508015e-06,negative_baseline,20.0,1,1,0,1,0,0,1,1,0,0,-1,0,0,0,0,0,0,0,0,0
sim_0000_n2_seed256,256,0.001,2,46.300000000000004,1,body_1,9.897616233308575,3.6886825746214664,2.965832511843391e-06,1.184491380340261e-06,0.8052468813576898,0.3267984691457812,0,6.733431116439217,2.7323164418698274,-24.599759644208575,-1.0227449695252053e-08,143.24638548065724,-2.539665342957545e-14,6.733431116439217,0-1,0,46.300000000000004,46300,,,,,0,0.8052468813576898,0.32683769455596534,6.733431116439217,2.7323164418698274,2.17285935591232e-06,negative_hard,10.0,1,1,0,1,0,0,1,0,0,0,-1,0,0,0,0,0,0,0,0,0
sim_0000_n2_seed256,256,0.001,2,46.800000000000004,1,body_1,9.897616233308575,3.6886825746214664,3.064322289833669e-06,1.2068302267850547e-06,0.7986519559812769,0.3218662275103629,0,6.761174853591041,2.7219463708821148,-24.599759633882986,-9.807706188508777e-09,143.24638548065732,-2.4801419364819775e-14,6.761174853591041,0-1,0,46.800000000000004,46800,,,,,0,0.7986519559812769,0.32190711734747407,6.761174853591041,2.7219463708821148,2.245015970490362e-06,negative_hard,10.0,1,1,0,1,0,0,1,0,0,0,-1,0,0,0,0,0,0,0,0,0
sim_0000_n2_seed256,256,0.001,2,47.0,1,body_1,9.897616233308575,3.6886825746214664,3.1043870023087972e-06,1.214212995613604e-06,0.7947057615567708,0.31892285776433266,0,6.777940725985647,2.715701743332026,-24.59975962780304,-9.560551445435098e-09,143.24638548065738,-2.440459665498266e-14,6.777940725985647,0-1,0,47.0,47000,,,,,0,0.7947057615567708,0.31896392854944766,6.777940725985647,2.715701743332026,2.2743686010979963e-06,negative_baseline,20.0,1,1,0,0,0,0,0,0,0,0,-1,0,0,0,0,0,0,0,0,0
sim_0000_n2_seed256,256,0.001,2,48.0,1,body_1,9.897616233308575,3.6886825746214664,3.304122049495078e-06,1.237232107278409e-06,0.7658098798484027,0.2975581207474589,0,6.904630858366923,2.669041068807719,-24.59975958548803,-7.840412328999594e-09,143.24638548065738,-2.440459665498266e-14,6.904630858366923,0-1,0,48.0,48000,,,,,0,0.7658098798484027,0.2975965628869868,6.904630858366923,2.669041068807719,2.4207005925158723e-06,negative_baseline,20.0,0,0,0,0,0,0,0,0,0,0,-1,0,0,0,0,0,0,0,1,0
sim_0000_n2_seed256,256,0.001,2,49.0,1,body_1,9.897616233308575,3.6886825746214664,3.4908239001329223e-06,1.2390165508420414e-06,0.7272013329748743,0.2695639101790244,0,7.085550769985626,2.603949200127948,-24.59975953478347,-5.779231171046882e-09,143.24638548065687,-2.7976001043516706e-14,7.085550769985626,0-1,0,49.0,49000,,,,,0,0.7272013329748743,0.2695960251067418,7.085550769985626,2.603949200127948,2.5574840737424826e-06,negative_baseline,20.0,0,0,1,0,0,0,0,0,0,0,-1,0,0,0,0,0,0,0,0,0
sim_0000_n2_seed256,256,0.001,2,50.0,1,body_1,9.897616233308575,3.6886825746214664,3.6517936798422205e-06,1.2255933869131355e-06,0.6863170444422967,0.24067460351953304,0,7.293543123352808,2.5312058900426138,-24.599759487938957,-3.874964079585861e-09,143.2463854806568,-2.837282375335382e-14,7.293543123352808,0-1,0,50.0,50000,,,,,0,0.6863170444422967,0.24069948331597948,7.293543123352808,2.5312058900426138,2.6754154576262537e-06,negative_baseline,20.0,0,0,1,0,0,1,0,0,0,0,-1,0,0,0,0,0,0,0,0,0
sim_0000_n2_seed256,256,0.001,2,51.0,1,body_1,9.897616233308575,3.6886825746214664,3.7792870526358986e-06,1.204436494356871e-06,0.6487422414519853,0.21487361879445432,0,7.501789243907142,2.4604371586348055,-24.599759450674597,-2.360137861512399e-09,143.246385480657,-2.6983944268923915e-14,7.501789243907142,0-1,0,51.0,51000,,,,,0,0.6487422414519853,0.21489192663526502,7.501789243907142,2.4604371586348055,2.7688210083506852e-06,negative_baseline,20.0,0,0,0,0,0,0,0,0,0,0,-1,0,0,0,0,0,0,0,1,0
sim_0000_n2_seed256,256,0.001,2,52.0,1,body_1,9.897616233308575,3.6886825746214664,3.869821069375009e-06,1.1821400036612323e-06,0.6177752012607537,0.194192525273245,0,7.6875103225011125,2.398927608026094,-24.59975942383993,-1.2692871090102792e-09,143.24638548065687,-2.7976001043516706e-14,7.6875103225011125,0-1,0,52.0,52000,,,,,0,0.6177752012607537,0.1942053888067509,7.6875103225011125,2.398927608026094,2.8351490069370343e-06,negative_baseline,20.0,0,0,0,0,0,0,0,0,0,0,-1,0,0,0,0,0,0,0,1,0
sim_0000_n2_seed256,256,0.001,2,53.0,1,body_1,9.897616233308575,3.6886825746214664,3.923160647514303e-06,1.1635781740590678e-06,0.5949856615559735,0.17932886331111803,0,7.83335299140891,2.351610321296301,-24.599759406186294,-5.516525788148923e-10,143.24638548065693,-2.757917833367959e-14,7.83335299140891,0-1,0,53.0,53000,,,,,0,0.5949856615559735,0.17933732118266044,7.83335299140891,2.351610321296301,2.8742272237075322e-06,negative_baseline,20.0,0,0,0,0,0,0,0,0,0,0,-1,0,0,0,0,0,0,0,1,0
sim_0000_n2_seed256,256,0.001,2,54.0,1,body_1,9.897616233308575,3.6886825746214664,3.941515810454424e-06,1.1520041349816175e-06,0.5809518970490293,0.1703319891554181,0,7.9274016051185106,2.321530419783233,-24.599759396153626,-1.4381655613038445e-10,143.24638548065684,-2.8174412398435265e-14,7.9274016051185106,0-1,0,54.0,54000,,,,,0,0.5809518970490293,0.17033682763159735,7.9274016051185106,2.321530419783233,2.887674788221144e-06,negative_baseline,20.0,0,0,0,0,0,0,0,0,0,0,-1,0,0,0,0,0,0,0,1,0
sim_0000_n2_seed256,256,0.001,2,55.0,1,body_1,9.897616233308575,3.6886825746214664,3.929089227219807e-06,1.1494852941249786e-06,0.5758140003927488,0.16706857114075369,0,7.962690531813374,2.310328205204378,-24.599759392635043,-7.833377020589177e-13,143.2463854806566,-2.976170323778373e-14,7.962690531813374,0-1,0,55.0,55000,,,,,0,0.5758140003927488,0.16707034056948514,7.962690531813374,2.310328205204378,2.87857070352471e-06,negative_baseline,20.0,0,0,0,0,0,0,0,0,0,0,-1,0,0,0,0,0,0,0,1,0
sim_0000_n2_seed256,256,0.001,2,56.0,1,body_1,9.897616233308575,3.6886825746214664,3.891938297668617e-06,1.1573535339252001e-06,0.5795853342304712,0.16946239063421503,0,7.936741829411433,2.318561017191713,-24.59975939520981,-1.054496171062926e-10,143.24638548065673,-2.89680578181095e-14,7.936741829411433,0-1,0,56.0,56000,,,,,0,0.5795853342304712,0.16946149618904685,7.936741829411433,2.318561017191713,2.8513528044098037e-06,negative_baseline,20.0,0,0,0,0,0,0,0,0,0,0,-1,0,0,0,0,0,0,0,1,0
sim_0000_n2_seed256,256,0.001,2,57.0,1,body_1,9.897616233308575,3.6886825746214664,3.838060882444614e-06,1.1765565307908035e-06,0.5922580120221193,0.1775707545825996,0,7.851370558605582,2.34582198336774,-24.59975940418731,-4.703922681970311e-10,143.24638548065687,-2.7976001043516706e-14,7.851370558605582,0-1,0,57.0,57000,,,,,0,0.5922580120221193,0.17756760020724302,7.851370558605582,2.34582198336774,2.8118805659755776e-06,negative_baseline,20.0,0,0,0,0,0,0,0,0,0,0,-1,0,0,0,0,0,0,0,1,0
sim_0000_n2_seed256,256,0.001,2,58.0,1,body_1,9.897616233308575,3.6886825746214664,3.777578283236473e-06,1.2078747152953106e-06,0.6137259667971119,0.19152903857806425,0,7.7128289151901726,2.3906528728050094,-24.5997594205769,-1.1366422136363048e-09,143.24638548065687,-2.7976001043516706e-14,7.7128289151901726,0-1,0,58.0,58000,,,,,0,0.6137259667971119,0.19152425045829854,7.7128289151901726,2.3906528728050094,2.7675691625540147e-06,negative_baseline,20.0,0,0,0,0,0,0,0,0,0,0,-1,0,0,0,0,0,0,0,1,0
sim_0000_n2_seed256,256,0.001,2,59.0,1,body_1,9.897616233308575,3.6886825746214664,3.7228132071312015e-06,1.2519569633356896e-06,0.6435078383514661,0.21133984827359337,0,7.532237870750937,2.450252469737246,-24.599759445900002,-2.166046737878487e-09,143.24638548065695,-2.738076697876103e-14,7.532237870750937,0-1,0,59.0,59000,,,,,0,0.6435078383514661,0.21133461528170783,7.532237870750937,2.450252469737246,2.727446585955908e-06,negative_baseline,20.0,0,0,0,0,0,0,0,0,0,0,-1,0,0,0,0,0,0,0,1,0
sim_0000_n2_seed256,256,0.001,2,59.7,1,body_1,9.897616233308575,3.6886825746214664,3.6954175867096695e-06,1.2905819656120773e-06,0.668623721612367,0.2284320645804133,0,7.389414987400017,2.4983796008947525,-24.599759469726745,-3.134623009898178e-09,143.246385480657,-2.6983944268923915e-14,7.389414987400017,0-1,0,59.7,59700,,,,,0,0.668623721612367,0.22842774296858395,7.389414987400017,2.4983796008947525,2.707375708139057e-06,negative_hard,10.0,0,0,0,0,1,0,0,0,0,0,-1,0,0,0,0,0,0,0,0,0
sim_0000_n2_seed256,256,0.001,2,60.0,1,body_1,9.897616233308575,3.6886825746214664,3.6879235097431646e-06,1.3090635910418534e-06,0.6802313045301129,0.23644537254647136,0,7.326096587741051,2.5200114754741065,-24.59975948153834,-3.6147737826173548e-09,143.24638548065704,-2.6785532914005356e-14,7.326096587741051,0-1,0,60.0,60000,,,,,0,0.6802313045301129,0.23644187490690327,7.326096587741051,2.5200114754741065,2.7018853135634166e-06,negative_baseline,20.0,0,0,1,0,1,0,0,0,0,0,-1,0,0,0,0,0,0,0,0,0
sim_0000_n2_seed256,256,0.001,2,60.2,1,body_1,9.897616233308575,3.6886825746214664,3.6846396554240978e-06,1.3220051145790575e-06,0.6881832648429319,0.24197531263922015,0,7.283647068010783,2.5346188872113418,-24.599759489930616,-3.955926594786752e-09,143.246385480657,-2.6983944268923915e-14,7.283647068010783,0-1,0,60.2,60200,,,,,0,0.6881832648429319,0.24197253533171206,7.283647068010783,2.5346188872113418,2.699479457604805e-06,negative_hard,10.0,0,0,1,0,1,0,0,0,0,0,-1,0,0,0,0,0,0,0,0,0
sim_0000_n2_seed256,256,0.001,2,60.7,1,body_1,9.897616233308575,3.6886825746214664,3.6832475682239343e-06,1.3564104144208046e-06,0.708556156703337,0.25628819661896907,0,7.178171155091767,2.5712904078608885,-24.599759512575158,-4.8764454453947305e-09,143.24638548065724,-2.539665342957545e-14,7.178171155091767,0-1,0,60.7,60700,,,,,0,0.708556156703337,0.2562878880311578,7.178171155091767,2.5712904078608885,2.698459561151697e-06,negative_hard,10.0,0,0,1,0,1,0,0,0,0,0,-1,0,0,0,0,0,0,0,0,0
sim_0000_n2_seed256,256,0.001,2,61.0,1,body_1,9.897616233308575,3.6886825746214664,3.6876136052228804e-06,1.3783406900795322e-06,0.7209111718680231,0.2650668097029163,0,7.1163953868359275,2.5930245737246818,-24.59975952712948,-5.468090273428953e-09,143.24638548065732,-2.4801419364819775e-14,7.1163953868359275,0-1,0,61.0,61000,,,,,0,0.7209111718680231,0.2650684766248065,7.1163953868359275,2.5930245737246818,2.7016582470610166e-06,negative_baseline,20.0,0,0,1,0,1,0,0,0,0,0,-1,0,0,0,0,0,0,0,0,0
sim_0000_n2_seed256,256,0.001,2,62.0,1,body_1,9.897616233308575,3.6886825746214664,3.734524458137926e-06,1.4565461819705116e-06,0.7603212886624534,0.2935387875767952,0,6.929507545639968,2.659985552009116,-24.59975957788042,-7.53115684319958e-09,143.2463854806575,-2.3610951235308425e-14,6.929507545639968,0-1,0,62.0,62000,,,,,0,0.7603212886624534,0.29354975121491605,6.929507545639968,2.659985552009116,2.7360265479171533e-06,negative_baseline,20.0,0,0,0,0,0,0,0,0,0,0,-1,0,0,0,0,0,0,0,1,0
sim_0000_n2_seed256,256,0.001,2,63.0,1,body_1,9.897616233308575,3.6886825746214664,3.8355459732718e-06,1.5367047926937001e-06,0.7912130160332046,0.31632272556646307,0,6.792884586133391,2.710149681255088,-24.5997596224829,-9.34428351731832e-09,143.2463854806574,-2.42061853000641e-14,6.792884586133391,0-1,0,63.0,63000,,,,,0,0.7912130160332046,0.3163458750448565,6.792884586133391,2.710149681255088,2.8100379744594553e-06,negative_baseline,20.0,1,1,0,0,0,0,0,0,0,0,-1,0,0,0,0,0,0,0,0,0
sim_0000_n2_seed256,256,0.001,2,63.5,1,body_1,9.897616233308575,3.6886825746214664,3.9060696733498985e-06,1.5742696950973416e-06,0.8010837373260011,0.3236830017414586,0,6.750904893816578,2.72577974086858,-24.59975963766622,-9.961497735742316e-09,143.24638548065758,-2.301571717055275e-14,6.750904893816578,0-1,0,63.5,63500,,,,,0,0.8010837373260011,0.3237122074370749,6.750904893816578,2.72577974086858,2.8617057821584465e-06,negative_hard,10.0,1,1,0,1,0,0,1,0,0,0,-1,0,0,0,0,0,0,0,0,0
sim_0000_n2_seed256,256,0.001,2,64.0,1,body_1,9.897616233308575,3.6886825746214664,3.9885092725490025e-06,1.6081610569083252e-06,0.806241538921414,0.32754378004234147,0,6.729276328575011,2.733873377935252,-24.59975964578366,-1.0291478165051964e-08,143.24638548065786,-2.103160362136717e-14,6.729276328575011,0-1,0,64.0,64000,,,,,0,0.806241538921414,0.32757822104823414,6.729276328575011,2.733873377935252,2.922103542883471e-06,negative_hard,10.0,1,1,0,1,0,0,1,0,0,0,-1,0,0,0,0,0,0,0,0,0
sim_0000_n2_seed256,256,0.001,2,64.5,1,body_1,9.897616233308575,3.6886825746214664,4.081060874390475e-06,1.6369728230892808e-06,0.8063049807280819,0.3275913304272044,0,6.729011586414115,2.733972620645066,-24.59975964588429,-1.0295568880466937e-08,143.24638548065784,-2.1230014976285726e-14,6.729011586414115,0-1,0,64.5,64500,,,,,0,0.8063049807280819,0.32762966090678236,6.729011586414115,2.733972620645066,2.9899096673139824e-06,negative_hard,10.0,1,1,0,1,0,0,1,0,0,0,-1,0,0,0,0,0,0,0,0,0
sim_0000_n2_seed256,256,0.001,2,65.0,1,body_1,9.897616233308575,3.6886825746214664,4.18147612877931e-06,1.6595869236694058e-06,0.8012692922020054,0.3238217213880794,0,6.750123174198204,2.7260717824705094,-24.599759637955867,-9.973272063945388e-09,143.24638548065795,-2.0436369556611495e-14,6.750123174198204,0-1,0,65.0,65000,,,,,0,0.8012692922020054,0.3238622723773226,6.750123174198204,2.7260717824705094,3.063476946482682e-06,negative_hard,10.0,1,1,0,1,0,0,1,0,0,0,-1,0,0,0,0,0,0,0,0,0
sim_0000_n2_seed256,256,0.001,2,66.0,1,body_1,9.897616233308575,3.6886825746214664,4.395691126131905e-06,1.6839906862557986e-06,0.7777072769456617,0.3063138244663037,0,6.851613652243324,2.6884558721143046,-24.599759602445413,-8.529743585564062e-09,143.24638548065806,-1.964272413693726e-14,6.851613652243324,0-1,0,66.0,66000,,,,,0,0.7777072769456617,0.3063538005283923,6.851613652243324,2.6884558721143046,3.220417394738573e-06,negative_baseline,20.0,1,1,0,0,0,0,0,0,0,0,-1,0,0,0,0,0,0,0,0,0
sim_0000_n2_seed256,256,0.001,2,67.0,1,body_1,9.897616233308575,3.6886825746214664,4.610666988912475e-06,1.6818465945555625e-06,0.741681284352489,0.279985509846962,0,7.016043730702084,2.6287490254191144,-24.59975955303974,-6.521363201435751e-09,143.2463854806582,-1.865066736234447e-14,7.016043730702084,0-1,0,67.0,67000,,,,,0,0.741681284352489,0.2800201247710663,7.016043730702084,2.6287490254191144,3.3779152852419572e-06,negative_baseline,20.0,0,0,1,0,0,0,0,0,0,0,-1,0,0,0,0,0,0,0,0,0
sim_0000_n2_seed256,256,0.001,2,68.0,1,body_1,9.897616233308575,3.6886825746214664,4.808586117711641e-06,1.659890757148603e-06,0.7008495588219362,0.2508497766107063,0,7.217529127514451,2.5575429245731875,-24.59975950381294,-4.520254253509683e-09,143.24638548065806,-1.964272413693726e-14,7.217529127514451,0-1,0,68.0,68000,,,,,0,0.7008495588219362,0.2508772296769806,7.217529127514451,2.5575429245731875,3.522916896118818e-06,negative_baseline,20.0,0,0,1,0,0,1,0,0,0,0,-1,0,0,0,0,0,0,0,0,0
sim_0000_n2_seed256,256,0.001,2,69.0,1,body_1,9.897616233308575,3.6886825746214664,4.976433745826265e-06,1.6273764186928112e-06,0.6615947885007502,0.22361421530018633,0,7.428564688836312,2.4850967127401447,-24.599759462822586,-2.8539633940020135e-09,143.24638548065815,-1.9047490072181586e-14,7.428564688836312,0-1,0,69.0,69000,,,,,0,0.6615947885007502,0.2236347590698438,7.428564688836312,2.4850967127401447,3.645887210469888e-06,negative_baseline,20.0,0,0,0,0,0,1,0,0,0,0,-1,0,0,0,0,0,0,0,0,0
sim_0000_n2_seed256,256,0.001,2,70.0,1,body_1,9.897616233308575,3.6886825746214664,5.106169398725272e-06,1.5928921532489233e-06,0.6280020780941158,0.2009620166566638,0,7.624658676627208,2.419581849439909,-24.59975943232996,-1.6144136558537454e-09,143.2463854806581,-1.9444312782018705e-14,7.624658676627208,0-1,0,70.0,70000,,,,,0,0.6280020780941158,0.2009767037165501,7.624658676627208,2.419581849439909,3.7409355282326043e-06,negative_baseline,20.0,0,0,0,0,0,0,0,0,0,0,-1,0,0,0,0,0,0,0,1,0
sim_0000_n2_seed256,256,0.001,2,71.0,1,body_1,9.897616233308575,3.6886825746214664,5.1939886272762285e-06,1.562969234545816e-06,0.6021737902680768,0.18398356703820543,0,7.786459391036044,2.3667336603322098,-24.599759411569014,-7.704644769946799e-10,143.24638548065812,-1.9245901427100145e-14,7.786459391036044,0-1,0,71.0,71000,,,,,0,0.6021737902680768,0.18399350172456003,7.786459391036044,2.3667336603322098,3.8052745915290136e-06,negative_baseline,20.0,0,0,0,0,0,0,0,0,0,0,-1,0,0,0,0,0,0,0,1,0
sim_0000_n2_seed256,256,0.001,2,72.0,1,body_1,9.897616233308575,3.6886825746214664,5.2394737750931955e-06,1.542019351512574e-06,0.5849676253742059,0.1728940545732204,0,7.9001444435976005,2.330214229515724,-24.59975939896042,-2.5791494934757315e-10,143.24638548065826,-1.8253844652507355e-14,7.9001444435976005,0-1,0,72.0,72000,,,,,0,0.5849676253742059,0.17290011785950388,7.9001444435976005,2.330214229515724,3.838598412902605e-06,negative_baseline,20.0,0,0,0,0,0,0,0,0,0,0,-1,0,0,0,0,0,0,0,1,0
sim_0000_n2_seed256,256,0.001,2,73.0,1,body_1,9.897616233308575,3.6886825746214664,5.24498564220252e-06,1.5328190614739943e-06,0.5766330205906764,0.16758768251687667,0,7.957033622195622,2.3121209047218163,-24.599759393189792,-2.3334336135151816e-11,143.2463854806586,-1.5872908393484655e-14,7.957033622195622,0-1,0,73.0,73000,,,,,0,0.5766330205906764,0.16759050173893453,7.957033622195622,2.3121209047218163,3.842636584680455e-06,negative_baseline,20.0,0,0,0,0,0,0,0,0,0,0,-1,0,0,0,0,0,0,0,1,0
sim_0000_n2_seed256,256,0.001,2,74.0,1,body_1,9.897616233308575,3.6886825746214664,5.215371612630527e-06,1.537061396338779e-06,0.5772068270914783,0.16795162210650696,0,7.953077559399186,2.313375286881636,-24.59975939358017,-3.920356795256295e-11,143.2463854806586,-1.5872908393484655e-14,7.953077559399186,0-1,0,74.0,74000,,,,,0,0.5772068270914783,0.16795164097638673,7.953077559399186,2.313375286881636,3.820940447898209e-06,negative_baseline,20.0,0,0,0,0,0,0,0,0,0,0,-1,0,0,0,0,0,0,0,1,0
sim_0000_n2_seed256,256,0.001,2,75.0,1,body_1,9.897616233308575,3.6886825746214664,5.157950648472642e-06,1.5557899267249188e-06,0.5866881771046698,0.1739948270167022,0,7.888551754365526,2.3339158565501594,-24.59975940017864,-3.0743665190994426e-10,143.24638548065843,-1.7063376522996005e-14,7.888551754365526,0-1,0,75.0,75000,,,,,0,0.5866881771046698,0.17399242924192448,7.888551754365526,2.3339158565501594,3.778872096484404e-06,negative_baseline,20.0,0,0,0,0,0,0,0,0,0,0,-1,0,0,0,0,0,0,0,1,0
sim_0000_n2_seed256,256,0.001,2,76.0,1,body_1,9.897616233308575,3.6886825746214664,5.082680539056139e-06,1.5896649714510007e-06,0.6050268657225925,0.18583970607789338,0,7.768078713134329,2.37268471945848,-24.59975941375231,-8.592171874364929e-10,143.2463854806586,-1.5872908393484655e-14,7.768078713134329,0-1,0,76.0,76000,,,,,0,0.6050268657225925,0.1858354055830882,7.768078713134329,2.37268471945848,3.723726909229762e-06,negative_baseline,20.0,0,0,0,0,0,0,0,0,0,0,-1,0,0,0,0,0,0,0,1,0
sim_0000_n2_seed256,256,0.001,2,77.0,1,body_1,9.897616233308575,3.6886825746214664,5.002342225442968e-06,1.6390273922374654e-06,0.6319224628666154,0.20357301349428797,0,7.600970563741354,2.4274085780080523,-24.599759435680426,-1.7506127438618772e-09,143.24638548065906,-1.2698326714787725e-14,7.600970563741354,0-1,0,77.0,77000,,,,,0,0.6319224628666154,0.20356775021221504,7.600970563741354,2.4274085780080523,3.664868596398905e-06,negative_baseline,20.0,0,0,0,0,0,0,0,0,0,0,-1,0,0,0,0,0,0,0,1,0
sim_0000_n2_seed256,256,0.001,2,77.9,1,body_1,9.897616233308575,3.6886825746214664,4.938476949410733e-06,1.6965499199169467e-06,0.6626607833017476,0.22434318257381786,0,7.422587272663221,2.4871202659396894,-24.599759463857357,-2.8960276465420364e-09,143.24638548065917,-1.1904681295113492e-14,7.422587272663221,0-1,0,77.9,77900,,,,,0,0.6626607833017476,0.22433853868236672,7.422587272663221,2.4871202659396894,3.6180789294848076e-06,negative_hard,10.0,0,0,0,0,1,0,0,0,0,0,-1,0,0,0,0,0,0,0,0,0
sim_0000_n2_seed256,256,0.001,2,78.0,1,body_1,9.897616233308575,3.6886825746214664,4.9324452375704564e-06,1.7036770184831886e-06,0.6663973114923624,0.2269031637753021,0,7.401748583029015,2.4941874892925595,-24.599759467519128,-3.044881595564717e-09,143.2463854806592,-1.1706269940194933e-14,7.401748583029015,0-1,0,78.0,78000,,,,,0,0.6663973114923624,0.22689871395842642,7.401748583029015,2.4941874892925595,3.6136599112426904e-06,negative_baseline,20.0,0,0,0,0,1,0,0,0,0,0,-1,0,0,0,0,0,0,0,0,0
sim_0000_n2_seed256,256,0.001,2,78.4,1,body_1,9.897616233308575,3.6886825746214664,4.911281292181586e-06,1.733569488327228e-06,0.6818530092858637,0.23757050165574217,0,7.317379284913956,2.5230042571005264,-24.59975948322915,-3.6835066112496526e-09,143.24638548065903,-1.2896738069706283e-14,7.317379284913956,0-1,0,78.4,78400,,,,,0,0.6818530092858637,0.23756714040377286,7.317379284913956,2.5230042571005264,3.5981545494740804e-06,negative_hard,10.0,0,0,1,0,1,0,0,0,0,0,-1,0,0,0,0,0,0,0,0,0
sim_0000_n2_seed256,256,0.001,2,78.9,1,body_1,9.897616233308575,3.6886825746214664,4.892826210035028e-06,1.7738241559423084e-06,0.702029221231348,0.2516803575105322,0,7.211462551292709,2.5596569529100317,-24.59975950513831,-4.574131538991743e-09,143.24638548065894,-1.3491972134461958e-14,7.211462551292709,0-1,0,78.9,78900,,,,,0,0.702029221231348,0.25167915587254097,7.211462551292709,2.5596569529100317,3.584633780540795e-06,negative_hard,10.0,0,0,1,0,1,0,0,0,0,0,-1,0,0,0,0,0,0,0,0,0
sim_0000_n2_seed256,256,0.001,2,79.0,1,body_1,9.897616233308575,3.6886825746214664,4.890375411434188e-06,1.7822220528061427e-06,0.7061334147751268,0.25457537890332627,0,7.190474754101065,2.566984597752591,-24.59975950979414,-4.763394824122313e-09,143.2463854806589,-1.3888794844299075e-14,7.190474754101065,0-1,0,79.0,79000,,,,,0,0.7061334147751268,0.25457472712102514,7.190474754101065,2.566984597752591,3.582838248100044e-06,negative_baseline,20.0,0,0,1,0,1,0,0,0,0,0,-1,0,0,0,0,0,0,0,0,0
sim_0000_n2_seed256,256,0.001,2,79.4,1,body_1,9.897616233308575,3.6886825746214664,4.8852529509807755e-06,1.8168022203213706e-06,0.7226000941382849,0.26627247310272434,0,7.1080739999796,2.5959670444903886,-24.59975952916773,-5.550946865687828e-09,143.24638548065894,-1.3491972134461958e-14,7.1080739999796,0-1,0,79.4,79400,,,,,0,0.7226000941382849,0.2662744406688401,7.1080739999796,2.5959670444903886,3.579085367464598e-06,negative_hard,10.0,0,0,1,0,1,0,0,0,0,0,-1,0,0,0,0,0,0,0,0,0
sim_0000_n2_seed256,256,0.001,2,80.0,1,body_1,9.897616233308575,3.6886825746214664,4.893214981707111e-06,1.8709055398775145e-06,0.7467489930544018,0.2836552041023849,0,6.992196497910723,2.637316587011977,-24.599759559642262,-6.789761069375074e-09,143.24638548065886,-1.4087206199217632e-14,6.992196497910723,0-1,0,80.0,80000,,,,,0,0.7467489930544018,0.2836623766884604,6.992196497910723,2.637316587011977,3.584918578441134e-06,negative_baseline,20.0,0,0,1,0,0,0,0,0,0,0,-1,0,0,0,0,0,0,0,0,0
sim_0000_n2_seed256,256,0.001,2,81.0,1,body_1,9.897616233308575,3.6886825746214664,4.954013820204682e-06,1.962236496874621e-06,0.7816011276429905,0.30919202302770554,0,6.8345253505248245,2.6947475764335467,-24.599759608135628,-8.761055381381866e-09,143.2463854806588,-1.448402890905475e-14,6.8345253505248245,0-1,0,81.0,81000,,,,,0,0.7816011276429905,0.3092106600786735,6.8345253505248245,2.6947475764335467,3.6294616383279357e-06,negative_baseline,20.0,1,1,0,0,0,0,0,0,0,0,-1,0,0,0,0,0,0,0,0,0
sim_0000_n2_seed256,256,0.001,2,82.0,1,body_1,9.897616233308575,3.6886825746214664,5.0774049916602595e-06,2.0446819141001103e-06,0.8030397090351863,0.325145929221796,0,6.742678258649605,2.728854942237361,-24.599759640729093,-1.0086005970693355e-08,143.2463854806593,-1.09126245205207e-14,6.742678258649605,0-1,0,82.0,82000,,,,,0,0.8030397090351863,0.3251767209105857,6.742678258649605,2.728854942237361,3.719861757259112e-06,negative_baseline,20.0,1,1,0,1,0,0,1,0,0,0,-1,0,0,0,0,0,0,0,0,0
sim_0000_n2_seed256,256,0.001,2,82.15,1,body_1,9.897616233308575,3.6886825746214664,5.1010565138035745e-06,2.0554551390344663e-06,0.8046924204657664,0.3263831646145672,0,6.73575050036435,2.731447742113218,-24.599759643331783,-1.0191807396546368e-08,143.24638548065934,-1.0714213165602143e-14,6.73575050036435,0-1,0,82.15,82150,,,,,0,0.8046924204657664,0.3264155553165646,6.73575050036435,2.731447742113218,3.7371895824137693e-06,negative_hard,10.0,1,1,0,1,0,0,1,0,0,0,-1,0,0,0,0,0,0,0,0,0
sim_0000_n2_seed256,256,0.001,2,82.65,1,body_1,9.897616233308575,3.6886825746214664,5.188529606683218e-06,2.087234764901721e-06,0.8069072533916388,0.3280428157308717,0,6.726499862652377,2.734914388639789,-24.599759646840187,-1.0334426849761494e-08,143.24638548065923,-1.1507858585276375e-14,6.726499862652377,0-1,0,82.65,82650,,,,,0,0.8069072533916388,0.328079711248288,6.726499862652377,2.734914388639789,3.8012750346562153e-06,negative_hard,10.0,1,1,0,1,0,0,1,1,0,0,-1,0,0,0,0,0,0,0,0,0
sim_0000_n2_seed256,256,0.001,2,83.0,1,body_1,9.897616233308575,3.6886825746214664,5.256829730821204e-06,2.105193610233199e-06,0.8053909279575764,0.32690638236464836,0,6.732828942267188,2.7325420322728515,-24.599759644435718,-1.0236683230646806e-08,143.24638548065926,-1.1309447230357818e-14,6.732828942267188,0-1,0,83.0,83000,,,,,0,0.8053909279575764,0.3269455162024403,6.732828942267188,2.7325420322728515,3.851313788269403e-06,negative_baseline,20.0,1,1,0,1,0,0,1,0,0,0,-1,0,0,0,0,0,0,0,0,0
sim_0000_n2_seed256,256,0.001,2,83.15,1,body_1,9.897616233308575,3.6886825746214664,5.2876437867321204e-06,2.1117086499526075e-06,0.8039775718835844,0.32584789612025034,0,6.738744347473737,2.730326905560585,-24.59975964220445,-1.0145980407927908e-08,143.24638548065926,-1.1309447230357818e-14,6.738744347473737,0-1,0,83.15,83150,,,,,0,0.8039775718835844,0.32588773244475866,6.738744347473737,2.730326905560585,3.873889105503175e-06,negative_hard,10.0,1,1,0,1,0,0,1,0,0,0,-1,0,0,0,0,0,0,0,0,0
sim_0000_n2_seed256,256,0.001,2,84.0,1,body_1,9.897616233308575,3.6886825746214664,5.475570771760759e-06,2.1344764961203904e-06,0.7879857371024126,0.31392445200433183,0,6.8067808609060165,2.7049985400127534,-24.599759617617366,-9.146495657851148e-09,143.24638548065911,-1.2301504004950608e-14,6.8067808609060165,0-1,0,84.0,84000,,,,,0,0.7879857371024126,0.31396533636155227,6.8067808609060165,2.7049985400127534,4.011570153207084e-06,negative_baseline,20.0,1,1,0,0,0,0,0,0,0,0,-1,0,0,0,0,0,0,0,0,0
sim_0000_n2_seed256,256,0.001,2,85.0,1,body_1,9.897616233308575,3.6886825746214664,5.711400022895291e-06,2.131379085220286e-06,0.7555567265325759,0.29006006473454193,0,6.951322044456951,2.652072864093761,-24.59975957138482,-7.267105459677877e-09,143.24638548065934,-1.0714213165602143e-14,6.951322044456951,0-1,0,85.0,85000,,,,,0,0.7555567265325759,0.2900969589812606,6.951322044456951,2.652072864093761,4.184345874257901e-06,negative_baseline,20.0,0,0,0,0,0,0,0,0,0,0,-1,0,0,0,0,0,0,0,1,0
sim_0000_n2_seed256,256,0.001,2,86.0,1,body_1,9.897616233308575,3.6886825746214664,5.942123289989253e-06,2.102726780154146e-06,0.7156083442879523,0.26129005935568056,0,7.142713809334107,2.583741550987439,-24.599759520804955,-5.210993322743707e-09,143.24638548065897,-1.32935607795434e-14,7.142713809334107,0-1,0,86.0,86000,,,,,0,0.7156083442879523,0.2613201308344487,7.142713809334107,2.583741550987439,4.353380801285894e-06,negative_baseline,20.0,0,0,1,0,0,1,0,0,0,0,-1,0,0,0,0,0,0,0,0,0
sim_0000_n2_seed256,256,0.001,2,87.0,1,body_1,9.897616233308575,3.6886825746214664,6.149384721844977e-06,2.059377725505562e-06,0.6751956009741933,0.23296031530963732,0,7.353365366878682,2.5106726709734652,-24.599759476350275,-3.4038748372461054e-09,143.24638548065855,-1.626973110332177e-14,7.353365366878682,0-1,0,87.0,87000,,,,,0,0.6751956009741933,0.23298323739581275,7.353365366878682,2.5106726709734652,4.505226874213241e-06,negative_baseline,20.0,0,0,1,0,0,1,0,0,0,0,-1,0,0,0,0,0,0,0,0,0
sim_0000_n2_seed256,256,0.001,2,88.0,1,body_1,9.897616233308575,3.6886825746214664,6.320082550067612e-06,2.0120971666225504e-06,0.6392405158066815,0.2084702471525267,0,7.557337206043278,2.4418871609559445,-24.59975944208013,-2.0107659247187623e-09,143.2463854806582,-1.865066736234447e-14,7.557337206043278,0-1,0,88.0,88000,,,,,0,0.6392405158066815,0.20848690224213506,7.557337206043278,2.4418871609559445,4.630285336300627e-06,negative_baseline,20.0,0,0,0,0,0,0,0,0,0,0,-1,0,0,0,0,0,0,0,1,0
sim_0000_n2_seed256,256,0.001,2,89.0,1,body_1,9.897616233308575,3.6886825746214664,6.446209888315424e-06,1.9693865946265892e-06,0.6104778912655207,0.18939950614886222,0,7.733319924946772,2.383974731418825,-24.59975941799911,-1.0318530322437871e-09,143.24638548065795,-2.0436369556611495e-14,7.733319924946772,0-1,0,89.0,89000,,,,,0,0.6104778912655207,0.1894110312401267,7.733319924946772,2.383974731418825,4.72269009800258e-06,negative_baseline,20.0,0,0,0,0,0,0,0,0,0,0,-1,0,0,0,0,0,0,0,1,0
sim_0000_n2_seed256,256,0.001,2,90.0,1,body_1,9.897616233308575,3.6886825746214664,6.52411820582137e-06,1.93711030767899e-06,0.5901278057055189,0.17620088300193193,0,7.865528485860672,2.3412822210642528,-24.599759402642334,-4.0758776355658757e-10,143.24638548065823,-1.845225600742591e-14,7.865528485860672,0-1,0,90.0,90000,,,,,0,0.5901278057055189,0.1762082512017718,7.865528485860672,2.3412822210642528,4.779768130558724e-06,negative_baseline,20.0,0,0,0,0,0,0,0,0,0,0,-1,0,0,0,0,0,0,0,1,0
sim_0000_n2_seed256,256,0.001,2,91.0,1,body_1,9.897616233308575,3.6886825746214664,6.553805582142011e-06,1.918981569350063e-06,0.5785996538608456,0.16883588349631323,0,7.943499318482553,2.3164146935777,-24.599759394532242,-7.790599618791638e-11,143.24638548065795,-2.0436369556611495e-14,7.943499318482553,0-1,0,91.0,91000,,,,,0,0.5785996538608456,0.1688398085305209,7.943499318482553,2.3164146935777,4.8015180249607326e-06,negative_baseline,20.0,0,0,0,0,0,0,0,0,0,0,-1,0,0,0,0,0,0,0,1,0
sim_0000_n2_seed256,256,0.001,2,92.0,1,body_1,9.897616233308575,3.6886825746214664,6.538467200090286e-06,1.9172246541236544e-06,0.5759759260776754,0.16717116963371756,0,7.96157116666876,2.3106828450949783,-24.599759392744296,-5.224562077743991e-12,143.24638548065798,-2.0237958201692936e-14,7.96157116666876,0-1,0,92.0,92000,,,,,0,0.5759759260776754,0.1671721495201271,7.96157116666876,2.3106828450949783,4.790280669451796e-06,negative_baseline,20.0,0,0,0,0,0,0,0,0,0,0,-1,0,0,0,0,0,0,0,1,0
sim_0000_n2_seed256,256,0.001,2,93.0,1,body_1,9.897616233308575,3.6886825746214664,6.484349243856619e-06,1.933118456067478e-06,0.5822613058407489,0.1711663054376938,0,7.918482884550002,2.3243688051549656,-24.59975939706314,-1.8078896918635665e-10,143.24638548065795,-2.0436369556611495e-14,7.918482884550002,0-1,0,93.0,93000,,,,,0,0.5822613058407489,0.17116472772999727,7.918482884550002,2.3243688051549656,4.7506322066625085e-06,negative_baseline,20.0,0,0,0,0,0,0,0,0,0,0,-1,0,0,0,0,0,0,0,1,0
sim_0000_n2_seed256,256,0.001,2,94.0,1,body_1,9.897616233308575,3.6886825746214664,6.4008539782215446e-06,1.96733898209515e-06,0.5974359819157533,0.18091207217911273,0,7.817272652984357,2.3567867540446326,-24.599759408002125,-6.254675707464991e-10,143.24638548065818,-1.884907871726303e-14,7.817272652984357,0-1,0,94.0,94000,,,,,0,0.5974359819157533,0.18090837640445023,7.817272652984357,2.3567867540446326,4.689461023125228e-06,negative_baseline,20.0,0,0,0,0,0,0,0,0,0,0,-1,0,0,0,0,0,0,0,1,0
sim_0000_n2_seed256,256,0.001,2,95.0,1,body_1,9.897616233308575,3.6886825746214664,6.300768068278076e-06,2.020071242527478e-06,0.6213257340479518,0.19653586483926613,0,7.665513919184631,2.4061376339391853,-24.599759426746584,-1.387444878357533e-09,143.246385480658,-2.003954684677438e-14,7.665513919184631,0-1,0,95.0,95000,,,,,0,0.6213257340479518,0.19653079598922119,7.665513919184631,2.4061376339391853,4.616135017986877e-06,negative_baseline,20.0,0,0,0,0,0,0,0,0,0,0,-1,0,0,0,0,0,0,0,1,0
sim_0000_n2_seed256,256,0.001,2,96.0,1,body_1,9.897616233308575,3.6886825746214664,6.200363318403545e-06,2.0908289950815733e-06,0.6532608440685812,0.21793630708616285,0,7.475799299903805,2.4691625040251197,-24.599759454875958,-2.5309265659787395e-09,143.2463854806583,-1.8055433297588796e-14,7.475799299903805,0-1,0,96.0,96000,,,,,0,0.6532608440685812,0.2179312900047619,7.475799299903805,2.4691625040251197,4.5425754131289896e-06,negative_baseline,20.0,0,0,0,0,1,0,0,0,0,0,-1,0,0,0,0,0,0,0,0,0
sim_0000_n2_seed256,256,0.001,2,96.05,1,body_1,9.897616233308575,3.6886825746214664,6.195670842773992e-06,2.0948165012506954e-06,0.6550439265493881,0.21914794870860582,0,7.465617501477712,2.4725888535444867,-24.599759456554594,-2.5991644649825422e-09,143.2463854806583,-1.8055433297588796e-14,7.465617501477712,0-1,0,96.05,96050,,,,,0,0.6550439265493881,0.219142989888265,7.465617501477712,2.4725888535444867,4.53913756086457e-06,negative_hard,10.0,0,0,0,0,1,0,0,0,0,0,-1,0,0,0,0,0,0,0,0,0
sim_0000_n2_seed256,256,0.001,2,96.55,1,body_1,9.897616233308575,3.6886825746214664,6.15190665251268e-06,2.1368754049998504e-06,0.6736863008854502,0.231918348416158,0,7.361597852693055,2.5078600745494577,-24.59975947481451,-3.3414446709765573e-09,143.24638548065823,-1.845225600742591e-14,7.361597852693055,0-1,0,96.55,96550,,,,,0,0.6736863008854502,0.23191435374126368,7.361597852693055,2.5078600745494577,4.507074565505673e-06,negative_hard,10.0,0,0,0,0,1,0,0,0,0,0,-1,0,0,0,0,0,0,0,0,0
sim_0000_n2_seed256,256,0.001,2,97.0,1,body_1,9.897616233308575,3.6886825746214664,6.118926040043077e-06,2.177863363703907e-06,0.6914919260027647,0.24428571047406566,0,7.266200720568142,2.540647270198285,-24.599759493495167,-4.100828472235531e-09,143.2463854806582,-1.865066736234447e-14,7.266200720568142,0-1,0,97.0,97000,,,,,0,0.6914919260027647,0.2442832717315855,7.266200720568142,2.540647270198285,4.482911947508811e-06,negative_baseline,20.0,0,0,1,0,1,0,0,0,0,0,-1,0,0,0,0,0,0,0,0,0
sim_0000_n2_seed256,256,0.001,2,97.05,1,body_1,9.897616233308575,3.6886825746214664,6.115723635217487e-06,2.1825823222440697e-06,0.6935142670978666,0.2457006070642023,0,7.255598584884428,2.5443178626362424,-24.599759495695494,-4.190273535358699e-09,143.24638548065812,-1.9245901427100145e-14,7.255598584884428,0-1,0,97.05,97050,,,,,0,0.6935142670978666,0.24569838679318026,7.255598584884428,2.5443178626362424,4.480565766687974e-06,negative_hard,10.0,0,0,1,0,1,0,0,0,0,0,-1,0,0,0,0,0,0,0,0,0
sim_0000_n2_seed256,256,0.001,2,97.55,1,body_1,9.897616233308575,3.6886825746214664,6.089723904941787e-06,2.2313174993134994e-06,0.7140018798634282,0.26014855140682885,0,7.150744648571526,2.5809159143464897,-24.599759518912336,-5.1340568224986225e-09,143.2463854806583,-1.8055433297588796e-14,7.150744648571526,0-1,0,97.55,97550,,,,,0,0.7140018798634282,0.2601490661688832,7.150744648571526,2.5809159143464897,4.461517553319537e-06,negative_hard,10.0,0,0,1,0,1,0,0,0,0,0,-1,0,0,0,0,0,0,0,0,0
sim_0000_n2_seed256,256,0.001,2,98.0,1,body_1,9.897616233308575,3.6886825746214664,6.077078115336908e-06,2.277059886987083e-06,0.7324462898382365,0.27332779189819456,0,7.060135815622796,2.6129877446052996,-24.599759541292794,-6.043840451608234e-09,143.24638548065792,-2.0634780911530054e-14,7.060135815622796,0-1,0,98.0,98000,,,,,0,0.7324462898382365,0.2733316692098741,7.060135815622796,2.6129877446052996,4.45225284651943e-06,negative_baseline,20.0,0,0,1,0,0,0,0,0,0,0,-1,0,0,0,0,0,0,0,0,0
sim_0000_n2_seed256,256,0.001,2,99.0,1,body_1,9.897616233308575,3.6886825746214664,6.093347367769587e-06,2.3805389559139793e-06,0.770243367105105,0.30081403477772384,0,6.88473080390824,2.6763098573380883,-24.59975959173194,-8.094232230312158e-09,143.24638548065792,-2.0634780911530054e-14,6.88473080390824,0-1,0,99.0,99000,,,,,0,0.770243367105105,0.30082826670688906,6.88473080390824,2.6763098573380883,4.464172160178543e-06,negative_baseline,20.0,0,0,0,0,0,0,0,0,0,0,-1,0,0,0,0,0,0,0,1,0
sim_0000_n2_seed256,256,0.001,2,100.0,1,body_1,9.897616233308575,3.6886825746214664,6.179280322568226e-06,2.4760052896271336e-06,0.7973287230789371,0.32087859381895234,0,6.766782891990741,2.7198557502071936,-24.599759631835845,-9.724488255739107e-09,143.2463854806581,-1.9444312782018705e-14,6.766782891990741,0-1,0,100.0,100000,,,,,0,0.7973287230789371,0.32090522695134127,6.766782891990741,2.7198557502071936,4.527129233632493e-06,negative_baseline,20.0,1,1,0,0,0,0,0,0,0,0,-1,0,0,0,0,0,0,0,0,0
sim_0000_n2_seed256,256,0.001,2,100.35000000000001,1,body_1,9.897616233308575,3.6886825746214664,6.226227656640337e-06,2.504774319962208e-06,0.8029277319558262,0.3250621393262498,0,6.743148412479215,2.728679085185447,-24.599759640553668,-1.007887476695953e-08,143.246385480658,-2.003954684677438e-14,6.743148412479215,0-1,0,100.35000000000001,100350,,,,,0,0.8029277319558262,0.3250928331951615,6.743148412479215,2.728679085185447,4.561524274595528e-06,negative_hard,10.0,1,1,0,1,0,0,1,0,0,0,-1,0,0,0,0,0,0,0,0,0
sim_0000_n2_seed256,256,0.001,2,100.85000000000001,1,body_1,9.897616233308575,3.6886825746214664,6.3075337167539416e-06,2.5397876122261965e-06,0.8067608736054094,0.3279330717195516,0,6.727110067599946,2.73468555814053,-24.59975964660798,-1.0324987370494482e-08,143.24638548065806,-1.964272413693726e-14,6.727110067599946,0-1,0,100.85000000000001,100850,,,,,0,0.8067608736054094,0.3279686895867434,6.727110067599946,2.73468555814053,4.621091565912698e-06,negative_hard,10.0,1,1,0,1,0,0,1,1,0,0,-1,0,0,0,0,0,0,0,0,0
sim_0000_n2_seed256,256,0.001,2,101.0,1,body_1,9.897616233308575,3.6886825746214664,6.334971049180387e-06,2.5486945221666682e-06,0.8069128761530646,0.3280470313929243,0,6.726476426683659,2.7349231777140597,-24.59975964684949,-1.0334804943069751e-08,143.2463854806581,-1.9444312782018705e-14,6.726476426683659,0-1,0,101.0,101000,,,,,0,0.8069128761530646,0.32808385949290514,6.726476426683659,2.7349231777140597,4.641192991214901e-06,negative_baseline,20.0,1,1,0,1,0,0,1,1,0,0,-1,0,0,0,0,0,0,0,0,0
sim_0000_n2_seed256,256,0.001,2,101.35000000000001,1,body_1,9.897616233308575,3.6886825746214664,6.403949756146602e-06,2.5663243981370267e-06,0.8054605471937639,0.3269585407430561,0,6.732537963063384,2.7326510485801614,-24.599759644546186,-1.0241173846890872e-08,143.24638548065823,-1.845225600742591e-14,6.732537963063384,0-1,0,101.35000000000001,101350,,,,,0,0.8054605471937639,0.3269976279693948,6.732537963063384,2.7326510485801614,4.691728894023565e-06,negative_hard,10.0,1,1,0,1,0,0,1,0,0,0,-1,0,0,0,0,0,0,0,0,0
sim_0000_n2_seed256,256,0.001,2,101.85000000000001,1,body_1,9.897616233308575,3.6886825746214664,6.513049820850243e-06,2.5834093198915955e-06,0.7991244306686854,0.3222190351075139,0,6.7591758180406805,2.7226920414162263,-24.599759634615424,-9.837480386641073e-09,143.24638548065843,-1.7063376522996005e-14,6.7591758180406805,0-1,0,101.85000000000001,101850,,,,,0,0.7991244306686854,0.32225988024961955,6.7591758180406805,2.7226920414162263,4.771658929174581e-06,negative_hard,10.0,1,1,0,1,0,0,1,0,0,0,-1,0,0,0,0,0,0,0,0,0
sim_0000_n2_seed256,256,0.001,2,102.0,1,body_1,9.897616233308575,3.6886825746214664,6.547828242209674e-06,2.586624063251243e-06,0.7963025298964245,0.32011312681159304,0,6.771141656696011,2.7182321298799472,-24.59975963025392,-9.660181776153713e-09,143.2463854806585,-1.666655381315889e-14,6.771141656696011,0-1,0,102.0,102000,,,,,0,0.7963025298964245,0.3201541599627863,6.771141656696011,2.7182321298799472,4.797138661938218e-06,negative_baseline,20.0,1,1,0,0,0,0,0,0,0,0,-1,0,0,0,0,0,0,0,0,0
sim_0000_n2_seed256,256,0.001,2,103.0,1,body_1,9.897616233308575,3.6886825746214664,6.795878527896793e-06,2.5861873590257328e-06,0.7684701846390452,0.2995108415709581,0,6.892669205505951,2.6734075777859685,-24.599759589223748,-7.992272249801524e-09,143.24638548065838,-1.746019923283312e-14,6.892669205505951,0-1,0,103.0,103000,,,,,0,0.7684701846390452,0.2995496566593533,6.892669205505951,2.6734075777859685,4.978867881667985e-06,negative_baseline,20.0,0,0,0,0,0,0,0,0,0,0,-1,0,0,0,0,0,0,0,1,0
sim_0000_n2_seed256,256,0.001,2,104.0,1,body_1,9.897616233308575,3.6886825746214664,7.053741542573342e-06,2.5534607011906754e-06,0.7303294013019068,0.27180714703393855,0,7.070360452730835,2.6093474211505217,-24.599759538651206,-5.936457763863656e-09,143.2463854806583,-1.8055433297588796e-14,7.070360452730835,0-1,0,104.0,104000,,,,,0,0.7303294013019068,0.2718398085252336,7.070360452730835,2.6093474211505217,5.167786217890058e-06,negative_baseline,20.0,0,0,1,0,0,0,0,0,0,0,-1,0,0,0,0,0,0,0,0,0
sim_0000_n2_seed256,256,0.001,2,105.0,1,body_1,9.897616233308575,3.6886825746214664,7.298006300236833e-06,2.500512139623435e-06,0.6893918441595455,0.24281860646910475,0,7.277259752326332,2.5368242572738082,-24.599759491227292,-4.0086375389557905e-09,143.24638548065843,-1.7063376522996005e-14,7.277259752326332,0-1,0,105.0,105000,,,,,0,0.6893918441595455,0.2428440295097644,7.277259752326332,2.5368242572738082,5.346742063288552e-06,negative_baseline,20.0,0,0,1,0,0,1,0,0,0,0,-1,0,0,0,0,0,0,0,0,0
sim_0000_n2_seed256,256,0.001,2,106.0,1,body_1,9.897616233308575,3.6886825746214664,7.510193708023306e-06,2.4403602732355206e-06,0.651419508136573,0.21668690500480725,0,7.486357583686737,2.4656142962535674,-24.599759453154668,-2.4609547524375252e-09,143.2463854806583,-1.8055433297588796e-14,7.486357583686737,0-1,0,106.0,106000,,,,,0,0.651419508136573,0.2167056781583929,7.486357583686737,2.4656142962535674,5.5021970667327095e-06,negative_baseline,20.0,0,0,0,0,0,1,0,0,0,0,-1,0,0,0,0,0,0,0,0,0
sim_0000_n2_seed256,256,0.001,2,107.0,1,body_1,9.897616233308575,3.6886825746214664,7.67752104544784e-06,2.38378693371387e-06,0.6198728699696855,0.19557609196657813,0,7.6744919147279935,2.403192430350269,-24.59975942555176,-1.3388743303131855e-09,143.24638548065815,-1.9047490072181586e-14,7.6744919147279935,0-1,0,107.0,107000,,,,,0,0.6198728699696855,0.19558933347375387,7.6744919147279935,2.403192430350269,5.6247862155201074e-06,negative_baseline,20.0,0,0,0,0,0,0,0,0,0,0,-1,0,0,0,0,0,0,0,1,0
sim_0000_n2_seed256,256,0.001,2,108.0,1,body_1,9.897616233308575,3.6886825746214664,7.792498868538121e-06,2.3384429842079737e-06,0.5964270914101614,0.18025976397143445,0,7.823881541027175,2.3546580847883214,-24.599759407252023,-5.949753130539826e-10,143.24638548065795,-2.0436369556611495e-14,7.823881541027175,0-1,0,108.0,108000,,,,,0,0.5964270914101614,0.1802685285256212,7.823881541027175,2.3546580847883214,5.70902250924e-06,negative_baseline,20.0,0,0,0,0,0,0,0,0,0,0,-1,0,0,0,0,0,0,0,1,0
sim_0000_n2_seed256,256,0.001,2,109.0,1,body_1,9.897616233308575,3.6886825746214664,7.852212194810492e-06,2.3092471823251155e-06,0.5817137486400836,0.17081728900435428,0,7.922208774219092,2.3231826842906678,-24.599759396682025,-1.6529638647052547e-10,143.24638548065784,-2.1230014976285726e-14,7.922208774219092,0-1,0,109.0,109000,,,,,0,0.5817137486400836,0.17082238301609656,7.922208774219092,2.3231826842906678,5.752770341481476e-06,negative_baseline,20.0,0,0,0,0,0,0,0,0,0,0,-1,0,0,0,0,0,0,0,1,0
sim_0000_n2_seed256,256,0.001,2,110.0,1,body_1,9.897616233308575,3.6886825746214664,7.85773236798811e-06,2.2991510685077174e-06,0.5758926085917765,0.16711837640355354,0,7.96214706753385,2.310500381176744,-24.599759392687986,-2.935494493371969e-12,143.2463854806574,-2.42061853000641e-14,7.96214706753385,0-1,0,110.0,110000,,,,,0,0.5758926085917765,0.16712036575461833,7.96214706753385,2.310500381176744,5.756814608854853e-06,negative_baseline,20.0,0,0,0,0,0,0,0,0,0,0,-1,0,0,0,0,0,0,0,1,0
sim_0000_n2_seed256,256,0.001,2,111.0,1,body_1,9.897616233308575,3.6886825746214664,7.813819601530312e-06,2.3098157769125335e-06,0.578980641749203,0.16907797108230027,0,7.94088534934396,2.3172447488005115,-24.599759394793814,-8.853911227416082e-11,143.24638548065727,-2.519824207465689e-14,7.94088534934396,0-1,0,111.0,111000,,,,,0,0.578980641749203,0.1690772677387445,7.94088534934396,2.3172447488005115,5.724642787917682e-06,negative_baseline,20.0,0,0,0,0,0,0,0,0,0,0,-1,0,0,0,0,0,0,0,1,0
sim_0000_n2_seed256,256,0.001,2,112.0,1,body_1,9.897616233308575,3.6886825746214664,7.728925956277117e-06,2.3420592611509814e-06,0.5909719944977574,0.17674342375838836,0,7.859908622300902,2.343083334299828,-24.59975940325309,-4.324154093966231e-10,143.24638548065684,-2.8174412398435265e-14,7.859908622300902,0-1,0,112.0,112000,,,,,0,0.5909719944977574,0.17674042511442853,7.859908622300902,2.343083334299828,5.662447113923342e-06,negative_baseline,20.0,0,0,0,0,0,0,0,0,0,0,-1,0,0,0,0,0,0,0,1,0
sim_0000_n2_seed256,256,0.001,2,113.0,1,body_1,9.897616233308575,3.6886825746214664,7.615412066146455e-06,2.3960401683710064e-06,0.6117751535034565,0.19024928189864862,0,7.7251163653850075,2.3866463092947283,-24.599759419024554,-1.0735381805308779e-09,143.24638548065693,-2.757917833367959e-14,7.7251163653850075,0-1,0,113.0,113000,,,,,0,0.6117751535034565,0.19024458666972482,7.7251163653850075,2.3866463092947283,5.5792833649117135e-06,negative_baseline,20.0,0,0,0,0,0,0,0,0,0,0,-1,0,0,0,0,0,0,0,1,0
sim_0000_n2_seed256,256,0.001,2,114.0,1,body_1,9.897616233308575,3.6886825746214664,7.489774723825494e-06,2.471133550919578e-06,0.6409526040161353,0.20962033283698345,0,7.547237020920607,2.4452501807823452,-24.599759443605038,-2.072754597006896e-09,143.246385480657,-2.6983944268923915e-14,7.547237020920607,0-1,0,114.0,114000,,,,,0,0.6409526040161353,0.20961507194926776,7.547237020920607,2.4452501807823452,5.487237593096235e-06,negative_baseline,20.0,0,0,0,0,0,0,0,0,0,0,-1,0,0,0,0,0,0,0,1,0
sim_0000_n2_seed256,256,0.001,2,114.8,1,body_1,9.897616233308575,3.6886825746214664,7.394185804721902e-06,2.545174096668608e-06,0.6695096936437731,0.22904120250972373,0,7.384524108016283,2.5000439052854517,-24.599759470610127,-3.1705332089426004e-09,143.24638548065698,-2.7182355623842475e-14,7.384524108016283,0-1,0,114.8,114800,,,,,0,0.6695096936437731,0.22903693454729313,7.384524108016283,2.5000439052854517,5.4172062083976354e-06,negative_hard,10.0,0,0,0,0,1,0,0,0,0,0,-1,0,0,0,0,0,0,0,0,0
sim_0000_n2_seed256,256,0.001,2,115.0,1,body_1,9.897616233308575,3.6886825746214664,7.372492522789263e-06,2.565400033267065e-06,0.6772241363134409,0.23436261753576024,0,7.342344090748495,2.5144429749819164,-24.599759478428684,-3.4883638163129394e-09,143.24638548065698,-2.7182355623842475e-14,7.342344090748495,0-1,0,115.0,115000,,,,,0,0.6772241363134409,0.23435888097794724,7.342344090748495,2.5144429749819164,5.4013130407396674e-06,negative_baseline,20.0,0,0,1,0,1,0,0,0,0,0,-1,0,0,0,0,0,0,0,0,0
sim_0000_n2_seed256,256,0.001,2,115.3,1,body_1,9.897616233308575,3.6886825746214664,7.3423853918123286e-06,2.5968624053826344e-06,0.6891190950812144,0.24262822936498213,0,7.278699757068497,2.5363268915371444,-24.599759490934456,-3.9967335209930494e-09,143.24638548065724,-2.539665342957545e-14,7.278699757068497,0-1,0,115.3,115300,,,,,0,0.6891190950812144,0.24262554546360876,7.278699757068497,2.5363268915371444,5.379255625384403e-06,negative_hard,10.0,0,0,1,0,1,0,0,0,0,0,-1,0,0,0,0,0,0,0,0,0
sim_0000_n2_seed256,256,0.001,2,115.8,1,body_1,9.897616233308575,3.6886825746214664,7.300301730185694e-06,2.6518467036544857e-06,0.7095155317109909,0.2569672383019556,0,7.173316513299095,2.5729914303558035,-24.599759513682883,-4.921475376347693e-09,143.246385480657,-2.6983944268923915e-14,7.173316513299095,0-1,0,115.8,115800,,,,,0,0.7095155317109909,0.2569670695030611,7.173316513299095,2.5729914303558035,5.3484238300423785e-06,negative_hard,10.0,0,0,1,0,1,0,0,0,0,0,-1,0,0,0,0,0,0,0,0,0
sim_0000_n2_seed256,256,0.001,2,116.0,1,body_1,9.897616233308575,3.6886825746214664,7.286853892584625e-06,2.674543874235479e-06,0.7177550720340197,0.2628173836507254,0,7.1320242685188715,2.587507712489552,-24.599759523351604,-5.3145166569831e-09,143.24638548065707,-2.65871215590868e-14,7.1320242685188715,0-1,0,116.0,116000,,,,,0,0.7177550720340197,0.2628185089829835,7.1320242685188715,2.587507712489552,5.3385715244979855e-06,negative_baseline,20.0,0,0,1,0,1,0,0,0,0,0,-1,0,0,0,0,0,0,0,0,0
sim_0000_n2_seed256,256,0.001,2,117.0,1,body_1,9.897616233308575,3.6886825746214664,7.256032168365186e-06,2.790484397238408e-06,0.7575002649533035,0.2914779136967648,0,6.942398721870067,2.655306424117931,-24.599759574022784,-7.374340838341316e-09,143.24638548065707,-2.65871215590868e-14,6.942398721870067,0-1,0,117.0,117000,,,,,0,0.7575002649533035,0.2914880295697017,6.942398721870067,2.655306424117931,5.315990541240797e-06,negative_baseline,20.0,0,0,0,0,0,0,0,0,0,0,-1,0,0,0,0,0,0,0,1,0
sim_0000_n2_seed256,256,0.001,2,118.0,1,body_1,9.897616233308575,3.6886825746214664,7.298178261900245e-06,2.9003820529944695e-06,0.7893227756767326,0.3149175434397554,0,6.801013394062583,2.707135087820234,-24.59975961962766,-9.228215659454565e-09,143.24638548065704,-2.6785532914005356e-14,6.801013394062583,0-1,0,118.0,118000,,,,,0,0.7893227756767326,0.3149397300225385,6.801013394062583,2.707135087820234,5.346868009294764e-06,negative_baseline,20.0,1,1,0,0,0,0,0,0,0,0,-1,0,0,0,0,0,0,0,0,0
sim_0000_n2_seed256,256,0.001,2,118.60000000000001,1,body_1,9.897616233308575,3.6886825746214664,7.362181884553091e-06,2.9566539978546837e-06,0.8014331272181858,0.3239442142577662,0,6.749433183338627,2.7263295854528917,-24.599759638212422,-9.98370125804872e-09,143.24638548065664,-2.956329188286517e-14,6.749433183338627,0-1,0,118.60000000000001,118600,,,,,0,0.8014331272181858,0.32397368679723965,6.749433183338627,2.7263295854528917,5.393758992502448e-06,negative_hard,10.0,1,1,0,1,0,0,1,0,0,0,-1,0,0,0,0,0,0,0,0,0
sim_0000_n2_seed256,256,0.001,2,119.0,1,body_1,9.897616233308575,3.6886825746214664,7.420775374283294e-06,2.9879248287316765e-06,0.8057757988166737,0.32719474836477824,0,6.731220815564645,2.7331445856642826,-24.599759645045843,-1.0261485314028643e-08,143.24638548065676,-2.876964646319094e-14,6.731220815564645,0-1,0,119.0,119000,,,,,0,0.8057757988166737,0.3272284624398822,6.731220815564645,2.7331445856642826,5.43668635824054e-06,negative_baseline,20.0,1,1,0,1,0,0,1,0,0,0,-1,0,0,0,0,0,0,0,0,0
sim_0000_n2_seed256,256,0.001,2,119.10000000000001,1,body_1,9.897616233308575,3.6886825746214664,7.437327992060532e-06,2.9948275258206084e-06,0.8063591966761681,0.32763196711279735,0,6.728785368447756,2.734057425295287,-24.599759645970714,-1.0299082057631445e-08,143.2463854806567,-2.916646917302806e-14,6.728785368447756,0-1,0,119.10000000000001,119100,,,,,0,0.8063591966761681,0.32766662271812674,6.728785368447756,2.734057425295287,5.448813308726772e-06,negative_hard,10.0,1,1,0,1,0,0,1,0,0,0,-1,0,0,0,0,0,0,0,0,0
sim_0000_n2_seed256,256,0.001,2,119.60000000000001,1,body_1,9.897616233308575,3.6886825746214664,7.530762780005381e-06,3.023269701217865e-06,0.806182057477022,0.32749919936117955,0,6.729524572559856,2.733780323644036,-24.599759645689673,-1.0287657516285745e-08,143.24638548065684,-2.8174412398435265e-14,6.729524572559856,0-1,0,119.60000000000001,119600,,,,,0,0.806182057477022,0.32753767191657895,6.729524572559856,2.733780323644036,5.517266474436769e-06,negative_hard,10.0,1,1,0,1,0,0,1,0,0,0,-1,0,0,0,0,0,0,0,0,0
sim_0000_n2_seed256,256,0.001,2,120.0,1,body_1,9.897616233308575,3.6886825746214664,7.617152661131212e-06,3.03825436000371e-06,0.8023620008183717,0.32463888796974205,0,6.745525230434223,2.727790258411257,-24.599759639666505,-1.0042810904324585e-08,143.24638548065673,-2.89680578181095e-14,6.745525230434223,0-1,0,120.0,120000,,,,,0,0.8023620008183717,0.3246792122766412,6.745525230434223,2.727790258411257,5.580558331687807e-06,negative_baseline,20.0,1,1,0,1,0,0,1,0,0,0,-1,0,0,0,0,0,0,0,0,0
sim_0000_n2_seed256,256,0.001,2,120.10000000000001,1,body_1,9.897616233308575,3.6886825746214664,7.640181165367375e-06,3.04088071970151e-06,0.8009150294845138,0.32355688816773465,0,6.751615874744596,2.725514158000608,-24.599759637403174,-9.95080468507894e-09,143.2463854806567,-2.916646917302806e-14,6.751615874744596,0-1,0,120.10000000000001,120100,,,,,0,0.8009150294845138,0.3235974998564764,6.751615874744596,2.725514158000608,5.597429715539555e-06,negative_hard,10.0,1,1,0,1,0,0,1,0,0,0,-1,0,0,0,0,0,0,0,0,0
sim_0000_n2_seed256,256,0.001,2,121.0,1,body_1,9.897616233308575,3.6886825746214664,7.86773202285246e-06,3.0445410163303373e-06,0.7800519436073693,0.3080461869776083,0,6.841308671783418,2.6922480390382355,-24.59975960586412,-8.668716705758984e-09,143.24638548065653,-3.03569373025394e-14,6.841308671783418,0-1,0,121.0,121000,,,,,0,0.7800519436073693,0.308086414624617,6.841308671783418,2.6922480390382355,5.764140417758142e-06,negative_baseline,20.0,1,1,0,0,0,0,0,0,0,0,-1,0,0,0,0,0,0,0,0,0
sim_0000_n2_seed256,256,0.001,2,122.0,1,body_1,9.897616233308575,3.6886825746214664,8.145553886825093e-06,3.011100639585172e-06,0.7447090578459289,0.28217664821422,0,7.001766593210837,2.633874691718406,-24.599759556971744,-6.681202364132733e-09,143.2463854806569,-2.777758968859815e-14,7.001766593210837,0-1,0,122.0,122000,,,,,0,0.7447090578459289,0.28221177317777213,7.001766593210837,2.633874691718406,5.96768121195136e-06,negative_baseline,20.0,0,0,1,0,0,0,0,0,0,0,-1,0,0,0,0,0,0,0,0,0
sim_0000_n2_seed256,256,0.001,2,123.0,1,body_1,9.897616233308575,3.6886825746214664,8.422841972871608e-06,2.9505526732359227e-06,0.7039928181558095,0.2530644122039472,0,7.201398319621542,2.563168045998522,-24.59975950735798,-4.664362972650993e-09,143.24638548065704,-2.6785532914005356e-14,7.201398319621542,0-1,0,123.0,123000,,,,,0,0.7039928181558095,0.2530924231647005,7.201398319621542,2.563168045998522,6.170830957905998e-06,negative_baseline,20.0,0,0,1,0,0,1,0,0,0,0,-1,0,0,0,0,0,0,0,0,0
sim_0000_n2_seed256,256,0.001,2,124.0,1,body_1,9.897616233308575,3.6886825746214664,8.675671490578047e-06,2.8780738403132053e-06,0.6644430424994455,0.22556331883992395,0,7.412625653197379,2.4904961891842596,-24.59975946559819,-2.966793918176729e-09,143.246385480657,-2.6983944268923915e-14,7.412625653197379,0-1,0,124.0,124000,,,,,0,0.6644430424994455,0.2255843593521399,7.412625653197379,2.4904961891842596,6.356061619510902e-06,negative_baseline,20.0,0,0,0,0,0,1,0,0,0,0,-1,0,0,0,0,0,0,0,0,0
sim_0000_n2_seed256,256,0.001,2,125.0,1,body_1,9.897616233308575,3.6886825746214664,8.886008534710583e-06,2.806992245018713e-06,0.630320798927318,0.20250523565124712,0,7.610621583138949,2.424216980168161,-24.599759434305746,-1.6947308995109788e-09,143.246385480657,-2.6983944268923915e-14,7.610621583138949,0-1,0,125.0,125000,,,,,0,0.630320798927318,0.20252033087337115,7.610621583138949,2.424216980168161,6.510161002224043e-06,negative_baseline,20.0,0,0,0,0,0,0,0,0,0,0,-1,0,0,0,0,0,0,0,1,0
sim_0000_n2_seed256,256,0.001,2,126.0,1,body_1,9.897616233308575,3.6886825746214664,9.041921683450022e-06,2.7471066892888856e-06,0.6038552901196702,0.1850769187811078,0,7.775610717599958,2.3702445093232587,-24.599759412853132,-8.226648941031035e-10,143.24638548065693,-2.757917833367959e-14,7.775610717599958,0-1,0,126.0,126000,,,,,0,0.6038552901196702,0.18508718336045762,7.775610717599958,2.3702445093232587,6.624387777876883e-06,negative_baseline,20.0,0,0,0,0,0,0,0,0,0,0,-1,0,0,0,0,0,0,0,1,0
sim_0000_n2_seed256,256,0.001,2,127.0,1,body_1,9.897616233308575,3.6886825746214664,9.13700540252434e-06,2.7048542138598273e-06,0.5859743195098671,0.17353789477291648,0,7.893355368080505,2.3323814227082957,-24.599759399672557,-2.868639277841528e-10,143.24638548065724,-2.539665342957545e-14,7.893355368080505,0-1,0,127.0,127000,,,,,0,0.5859743195098671,0.17354422981839554,7.893355368080505,2.3323814227082957,6.69404905231972e-06,negative_baseline,20.0,0,0,0,0,0,0,0,0,0,0,-1,0,0,0,0,0,0,0,1,0
sim_0000_n2_seed256,256,0.001,2,128.0,1,body_1,9.897616233308575,3.6886825746214664,9.16970321458734e-06,2.684143880382475e-06,0.5769568680360824,0.16779305908602135,0,7.954800156527583,2.312829018769547,-24.59975939341058,-3.230950295523911e-11,143.24638548065718,-2.5793476139412566e-14,7.954800156527583,0-1,0,128.0,128000,,,,,0,0.5769568680360824,0.16779610969732092,7.954800156527583,2.312829018769547,6.718004499844922e-06,negative_baseline,20.0,0,0,0,0,0,0,0,0,0,0,-1,0,0,0,0,0,0,0,1,0
sim_0000_n2_seed256,256,0.001,2,129.0,1,body_1,9.897616233308575,3.6886825746214664,9.142854861223762e-06,2.687183429555976e-06,0.5768473679233983,0.16772360931775443,0,7.955555131091925,2.312589635970993,-24.599759393336065,-2.928042386914329e-11,143.24638548065727,-2.519824207465689e-14,7.955555131091925,0-1,0,129.0,129000,,,,,0,0.5768473679233983,0.16772382956500362,7.955555131091925,2.312589635970993,6.698334599510395e-06,negative_baseline,20.0,0,0,0,0,0,0,0,0,0,0,-1,0,0,0,0,0,0,0,1,0
sim_0000_n2_seed256,256,0.001,2,130.0,1,body_1,9.897616233308575,3.6886825746214664,9.063562771324277e-06,2.7150595897580923e-06,0.5856459833258704,0.17332783581138148,0,7.895567720856261,2.3316750124545447,-24.599759399440025,-2.774113062363725e-10,143.24638548065738,-2.440459665498266e-14,7.895567720856261,0-1,0,130.0,130000,,,,,0,0.5856459833258704,0.17332560833099347,7.895567720856261,2.3316750124545447,6.640242805462842e-06,negative_baseline,20.0,0,0,0,0,0,0,0,0,0,0,-1,0,0,0,0,0,0,0,1,0
sim_0000_n2_seed256,256,0.001,2,131.0,1,body_1,9.897616233308575,3.6886825746214664,8.943349193514105e-06,2.768020535653779e-06,0.6033108270571799,0.18472271027693846,0,7.779118509867148,2.369108815375664,-24.59975941243639,-8.057240609307372e-10,143.24638548065724,-2.539665342957545e-14,7.779118509867148,0-1,0,131.0,131000,,,,,0,0.6033108270571799,0.18471853011358097,7.779118509867148,2.369108815375664,6.5521706664694195e-06,negative_baseline,20.0,0,0,0,0,0,0,0,0,0,0,-1,0,0,0,0,0,0,0,1,0
sim_0000_n2_seed256,256,0.001,2,132.0,1,body_1,9.897616233308575,3.6886825746214664,8.798444562461169e-06,2.84542669402269e-06,0.6295726451462712,0.20200696746752989,0,7.6151422883889035,2.422723320003168,-24.599759433666268,-1.6687356125719118e-09,143.24638548065727,-2.519824207465689e-14,7.6151422883889035,0-1,0,132.0,132000,,,,,0,0.6295726451462712,0.20200172851989284,7.6151422883889035,2.422723320003168,6.446009092430836e-06,negative_baseline,20.0,0,0,0,0,0,0,0,0,0,0,-1,0,0,0,0,0,0,0,1,0
sim_0000_n2_seed256,256,0.001,2,133.0,1,body_1,9.897616233308575,3.6886825746214664,8.649877266202274e-06,2.9452910003789955e-06,0.6635265218519323,0.22493565559683185,0,7.417743368769469,2.4887612705287148,-24.59975946470181,-2.9303552839088853e-09,143.24638548065727,-2.519824207465689e-14,7.417743368769469,0-1,0,133.0,133000,,,,,0,0.6635265218519323,0.22493105433307395,7.417743368769469,2.4887612705287148,6.337164121707321e-06,negative_hard,10.0,0,0,0,0,1,0,0,0,0,0,-1,0,0,0,0,0,0,0,0,0
sim_0000_n2_seed256,256,0.001,2,133.5,1,body_1,9.897616233308575,3.6886825746214664,8.581959850412532e-06,3.0024264375048764e-06,0.6827755085481491,0.2382111307963005,0,7.312434351676587,2.524703518166051,-24.599759484196625,-3.7228352475005163e-09,143.24638548065712,-2.619029884924968e-14,7.312434351676587,0-1,0,133.5,133500,,,,,0,0.6827755085481491,0.2382078495086665,7.312434351676587,2.524703518166051,6.2874057262024e-06,negative_hard,10.0,0,0,1,0,1,0,0,0,0,0,-1,0,0,0,0,0,0,0,0,0
sim_0000_n2_seed256,256,0.001,2,134.0,1,body_1,9.897616233308575,3.6886825746214664,8.522770753909796e-06,3.0633029146619725e-06,0.702984405306144,0.2523533889499474,0,7.2065615779606915,2.5613661241498833,-24.599759506216362,-4.617955268527375e-09,143.2463854806574,-2.42061853000641e-14,7.2065615779606915,0-1,0,134.0,134000,,,,,0,0.702984405306144,0.25235231178877976,7.2065615779606915,2.5613661241498833,6.244041959732658e-06,negative_hard,10.0,0,0,1,0,1,0,0,0,0,0,-1,0,0,0,0,0,0,0,0,0
sim_0000_n2_seed256,256,0.001,2,135.0,1,body_1,9.897616233308575,3.6886825746214664,8.444026227797787e-06,3.1913863862917656e-06,0.7437418568157829,0.2814762606199224,0,7.006317846798543,2.6322395525766815,-24.59975955571136,-6.629966677085104e-09,143.24638548065744,-2.400777394514554e-14,7.006317846798543,0-1,0,135.0,135000,,,,,0,0.7437418568157829,0.28148268504381085,7.006317846798543,2.6322395525766815,6.186351256072651e-06,negative_baseline,20.0,0,0,1,0,0,0,0,0,0,0,-1,0,0,0,0,0,0,0,0,0
sim_0000_n2_seed256,256,0.001,2,136.0,1,body_1,9.897616233308575,3.6886825746214664,8.437765176397615e-06,3.3164377227981985e-06,0.7793087498221442,0.3074968356996779,0,6.844570027740153,2.6910472241502457,-24.599759604777624,-8.624549832716697e-09,143.24638548065747,-2.3809362590226985e-14,6.844570027740153,0-1,0,136.0,136000,,,,,0,0.7793087498221442,0.3075145155691834,6.844570027740153,2.6910472241502457,6.181764155431725e-06,negative_baseline,20.0,1,1,0,0,0,0,0,0,0,0,-1,0,0,0,0,0,0,0,0,0
sim_0000_n2_seed256,256,0.001,2,136.8,1,body_1,9.897616233308575,3.6886825746214664,8.495544435504394e-06,3.4025652580333238e-06,0.7988484582442865,0.3220129498651081,0,6.760343239122921,2.7222565469143616,-24.59975963418768,-9.82009228266058e-09,143.2463854806574,-2.42061853000641e-14,6.760343239122921,0-1,0,136.8,136800,,,,,0,0.7988484582442865,0.322040569204736,6.760343239122921,2.7222565469143616,6.224094959781758e-06,negative_hard,10.0,1,1,0,1,0,0,1,0,0,0,-1,0,0,0,0,0,0,0,0,0
sim_0000_n2_seed256,256,0.001,2,137.0,1,body_1,9.897616233308575,3.6886825746214664,8.519078018721999e-06,3.4209115782057994e-06,0.8020240833535712,0.32438613294020485,0,6.746946129621591,2.7272590646223613,-24.599759639136895,-1.002128182653673e-08,143.2463854806573,-2.4999830719738335e-14,6.746946129621591,0-1,0,137.0,137000,,,,,0,0.8020240833535712,0.3244160715428441,6.746946129621591,2.7272590646223613,6.241336371604966e-06,negative_baseline,20.0,1,1,0,1,0,0,1,0,0,0,-1,0,0,0,0,0,0,0,0,0
sim_0000_n2_seed256,256,0.001,2,137.3,1,body_1,9.897616233308575,3.6886825746214664,8.561070363189013e-06,3.4454788888000086e-06,0.8053367772749422,0.3268658142028184,0,6.7330552954929965,2.732457231807371,-24.599759644350833,-1.0233232587631449e-08,143.2463854806572,-2.559506478449401e-14,6.7330552954929965,0-1,0,137.3,137300,,,,,0,0.8053367772749422,0.32689894930623015,6.7330552954929965,2.732457231807371,6.272101231888388e-06,negative_hard,10.0,1,1,0,1,0,0,1,0,0,0,-1,0,0,0,0,0,0,0,0,0
sim_0000_n2_seed256,256,0.001,2,137.8,1,body_1,9.897616233308575,3.6886825746214664,8.648149794320088e-06,3.4776121726658302e-06,0.8067985614780829,0.3279613263485785,0,6.72695294447117,2.734744478113807,-24.59975964666828,-1.0327438622488776e-08,143.24638548065707,-2.65871215590868e-14,6.72695294447117,0-1,0,137.8,137800,,,,,0,0.8067985614780829,0.32799875796633987,6.72695294447117,2.734744478113807,6.335898262943149e-06,negative_hard,10.0,1,1,0,1,0,0,1,1,0,0,-1,0,0,0,0,0,0,0,0,0
sim_0000_n2_seed256,256,0.001,2,138.0,1,body_1,9.897616233308575,3.6886825746214664,8.68859181689652e-06,3.487124240009952e-06,0.8059381547537574,0.3273164108054221,0,6.730542780469107,2.733398686956875,-24.599759645303056,-1.0271941225955517e-08,143.24638548065695,-2.738076697876103e-14,6.730542780469107,0-1,0,138.0,138000,,,,,0,0.8059381547537574,0.32735512492557395,6.730542780469107,2.733398686956875,6.365527318034129e-06,negative_baseline,20.0,1,1,0,1,0,0,1,0,0,0,-1,0,0,0,0,0,0,0,0,0
sim_0000_n2_seed256,256,0.001,2,138.3,1,body_1,9.897616233308575,3.6886825746214664,8.754753405805863e-06,3.497635174924978e-06,0.8031240345307168,0.3252090311890814,0,6.742324269361233,2.7289873576329926,-24.599759640862352,-1.0091423045521255e-08,143.24638548065715,-2.5991887494331125e-14,6.742324269361233,0-1,0,138.3,138300,,,,,0,0.8031240345307168,0.32524915330795917,6.742324269361233,2.7289873576329926,6.41399931216607e-06,negative_hard,10.0,1,1,0,1,0,0,1,0,0,0,-1,0,0,0,0,0,0,0,0,0
sim_0000_n2_seed256,256,0.001,2,139.0,1,body_1,9.897616233308575,3.6886825746214664,8.931241254340181e-06,3.5044292538489443e-06,0.7899387528524966,0.3153752997258281,0,6.798361235270766,2.7081182254005722,-24.599759620556327,-9.265966788751228e-09,143.24638548065718,-2.5793476139412566e-14,6.798361235270766,0-1,0,139.0,139000,,,,,0,0.7899387528524966,0.31541628370346336,6.798361235270766,2.7081182254005722,6.543299692542506e-06,negative_baseline,20.0,1,1,0,0,0,0,0,0,0,0,-1,0,0,0,0,0,0,0,0,0
sim_0000_n2_seed256,256,0.001,2,140.0,1,body_1,9.897616233308575,3.6886825746214664,9.220435929228277e-06,3.4742868981914934e-06,0.758409622531754,0.2921418649702406,0,6.938235393605516,2.6568165924854807,-24.599759575262702,-7.424744517921842e-09,143.24638548065656,-3.015852594762085e-14,6.938235393605516,0-1,0,140.0,140000,,,,,0,0.758409622531754,0.2921792048018573,6.938235393605516,2.6568165924854807,6.755172553799863e-06,negative_baseline,20.0,0,0,0,0,0,0,0,0,0,0,-1,0,0,0,0,0,0,0,1,0
sim_0000_n2_seed256,256,0.001,2,141.0,1,body_1,9.897616233308575,3.6886825746214664,9.525159503609738e-06,3.408936250176987e-06,0.7187671198059148,0.2635381806208661,0,7.127001437313202,2.5892793711245354,-24.599759524558777,-5.363589211268664e-09,143.24638548065656,-3.015852594762085e-14,7.127001437313202,0-1,0,141.0,141000,,,,,0,0.7187671198059148,0.2635688109228391,7.127001437313202,2.5892793711245354,6.97842238235765e-06,negative_baseline,20.0,0,0,1,0,0,1,0,0,0,0,-1,0,0,0,0,0,0,0,0,0
sim_0000_n2_seed256,256,0.001,2,142.0,1,body_1,9.897616233308575,3.6886825746214664,9.816290364598251e-06,3.3253799237416545e-06,0.6781851680862367,0.2350277150853221,0,7.337139960782351,2.5162252402640606,-24.599759479419006,-3.52862122187832e-09,143.2463854806562,-3.27378735615621e-14,7.337139960782351,0-1,0,142.0,142000,,,,,0,0.6781851680862367,0.23505116226071848,7.337139960782351,2.5162252402640606,7.191713786646662e-06,negative_baseline,20.0,0,0,1,0,0,1,0,0,0,0,-1,0,0,0,0,0,0,0,0,0
sim_0000_n2_seed256,256,0.001,2,143.0,1,body_1,9.897616233308575,3.6886825746214664,1.0070221693123772e-05,3.2396614957690274e-06,0.6417669726046569,0.21016795672693525,0,7.542446977125773,2.446846631858191,-24.599759444334296,-2.102399538641525e-09,143.246385480656,-3.412675304599201e-14,7.542446977125773,0-1,0,143.0,143000,,,,,0,0.6417669726046569,0.21018505174940738,7.542446977125773,2.446846631858191,7.37775168321284e-06,negative_baseline,20.0,0,0,0,0,0,0,0,0,0,0,-1,0,0,0,0,0,0,0,1,0
sim_0000_n2_seed256,256,0.001,2,144.0,1,body_1,9.897616233308575,3.6886825746214664,1.0270017131174927e-05,3.164095381471958e-06,0.6123949989769079,0.1906556646528362,0,7.721205825054693,2.3879207629289114,-24.599759419516836,-1.0935498303623296e-09,143.24638548065582,-3.531722117550336e-14,7.721205825054693,0-1,0,144.0,144000,,,,,0,0.6123949989769079,0.19066754554332624,7.721205825054693,2.3879207629289114,7.524127974369751e-06,negative_baseline,20.0,0,0,0,0,0,0,0,0,0,0,-1,0,0,0,0,0,0,0,1,0
sim_0000_n2_seed256,256,0.001,2,145.0,1,body_1,9.897616233308575,3.6886825746214664,1.0405185110622597e-05,3.1069930205359823e-06,0.5913785069795906,0.17700483538837153,0,7.857206714641663,2.3439496940001656,-24.599759403548177,-4.444109900627392e-10,143.24638548065602,-3.392834169107345e-14,7.857206714641663,0-1,0,145.0,145000,,,,,0,0.5913785069795906,0.17701249389897655,7.857206714641663,2.3439496940001656,7.623156212822542e-06,negative_baseline,20.0,0,0,0,0,0,0,0,0,0,0,-1,0,0,0,0,0,0,0,1,0
sim_0000_n2_seed256,256,0.001,2,146.0,1,body_1,9.897616233308575,3.6886825746214664,1.0471004215118448e-05,3.073492547570156e-06,0.5791687403931872,0.1691975261627195,0,7.939595750166863,2.317654347508192,-24.599759394923453,-9.380902244158891e-11,143.24638548065622,-3.253946220664354e-14,7.939595750166863,0-1,0,146.0,146000,,,,,0,0.5791687403931872,0.1692016954208359,7.939595750166863,2.317654347508192,7.671377339024068e-06,negative_baseline,20.0,0,0,0,0,0,0,0,0,0,0,-1,0,0,0,0,0,0,0,1,0
sim_0000_n2_seed256,256,0.001,2,147.0,1,body_1,9.897616233308575,3.6886825746214664,1.0467930560147315e-05,3.066538249016586e-06,0.5758617081540309,0.16709879777609882,0,7.962360686989593,2.3104327027096194,-24.59975939266747,-2.1014651369209646e-12,143.24638548065641,-3.115058272221364e-14,7.962360686989593,0-1,0,147.0,147000,,,,,0,0.5758617081540309,0.16709998923581962,7.962360686989593,2.3104327027096194,7.669125514989431e-06,negative_baseline,20.0,0,0,0,0,0,0,0,0,0,0,-1,0,0,0,0,0,0,0,1,0
sim_0000_n2_seed256,256,0.001,2,148.0,1,body_1,9.897616233308575,3.6886825746214664,1.0401308861923416e-05,3.0876222763211515e-06,0.5814638721798735,0.17065807790637197,0,7.923910823952539,2.3226410139093803,-24.599759396508926,-1.5825977827409908e-10,143.24638548065644,-3.095217136729508e-14,7.923910823952539,0-1,0,148.0,148000,,,,,0,0.5814638721798735,0.1706566827167434,7.923910823952539,2.3226410139093803,7.6203164421700095e-06,negative_baseline,20.0,0,0,0,0,0,0,0,0,0,0,-1,0,0,0,0,0,0,0,1,0
sim_0000_n2_seed256,256,0.001,2,149.0,1,body_1,9.897616233308575,3.6886825746214664,1.0281422915215572e-05,3.1371927499681668e-06,0.5959594895282474,0.17995764039881704,0,7.826950327121142,2.3536702223664494,-24.599759406905925,-5.809061404398277e-10,143.24638548065664,-2.956329188286517e-14,7.826950327121142,0-1,0,149.0,149000,,,,,0,0.5959594895282474,0.17995408655053058,7.826950327121142,2.3536702223664494,7.532484338598024e-06,negative_baseline,20.0,0,0,0,0,0,0,0,0,0,0,-1,0,0,0,0,0,0,0,1,0
sim_0000_n2_seed256,256,0.001,2,150.0,1,body_1,9.897616233308575,3.6886825746214664,1.0123784675616895e-05,3.2147019361960163e-06,0.6191953020846485,0.19512890557718002,0,7.678689756237321,2.4018164681092253,-24.599759424997657,-1.3163496164416291e-09,143.2463854806565,-3.055534865745796e-14,7.678689756237321,0-1,0,150.0,150000,,,,,0,0.6191953020846485,0.19512390291569107,7.678689756237321,2.4018164681092253,7.416993734930831e-06,negative_baseline,20.0,0,0,0,0,0,0,0,0,0,0,-1,0,0,0,0,0,0,0,1,0
sim_0000_n2_seed256,256,0.001,2,151.0,1,body_1,9.897616233308575,3.6886825746214664,9.949392610003935e-06,3.3182331895402942e-06,0.6505571797460108,0.2161024282254246,0,7.4913176094999265,2.463949127979621,-24.59975945235338,-2.4283816817635808e-09,143.24638548065695,-2.738076697876103e-14,7.4913176094999265,0-1,0,151.0,151000,,,,,0,0.6505571797460108,0.2160973339081316,7.4913176094999265,2.463949127979621,7.289228749364674e-06,negative_baseline,20.0,0,0,0,0,0,0,0,0,0,0,-1,0,0,0,0,0,0,0,1,0
sim_0000_n2_seed256,256,0.001,2,151.20000000000002,1,body_1,9.897616233308575,3.6886825746214664,9.914729130528381e-06,3.3417486188856793e-06,0.6576865571215675,0.2209468542266142,0,7.450603718129936,2.4776496427512034,-24.599759459064465,-2.7011927564690383e-09,143.24638548065695,-2.738076697876103e-14,7.450603718129936,0-1,0,151.20000000000002,151200,,,,,0,0.6576865571215675,0.22094199250223914,7.450603718129936,2.4776496427512034,7.263833216785047e-06,negative_hard,10.0,0,0,0,0,1,0,0,0,0,0,-1,0,0,0,0,0,0,0,0,0
sim_0000_n2_seed256,256,0.001,2,151.70000000000002,1,body_1,9.897616233308575,3.6886825746214664,9.831200696910376e-06,3.404079698933082e-06,0.6765300020275502,0.2338825294420963,0,7.346109826287881,2.5131541064297247,-24.59975947771595,-3.459390575204172e-09,143.24638548065698,-2.7182355623842475e-14,7.346109826287881,0-1,0,151.70000000000002,151700,,,,,0,0.6765300020275502,0.23387874029487446,7.346109826287881,2.5131541064297247,7.202637710464561e-06,negative_hard,10.0,0,0,1,0,1,0,0,0,0,0,-1,0,0,0,0,0,0,0,0,0
sim_0000_n2_seed256,256,0.001,2,152.0,1,body_1,9.897616233308575,3.6886825746214664,9.784432359211772e-06,3.4436044377479033e-06,0.6884042417677433,0.24212944531780745,0,7.282477953254585,2.535022405537634,-24.599759490167497,-3.9655559872318995e-09,143.24638548065684,-2.8174412398435265e-14,7.282477953254585,0-1,0,152.0,152000,,,,,0,0.6884042417677433,0.24212668989979874,7.282477953254585,2.535022405537634,7.168373780469374e-06,negative_baseline,20.0,0,0,1,0,1,0,0,0,0,0,-1,0,0,0,0,0,0,0,0,0
sim_0000_n2_seed256,256,0.001,2,152.20000000000002,1,body_1,9.897616233308575,3.6886825746214664,9.75515859872357e-06,3.470690122422296e-06,0.696491169716876,0.2477870785051122,0,7.240076249245897,2.5497016946344337,-24.599759498964335,-4.3231545585244996e-09,143.2463854806569,-2.777758968859815e-14,7.240076249245897,0-1,0,152.20000000000002,152200,,,,,0,0.696491169716876,0.24778519601539803,7.240076249245897,2.5497016946344337,7.146926917306378e-06,negative_hard,10.0,0,0,1,0,1,0,0,0,0,0,-1,0,0,0,0,0,0,0,0,0
sim_0000_n2_seed256,256,0.001,2,152.70000000000002,1,body_1,9.897616233308575,3.6886825746214664,9.69042936164064e-06,3.5403385430875984e-06,0.7170220972201962,0.2622956504025579,0,7.135668688187326,2.5862230516344864,-24.59975952248028,-5.279096621685135e-09,143.2463854806568,-2.837282375335382e-14,7.135668688187326,0-1,0,152.70000000000002,152700,,,,,0,0.7170220972201962,0.26229665366699134,7.135668688187326,2.5862230516344864,7.099504269329832e-06,negative_hard,10.0,0,0,1,0,1,0,0,0,0,0,-1,0,0,0,0,0,0,0,0,0
sim_0000_n2_seed256,256,0.001,2,153.0,1,body_1,9.897616233308575,3.6886825746214664,9.658590702492154e-06,3.5829392816840813e-06,0.7293283865958023,0.2710887960643021,0,7.075210879561063,2.6076224091873157,-24.59975953740951,-5.8859818739492384e-09,143.2463854806566,-2.976170323778373e-14,7.075210879561063,0-1,0,153.0,153000,,,,,0,0.7293283865958023,0.2710920388616124,7.075210879561063,2.6076224091873157,7.076178274780673e-06,negative_baseline,20.0,0,0,1,0,0,0,0,0,0,0,-1,0,0,0,0,0,0,0,0,0
sim_0000_n2_seed256,256,0.001,2,154.0,1,body_1,9.897616233308575,3.6886825746214664,9.601099242116264e-06,3.7231705260420986e-06,0.7676240057100162,0.29888940722077,0,6.896467174931626,2.672020290834959,-24.599759588032505,-7.943847277790302e-09,143.24638548065695,-2.738076697876103e-14,6.896467174931626,0-1,0,154.0,154000,,,,,0,0.7676240057100162,0.29890272990880723,6.896467174931626,2.672020290834959,7.034058201334025e-06,negative_baseline,20.0,0,0,0,0,0,0,0,0,0,0,-1,0,0,0,0,0,0,0,1,0
sim_0000_n2_seed256,256,0.001,2,155.0,1,body_1,9.897616233308575,3.6886825746214664,9.634408024399496e-06,3.845936090783095e-06,0.7958018921667347,0.3197398337414835,0,6.773271179158789,2.7174392998648145,-24.599759629484602,-9.628908347069155e-09,143.24638548065715,-2.5991887494331125e-14,6.773271179158789,0-1,0,155.0,155000,,,,,0,0.7958018921667347,0.3197655330288039,6.773271179158789,2.7174392998648145,7.05846116222715e-06,negative_baseline,20.0,1,1,0,0,0,0,0,0,0,0,-1,0,0,0,0,0,0,0,0,0
sim_0000_n2_seed256,256,0.001,2,155.5,1,body_1,9.897616233308575,3.6886825746214664,9.688536737051029e-06,3.894337400187384e-06,0.803803878339109,0.3257178658580124,0,6.739472393952173,2.7300544205158026,-24.599759641931655,-1.0134891066952136e-08,143.24638548065707,-2.65871215590868e-14,6.739472393952173,0-1,0,155.5,155500,,,,,0,0.803803878339109,0.3257493559528727,6.739472393952173,2.7300544205158026,7.098117480458511e-06,negative_hard,10.0,1,1,0,1,0,0,1,0,0,0,-1,0,0,0,0,0,0,0,0,0
sim_0000_n2_seed256,256,0.001,2,156.0,1,body_1,9.897616233308575,3.6886825746214664,9.767316922922923e-06,3.931015219784326e-06,0.806893352613704,0.3280323936813903,0,6.726557802885655,2.7348926597451158,-24.599759646818825,-1.033355844828611e-08,143.2463854806571,-2.638871020416824e-14,6.726557802885655,0-1,0,156.0,156000,,,,,0,0.806893352613704,0.3280686201728072,6.726557802885655,2.7348926597451158,7.155834226525288e-06,negative_hard,10.0,1,1,0,1,0,0,1,1,0,0,-1,0,0,0,0,0,0,0,0,0
sim_0000_n2_seed256,256,0.001,2,156.5,1,body_1,9.897616233308575,3.6886825746214664,9.869089200007134e-06,3.95436691742959e-06,0.8048393619004015,0.32649321605278875,0,6.735135591310074,2.7316780181636138,-24.599759643564518,-1.0201268250072213e-08,143.24638548065727,-2.519824207465689e-14,6.735135591310074,0-1,0,156.5,156500,,,,,0,0.8048393619004015,0.3265326708140648,6.735135591310074,2.7316780181636138,7.230395686980279e-06,negative_hard,10.0,1,1,0,1,0,0,1,0,0,0,-1,0,0,0,0,0,0,0,0,0
sim_0000_n2_seed256,256,0.001,2,157.0,1,body_1,9.897616233308575,3.6886825746214664,9.991189141290669e-06,3.963617648200116e-06,0.7977959585511238,0.32122725213003916,0,6.764801091997104,2.7205943329173037,-24.59975963255784,-9.753838001528787e-09,143.24638548065747,-2.3809362590226985e-14,6.764801091997104,0-1,0,157.0,157000,,,,,0,0.7977959585511238,0.3212682082813018,6.764801091997104,2.7205943329173037,7.319849820852338e-06,negative_baseline,20.0,1,1,0,0,0,0,0,0,0,0,-1,0,0,0,0,0,0,0,0,0
sim_0000_n2_seed256,256,0.001,2,158.0,1,body_1,9.897616233308575,3.6886825746214664,1.0281968957123347e-05,3.94129166386555e-06,0.7710696531385909,0.3014217560374172,0,6.881040941563184,2.677660077382201,-24.59975959290568,-8.141945786113878e-09,143.24638548065727,-2.519824207465689e-14,6.881040941563184,0-1,0,158.0,158000,,,,,0,0.7710696531385909,0.3014609208584931,6.881040941563184,2.677660077382201,7.5328839934983164e-06,negative_baseline,20.0,0,0,0,0,0,0,0,0,0,0,-1,0,0,0,0,0,0,0,1,0
sim_0000_n2_seed256,256,0.001,2,159.0,1,body_1,9.897616233308575,3.6886825746214664,1.0606956625127384e-05,3.874724304746318e-06,0.7334420047346293,0.2740437634412482,0,7.055341796528245,2.6146964638993944,-24.599759542541964,-6.094620202607669e-09,143.2463854806573,-2.4999830719738335e-14,7.055341796528245,0-1,0,159.0,159000,,,,,0,0.7334420047346293,0.2740769658062179,7.055341796528245,2.6146964638993944,7.770979910885382e-06,negative_baseline,20.0,0,0,1,0,0,0,0,0,0,0,-1,0,0,0,0,0,0,0,0,0
sim_0000_n2_seed256,256,0.001,2,160.0,1,body_1,9.897616233308575,3.6886825746214664,1.093246457999797e-05,3.7821200929613733e-06,0.6924852755357983,0.24498043350262236,0,7.2609872758470075,2.5424515528718024,-24.599759494574215,-4.144692639558142e-09,143.24638548065724,-2.539665342957545e-14,7.2609872758470075,0-1,0,160.0,160000,,,,,0,0.6924852755357983,0.24500640383126435,7.2609872758470075,2.5424515528718024,8.00945702532381e-06,negative_baseline,20.0,0,0,1,0,0,1,0,0,0,0,-1,0,0,0,0,0,0,0,0,0
sim_0000_n2_seed256,256,0.001,2,161.0,1,body_1,9.897616233308575,3.6886825746214664,1.1229211899042835e-05,3.682246097276289e-06,0.6541354512273501,0.2185304040727424,0,7.470799896063664,2.4708443156904787,-24.59975945569814,-2.56434897459992e-09,143.24638548065744,-2.400777394514554e-14,7.470799896063664,0-1,0,161.0,161000,,,,,0,0.6541354512273501,0.2185496493903303,7.470799896063664,2.4708443156904787,8.226863230959384e-06,negative_baseline,20.0,0,0,0,0,0,1,0,0,0,0,-1,0,0,0,0,0,0,0,0,0
sim_0000_n2_seed256,256,0.001,2,162.0,1,body_1,9.897616233308575,3.6886825746214664,1.1474773945842209e-05,3.5902728945536155e-06,0.6220186843019365,0.19699406488952143,0,7.661242905979139,2.4075398819803233,-24.599759427319047,-1.4107159582401954e-09,143.24638548065772,-2.202366039595996e-14,7.661242905979139,0-1,0,162.0,162000,,,,,0,0.6220186843019365,0.19700769064936605,7.661242905979139,2.4075398819803233,8.4067695479951e-06,negative_baseline,20.0,0,0,0,0,0,0,0,0,0,0,-1,0,0,0,0,0,0,0,1,0
sim_0000_n2_seed256,256,0.001,2,163.0,1,body_1,9.897616233308575,3.6886825746214664,1.1653977130185624e-05,3.5167790004778803e-06,0.5979201011049223,0.1812253029231813,0,7.8141072985742595,2.3578068825355403,-24.599759408363315,-6.401502423573991e-10,143.24638548065786,-2.103160362136717e-14,7.8141072985742595,0-1,0,163.0,163000,,,,,0,0.5979201011049223,0.1812343788928613,7.8141072985742595,2.3578068825355403,8.538059334718276e-06,negative_baseline,20.0,0,0,0,0,0,0,0,0,0,0,-1,0,0,0,0,0,0,0,1,0
sim_0000_n2_seed256,256,0.001,2,164.0,1,body_1,9.897616233308575,3.6886825746214664,1.1758367367851712e-05,3.468449763778582e-06,0.5825279628012248,0.17133634151627664,0,7.916670301799479,2.324946017720984,-24.59975939724898,-1.8834361431812324e-10,143.24638548065815,-1.9047490072181586e-14,7.916670301799479,0-1,0,164.0,164000,,,,,0,0.5825279628012248,0.1713416943487592,7.916670301799479,2.324946017720984,8.614538865572577e-06,negative_baseline,20.0,0,0,0,0,0,0,0,0,0,0,-1,0,0,0,0,0,0,0,1,0
sim_0000_n2_seed256,256,0.001,2,165.0,1,body_1,9.897616233308575,3.6886825746214664,1.178552409623931e-05,3.4491907815109547e-06,0.5760236227050077,0.16720139404229264,0,7.96124153786605,2.31078728749696,-24.5997593927766,-6.5377792099013915e-12,143.24638548065786,-2.103160362136717e-14,7.96124153786605,0-1,0,165.0,165000,,,,,0,0.5760236227050077,0.16720360567279982,7.96124153786605,2.31078728749696,8.634434759284855e-06,negative_baseline,20.0,0,0,0,0,0,0,0,0,0,0,-1,0,0,0,0,0,0,0,1,0
sim_0000_n2_seed256,256,0.001,2,166.0,1,body_1,9.897616233308575,3.6886825746214664,1.1738607020913866e-05,3.4610533868743585e-06,0.5784283502782788,0.16872706310784996,0,7.9446754789853395,2.3160412898101517,-24.599759394414843,-7.313361522100323e-11,143.24638548065795,-2.0436369556611495e-14,7.9446754789853395,0-1,0,166.0,166000,,,,,0,0.5784283502782788,0.16872655310128667,7.9446754789853395,2.3160412898101517,8.600061908944162e-06,negative_baseline,20.0,0,0,0,0,0,0,0,0,0,0,-1,0,0,0,0,0,0,0,1,0
sim_0000_n2_seed256,256,0.001,2,167.0,1,body_1,9.897616233308575,3.6886825746214664,1.1626265234359737e-05,3.504798249332247e-06,0.5897379632597043,0.1759504873693431,0,7.868127784599064,2.3404495724128096,-24.599759402361354,-3.961656773622407e-10,143.24638548065784,-2.1230014976285726e-14,7.868127784599064,0-1,0,167.0,167000,,,,,0,0.5897379632597043,0.17594764781787098,7.868127784599064,2.3404495724128096,8.517756901488109e-06,negative_baseline,20.0,0,0,0,0,0,0,0,0,0,0,-1,0,0,0,0,0,0,0,1,0
sim_0000_n2_seed256,256,0.001,2,168.0,1,body_1,9.897616233308575,3.6886825746214664,1.146287053468516e-05,3.580064961197923e-06,0.6098739943171224,0.18900426115665223,0,7.737147742520132,2.3827290768440137,-24.59975941752381,-1.0125317132043418e-09,143.24638548065786,-2.103160362136717e-14,7.737147742520132,0-1,0,168.0,168000,,,,,0,0.6098739943171224,0.18899966525021647,7.737147742520132,2.3827290768440137,8.39804895250467e-06,negative_baseline,20.0,0,0,0,0,0,0,0,0,0,0,-1,0,0,0,0,0,0,0,1,0
sim_0000_n2_seed256,256,0.001,2,169.0,1,body_1,9.897616233308575,3.6886825746214664,1.1268869724525583e-05,3.6851039982852337e-06,0.638439854709957,0.2079329723016151,0,7.562074512116014,2.440311300744576,-24.599759441370857,-1.9819333493404168e-09,143.24638548065775,-2.18252490410414e-14,7.562074512116014,0-1,0,169.0,169000,,,,,0,0.638439854709957,0.20792769563023772,7.562074512116014,2.440311300744576,8.255918009458798e-06,negative_baseline,20.0,0,0,0,0,0,0,0,0,0,0,-1,0,0,0,0,0,0,0,1,0
sim_0000_n2_seed256,256,0.001,2,169.4,1,body_1,9.897616233308575,3.6886825746214664,1.1188455000118153e-05,3.7346756726386025e-06,0.6520012886155553,0.21708145996432246,0,7.483016801394754,2.466736465496066,-24.59975945369736,-2.48301558712416e-09,143.2463854806578,-2.1428426331204285e-14,7.483016801394754,0-1,0,169.4,169400,,,,,0,0.6520012886155553,0.21707640523834285,7.483016801394754,2.466736465496066,8.197003710423846e-06,negative_hard,10.0,0,0,0,0,1,0,0,0,0,0,-1,0,0,0,0,0,0,0,0,0
sim_0000_n2_seed256,256,0.001,2,169.9,1,body_1,9.897616233308575,3.6886825746214664,1.1089925910336243e-05,3.8019057498145712e-06,0.6703984727964987,0.22965268742386746,0,7.379627477072257,2.5017112654343387,-24.59975947149913,-3.206671881483457e-09,143.2463854806578,-2.1428426331204285e-14,7.379627477072257,0-1,0,169.9,169900,,,,,0,0.6703984727964987,0.22964847479400083,7.379627477072257,2.5017112654343387,8.124818264490288e-06,negative_hard,10.0,0,0,0,0,1,0,0,0,0,0,-1,0,0,0,0,0,0,0,0,0
sim_0000_n2_seed256,256,0.001,2,170.0,1,body_1,9.897616233308575,3.6886825746214664,1.1070807244482521e-05,3.815977358771126e-06,0.67424314627953,0.23230263581921776,0,7.358557318570806,2.508898495257239,-24.59975947538027,-3.3644433734797796e-09,143.24638548065778,-2.1626837686122845e-14,7.358557318570806,0-1,0,170.0,170000,,,,,0,0.67424314627953,0.2322986801403781,7.358557318570806,2.508898495257239,8.110811340116899e-06,negative_baseline,20.0,0,0,0,0,1,0,0,0,0,0,-1,0,0,0,0,0,0,0,0,0
sim_0000_n2_seed256,256,0.001,2,170.4,1,body_1,9.897616233308575,3.6886825746214664,1.0997401539691728e-05,3.874037533338351e-06,0.6900566628292876,0.24328280344886252,0,7.2737533562227625,2.538035752999013,-24.5997594919435,-4.0377520234776505e-09,143.246385480658,-2.003954684677438e-14,7.2737533562227625,0-1,0,170.4,170400,,,,,0,0.6900566628292876,0.24328021498423408,7.2737533562227625,2.538035752999013,8.057032053903463e-06,negative_hard,10.0,0,0,1,0,1,0,0,0,0,0,-1,0,0,0,0,0,0,0,0,0
sim_0000_n2_seed256,256,0.001,2,170.9,1,body_1,9.897616233308575,3.6886825746214664,1.0915097618976377e-05,3.949746599855048e-06,0.7104752417534742,0.25764696269267423,0,7.1684700176774605,2.574690773383902,-24.599759514794492,-4.966663159090542e-09,143.24638548065775,-2.18252490410414e-14,7.1684700176774605,0-1,0,170.9,170900,,,,,0,0.7104752417534742,0.25764693596249816,7.1684700176774605,2.574690773383902,7.996733651706348e-06,negative_hard,10.0,0,0,1,0,1,0,0,0,0,0,-1,0,0,0,0,0,0,0,0,0
sim_0000_n2_seed256,256,0.001,2,171.0,1,body_1,9.897616233308575,3.6886825746214664,1.090023686975993e-05,3.965175391208162e-06,0.7145954880071415,0.26057020879945997,0,7.147774001393074,2.5819607516386704,-24.59975951961069,-5.1624454487442016e-09,143.24638548065775,-2.18252490410414e-14,7.147774001393074,0-1,0,171.0,171000,,,,,0,0.7145954880071415,0.260570817750166,7.147774001393074,2.5819607516386704,7.985846205431614e-06,negative_baseline,20.0,0,0,1,0,1,0,0,0,0,0,-1,0,0,0,0,0,0,0,0,0
sim_0000_n2_seed256,256,0.001,2,172.0,1,body_1,9.897616233308575,3.6886825746214664,1.0790506348189275e-05,4.1199538299982415e-06,0.7546329131761157,0.2893866958993362,0,6.9555756092621595,2.6505330274872865,-24.599759570137728,-7.216410194769096e-09,143.2463854806576,-2.2817305815634194e-14,6.9555756092621595,0-1,0,172.0,172000,,,,,0,0.7546329131761157,0.2893959835839391,6.9555756092621595,2.6505330274872865,7.905454189571578e-06,negative_baseline,20.0,0,0,0,0,0,0,0,0,0,0,-1,0,0,0,0,0,0,0,1,0
sim_0000_n2_seed256,256,0.001,2,173.0,1,body_1,9.897616233308575,3.6886825746214664,1.0770795360683503e-05,4.261599509976843e-06,0.7873406487693717,0.3134455616920841,0,6.809568774806148,2.703966455584527,-24.599759616651312,-9.107224789867399e-09,143.24638548065747,-2.3809362590226985e-14,6.809568774806148,0-1,0,173.0,173000,,,,,0,0.7873406487693717,0.31346678270061173,6.809568774806148,2.703966455584527,7.891013227813106e-06,negative_baseline,20.0,1,1,0,0,0,0,0,0,0,0,-1,0,0,0,0,0,0,0,0,0
sim_0000_n2_seed256,256,0.001,2,173.70000000000002,1,body_1,9.897616233308575,3.6886825746214664,1.082051793698246e-05,4.340973222244888e-06,0.8017721653746052,0.32419773178846967,0,6.748005996512265,2.7268629186964537,-24.599759638742405,-1.0005245500006693e-08,143.24638548065752,-2.3412539880389866e-14,6.748005996512265,0-1,0,173.70000000000002,173700,,,,,0,0.8017721653746052,0.3242274693122128,6.748005996512265,2.7268629186964537,7.927441447845588e-06,negative_hard,10.0,1,1,0,1,0,0,1,0,0,0,-1,0,0,0,0,0,0,0,0,0
sim_0000_n2_seed256,256,0.001,2,174.0,1,body_1,9.897616233308575,3.6886825746214664,1.085841738141694e-05,4.3678428868492605e-06,0.805190289808667,0.3267560754350573,0,6.7336677366560185,2.7322278036114414,-24.59975964411907,-1.0223811305368578e-08,143.24638548065738,-2.440459665498266e-14,6.7336677366560185,0-1,0,174.0,174000,,,,,0,0.805190289808667,0.3267890321849107,6.7336677366560185,2.7322278036114414,7.955207715909701e-06,negative_baseline,20.0,1,1,0,1,0,0,1,0,0,0,-1,0,0,0,0,0,0,0,0,0
sim_0000_n2_seed256,256,0.001,2,174.20000000000002,1,body_1,9.897616233308575,3.6886825746214664,1.0889111103596507e-05,4.3830154761601214e-06,0.8064656987593353,0.3277117972190779,0,6.728341051149967,2.7342240000215967,-24.59975964613951,-1.0305943772399185e-08,143.24638548065747,-2.3809362590226985e-14,6.728341051149967,0-1,0,174.20000000000002,174200,,,,,0,0.8064656987593353,0.3277466644171118,6.728341051149967,2.7342240000215967,7.97769486125035e-06,negative_hard,10.0,1,1,0,1,0,0,1,0,0,0,-1,0,0,0,0,0,0,0,0,0
sim_0000_n2_seed256,256,0.001,2,174.70000000000002,1,body_1,9.897616233308575,3.6886825746214664,1.0984050076919316e-05,4.4106046239549205e-06,0.8060480079149204,0.327398735550847,0,6.730084125037452,2.7335705888832145,-24.59975964547692,-1.0279008884595516e-08,143.2463854806576,-2.2817305815634194e-14,6.730084125037452,0-1,0,174.70000000000002,174700,,,,,0,0.8060480079149204,0.3274373464878819,6.730084125037452,2.7335705888832145,8.04725002447715e-06,negative_hard,10.0,1,1,0,1,0,0,1,0,0,0,-1,0,0,0,0,0,0,0,0,0
sim_0000_n2_seed256,256,0.001,2,175.0,1,body_1,9.897616233308575,3.6886825746214664,1.105271538903449e-05,4.419743797486749e-06,0.8033409799494742,0.32537138685054956,0,6.741413812179942,2.729327963167298,-24.599759641203214,-1.0105279342071096e-08,143.24638548065755,-2.321412852547131e-14,6.741413812179942,0-1,0,175.0,175000,,,,,0,0.8033409799494742,0.32541144306352865,6.741413812179942,2.729327963167298,8.097556315094178e-06,negative_baseline,20.0,1,1,0,1,0,0,1,0,0,0,-1,0,0,0,0,0,0,0,0,0
sim_0000_n2_seed256,256,0.001,2,175.20000000000002,1,body_1,9.897616233308575,3.6886825746214664,1.1102959837977231e-05,4.422693385218346e-06,0.8005504980795394,0.32328442819915276,0,6.753152877042171,2.7249401222689005,-24.599759636834257,-9.927677737022726e-09,143.2463854806576,-2.2817305815634194e-14,6.753152877042171,0-1,0,175.20000000000002,175200,,,,,0,0.8005504980795394,0.32332509678839827,6.753152877042171,2.7249401222689005,8.134366925137782e-06,negative_hard,10.0,1,1,0,1,0,0,1,0,0,0,-1,0,0,0,0,0,0,0,0,0
sim_0000_n2_seed256,256,0.001,2,176.0,1,body_1,9.897616233308575,3.6886825746214664,1.133438678417248e-05,4.4100571685927985e-06,0.7823191040695817,0.3097233931573133,0,6.831388424402809,2.6959043732358436,-24.599759609192915,-8.804034972114302e-09,143.24638548065755,-2.321412852547131e-14,6.831388424402809,0-1,0,176.0,176000,,,,,0,0.7823191040695817,0.30976384234935056,6.831388424402809,2.6959043732358436,8.303917357716527e-06,negative_baseline,20.0,1,1,0,0,0,0,0,0,0,0,-1,0,0,0,0,0,0,0,0,0
sim_0000_n2_seed256,256,0.001,2,177.0,1,body_1,9.897616233308575,3.6886825746214664,1.1670984690240008e-05,4.3465890707310305e-06,0.7477059079910847,0.2843494147917325,0,6.987720754616506,2.6389279838502846,-24.599759560902143,-6.840976248687876e-09,143.24638548065732,-2.4801419364819775e-14,6.987720754616506,0-1,0,177.0,177000,,,,,0,0.7477059079910847,0.28438503851414054,6.987720754616506,2.6389279838502846,8.550519276119379e-06,negative_baseline,20.0,0,0,0,0,0,0,0,0,0,0,-1,0,0,0,0,0,0,0,1,0
sim_0000_n2_seed256,256,0.001,2,178.0,1,body_1,9.897616233308575,3.6886825746214664,1.2025315335413063e-05,4.247800289943775e-06,0.7071441444777122,0.2552895923519411,0,7.185334200190912,2.5687826879245104,-24.599759510951742,-4.8104522768302905e-09,143.24638548065747,-2.3809362590226985e-14,7.185334200190912,0-1,0,178.0,178000,,,,,0,0.7071441444777122,0.2553181627269029,7.185334200190912,2.5687826879245104,8.810112769551105e-06,negative_baseline,20.0,0,0,1,0,0,1,0,0,0,0,-1,0,0,0,0,0,0,0,0,0
sim_0000_n2_seed256,256,0.001,2,179.0,1,body_1,9.897616233308575,3.6886825746214664,1.2362616197691853e-05,4.1349565436551315e-06,0.667324238533931,0.22753937517304976,0,7.396606206465774,2.4959345070210324,-24.599759468436048,-3.0821551257130187e-09,143.24638548065818,-1.884907871726303e-14,7.396606206465774,0-1,0,179.0,179000,,,,,0,0.667324238533931,0.22756091883575308,7.396606206465774,2.4959345070210324,9.057229744990173e-06,negative_baseline,20.0,0,0,0,0,0,1,0,0,0,0,-1,0,0,0,0,0,0,0,0,0
sim_0000_n2_seed256,256,0.001,2,180.0,1,body_1,9.897616233308575,3.6886825746214664,1.2654624519645938e-05,4.0263500123339695e-06,0.6326851834038851,0.2040820085856549,0,7.596387585668624,2.428925539243178,-24.599759436338893,-1.7773799592702482e-09,143.24638548065823,-1.845225600742591e-14,7.596387585668624,0-1,0,180.0,180000,,,,,0,0.6326851834038851,0.2040975186569185,7.596387585668624,2.428925539243178,9.271164031319164e-06,negative_baseline,20.0,0,0,0,0,0,0,0,0,0,0,-1,0,0,0,0,0,0,0,1,0
sim_0000_n2_seed256,256,0.001,2,181.0,1,body_1,9.897616233308575,3.6886825746214664,1.288091537293366e-05,3.93523993129683e-06,0.6055875856717696,0.1862050688083223,0,7.7644816071810405,2.3738508893733776,-24.599759414184785,-8.767976597464733e-10,143.24638548065832,-1.785702194267024e-14,7.7644816071810405,0-1,0,181.0,181000,,,,,0,0.6055875856717696,0.1862156685920629,7.7644816071810405,2.3738508893733776,9.436951696499037e-06,negative_baseline,20.0,0,0,0,0,0,0,0,0,0,0,-1,0,0,0,0,0,0,0,1,0
sim_0000_n2_seed256,256,0.001,2,182.0,1,body_1,9.897616233308575,3.6886825746214664,1.3028711605379898e-05,3.870225737940607e-06,0.587033250972325,0.17421581734928845,0,7.886232862537109,2.334656895291896,-24.59975940042425,-3.174208859358364e-10,143.2463854806583,-1.8055433297588796e-14,7.886232862537109,0-1,0,182.0,182000,,,,,0,0.587033250972325,0.17422242791395065,7.886232862537109,2.334656895291896,9.545231801500477e-06,negative_baseline,20.0,0,0,0,0,0,0,0,0,0,0,-1,0,0,0,0,0,0,0,1,0
sim_0000_n2_seed256,256,0.001,2,183.0,1,body_1,9.897616233308575,3.6886825746214664,1.3092188627360856e-05,3.8364410599243385e-06,0.577333124272474,0.1680317543031894,0,7.9522076056644035,2.313651206559316,-24.599759393666467,-4.27115459730296e-11,143.24638548065832,-1.785702194267024e-14,7.9522076056644035,0-1,0,183.0,183000,,,,,0,0.577333124272474,0.16803503891723032,7.9522076056644035,2.313651206559316,9.591737068925837e-06,negative_baseline,20.0,0,0,0,0,0,0,0,0,0,0,-1,0,0,0,0,0,0,0,1,0
sim_0000_n2_seed256,256,0.001,2,184.0,1,body_1,9.897616233308575,3.6886825746214664,1.3071869518094713e-05,3.836676183243464e-06,0.5765403174709166,0.1675289043948162,0,7.957673310495902,2.31191812662251,-24.59975939312712,-2.0786611134779147e-11,143.2463854806581,-1.9444312782018705e-14,7.957673310495902,0-1,0,184.0,184000,,,,,0,0.5765403174709166,0.16752932818331404,7.957673310495902,2.31191812662251,9.576850718305438e-06,negative_baseline,20.0,0,0,0,0,0,0,0,0,0,0,-1,0,0,0,0,0,0,0,1,0
sim_0000_n2_seed256,256,0.001,2,185.0,1,body_1,9.897616233308575,3.6886825746214664,1.2974367158677872e-05,3.872126690274641e-06,0.5846560393976811,0.1726949036196597,0,7.902249310541119,2.329542666053879,-24.59975939874097,-2.489942291192403e-10,143.24638548065798,-2.0237958201692936e-14,7.902249310541119,0-1,0,185.0,185000,,,,,0,0.5846560393976811,0.17269284920829606,7.902249310541119,2.329542666053879,9.505417543492004e-06,negative_baseline,20.0,0,0,0,0,0,0,0,0,0,0,-1,0,0,0,0,0,0,0,1,0
sim_0000_n2_seed256,256,0.001,2,186.0,1,body_1,9.897616233308575,3.6886825746214664,1.2812511961125773e-05,3.942710964807252e-06,0.6016456508304657,0.18364050803453189,0,7.789876214706544,2.365628855891082,-24.599759411168005,-7.541631385392599e-10,143.2463854806576,-2.2817305815634194e-14,7.789876214706544,0-1,0,186.0,186000,,,,,0,0.6016456508304657,0.18363645325779132,7.789876214706544,2.365628855891082,9.38683749303063e-06,negative_baseline,20.0,0,0,0,0,0,0,0,0,0,0,-1,0,0,0,0,0,0,0,1,0
sim_0000_n2_seed256,256,0.001,2,187.0,1,body_1,9.897616233308575,3.6886825746214664,1.2605727235973295e-05,4.046927224076975e-06,0.6272686895181288,0.20047455314826867,0,7.629114665069219,2.4181121702706765,-24.599759431709355,-1.5891855315019455e-09,143.24638548065744,-2.400777394514554e-14,7.629114665069219,0-1,0,187.0,187000,,,,,0,0.6272686895181288,0.20046934829588303,7.629114665069219,2.4181121702706765,9.235340673255748e-06,negative_baseline,20.0,0,0,0,0,0,0,0,0,0,0,-1,0,0,0,0,0,0,0,1,0
sim_0000_n2_seed256,256,0.001,2,188.0,1,body_1,9.897616233308575,3.6886825746214664,1.2380285649970993e-05,4.181170530989687e-06,0.6606891152213507,0.22299536171378406,0,7.433654486995732,2.483374915958058,-24.599759461946803,-2.8183621107659803e-09,143.2463854806575,-2.3610951235308425e-14,7.433654486995732,0-1,0,188.0,188000,,,,,0,0.6606891152213507,0.22299062597249372,7.433654486995732,2.483374915958058,9.070175239549703e-06,negative_baseline,20.0,0,0,0,0,1,0,0,0,0,0,-1,0,0,0,0,0,0,0,0,0
sim_0000_n2_seed256,256,0.001,2,188.1,1,body_1,9.897616233308575,3.6886825746214664,1.2357923183235563e-05,4.196015111521695e-06,0.6643953429803072,0.22553064157389316,0,7.412891738997781,2.4904059561856213,-24.599759465551266,-2.9648864099966417e-09,143.24638548065758,-2.301571717055275e-14,7.412891738997781,0-1,0,188.1,188100,,,,,0,0.6643953429803072,0.2255260845044436,7.412891738997781,2.4904059561856213,9.053791807355595e-06,negative_hard,10.0,0,0,0,0,1,0,0,0,0,0,-1,0,0,0,0,0,0,0,0,0
sim_0000_n2_seed256,256,0.001,2,188.6,1,body_1,9.897616233308575,3.6886825746214664,1.2249402990930525e-05,4.273406524213265e-06,0.6837001201120203,0.23885366569999267,0,7.307488141636706,2.526404372949011,-24.59975948516866,-3.762349319888814e-09,143.24638548065772,-2.202366039595996e-14,7.307488141636706,0-1,0,188.6,188600,,,,,0,0.6837001201120203,0.23885046630280407,7.307488141636706,2.526404372949011,8.974286566459004e-06,negative_hard,10.0,0,0,1,0,1,0,0,0,0,0,-1,0,0,0,0,0,0,0,0,0
sim_0000_n2_seed256,256,0.001,2,189.0,1,body_1,9.897616233308575,3.6886825746214664,1.2168746658580397e-05,4.338429294987121e-06,0.6998442473127042,0.25014249540598904,0,7.222711181431088,2.5557385576517127,-24.599759502687853,-4.474518538753262e-09,143.24638548065772,-2.202366039595996e-14,7.222711181431088,0-1,0,189.0,189000,,,,,0,0.6998442473127042,0.2501410168817339,7.222711181431088,2.5557385576517127,8.915195243295119e-06,negative_baseline,20.0,0,0,1,0,1,0,0,0,0,0,-1,0,0,0,0,0,0,0,0,0
sim_0000_n2_seed256,256,0.001,2,189.1,1,body_1,9.897616233308575,3.6886825746214664,1.214974906798447e-05,4.355006406001231e-06,0.7039404072008809,0.25302744540084976,0,7.201666399940451,2.5630744564449346,-24.599759507298295,-4.661936705432227e-09,143.24638548065775,-2.18252490410414e-14,7.201666399940451,0-1,0,189.1,189100,,,,,0,0.7039404072008809,0.25302649493380425,7.201666399940451,2.5630744564449346,8.90127701988453e-06,negative_hard,10.0,0,0,1,0,1,0,0,0,0,0,-1,0,0,0,0,0,0,0,0,0
sim_0000_n2_seed256,256,0.001,2,190.0,1,body_1,9.897616233308575,3.6886825746214664,1.2007527952969253e-05,4.506529974166993e-06,0.7407048977142129,0.2792797914472524,0,7.020666432229083,2.627091750915968,-24.599759551780572,-6.470177050677173e-09,143.24638548065792,-2.0634780911530054e-14,7.020666432229083,0-1,0,190.0,190000,,,,,0,0.7407048977142129,0.27928549116475193,7.020666432229083,2.627091750915968,8.797081402343835e-06,negative_baseline,20.0,0,0,1,0,0,0,0,0,0,0,-1,0,0,0,0,0,0,0,0,0
sim_0000_n2_seed256,256,0.001,2,191.0,1,body_1,9.897616233308575,3.6886825746214664,1.1931627176604647e-05,4.6668719715926844e-06,0.7769399782239101,0.30574738814708124,0,6.85499611239866,2.6872124701088733,-24.59975960133243,-8.48449991202278e-09,143.2463854806578,-2.1428426331204285e-14,6.85499611239866,0-1,0,191.0,191000,,,,,0,0.7769399782239101,0.30576411780219886,6.85499611239866,2.6872124701088733,8.741474069375347e-06,negative_baseline,20.0,1,1,0,0,0,0,0,0,0,0,-1,0,0,0,0,0,0,0,0,0
sim_0000_n2_seed256,256,0.001,2,191.85,1,body_1,9.897616233308575,3.6886825746214664,1.1953802379948075e-05,4.779397595409912e-06,0.7983683325441617,0.3216544804067282,0,6.762375713702744,2.7214985456692427,-24.5997596334435,-9.78984077422126e-09,143.24638548065752,-2.3412539880389866e-14,6.762375713702744,0-1,0,191.85,191850,,,,,0,0.7983683325441617,0.32168178129730135,6.762375713702744,2.7214985456692427,8.757720212872765e-06,negative_hard,10.0,1,1,0,1,0,0,1,0,0,0,-1,0,0,0,0,0,0,0,0,0
sim_0000_n2_seed256,256,0.001,2,192.0,1,body_1,9.897616233308575,3.6886825746214664,1.1966701500782612e-05,4.795761931580076e-06,0.8008953186694603,0.32354215451692614,0,6.7516989561598075,2.7254831253735388,-24.599759637372145,-9.949543314966518e-09,143.24638548065752,-2.3412539880389866e-14,6.7516989561598075,0-1,0,192.0,192000,,,,,0,0.8008953186694603,0.32357121875075245,6.7516989561598075,2.7254831253735388,8.767170488090299e-06,negative_baseline,20.0,1,1,0,1,0,0,1,0,0,0,-1,0,0,0,0,0,0,0,0,0
sim_0000_n2_seed256,256,0.001,2,192.35,1,body_1,9.897616233308575,3.6886825746214664,1.2007376981942155e-05,4.829014370595223e-06,0.8051146474948366,0.32669941233991595,0,6.733984050765237,2.7321093171498743,-24.599759643999477,-1.0218949672428974e-08,143.24638548065747,-2.3809362590226985e-14,6.733984050765237,0-1,0,192.35,192350,,,,,0,0.8051146474948366,0.32673227933350374,6.733984050765237,2.7321093171498743,8.796970556235419e-06,negative_hard,10.0,1,1,0,1,0,0,1,0,0,0,-1,0,0,0,0,0,0,0,0,0
sim_0000_n2_seed256,256,0.001,2,192.85,1,body_1,9.897616233308575,3.6886825746214664,1.2090623467454521e-05,4.863353732472209e-06,0.8068510197633597,0.3280006552495161,0,6.72673426088279,2.7348264852576887,-24.59975964675154,-1.0330823265258955e-08,143.24638548065732,-2.4801419364819775e-14,6.72673426088279,0-1,0,192.85,192850,,,,,0,0.8068510197633597,0.32803789563398794,6.72673426088279,2.7348264852576887,8.857959435188081e-06,negative_hard,10.0,1,1,0,1,0,0,1,1,0,0,-1,0,0,0,0,0,0,0,0,0
sim_0000_n2_seed256,256,0.001,2,193.0,1,body_1,9.897616233308575,3.6886825746214664,1.2121138299935971e-05,4.87043048964205e-06,0.806365322047471,0.3276365583546772,0,6.728759811553166,2.734067006263715,-24.599759645980285,-1.0299471126910453e-08,143.24638548065738,-2.440459665498266e-14,6.728759811553166,0-1,0,193.0,193000,,,,,0,0.806365322047471,0.32767481242215685,6.728759811553166,2.734067006263715,8.880315523143877e-06,negative_baseline,20.0,1,1,0,1,0,0,1,0,0,0,-1,0,0,0,0,0,0,0,0,0
sim_0000_n2_seed256,256,0.001,2,193.35,1,body_1,9.897616233308575,3.6886825746214664,1.2201680608793219e-05,4.880949028080449e-06,0.8034471224134805,0.3254508272547037,0,6.740968497306604,2.72949457519821,-24.599759641370213,-1.0112067979980939e-08,143.2463854806574,-2.42061853000641e-14,6.740968497306604,0-1,0,193.35,193350,,,,,0,0.8034471224134805,0.3254908496773391,6.740968497306604,2.72949457519821,8.939323257767681e-06,negative_hard,10.0,1,1,0,1,0,0,1,0,0,0,-1,0,0,0,0,0,0,0,0,0
sim_0000_n2_seed256,256,0.001,2,194.0,1,body_1,9.897616233308575,3.6886825746214664,1.2382474208734705e-05,4.8782581465818e-06,0.7917988931698976,0.31675854337472625,0,6.790370985601521,2.711082638886058,-24.599759623371362,-9.380400237917675e-09,143.24638548065758,-2.301571717055275e-14,6.790370985601521,0-1,0,194.0,194000,,,,,0,0.7917988931698976,0.31679959101655214,6.790370985601521,2.711082638886058,9.071778147611695e-06,negative_baseline,20.0,1,1,0,0,0,0,0,0,0,0,-1,0,0,0,0,0,0,0,0,0
sim_0000_n2_seed256,256,0.001,2,195.0,1,body_1,9.897616233308575,3.6886825746214664,1.272072776094835e-05,4.822812114820247e-06,0.7612150340314889,0.2941924137412849,0,6.925438370742715,2.661464449766808,-24.599759579110184,-7.581147768511581e-09,143.2463854806573,-2.4999830719738335e-14,6.925438370742715,0-1,0,195.0,195000,,,,,0,0.7612150340314889,0.2942301813902284,6.925438370742715,2.661464449766808,9.319593028124447e-06,negative_baseline,20.0,0,0,0,0,0,0,0,0,0,0,-1,0,0,0,0,0,0,0,1,0
sim_0000_n2_seed256,256,0.001,2,196.0,1,body_1,9.897616233308575,3.6886825746214664,1.3096702587189714e-05,4.721552762304957e-06,0.7219214982286861,0.26578788578480866,0,7.111413959364476,2.5947855971339573,-24.599759528347644,-5.517609665260639e-09,143.24638548065766,-2.2420483105797076e-14,7.111413959364476,0-1,0,196.0,196000,,,,,0,0.7219214982286861,0.2658190728423232,7.111413959364476,2.5947855971339573,9.59504370397755e-06,negative_baseline,20.0,0,0,1,0,0,1,0,0,0,0,-1,0,0,0,0,0,0,0,0,0
sim_0000_n2_seed256,256,0.001,2,197.0,1,body_1,9.897616233308575,3.6886825746214664,1.347071122697889e-05,4.597717425076636e-06,0.6812003574178946,0.2371175325548802,0,7.320883802979459,2.5218006734755107,-24.599759482547704,-3.6558052829620565e-09,143.2463854806578,-2.1428426331204285e-14,7.320883802979459,0-1,0,197.0,197000,,,,,0,0.6812003574178946,0.237141510200333,7.320883802979459,2.5218006734755107,9.869053920512962e-06,negative_baseline,20.0,0,0,1,0,0,1,0,0,0,0,-1,0,0,0,0,0,0,0,0,0
sim_0000_n2_seed256,256,0.001,2,198.0,1,body_1,9.897616233308575,3.6886825746214664,1.380850144761614e-05,4.472846983629891e-06,0.6443356427513637,0.21189769073181347,0,7.527397828399817,2.451868716432683,-24.599759446648456,-2.1964719843811515e-09,143.24638548065735,-2.4603008009901216e-14,7.527397828399817,0-1,0,198.0,198000,,,,,0,0.6443356427513637,0.21191523258442552,7.527397828399817,2.451868716432683,1.0116529432845062e-05,negative_baseline,20.0,0,0,0,0,0,0,0,0,0,0,-1,0,0,0,0,0,0,0,1,0
sim_0000_n2_seed256,256,0.001,2,199.0,1,body_1,9.897616233308575,3.6886825746214664,1.4083892325603469e-05,4.36328845303407e-06,0.6143616577214586,0.1919465435882565,0,7.708837581879975,2.391955625561561,-24.59975942108541,-1.1573135770781926e-09,143.2463854806574,-2.42061853000641e-14,7.708837581879975,0-1,0,199.0,199000,,,,,0,0.6143616577214586,0.19195878615362985,7.708837581879975,2.391955625561561,1.0318289287893345e-05,negative_baseline,20.0,0,0,0,0,0,0,0,0,0,0,-1,0,0,0,0,0,0,0,1,0
sim_0000_n2_seed256,256,0.001,2,200.0,1,body_1,9.897616233308575,3.6886825746214664,1.4279185605982564e-05,4.279968019424611e-06,0.5926811690725028,0.17784320392726527,0,7.8485672334707965,2.3467217724349037,-24.59975940449586,-4.829350587733798e-10,143.24638548065707,-2.65871215590868e-14,7.8485672334707965,0-1,0,200.0,200000,,,,,0,0.5926811690725028,0.1778511570381293,7.8485672334707965,2.3467217724349037,1.0461367194083223e-05,negative_baseline,20.0,0,0,0,0,0,0,0,0,0,0,-1,0,0,0,0,0,0,0,1,0
sim_0000_n2_seed256,256,0.001,2,201.0,1,body_1,9.897616233308575,3.6886825746214664,1.4384592549206049e-05,4.229562777925201e-06,0.5797902263239063,0.16959269772127003,0,7.935339322721423,2.319006692273332,-24.599759395350826,-1.1118210667263196e-10,143.24638548065738,-2.440459665498266e-14,7.935339322721423,0-1,0,201.0,201000,,,,,0,0.5797902263239063,0.16959711416227383,7.935339322721423,2.319006692273332,1.0538591616413257e-05,negative_baseline,20.0,0,0,0,0,0,0,0,0,0,0,-1,0,0,0,0,0,0,0,1,0
sim_0000_n2_seed256,256,0.001,2,202.0,1,body_1,9.897616233308575,3.6886825746214664,1.4397517462260693e-05,4.215815848829562e-06,0.575799895989772,0.16705963515984706,0,7.962788055544335,2.310297309651394,-24.599759392625497,-3.9527936772405193e-13,143.2463854806568,-2.837282375335382e-14,7.962788055544335,0-1,0,202.0,202000,,,,,0,0.575799895989772,0.16706104041952474,7.962788055544335,2.310297309651394,1.0548060865725369e-05,negative_baseline,20.0,0,0,0,0,0,0,0,0,0,0,-1,0,0,0,0,0,0,0,1,0
sim_0000_n2_seed256,256,0.001,2,203.0,1,body_1,9.897616233308575,3.6886825746214664,1.432212103730629e-05,4.240497597018464e-06,0.5807188059501222,0.17018358194116687,0,7.928992410642613,2.32102445229327,-24.59975939599216,-1.37252781200282e-10,143.24638548065727,-2.519824207465689e-14,7.928992410642613,0-1,0,203.0,203000,,,,,0,0.5807188059501222,0.17018237167071032,7.928992410642613,2.32102445229327,1.049282318586577e-05,negative_baseline,20.0,0,0,0,0,0,0,0,0,0,0,-1,0,0,0,0,0,0,0,1,0
sim_0000_n2_seed256,256,0.001,2,204.0,1,body_1,9.897616233308575,3.6886825746214664,1.4169300991764254e-05,4.303899598552707e-06,0.594534617351838,0.1790378300958836,0,7.836323818087938,2.350655061416545,-24.599759405854087,-5.381480910117718e-10,143.24638548065718,-2.5793476139412566e-14,7.836323818087938,0-1,0,204.0,204000,,,,,0,0.594534617351838,0.17903442216953608,7.836323818087938,2.350655061416545,1.0380862575157677e-05,negative_baseline,20.0,0,0,0,0,0,0,0,0,0,0,-1,0,0,0,0,0,0,0,1,0
sim_0000_n2_seed256,256,0.001,2,205.0,1,body_1,9.897616233308575,3.6886825746214664,1.3957025282865112e-05,4.404838732477398e-06,0.6171131555813928,0.19375639088564758,0,7.691632839309109,2.3975785065902766,-24.599759423302523,-1.2474410278566388e-09,143.24638548065738,-2.440459665498266e-14,7.691632839309109,0-1,0,205.0,205000,,,,,0,0.6171131555813928,0.19375146216900888,7.691632839309109,2.3975785065902766,1.0225342902544451e-05,negative_baseline,20.0,0,0,0,0,0,0,0,0,0,0,-1,0,0,0,0,0,0,0,1,0
sim_0000_n2_seed256,256,0.001,2,206.0,1,body_1,9.897616233308575,3.6886825746214664,1.371073388663203e-05,4.540109923368219e-06,0.6478925319548241,0.2142989443824204,0,7.506706921328888,2.4587895262873998,-24.5997594498928,-2.328357227042584e-09,143.2463854806571,-2.638871020416824e-14,7.506706921328888,0-1,0,206.0,206000,,,,,0,0.6478925319548241,0.2142937870011537,7.506706921328888,2.4587895262873998,1.0044902269155297e-05,negative_baseline,20.0,0,0,0,0,0,0,0,0,0,0,-1,0,0,0,0,0,0,0,1,0
sim_0000_n2_seed256,256,0.001,2,206.25,1,body_1,9.897616233308575,3.6886825746214664,1.3647540562995279e-05,4.5786342799968545e-06,0.6567202914540653,0.22028865289729102,0,7.456082927814455,2.475801569149927,-24.599759458143915,-2.663771628398262e-09,143.24638548065698,-2.7182355623842475e-14,7.456082927814455,0-1,0,206.25,206250,,,,,0,0.6567202914540653,0.220283754178052,7.456082927814455,2.475801569149927,9.998604897051644e-06,negative_hard,10.0,0,0,0,0,1,0,0,0,0,0,-1,0,0,0,0,0,0,0,0,0
sim_0000_n2_seed256,256,0.001,2,206.75,1,body_1,9.897616233308575,3.6886825746214664,1.3523169257267189e-05,4.6604013727355115e-06,0.6754914910213038,0.23316472687156645,0,7.351754668613313,2.5112233274495455,-24.59975947665298,-3.4161800558239497e-09,143.2463854806568,-2.837282375335382e-14,7.351754668613313,0-1,0,206.75,206750,,,,,0,0.6754914910213038,0.23316086082296858,7.351754668613313,2.5112233274495455,9.907486646868826e-06,negative_hard,10.0,0,0,1,0,1,0,0,0,0,0,-1,0,0,0,0,0,0,0,0,0
sim_0000_n2_seed256,256,0.001,2,207.0,1,body_1,9.897616233308575,3.6886825746214664,1.3463207590003558e-05,4.703294298471545e-06,0.6853358434080945,0.2399914428081735,0,7.298762369125231,2.5294077305331983,-24.599759486897277,-3.832618928846999e-09,143.24638548065687,-2.7976001043516706e-14,7.298762369125231,0-1,0,207.0,207000,,,,,0,0.6853358434080945,0.23998839258402274,7.298762369125231,2.5294077305331983,9.863556878105224e-06,negative_baseline,20.0,0,0,1,0,1,0,0,0,0,0,-1,0,0,0,0,0,0,0,0,0
sim_0000_n2_seed256,256,0.001,2,207.25,1,body_1,9.897616233308575,3.6886825746214664,1.3405563567008774e-05,4.7472525128559666e-06,0.6954054851121569,0.24702562320850793,0,7.24572574001243,2.5477408492184677,-24.59975949776836,-4.2745372181837906e-09,143.2463854806567,-2.916646917302806e-14,7.24572574001243,0-1,0,207.25,207250,,,,,0,0.6954054851121569,0.24702361527717664,7.24572574001243,2.5477408492184677,9.821325084745835e-06,negative_hard,10.0,0,0,1,0,1,0,0,0,0,0,-1,0,0,0,0,0,0,0,0,0
sim_0000_n2_seed256,256,0.001,2,207.75,1,body_1,9.897616233308575,3.6886825746214664,1.3299775553697309e-05,4.837379784906196e-06,0.7159223610504091,0.2615133347025026,0,7.141147174466008,2.584293148828613,-24.599759521177102,-5.226121387694052e-09,143.2463854806564,-3.13489940771322e-14,7.141147174466008,0-1,0,207.75,207750,,,,,0,0.7159223610504091,0.2615141574069788,7.141147174466008,2.584293148828613,9.743821508823373e-06,negative_hard,10.0,0,0,1,0,1,0,0,0,0,0,-1,0,0,0,0,0,0,0,0,0
sim_0000_n2_seed256,256,0.001,2,208.0,1,body_1,9.897616233308575,3.6886825746214664,1.3252899799393848e-05,4.882984773520163e-06,0.7261960237541784,0.2688439330126454,0,7.090453513704556,2.6022094551651547,-24.599759533549346,-5.729063041575511e-09,143.24638548065636,-3.154740543205075e-14,7.090453513704556,0-1,0,208.0,208000,,,,,0,0.7261960237541784,0.2688465664550318,7.090453513704556,2.6022094551651547,9.709478873110805e-06,negative_baseline,20.0,0,0,1,0,0,0,0,0,0,0,-1,0,0,0,0,0,0,0,0,0
sim_0000_n2_seed256,256,0.001,2,209.0,1,body_1,9.897616233308575,3.6886825746214664,1.3119536733466712e-05,5.0611137593012745e-06,0.7649449708808138,0.29692389783614737,0,6.90853322406366,2.667618269682373,-24.599759584280743,-7.791335153252661e-09,143.2463854806563,-3.194422814188787e-14,6.90853322406366,0-1,0,209.0,209000,,,,,0,0.7649449708808138,0.29693632617361104,6.90853322406366,2.667618269682373,9.611772903019716e-06,negative_baseline,20.0,0,0,0,0,0,0,0,0,0,0,-1,0,0,0,0,0,0,0,1,0
sim_0000_n2_seed256,256,0.001,2,210.0,1,body_1,9.897616233308575,3.6886825746214664,1.3096507627307371e-05,5.213251970849087e-06,0.7941725612866095,0.31852561696173887,0,6.780215668236379,2.714855693178389,-24.599759626987748,-9.527409212909419e-09,143.24638548065596,-3.432516440091057e-14,6.780215668236379,0-1,0,210.0,210000,,,,,0,0.7941725612866095,0.31855037148897397,6.780215668236379,2.714855693178389,9.594900957213569e-06,negative_baseline,20.0,1,1,0,0,0,0,0,0,0,0,-1,0,0,0,0,0,0,0,0,0
sim_0000_n2_seed256,256,0.001,2,210.55,1,body_1,9.897616233308575,3.6886825746214664,1.313822804930747e-05,5.2762389168312795e-06,0.8034970281554622,0.32548817976990774,0,6.740759151007479,2.729572905019379,-24.599759641449246,-1.0115280762156456e-08,143.2463854806559,-3.472198711074768e-14,6.740759151007479,0-1,0,210.55,210550,,,,,0,0.8034970281554622,0.3255193824547564,6.740759151007479,2.729572905019379,9.625466552647415e-06,negative_hard,10.0,1,1,0,1,0,0,1,0,0,0,-1,0,0,0,0,0,0,0,0,0
sim_0000_n2_seed256,256,0.001,2,211.0,1,body_1,9.897616233308575,3.6886825746214664,1.320175608602706e-05,5.313406824059226e-06,0.8067520536449462,0.32792645946449633,0,6.727146840163705,2.7346717689240645,-24.59975964659479,-1.0324451280975668e-08,143.24638548065587,-3.492039846566624e-14,6.727146840163705,0-1,0,211.0,211000,,,,,0,0.8067520536449462,0.32796204839313176,6.727146840163705,2.7346717689240645,9.672009089315102e-06,negative_baseline,20.0,1,1,0,1,0,0,1,1,0,0,-1,0,0,0,0,0,0,0,0,0
sim_0000_n2_seed256,256,0.001,2,211.05,1,body_1,9.897616233308575,3.6886825746214664,1.3210415077138414e-05,5.3166636182194995e-06,0.8068579781650842,0.32800587216297916,0,6.726705254898177,2.7348373628235714,-24.59975964676311,-1.0331293643373926e-08,143.24638548065587,-3.492039846566624e-14,6.726705254898177,0-1,0,211.05,211050,,,,,0,0.8068579781650842,0.3280418807485015,6.726705254898177,2.7348373628235714,9.678352926431236e-06,negative_hard,10.0,1,1,0,1,0,0,1,1,0,0,-1,0,0,0,0,0,0,0,0,0
sim_0000_n2_seed256,256,0.001,2,211.55,1,body_1,9.897616233308575,3.6886825746214664,1.3313855309789885e-05,5.3391369055948e-06,0.8050781333809256,0.32667206065590776,0,6.734136758100434,2.732052117446152,-24.599759643942367,-1.0216628110194351e-08,143.2463854806557,-3.611086659517759e-14,6.734136758100434,0-1,0,211.55,211550,,,,,0,0.8050781333809256,0.3267113859059488,6.734136758100434,2.732052117446152,9.754136361795133e-06,negative_hard,10.0,1,1,0,1,0,0,1,0,0,0,-1,0,0,0,0,0,0,0,0,0
sim_0000_n2_seed256,256,0.001,2,212.0,1,body_1,9.897616233308575,3.6886825746214664,1.3431430467466256e-05,5.343392018147867e-06,0.799183525728218,0.32226316872924315,0,6.75892591218756,2.7227852767356335,-24.59975963470828,-9.841255109634936e-09,143.2463854806555,-3.74997460796075e-14,6.75892591218756,0-1,0,212.0,212000,,,,,0,0.799183525728218,0.3223040078407963,6.75892591218756,2.7227852767356335,9.840275487637525e-06,negative_baseline,20.0,1,1,0,1,0,0,1,0,0,0,-1,0,0,0,0,0,0,0,0,0
sim_0000_n2_seed256,256,0.001,2,212.05,1,body_1,9.897616233308575,3.6886825746214664,1.3445804879962908e-05,5.342935863281208e-06,0.7982910711131921,0.32159680403011015,0,6.762702949094864,2.7213765277224904,-24.599759633324577,-9.785006436787867e-09,143.24638548065553,-3.730133472468894e-14,6.762702949094864,0-1,0,212.05,212050,,,,,0,0.7982910711131921,0.32163772401651397,6.762702949094864,2.7213765277224904,9.850806619296252e-06,negative_hard,10.0,1,1,0,1,0,0,1,0,0,0,-1,0,0,0,0,0,0,0,0,0
sim_0000_n2_seed256,256,0.001,2,213.0,1,body_1,9.897616233308575,3.6886825746214664,1.3760352770434226e-05,5.3013073792268364e-06,0.7736046666020335,0.3032879811214822,0,6.869757500707735,2.68179375776207,-24.59975959652615,-8.289120844873573e-09,143.24638548065548,-3.769815743452606e-14,6.869757500707735,0-1,0,213.0,213000,,,,,0,0.7736046666020335,0.30332747096907386,6.869757500707735,2.68179375776207,1.0081253990579507e-05,negative_baseline,20.0,0,0,0,0,0,0,0,0,0,0,-1,0,0,0,0,0,0,0,1,0
sim_0000_n2_seed256,256,0.001,2,214.0,1,body_1,9.897616233308575,3.6886825746214664,1.4149242443435968e-05,5.202108726902547e-06,0.7365359592756614,0.27627136419233084,0,7.0405075722974315,2.6199914331287015,-24.599759546450642,-6.253511099199983e-09,143.2463854806555,-3.74997460796075e-14,7.0405075722974315,0-1,0,214.0,214000,,,,,0,0.7365359592756614,0.27630510063557445,7.0405075722974315,2.6199914331287015,1.036616646509397e-05,negative_baseline,20.0,0,0,1,0,0,0,0,0,0,0,-1,0,0,0,0,0,0,0,0,0
sim_0000_n2_seed256,256,0.001,2,215.0,1,body_1,9.897616233308575,3.6886825746214664,1.4554465634076723e-05,5.070123274462849e-06,0.6955952406763676,0.2471586676484876,0,7.2447373702851605,2.5480837842472726,-24.59975949797742,-4.283035652379524e-09,143.24638548065565,-3.650768930501471e-14,7.2447373702851605,0-1,0,215.0,215000,,,,,0,0.6955952406763676,0.24718518885195773,7.2447373702851605,2.5480837842472726,1.0663045409244042e-05,negative_baseline,20.0,0,0,1,0,0,1,0,0,0,0,-1,0,0,0,0,0,0,0,0,0
sim_0000_n2_seed256,256,0.001,2,216.0,1,body_1,9.897616233308575,3.6886825746214664,1.4935900488418524e-05,4.930053835310818e-06,0.6568889678989768,0.22040351551694726,0,7.455125577052653,2.476124375953795,-24.59975945830505,-2.6703219722062605e-09,143.24638548065494,-4.146797317797866e-14,7.455125577052653,0-1,0,216.0,216000,,,,,0,0.6568889678989768,0.22042323979534387,7.455125577052653,2.476124375953795,1.0942496314892345e-05,negative_baseline,20.0,0,0,0,0,0,1,0,0,0,0,-1,0,0,0,0,0,0,0,0,0
sim_0000_n2_seed256,256,0.001,2,217.0,1,body_1,9.897616233308575,3.6886825746214664,1.5261220210534664e-05,4.801693155389849e-06,0.6242121846816736,0.1984463093025246,0,7.647770140709523,2.411968124596851,-24.599759429142743,-1.4848506975302754e-09,143.246385480655,-4.107115046814155e-14,7.647770140709523,0-1,0,217.0,217000,,,,,0,0.6242121846816736,0.19846032569296257,7.647770140709523,2.411968124596851,1.1180835572299514e-05,negative_baseline,20.0,0,0,0,0,0,0,0,0,0,0,-1,0,0,0,0,0,0,0,1,0
sim_0000_n2_seed256,256,0.001,2,218.0,1,body_1,9.897616233308575,3.6886825746214664,1.5507223228936508e-05,4.6987420056529e-06,0.5994645546985995,0.18222552860495256,0,7.8040347185220345,2.3610556323662952,-24.599759409521425,-6.872283472208696e-10,143.24638548065536,-3.849180285420029e-14,7.8040347185220345,0-1,0,218.0,218000,,,,,0,0.5994645546985995,0.1822349208460307,7.8040347185220345,2.3610556323662952,1.1361064992176963e-05,negative_baseline,20.0,0,0,0,0,0,0,0,0,0,0,-1,0,0,0,0,0,0,0,1,0
sim_0000_n2_seed256,256,0.001,2,219.0,1,body_1,9.897616233308575,3.6886825746214664,1.5659569627709033e-05,4.629789434376271e-06,0.5833945217975771,0.1718892140985978,0,7.910788509100021,2.326819894199336,-24.599759397855777,-2.130103755342477e-10,143.24638548065542,-3.809498014436317e-14,7.910788509100021,0-1,0,219.0,219000,,,,,0,0.5833945217975771,0.17189482913314774,7.910788509100021,2.326819894199336,1.1472678705636776e-05,negative_baseline,20.0,0,0,0,0,0,0,0,0,0,0,-1,0,0,0,0,0,0,0,1,0
sim_0000_n2_seed256,256,0.001,2,220.0,1,body_1,9.897616233308575,3.6886825746214664,1.5712028496179627e-05,4.599787568005961e-06,0.5762070433441318,0.1673176373165897,0,7.9599743091371,2.311188843641722,-24.599759392901927,-1.1632362686640031e-11,143.24638548065514,-4.007909369354876e-14,7.9599743091371,0-1,0,220.0,220000,,,,,0,0.5762070433441318,0.16732007363056883,7.9599743091371,2.311188843641722,1.1511111752308608e-05,negative_baseline,20.0,0,0,0,0,0,0,0,0,0,0,-1,0,0,0,0,0,0,0,1,0
sim_0000_n2_seed256,256,0.001,2,221.0,1,body_1,9.897616233308575,3.6886825746214664,1.566586966785315e-05,4.61124678875098e-06,0.577928463674235,0.1684096152620641,0,7.948110660569173,2.314950987316007,-24.599759394074006,-5.927832961583612e-11,143.24638548065462,-4.36504980820828e-14,7.948110660569173,0-1,0,221.0,221000,,,,,0,0.577928463674235,0.16840930080049188,7.948110660569173,2.314950987316007,1.1477294445131292e-05,negative_baseline,20.0,0,0,0,0,0,0,0,0,0,0,-1,0,0,0,0,0,0,0,1,0
sim_0000_n2_seed256,256,0.001,2,222.0,1,body_1,9.897616233308575,3.6886825746214664,1.552966623750032e-05,4.664936377438861e-06,0.5885559909294062,0.1751918760684931,0,7.876024437597181,2.3379215474687123,-24.599759401513246,-3.616894311282423e-10,143.24638548065417,-4.682507976077973e-14,7.876024437597181,0-1,0,222.0,222000,,,,,0,0.5885559909294062,0.1751891988253798,7.876024437597181,2.3379215474687123,1.1377507689269327e-05,negative_baseline,20.0,0,0,0,0,0,0,0,0,0,0,-1,0,0,0,0,0,0,0,1,0
sim_0000_n2_seed256,256,0.001,2,223.0,1,body_1,9.897616233308575,3.6886825746214664,1.5319527440039734e-05,4.76005976620821e-06,0.6080227928076453,0.18779401412416244,0,7.748917148418712,2.3789026954557317,-24.599759416075628,-9.536619496576657e-10,143.24638548065394,-4.84123706001282e-14,7.748917148418712,0-1,0,223.0,223000,,,,,0,0.6080227928076453,0.18778952364964305,7.748917148418712,2.3789026954557317,1.1223553597990085e-05,negative_baseline,20.0,0,0,0,0,0,0,0,0,0,0,-1,0,0,0,0,0,0,0,1,0
sim_0000_n2_seed256,256,0.001,2,224.0,1,body_1,9.897616233308575,3.6886825746214664,1.5059561562510486e-05,4.893862456180454e-06,0.6359704030589849,0.20627814793549765,0,7.576741927933003,2.4354382582927534,-24.599759439198433,-1.8936225661420218e-09,143.2463854806542,-4.662666840586118e-14,7.576741927933003,0-1,0,224.0,224000,,,,,0,0.6359704030589849,0.20627286706296152,7.576741927933003,2.4354382582927534,1.1033094634346135e-05,negative_baseline,20.0,0,0,0,0,0,0,0,0,0,0,-1,0,0,0,0,0,0,0,1,0
sim_0000_n2_seed256,256,0.001,2,224.95000000000002,1,body_1,9.897616233308575,3.6886825746214664,1.4795775793198045e-05,5.051600591069593e-06,0.6693805649303854,0.22895239597831202,0,7.385236339715587,2.49980147367823,-24.599759470482084,-3.1653281436550074e-09,143.24638548065445,-4.484096621159415e-14,7.385236339715587,0-1,0,224.95000000000002,224950,,,,,0,0.6693805649303854,0.22894812010290375,7.385236339715587,2.49980147367823,1.0839837069132863e-05,negative_hard,10.0,0,0,0,0,1,0,0,0,0,0,-1,0,0,0,0,0,0,0,0,0
sim_0000_n2_seed256,256,0.001,2,225.0,1,body_1,9.897616233308575,3.6886825746214664,1.4782071404848182e-05,5.060580226816247e-06,0.6712900161786944,0.2302664929584859,0,7.374725390180432,2.5033815866601645,-24.599759472395178,-3.243096940208529e-09,143.24638548065457,-4.404732079191992e-14,7.374725390180432,0-1,0,225.0,225000,,,,,0,0.6712900161786944,0.23026233736145488,7.374725390180432,2.5033815866601645,1.082979681191393e-05,negative_baseline,20.0,0,0,0,0,1,0,0,0,0,0,-1,0,0,0,0,0,0,0,0,0
sim_0000_n2_seed256,256,0.001,2,225.45000000000002,1,body_1,9.897616233308575,3.6886825746214664,1.4661812466610454e-05,5.1437697813641566e-06,0.6889827756686047,0.2425330934213702,0,7.279419788857213,2.5360782357377802,-24.5997594907889,-3.99081660623395e-09,143.24638548065465,-4.345208672716425e-14,7.279419788857213,0-1,0,225.45000000000002,225450,,,,,0,0.6889827756686047,0.24253039579882577,7.279419788857213,2.5360782357377802,1.0741691403664811e-05,negative_hard,10.0,0,0,1,0,1,0,0,0,0,0,-1,0,0,0,0,0,0,0,0,0
sim_0000_n2_seed256,256,0.001,2,225.95000000000002,1,body_1,9.897616233308575,3.6886825746214664,1.4538155892846321e-05,5.2399577898455395e-06,0.7093758721913863,0.2568683601489256,0,7.174022607679744,2.5727439481400216,-24.599759513522187,-4.914942940702499e-09,143.24638548065465,-4.345208672716425e-14,7.174022607679744,0-1,0,225.95000000000002,225950,,,,,0,0.7093758721913863,0.2568681708621129,7.174022607679744,2.5727439481400216,1.0651096772484738e-05,negative_hard,10.0,0,0,1,0,1,0,0,0,0,0,-1,0,0,0,0,0,0,0,0,0
sim_0000_n2_seed256,256,0.001,2,226.0,1,body_1,9.897616233308575,3.6886825746214664,1.4526569389425625e-05,5.249712200764552e-06,0.7114352131353456,0.25832731701007905,0,7.163632016340887,2.5763883111627814,-24.599759515911376,-5.01206540652505e-09,143.2463854806546,-4.384890943700136e-14,7.163632016340887,0-1,0,226.0,226000,,,,,0,0.7114352131353456,0.25832743463595964,7.163632016340887,2.5763883111627814,1.064260814084025e-05,negative_baseline,20.0,0,0,1,0,1,0,0,0,0,0,-1,0,0,0,0,0,0,0,0,0
sim_0000_n2_seed256,256,0.001,2,227.0,1,body_1,9.897616233308575,3.6886825746214664,1.4336338399924071e-05,5.444073584266102e-06,0.7517228258753799,0.28726794618736506,0,6.969025899514401,2.6456703746228962,-24.599759566233033,-7.057681193745368e-09,143.24638548065454,-4.424573214683848e-14,6.969025899514401,0-1,0,227.0,227000,,,,,0,0.7517228258753799,0.2872764262838209,6.969025899514401,2.6456703746228962,1.050323899002012e-05,negative_baseline,20.0,0,0,0,0,0,0,0,0,0,0,-1,0,0,0,0,0,0,0,1,0
sim_0000_n2_seed256,256,0.001,2,228.0,1,body_1,9.897616233308575,3.6886825746214664,1.425154513762492e-05,5.619179331390011e-06,0.7852697889172037,0.3119093426571454,0,6.818541727820756,2.7006477326053338,-24.5997596135623,-8.981653907642806e-09,143.24638548065442,-4.503937756651271e-14,6.818541727820756,0-1,0,228.0,228000,,,,,0,0.7852697889172037,0.3119295975803065,6.818541727820756,2.7006477326053338,1.0441116723883838e-05,negative_baseline,20.0,1,1,0,0,0,0,0,0,0,0,-1,0,0,0,0,0,0,0,0,0
sim_0000_n2_seed256,256,0.001,2,228.75,1,body_1,9.897616233308575,3.6886825746214664,1.4274408314415249e-05,5.7207094749102855e-06,0.8013829159346734,0.3239066722139339,0,6.74964462557683,2.726250580758757,-24.599759638134763,-9.980544366671636e-09,143.24638548065417,-4.682507976077973e-14,6.74964462557683,0-1,0,228.75,228750,,,,,0,0.8013829159346734,0.32393610602843653,6.74964462557683,2.726250580758757,1.0457866890467232e-05,negative_hard,10.0,1,1,0,1,0,0,1,0,0,0,-1,0,0,0,0,0,0,0,0,0
sim_0000_n2_seed256,256,0.001,2,229.0,1,body_1,9.897616233308575,3.6886825746214664,1.4299643661941446e-05,5.746627068490741e-06,0.8044860573436239,0.3262286231250092,0,6.736614357085155,2.7311242763800676,-24.59975964300783,-1.017863839795451e-08,143.24638548065408,-4.742031382553541e-14,6.736614357085155,0-1,0,229.0,229000,,,,,0,0.8044860573436239,0.3262607939379936,6.736614357085155,2.7311242763800676,1.0476355047901447e-05,negative_baseline,20.0,1,1,0,1,0,0,1,0,0,0,-1,0,0,0,0,0,0,0,0,0
sim_0000_n2_seed256,256,0.001,2,229.25,1,body_1,9.897616233308575,3.6886825746214664,1.433368770883105e-05,5.768016787237497e-06,0.8063427648459243,0.32761965078475397,0,6.728853928432704,2.734031723185818,-24.599759645945454,-1.0298055226683502e-08,143.24638548065425,-4.622984569602406e-14,6.728853928432704,0-1,0,229.25,229250,,,,,0,0.8063427648459243,0.32765427534097663,6.728853928432704,2.734031723185818,1.0501296729488421e-05,negative_hard,10.0,1,1,0,1,0,0,1,0,0,0,-1,0,0,0,0,0,0,0,0,0
sim_0000_n2_seed256,256,0.001,2,229.75,1,body_1,9.897616233308575,3.6886825746214664,1.4427509318300824e-05,5.796287442707967e-06,0.8062006413115401,0.32751312759658935,0,6.729447010545305,2.7338093973784017,-24.599759645720017,-1.0288891013209286e-08,143.24638548065425,-4.622984569602406e-14,6.729447010545305,0-1,0,229.75,229750,,,,,0,0.8062006413115401,0.32755157970196047,6.729447010545305,2.7338093973784017,1.057003325966611e-05,negative_hard,10.0,1,1,0,1,0,0,1,0,0,0,-1,0,0,0,0,0,0,0,0,0
sim_0000_n2_seed256,256,0.001,2,230.0,1,body_1,9.897616233308575,3.6886825746214664,1.4486701931416903e-05,5.802893347850642e-06,0.8042045114712865,0.32601780446927503,0,6.737793472574865,2.7306828360354247,-24.599759642563743,-1.0160585958902212e-08,143.24638548065425,-4.622984569602406e-14,6.737793472574865,0-1,0,230.0,230000,,,,,0,0.8042045114712865,0.32605755113068946,6.737793472574865,2.7306828360354247,1.0613399557007734e-05,negative_baseline,20.0,1,1,0,1,0,0,1,0,0,0,-1,0,0,0,0,0,0,0,0,0
sim_0000_n2_seed256,256,0.001,2,230.25,1,body_1,9.897616233308575,3.6886825746214664,1.4553544804401155e-05,5.804430563641157e-06,0.8009672322887531,0.3235959099906743,0,6.751395853868243,2.7255963423315075,-24.599759637485466,-9.954149901006815e-09,143.24638548065414,-4.702349111569829e-14,6.751395853868243,0-1,0,230.25,230250,,,,,0,0.8009672322887531,0.32363651308084235,6.751395853868243,2.7255963423315075,1.0662370671488724e-05,negative_hard,10.0,1,1,0,1,0,0,1,0,0,0,-1,0,0,0,0,0,0,0,0,0
sim_0000_n2_seed256,256,0.001,2,231.0,1,body_1,9.897616233308575,3.6886825746214664,1.4794625378071298e-05,5.7796733689065504e-06,0.7845053280696314,0.311342675444751,0,6.821863081283109,2.6994204833763713,-24.59975961242678,-8.935494173805773e-09,143.24638548065414,-4.702349111569829e-14,6.821863081283109,0-1,0,231.0,231000,,,,,0,0.7845053280696314,0.31138331477077763,6.821863081283109,2.6994204833763713,1.0838993632931983e-05,negative_baseline,20.0,1,1,0,0,0,0,0,0,0,0,-1,0,0,0,0,0,0,0,0,0
sim_0000_n2_seed256,256,0.001,2,232.0,1,body_1,9.897616233308575,3.6886825746214664,1.5186301685668819e-05,5.687787093544262e-06,0.7506683681863643,0.2865011357949151,0,6.973918848556504,2.643903879559405,-24.59975956482729,-7.000536679496036e-09,143.24638548065388,-4.880919330996532e-14,6.973918848556504,0-1,0,232.0,232000,,,,,0,0.7506683681863643,0.2865372456730947,6.973918848556504,2.643903879559405,1.1125947662081756e-05,negative_baseline,20.0,0,0,0,0,0,0,0,0,0,0,-1,0,0,0,0,0,0,0,1,0
sim_0000_n2_seed256,256,0.001,2,233.0,1,body_1,9.897616233308575,3.6886825746214664,1.5615582789003066e-05,5.551397210727899e-06,0.7103010325148633,0.257523544168557,0,7.1693490373357776,2.574382472518013,-24.599759514593693,-4.958500502947405e-09,143.24638548065388,-4.880919330996532e-14,7.1693490373357776,0-1,0,233.0,233000,,,,,0,0.7103010325148633,0.2575526748042542,7.1693490373357776,2.574382472518013,1.1440452156974584e-05,negative_baseline,20.0,0,0,1,0,0,1,0,0,0,0,-1,0,0,0,0,0,0,0,0,0
sim_0000_n2_seed256,256,0.001,2,234.0,1,body_1,9.897616233308575,3.6886825746214664,1.6036942472641722e-05,5.397987185589611e-06,0.6702369525258276,0.2295415295767366,0,7.3805166309895345,2.5014084163408032,-24.599759471338604,-3.2001463780303175e-09,143.24638548065403,-4.781713653537253e-14,7.3805166309895345,0-1,0,234.0,234000,,,,,0,0.6702369525258276,0.2295635826333962,7.3805166309895345,2.5014084163408032,1.17491532096921e-05,negative_baseline,20.0,0,0,0,0,0,1,0,0,0,0,-1,0,0,0,0,0,0,0,0,0
sim_0000_n2_seed256,256,0.001,2,235.0,1,body_1,9.897616233308575,3.6886825746214664,1.6411694489291507e-05,5.251045198535921e-06,0.6350945828737621,0.2056920721700979,0,7.581964439268391,2.4337053563165956,-24.599759438432798,-1.8624989012899549e-09,143.24638548065408,-4.742031382553541e-14,7.581964439268391,0-1,0,235.0,235000,,,,,0,0.6350945828737621,0.20570800384221963,7.581964439268391,2.4337053563165956,1.202370807989517e-05,negative_baseline,20.0,0,0,0,0,0,0,0,0,0,0,-1,0,0,0,0,0,0,0,1,0
sim_0000_n2_seed256,256,0.001,2,236.0,1,body_1,9.897616233308575,3.6886825746214664,1.671060182525554e-05,5.127508137102651e-06,0.6073704546588891,0.18736802458292628,0,7.753077342305543,2.3775514739444783,-24.599759415567448,-9.330040173378818e-10,143.2463854806544,-4.523778892143127e-14,7.753077342305543,0-1,0,236.0,236000,,,,,0,0.6073704546588891,0.18737896500587717,7.753077342305543,2.3775514739444783,1.2242696826367142e-05,negative_baseline,20.0,0,0,0,0,0,0,0,0,0,0,-1,0,0,0,0,0,0,0,1,0
sim_0000_n2_seed256,256,0.001,2,237.0,1,body_1,9.897616233308575,3.6886825746214664,1.691417143668063e-05,5.038298898239887e-06,0.5881443760646622,0.17492789528047442,0,7.878779986959006,2.337039939392758,-24.59975940121857,-3.4971060325958917e-10,143.24638548065406,-4.761872518045397e-14,7.878779986959006,0-1,0,237.0,237000,,,,,0,0.5881443760646622,0.17493478523346623,7.878779986959006,2.337039939392758,1.239183824104609e-05,negative_baseline,20.0,0,0,0,0,0,0,0,0,0,0,-1,0,0,0,0,0,0,0,1,0
sim_0000_n2_seed256,256,0.001,2,238.0,1,body_1,9.897616233308575,3.6886825746214664,1.701198588846149e-05,4.9898846416087185e-06,0.5777617891720696,0.16830380495050026,0,7.949257025631997,2.3145872345922958,-24.599759393960404,-5.466033434278377e-11,143.24638548065374,-4.980125008455811e-14,7.949257025631997,0-1,0,238.0,238000,,,,,0,0.5777617891720696,0.1683073262476741,7.949257025631997,2.3145872345922958,1.2463500186323491e-05,negative_baseline,20.0,0,0,0,0,0,0,0,0,0,0,-1,0,0,0,0,0,0,0,1,0
sim_0000_n2_seed256,256,0.001,2,239.0,1,body_1,9.897616233308575,3.6886825746214664,1.7001955880435215e-05,4.985714598373654e-06,0.576285675252446,0.16736747691664247,0,7.9594312370557825,2.311360948689532,-24.59975939295574,-1.3819902541560094e-11,143.2463854806536,-5.07933068591509e-14,7.9594312370557825,0-1,0,239.0,239000,,,,,0,0.576285675252446,0.1673681064134535,7.9594312370557825,2.311360948689532,1.245615197060269e-05,negative_baseline,20.0,0,0,0,0,0,0,0,0,0,0,-1,0,0,0,0,0,0,0,1,0
sim_0000_n2_seed256,256,0.001,2,240.0,1,body_1,9.897616233308575,3.6886825746214664,1.688992687893574e-05,5.027157636471242e-06,0.5837183801581453,0.17209595791141816,0,7.908593674620316,2.3275194721632517,-24.599759398083275,-2.2225835299577845e-10,143.24638548065386,-4.900760466488388e-14,7.908593674620316,0-1,0,240.0,240000,,,,,0,0.5837183801581453,0.17209407924703163,7.908593674620316,2.3275194721632517,1.2374076155492696e-05,negative_baseline,20.0,0,0,0,0,0,0,0,0,0,0,-1,0,0,0,0,0,0,0,1,0
sim_0000_n2_seed256,256,0.001,2,241.0,1,body_1,9.897616233308575,3.6886825746214664,1.6689762815923345e-05,5.11387539585208e-06,0.6000315319642188,0.1825930779146759,0,7.800346782334666,2.3622460957295908,-24.599759409948685,-7.045968099905437e-10,143.24638548065371,-4.999966143947667e-14,7.800346782334666,0-1,0,241.0,241000,,,,,0,0.6000315319642188,0.18258915332772574,7.800346782334666,2.3622460957295908,1.2227429875126018e-05,negative_baseline,20.0,0,0,0,0,0,0,0,0,0,0,-1,0,0,0,0,0,0,0,1,0
sim_0000_n2_seed256,256,0.001,2,242.0,1,body_1,9.897616233308575,3.6886825746214664,1.6423792326591346e-05,5.243605447311592e-06,0.6250111867670424,0.19897599350291487,0,7.642880197471363,2.4135772021211848,-24.59975942981111,-1.5120204133397596e-09,143.24638548065403,-4.781713653537253e-14,7.642880197471363,0-1,0,242.0,242000,,,,,0,0.6250111867670424,0.19897083204805652,7.642880197471363,2.4135772021211848,1.2032571763952288e-05,negative_baseline,20.0,0,0,0,0,0,0,0,0,0,0,-1,0,0,0,0,0,0,0,1,0
sim_0000_n2_seed256,256,0.001,2,243.0,1,body_1,9.897616233308575,3.6886825746214664,1.612322472064058e-05,5.411274026617578e-06,0.6578864203453262,0.22108306032121697,0,7.449471900581387,2.478031558474552,-24.59975945925643,-2.708996238411396e-09,143.24638548065366,-5.039648414931378e-14,7.449471900581387,0-1,0,243.0,243000,,,,,0,0.6578864203453262,0.22107820646406323,7.449471900581387,2.478031558474552,1.1812366711577448e-05,negative_baseline,20.0,0,0,0,0,1,0,0,0,0,0,-1,0,0,0,0,0,0,0,0,0
sim_0000_n2_seed256,256,0.001,2,243.15,1,body_1,9.897616233308575,3.6886825746214664,1.607751012216536e-05,5.439184276627606e-06,0.6634003210933963,0.22484926440314468,0,7.41844888570527,2.4885221914451683,-24.59975946457989,-2.9253991998525513e-09,143.2463854806536,-5.07933068591509e-14,7.41844888570527,0-1,0,243.15,243150,,,,,0,0.6634003210933963,0.22484465683791574,7.41844888570527,2.4885221914451683,1.1778874790320819e-05,negative_hard,10.0,0,0,0,0,1,0,0,0,0,0,-1,0,0,0,0,0,0,0,0,0
sim_0000_n2_seed256,256,0.001,2,243.65,1,body_1,9.897616233308575,3.6886825746214664,1.592780260925025e-05,5.536346999475364e-06,0.6826411062689811,0.2381177679621581,0,7.313154173163795,2.5244560892665118,-24.599759484056673,-3.7171460841345118e-09,143.24638548065388,-4.880919330996532e-14,7.313154173163795,0-1,0,243.65,243650,,,,,0,0.6826411062689811,0.23811447491634982,7.313154173163795,2.5244560892665118,1.1669194453883986e-05,negative_hard,10.0,0,0,1,0,1,0,0,0,0,0,-1,0,0,0,0,0,0,0,0,0
sim_0000_n2_seed256,256,0.001,2,244.0,1,body_1,9.897616233308575,3.6886825746214664,1.582774054433511e-05,5.607373451814659e-06,0.6967153307928281,0.24794436926271252,0,7.2389114450764955,2.550106171906113,-24.5997594992129,-4.3332589505459885e-09,143.246385480654,-4.801554789029108e-14,7.2389114450764955,0-1,0,244.0,244000,,,,,0,0.6967153307928281,0.24794251299716594,7.2389114450764955,2.550106171906113,1.159588589568106e-05,negative_baseline,20.0,0,0,1,0,1,0,0,0,0,0,-1,0,0,0,0,0,0,0,0,0
sim_0000_n2_seed256,256,0.001,2,244.15,1,body_1,9.897616233308575,3.6886825746214664,1.5786639032820245e-05,5.638351395103472e-06,0.7028453258757423,0.25225536440877744,0,7.207274561930471,2.561117403725092,-24.599759506060444,-4.611617078680351e-09,143.2463854806539,-4.861078195504676e-14,7.207274561930471,0-1,0,244.15,244150,,,,,0,0.7028453258757423,0.25225426899238035,7.207274561930471,2.561117403725092,1.1565773656992816e-05,negative_hard,10.0,0,0,1,0,1,0,0,0,0,0,-1,0,0,0,0,0,0,0,0,0
sim_0000_n2_seed256,256,0.001,2,245.0,1,body_1,9.897616233308575,3.6886825746214664,1.5583003913751477e-05,5.815867501011019e-06,0.7376415135812979,0.2770684003746634,0,7.035229546330051,2.621878183692095,-24.59975954785755,-6.310702983428348e-09,143.2463854806539,-4.861078195504676e-14,7.035229546330051,0-1,0,245.0,245000,,,,,0,0.7376415135812979,0.277073399378619,7.035229546330051,2.621878183692095,1.1416584247467423e-05,negative_baseline,20.0,0,0,1,0,0,0,0,0,0,0,-1,0,0,0,0,0,0,0,0,0
sim_0000_n2_seed256,256,0.001,2,246.0,1,body_1,9.897616233308575,3.6886825746214664,1.5434772700843294e-05,6.012830731934846e-06,0.774498318996023,0.30394650008404117,0,6.865793032983702,2.6832478471251404,-24.59975959780973,-8.341299310040493e-09,143.24638548065377,-4.960283872963955e-14,6.865793032983702,0-1,0,246.0,246000,,,,,0,0.774498318996023,0.30396228835304484,6.865793032983702,2.6832478471251404,1.130798539348831e-05,negative_baseline,20.0,0,0,0,0,0,0,0,0,0,0,-1,0,0,0,0,0,0,0,1,0
sim_0000_n2_seed256,256,0.001,2,246.95000000000002,1,body_1,9.897616233308575,3.6886825746214664,1.541670890581723e-05,6.1620512176401335e-06,0.7987881763612755,0.3219679376198919,0,6.760598324603618,2.722161400632683,-24.59975963409545,-9.816342977704247e-09,143.2463854806536,-5.07933068591509e-14,6.760598324603618,0-1,0,246.95000000000002,246950,,,,,0,0.7987881763612755,0.3219955166011074,6.760598324603618,2.722161400632683,1.1294751171623415e-05,negative_hard,10.0,1,1,0,1,0,0,1,0,0,0,-1,0,0,0,0,0,0,0,0,0
sim_0000_n2_seed256,256,0.001,2,247.0,1,body_1,9.897616233308575,3.6886825746214664,1.541945846237323e-05,6.168375083276933e-06,0.7996553778764817,0.32261560711645143,0,6.7569315003427475,2.7235294881438725,-24.599759635442,-9.871081299207634e-09,143.24638548065357,-5.099171821406946e-14,6.7569315003427475,0-1,0,247.0,247000,,,,,0,0.7996553778764817,0.3226437778501,6.7569315003427475,2.7235294881438725,1.1296765574115458e-05,negative_baseline,20.0,1,1,0,1,0,0,1,0,0,0,-1,0,0,0,0,0,0,0,0,0
sim_0000_n2_seed256,256,0.001,2,247.45000000000002,1,body_1,9.897616233308575,3.6886825746214664,1.5461312828198323e-05,6.216982318410614e-06,0.8053093527563242,0.32684526894703614,0,6.733169940397869,2.7324142826681985,-24.59975964430867,-1.0231518603146192e-08,143.24638548065343,-5.198377498866225e-14,6.733169940397869,0-1,0,247.45000000000002,247450,,,,,0,0.8053093527563242,0.32687837017883964,6.733169940397869,2.7324142826681985,1.1327429303441753e-05,negative_hard,10.0,1,1,0,1,0,0,1,0,0,0,-1,0,0,0,0,0,0,0,0,0
sim_0000_n2_seed256,256,0.001,2,247.95000000000002,1,body_1,9.897616233308575,3.6886825746214664,1.554355379507103e-05,6.2519367165769455e-06,0.806806044090453,0.3279669361322006,0,6.7269217502960705,2.734756175867615,-24.599759646681242,-1.0327965613505517e-08,143.24638548065366,-5.039648414931378e-14,6.7269217502960705,0-1,0,247.95000000000002,247950,,,,,0,0.806806044090453,0.3280043437088618,6.7269217502960705,2.734756175867615,1.1387681492763253e-05,negative_hard,10.0,1,1,0,1,0,0,1,1,0,0,-1,0,0,0,0,0,0,0,0,0
sim_0000_n2_seed256,256,0.001,2,248.0,1,body_1,9.897616233308575,3.6886825746214664,1.5553792034774563e-05,6.2542640422089785e-06,0.8066716637880991,0.32786619315727944,0,6.727482032859219,2.734546079919444,-24.599759646467803,-1.0319289108626408e-08,143.24638548065363,-5.059489550423234e-14,6.727482032859219,0-1,0,248.0,248000,,,,,0,0.8066716637880991,0.32790394749914836,6.727482032859219,2.734546079919444,1.1395182335091809e-05,negative_baseline,20.0,1,1,0,1,0,0,1,1,0,0,-1,0,0,0,0,0,0,0,0,0
sim_0000_n2_seed256,256,0.001,2,248.45000000000002,1,body_1,9.897616233308575,3.6886825746214664,1.5661614106403348e-05,6.265408303782595e-06,0.8031658597215753,0.32524033056881996,0,6.742148712427766,2.729053030306266,-24.59975964092927,-1.009414335321963e-08,143.24638548065357,-5.099171821406946e-14,6.742148712427766,0-1,0,248.45000000000002,248450,,,,,0,0.8031658597215753,0.3252804402992168,6.742148712427766,2.729053030306266,1.1474176039580388e-05,negative_hard,10.0,1,1,0,1,0,0,1,0,0,0,-1,0,0,0,0,0,0,0,0,0
sim_0000_n2_seed256,256,0.001,2,249.0,1,body_1,9.897616233308575,3.6886825746214664,1.5828790956161358e-05,6.255276419081828e-06,0.7935631462217936,0.3180717300425112,0,6.7828185944254225,2.7138880389023803,-24.59975962605766,-9.48960045976631e-09,143.24638548065354,-5.119012956898802e-14,6.7828185944254225,0-1,0,249.0,249000,,,,,0,0.7935631462217936,0.31811280433486877,6.7828185944254225,2.7138880389023803,1.1596654873863354e-05,negative_baseline,20.0,1,1,0,0,0,0,0,0,0,0,-1,0,0,0,0,0,0,0,0,0
sim_0000_n2_seed256,256,0.001,2,250.0,1,body_1,9.897616233308575,3.6886825746214664,1.6211964442978284e-05,6.176505670913171e-06,0.7639693411507452,0.2962088630683381,0,6.912943099908798,2.6660114539032076,-24.599759582923177,-7.736148983258477e-09,143.24638548065366,-5.039648414931378e-14,6.912943099908798,0-1,0,250.0,250000,,,,,0,0.7639693411507452,0.2962470393025369,6.912943099908798,2.6660114539032076,1.1877379455431635e-05,negative_baseline,20.0,0,0,0,0,0,0,0,0,0,0,-1,0,0,0,0,0,0,0,1,0
sim_0000_n2_seed256,256,0.001,2,251.0,1,body_1,9.897616233308575,3.6886825746214664,1.6656528958829836e-05,6.040356750724131e-06,0.7250685771200455,0.2680370431332141,0,7.09596402884852,2.600255524996548,-24.599759532170822,-5.67302493406207e-09,143.2463854806537,-5.019807279439522e-14,7.09596402884852,0-1,0,251.0,251000,,,,,0,0.7250685771200455,0.2680687839643404,7.09596402884852,2.600255524996548,1.2203081031316189e-05,negative_baseline,20.0,0,0,1,0,0,0,0,0,0,0,-1,0,0,0,0,0,0,0,0,0
sim_0000_n2_seed256,256,0.001,2,252.0,1,body_1,9.897616233308575,3.6886825746214664,1.711243094234599e-05,5.8763449689054634e-06,0.6842393805772146,0.2392286133261317,0,7.304607997425802,2.5273953020948046,-24.599759485738716,-3.78552248255872e-09,143.2463854806536,-5.07933068591509e-14,7.304607997425802,0-1,0,252.0,252000,,,,,0,0.6842393805772146,0.23925312650965042,7.304607997425802,2.5273953020948046,1.253708882116103e-05,negative_baseline,20.0,0,0,1,0,0,1,0,0,0,0,-1,0,0,0,0,0,0,0,0,0
sim_0000_n2_seed256,256,0.001,2,253.0,1,body_1,9.897616233308575,3.6886825746214664,1.7534658779512758e-05,5.711720129642794e-06,0.646945642390345,0.21365901519541822,0,7.512198436383109,2.456950880149476,-24.599759449025818,-2.2931136738006507e-09,143.24638548065366,-5.039648414931378e-14,7.512198436383109,0-1,0,253.0,253000,,,,,0,0.646945642390345,0.21367701078446796,7.512198436383109,2.456950880149476,1.2846425927827217e-05,negative_baseline,20.0,0,0,0,0,0,0,0,0,0,0,-1,0,0,0,0,0,0,0,1,0
sim_0000_n2_seed256,256,0.001,2,254.0,1,body_1,9.897616233308575,3.6886825746214664,1.7887503414752762e-05,5.567094859128427e-06,0.6163775270032236,0.19327208323890852,0,7.6962213402428885,2.396077718849826,-24.599759422708463,-1.223292014734519e-09,143.24638548065371,-4.999966143947667e-14,7.6962213402428885,0-1,0,254.0,254000,,,,,0,0.6163775270032236,0.19328469346943364,7.6962213402428885,2.396077718849826,1.3104930792950565e-05,negative_baseline,20.0,0,0,0,0,0,0,0,0,0,0,-1,0,0,0,0,0,0,0,1,0
sim_0000_n2_seed256,256,0.001,2,255.0,1,body_1,9.897616233308575,3.6886825746214664,1.814572203983378e-05,5.45619527037932e-06,0.5940357051854266,0.17871605441230123,0,7.839613870106213,2.3495975478469804,-24.599759405488555,-5.232889373448401e-10,143.24638548065371,-4.999966143947667e-14,7.839613870106213,0-1,0,255.0,255000,,,,,0,0.5940357051854266,0.17872430653143345,7.839613870106213,2.3495975478469804,1.3294109753695244e-05,negative_baseline,20.0,0,0,0,0,0,0,0,0,0,0,-1,0,0,0,0,0,0,0,1,0
sim_0000_n2_seed256,256,0.001,2,256.0,1,body_1,9.897616233308575,3.6886825746214664,1.8294128164771125e-05,5.387365510619462e-06,0.5804641052454889,0.1700214546263065,0,7.930731793361602,2.3204713348485293,-24.59975939581701,-1.301328422785444e-10,143.2463854806543,-4.583302298618694e-14,7.930731793361602,0-1,0,256.0,256000,,,,,0,0.5804641052454889,0.17002612129319525,7.930731793361602,2.3204713348485293,1.3402836715437444e-05,negative_baseline,20.0,0,0,0,0,0,0,0,0,0,0,-1,0,0,0,0,0,0,0,1,0
sim_0000_n2_seed256,256,0.001,2,257.0,1,body_1,9.897616233308575,3.6886825746214664,1.8326769387922042e-05,5.365234059314932e-06,0.5757904892633354,0.16705367550641576,0,7.962853099570229,2.310276703871603,-24.599759392620015,-1.7243827733376619e-13,143.24638548065423,-4.642825705094262e-14,7.962853099570229,0-1,0,257.0,257000,,,,,0,0.5757904892633354,0.1670552968216892,7.962853099570229,2.310276703871603,1.3426750759538521e-05,negative_baseline,20.0,0,0,0,0,0,0,0,0,0,0,-1,0,0,0,0,0,0,0,1,0
sim_0000_n2_seed256,256,0.001,2,258.0,1,body_1,9.897616233308575,3.6886825746214664,1.824634135531488e-05,5.391916552459315e-06,0.5800261200310465,0.1697427535011653,0,7.9337255273189005,2.3195195975983083,-24.59975939551456,-1.1783802198878044e-10,143.24638548065425,-4.622984569602406e-14,7.9337255273189005,0-1,0,258.0,258000,,,,,0,0.5800261200310465,0.1697417304956709,7.9337255273189005,2.3195195975983083,1.3367826793051369e-05,negative_baseline,20.0,0,0,0,0,0,0,0,0,0,0,-1,0,0,0,0,0,0,0,1,0
sim_0000_n2_seed256,256,0.001,2,259.0,1,body_1,9.897616233308575,3.6886825746214664,1.8064080749577098e-05,5.467615048451406e-06,0.593161481961398,0.178152585252708,0,7.845388898760596,2.347742289291182,-24.599759404847994,-4.972496021020991e-10,143.2463854806535,-5.158695227882513e-14,7.845388898760596,0-1,0,259.0,259000,,,,,0,0.593161481961398,0.17814932705510342,7.845388898760596,2.347742289291182,1.323429714774832e-05,negative_baseline,20.0,0,0,0,0,0,0,0,0,0,0,-1,0,0,0,0,0,0,0,1,0
sim_0000_n2_seed256,256,0.001,2,260.0,1,body_1,9.897616233308575,3.6886825746214664,1.7800126967095202e-05,5.5905984064629965e-06,0.6150797085360452,0.19241842611874185,0,7.704336576989585,2.393425500003411,-24.599759421662792,-1.1807846795857356e-09,143.2463854806536,-5.07933068591509e-14,7.704336576989585,0-1,0,260.0,260000,,,,,0,0.6150797085360452,0.19241357872146284,7.704336576989585,2.393425500003411,1.304091655231131e-05,negative_baseline,20.0,0,0,0,0,0,0,0,0,0,0,-1,0,0,0,0,0,0,0,1,0
sim_0000_n2_seed256,256,0.001,2,261.0,1,body_1,9.897616233308575,3.6886825746214664,1.74840568673848e-05,5.756500940721407e-06,0.6452679214659935,0.21252639291120484,0,7.521958096213978,2.4536864281423902,-24.59975944749552,-2.2309057709388215e-09,143.24638548065388,-4.880919330996532e-14,7.521958096213978,0-1,0,261.0,261000,,,,,0,0.6452679214659935,0.2125211860623841,7.521958096213978,2.4536864281423902,1.2809353914161948e-05,negative_baseline,20.0,0,0,0,0,0,0,0,0,0,0,-1,0,0,0,0,0,0,0,1,0
sim_0000_n2_seed256,256,0.001,2,261.35,1,body_1,9.897616233308575,3.6886825746214664,1.736808094764246e-05,5.82330293196966e-06,0.6575635431162232,0.22086303136630409,0,7.4513005981153,2.4774145189536876,-24.59975945894821,-2.6964668789571515e-09,143.2463854806536,-5.07933068591509e-14,7.4513005981153,0-1,0,261.35,261350,,,,,0,0.6575635431162232,0.22085816483641377,7.4513005981153,2.4774145189536876,1.272438639336014e-05,negative_hard,10.0,0,0,0,0,1,0,0,0,0,0,-1,0,0,0,0,0,0,0,0,0
sim_0000_n2_seed256,256,0.001,2,261.85,1,body_1,9.897616233308575,3.6886825746214664,1.720335197213397e-05,5.925094670975984e-06,0.6763978720447862,0.2337911720452853,0,7.346827298952515,2.512908617657866,-24.59975947758168,-3.4539324849066217e-09,143.24638548065337,-5.238059769849936e-14,7.346827298952515,0-1,0,261.85,261850,,,,,0,0.6763978720447862,0.23378737299551255,7.346827298952515,2.512908617657866,1.260370087797739e-05,negative_hard,10.0,0,0,1,0,1,0,0,0,0,0,-1,0,0,0,0,0,0,0,0,0
sim_0000_n2_seed256,256,0.001,2,262.0,1,body_1,9.897616233308575,3.6886825746214664,1.7154927299564577e-05,5.9568502022694506e-06,0.6822887159768087,0.23787302338451471,0,7.315042488041703,2.5238071227830665,-24.59975948368732,-3.702131533829045e-09,143.2463854806534,-5.218218634358081e-14,7.315042488041703,0-1,0,262.0,262000,,,,,0,0.6822887159768087,0.23786969968461105,7.315042488041703,2.5238071227830665,1.2568223470685982e-05,negative_baseline,20.0,0,0,1,0,1,0,0,0,0,0,-1,0,0,0,0,0,0,0,0,0
sim_0000_n2_seed256,256,0.001,2,262.35,1,body_1,9.897616233308575,3.6886825746214664,1.7045167696917652e-05,6.0326219474314165e-06,0.6963531319902083,0.24769023178491684,0,7.240793812000716,2.5494525544147346,-24.599759498813256,-4.317013069626997e-09,143.24638548065323,-5.337265447309216e-14,7.240793812000716,0-1,0,262.35,262350,,,,,0,0.6963531319902083,0.24768833320157327,7.240793812000716,2.5494525544147346,1.2487810198300279e-05,negative_hard,10.0,0,0,1,0,1,0,0,0,0,0,-1,0,0,0,0,0,0,0,0,0
sim_0000_n2_seed256,256,0.001,2,262.85,1,body_1,9.897616233308575,3.6886825746214664,1.68998145240507e-05,6.143467483600979e-06,0.7168823847483571,0.2621962316914069,0,7.136363985884232,2.585978035240973,-24.599759522315605,-5.272402434892024e-09,143.2463854806533,-5.297583176325504e-14,7.136363985884232,0-1,0,262.85,262850,,,,,0,0.7168823847483571,0.2621972118451913,7.136363985884232,2.585978035240973,1.2381319967377393e-05,negative_hard,10.0,0,0,1,0,1,0,0,0,0,0,-1,0,0,0,0,0,0,0,0,0
sim_0000_n2_seed256,256,0.001,2,263.0,1,body_1,9.897616233308575,3.6886825746214664,1.685966315709279e-05,6.176938921522394e-06,0.7230522888629919,0.2665955066082393,0,7.105850968315542,2.5967537171695096,-24.5997595297176,-5.573299430123386e-09,143.24638548065326,-5.31742431181736e-14,7.105850968315542,0-1,0,263.0,263000,,,,,0,0.7230522888629919,0.26659755596972734,7.105850968315542,2.5967537171695096,1.235190383102608e-05,negative_baseline,20.0,0,0,1,0,0,0,0,0,0,0,-1,0,0,0,0,0,0,0,0,0
sim_0000_n2_seed256,256,0.001,2,264.0,1,body_1,9.897616233308575,3.6886825746214664,1.664830426628317e-05,6.393913543169882e-06,0.7622098956353306,0.2949203888392045,0,6.920917239195676,2.6631086808084494,-24.599759580484577,-7.63701791478839e-09,143.24638548065298,-5.515835666735918e-14,6.920917239195676,0-1,0,264.0,264000,,,,,0,0.7622098956353306,0.29493193913194393,6.920917239195676,2.6631086808084494,1.2197055712420415e-05,negative_baseline,20.0,0,0,0,0,0,0,0,0,0,0,-1,0,0,0,0,0,0,0,1,0
sim_0000_n2_seed256,256,0.001,2,265.0,1,body_1,9.897616233308575,3.6886825746214664,1.6565251887429695e-05,6.577337979246338e-06,0.7924434437185438,0.3172381613535375,0,6.787608878274519,2.7121082595565396,-24.599759624352053,-9.420266119052694e-09,143.24638548065323,-5.337265447309216e-14,6.787608878274519,0-1,0,265.0,265000,,,,,0,0.7924434437185438,0.31726196246665267,6.787608878274519,2.7121082595565396,1.2136208851084885e-05,negative_baseline,20.0,1,1,0,0,0,0,0,0,0,0,-1,0,0,0,0,0,0,0,0,0
sim_0000_n2_seed256,256,0.001,2,265.65,1,body_1,9.897616233308575,3.6886825746214664,1.6594128319179305e-05,6.663143446120851e-06,0.8037656708619244,0.3256892645432587,0,6.7396325744544345,2.7299944742109434,-24.59975964187286,-1.0132501049320983e-08,143.24638548065326,-5.31742431181736e-14,6.7396325744544345,0-1,0,265.65,265650,,,,,0,0.8037656708619244,0.32572071828735283,6.7396325744544345,2.7299944742109434,1.2157364513898224e-05,negative_hard,10.0,1,1,0,1,0,0,1,0,0,0,-1,0,0,0,0,0,0,0,0,0
sim_0000_n2_seed256,256,0.001,2,266.0,1,body_1,9.897616233308575,3.6886825746214664,1.6638041386112045e-05,6.695200528453386e-06,0.8064892337494067,0.32772943876673877,0,6.728242877120804,2.734260807101542,-24.59975964617842,-1.0307525467552752e-08,143.24638548065315,-5.396788853784783e-14,6.728242877120804,0-1,0,266.0,266000,,,,,0,0.8064892337494067,0.32776435552036093,6.728242877120804,2.734260807101542,1.2189536522283848e-05,negative_baseline,20.0,1,1,0,1,0,0,1,0,0,0,-1,0,0,0,0,0,0,0,0,0
sim_0000_n2_seed256,256,0.001,2,266.15,1,body_1,9.897616233308575,3.6886825746214664,1.6662882571530436e-05,6.705623317750774e-06,0.8068896762279113,0.32802963733882057,0,6.726573126785627,2.734886912970568,-24.599759646814455,-1.0333380810864737e-08,143.24638548065306,-5.45631226026035e-14,6.726573126785627,0-1,0,266.15,266150,,,,,0,0.8068896762279113,0.32806583638435194,6.726573126785627,2.734886912970568,1.2207735915452219e-05,negative_hard,10.0,1,1,0,1,0,0,1,1,0,0,-1,0,0,0,0,0,0,0,0,0
sim_0000_n2_seed256,256,0.001,2,266.65,1,body_1,9.897616233308575,3.6886825746214664,1.677091911959114e-05,6.725390045951553e-06,0.8048704941410821,0.32651653351035453,0,6.735005333155873,2.731726801181976,-24.599759643615187,-1.0203327977636144e-08,143.2463854806531,-5.436471124768495e-14,6.735005333155873,0-1,0,266.65,266650,,,,,0,0.8048704941410821,0.32655597209250176,6.735005333155873,2.731726801181976,1.2286886737522039e-05,negative_hard,10.0,1,1,0,1,0,0,1,0,0,0,-1,0,0,0,0,0,0,0,0,0
sim_0000_n2_seed256,256,0.001,2,267.0,1,body_1,9.897616233308575,3.6886825746214664,1.686840318665128e-05,6.725356135573117e-06,0.8004628656636843,0.32321893704687166,0,6.7535225249862,2.7248020880316406,-24.59975963669926,-9.922190040488281e-09,143.24638548065303,-5.476153395752206e-14,6.7535225249862,0-1,0,267.0,267000,,,,,0,0.8004628656636843,0.323259618527846,6.7535225249862,2.7248020880316406,1.2358306513020376e-05,negative_baseline,20.0,1,1,0,1,0,0,1,0,0,0,-1,0,0,0,0,0,0,0,0,0
sim_0000_n2_seed256,256,0.001,2,268.0,1,body_1,9.897616233308575,3.6886825746214664,1.72309467676767e-05,6.665813710003796e-06,0.7760716280798465,0.30510664257188463,0,6.858830083708169,2.6858038792706664,-24.599759600077782,-8.433497464353623e-09,143.24638548065292,-5.55551793771963e-14,6.858830083708169,0-1,0,268.0,268000,,,,,0,0.7760716280798465,0.3051464312601703,6.858830083708169,2.6858038792706664,1.2623916968740335e-05,negative_baseline,20.0,1,1,0,0,0,0,0,0,0,0,-1,0,0,0,0,0,0,0,0,0
sim_0000_n2_seed256,256,0.001,2,269.0,1,body_1,9.897616233308575,3.6886825746214664,1.768052142534215e-05,6.535385591520711e-06,0.7396080121164283,0.2784874880288195,0,7.025870550266362,2.6252273943764513,-24.599759550372596,-6.412941695827805e-09,143.24638548065275,-5.674564750670764e-14,7.025870550266362,0-1,0,269.0,269000,,,,,0,0.7396080121164283,0.27852175059895135,7.025870550266362,2.6252273943764513,1.2953289106993134e-05,negative_baseline,20.0,0,0,1,0,0,0,0,0,0,0,-1,0,0,0,0,0,0,0,0,0
sim_0000_n2_seed256,256,0.001,2,270.0,1,body_1,9.897616233308575,3.6886825746214664,1.8163881799453235e-05,6.364454859484033e-06,0.6987195552732848,0.24935181740720228,0,7.22852185283239,2.553716873164521,-24.599759501435372,-4.423604187691452e-09,143.24638548065332,-5.277742040833648e-14,7.22852185283239,0-1,0,270.0,270000,,,,,0,0.6987195552732848,0.2493788925720695,7.22852185283239,2.553716873164521,1.3307413743787037e-05,negative_baseline,20.0,0,0,1,0,0,1,0,0,0,0,-1,0,0,0,0,0,0,0,0,0
sim_0000_n2_seed256,256,0.001,2,271.0,1,body_1,9.897616233308575,3.6886825746214664,1.863004863995809e-05,6.183828723802331e-06,0.6596788906223402,0.22230558851814033,0,7.439344215648217,2.4814515501854753,-24.599759460974713,-2.7788458720676655e-09,143.24638548065332,-5.277742040833648e-14,7.439344215648217,0-1,0,271.0,271000,,,,,0,0.6596788906223402,0.22232579847938885,7.439344215648217,2.4814515501854753,1.3648941905358973e-05,negative_baseline,20.0,0,0,0,0,0,1,0,0,0,0,-1,0,0,0,0,0,0,0,0,0
sim_0000_n2_seed256,256,0.001,2,272.0,1,body_1,9.897616233308575,3.6886825746214664,1.9036557624401534e-05,6.018160525176443e-06,0.6264528748064051,0.1999326662742324,0,7.6340806563082415,2.4164752517095276,-24.59975943102247,-1.5612630951719726e-09,143.24638548065306,-5.45631226026035e-14,7.6340806563082415,0-1,0,272.0,272000,,,,,0,0.6264528748064051,0.19994707976663098,7.6340806563082415,2.4164752517095276,1.3946762916579171e-05,negative_baseline,20.0,0,0,0,0,0,0,0,0,0,0,-1,0,0,0,0,0,0,0,1,0
sim_0000_n2_seed256,256,0.001,2,273.0,1,body_1,9.897616233308575,3.6886825746214664,1.935185448223712e-05,5.884481113884296e-06,0.601060300198108,0.18326048262174893,0,7.7936684293555825,2.3644032022068826,-24.59975941072598,-7.361944634742768e-10,143.24638548065315,-5.396788853784783e-14,7.7936684293555825,0-1,0,273.0,273000,,,,,0,0.601060300198108,0.18327019611377135,7.7936684293555825,2.3644032022068826,1.4177759143824405e-05,negative_baseline,20.0,0,0,0,0,0,0,0,0,0,0,-1,0,0,0,0,0,0,0,1,0
sim_0000_n2_seed256,256,0.001,2,274.0,1,body_1,9.897616233308575,3.6886825746214664,1.9555379164644582e-05,5.793432641970148e-06,0.5843134035543035,0.1724759762305138,0,7.904565873048601,2.3288037503071246,-24.59975939850147,-2.3925825422126833e-10,143.24638548065332,-5.277742040833648e-14,7.904565873048601,0-1,0,274.0,274000,,,,,0,0.5843134035543035,0.17248185694780352,7.904565873048601,2.3288037503071246,1.4326867656684808e-05,negative_baseline,20.0,0,0,0,0,0,0,0,0,0,0,-1,0,0,0,0,0,0,0,1,0
sim_0000_n2_seed256,256,0.001,2,275.0,1,body_1,9.897616233308575,3.6886825746214664,1.9636778401093825e-05,5.7511143117898335e-06,0.5764428712441272,0.1674671247065368,0,7.958345894465461,2.3117049367329616,-24.599759393062534,-1.816118781513883e-11,143.24638548065366,-5.039648414931378e-14,7.958345894465461,0-1,0,275.0,275000,,,,,0,0.5764428712441272,0.16746978815911392,7.958345894465461,2.3117049367329616,1.4386503324884532e-05,negative_baseline,20.0,0,0,0,0,0,0,0,0,0,0,-1,0,0,0,0,0,0,0,1,0
sim_0000_n2_seed256,256,0.001,2,276.0,1,body_1,9.897616233308575,3.6886825746214664,1.9595144340969757e-05,5.760567615536211e-06,0.5774809843034237,0.16812558019707918,0,7.951189486480362,2.3139741541478034,-24.59975939376894,-4.687721571458333e-11,143.24638548065363,-5.059489550423234e-14,7.951189486480362,0-1,0,276.0,276000,,,,,0,0.5774809843034237,0.16812546346761614,7.951189486480362,2.3139741541478034,1.4356001021905355e-05,negative_baseline,20.0,0,0,0,0,0,0,0,0,0,0,-1,0,0,0,0,0,0,0,1,0
sim_0000_n2_seed256,256,0.001,2,277.0,1,body_1,9.897616233308575,3.6886825746214664,1.9438697971416906e-05,5.822634837425162e-06,0.5874261404900833,0.17446751865431534,0,7.883595138177837,2.3355000658887577,-24.599759400705793,-3.2886579059569317e-10,143.24638548065386,-4.900760466488388e-14,7.883595138177837,0-1,0,277.0,277000,,,,,0,0.5874261404900833,0.17446500680165233,7.883595138177837,2.3355000658887577,1.424138368804755e-05,negative_baseline,20.0,0,0,0,0,0,0,0,0,0,0,-1,0,0,0,0,0,0,0,1,0
sim_0000_n2_seed256,256,0.001,2,278.0,1,body_1,9.897616233308575,3.6886825746214664,1.918500496215602e-05,5.936159967386506e-06,0.6062218264954786,0.18661856357018025,0,7.760418869987348,2.37516862587638,-24.599759414676665,-8.967929900424654e-10,143.24638548065371,-4.999966143947667e-14,7.760418869987348,0-1,0,278.0,278000,,,,,0,0.6062218264954786,0.18661418432998989,7.760418869987348,2.37516862587638,1.4055520461884985e-05,negative_baseline,20.0,0,0,0,0,0,0,0,0,0,0,-1,0,0,0,0,0,0,0,1,0
sim_0000_n2_seed256,256,0.001,2,279.0,1,body_1,9.897616233308575,3.6886825746214664,1.8861535642095373e-05,6.097492995606946e-06,0.6335450103094967,0.20465620350559136,0,7.591231049082895,2.430633403510248,-24.599759437085112,-1.807714365172877e-09,143.2463854806533,-5.297583176325504e-14,7.591231049082895,0-1,0,279.0,279000,,,,,0,0.6335450103094967,0.2046509294990287,7.591231049082895,2.430633403510248,1.3818536940103784e-05,negative_baseline,20.0,0,0,0,0,0,0,0,0,0,0,-1,0,0,0,0,0,0,0,1,0
sim_0000_n2_seed256,256,0.001,2,279.55,1,body_1,9.897616233308575,3.6886825746214664,1.8667150942883825e-05,6.204121999248269e-06,0.6518816927689823,0.21700033666965846,0,7.4837031964079115,2.4665058652203804,-24.5997594535875,-2.478549666814284e-09,143.24638548065306,-5.45631226026035e-14,7.4837031964079115,0-1,0,279.55,279550,,,,,0,0.6518816927689823,0.2169952785201882,7.4837031964079115,2.4665058652203804,1.3676124744896949e-05,negative_hard,10.0,0,0,0,0,1,0,0,0,0,0,-1,0,0,0,0,0,0,0,0,0
sim_0000_n2_seed256,256,0.001,2,280.0,1,body_1,9.897616233308575,3.6886825746214664,1.850603229507453e-05,6.299204116060943e-06,0.6683663489058361,0.22825518940453518,0,7.390837598431449,2.4978957099216674,-24.599759469472072,-3.1242703587487693e-09,143.24638548065343,-5.198377498866225e-14,7.390837598431449,0-1,0,280.0,280000,,,,,0,0.6683663489058361,0.2282508524892676,7.390837598431449,2.4978957099216674,1.3558084269659284e-05,negative_baseline,20.0,0,0,0,0,1,0,0,0,0,0,-1,0,0,0,0,0,0,0,0,0
sim_0000_n2_seed256,256,0.001,2,280.05,1,body_1,9.897616233308575,3.6886825746214664,1.848822825652561e-05,6.310142708089583e-06,0.6702689381587303,0.22956354091592227,0,7.380340527564047,2.5014683949314933,-24.59975947137098,-3.2014624835758308e-09,143.2463854806534,-5.218218634358081e-14,7.380340527564047,0-1,0,280.05,280050,,,,,0,0.6702689381587303,0.22955932012708682,7.380340527564047,2.5014683949314933,1.3545040483229487e-05,negative_hard,10.0,0,0,0,0,1,0,0,0,0,0,-1,0,0,0,0,0,0,0,0,0
sim_0000_n2_seed256,256,0.001,2,280.55,1,body_1,9.897616233308575,3.6886825746214664,1.8313630673385412e-05,6.422855031318487e-06,0.6899200940991264,0.24318742867754586,0,7.274473235317316,2.537786979325232,-24.599759491798025,-4.031838285973243e-09,143.24638548065326,-5.31742431181736e-14,7.274473235317316,0-1,0,280.55,280550,,,,,0,0.6899200940991264,0.24318482619526866,7.274473235317316,2.537786979325232,1.3417124913860543e-05,negative_hard,10.0,0,0,1,0,1,0,0,0,0,0,-1,0,0,0,0,0,0,0,0,0
sim_0000_n2_seed256,256,0.001,2,281.0,1,body_1,9.897616233308575,3.6886825746214664,1.816565378952646e-05,6.528017400805899e-06,0.7082769562609339,0.2560906634986899,0,7.179585821400025,2.5707949428928467,-24.59975951225504,-4.8634324211240785e-09,143.2463854806533,-5.297583176325504e-14,7.179585821400025,0-1,0,281.0,281000,,,,,0,0.7082769562609339,0.25609031464579796,7.179585821400025,2.5707949428928467,1.3308712477076337e-05,negative_baseline,20.0,0,0,1,0,1,0,0,0,0,0,-1,0,0,0,0,0,0,0,0,0
sim_0000_n2_seed256,256,0.001,2,281.05,1,body_1,9.897616233308575,3.6886825746214664,1.8149973686131324e-05,6.539824786793192e-06,0.7103355380348957,0.25754798843809606,0,7.169174904754845,2.5744435434213186,-24.599759514634073,-4.960141988257436e-09,143.24638548065326,-5.31742431181736e-14,7.169174904754845,0-1,0,281.05,281050,,,,,0,0.7103355380348957,0.2575479408878061,7.169174904754845,2.5744435434213186,1.3297224748049696e-05,negative_hard,10.0,0,0,1,0,1,0,0,0,0,0,-1,0,0,0,0,0,0,0,0,0
sim_0000_n2_seed256,256,0.001,2,282.0,1,body_1,9.897616233308575,3.6886825746214664,1.7893384302951203e-05,6.76254160512102e-06,0.7487735661429984,0.28512444203035053,0,6.982737166321073,2.640723490788751,-24.599759562313547,-6.898350969481655e-09,143.2463854806528,-5.634882479687053e-14,6.982737166321073,0-1,0,282.0,282000,,,,,0,0.7487735661429984,0.2851321360558271,6.982737166321073,2.640723490788751,1.3109239394620246e-05,negative_baseline,20.0,0,0,1,0,0,0,0,0,0,0,-1,0,0,0,0,0,0,0,0,0
sim_0000_n2_seed256,256,0.001,2,283.0,1,body_1,9.897616233308575,3.6886825746214664,1.774034741070666e-05,6.9726612053229685e-06,0.7831134447217447,0.3103115207527655,0,6.827922881617933,2.697183011332678,-24.59975961036667,-8.851749105598692e-09,143.24638548065272,-5.69440588616262e-14,6.827922881617933,0-1,0,283.0,283000,,,,,0,0.7831134447217447,0.31033081119749667,6.827922881617933,2.697183011332678,1.299711973096639e-05,negative_baseline,20.0,1,1,0,0,0,0,0,0,0,0,-1,0,0,0,0,0,0,0,0,0
sim_0000_n2_seed256,256,0.001,2,283.8,1,body_1,9.897616233308575,3.6886825746214664,1.7729990792646534e-05,7.099806041867016e-06,0.8009800927022501,0.32360552336430426,0,6.751341653962607,2.7256165880475955,-24.599759637506274,-9.954995772858024e-09,143.24638548065252,-5.833293834605612e-14,6.751341653962607,0-1,0,283.8,283800,,,,,0,0.8009800927022501,0.3236346510410772,6.751341653962607,2.7256165880475955,1.2989532028536256e-05,negative_hard,10.0,1,1,0,1,0,0,1,0,0,0,-1,0,0,0,0,0,0,0,0,0
sim_0000_n2_seed256,256,0.001,2,284.0,1,body_1,9.897616233308575,3.6886825746214664,1.7744448928677827e-05,7.123725732927422e-06,0.8036643535697071,0.3256134232063378,0,6.740057390983871,2.729835497359731,-24.599759641713685,-1.01260304257216e-08,143.24638548065258,-5.7936115636219e-14,6.740057390983871,0-1,0,284.0,284000,,,,,0,0.8036643535697071,0.32564478135300545,6.740057390983871,2.729835497359731,1.3000124470594789e-05,negative_baseline,20.0,1,1,0,1,0,0,1,0,0,0,-1,0,0,0,0,0,0,0,0,0
sim_0000_n2_seed256,256,0.001,2,284.3,1,body_1,9.897616233308575,3.6886825746214664,1.777910927502619e-05,7.152864468258171e-06,0.8062051951552488,0.3275165406366111,0,6.729428004904191,2.733816521603236,-24.599759645727985,-1.0289214948767126e-08,143.24638548065255,-5.813452699113756e-14,6.729428004904191,0-1,0,284.3,284300,,,,,0,0.8062051951552488,0.32755091861425367,6.729428004904191,2.733816521603236,1.3025517657045306e-05,negative_hard,10.0,1,1,0,1,0,0,1,0,0,0,-1,0,0,0,0,0,0,0,0,0
sim_0000_n2_seed256,256,0.001,2,284.8,1,body_1,9.897616233308575,3.6886825746214664,1.7870928192292432e-05,7.182314099394895e-06,0.806338669843943,0.3276165814290704,0,6.72887101469944,2.7340253178447287,-24.599759645939674,-1.0297820254257018e-08,143.24638548065258,-5.7936115636219e-14,6.72887101469944,0-1,0,284.8,284800,,,,,0,0.806338669843943,0.32765486985907616,6.72887101469944,2.7340253178447287,1.3092786939231516e-05,negative_hard,10.0,1,1,0,1,0,0,1,0,0,0,-1,0,0,0,0,0,0,0,0,0
sim_0000_n2_seed256,256,0.001,2,285.0,1,body_1,9.897616233308575,3.6886825746214664,1.7919170735728445e-05,7.187170073471734e-06,0.8049510706703163,0.32657688548928604,0,6.734668233824385,2.7318530530648193,-24.599759643742708,-1.0208511813085573e-08,143.2463854806525,-5.853134970097466e-14,6.734668233824385,0-1,0,285.0,285000,,,,,0,0.8049510706703163,0.32661628124364345,6.734668233824385,2.7318530530648193,1.3128130878604738e-05,negative_baseline,20.0,1,1,0,1,0,0,1,0,0,0,-1,0,0,0,0,0,0,0,0,0
sim_0000_n2_seed256,256,0.001,2,285.3,1,body_1,9.897616233308575,3.6886825746214664,1.80032063118961e-05,7.186989953872546e-06,0.8013704801451027,0.3238973743526437,0,6.749696996382022,2.7262310129913767,-24.59975963811601,-9.979781969966406e-09,143.24638548065255,-5.813452699113756e-14,6.749696996382022,0-1,0,285.3,285300,,,,,0,0.8013704801451027,0.3239379069572666,6.749696996382022,2.7262310129913767,1.3189697881639908e-05,negative_hard,10.0,1,1,0,1,0,0,1,0,0,0,-1,0,0,0,0,0,0,0,0,0
sim_0000_n2_seed256,256,0.001,2,286.0,1,body_1,9.897616233308575,3.6886825746214664,1.824852714736805e-05,7.1529754065433664e-06,0.7866072550871344,0.31290131640950186,0,6.812742487714688,2.7027920976208395,-24.5997596155564,-9.062715784263132e-09,143.24638548065272,-5.69440588616262e-14,6.812742487714688,0-1,0,286.0,286000,,,,,0,0.7866072550871344,0.31294211313658565,6.812742487714688,2.7027920976208395,1.3369427377643426e-05,negative_baseline,20.0,1,1,0,0,0,0,0,0,0,0,-1,0,0,0,0,0,0,0,0,0
sim_0000_n2_seed256,256,0.001,2,287.0,1,body_1,9.897616233308575,3.6886825746214664,1.8691547004999487e-05,7.034444924683304e-06,0.7535929265469752,0.28862908990932856,0,6.960373432729507,2.648797349828822,-24.599759568739408,-7.159567375294764e-09,143.24638548065266,-5.734088157146332e-14,6.960373432729507,0-1,0,287.0,287000,,,,,0,0.7535929265469752,0.2886656719796371,6.960373432729507,2.648797349828822,1.369399725207284e-05,negative_baseline,20.0,0,0,0,0,0,0,0,0,0,0,-1,0,0,0,0,0,0,0,1,0
sim_0000_n2_seed256,256,0.001,2,288.0,1,body_1,9.897616233308575,3.6886825746214664,1.9193601217662827e-05,6.861247999494685e-06,0.7134608901601106,0.2597644173763214,0,7.153455200914166,2.579962946109883,-24.599759518279463,-5.108330013580966e-09,143.24638548065215,-6.091228595999736e-14,7.153455200914166,0-1,0,288.0,288000,,,,,0,0.7134608901601106,0.25979410839644407,7.153455200914166,2.579962946109883,1.4061817555283834e-05,negative_baseline,20.0,0,0,1,0,0,1,0,0,0,0,-1,0,0,0,0,0,0,0,0,0
sim_0000_n2_seed256,256,0.001,2,289.0,1,body_1,9.897616233308575,3.6886825746214664,1.969849751490803e-05,6.6671861603016895e-06,0.6731796858832869,0.23156886693732467,0,7.364367391478356,2.5069145780615334,-24.599759474303024,-3.3206524274357347e-09,143.2463854806523,-5.992022918540458e-14,7.364367391478356,0-1,0,289.0,289000,,,,,0,0.6731796858832869,0.2315914354389722,7.364367391478356,2.5069145780615334,1.4431720098495284e-05,negative_baseline,20.0,0,0,0,0,0,1,0,0,0,0,-1,0,0,0,0,0,0,0,0,0
sim_0000_n2_seed256,256,0.001,2,290.0,1,body_1,9.897616233308575,3.6886825746214664,2.0156955139429704e-05,6.481172821832914e-06,0.6375483024177092,0.2073351303463111,0,7.567360095558087,2.4385541858349367,-24.5997594405856,-1.9500120491401803e-09,143.24638548065226,-6.011864054032314e-14,7.567360095558087,0-1,0,290.0,290000,,,,,0,0.6375483024177092,0.20735149042615492,7.567360095558087,2.4385541858349367,1.476760027524361e-05,negative_baseline,20.0,0,0,0,0,0,0,0,0,0,0,-1,0,0,0,0,0,0,0,1,0
sim_0000_n2_seed256,256,0.001,2,291.0,1,body_1,9.897616233308575,3.6886825746214664,2.053062292604712e-05,6.324049167380696e-06,0.609203652424783,0.1885657816067348,0,7.741403386968568,2.3813448805483457,-24.599759416999678,-9.912253320862088e-10,143.246385480652,-6.190434273459016e-14,7.741403386968568,0-1,0,291.0,291000,,,,,0,0.609203652424783,0.18857706822580686,7.741403386968568,2.3813448805483457,1.5041360837358596e-05,negative_baseline,20.0,0,0,0,0,0,0,0,0,0,0,-1,0,0,0,0,0,0,0,1,0
sim_0000_n2_seed256,256,0.001,2,292.0,1,body_1,9.897616233308575,3.6886825746214664,2.079295752421502e-05,6.209233732747954e-06,0.5893076434803479,0.17567420121525568,0,7.870999962810982,2.3395298059728793,-24.599759402053714,-3.8365985847684466e-10,143.24638548065195,-6.230116544442728e-14,7.870999962810982,0-1,0,292.0,292000,,,,,0,0.5893076434803479,0.17568137453707922,7.870999962810982,2.3395298059728793,1.5233555300719247e-05,negative_baseline,20.0,0,0,0,0,0,0,0,0,0,0,-1,0,0,0,0,0,0,0,1,0
sim_0000_n2_seed256,256,0.001,2,293.0,1,body_1,9.897616233308575,3.6886825746214664,2.0928628653414587e-05,6.144644407306323e-06,0.5782428618570753,0.1686092524274938,0,7.945949621088027,2.3156368359754955,-24.5997593942899,-6.805462917638523e-11,143.2463854806522,-6.051546325016026e-14,7.945949621088027,0-1,0,293.0,293000,,,,,0,0.5782428618570753,0.16861301315878743,7.945949621088027,2.3156368359754955,1.5332952226724715e-05,negative_baseline,20.0,0,0,0,0,0,0,0,0,0,0,-1,0,0,0,0,0,0,0,1,0
sim_0000_n2_seed256,256,0.001,2,294.0,1,body_1,9.897616233308575,3.6886825746214664,2.093263974034754e-05,6.134469838836869e-06,0.5760834405665991,0.16723930144672045,0,7.960828197737039,2.3109182592608355,-24.59975939281919,-8.269094175292672e-12,143.24638548065218,-6.07138746050788e-14,7.960828197737039,0-1,0,294.0,294000,,,,,0,0.5760834405665991,0.16724013882760347,7.960828197737039,2.3109182592608355,1.533589096422366e-05,negative_baseline,20.0,0,0,0,0,0,0,0,0,0,0,-1,0,0,0,0,0,0,0,1,0
sim_0000_n2_seed256,256,0.001,2,295.0,1,body_1,9.897616233308575,3.6886825746214664,2.0809790315816676e-05,6.1803170373672386e-06,0.5828330345783714,0.17153092711629053,0,7.91459812275523,2.325606046345335,-24.59975939746414,-1.9709001880044113e-10,143.24638548065215,-6.091228595999736e-14,7.91459812275523,0-1,0,295.0,295000,,,,,0,0.5828330345783714,0.17152922678984903,7.91459812275523,2.325606046345335,1.5245887790800844e-05,negative_baseline,20.0,0,0,0,0,0,0,0,0,0,0,-1,0,0,0,0,0,0,0,1,0
sim_0000_n2_seed256,256,0.001,2,296.0,1,body_1,9.897616233308575,3.6886825746214664,2.0574699627335954e-05,6.281660295383565e-06,0.5984686462843687,0.18158038920921396,0,7.810525345222339,2.358961736757738,-24.599759408775338,-6.568992848829488e-10,143.24638548065272,-5.69440588616262e-14,7.810525345222339,0-1,0,296.0,296000,,,,,0,0.5984686462843687,0.18157659937785986,7.810525345222339,2.358961736757738,1.5073653205363854e-05,negative_baseline,20.0,0,0,0,0,0,0,0,0,0,0,-1,0,0,0,0,0,0,0,1,0
sim_0000_n2_seed256,256,0.001,2,297.0,1,body_1,9.897616233308575,3.6886825746214664,2.0252308262870432e-05,6.435570736358933e-06,0.6228006862558518,0.19751148312822803,0,7.656431584414726,2.409120417120265,-24.599759427968813,-1.437129487433164e-09,143.24638548065272,-5.69440588616262e-14,7.656431584414726,0-1,0,297.0,297000,,,,,0,0.6228006862558518,0.19750637393109152,7.656431584414726,2.409120417120265,1.4837459438589648e-05,negative_baseline,20.0,0,0,0,0,0,0,0,0,0,0,-1,0,0,0,0,0,0,0,1,0
sim_0000_n2_seed256,256,0.001,2,298.0,1,body_1,9.897616233308575,3.6886825746214664,1.987844722063556e-05,6.635644845167618e-06,0.6551196961765482,0.21919947414437055,0,7.465185760976862,2.4727342430945374,-24.59975945662827,-2.6021594607910408e-09,143.24638548065252,-5.833293834605612e-14,7.465185760976862,0-1,0,298.0,298000,,,,,0,0.6551196961765482,0.21919451792900224,7.465185760976862,2.4727342430945374,1.456355736925859e-05,negative_baseline,20.0,0,0,0,0,1,0,0,0,0,0,-1,0,0,0,0,0,0,0,0,0
sim_0000_n2_seed256,256,0.001,2,298.2,1,body_1,9.897616233308575,3.6886825746214664,1.9801418363720036e-05,6.68028298448995e-06,0.6624093517065657,0.22417118924108898,0,7.423995839655228,2.4866432743002918,-24.59975946361528,-2.8861869666599215e-09,143.24638548065252,-5.833293834605612e-14,7.423995839655228,0-1,0,298.2,298200,,,,,0,0.6624093517065657,0.22416653323259675,7.423995839655228,2.4866432743002918,1.4507123660166412e-05,negative_hard,10.0,0,0,0,0,1,0,0,0,0,0,-1,0,0,0,0,0,0,0,0,0
sim_0000_n2_seed256,256,0.001,2,298.7,1,body_1,9.897616233308575,3.6886825746214664,1.9610634374910634e-05,6.797131925421311e-06,0.6815848743650599,0.23738437766228096,0,7.318818468836661,2.522509917101917,-24.599759482951097,-3.6722035276855594e-09,143.24638548065272,-5.69440588616262e-14,7.318818468836661,0-1,0,298.7,298700,,,,,0,0.6815848743650599,0.23738099349219793,7.318818468836661,2.522509917101917,1.436734943547939e-05,negative_hard,10.0,0,0,1,0,1,0,0,0,0,0,-1,0,0,0,0,0,0,0,0,0
sim_0000_n2_seed256,256,0.001,2,299.0,1,body_1,9.897616233308575,3.6886825746214664,1.949959659886225e-05,6.870075192469914e-06,0.6935999583683231,0.2457606049035995,0,7.255150372151922,2.5444731590162077,-24.599759495791037,-4.194157440377407e-09,143.24638548065278,-5.654723615178909e-14,7.255150372151922,0-1,0,299.0,299000,,,,,0,0.6935999583683231,0.24575839408520517,7.255150372151922,2.5444731590162077,1.4285999734959617e-05,negative_baseline,20.0,0,0,1,0,1,0,0,0,0,0,-1,0,0,0,0,0,0,0,0,0
sim_0000_n2_seed256,256,0.001,2,299.2,1,body_1,9.897616233308575,3.6886825746214664,1.9427948310336916e-05,6.919517454081015e-06,0.7017513307676835,0.2514846376515606,0,7.212890263809958,2.5591592731530985,-24.59975950482781,-4.561509461468781e-09,143.2463854806528,-5.634882479687053e-14,7.212890263809958,0-1,0,299.2,299200,,,,,0,0.7017513307676835,0.2514834001934933,7.212890263809958,2.5591592731530985,1.4233507985159556e-05,negative_hard,10.0,0,0,1,0,1,0,0,0,0,0,-1,0,0,0,0,0,0,0,0,0
sim_0000_n2_seed256,256,0.001,2,299.7,1,body_1,9.897616233308575,3.6886825746214664,1.926052232885657e-05,7.044467576569674e-06,0.7223214811720086,0.2660734886173647,0,7.109444726657789,2.5954821066638787,-24.599759528832852,-5.537333773542534e-09,143.24638548065272,-5.69440588616262e-14,7.109444726657789,0-1,0,299.7,299700,,,,,0,0.7223214811720086,0.26607540606094904,7.109444726657789,2.5954821066638787,1.4110846528411043e-05,negative_hard,10.0,0,0,1,0,1,0,0,0,0,0,-1,0,0,0,0,0,0,0,0,0
sim_0000_n2_seed256,256,0.001,2,300.0,1,body_1,9.897616233308575,3.6886825746214664,1.917039319342594e-05,7.119199358320539e-06,0.7345550439912333,0.2748446332796043,0,7.049994444081805,2.61660382863419,-24.599759543944835,-6.151648024957432e-09,143.24638548065275,-5.674564750670764e-14,7.049994444081805,0-1,0,300.0,300000,,,,,0,0.7345550439912333,0.27484895600250253,7.049994444081805,2.61660382863419,1.4044815125626688e-05,negative_baseline,20.0,0,0,1,0,0,0,0,0,0,0,-1,0,0,0,0,0,0,0,0,0
sim_0000_n2_seed256,256,0.001,2,301.0,1,body_1,9.897616233308575,3.6886825746214664,1.894723712236348e-05,7.353963081396034e-06,0.7719873236742483,0.30209702028305274,0,6.876949937742254,2.679157982843536,-24.59975959421435,-8.195144294457355e-09,143.2463854806527,-5.714247021654476e-14,6.876949937742254,0-1,0,301.0,301000,,,,,0,0.7719873236742483,0.3021118777681818,6.876949937742254,2.679157982843536,1.3881324003890733e-05,negative_baseline,20.0,0,0,0,0,0,0,0,0,0,0,-1,0,0,0,0,0,0,0,1,0
sim_0000_n2_seed256,256,0.001,2,302.0,1,body_1,9.897616233308575,3.6886825746214664,1.8877473572958604e-05,7.538285750710055e-06,0.7983064003413499,0.3216082472597873,0,6.762638019442484,2.7214007378724525,-24.59975963334935,-9.786013482104323e-09,143.24638548065272,-5.69440588616262e-14,6.762638019442484,0-1,0,302.0,302000,,,,,0,0.7983064003413499,0.32163550755895304,6.762638019442484,2.7214007378724525,1.3830212926688969e-05,negative_baseline,20.0,1,1,0,1,0,0,1,0,0,0,-1,0,0,0,0,0,0,0,0,0
sim_0000_n2_seed256,256,0.001,2,302.45,1,body_1,9.897616233308575,3.6886825746214664,1.8904021179357846e-05,7.595285269434651e-06,0.8046273301677048,0.3263344179798412,0,6.736022938998314,2.7313457243537416,-24.59975964323157,-1.0187733722770194e-08,143.24638548065235,-5.952340647556746e-14,6.736022938998314,0-1,0,302.45,302450,,,,,0,0.8046273301677048,0.3263667385080027,6.736022938998314,2.7313457243537416,1.3849662444738969e-05,negative_hard,10.0,1,1,0,1,0,0,1,0,0,0,-1,0,0,0,0,0,0,0,0,0
sim_0000_n2_seed256,256,0.001,2,302.95,1,body_1,9.897616233308575,3.6886825746214664,1.89769655991464e-05,7.635524632208364e-06,0.8069116884163245,0.32804614088711137,0,6.726481377213165,2.734921321138856,-24.599759646849762,-1.0334816063461171e-08,143.24638548065244,-5.892817241081178e-14,6.726481377213165,0-1,0,302.95,302950,,,,,0,0.8069116884163245,0.32808298505471295,6.726481377213165,2.734921321138856,1.3903103687626236e-05,negative_hard,10.0,1,1,0,1,0,0,1,1,0,0,-1,0,0,0,0,0,0,0,0,0
sim_0000_n2_seed256,256,0.001,2,303.0,1,body_1,9.897616233308575,3.6886825746214664,1.898673861780996e-05,7.6381327330643e-06,0.8068566292929467,0.3280048608733196,0,6.726710877620463,2.734835254236348,-24.599759646762266,-1.0331259271254994e-08,143.24638548065244,-5.892817241081178e-14,6.726710877620463,0-1,0,303.0,303000,,,,,0,0.8068566292929467,0.32804207663022,6.726710877620463,2.734835254236348,1.3910263693327311e-05,negative_baseline,20.0,1,1,0,1,0,0,1,1,0,0,-1,0,0,0,0,0,0,0,0,0
sim_0000_n2_seed256,256,0.001,2,303.45,1,body_1,9.897616233308575,3.6886825746214664,1.9094235896386626e-05,7.649720706641306e-06,0.8040511973872061,0.3259030169847181,0,6.7384358131377216,2.730442389878697,-24.599759642323,-1.0150799581191183e-08,143.24638548065235,-5.952340647556746e-14,6.7384358131377216,0-1,0,303.45,303450,,,,,0,0.8040511973872061,0.32594282494697935,6.7384358131377216,2.730442389878697,1.3989019435052164e-05,negative_hard,10.0,1,1,0,1,0,0,1,0,0,0,-1,0,0,0,0,0,0,0,0,0
sim_0000_n2_seed256,256,0.001,2,304.0,1,body_1,9.897616233308575,3.6886825746214664,1.9270384332563557e-05,7.635065685308388e-06,0.795228619748692,0.3193125003467971,0,6.7757121313021775,2.716530851966803,-24.599759628606336,-9.593206113786341e-09,143.24638548065232,-5.972181783048602e-14,6.7757121313021775,0-1,0,304.0,304000,,,,,0,0.795228619748692,0.31935356331089176,6.7757121313021775,2.716530851966803,1.411807111957948e-05,negative_baseline,20.0,1,1,0,0,0,0,0,0,0,0,-1,0,0,0,0,0,0,0,0,0
sim_0000_n2_seed256,256,0.001,2,305.0,1,body_1,9.897616233308575,3.6886825746214664,1.96942826223355e-05,7.53508741358451e-06,0.7666689126284268,0.298188345548774,0,6.900761543631792,2.670452656657654,-24.59975958669296,-7.889393753843785e-09,143.24638548065212,-6.111069731491592e-14,6.900761543631792,0-1,0,305.0,305000,,,,,0,0.7666689126284268,0.29822690965571047,6.900761543631792,2.670452656657654,1.442863193220154e-05,negative_baseline,20.0,0,0,0,0,0,0,0,0,0,0,-1,0,0,0,0,0,0,0,1,0
sim_0000_n2_seed256,256,0.001,2,306.0,1,body_1,9.897616233308575,3.6886825746214664,2.0204669289158368e-05,7.365216113780973e-06,0.7282053738275508,0.2702834468064583,0,7.08066434877674,2.60568439206966,-24.59975953602246,-5.829597156833116e-09,143.24638548065195,-6.230116544442728e-14,7.08066434877674,0-1,0,306.0,306000,,,,,0,0.7282053738275508,0.27031573746259585,7.08066434877674,2.60568439206966,1.4802556835193232e-05,negative_baseline,20.0,0,0,1,0,0,0,0,0,0,0,-1,0,0,0,0,0,0,0,0,0
sim_0000_n2_seed256,256,0.001,2,307.0,1,body_1,9.897616233308575,3.6886825746214664,2.0741350691252256e-05,7.161251281307715e-06,0.6873003666863475,0.2413597337065401,0,7.2883238112512645,2.533005368548649,-24.599759488988536,-3.917630277469206e-09,143.24638548065207,-6.150752002475304e-14,7.2883238112512645,0-1,0,307.0,307000,,,,,0,0.6873003666863475,0.2413847871468414,7.2883238112512645,2.533005368548649,1.5195746112531415e-05,negative_baseline,20.0,0,0,1,0,0,1,0,0,0,0,-1,0,0,0,0,0,0,0,0,0
sim_0000_n2_seed256,256,0.001,2,308.0,1,body_1,9.897616233308575,3.6886825746214664,2.1248466947533412e-05,6.956352537382235e-06,0.6495960311423861,0.21545145378037725,0,7.496857674160129,2.4620905067954717,-24.59975945146462,-2.392252974248801e-09,143.24638548065226,-6.011864054032314e-14,7.496857674160129,0-1,0,308.0,308000,,,,,0,0.6495960311423861,0.21546991000571358,7.496857674160129,2.4620905067954717,1.5567275091660045e-05,negative_baseline,20.0,0,0,0,0,0,0,0,0,0,0,-1,0,0,0,0,0,0,0,1,0
sim_0000_n2_seed256,256,0.001,2,309.0,1,body_1,9.897616233308575,3.6886825746214664,2.1680514028137667e-05,6.775636468808387e-06,0.6184422363763353,0.19463220558058997,0,7.683363433375277,2.4002853796877415,-24.59975942438467,-1.2914311300015576e-09,143.246385480652,-6.190434273459016e-14,7.683363433375277,0-1,0,309.0,309000,,,,,0,0.6184422363763353,0.19464518957751875,7.683363433375277,2.4002853796877415,1.5883806113438896e-05,negative_baseline,20.0,0,0,0,0,0,0,0,0,0,0,-1,0,0,0,0,0,0,0,1,0
sim_0000_n2_seed256,256,0.001,2,310.0,1,body_1,9.897616233308575,3.6886825746214664,2.2004375692395543e-05,6.635824221119488e-06,0.5954420166205353,0.17962344905355587,0,7.830350620552291,2.3525760660074218,-24.5997594065249,-5.654171682406912e-10,143.24638548065232,-5.972181783048602e-14,7.830350620552291,0-1,0,310.0,310000,,,,,0,0.5954420166205353,0.17963200470928867,7.830350620552291,2.3525760660074218,1.612107719418298e-05,negative_baseline,20.0,0,0,0,0,0,0,0,0,0,0,-1,0,0,0,0,0,0,0,1,0
sim_0000_n2_seed256,256,0.001,2,311.0,1,body_1,9.897616233308575,3.6886825746214664,2.219914095154797e-05,6.547063510882927e-06,0.5811903683272125,0.17048385677576966,0,7.92577507132066,2.3220478468570858,-24.59975939632065,-1.5060620498490066e-10,143.24638548065266,-5.734088157146332e-14,7.92577507132066,0-1,0,311.0,311000,,,,,0,0.5811903683272125,0.17048877679932384,7.92577507132066,2.3220478468570858,1.6263768294720964e-05,negative_baseline,20.0,0,0,0,0,0,0,0,0,0,0,-1,0,0,0,0,0,0,0,1,0
sim_0000_n2_seed256,256,0.001,2,312.0,1,body_1,9.897616233308575,3.6886825746214664,2.2255199732994632e-05,6.514960780793031e-06,0.5758334879242973,0.16708091785941545,0,7.962555792779365,2.3103708911439966,-24.599759392649727,-1.380228322009048e-12,143.2463854806532,-5.357106582801071e-14,7.962555792779365,0-1,0,312.0,312000,,,,,0,0.5758334879242973,0.1670827575194864,7.962555792779365,2.3103708911439966,1.6304838773163645e-05,negative_baseline,20.0,0,0,0,0,0,0,0,0,0,0,-1,0,0,0,0,0,0,0,1,0
sim_0000_n2_seed256,256,0.001,2,313.0,1,body_1,9.897616233308575,3.6886825746214664,2.2173497987713646e-05,6.542044593671698e-06,0.5793858242348842,0.16933553153138975,0,7.938108209955776,2.3181268910215516,-24.59975939507401,-9.992928150092755e-11,143.2463854806533,-5.297583176325504e-14,7.938108209955776,0-1,0,313.0,313000,,,,,0,0.5793858242348842,0.16933469808907287,7.938108209955776,2.3181268910215516,1.6244981654673726e-05,negative_baseline,20.0,0,0,0,0,0,0,0,0,0,0,-1,0,0,0,0,0,0,0,1,0
sim_0000_n2_seed256,256,0.001,2,314.0,1,body_1,9.897616233308575,3.6886825746214664,2.1965334687574005e-05,6.628492701922711e-06,0.591840186581752,0.17730184514314107,0,7.854141512361466,2.3449328768912983,-24.599759403885006,-4.5810336915464625e-10,143.2463854806525,-5.853134970097466e-14,7.854141512361466,0-1,0,314.0,314000,,,,,0,0.591840186581752,0.1772987403045862,7.854141512361466,2.3449328768912983,1.6092474903547603e-05,negative_baseline,20.0,0,0,0,0,0,0,0,0,0,0,-1,0,0,0,0,0,0,0,1,0
sim_0000_n2_seed256,256,0.001,2,315.0,1,body_1,9.897616233308575,3.6886825746214664,2.1652733291961026e-05,6.772108091094893e-06,0.6130953425756106,0.19111509624113235,0,7.7167945680793135,2.389359134304069,-24.599759420075465,-1.1162585361646422e-09,143.2463854806526,-5.773770428130044e-14,7.7167945680793135,0-1,0,315.0,315000,,,,,0,0.6130953425756106,0.19111033717231746,7.7167945680793135,2.389359134304069,1.586345357434472e-05,negative_baseline,20.0,0,0,0,0,0,0,0,0,0,0,-1,0,0,0,0,0,0,0,1,0
sim_0000_n2_seed256,256,0.001,2,316.0,1,body_1,9.897616233308575,3.6886825746214664,2.1269098898687643e-05,6.967484099904529e-06,0.6426843094944136,0.21078526588022992,0,7.537062190643124,2.448642479387446,-24.599759445159663,-2.13595134818104e-09,143.24638548065235,-5.952340647556746e-14,7.537062190643124,0-1,0,316.0,316000,,,,,0,0.6426843094944136,0.21078002259596115,7.537062190643124,2.448642479387446,1.5582391255203804e-05,negative_baseline,20.0,0,0,0,0,0,0,0,0,0,0,-1,0,0,0,0,0,0,0,1,0
sim_0000_n2_seed256,256,0.001,2,316.35,1,body_1,9.897616233308575,3.6886825746214664,2.1126040840384254e-05,7.046375009028963e-06,0.6548010708473151,0.2189828212089314,0,7.467001814807236,2.472122738768981,-24.599759456327547,-2.5899348289458197e-09,143.24638548065235,-5.952340647556746e-14,7.467001814807236,0-1,0,316.35,316350,,,,,0,0.6548010708473151,0.21897785411032322,7.467001814807236,2.472122738768981,1.5477582525133522e-05,negative_hard,10.0,0,0,0,0,1,0,0,0,0,0,-1,0,0,0,0,0,0,0,0,0
sim_0000_n2_seed256,256,0.001,2,316.85,1,body_1,9.897616233308575,3.6886825746214664,2.092047416683139e-05,7.166709234366315e-06,0.6734244142791347,0.2317376726938879,0,7.363029131719804,2.5073714040264794,-24.59975947455109,-3.3307364561430652e-09,143.24638548065252,-5.833293834605612e-14,7.363029131719804,0-1,0,316.85,316850,,,,,0,0.6734244142791347,0.23173365988846975,7.363029131719804,2.5073714040264794,1.5326978052953942e-05,negative_hard,10.0,0,0,0,0,1,0,0,0,0,0,-1,0,0,0,0,0,0,0,0,0
sim_0000_n2_seed256,256,0.001,2,317.0,1,body_1,9.897616233308575,3.6886825746214664,2.085944013045484e-05,7.204268996316884e-06,0.6792647602936261,0.2357754360194883,0,7.331306985587152,2.5182243716981776,-24.599759480536846,-3.574062318472462e-09,143.24638548065263,-5.753929292638188e-14,7.331306985587152,0-1,0,317.0,317000,,,,,0,0.6792647602936261,0.23577185961487132,7.331306985587152,2.5182243716981776,1.5282262636878652e-05,negative_baseline,20.0,0,0,1,0,1,0,0,0,0,0,-1,0,0,0,0,0,0,0,0,0
sim_0000_n2_seed256,256,0.001,2,317.35,1,body_1,9.897616233308575,3.6886825746214664,2.0719879717162123e-05,7.2939123926705805e-06,0.6932394761161438,0.24550823350461962,0,7.257036454184739,2.5438197363768786,-24.599759495397635,-4.178165306571712e-09,143.24638548065272,-5.69440588616262e-14,7.257036454184739,0-1,0,317.35,317350,,,,,0,0.6932394761161438,0.24550598302936236,7.257036454184739,2.5438197363768786,1.5180016371622555e-05,negative_hard,10.0,0,0,1,0,1,0,0,0,0,0,-1,0,0,0,0,0,0,0,0,0
sim_0000_n2_seed256,256,0.001,2,317.85,1,body_1,9.897616233308575,3.6886825746214664,2.0531727604688594e-05,7.425075855579441e-06,0.7137223341651969,0.25995004025918916,0,7.152144887931916,2.5804235759513596,-24.599759518586097,-5.120794961417379e-09,143.2463854806529,-5.575359073211485e-14,7.152144887931916,0-1,0,317.85,317850,,,,,0,0.7137223341651969,0.25995051097188415,7.152144887931916,2.5804235759513596,1.5042170315371489e-05,negative_hard,10.0,0,0,1,0,1,0,0,0,0,0,-1,0,0,0,0,0,0,0,0,0
sim_0000_n2_seed256,256,0.001,2,318.0,1,body_1,9.897616233308575,3.6886825746214664,2.047885221899538e-05,7.464682194908551e-06,0.7199001927797232,0.2643457489397329,0,7.121390525667467,2.5912599777513186,-24.599759525916554,-5.418783902082247e-09,143.24638548065292,-5.55551793771963e-14,7.121390525667467,0-1,0,318.0,318000,,,,,0,0.7199001927797232,0.2643472395303751,7.121390525667467,2.5912599777513186,1.5003432169928953e-05,negative_baseline,20.0,0,0,1,0,1,0,0,0,0,0,-1,0,0,0,0,0,0,0,0,0
sim_0000_n2_seed256,256,0.001,2,319.0,1,body_1,9.897616233308575,3.6886825746214664,2.01874993598808e-05,7.721311096705245e-06,0.7594224132666418,0.29288175287363666,0,6.9336073204692585,2.6584964579982926,-24.599759576649173,-7.481105694469115e-09,143.2463854806529,-5.575359073211485e-14,6.9336073204692585,0-1,0,319.0,319000,,,,,0,0.7594224132666418,0.29289244273759263,6.9336073204692585,2.6584964579982926,1.4789977997965624e-05,negative_baseline,20.0,0,0,0,0,0,0,0,0,0,0,-1,0,0,0,0,0,0,0,1,0
sim_0000_n2_seed256,256,0.001,2,320.0,1,body_1,9.897616233308575,3.6886825746214664,2.0040852840396622e-05,7.937809980794808e-06,0.7906173862674385,0.31587979051440074,0,6.795442892190786,2.7092005097334764,-24.599759621583114,-9.30770652805074e-09,143.24638548065278,-5.654723615178909e-14,6.795442892190786,0-1,0,320.0,320000,,,,,0,0.7906173862674385,0.3159026318097476,6.795442892190786,2.7092005097334764,1.4682540101715133e-05,negative_baseline,20.0,1,1,0,0,0,0,0,0,0,0,-1,0,0,0,0,0,0,0,0,0
sim_0000_n2_seed256,256,0.001,2,320.65000000000003,1,body_1,9.897616233308575,3.6886825746214664,2.0042054950877553e-05,8.038596103062024e-06,0.8028413295515224,0.32499748961032704,0,6.743511254138704,2.728543376357529,-24.599759640420075,-1.0073444116588859e-08,143.24638548065255,-5.813452699113756e-14,6.743511254138704,0-1,0,320.65000000000003,320650,,,,,0,0.8028413295515224,0.32502810869747506,6.743511254138704,2.728543376357529,1.4683420699689793e-05,negative_hard,10.0,1,1,0,1,0,0,1,0,0,0,-1,0,0,0,0,0,0,0,0,0
sim_0000_n2_seed256,256,0.001,2,321.0,1,body_1,9.897616233308575,3.6886825746214664,2.0076463559352764e-05,8.075951372409986e-06,0.8061053656879198,0.3274417216685922,0,6.729844683941432,2.7336603353079876,-24.599759645569677,-1.0282779563810682e-08,143.24638548065275,-5.674564750670764e-14,6.729844683941432,0-1,0,321.0,321000,,,,,0,0.8061053656879198,0.3274759331068412,6.729844683941432,2.7336603353079876,1.4708629448140151e-05,negative_baseline,20.0,1,1,0,1,0,0,1,0,0,0,-1,0,0,0,0,0,0,0,0,0
sim_0000_n2_seed256,256,0.001,2,321.15000000000003,1,body_1,9.897616233308575,3.6886825746214664,2.009846747837678e-05,8.08799275269286e-06,0.8067429959688958,0.3279196690261662,0,6.7271846044492944,2.7346576079097815,-24.599759646581596,-1.032391490261552e-08,143.24638548065272,-5.69440588616262e-14,6.7271846044492944,0-1,0,321.15000000000003,321150,,,,,0,0.8067429959688958,0.32795522894879897,6.7271846044492944,2.7346576079097815,1.4724750172014082e-05,negative_hard,10.0,1,1,0,1,0,0,1,1,0,0,-1,0,0,0,0,0,0,0,0,0
sim_0000_n2_seed256,256,0.001,2,321.65000000000003,1,body_1,9.897616233308575,3.6886825746214664,2.0202573006256712e-05,8.110192529844766e-06,0.8055125427365096,0.32699749672361955,0,6.732320668113804,2.732732462150816,-24.599759644630645,-1.0244607159426095e-08,143.24638548065263,-5.753929292638188e-14,6.732320668113804,0-1,0,321.65000000000003,321650,,,,,0,0.8055125427365096,0.32703654804687976,6.732320668113804,2.732732462150816,1.4801021005643333e-05,negative_hard,10.0,1,1,0,1,0,0,1,0,0,0,-1,0,0,0,0,0,0,0,0,0
sim_0000_n2_seed256,256,0.001,2,322.0,1,body_1,9.897616233308575,3.6886825746214664,2.0302415089084398e-05,8.109098979149126e-06,0.8016317776363108,0.3240927508511428,0,6.748596851224934,2.7266421042619764,-24.599759638524635,-9.996392946333554e-09,143.2463854806526,-5.773770428130044e-14,6.748596851224934,0-1,0,322.0,322000,,,,,0,0.8016317776363108,0.32413323368912805,6.748596851224934,2.7266421042619764,1.4874168336504807e-05,negative_baseline,20.0,1,1,0,1,0,0,1,0,0,0,-1,0,0,0,0,0,0,0,0,0
sim_0000_n2_seed256,256,0.001,2,322.15000000000003,1,body_1,9.897616233308575,3.6886825746214664,2.0351592070373417e-05,8.104486161056071e-06,0.7992424090814695,0.32230714556894396,0,6.758676929183043,2.7228781714385533,-24.59975963480082,-9.8450168347687e-09,143.2463854806526,-5.773770428130044e-14,6.758676929183043,0-1,0,322.15000000000003,322150,,,,,0,0.7992424090814695,0.32234797857067554,6.758676929183043,2.7228781714385533,1.4910196885404462e-05,negative_hard,10.0,1,1,0,1,0,0,1,0,0,0,-1,0,0,0,0,0,0,0,0,0
sim_0000_n2_seed256,256,0.001,2,323.0,1,body_1,9.897616233308575,3.6886825746214664,2.069400424916816e-05,8.034511503505324e-06,0.7784669722374565,0.3068748833358052,0,6.848269638081876,2.6896857827947036,-24.599759603552293,-8.57473914439809e-09,143.2463854806525,-5.853134970097466e-14,6.848269638081876,0-1,0,323.0,323000,,,,,0,0.7784669722374565,0.3069149432166405,6.848269638081876,2.6896857827947036,1.516105847892858e-05,negative_baseline,20.0,1,1,0,0,0,0,0,0,0,0,-1,0,0,0,0,0,0,0,0,0
sim_0000_n2_seed256,256,0.001,2,324.0,1,body_1,9.897616233308575,3.6886825746214664,2.1200935025829675e-05,7.874396597969471e-06,0.7426548457912326,0.28068961079967475,0,7.011443484899606,2.6303993801725394,-24.5997595543018,-6.572667055038573e-09,143.2463854806524,-5.912658376573034e-14,7.011443484899606,0-1,0,324.0,324000,,,,,0,0.7426548457912326,0.28072439034130886,7.011443484899606,2.6303993801725394,1.553245148134074e-05,negative_baseline,20.0,0,0,1,0,0,0,0,0,0,0,-1,0,0,0,0,0,0,0,0,0
sim_0000_n2_seed256,256,0.001,2,325.0,1,body_1,9.897616233308575,3.6886825746214664,2.1760714336462407e-05,7.665082720208543e-06,0.7018559480282717,0.25155831572873344,0,7.212352674191984,2.5593466572830894,-24.599759504945645,-4.566299606177832e-09,143.24638548065258,-5.7936115636219e-14,7.212352674191984,0-1,0,325.0,325000,,,,,0,0.7018559480282717,0.25158594739612805,7.212352674191984,2.5593466572830894,1.594256298970755e-05,negative_baseline,20.0,0,0,1,0,0,1,0,0,0,0,-1,0,0,0,0,0,0,0,0,0
sim_0000_n2_seed256,256,0.001,2,326.0,1,body_1,9.897616233308575,3.6886825746214664,2.2311517251632118e-05,7.4436310110210345e-06,0.6625039849824577,0.2242359197368837,0,7.423465592175313,2.4868228247338102,-24.599759463707308,-2.889928039638191e-09,143.2463854806526,-5.773770428130044e-14,7.423465592175313,0-1,0,326.0,326000,,,,,0,0.6625039849824577,0.22425662200629845,7.423465592175313,2.4868228247338102,1.634609815179976e-05,negative_baseline,20.0,0,0,0,0,0,1,0,0,0,0,-1,0,0,0,0,0,0,0,0,0
sim_0000_n2_seed256,256,0.001,2,327.0,1,body_1,9.897616233308575,3.6886825746214664,2.280052547105295e-05,7.239794367202061e-06,0.6287402196881822,0.20145295094858692,0,7.620181684106346,2.421059287140401,-24.599759432958955,-1.6399827574021825e-09,143.24638548065244,-5.892817241081178e-14,7.620181684106346,0-1,0,327.0,327000,,,,,0,0.6287402196881822,0.20146776810097713,7.620181684106346,2.421059287140401,1.67043606480889e-05,negative_baseline,20.0,0,0,0,0,0,0,0,0,0,0,-1,0,0,0,0,0,0,0,1,0
sim_0000_n2_seed256,256,0.001,2,328.0,1,body_1,9.897616233308575,3.6886825746214664,2.318751706513875e-05,7.0741500039708835e-06,0.602707168305948,0.18433019874691944,0,7.783013235169854,2.3678484088532437,-24.599759411977395,-7.870654883357512e-10,143.24638548065226,-6.011864054032314e-14,7.783013235169854,0-1,0,328.0,328000,,,,,0,0.602707168305948,0.18434023859330104,7.783013235169854,2.3678484088532437,1.698788265024002e-05,negative_baseline,20.0,0,0,0,0,0,0,0,0,0,0,-1,0,0,0,0,0,0,0,1,0
sim_0000_n2_seed256,256,0.001,2,329.0,1,body_1,9.897616233308575,3.6886825746214664,2.3445381088648797e-05,6.959551212699886e-06,0.5852845810389791,0.17309669901529934,0,7.89800502739648,2.3308969843871012,-24.599759399186368,-2.670999593979502e-10,143.2463854806524,-5.912658376573034e-14,7.89800502739648,0-1,0,329.0,329000,,,,,0,0.5852845810389791,0.17310284899778539,7.89800502739648,2.3308969843871012,1.717680183922279e-05,negative_baseline,20.0,0,0,0,0,0,0,0,0,0,0,-1,0,0,0,0,0,0,0,1,0
sim_0000_n2_seed256,256,0.001,2,330.0,1,body_1,9.897616233308575,3.6886825746214664,2.3559330330588264e-05,6.90335073816852e-06,0.5767311071419651,0.1676498798295207,0,7.956356954018496,2.312335421392711,-24.599759393258832,-2.6140862972192922e-11,143.24638548065224,-6.03170518952417e-14,7.956356954018496,0-1,0,330.0,330000,,,,,0,0.5767311071419651,0.16765277293135342,7.956356954018496,2.312335421392711,1.7260284643548997e-05,negative_baseline,20.0,0,0,0,0,0,0,0,0,0,0,-1,0,0,0,0,0,0,0,1,0
sim_0000_n2_seed256,256,0.001,2,331.0,1,body_1,9.897616233308575,3.6886825746214664,2.3525990824477924e-05,6.90919592085968e-06,0.5770859133812064,0.16787491490331308,0,7.953910698561966,2.313111069267767,-24.599759393500197,-3.595251430008355e-11,143.24638548065224,-6.03170518952417e-14,7.953910698561966,0-1,0,331.0,331000,,,,,0,0.5770859133812064,0.16787499807907647,7.953910698561966,2.313111069267767,1.7235859184723696e-05,negative_baseline,20.0,0,0,0,0,0,0,0,0,0,0,-1,0,0,0,0,0,0,0,1,0
sim_0000_n2_seed256,256,0.001,2,332.0,1,body_1,9.897616233308575,3.6886825746214664,2.3352954460581804e-05,6.9780659773752024e-06,0.5863484661793505,0.1737773427451449,0,7.89083660657545,2.3331858917045483,-24.5997593999397,-2.977234954774821e-10,143.24638548065212,-6.111069731491592e-14,7.89083660657545,0-1,0,332.0,332000,,,,,0,0.5863484661793505,0.17377499924156212,7.89083660657545,2.3331858917045483,1.7109087506750766e-05,negative_baseline,20.0,0,0,0,0,0,0,0,0,0,0,-1,0,0,0,0,0,0,0,1,0
sim_0000_n2_seed256,256,0.001,2,333.0,1,body_1,9.897616233308575,3.6886825746214664,2.3058961016316986e-05,7.1085186453213e-06,0.6044713484410256,0.18547791858908924,0,7.7716473777046655,2.3715282710158485,-24.599759413327444,-8.419460641969051e-10,143.2463854806522,-6.051546325016026e-14,7.7716473777046655,0-1,0,333.0,333000,,,,,0,0.6044713484410256,0.185473656094233,7.7716473777046655,2.3715282710158485,1.689369893763731e-05,negative_baseline,20.0,0,0,0,0,0,0,0,0,0,0,-1,0,0,0,0,0,0,0,1,0
sim_0000_n2_seed256,256,0.001,2,334.0,1,body_1,9.897616233308575,3.6886825746214664,2.2674541579541928e-05,7.2961112835294946e-06,0.6311643885132758,0.20306744731368287,0,7.605533853283951,2.425899009305218,-24.599759435030784,-1.724204269392281e-09,143.2463854806522,-6.051546325016026e-14,7.605533853283951,0-1,0,334.0,334000,,,,,0,0.6311643885132758,0.2030621907393879,7.605533853283951,2.425899009305218,1.6612061480780637e-05,negative_baseline,20.0,0,0,0,0,0,0,0,0,0,0,-1,0,0,0,0,0,0,0,1,0
sim_0000_n2_seed256,256,0.001,2,335.0,1,body_1,9.897616233308575,3.6886825746214664,2.224255590267236e-05,7.531900673550295e-06,0.6654736702728649,0.22626966245308175,0,7.40688341393552,2.4924442362202455,-24.599759466611715,-3.007994535123405e-09,143.24638548065187,-6.289639950918294e-14,7.40688341393552,0-1,0,335.0,335000,,,,,0,0.6654736702728649,0.22626516221250323,7.40688341393552,2.4924442362202455,1.6295575494724696e-05,negative_baseline,20.0,0,0,0,0,1,0,0,0,0,0,-1,0,0,0,0,0,0,0,0,0
sim_0000_n2_seed256,256,0.001,2,335.05,1,body_1,9.897616233308575,3.6886825746214664,2.222064192408513e-05,7.544707872487995e-06,0.6673558880170484,0.22756110637056456,0,7.39643081164041,2.495994115101725,-24.599759468469635,-3.083520478706246e-09,143.24638548065184,-6.30948108641015e-14,7.39643081164041,0-1,0,335.05,335050,,,,,0,0.6673558880170484,0.22755671059541957,7.39643081164041,2.495994115101725,1.6279520639145062e-05,negative_hard,10.0,0,0,0,0,1,0,0,0,0,0,-1,0,0,0,0,0,0,0,0,0
sim_0000_n2_seed256,256,0.001,2,335.55,1,body_1,9.897616233308575,3.6886825746214664,2.2004032760773794e-05,7.676751714655247e-06,0.686841960025111,0.24104027738266728,0,7.290755563463567,2.5321668043146084,-24.599759488499593,-3.897754383065471e-09,143.24638548065187,-6.289639950918294e-14,7.290755563463567,0-1,0,335.55,335550,,,,,0,0.686841960025111,0.24103736940763953,7.290755563463567,2.5321668043146084,1.6120826088096472e-05,negative_hard,10.0,0,0,1,0,1,0,0,0,0,0,-1,0,0,0,0,0,0,0,0,0
sim_0000_n2_seed256,256,0.001,2,336.0,1,body_1,9.897616233308575,3.6886825746214664,2.1817491453425865e-05,7.8000455625846e-06,0.7051233404979027,0.25386212631397204,0,7.19562301259847,2.565185127005479,-24.599759508644446,-4.716658851820822e-09,143.24638548065204,-6.17059313796716e-14,7.19562301259847,0-1,0,336.0,336000,,,,,0,0.7051233404979027,0.25386133556019225,7.19562301259847,2.565185127005479,1.5984160165146812e-05,negative_baseline,20.0,0,0,1,0,1,0,0,0,0,0,-1,0,0,0,0,0,0,0,0,0
sim_0000_n2_seed256,256,0.001,2,336.05,1,body_1,9.897616233308575,3.6886825746214664,2.1797523335724438e-05,7.813892895229264e-06,0.7071786033991455,0.2553139508794678,0,7.185159137001947,2.568843945577769,-24.599759510993152,-4.812135644133977e-09,143.24638548065215,-6.091228595999736e-14,7.185159137001947,0-1,0,336.05,336050,,,,,0,0.7071786033991455,0.2553134454384294,7.185159137001947,2.568843945577769,1.596953090449942e-05,negative_hard,10.0,0,0,1,0,1,0,0,0,0,0,-1,0,0,0,0,0,0,0,0,0
sim_0000_n2_seed256,256,0.001,2,337.0,1,body_1,9.897616233308575,3.6886825746214664,2.1461789891195248e-05,8.075186581593454e-06,0.7457886605864862,0.28295892055763827,0,6.996696883499656,2.6356974054892244,-24.599759558384957,-6.7386505950464135e-09,143.24638548065198,-6.210275408950872e-14,6.996696883499656,0-1,0,337.0,337000,,,,,0,0.7457886605864862,0.2829658508397763,6.996696883499656,2.6356974054892244,1.572356217037163e-05,negative_baseline,20.0,0,0,1,0,0,0,0,0,0,0,-1,0,0,0,0,0,0,0,0,0
sim_0000_n2_seed256,256,0.001,2,338.0,1,body_1,9.897616233308575,3.6886825746214664,2.1237483819277312e-05,8.321744429832184e-06,0.7808749490618264,0.30865479315243666,0,6.837702512631557,2.6935765181157705,-24.599759607071604,-8.717801969063312e-09,143.24638548065178,-6.349163357393862e-14,6.837702512631557,0-1,0,338.0,338000,,,,,0,0.7808749490618264,0.3086731227841787,6.837702512631557,2.6935765181157705,1.555922850926019e-05,negative_baseline,20.0,1,1,0,0,0,0,0,0,0,0,-1,0,0,0,0,0,0,0,0,0
sim_0000_n2_seed256,256,0.001,2,338.85,1,body_1,9.897616233308575,3.6886825746214664,2.1187152886934594e-05,8.478152815699972e-06,0.8005637804154633,0.3232943548659516,0,6.753096855261456,2.724961042676356,-24.599759636857097,-9.928606217495908e-09,143.24638548065155,-6.507892441328708e-14,6.753096855261456,0-1,0,338.85,338850,,,,,0,0.8005637804154633,0.32332317406769473,6.753096855261456,2.724961042676356,1.552235438584918e-05,negative_hard,10.0,1,1,0,1,0,0,1,0,0,0,-1,0,0,0,0,0,0,0,0,0
sim_0000_n2_seed256,256,0.001,2,339.0,1,body_1,9.897616233308575,3.6886825746214664,2.1193214821257214e-05,8.498750976523154e-06,0.8027266322262305,0.3249116728608186,0,6.7439930091010165,2.7283632041094057,-24.599759640240293,-1.0066135853116332e-08,143.24638548065153,-6.527733576820564e-14,6.7439930091010165,0-1,0,339.0,339000,,,,,0,0.8027266322262305,0.3249421935814235,6.7439930091010165,2.7283632041094057,1.552679552126462e-05,negative_baseline,20.0,1,1,0,1,0,0,1,0,0,0,-1,0,0,0,0,0,0,0,0,0
sim_0000_n2_seed256,256,0.001,2,339.35,1,body_1,9.897616233308575,3.6886825746214664,2.122526645529727e-05,8.537445086605343e-06,0.8060530196103393,0.3274024914587447,0,6.730063202602211,2.733578430815661,-24.599759645487012,-1.027941918371269e-08,143.24638548065144,-6.587256983296132e-14,6.730063202602211,0-1,0,339.35,339350,,,,,0,0.8060530196103393,0.3274366189887779,6.730063202602211,2.733578430815661,1.5550277477919776e-05,negative_hard,10.0,1,1,0,1,0,0,1,0,0,0,-1,0,0,0,0,0,0,0,0,0
sim_0000_n2_seed256,256,0.001,2,339.85,1,body_1,9.897616233308575,3.6886825746214664,2.1314205089726285e-05,8.568573636220888e-06,0.8064620634901605,0.3277090722830097,0,6.728356215721473,2.734218314622451,-24.59975964613587,-1.0305795741214707e-08,143.24638548065133,-6.666621525263556e-14,6.728356215721473,0-1,0,339.85,339850,,,,,0,0.8064620634901605,0.32774719222301846,6.728356215721473,2.734218314622451,1.5615436579543854e-05,negative_hard,10.0,1,1,0,1,0,0,1,0,0,0,-1,0,0,0,0,0,0,0,0,0
sim_0000_n2_seed256,256,0.001,2,340.0,1,body_1,9.897616233308575,3.6886825746214664,2.1350538650111027e-05,8.572182053791591e-06,0.8055793323980097,0.3270475382041298,0,6.732041577823863,2.7328370326401448,-24.59975964473666,-1.0248916816573428e-08,143.24638548065136,-6.6467803897717e-14,6.732041577823863,0-1,0,340.0,340000,,,,,0,0.8055793323980097,0.32708654194845993,6.732041577823863,2.7328370326401448,1.5642055641400203e-05,negative_baseline,20.0,1,1,0,1,0,0,1,0,0,0,-1,0,0,0,0,0,0,0,0,0
sim_0000_n2_seed256,256,0.001,2,340.35,1,body_1,9.897616233308575,3.6886825746214664,2.1451854115453645e-05,8.570268545581888e-06,0.8017601568282781,0.3241887515922494,0,6.748056531225489,2.7268440320323863,-24.59975963872576,-1.0004568889178128e-08,143.24638548065138,-6.626939254279844e-14,6.748056531225489,0-1,0,340.35,340350,,,,,0,0.8017601568282781,0.32422920871284966,6.748056531225489,2.7268440320323863,1.57162824186522e-05,negative_hard,10.0,1,1,0,1,0,0,1,0,0,0,-1,0,0,0,0,0,0,0,0,0
sim_0000_n2_seed256,256,0.001,2,341.0,1,body_1,9.897616233308575,3.6886825746214664,2.169646508558902e-05,8.529652988319579e-06,0.7886216050312441,0.31439665803157385,0,6.80403614377223,2.706015074236059,-24.599759618574776,-9.18541515035018e-09,143.24638548065138,-6.626939254279844e-14,6.80403614377223,0-1,0,341.0,341000,,,,,0,0.7886216050312441,0.3144375781644217,6.80403614377223,2.706015074236059,1.589549185967496e-05,negative_baseline,20.0,1,1,0,0,0,0,0,0,0,0,-1,0,0,0,0,0,0,0,0,0
sim_0000_n2_seed256,256,0.001,2,342.0,1,body_1,9.897616233308575,3.6886825746214664,2.2186982472691138e-05,8.38638092553204e-06,0.7564760322942011,0.29073051350221774,0,6.9470969713608515,2.653603366910475,-24.59975957263279,-7.317836540912269e-09,143.2463854806517,-6.40868676386943e-14,6.9470969713608515,0-1,0,342.0,342000,,,,,0,0.7564760322942011,0.2907675524055207,6.9470969713608515,2.653603366910475,1.6254859897685572e-05,negative_baseline,20.0,0,0,0,0,0,0,0,0,0,0,-1,0,0,0,0,0,0,0,1,0
sim_0000_n2_seed256,256,0.001,2,343.0,1,body_1,9.897616233308575,3.6886825746214664,2.2759484015685198e-05,8.177299552797441e-06,0.7166210392254346,0.2620102844185206,0,7.137665152514879,2.5855195822097308,-24.59975952200601,-5.259817184639347e-09,143.2463854806521,-6.130910866983448e-14,7.137665152514879,0-1,0,343.0,343000,,,,,0,0.7166210392254346,0.2620405351721333,7.137665152514879,2.5855195822097308,1.6674292092563034e-05,negative_baseline,20.0,0,0,1,0,0,1,0,0,0,0,-1,0,0,0,0,0,0,0,0,0
sim_0000_n2_seed256,256,0.001,2,344.0,1,body_1,9.897616233308575,3.6886825746214664,2.334724110616859e-05,7.942601156691387e-06,0.6761508635936889,0.23362040970549075,0,7.348169131687201,2.5124495636197226,-24.599759477328913,-3.4436572432351453e-09,143.2463854806525,-5.853134970097466e-14,7.348169131687201,0-1,0,344.0,344000,,,,,0,0.6761508635936889,0.23364349947970922,7.348169131687201,2.5124495636197226,1.7104901010083923e-05,negative_baseline,20.0,0,0,1,0,0,1,0,0,0,0,-1,0,0,0,0,0,0,0,0,0
sim_0000_n2_seed256,256,0.001,2,345.0,1,body_1,9.897616233308575,3.6886825746214664,2.3890229859114395e-05,7.716848267133507e-06,0.6400455987003378,0.2090108523114533,0,7.552582703078752,2.443469705584926,-24.599759442797577,-2.039930667633011e-09,143.24638548065286,-5.595200208703341e-14,7.552582703078752,0-1,0,345.0,345000,,,,,0,0.6400455987003378,0.2090276476499818,7.552582703078752,2.443469705584926,1.7502711295389138e-05,negative_baseline,20.0,0,0,0,0,0,0,0,0,0,0,-1,0,0,0,0,0,0,0,1,0
sim_0000_n2_seed256,256,0.001,2,346.0,1,body_1,9.897616233308575,3.6886825746214664,2.434069477621443e-05,7.52501924799539e-06,0.6110869104100036,0.1897983221698437,0,7.729465388185813,2.3852296693638455,-24.599759418481508,-1.0514629037774645e-09,143.24638548065272,-5.69440588616262e-14,7.729465388185813,0-1,0,346.0,346000,,,,,0,0.6110869104100036,0.18980996066234845,7.729465388185813,2.3852296693638455,1.783273579608532e-05,negative_baseline,20.0,0,0,0,0,0,0,0,0,0,0,-1,0,0,0,0,0,0,0,1,0
sim_0000_n2_seed256,256,0.001,2,347.0,1,body_1,9.897616233308575,3.6886825746214664,2.46647117435305e-05,7.383209027812295e-06,0.5905229934759557,0.17645480685432735,0,7.862896174404829,2.342125703936138,-24.599759402929763,-4.1927197326296197e-10,143.2463854806525,-5.853134970097466e-14,7.862896174404829,0-1,0,347.0,347000,,,,,0,0.5905229934759557,0.17646226763910203,7.862896174404829,2.342125703936138,1.8070120656310926e-05,negative_baseline,20.0,0,0,0,0,0,0,0,0,0,0,-1,0,0,0,0,0,0,0,1,0
sim_0000_n2_seed256,256,0.001,2,348.0,1,body_1,9.897616233308575,3.6886825746214664,2.484171795582613e-05,7.300910077316286e-06,0.5787763404113689,0.16894814255055232,0,7.942286745916545,2.3167997100811615,-24.599759394655337,-8.290988348528684e-11,143.24638548065238,-5.93249951206489e-14,7.942286745916545,0-1,0,348.0,348000,,,,,0,0.5787763404113689,0.16895214554151802,7.942286745916545,2.3167997100811615,1.819980092806595e-05,negative_baseline,20.0,0,0,0,0,0,0,0,0,0,0,-1,0,0,0,0,0,0,0,1,0
sim_0000_n2_seed256,256,0.001,2,349.0,1,body_1,9.897616233308575,3.6886825746214664,2.48635137692564e-05,7.283134604983705e-06,0.5759336126618274,0.1671443576498731,0,7.961863626664839,2.3105901828629487,-24.599759392717452,-4.133319511970174e-12,143.24638548065266,-5.734088157146332e-14,7.961863626664839,0-1,0,349.0,349000,,,,,0,0.5759336126618274,0.16714540510479642,7.961863626664839,2.3105901828629487,1.8215769293540014e-05,negative_baseline,20.0,0,0,0,0,0,0,0,0,0,0,-1,0,0,0,0,0,0,0,1,0
sim_0000_n2_seed256,256,0.001,2,350.0,1,body_1,9.897616233308575,3.6886825746214664,2.473357349593769e-05,7.3317932944791075e-06,0.5820000264395602,0.17099974111878663,0,7.920260121853027,2.323802965664012,-24.599759396882902,-1.7346221986835279e-10,143.24638548065295,-5.535676802227774e-14,7.920260121853027,0-1,0,350.0,350000,,,,,0,0.5820000264395602,0.17099822164310985,7.920260121853027,2.323802965664012,1.8120571135101492e-05,negative_baseline,20.0,0,0,0,0,0,0,0,0,0,0,-1,0,0,0,0,0,0,0,1,0
sim_0000_n2_seed256,256,0.001,2,351.0,1,body_1,9.897616233308575,3.6886825746214664,2.446699293978372e-05,7.446240301381829e-06,0.5969571518491205,0.18060240300717798,0,7.820407212025652,2.3557769292614896,-24.599759407647426,-6.110487556956399e-10,143.24638548065317,-5.376947718292927e-14,7.820407212025652,0-1,0,351.0,351000,,,,,0,0.5969571518491205,0.1805987522729761,7.820407212025652,2.3557769292614896,1.792526609278286e-05,negative_baseline,20.0,0,0,0,0,0,0,0,0,0,0,-1,0,0,0,0,0,0,0,1,0
sim_0000_n2_seed256,256,0.001,2,352.0,1,body_1,9.897616233308575,3.6886825746214664,2.409103075551778e-05,7.622969398936584e-06,0.6206376979470671,0.1960811900601698,0,7.669761718996536,2.4047437466012456,-24.59975942618174,-1.3644835808072665e-09,143.24638548065266,-5.734088157146332e-14,7.669761718996536,0-1,0,352.0,352000,,,,,0,0.6206376979470671,0.19607614155514977,7.669761718996536,2.4047437466012456,1.7649824685842548e-05,negative_baseline,20.0,0,0,0,0,0,0,0,0,0,0,-1,0,0,0,0,0,0,0,1,0
sim_0000_n2_seed256,256,0.001,2,353.0,1,body_1,9.897616233308575,3.6886825746214664,2.364582323651786e-05,7.854378814980135e-06,0.6523901340064574,0.21734527260635675,0,7.480786410295278,2.4674859277332812,-24.59975945406242,-2.4978555328422766e-09,143.2463854806527,-5.714247021654476e-14,7.480786410295278,0-1,0,353.0,353000,,,,,0,0.6523901340064574,0.21734022919214377,7.480786410295278,2.4674859277332812,1.7323651985269847e-05,negative_baseline,20.0,0,0,0,0,1,0,0,0,0,0,-1,0,0,0,0,0,0,0,0,0
sim_0000_n2_seed256,256,0.001,2,353.25,1,body_1,9.897616233308575,3.6886825746214664,2.3529645576171095e-05,7.919323014117524e-06,0.6614224916905069,0.22349644957043802,0,7.429532175332961,2.484769337916149,-24.599759462657712,-2.8472611196515067e-09,143.24638548065255,-5.813452699113756e-14,7.429532175332961,0-1,0,353.25,353250,,,,,0,0.6614224916905069,0.22349174714590261,7.429532175332961,2.484769337916149,1.7238536657650156e-05,negative_hard,10.0,0,0,0,0,1,0,0,0,0,0,-1,0,0,0,0,0,0,0,0,0
sim_0000_n2_seed256,256,0.001,2,353.75,1,body_1,9.897616233308575,3.6886825746214664,2.3297895453277345e-05,8.055764880252329e-06,0.68053150259473,0.23665354580995096,0,7.324480554831344,2.5205660141744204,-24.599759481852217,-3.627533204195379e-09,143.24638548065272,-5.69440588616262e-14,7.324480554831344,0-1,0,353.75,353750,,,,,0,0.68053150259473,0.23665007301663427,7.324480554831344,2.5205660141744204,1.7068749379707583e-05,negative_hard,10.0,0,0,1,0,1,0,0,0,0,0,-1,0,0,0,0,0,0,0,0,0
sim_0000_n2_seed256,256,0.001,2,354.0,1,body_1,9.897616233308575,3.6886825746214664,2.3184324463313805e-05,8.126550050141116e-06,0.6905003455223889,0.24359272084330671,0,7.2714160966666315,2.538843627602966,-24.59975949242411,-4.057289106994765e-09,143.24638548065283,-5.615041344195197e-14,7.2714160966666315,0-1,0,354.0,354000,,,,,0,0.6905003455223889,0.2435901781928021,7.2714160966666315,2.538843627602966,1.698554377010209e-05,negative_baseline,20.0,0,0,1,0,1,0,0,0,0,0,-1,0,0,0,0,0,0,0,0,0
sim_0000_n2_seed256,256,0.001,2,354.25,1,body_1,9.897616233308575,3.6886825746214664,2.307367195851836e-05,8.198498063700256e-06,0.7006585237053338,0.2507153365093227,0,7.218512993050787,2.557200245918088,-24.599759503600723,-4.5116274293402895e-09,143.24638548065275,-5.674564750670764e-14,7.218512993050787,0-1,0,354.25,354250,,,,,0,0.7006585237053338,0.2507139599019342,7.218512993050787,2.557200245918088,1.6904476329400503e-05,negative_hard,10.0,0,0,1,0,1,0,0,0,0,0,-1,0,0,0,0,0,0,0,0,0
sim_0000_n2_seed256,256,0.001,2,354.75,1,body_1,9.897616233308575,3.6886825746214664,2.2865373661661283e-05,8.343972107421384e-06,0.7212245070048771,0.26529038753077366,0,7.1148493641074175,2.5935709843484505,-24.599759527508528,-5.483498947736802e-09,143.24638548065255,-5.813452699113756e-14,7.1148493641074175,0-1,0,354.75,354750,,,,,0,0.7212245070048771,0.26529210965351685,7.1148493641074175,2.5935709843484505,1.6751870557071817e-05,negative_hard,10.0,0,0,1,0,1,0,0,0,0,0,-1,0,0,0,0,0,0,0,0,0
sim_0000_n2_seed256,256,0.001,2,355.0,1,body_1,9.897616233308575,3.6886825746214664,2.2769861007539417e-05,8.416429660071284e-06,0.7314487654665304,0.27261097438425713,0,7.06494835915223,2.6112736327889348,-24.599759540047586,-5.9932217296533776e-09,143.24638548065258,-5.7936115636219e-14,7.06494835915223,0-1,0,355.0,355000,,,,,0,0.7314487654665304,0.2726146456044514,7.06494835915223,2.6112736327889348,1.6681895027143398e-05,negative_baseline,20.0,0,0,1,0,0,0,0,0,0,0,-1,0,0,0,0,0,0,0,0,0
sim_0000_n2_seed256,256,0.001,2,356.0,1,body_1,9.897616233308575,3.6886825746214664,2.2469339424860076e-05,8.690045940401787e-06,0.7694105790031952,0.3002018178049668,0,6.888455714536981,2.6749475892044714,-24.599759590554072,-8.046351002115143e-09,143.24638548065275,-5.674564750670764e-14,6.888455714536981,0-1,0,356.0,356000,,,,,0,0.7694105790031952,0.30021575679086493,6.888455714536981,2.6749475892044714,1.6461723559527442e-05,negative_baseline,20.0,0,0,0,0,0,0,0,0,0,0,-1,0,0,0,0,0,0,0,1,0
sim_0000_n2_seed256,256,0.001,2,357.0,1,body_1,9.897616233308575,3.6886825746214664,2.2341189244841177e-05,8.905165612755577e-06,0.7968506935901375,0.3205219675315225,0,6.768812278933625,2.7190996731356694,-24.599759631100433,-9.694593177507877e-09,143.24638548065232,-5.972181783048602e-14,6.768812278933625,0-1,0,357.0,357000,,,,,0,0.7968506935901375,0.3205483026925078,6.768812278933625,2.7190996731356694,1.6367836652464293e-05,negative_baseline,20.0,1,1,0,0,0,0,0,0,0,0,-1,0,0,0,0,0,0,0,0,0
sim_0000_n2_seed256,256,0.001,2,357.55,1,body_1,9.897616233308575,3.6886825746214664,2.2358224239620208e-05,8.983466589256398e-06,0.8048470729583466,0.3264989914548909,0,6.735103327326673,2.7316901012625032,-24.599759643578473,-1.0201835534455267e-08,143.24638548065235,-5.952340647556746e-14,6.735103327326673,0-1,0,357.55,357550,,,,,0,0.8048470729583466,0.3265315521525276,6.735103327326673,2.7316901012625032,1.6380316930322466e-05,negative_hard,10.0,1,1,0,1,0,0,1,0,0,0,-1,0,0,0,0,0,0,0,0,0
sim_0000_n2_seed256,256,0.001,2,358.0,1,body_1,9.897616233308575,3.6886825746214664,2.24204808114975e-05,9.021670524351592e-06,0.8069198855355342,0.3280522866897005,0,6.726447211547694,2.734934134166687,-24.599759646862662,-1.0335340454905894e-08,143.24638548065258,-5.7936115636219e-14,6.726447211547694,0-1,0,358.0,358000,,,,,0,0.8069198855355342,0.32808892596517253,6.726447211547694,2.734934134166687,1.6425927943551063e-05,negative_baseline,20.0,1,1,0,1,0,0,1,1,0,0,-1,0,0,0,0,0,0,0,0,0
sim_0000_n2_seed256,256,0.001,2,358.05,1,body_1,9.897616233308575,3.6886825746214664,2.2430060062394694e-05,9.024393571349534e-06,0.8068924667095979,0.32803172948087866,0,6.726561495498852,2.7348912749386165,-24.599759646819116,-1.0333570290780869e-08,143.24638548065246,-5.872976105589322e-14,6.726561495498852,0-1,0,358.05,358050,,,,,0,0.8068924667095979,0.32806874882519,6.726561495498852,2.7348912749386165,1.6432945990243562e-05,negative_hard,10.0,1,1,0,1,0,0,1,1,0,0,-1,0,0,0,0,0,0,0,0,0
sim_0000_n2_seed256,256,0.001,2,358.55,1,body_1,9.897616233308575,3.6886825746214664,2.255422153111886e-05,9.034522499991568e-06,0.8037944623515859,0.32571081719643497,0,6.739511868348367,2.7300396473881814,-24.59975964191851,-1.0134356710481336e-08,143.24638548065244,-5.892817241081178e-14,6.739511868348367,0-1,0,358.55,358550,,,,,0,0.8037944623515859,0.3257507212344993,6.739511868348367,2.7300396473881814,1.6523910431334815e-05,negative_hard,10.0,1,1,0,1,0,0,1,0,0,0,-1,0,0,0,0,0,0,0,0,0
sim_0000_n2_seed256,256,0.001,2,359.0,1,body_1,9.897616233308575,3.6886825746214664,2.2707733714243826e-05,9.017309281180971e-06,0.7967925513757842,0.3204785974448435,0,6.7690592356569175,2.719007682480723,-24.5997596310108,-9.690949588480361e-09,143.24638548065246,-5.872976105589322e-14,6.7690592356569175,0-1,0,359.0,359000,,,,,0,0.7967925513757842,0.32051961023884284,6.7690592356569175,2.719007682480723,1.663637812193216e-05,negative_baseline,20.0,1,1,0,0,0,0,0,0,0,0,-1,0,0,0,0,0,0,0,0,0
sim_0000_n2_seed256,256,0.001,2,360.0,1,body_1,9.897616233308575,3.6886825746214664,2.316806041954507e-05,8.89835269942739e-06,0.7693101143276587,0.30012798153813547,0,6.888905483663372,2.674783153152938,-24.59975959041215,-8.040581829699187e-09,143.2463854806524,-5.912658376573034e-14,6.888905483663372,0-1,0,360.0,360000,,,,,0,0.7693101143276587,0.30016691131575984,6.888905483663372,2.674783153152938,1.6973627527132537e-05,negative_baseline,20.0,0,0,0,0,0,0,0,0,0,0,-1,0,0,0,0,0,0,0,1,0
sim_0000_n2_seed256,256,0.001,2,361.0,1,body_1,9.897616233308575,3.6886825746214664,2.374135159006033e-05,8.696054253901979e-06,0.7313288280001391,0.2725248184748575,0,7.065527658938792,2.6110673818325343,-24.59975953989819,-5.9871486961524045e-09,143.24638548065207,-6.150752002475304e-14,7.065527658938792,0-1,0,361.0,361000,,,,,0,0.7313288280001391,0.2725576539881947,7.065527658938792,2.6110673818325343,1.7393638214231894e-05,negative_baseline,20.0,0,0,1,0,0,0,0,0,0,0,-1,0,0,0,0,0,0,0,0,0
sim_0000_n2_seed256,256,0.001,2,362.0,1,body_1,9.897616233308575,3.6886825746214664,2.4357534848067298e-05,8.452468400372515e-06,0.6903813610654443,0.24350959908547035,0,7.272042669362296,2.5386270268046576,-24.59975949229595,-4.052079275825135e-09,143.24638548065215,-6.091228595999736e-14,7.272042669362296,0-1,0,362.0,362000,,,,,0,0.6903813610654443,0.24353519711306815,7.272042669362296,2.5386270268046576,1.7845073000310694e-05,negative_baseline,20.0,0,0,1,0,0,1,0,0,0,0,-1,0,0,0,0,0,0,0,0,0
sim_0000_n2_seed256,256,0.001,2,363.0,1,body_1,9.897616233308575,3.6886825746214664,2.4949840124763775e-05,8.206853112283518e-06,0.6522858098738958,0.21727448563928256,0,7.481384610761388,2.467284897235141,-24.599759453965163,-2.493902017061697e-09,143.24638548065215,-6.091228595999736e-14,7.481384610761388,0-1,0,363.0,363000,,,,,0,0.6522858098738958,0.21729340937795255,7.481384610761388,2.467284897235141,1.8279014071674045e-05,negative_baseline,20.0,0,0,0,0,0,1,0,0,0,0,-1,0,0,0,0,0,0,0,0,0
sim_0000_n2_seed256,256,0.001,2,364.0,1,body_1,9.897616233308575,3.6886825746214664,2.5462716476733433e-05,7.98907036128295e-06,0.6205553836734834,0.19602681276026426,0,7.670270384255558,2.404576880841909,-24.599759426114318,-1.361742765374067e-09,143.2463854806521,-6.130910866983448e-14,7.670270384255558,0-1,0,364.0,364000,,,,,0,0.6205553836734834,0.19604017673220644,7.670270384255558,2.404576880841909,1.865476309427586e-05,negative_baseline,20.0,0,0,0,0,0,0,0,0,0,0,-1,0,0,0,0,0,0,0,1,0
sim_0000_n2_seed256,256,0.001,2,365.0,1,body_1,9.897616233308575,3.6886825746214664,2.5854850910862245e-05,7.819039525450449e-06,0.5968999917228169,0.18056544565827454,0,7.8207816505990815,2.3556563258923453,-24.59975940760533,-6.093375152030705e-10,143.24638548065207,-6.150752002475304e-14,7.8207816505990815,0-1,0,365.0,365000,,,,,0,0.5968999917228169,0.18057430950024336,7.8207816505990815,2.3556563258923453,1.894205289274738e-05,negative_baseline,20.0,0,0,0,0,0,0,0,0,0,0,-1,0,0,0,0,0,0,0,1,0
sim_0000_n2_seed256,256,0.001,2,366.0,1,body_1,9.897616233308575,3.6886825746214664,2.6099281716525337e-05,7.708855707065683e-06,0.5819690038485633,0.1709799671800154,0,7.920471218762297,2.323735764031664,-24.5997593968617,-1.726003173230195e-10,143.24638548065195,-6.230116544442728e-14,7.920471218762297,0-1,0,366.0,366000,,,,,0,0.5819690038485633,0.17098514378175952,7.920471218762297,2.323735764031664,1.912113048455347e-05,negative_baseline,20.0,0,0,0,0,0,0,0,0,0,0,-1,0,0,0,0,0,0,0,1,0
sim_0000_n2_seed256,256,0.001,2,367.0,1,body_1,9.897616233308575,3.6886825746214664,2.6182435973036817e-05,7.665199531196636e-06,0.5759288921997716,0.16714136658867915,0,7.9618962553440396,2.310579845072407,-24.599759392714542,-4.0150389850553045e-12,143.24638548065204,-6.17059313796716e-14,7.9618962553440396,0-1,0,367.0,367000,,,,,0,0.5759288921997716,0.16714342692164683,7.9618962553440396,2.310579845072407,1.918205192600266e-05,negative_baseline,20.0,0,0,0,0,0,0,0,0,0,0,-1,0,0,0,0,0,0,0,1,0
sim_0000_n2_seed256,256,0.001,2,368.0,1,body_1,9.897616233308575,3.6886825746214664,2.6103227288649304e-05,7.691082830003666e-06,0.5787979257878477,0.1689618583049223,0,7.942138646864806,2.3168467382195668,-24.599759394670304,-8.351832775865967e-11,143.24638548065218,-6.07138746050788e-14,7.942138646864806,0-1,0,368.0,368000,,,,,0,0.5787979257878477,0.1689612166839708,7.942138646864806,2.3168467382195668,1.912402128623992e-05,negative_baseline,20.0,0,0,0,0,0,0,0,0,0,0,-1,0,0,0,0,0,0,0,1,0
sim_0000_n2_seed256,256,0.001,2,369.0,1,body_1,9.897616233308575,3.6886825746214664,2.587273976579012e-05,7.786723173584555e-06,0.5905708221648794,0.17648554516851486,0,7.862577770908062,2.342227749024604,-24.599759402964377,-4.206790638291788e-10,143.2463854806527,-5.714247021654476e-14,7.862577770908062,0-1,0,369.0,369000,,,,,0,0.5905708221648794,0.1764825971550053,7.862577770908062,2.342227749024604,1.8955159112308453e-05,negative_baseline,20.0,0,0,0,0,0,0,0,0,0,0,-1,0,0,0,0,0,0,0,1,0
sim_0000_n2_seed256,256,0.001,2,370.0,1,body_1,9.897616233308575,3.6886825746214664,2.5514593776969823e-05,7.949535973773055e-06,0.6111604087475234,0.18984646737013447,0,7.729000600276697,2.3853810322761366,-24.599759418539644,-1.0538262035850774e-09,143.24638548065295,-5.535676802227774e-14,7.729000600276697,0-1,0,370.0,370000,,,,,0,0.6111604087475234,0.18984180328950734,7.729000600276697,2.3853810322761366,1.8692770406855986e-05,negative_baseline,20.0,0,0,0,0,0,0,0,0,0,0,-1,0,0,0,0,0,0,0,1,0
sim_0000_n2_seed256,256,0.001,2,371.0,1,body_1,9.897616233308575,3.6886825746214664,2.5065713696387177e-05,8.17318671338883e-06,0.6401425999315153,0.20907601222509414,0,7.552010457475848,2.443660243729859,-24.59975944288398,-2.0434429782735113e-09,143.2463854806532,-5.357106582801071e-14,7.552010457475848,0-1,0,371.0,371000,,,,,0,0.6401425999315153,0.20907074498552117,7.552010457475848,2.443660243729859,1.836390708917496e-05,negative_baseline,20.0,0,0,0,0,0,0,0,0,0,0,-1,0,0,0,0,0,0,0,1,0
sim_0000_n2_seed256,256,0.001,2,371.45,1,body_1,9.897616233308575,3.6886825746214664,2.4847119626184194e-05,8.29074223575202e-06,0.6556365560757386,0.21955103650445656,0,7.462242654875768,2.473725560828736,-24.599759457117127,-2.6220318890987493e-09,143.2463854806529,-5.575359073211485e-14,7.462242654875768,0-1,0,371.45,371450,,,,,0,0.6556365560757386,0.21954609834017982,7.462242654875768,2.473725560828736,1.8203758354532774e-05,negative_hard,10.0,0,0,0,0,1,0,0,0,0,0,-1,0,0,0,0,0,0,0,0,0
sim_0000_n2_seed256,256,0.001,2,371.95,1,body_1,9.897616233308575,3.6886825746214664,2.4601204676400903e-05,8.43110767792465e-06,0.674324979358549,0.2323591237450422,0,7.35811080413687,2.5090510274941176,-24.599759475465405,-3.367904125941881e-09,143.24638548065278,-5.654723615178909e-14,7.35811080413687,0-1,0,371.95,371950,,,,,0,0.674324979358549,0.23235517384815169,7.35811080413687,2.5090510274941176,1.8023593494160287e-05,negative_hard,10.0,0,0,0,0,1,0,0,0,0,0,-1,0,0,0,0,0,0,0,0,0
sim_0000_n2_seed256,256,0.001,2,372.0,1,body_1,9.897616233308575,3.6886825746214664,2.457673347901579e-05,8.445610739542637e-06,0.6762657942010446,0.23369985978981894,0,7.347544698636425,2.5126631778188697,-24.59975947744674,-3.4484469546821925e-09,143.2463854806527,-5.714247021654476e-14,7.347544698636425,0-1,0,372.0,372000,,,,,0,0.6762657942010446,0.23369605087616357,7.347544698636425,2.5126631778188697,1.800566514131086e-05,negative_baseline,20.0,0,0,1,0,1,0,0,0,0,0,-1,0,0,0,0,0,0,0,0,0
sim_0000_n2_seed256,256,0.001,2,372.45,1,body_1,9.897616233308575,3.6886825746214664,2.4360030195785638e-05,8.579006325700865e-06,0.6941839661258885,0.24616960350274916,0,7.2520978991563325,2.545531035684691,-24.59975949642972,-4.2201203770868905e-09,143.24638548065272,-5.69440588616262e-14,7.2520978991563325,0-1,0,372.45,372450,,,,,0,0.6941839661258885,0.24616745753048833,7.2520978991563325,2.545531035684691,1.784690163557823e-05,negative_hard,10.0,0,0,1,0,1,0,0,0,0,0,-1,0,0,0,0,0,0,0,0,0
sim_0000_n2_seed256,256,0.001,2,372.95,1,body_1,9.897616233308575,3.6886825746214664,2.4132299935670757e-05,8.73092171611129e-06,0.7146826335869751,0.2606321250653166,0,7.147338202431302,2.5821140685083,-24.599759519715196,-5.166693727107727e-09,143.24638548065283,-5.615041344195197e-14,7.147338202431302,0-1,0,372.95,372950,,,,,0,0.7146826335869751,0.2606327479179334,7.147338202431302,2.5821140685083,1.7680059414584655e-05,negative_hard,10.0,0,0,1,0,1,0,0,0,0,0,-1,0,0,0,0,0,0,0,0,0
sim_0000_n2_seed256,256,0.001,2,373.0,1,body_1,9.897616233308575,3.6886825746214664,2.4110610287650254e-05,8.74617625389626e-06,0.7167426670015173,0.2620968185085562,0,7.137059513132893,2.5857329624968775,-24.59975952215021,-5.2656790751240205e-09,143.24638548065272,-5.69440588616262e-14,7.137059513132893,0-1,0,373.0,373000,,,,,0,0.7167426670015173,0.2620977756013795,7.137059513132893,2.5857329624968775,1.7664168907644906e-05,negative_baseline,20.0,0,0,1,0,1,0,0,0,0,0,-1,0,0,0,0,0,0,0,0,0
sim_0000_n2_seed256,256,0.001,2,374.0,1,body_1,9.897616233308575,3.6886825746214664,2.373742749812382e-05,9.043145864500967e-06,0.7565861486935301,0.29081084569332355,0,6.946591399627559,2.6537865722357243,-24.599759572782123,-7.323906974841222e-09,143.24638548065252,-5.833293834605612e-14,6.946591399627559,0-1,0,374.0,374000,,,,,0,0.7565861486935301,0.2908206939483983,6.946591399627559,2.6537865722357243,1.7390763625678832e-05,negative_baseline,20.0,0,0,0,0,0,0,0,0,0,0,-1,0,0,0,0,0,0,0,1,0
sim_0000_n2_seed256,256,0.001,2,375.0,1,body_1,9.897616233308575,3.6886825746214664,2.3523756791825755e-05,9.29438999690238e-06,0.7886973590397109,0.3144529248255063,0,6.803709373698066,2.7061361260797407,-24.599759618688466,-9.190036756139928e-09,143.24638548065232,-5.972181783048602e-14,6.803709373698066,0-1,0,375.0,375000,,,,,0,0.7886973590397109,0.3144748021281217,6.803709373698066,2.7061361260797407,1.72342217648808e-05,negative_baseline,20.0,1,1,0,0,0,0,0,0,0,0,-1,0,0,0,0,0,0,0,0,0
sim_0000_n2_seed256,256,0.001,2,375.75,1,body_1,9.897616233308575,3.6886825746214664,2.3498168714200184e-05,9.425666629027977e-06,0.8031343861648225,0.32521677764874224,0,6.742280818165544,2.7290036117679515,-24.599759640880528,-1.0092161901657636e-08,143.2463854806522,-6.051546325016026e-14,6.742280818165544,0-1,0,375.75,375750,,,,,0,0.8031343861648225,0.32524765286916746,6.742280818165544,2.7290036117679515,1.721547504367807e-05,negative_hard,10.0,1,1,0,1,0,0,1,0,0,0,-1,0,0,0,0,0,0,0,0,0
sim_0000_n2_seed256,256,0.001,2,376.0,1,body_1,9.897616233308575,3.6886825746214664,2.35175532355068e-05,9.455313661529218e-06,0.8056011385136639,0.32706387657801056,0,6.731950465321888,2.732871171990019,-24.599759644771073,-1.0250315675161582e-08,143.24638548065224,-6.03170518952417e-14,6.731950465321888,0-1,0,376.0,376000,,,,,0,0.8056011385136639,0.3270973511562219,6.731950465321888,2.732871171990019,1.722967670366338e-05,negative_baseline,20.0,1,1,0,1,0,0,1,0,0,0,-1,0,0,0,0,0,0,0,0,0
sim_0000_n2_seed256,256,0.001,2,376.25,1,body_1,9.897616233308575,3.6886825746214664,2.3551049057127493e-05,9.477195295698192e-06,0.8068004317834735,0.32796272853175007,0,6.726945147336247,2.73474740201839,-24.599759646673068,-1.0327633301548947e-08,143.24638548065235,-5.952340647556746e-14,6.726945147336247,0-1,0,376.25,376250,,,,,0,0.8068004317834735,0.3279984863706746,6.726945147336247,2.73474740201839,1.725421673683591e-05,negative_hard,10.0,1,1,0,1,0,0,1,1,0,0,-1,0,0,0,0,0,0,0,0,0
sim_0000_n2_seed256,256,0.001,2,376.75,1,body_1,9.897616233308575,3.6886825746214664,2.365964499440314e-05,9.496751770698714e-06,0.8053300251422412,0.32686075577262586,0,6.733083521429027,2.732446657521126,-24.59975964434197,-1.0232872258065328e-08,143.2463854806525,-5.853134970097466e-14,6.733083521429027,0-1,0,376.75,376750,,,,,0,0.8053300251422412,0.326899929095498,6.733083521429027,2.732446657521126,1.733377739192297e-05,negative_hard,10.0,1,1,0,1,0,0,1,0,0,0,-1,0,0,0,0,0,0,0,0,0
sim_0000_n2_seed256,256,0.001,2,377.0,1,body_1,9.897616233308575,3.6886825746214664,2.3733997162050764e-05,9.494289699326459e-06,0.8026882344780609,0.32488294470463275,0,6.7441543114830065,2.7283028814874903,-24.59975964017987,-1.0063679546398665e-08,143.24638548065246,-5.872976105589322e-14,6.7441543114830065,0-1,0,377.0,377000,,,,,0,0.8026882344780609,0.32492318760184874,6.7441543114830065,2.7283028814874903,1.7388250045042157e-05,negative_baseline,20.0,1,1,0,1,0,0,1,0,0,0,-1,0,0,0,0,0,0,0,0,0
sim_0000_n2_seed256,256,0.001,2,377.25,1,body_1,9.897616233308575,3.6886825746214664,2.382097973381065e-05,9.483792528622341e-06,0.7988335883754573,0.3220018464634062,0,6.760406158954328,2.722233077607688,-24.599759634166475,-9.81923023569458e-09,143.24638548065258,-5.7936115636219e-14,6.760406158954328,0-1,0,377.25,377250,,,,,0,0.7988335883754573,0.3220427198427066,6.760406158954328,2.722233077607688,1.7451976122235907e-05,negative_hard,10.0,1,1,0,1,0,0,1,0,0,0,-1,0,0,0,0,0,0,0,0,0
sim_0000_n2_seed256,256,0.001,2,378.0,1,body_1,9.897616233308575,3.6886825746214664,2.4149970119106777e-05,9.407159517070497e-06,0.7807871754474478,0.30858987224402357,0,6.838086838230198,2.693434900257614,-24.599759606942666,-8.712560509767437e-09,143.24638548065272,-5.69440588616262e-14,6.838086838230198,0-1,0,378.0,378000,,,,,0,0.7807871754474478,0.30863017423413874,6.838086838230198,2.693434900257614,1.7693004519321242e-05,negative_baseline,20.0,1,1,0,0,0,0,0,0,0,0,-1,0,0,0,0,0,0,0,0,0
sim_0000_n2_seed256,256,0.001,2,379.0,1,body_1,9.897616233308575,3.6886825746214664,2.471078063900423e-05,9.219023422756855e-06,0.7456730828012967,0.28287514904699257,0,6.997239099260995,2.6355023966454034,-24.59975955823357,-6.732496541550813e-09,143.2463854806526,-5.773770428130044e-14,6.997239099260995,0-1,0,379.0,379000,,,,,0,0.7456730828012967,0.2829104351541114,6.997239099260995,2.6355023966454034,1.810387148369036e-05,negative_baseline,20.0,0,0,1,0,0,0,0,0,0,0,-1,0,0,0,0,0,0,0,0,0
sim_0000_n2_seed256,256,0.001,2,380.0,1,body_1,9.897616233308575,3.6886825746214664,2.5345088659562655e-05,8.972003233435505e-06,0.7050020603218913,0.2537765191946231,0,7.196241910716766,2.5649688919876836,-24.59975950850638,-4.711046375829411e-09,143.24638548065252,-5.833293834605612e-14,7.196241910716766,0-1,0,380.0,380000,,,,,0,0.7050020603218913,0.253804709313945,7.196241910716766,2.5649688919876836,1.856858501488837e-05,negative_baseline,20.0,0,0,1,0,0,1,0,0,0,0,-1,0,0,0,0,0,0,0,0,0
sim_0000_n2_seed256,256,0.001,2,381.0,1,body_1,9.897616233308575,3.6886825746214664,2.5980266958571235e-05,8.709543172449231e-06,0.6653629475321171,0.2261937511397884,0,7.4074996763223275,2.4922350983346897,-24.599759466502917,-3.0035717965931966e-09,143.24638548065215,-6.091228595999736e-14,7.4074996763223275,0-1,0,381.0,381000,,,,,0,0.6653629475321171,0.22621495222181434,7.4074996763223275,2.4922350983346897,1.9033936170699662e-05,negative_baseline,20.0,0,0,0,0,0,1,0,0,0,0,-1,0,0,0,0,0,0,0,0,0
sim_0000_n2_seed256,256,0.001,2,382.0,1,body_1,9.897616233308575,3.6886825746214664,2.6552945859656446e-05,8.46673324855859e-06,0.6310736436480108,0.2030069507552337,0,7.606080650272793,2.425718183508921,-24.599759434953114,-1.7210469447531934e-09,143.2463854806519,-6.26979881542644e-14,7.606080650272793,0-1,0,382.0,382000,,,,,0,0.6310736436480108,0.20302217820535068,7.606080650272793,2.425718183508921,1.945349837019539e-05,negative_baseline,20.0,0,0,0,0,0,0,0,0,0,0,-1,0,0,0,0,0,0,0,1,0
sim_0000_n2_seed256,256,0.001,2,383.0,1,body_1,9.897616233308575,3.6886825746214664,2.7013928493525572e-05,8.267920184530877e-06,0.604404971112069,0.1854347018714181,0,7.772074117272218,2.3713900167058677,-24.599759413276757,-8.398856145296347e-10,143.2463854806517,-6.40868676386943e-14,7.772074117272218,0-1,0,383.0,383000,,,,,0,0.604404971112069,0.18544507329980392,7.772074117272218,2.3713900167058677,1.9791228469465007e-05,negative_baseline,20.0,0,0,0,0,0,0,0,0,0,0,-1,0,0,0,0,0,0,0,1,0
sim_0000_n2_seed256,256,0.001,2,384.0,1,body_1,9.897616233308575,3.6886825746214664,2.732922345374339e-05,8.12833414033618e-06,0.5863080216004763,0.17375145469759998,0,7.891108763912729,2.333098955805178,-24.599759399911292,-2.9656870781788346e-10,143.24638548065158,-6.488051305836854e-14,7.891108763912729,0-1,0,384.0,384000,,,,,0,0.5863080216004763,0.17375787763264203,7.891108763912729,2.333098955805178,2.0022223313482268e-05,negative_baseline,20.0,0,0,0,0,0,0,0,0,0,0,-1,0,0,0,0,0,0,0,1,0
sim_0000_n2_seed256,256,0.001,2,385.0,1,body_1,9.897616233308575,3.6886825746214664,2.747929679368762e-05,8.056693317260744e-06,0.5770717516198772,0.16786593133199848,0,7.954008295345696,2.313080119555954,-24.599759393491013,-3.557918687386262e-11,143.24638548065116,-6.78566833821469e-14,7.954008295345696,0-1,0,385.0,385000,,,,,0,0.5770717516198772,0.16786905665364912,7.954008295345696,2.313080119555954,2.013217172851163e-05,negative_baseline,20.0,0,0,0,0,0,0,0,0,0,0,-1,0,0,0,0,0,0,0,1,0
sim_0000_n2_seed256,256,0.001,2,386.0,1,body_1,9.897616233308575,3.6886825746214664,2.745801856299197e-05,8.05732830434497e-06,0.576743251273707,0.1676575809194317,0,7.956273187493737,2.3123619781265696,-24.59975939326734,-2.648675047153494e-11,143.24638548065187,-6.289639950918294e-14,7.956273187493737,0-1,0,386.0,386000,,,,,0,0.576743251273707,0.167657866166147,7.956273187493737,2.3123619781265696,2.0116582718109875e-05,negative_baseline,20.0,0,0,0,0,0,0,0,0,0,0,-1,0,0,0,0,0,0,0,1,0
sim_0000_n2_seed256,256,0.001,2,387.0,1,body_1,9.897616233308575,3.6886825746214664,2.72720739249673e-05,8.13141913162037e-06,0.5853230143336664,0.17312127541225195,0,7.8977457249854774,2.3309797474674543,-24.59975939921381,-2.682154646359117e-10,143.2463854806518,-6.329322221902006e-14,7.8977457249854774,0-1,0,387.0,387000,,,,,0,0.5853230143336664,0.17311910310335898,7.8977457249854774,2.3309797474674543,1.9980354032482362e-05,negative_baseline,20.0,0,0,0,0,0,0,0,0,0,0,-1,0,0,0,0,0,0,0,1,0
sim_0000_n2_seed256,256,0.001,2,388.0,1,body_1,9.897616233308575,3.6886825746214664,2.6941094911469792e-05,8.277307765801326e-06,0.6027715887774351,0.18437207587139562,0,7.782597324078085,2.367982977340782,-24.5997594120267,-7.890697583632537e-10,143.24638548065207,-6.150752002475304e-14,7.782597324078085,0-1,0,388.0,388000,,,,,0,0.6027715887774351,0.18436793535645296,7.782597324078085,2.367982977340782,1.9737868692622197e-05,negative_baseline,20.0,0,0,0,0,0,0,0,0,0,0,-1,0,0,0,0,0,0,0,1,0
sim_0000_n2_seed256,256,0.001,2,389.0,1,body_1,9.897616233308575,3.6886825746214664,2.6498372649514673e-05,8.489856438097075e-06,0.6288292026858199,0.20151215418878426,0,7.6196425149685325,2.4212372728552705,-24.59975943303483,-1.6430671496040395e-09,143.2463854806521,-6.130910866983448e-14,7.6196425149685325,0-1,0,389.0,389000,,,,,0,0.6288292026858199,0.20150692512815943,7.6196425149685325,2.4212372728552705,1.9413516788444014e-05,negative_baseline,20.0,0,0,0,0,0,0,0,0,0,0,-1,0,0,0,0,0,0,0,1,0
sim_0000_n2_seed256,256,0.001,2,390.0,1,body_1,9.897616233308575,3.6886825746214664,2.5991561661983686e-05,8.758753210895345e-06,0.6626134308833059,0.22431078826822584,0,7.422852488521276,2.4870304474324407,-24.599759463814063,-2.8942677362844243e-09,143.2463854806519,-6.26979881542644e-14,7.422852488521276,0-1,0,390.0,390000,,,,,0,0.6626134308833059,0.2243061420857333,7.422852488521276,2.4870304474324407,1.9042211481286532e-05,negative_baseline,20.0,0,0,0,0,1,0,0,0,0,0,-1,0,0,0,0,0,0,0,0,0
sim_0000_n2_seed256,256,0.001,2,390.15000000000003,1,body_1,9.897616233308575,3.6886825746214664,2.591365071685049e-05,8.802952737564248e-06,0.6682377534218985,0.22816682741652208,0,7.3915487095682915,2.497653865245921,-24.59975946934482,-3.119097499270092e-09,143.24638548065198,-6.210275408950872e-14,7.3915487095682915,0-1,0,390.15000000000003,390150,,,,,0,0.6682377534218985,0.22816248290224334,7.3915487095682915,2.497653865245921,1.898513152458101e-05,negative_hard,10.0,0,0,0,0,1,0,0,0,0,0,-1,0,0,0,0,0,0,0,0,0
sim_0000_n2_seed256,256,0.001,2,390.65000000000003,1,body_1,9.897616233308575,3.6886825746214664,2.5656401885553597e-05,8.955553709443002e-06,0.6877751943689732,0.24169074632806833,0,7.28580751272734,2.533873384534163,-24.599759489495945,-3.938256870504081e-09,143.24638548065204,-6.17059313796716e-14,7.28580751272734,0-1,0,390.65000000000003,390650,,,,,0,0.6877751943689732,0.24168792886782386,7.28580751272734,2.533873384534163,1.8796663104404998e-05,negative_hard,10.0,0,0,1,0,1,0,0,0,0,0,-1,0,0,0,0,0,0,0,0,0
sim_0000_n2_seed256,256,0.001,2,391.0,1,body_1,9.897616233308575,3.6886825746214664,2.548215545761348e-05,9.06579460727644e-06,0.7019769023583018,0.25164350612009934,0,7.211731284183109,2.559563268883822,-24.59975950508209,-4.571846226344733e-09,143.24638548065192,-6.249957679934584e-14,7.211731284183109,0-1,0,391.0,391000,,,,,0,0.7019769023583018,0.25164229772472774,7.211731284183109,2.559563268883822,1.866900479537873e-05,negative_baseline,20.0,0,0,1,0,1,0,0,0,0,0,-1,0,0,0,0,0,0,0,0,0
sim_0000_n2_seed256,256,0.001,2,391.15000000000003,1,body_1,9.897616233308575,3.6886825746214664,2.5409874059694282e-05,9.113504210929118e-06,0.708137369565792,0.25599192069009696,0,7.180293399702301,2.570547161981274,-24.599759512094963,-4.856925114675079e-09,143.2463854806519,-6.26979881542644e-14,7.180293399702301,0-1,0,391.15000000000003,391150,,,,,0,0.708137369565792,0.25599155177640404,7.180293399702301,2.570547161981274,1.861604921187315e-05,negative_hard,10.0,0,0,1,0,1,0,0,0,0,0,-1,0,0,0,0,0,0,0,0,0
sim_0000_n2_seed256,256,0.001,2,392.0,1,body_1,9.897616233308575,3.6886825746214664,2.5041796308721406e-05,9.381892870796415e-06,0.7427715927689236,0.2807740731884801,0,7.010892442687167,2.6305971443074587,-24.5997595544534,-6.578829629353573e-09,143.24638548065195,-6.230116544442728e-14,7.010892442687167,0-1,0,392.0,392000,,,,,0,0.7427715927689236,0.28078026276165763,7.010892442687167,2.6305971443074587,1.834638406023469e-05,negative_baseline,20.0,0,0,1,0,0,0,0,0,0,0,-1,0,0,0,0,0,0,0,0,0
sim_0000_n2_seed256,256,0.001,2,393.0,1,body_1,9.897616233308575,3.6886825746214664,2.4743352852291036e-05,9.666191213505347e-06,0.7785577083877453,0.3069419104825811,0,6.847870564434454,2.689832602611978,-24.59975960368466,-8.580119969638377e-09,143.24638548065207,-6.150752002475304e-14,6.847870564434454,0-1,0,393.0,393000,,,,,0,0.7785577083877453,0.3069592849581754,6.847870564434454,2.689832602611978,1.8127735086287987e-05,negative_baseline,20.0,1,1,0,0,0,0,0,0,0,0,-1,0,0,0,0,0,0,0,0,0
sim_0000_n2_seed256,256,0.001,2,393.90000000000003,1,body_1,9.897616233308575,3.6886825746214664,2.464591662718512e-05,9.855693846127959e-06,0.8001340664125168,0.32297323845793696,0,6.754909995640139,2.724284050015538,-24.59975963618757,-9.901389420548727e-09,143.24638548065212,-6.111069731491592e-14,6.754909995640139,0-1,0,393.90000000000003,393900,,,,,0,0.8001340664125168,0.3230017469392717,6.754909995640139,2.724284050015538,1.805635018464448e-05,negative_hard,10.0,1,1,0,1,0,0,1,0,0,0,-1,0,0,0,0,0,0,0,0,0
sim_0000_n2_seed256,256,0.001,2,394.0,1,body_1,9.897616233308575,3.6886825746214664,2.4646450923870005e-05,9.871374512439531e-06,0.8016745427571053,0.3241247295092824,0,6.748416847749005,2.7267093730237715,-24.599759638591753,-9.999121341589324e-09,143.24638548065226,-6.011864054032314e-14,6.748416847749005,0-1,0,394.0,394000,,,,,0,0.8016745427571053,0.32415439009164465,6.748416847749005,2.7267093730237715,1.8056741612479944e-05,negative_baseline,20.0,1,1,0,1,0,0,1,0,0,0,-1,0,0,0,0,0,0,0,0,0
sim_0000_n2_seed256,256,0.001,2,394.40000000000003,1,body_1,9.897616233308575,3.6886825746214664,2.4672183379322663e-05,9.92169911483361e-06,0.8058862712799506,0.32727753052715974,0,6.730759435307506,2.733317490117237,-24.59975964522268,-1.0268673852767578e-08,143.2463854806522,-6.051546325016026e-14,6.730759435307506,0-1,0,394.40000000000003,394400,,,,,0,0.8058862712799506,0.32731140380983115,6.730759435307506,2.733317490117237,1.8075593943880043e-05,negative_hard,10.0,1,1,0,1,0,0,1,0,0,0,-1,0,0,0,0,0,0,0,0,0
sim_0000_n2_seed256,256,0.001,2,394.90000000000003,1,body_1,9.897616233308575,3.6886825746214664,2.4757366462732437e-05,9.955006767544934e-06,0.8065707953885636,0.32779057799787936,0,6.7279026835540625,2.7343883558173143,-24.599759646308463,-1.0312811841676308e-08,143.246385480652,-6.190434273459016e-14,6.7279026835540625,0-1,0,394.90000000000003,394900,,,,,0,0.8065707953885636,0.3278285246653228,6.7279026835540625,2.7343883558173143,1.813800162190849e-05,negative_hard,10.0,1,1,0,1,0,0,1,1,0,0,-1,0,0,0,0,0,0,0,0,0
sim_0000_n2_seed256,256,0.001,2,395.0,1,body_1,9.897616233308575,3.6886825746214664,2.4781346589065528e-05,9.957583282072223e-06,0.8060881764649306,0.32742883927575056,0,6.729916437992438,2.733633440359373,-24.59975964554273,-1.0281684133045542e-08,143.24638548065207,-6.150752002475304e-14,6.729916437992438,0-1,0,395.0,395000,,,,,0,0.8060881764649306,0.32746741031218257,6.729916437992438,2.733633440359373,1.815557018673932e-05,negative_baseline,20.0,1,1,0,1,0,0,1,0,0,0,-1,0,0,0,0,0,0,0,0,0
sim_0000_n2_seed256,256,0.001,2,395.40000000000003,1,body_1,9.897616233308575,3.6886825746214664,2.4899516885346143e-05,9.954211057183422e-06,0.8021361801571962,0.3244699741636834,0,6.7464746775545175,2.727435300531468,-24.599759639314442,-1.0028499249409223e-08,143.24638548065207,-6.150752002475304e-14,6.7464746775545175,0-1,0,395.40000000000003,395400,,,,,0,0.8021361801571962,0.3245103507926358,6.7464746775545175,2.727435300531468,1.8242145330985577e-05,negative_hard,10.0,1,1,0,1,0,0,1,0,0,0,-1,0,0,0,0,0,0,0,0,0
sim_0000_n2_seed256,256,0.001,2,396.0,1,body_1,9.897616233308575,3.6886825746214664,2.5138919715178292e-05,9.909424233423682e-06,0.7905451889612544,0.3158261110263614,0,6.795753185313233,2.709085412128944,-24.59975962147427,-9.30328191205185e-09,143.24638548065212,-6.111069731491592e-14,6.795753185313233,0-1,0,396.0,396000,,,,,0,0.7905451889612544,0.31586711937629275,6.795753185313233,2.709085412128944,1.841753914298895e-05,negative_baseline,20.0,1,1,0,0,0,0,0,0,0,0,-1,0,0,0,0,0,0,0,0,0
sim_0000_n2_seed256,256,0.001,2,397.0,1,body_1,9.897616233308575,3.6886825746214664,2.56729543769293e-05,9.74342752017261e-06,0.7593141026187326,0.29280260627271965,0,6.934101817226241,2.6583169127168755,-24.599759576500983,-7.47508161957452e-09,143.24638548065246,-5.872976105589322e-14,6.934101817226241,0-1,0,397.0,397000,,,,,0,0.7593141026187326,0.2928400852247265,6.934101817226241,2.6583169127168755,1.880878928301744e-05,negative_baseline,20.0,0,0,0,0,0,0,0,0,0,0,-1,0,0,0,0,0,0,0,1,0
sim_0000_n2_seed256,256,0.001,2,398.0,1,body_1,9.897616233308575,3.6886825746214664,2.6313405921725317e-05,9.499504084936797e-06,0.7197787165369881,0.26425914086936625,0,7.121991434841132,2.5910477848714404,-24.59975952577087,-5.412861788179108e-09,143.24638548065286,-5.595200208703341e-14,7.121991434841132,0-1,0,398.0,398000,,,,,0,0.7197787165369881,0.26428994987985865,7.121991434841132,2.5910477848714404,1.9278003743105653e-05,negative_baseline,20.0,0,0,1,0,0,1,0,0,0,0,-1,0,0,0,0,0,0,0,0,0
sim_0000_n2_seed256,256,0.001,2,399.0,1,body_1,9.897616233308575,3.6886825746214664,2.6983174813867845e-05,9.224280987736466e-06,0.6791488324127133,0.2356951159142919,0,7.331932670692518,2.51800985482959,-24.599759480416434,-3.5691674687792685e-09,143.24638548065343,-5.198377498866225e-14,7.331932670692518,0-1,0,399.0,399000,,,,,0,0.6791488324127133,0.23571873253414022,7.331932670692518,2.51800985482959,1.9768697026154962e-05,negative_baseline,20.0,0,0,1,0,0,1,0,0,0,0,-1,0,0,0,0,0,0,0,0,0
sim_0000_n2_seed256,256,0.001,2,400.0,1,body_1,9.897616233308575,3.6886825746214664,2.761136920526363e-05,8.958186457988011e-06,0.6425856777939034,0.2107188704971045,0,7.537640607469378,2.4484495152698327,-24.599759445070436,-2.1323242231096516e-09,143.2463854806536,-5.07933068591509e-14,7.537640607469378,0-1,0,400.0,400000,,,,,0,0.6425856777939034,0.21073610797733858,7.537640607469378,2.4484495152698327,2.0228931576314767e-05,negative_baseline,20.0,0,0,0,0,0,0,0,0,0,0,-1,0,0,0,0,0,0,0,1,0
sim_0000_n2_seed256,256,0.001,2,401.0,1,body_1,9.897616233308575,3.6886825746214664,2.8140549874925773e-05,8.7305737057644e-06,0.6130199345830405,0.1910656140426917,0,7.717269177517365,2.389204341826166,-24.599759420014873,-1.1137954416755908e-09,143.2463854806539,-4.861078195504676e-14,7.717269177517365,0-1,0,401.0,401000,,,,,0,0.6130199345830405,0.19107761020491923,7.717269177517365,2.389204341826166,2.0616625646961014e-05,negative_baseline,20.0,0,0,0,0,0,0,0,0,0,0,-1,0,0,0,0,0,0,0,1,0
sim_0000_n2_seed256,256,0.001,2,402.0,1,body_1,9.897616233308575,3.6886825746214664,2.852908418482458e-05,8.560402558772198e-06,0.5917903569959716,0.17726978229061785,0,7.854472170317864,2.344826799191984,-24.59975940384827,-4.5661005944976255e-10,143.2463854806538,-4.940442737472099e-14,7.854472170317864,0-1,0,402.0,402000,,,,,0,0.5917903569959716,0.17727753474812102,7.854472170317864,2.344826799191984,2.0901277883748295e-05,negative_baseline,20.0,0,0,0,0,0,0,0,0,0,0,-1,0,0,0,0,0,0,0,1,0
sim_0000_n2_seed256,256,0.001,2,403.0,1,body_1,9.897616233308575,3.6886825746214664,2.875085606228696e-05,8.458870192974696e-06,0.5793622215547989,0.1693205253252092,0,7.938269903895599,2.3180755221637517,-24.599759395057657,-9.926451316711908e-11,143.24638548065332,-5.277742040833648e-14,7.938269903895599,0-1,0,403.0,403000,,,,,0,0.5793622215547989,0.16932477347951472,7.938269903895599,2.3180755221637517,2.106375484520084e-05,negative_baseline,20.0,0,0,0,0,0,0,0,0,0,0,-1,0,0,0,0,0,0,0,1,0
sim_0000_n2_seed256,256,0.001,2,404.0,1,body_1,9.897616233308575,3.6886825746214664,2.8794165243730668e-05,8.431900113386742e-06,0.5758361908704237,0.16708263038420829,0,7.962537104839171,2.310376811620377,-24.599759392651457,-1.4505611872197216e-12,143.24638548065312,-5.416629989276639e-14,7.962537104839171,0-1,0,404.0,404000,,,,,0,0.5758361908704237,0.16708389012333286,7.962537104839171,2.310376811620377,2.109548455381218e-05,negative_baseline,20.0,0,0,0,0,0,0,0,0,0,0,-1,0,0,0,0,0,0,0,1,0
sim_0000_n2_seed256,256,0.001,2,405.0,1,body_1,9.897616233308575,3.6886825746214664,2.8660880537574878e-05,8.481773143194225e-06,0.581219374966222,0.17050233171822088,0,7.9255772949089325,2.322110769394923,-24.599759396340513,-1.5141366093847946e-10,143.2463854806531,-5.436471124768495e-14,7.9255772949089325,0-1,0,405.0,405000,,,,,0,0.581219374966222,0.17050099553675058,7.9255772949089325,2.322110769394923,2.099783615026328e-05,negative_baseline,20.0,0,0,0,0,0,0,0,0,0,0,-1,0,0,0,0,0,0,0,1,0
sim_0000_n2_seed256,256,0.001,2,406.0,1,body_1,9.897616233308575,3.6886825746214664,2.8366295833739635e-05,8.607788877873274e-06,0.5954971902217676,0.17965907321146427,0,7.829987865985846,2.352692773188107,-24.599759406565333,-5.670608198607378e-10,143.24638548065312,-5.416629989276639e-14,7.829987865985846,0-1,0,406.0,406000,,,,,0,0.5954971902217676,0.17965556570555224,7.829987865985846,2.352692773188107,2.0782014400407958e-05,negative_baseline,20.0,0,0,0,0,0,0,0,0,0,0,-1,0,0,0,0,0,0,0,1,0
sim_0000_n2_seed256,256,0.001,2,407.0,1,body_1,9.897616233308575,3.6886825746214664,2.7939695092141432e-05,8.805948560486791e-06,0.6185226943788813,0.1946852575271175,0,7.682863687622025,2.400449053182137,-24.599759424449722,-1.2940756168493454e-09,143.24638548065354,-5.119012956898802e-14,7.682863687622025,0-1,0,407.0,407000,,,,,0,0.6185226943788813,0.1946802777391385,7.682863687622025,2.400449053182137,2.0469473621871265e-05,negative_baseline,20.0,0,0,0,0,0,0,0,0,0,0,-1,0,0,0,0,0,0,0,1,0
sim_0000_n2_seed256,256,0.001,2,408.0,1,body_1,9.897616233308575,3.6886825746214664,2.7425203947999906e-05,9.067576959895407e-06,0.6496988596359389,0.21552107400828605,0,7.496264383072727,2.4622894840950686,-24.59975945155923,-2.3960988966318815e-09,143.24638548065377,-4.960283872963955e-14,7.496264383072727,0-1,0,408.0,408000,,,,,0,0.6496988596359389,0.21551595796356351,7.496264383072727,2.4622894840950686,2.009254160338656e-05,negative_baseline,20.0,0,0,0,0,0,0,0,0,0,0,-1,0,0,0,0,0,0,0,1,0
sim_0000_n2_seed256,256,0.001,2,408.3,1,body_1,9.897616233308575,3.6886825746214664,2.726218332809811e-05,9.156315291895406e-06,0.6604397968727059,0.22282507804127472,0,7.4350574699713725,2.4829005141616776,-24.599759461707688,-2.8086418777207965e-09,143.24638548065363,-5.059489550423234e-14,7.4350574699713725,0-1,0,408.3,408300,,,,,0,0.6604397968727059,0.22282033120195013,7.4350574699713725,2.4829005141616776,1.997310768181992e-05,negative_hard,10.0,0,0,0,0,1,0,0,0,0,0,-1,0,0,0,0,0,0,0,0,0
sim_0000_n2_seed256,256,0.001,2,408.8,1,body_1,9.897616233308575,3.6886825746214664,2.6989581358207948e-05,9.312250371949705e-06,0.6794810679387737,0.23592532239500683,0,7.3301399597102765,2.5186245368964184,-24.599759480760618,-3.5831587986534876e-09,143.24638548065374,-4.980125008455811e-14,7.3301399597102765,0-1,0,408.8,408800,,,,,0,0.6794810679387737,0.23592176345463217,7.3301399597102765,2.5186245368964184,1.977339108349017e-05,negative_hard,10.0,0,0,1,0,1,0,0,0,0,0,-1,0,0,0,0,0,0,0,0,0
sim_0000_n2_seed256,256,0.001,2,409.0,1,body_1,9.897616233308575,3.6886825746214664,2.688192239010664e-05,9.376825799125541e-06,0.6874186210907682,0.24144216067883248,0,7.287696890889551,2.533221601162192,-24.599759489114206,-3.92273886975072e-09,143.24638548065383,-4.920601601980243e-14,7.287696890889551,0-1,0,409.0,409000,,,,,0,0.6874186210907682,0.2414393084193767,7.287696890889551,2.533221601162192,1.969451680509717e-05,negative_baseline,20.0,0,0,1,0,1,0,0,0,0,0,-1,0,0,0,0,0,0,0,0,0
sim_0000_n2_seed256,256,0.001,2,409.3,1,body_1,9.897616233308575,3.6886825746214664,2.6723809138656286e-05,9.47528993247659e-06,0.6995670052339912,0.24994753123312938,0,7.224142238850812,2.555240502031059,-24.59975950237977,-4.461994667284393e-09,143.2463854806539,-4.861078195504676e-14,7.224142238850812,0-1,0,409.3,409300,,,,,0,0.6995670052339912,0.2499460183512215,7.224142238850812,2.555240502031059,1.9578678158934348e-05,negative_hard,10.0,0,0,1,0,1,0,0,0,0,0,-1,0,0,0,0,0,0,0,0,0
sim_0000_n2_seed256,256,0.001,2,409.8,1,body_1,9.897616233308575,3.6886825746214664,2.6474492094258396e-05,9.641316015662318e-06,0.7201267277758072,0.26450727862450163,0,7.120270326260349,2.5916555914698183,-24.59975952618803,-5.429819662990273e-09,143.2463854806538,-4.940442737472099e-14,7.120270326260349,0-1,0,409.8,409800,,,,,0,0.7201267277758072,0.2645088084918195,7.120270326260349,2.5916555914698183,1.9396020790967098e-05,negative_hard,10.0,0,0,1,0,1,0,0,0,0,0,-1,0,0,0,0,0,0,0,0,0
sim_0000_n2_seed256,256,0.001,2,410.0,1,body_1,9.897616233308575,3.6886825746214664,2.6381574203352977e-05,9.707483058864336e-06,0.7283258871562966,0.2703698429454059,0,7.080078519172816,2.6058925061696203,-24.599759536170616,-5.835619787521033e-09,143.24638548065386,-4.900760466488388e-14,7.080078519172816,0-1,0,410.0,410000,,,,,0,0.7283258871562966,0.27037288769747037,7.080078519172816,2.6058925061696203,1.9327946269655687e-05,negative_baseline,20.0,0,0,1,0,0,0,0,0,0,0,-1,0,0,0,0,0,0,0,0,0
sim_0000_n2_seed256,256,0.001,2,411.0,1,body_1,9.897616233308575,3.6886825746214664,2.6001415048783615e-05,1.0020882479834671e-05,0.7667716970141819,0.2982637734763113,0,6.900299010709253,2.67062145203008,-24.599759586836512,-7.895229215346254e-09,143.2463854806539,-4.861078195504676e-14,6.900299010709253,0-1,0,411.0,411000,,,,,0,0.7667716970141819,0.2982768078331269,6.900299010709253,2.67062145203008,1.9049429874458434e-05,negative_baseline,20.0,0,0,0,0,0,0,0,0,0,0,-1,0,0,0,0,0,0,0,1,0
sim_0000_n2_seed256,256,0.001,2,412.0,1,body_1,9.897616233308575,3.6886825746214664,2.5811075481305333e-05,1.0268710984401638e-05,0.7952907244676801,0.3193587888278593,0,6.7754475664704525,2.7166292979702216,-24.59975962870101,-9.597054635741441e-09,143.24638548065397,-4.821395924520964e-14,6.7754475664704525,0-1,0,412.0,412000,,,,,0,0.7952907244676801,0.3193841863991547,6.7754475664704525,2.7166292979702216,1.8909981121534203e-05,negative_baseline,20.0,1,1,0,0,0,0,0,0,0,0,-1,0,0,0,0,0,0,0,0,0
sim_0000_n2_seed256,256,0.001,2,412.6,1,body_1,9.897616233308575,3.6886825746214664,2.5808207352146623e-05,1.0365998484047108e-05,0.8045944395375308,0.3263097865334641,0,6.736160616916722,2.7312941709736602,-24.59975964317907,-1.0185599474141686e-08,143.24638548065423,-4.642825705094262e-14,6.736160616916722,0-1,0,412.6,412600,,,,,0,0.8045944395375308,0.3263420718953632,6.736160616916722,2.7312941709736602,1.8907879759816497e-05,negative_hard,10.0,1,1,0,1,0,0,1,0,0,0,-1,0,0,0,0,0,0,0,0,0
sim_0000_n2_seed256,256,0.001,2,413.0,1,body_1,9.897616233308575,3.6886825746214664,2.5855551699099076e-05,1.0404525690387833e-05,0.8068613185325848,0.32800837653867226,0,6.7266913307637815,2.7348425845463127,-24.599759646769108,-1.0331537425461145e-08,143.24638548065423,-4.642825705094262e-14,6.7266913307637815,0-1,0,413.0,413000,,,,,0,0.8068613185325848,0.3280444025444323,6.7266913307637815,2.7348425845463127,1.8942565631350466e-05,negative_baseline,20.0,1,1,0,1,0,0,1,1,0,0,-1,0,0,0,0,0,0,0,0,0
sim_0000_n2_seed256,256,0.001,2,413.1,1,body_1,9.897616233308575,3.6886825746214664,2.5873536860338856e-05,1.0410657392732914e-05,0.8069135485148935,0.3280475354964998,0,6.726473624260189,2.7349242286950712,-24.59975964685211,-1.0334911525522576e-08,143.24638548065414,-4.702349111569829e-14,6.726473624260189,0-1,0,413.1,413100,,,,,0,0.8069135485148935,0.3280843538802453,6.726473624260189,2.7349242286950712,1.8955742100914957e-05,negative_hard,10.0,1,1,0,1,0,0,1,1,0,0,-1,0,0,0,0,0,0,0,0,0
sim_0000_n2_seed256,256,0.001,2,413.6,1,body_1,9.897616233308575,3.6886825746214664,2.599943573380316e-05,1.0419859721001673e-05,0.8040876677744959,0.3259303218551289,0,6.738282996373855,2.730499591259361,-24.599759642379826,-1.0153109589772385e-08,143.2463854806542,-4.662666840586118e-14,6.738282996373855,0-1,0,413.6,413600,,,,,0,0.8040876677744959,0.3259701155151475,6.738282996373855,2.730499591259361,1.904797942729175e-05,negative_hard,10.0,1,1,0,1,0,0,1,0,0,0,-1,0,0,0,0,0,0,0,0,0
sim_0000_n2_seed256,256,0.001,2,414.0,1,body_1,9.897616233308575,3.6886825746214664,2.6141342218579788e-05,1.0401690337011243e-05,0.7982523186598275,0.32156787582320695,0,6.762867100293636,2.72131532220617,-24.59975963326523,-9.78259388953254e-09,143.24638548065403,-4.781713653537253e-14,6.762867100293636,0-1,0,414.0,414000,,,,,0,0.7982523186598275,0.3216087988522044,6.762867100293636,2.72131532220617,1.915194443944066e-05,negative_baseline,20.0,1,1,0,0,0,0,0,0,0,0,-1,0,0,0,0,0,0,0,0,0
sim_0000_n2_seed256,256,0.001,2,415.0,1,body_1,9.897616233308575,3.6886825746214664,2.6633686448373252e-05,1.0266084506087605e-05,0.7718893181383445,0.30202488670509675,0,6.877386501480113,2.67899809169409,-24.59975959407419,-8.189446610271952e-09,143.2463854806541,-4.722190247061685e-14,6.877386501480113,0-1,0,415.0,415000,,,,,0,0.7718893181383445,0.3020641584588637,6.877386501480113,2.67899809169409,1.9512650883203636e-05,negative_baseline,20.0,0,0,0,0,0,0,0,0,0,0,-1,0,0,0,0,0,0,0,1,0
sim_0000_n2_seed256,256,0.001,2,416.0,1,body_1,9.897616233308575,3.6886825746214664,2.7266798681115076e-05,1.003277533799121e-05,0.7344358045320536,0.2747588093968704,0,7.050566722422436,2.616399629024186,-24.599759543793873,-6.145511301941965e-09,143.24638548065462,-4.36504980820828e-14,7.050566722422436,0-1,0,416.0,416000,,,,,0,0.7344358045320536,0.2747921837287953,7.050566722422436,2.616399629024186,1.997648833128683e-05,negative_baseline,20.0,0,0,1,0,0,0,0,0,0,0,-1,0,0,0,0,0,0,0,0,0
sim_0000_n2_seed256,256,0.001,2,417.0,1,body_1,9.897616233308575,3.6886825746214664,2.796102781166707e-05,9.750006768902982e-06,0.6934803240916025,0.24567684245303248,0,7.255776148548584,2.54425634320826,-24.599759495659875,-4.188825573743499e-09,143.2463854806542,-4.662666840586118e-14,7.255776148548584,0-1,0,417.0,417000,,,,,0,0.6934803240916025,0.24570298896999868,7.255776148548584,2.54425634320826,2.048510193028129e-05,negative_baseline,20.0,0,0,1,0,0,1,0,0,0,0,-1,0,0,0,0,0,0,0,0,0
sim_0000_n2_seed256,256,0.001,2,418.0,1,body_1,9.897616233308575,3.6886825746214664,2.8638660441186426e-05,9.46330918418571e-06,0.6550139184665728,0.21912754324914832,0,7.4657885102884745,2.472531268242251,-24.59975945652774,-2.598072789154765e-09,143.24638548065423,-4.642825705094262e-14,7.4657885102884745,0-1,0,418.0,418000,,,,,0,0.6550139184665728,0.21914694133697232,7.4657885102884745,2.472531268242251,2.0981556446007643e-05,negative_baseline,20.0,0,0,0,0,0,1,0,0,0,0,-1,0,0,0,0,0,0,0,0,0
sim_0000_n2_seed256,256,0.001,2,419.0,1,body_1,9.897616233308575,3.6886825746214664,2.923386169575621e-05,9.207532852357722e-06,0.6227165331811637,0.19745578551625043,0,7.65694890687064,2.4089504294498436,-24.59975942789849,-1.4342708247350531e-09,143.24638548065403,-4.781713653537253e-14,7.65694890687064,0-1,0,419.0,419000,,,,,0,0.6227165331811637,0.19746953577427542,7.65694890687064,2.4089504294498436,2.1417619220686857e-05,negative_baseline,20.0,0,0,0,0,0,0,0,0,0,0,-1,0,0,0,0,0,0,0,1,0
sim_0000_n2_seed256,256,0.001,2,420.0,1,body_1,9.897616233308575,3.6886825746214664,2.9696803166104345e-05,9.00600583115272e-06,0.598409504769826,0.18154209676428362,0,7.810911297385526,2.3588372785559883,-24.59975940873057,-6.550794400482061e-10,143.24638548065406,-4.761872518045397e-14,7.810911297385526,0-1,0,420.0,420000,,,,,0,0.598409504769826,0.18155127356455472,7.810911297385526,2.3588372785559883,2.1756784423316358e-05,negative_baseline,20.0,0,0,0,0,0,0,0,0,0,0,-1,0,0,0,0,0,0,0,1,0
sim_0000_n2_seed256,256,0.001,2,421.0,1,body_1,9.897616233308575,3.6886825746214664,2.999414579877397e-05,8.872921390146542e-06,0.5827999966925071,0.17150985159977133,0,7.914822451757718,2.325534585633237,-24.599759397440508,-1.961293325183438e-10,143.24638548065377,-4.960283872963955e-14,7.914822451757718,0-1,0,421.0,421000,,,,,0,0.5827999966925071,0.17151528809536828,7.914822451757718,2.325534585633237,2.197462683435451e-05,negative_baseline,20.0,0,0,0,0,0,0,0,0,0,0,-1,0,0,0,0,0,0,0,1,0
sim_0000_n2_seed256,256,0.001,2,422.0,1,body_1,9.897616233308575,3.6886825746214664,3.0108047751902493e-05,8.816135418695751e-06,0.5760767025659886,0.16723503137098406,0,7.960874753957912,2.310903507056713,-24.599759392813898,-8.053907380294924e-12,143.24638548065437,-4.543620027634983e-14,7.960874753957912,0-1,0,422.0,422000,,,,,0,0.5760767025659886,0.16723731474863582,7.960874753957912,2.310903507056713,2.2058074969017056e-05,negative_baseline,20.0,0,0,0,0,0,0,0,0,0,0,-1,0,0,0,0,0,0,0,1,0
sim_0000_n2_seed256,256,0.001,2,423.0,1,body_1,9.897616233308575,3.6886825746214664,3.003510519734177e-05,8.839214919271381e-06,0.5782624297715419,0.16862167973551767,0,7.945815177823228,2.315679509819786,-24.599759394302506,-6.856703370568188e-11,143.24638548065457,-4.404732079191992e-14,7.945815177823228,0-1,0,423.0,423000,,,,,0,0.5782624297715419,0.16862123216205335,7.945815177823228,2.315679509819786,2.200463507330678e-05,negative_baseline,20.0,0,0,0,0,0,0,0,0,0,0,-1,0,0,0,0,0,0,0,1,0
sim_0000_n2_seed256,256,0.001,2,424.0,1,body_1,9.897616233308575,3.6886825746214664,2.9785910226604183e-05,8.942480746251225e-06,0.589353468415341,0.17570361764799436,0,7.870693953690381,2.3396277854670595,-24.59975940208579,-3.849638326862639e-10,143.2463854806547,-4.305526401732713e-14,7.870693953690381,0-1,0,424.0,424000,,,,,0,0.589353468415341,0.17570082977292356,7.870693953690381,2.3396277854670595,2.1822067232794736e-05,negative_baseline,20.0,0,0,0,0,0,0,0,0,0,0,-1,0,0,0,0,0,0,0,1,0
sim_0000_n2_seed256,256,0.001,2,425.0,1,body_1,9.897616233308575,3.6886825746214664,2.938539401976849e-05,9.123035832875384e-06,0.6092752292565293,0.18861258825948082,0,7.740948648801039,2.381492755009599,-24.59975941705497,-9.934729509389271e-10,143.2463854806546,-4.384890943700136e-14,7.740948648801039,0-1,0,425.0,425000,,,,,0,0.6092752292565293,0.18860802549391265,7.740948648801039,2.381492755009599,2.152863678812761e-05,negative_baseline,20.0,0,0,0,0,0,0,0,0,0,0,-1,0,0,0,0,0,0,0,1,0
sim_0000_n2_seed256,256,0.001,2,426.0,1,body_1,9.897616233308575,3.6886825746214664,2.887369266615651e-05,9.37372517965385e-06,0.6376436415737811,0.20739903987701322,0,7.566794346409038,2.4387422040208304,-24.599759440668805,-1.953394381179675e-09,143.24638548065485,-4.206320724273434e-14,7.566794346409038,0-1,0,426.0,426000,,,,,0,0.6376436415737811,0.20739376062305012,7.566794346409038,2.4387422040208304,2.115374866197245e-05,negative_baseline,20.0,0,0,0,0,0,0,0,0,0,0,-1,0,0,0,0,0,0,0,1,0
sim_0000_n2_seed256,256,0.001,2,426.55,1,body_1,9.897616233308575,3.6886825746214664,2.856449835014453e-05,9.536916916527674e-06,0.6564754525438621,0.2201219538451502,0,7.457473207549924,2.475332856720549,-24.599759457912022,-2.654345002570683e-09,143.2463854806549,-4.166638453289722e-14,7.457473207549924,0-1,0,426.55,426550,,,,,0,0.6564754525438621,0.22011704602536047,7.457473207549924,2.475332856720549,2.0927223396073783e-05,negative_hard,10.0,0,0,0,0,1,0,0,0,0,0,-1,0,0,0,0,0,0,0,0,0
sim_0000_n2_seed256,256,0.001,2,427.0,1,body_1,9.897616233308575,3.6886825746214664,2.8306738154532723e-05,9.680930218187816e-06,0.6732935539832281,0.23164740557333577,0,7.363744630444196,2.507127152356708,-24.599759474417542,-3.325307683241075e-09,143.24638548065496,-4.126956182306011e-14,7.363744630444196,0-1,0,427.0,427000,,,,,0,0.6732935539832281,0.2316433837584903,7.363744630444196,2.507127152356708,2.0738380341023342e-05,negative_baseline,20.0,0,0,0,0,1,0,0,0,0,0,-1,0,0,0,0,0,0,0,0,0
sim_0000_n2_seed256,256,0.001,2,427.05,1,body_1,9.897616233308575,3.6886825746214664,2.827815175389076e-05,9.697406738107749e-06,0.6752281129658232,0.23298277353485963,0,7.353188333794194,2.51073318815618,-24.599759476384794,-3.405278028454292e-09,143.24638548065494,-4.146797317797866e-14,7.353188333794194,0-1,0,427.05,427050,,,,,0,0.6752281129658232,0.23297888832127026,7.353188333794194,2.51073318815618,2.0717437063053685e-05,negative_hard,10.0,0,0,0,0,1,0,0,0,0,0,-1,0,0,0,0,0,0,0,0,0
sim_0000_n2_seed256,256,0.001,2,427.55,1,body_1,9.897616233308575,3.6886825746214664,2.799642574366216e-05,9.866044094726575e-06,0.6951298739334157,0.24683241436715986,0,7.247162022050392,2.5472425863596033,-24.59975949746626,-4.262256551119469e-09,143.24638548065462,-4.36504980820828e-14,7.247162022050392,0-1,0,427.55,427550,,,,,0,0.6951298739334157,0.24683037500429647,7.247162022050392,2.5472425863596033,2.051103590382489e-05,negative_hard,10.0,0,0,1,0,1,0,0,0,0,0,-1,0,0,0,0,0,0,0,0,0
sim_0000_n2_seed256,256,0.001,2,428.0,1,body_1,9.897616233308575,3.6886825746214664,2.7755034701348705e-05,1.0021384701623648e-05,0.7135825614127237,0.25985079879197537,0,7.152845315663176,2.580177335530857,-24.599759518421365,-5.114098463893583e-09,143.24638548065462,-4.36504980820828e-14,7.152845315663176,0-1,0,428.0,428000,,,,,0,0.7135825614127237,0.25985124755317973,7.152845315663176,2.580177335530857,2.0334185375747666e-05,negative_baseline,20.0,0,0,1,0,1,0,0,0,0,0,-1,0,0,0,0,0,0,0,0,0
sim_0000_n2_seed256,256,0.001,2,428.05,1,body_1,9.897616233308575,3.6886825746214664,2.7729265387401516e-05,1.0038694804332225e-05,0.7156428628095377,0.26131460076076385,0,7.142541545411134,2.5838021974633514,-24.59975952084729,-5.2127142394210176e-09,143.24638548065468,-4.325367537224569e-14,7.142541545411134,0-1,0,428.05,428050,,,,,0,0.7156428628095377,0.2613153780681533,7.142541545411134,2.5838021974633514,2.0315305980133765e-05,negative_hard,10.0,0,0,1,0,1,0,0,0,0,0,-1,0,0,0,0,0,0,0,0,0
sim_0000_n2_seed256,256,0.001,2,429.0,1,body_1,9.897616233308575,3.6886825746214664,2.7298362358077987e-05,1.0359265579449871e-05,0.7537047102247183,0.28871049923308684,0,6.95985725909998,2.6489840223226127,-24.599759568888985,-7.1656477742497944e-09,143.2463854806547,-4.305526401732713e-14,6.95985725909998,0-1,0,429.0,429000,,,,,0,0.7537047102247183,0.2887195257960239,6.95985725909998,2.6489840223226127,1.999961308366401e-05,negative_baseline,20.0,0,0,0,0,0,0,0,0,0,0,-1,0,0,0,0,0,0,0,1,0
sim_0000_n2_seed256,256,0.001,2,430.0,1,body_1,9.897616233308575,3.6886825746214664,2.7014392529510865e-05,1.0646809775356583e-05,0.7866864449978219,0.3129600723279481,0,6.81239958486557,2.70291895262313,-24.59975961567413,-9.06750159635215e-09,143.24638548065448,-4.464255485667559e-14,6.81239958486557,0-1,0,430.0,430000,,,,,0,0.7866864449978219,0.3129809836585675,6.81239958486557,2.70291895262313,1.979156793756121e-05,negative_baseline,20.0,1,1,0,0,0,0,0,0,0,0,-1,0,0,0,0,0,0,0,0,0
sim_0000_n2_seed256,256,0.001,2,430.85,1,body_1,9.897616233308575,3.6886825746214664,2.6953576003937765e-05,1.0813234672259862e-05,0.8034168163312071,0.32542814478348076,0,6.741095635807575,2.729447005842211,-24.59975964132363,-1.0110174336184958e-08,143.24638548065425,-4.622984569602406e-14,6.741095635807575,0-1,0,430.85,430850,,,,,0,0.8034168163312071,0.32545927395944413,6.741095635807575,2.729447005842211,1.974701177436443e-05,negative_hard,10.0,1,1,0,1,0,0,1,0,0,0,-1,0,0,0,0,0,0,0,0,0
sim_0000_n2_seed256,256,0.001,2,431.0,1,body_1,9.897616233308575,3.6886825746214664,2.6961833963177004e-05,1.083294550235388e-05,0.8049774547158851,0.326596647720482,0,6.7345578647398,2.731894390444806,-24.599759643783727,-1.0210179294115804e-08,143.24638548065434,-4.563461163126839e-14,6.7345578647398,0-1,0,431.0,431000,,,,,0,0.8049774547158851,0.326629355604315,6.7345578647398,2.731894390444806,1.9753061790905816e-05,negative_baseline,20.0,1,1,0,1,0,0,1,0,0,0,-1,0,0,0,0,0,0,0,0,0
sim_0000_n2_seed256,256,0.001,2,431.35,1,body_1,9.897616233308575,3.6886825746214664,2.7003673557796644e-05,1.0866457370203614e-05,0.8068466386452787,0.32799737060872636,0,6.726752523694878,2.7348196365265047,-24.59975964674556,-1.0330580205275075e-08,143.24638548065445,-4.484096621159415e-14,6.726752523694878,0-1,0,431.35,431350,,,,,0,0.8068466386452787,0.3280333231336882,6.726752523694878,2.7348196365265047,1.9783714723908163e-05,negative_hard,10.0,1,1,0,1,0,0,1,1,0,0,-1,0,0,0,0,0,0,0,0,0
sim_0000_n2_seed256,256,0.001,2,431.85,1,body_1,9.897616233308575,3.6886825746214664,2.7117507683474593e-05,1.0882929449868243e-05,0.8051365219876601,0.32671579813946117,0,6.733892573430471,2.7321435825542224,-24.599759644035082,-1.0220397056361502e-08,143.2463854806545,-4.444414350175704e-14,6.733892573430471,0-1,0,431.85,431850,,,,,0,0.8051365219876601,0.3267550896859112,6.733892573430471,2.7321435825542224,1.9867113051611036e-05,negative_hard,10.0,1,1,0,1,0,0,1,0,0,0,-1,0,0,0,0,0,0,0,0,0
sim_0000_n2_seed256,256,0.001,2,432.0,1,body_1,9.897616233308575,3.6886825746214664,2.7163677415694733e-05,1.0880590501893252e-05,0.803630390518922,0.3255880009362883,0,6.740199813729225,2.729782201659641,-24.599759641659556,-1.0123830032427247e-08,143.2463854806543,-4.583302298618694e-14,6.740199813729225,0-1,0,432.0,432000,,,,,0,0.803630390518922,0.32562796245022596,6.740199813729225,2.729782201659641,1.990093840232023e-05,negative_baseline,20.0,1,1,0,1,0,0,1,0,0,0,-1,0,0,0,0,0,0,0,0,0
sim_0000_n2_seed256,256,0.001,2,432.35,1,body_1,9.897616233308575,3.6886825746214664,2.729187162328428e-05,1.0862300707909135e-05,0.7984148297602903,0.3216891921113384,0,6.762178800887877,2.721571972619617,-24.599759633516655,-9.792814540191593e-09,143.24638548065425,-4.622984569602406e-14,6.762178800887877,0-1,0,432.35,432350,,,,,0,0.7984148297602903,0.3217301021316186,6.762178800887877,2.721571972619617,1.999485738897234e-05,negative_hard,10.0,1,1,0,1,0,0,1,0,0,0,-1,0,0,0,0,0,0,0,0,0
sim_0000_n2_seed256,256,0.001,2,433.0,1,body_1,9.897616233308575,3.6886825746214664,2.7599284257461117e-05,1.0783499821551535e-05,0.7830287661104891,0.31024881291907347,0,6.828292065626125,2.6970467652069994,-24.59975961024095,-8.84663849142783e-09,143.24638548065437,-4.543620027634983e-14,6.828292065626125,0-1,0,433.0,433000,,,,,0,0.7830287661104891,0.3102893265341506,6.828292065626125,2.6970467652069994,2.022007729136191e-05,negative_baseline,20.0,1,1,0,0,0,0,0,0,0,0,-1,0,0,0,0,0,0,0,0,0
sim_0000_n2_seed256,256,0.001,2,434.0,1,body_1,9.897616233308575,3.6886825746214664,2.8210344602688198e-05,1.056912604719437e-05,0.748659290715651,0.28504146402984676,0,6.9832700688282365,2.6405314305251886,-24.599759562161694,-6.8921779968785755e-09,143.24638548065462,-4.36504980820828e-14,6.9832700688282365,0-1,0,434.0,434000,,,,,0,0.748659290715651,0.2850772450024286,6.9832700688282365,2.6405314305251886,2.0667758846134548e-05,negative_baseline,20.0,0,0,0,0,0,0,0,0,0,0,-1,0,0,0,0,0,0,0,1,0
sim_0000_n2_seed256,256,0.001,2,435.0,1,body_1,9.897616233308575,3.6886825746214664,2.8917112008879884e-05,1.0285190552369452e-05,0.7081554461497961,0.25600470742632725,0,7.180201755977871,2.570579252521961,-24.599759512114627,-4.857724483071262e-09,143.24638548065448,-4.464255485667559e-14,7.180201755977871,0-1,0,435.0,435000,,,,,0,0.7081554461497961,0.25603345730679067,7.180201755977871,2.570579252521961,2.1185558364095687e-05,negative_baseline,20.0,0,0,1,0,0,1,0,0,0,0,-1,0,0,0,0,0,0,0,0,0
sim_0000_n2_seed256,256,0.001,2,436.0,1,body_1,9.897616233308575,3.6886825746214664,2.9636234053156605e-05,9.981627339509526e-06,0.6682544036933752,0.22817826784586367,0,7.391456624833354,2.497685181414571,-24.599759469360357,-3.11972905085031e-09,143.24638548065425,-4.622984569602406e-14,7.391456624833354,0-1,0,436.0,436000,,,,,0,0.6682544036933752,0.22819997409850742,7.391456624833354,2.497685181414571,2.1712409289508343e-05,negative_baseline,20.0,0,0,0,0,0,1,0,0,0,0,-1,0,0,0,0,0,0,0,0,0
sim_0000_n2_seed256,256,0.001,2,437.0,1,body_1,9.897616233308575,3.6886825746214664,3.0293611929510034e-05,9.699097900490323e-06,0.6334525282670184,0.20459442356669832,0,7.59178517658143,2.4304498207253413,-24.599759437004483,-1.8044367381175255e-09,143.2463854806542,-4.662666840586118e-14,7.59178517658143,0-1,0,437.0,437000,,,,,0,0.6334525282670184,0.20461006802330034,7.59178517658143,2.4304498207253413,2.219402455444505e-05,negative_baseline,20.0,0,0,0,0,0,0,0,0,0,0,-1,0,0,0,0,0,0,0,1,0
sim_0000_n2_seed256,256,0.001,2,438.0,1,body_1,9.897616233308575,3.6886825746214664,3.0830774151398925e-05,9.465947681845453e-06,0.6061535007305742,0.1865740069006096,0,7.760856235781142,2.3750267364704087,-24.599759414623477,-8.946308682250753e-10,143.24638548065425,-4.622984569602406e-14,7.760856235781142,0-1,0,438.0,438000,,,,,0,0.6061535007305742,0.18658471526183307,7.760856235781142,2.3750267364704087,2.2587566145145388e-05,negative_baseline,20.0,0,0,0,0,0,0,0,0,0,0,-1,0,0,0,0,0,0,0,1,0
sim_0000_n2_seed256,256,0.001,2,439.0,1,body_1,9.897616233308575,3.6886825746214664,3.120651999149797e-05,9.299956800359659e-06,0.5873836862638523,0.174440316145791,0,7.883880033631982,2.3354089841697414,-24.59975940067525,-3.276242061147565e-10,143.2463854806543,-4.583302298618694e-14,7.883880033631982,0-1,0,439.0,439000,,,,,0,0.5873836862638523,0.17444701582805514,7.883880033631982,2.3354089841697414,2.286284914088724e-05,negative_baseline,20.0,0,0,0,0,0,0,0,0,0,0,-1,0,0,0,0,0,0,0,1,0
sim_0000_n2_seed256,256,0.001,2,440.0,1,body_1,9.897616233308575,3.6886825746214664,3.1396254075337174e-05,9.211326288696266e-06,0.5774648049132615,0.16811531275714742,0,7.951300873784643,2.3139388202417885,-24.599759393757356,-4.640625991694061e-11,143.24638548065508,-4.047591640338587e-14,7.951300873784643,0-1,0,440.0,440000,,,,,0,0.5774648049132615,0.16811867293317143,7.951300873784643,2.3139388202417885,2.300185421150496e-05,negative_baseline,20.0,0,0,0,0,0,0,0,0,0,0,-1,0,0,0,0,0,0,0,1,0
sim_0000_n2_seed256,256,0.001,2,441.0,1,body_1,9.897616233308575,3.6886825746214664,3.139079877687537e-05,9.205150195843546e-06,0.5764529977630163,0.16747354451663812,0,7.958275992240758,2.311727092977219,-24.59975939306889,-1.8419556389803912e-11,143.2463854806551,-4.027750504846731e-14,7.958275992240758,0-1,0,441.0,441000,,,,,0,0.5764529977630163,0.16747403399865496,7.958275992240758,2.311727092977219,2.299785754233876e-05,negative_baseline,20.0,0,0,0,0,0,0,0,0,0,0,-1,0,0,0,0,0,0,0,1,0
sim_0000_n2_seed256,256,0.001,2,442.0,1,body_1,9.897616233308575,3.6886825746214664,3.119565443792459e-05,9.28287355482691e-06,0.584349824185948,0.17249924377399128,0,7.904319536217479,2.3288823151156115,-24.599759398526565,-2.402784418184926e-10,143.24638548065482,-4.22616185976529e-14,7.904319536217479,0-1,0,442.0,442000,,,,,0,0.584349824185948,0.1724972454024577,7.904319536217479,2.3288823151156115,2.2854888848691266e-05,negative_baseline,20.0,0,0,0,0,0,0,0,0,0,0,-1,0,0,0,0,0,0,0,1,0
sim_0000_n2_seed256,256,0.001,2,443.0,1,body_1,9.897616233308575,3.6886825746214664,3.083106427533576e-05,9.44269085244423e-06,0.6011227561874616,0.183301020918846,0,7.793263542074586,2.364534036238856,-24.599759410772656,-7.380918622076193e-10,143.24638548065482,-4.22616185976529e-14,7.793263542074586,0-1,0,443.0,443000,,,,,0,0.6011227561874616,0.18329700735668492,7.793263542074586,2.364534036238856,2.2587778928260633e-05,negative_baseline,20.0,0,0,0,0,0,0,0,0,0,0,-1,0,0,0,0,0,0,0,1,0
sim_0000_n2_seed256,256,0.001,2,444.0,1,body_1,9.897616233308575,3.6886825746214664,3.033278037949856e-05,9.678861946370818e-06,0.6265400729327303,0.1999905674337286,0,7.633549404820048,2.4166503170790237,-24.599759431095283,-1.5642229967582e-09,143.24638548065505,-4.067432775830443e-14,7.633549404820048,0-1,0,444.0,444000,,,,,0,0.6265400729327303,0.19998537549893344,7.633549404820048,2.4166503170790237,2.2222720850565608e-05,negative_baseline,20.0,0,0,0,0,0,0,0,0,0,0,-1,0,0,0,0,0,0,0,1,0
sim_0000_n2_seed256,256,0.001,2,445.0,1,body_1,9.897616233308575,3.6886825746214664,2.9752930002245257e-05,9.979843956895736e-06,0.6597870080944882,0.22237938396205606,0,7.438734658295301,2.481657536543461,-24.599759461078186,-2.783052124016866e-09,143.24638548065496,-4.126956182306011e-14,7.438734658295301,0-1,0,445.0,445000,,,,,0,0.6597870080944882,0.2223746086120103,7.438734658295301,2.481657536543461,2.1797904635729074e-05,negative_baseline,20.0,0,0,0,0,1,0,0,0,0,0,-1,0,0,0,0,0,0,0,0,0
sim_0000_n2_seed256,256,0.001,2,445.25,1,body_1,9.897616233308575,3.6886825746214664,2.960289087098393e-05,1.0063074348743337e-05,0.6691224864364459,0.22877493240077965,0,7.386660433931701,2.4993168058377213,-24.5997594702245,-3.154857211978684e-09,143.24638548065502,-4.087273911322299e-14,7.386660433931701,0-1,0,445.25,445250,,,,,0,0.6691224864364459,0.22877064080633713,7.386660433931701,2.4993168058377213,2.1687981350120836e-05,negative_hard,10.0,0,0,0,0,1,0,0,0,0,0,-1,0,0,0,0,0,0,0,0,0
sim_0000_n2_seed256,256,0.001,2,445.75,1,body_1,9.897616233308575,3.6886825746214664,2.9304994398516447e-05,1.0236291914453567e-05,0.688710247981476,0.2423429273443688,0,7.280859906256357,2.5355809799817366,-24.599759490496368,-3.978924864027971e-09,143.2463854806549,-4.166638453289722e-14,7.280859906256357,0-1,0,445.75,445750,,,,,0,0.688710247981476,0.24234020240834903,7.280859906256357,2.5355809799817366,2.1469733219584695e-05,negative_hard,10.0,0,0,1,0,1,0,0,0,0,0,-1,0,0,0,0,0,0,0,0,0
sim_0000_n2_seed256,256,0.001,2,446.0,1,body_1,9.897616233308575,3.6886825746214664,2.9159686313644753e-05,1.0325267550199911e-05,0.6988400912078931,0.24943652626683885,0,7.227898438247366,2.553933696322372,-24.599759501568993,-4.429035993427466e-09,143.24638548065488,-4.186479588781578e-14,7.227898438247366,0-1,0,446.0,446000,,,,,0,0.6988400912078931,0.2494349241241021,7.227898438247366,2.553933696322372,2.1363276037439422e-05,negative_baseline,20.0,0,0,1,0,1,0,0,0,0,0,-1,0,0,0,0,0,0,0,0,0
sim_0000_n2_seed256,256,0.001,2,446.25,1,body_1,9.897616233308575,3.6886825746214664,2.9018557511870717e-05,1.0415054351805575e-05,0.7090965753530121,0.256670647881694,0,7.175435309870236,2.572248878522296,-24.59975951319955,-4.901827522178388e-09,143.24638548065488,-4.186479588781578e-14,7.175435309870236,0-1,0,446.25,446250,,,,,0,0.7090965753530121,0.25667041776394933,7.175435309870236,2.572248878522296,2.1259880724585524e-05,negative_hard,10.0,0,0,1,0,1,0,0,0,0,0,-1,0,0,0,0,0,0,0,0,0
sim_0000_n2_seed256,256,0.001,2,447.0,1,body_1,9.897616233308575,3.6886825746214664,2.8633622214255314e-05,1.0682556112603535e-05,0.7397257971274276,0.27857254070559906,0,7.02531117056929,2.625427721114647,-24.599759550523107,-6.419060077418462e-09,143.24638548065468,-4.325367537224569e-14,7.02531117056929,0-1,0,447.0,447000,,,,,0,0.7397257971274276,0.2785780132084164,7.02531117056929,2.625427721114647,2.0977865235941717e-05,negative_baseline,20.0,0,0,1,0,0,0,0,0,0,0,-1,0,0,0,0,0,0,0,0,0
sim_0000_n2_seed256,256,0.001,2,448.0,1,body_1,9.897616233308575,3.6886825746214664,2.8258342720522886e-05,1.1005777926382478e-05,0.7761651920868415,0.3051756676005773,0,6.858416667225757,2.6859557271488597,-24.59975960021245,-8.438971874186633e-09,143.24638548065465,-4.345208672716425e-14,6.858416667225757,0-1,0,448.0,448000,,,,,0,0.7761651920868415,0.3051920944927199,6.858416667225757,2.6859557271488597,2.070292384502511e-05,negative_baseline,20.0,1,1,0,0,0,0,0,0,0,0,-1,0,0,0,0,0,0,0,0,0
sim_0000_n2_seed256,256,0.001,2,449.0,1,body_1,9.897616233308575,3.6886825746214664,2.8104667845366087e-05,1.1241278683422235e-05,0.8005099236944744,0.3232541050019239,0,6.753324018926351,2.7248762133174425,-24.599759636772,-9.925146909240484e-09,143.24638548065496,-4.126956182306011e-14,6.753324018926351,0-1,0,449.0,449000,,,,,0,0.8005099236944744,0.32328288484714085,6.753324018926351,2.7248762133174425,2.0590336798606153e-05,negative_baseline,20.0,1,1,0,1,0,0,1,0,0,0,-1,0,0,0,0,0,0,0,0,0
sim_0000_n2_seed256,256,0.001,2,449.05,1,body_1,9.897616233308575,3.6886825746214664,2.8103686424605265e-05,1.1249839515376663e-05,0.8012818361460288,0.32383109963202955,0,6.750070337920868,2.7260915228172147,-24.599759637976693,-9.974118657899935e-09,143.24638548065496,-4.126956182306011e-14,6.750070337920868,0-1,0,449.05,449050,,,,,0,0.8012818361460288,0.3238604558793866,6.750070337920868,2.7260915228172147,2.0589617774245333e-05,negative_hard,10.0,1,1,0,1,0,0,1,0,0,0,-1,0,0,0,0,0,0,0,0,0
sim_0000_n2_seed256,256,0.001,2,449.55,1,body_1,9.897616233308575,3.6886825746214664,2.8130659031830058e-05,1.131583024745954e-05,0.8063091924164237,0.3275944871905567,0,6.728994012177751,2.7339792087692834,-24.59975964589213,-1.0295887616880737e-08,143.24638548065488,-4.186479588781578e-14,6.728994012177751,0-1,0,449.55,449550,,,,,0,0.8063091924164237,0.3276290494582986,6.728994012177751,2.7339792087692834,2.060937868344984e-05,negative_hard,10.0,1,1,0,1,0,0,1,0,0,0,-1,0,0,0,0,0,0,0,0,0
sim_0000_n2_seed256,256,0.001,2,450.0,1,body_1,9.897616233308575,3.6886825746214664,2.8212144178684423e-05,1.13430292237526e-05,0.8064766922339405,0.32772003777065056,0,6.728295192354996,2.7342411931761945,-24.599759646158017,-1.030669605965767e-08,143.2463854806547,-4.305526401732713e-14,6.728295192354996,0-1,0,450.0,450000,,,,,0,0.8064766922339405,0.32775813595981407,6.728295192354996,2.7342411931761945,2.0669077163564494e-05,negative_baseline,20.0,1,1,0,1,0,0,1,0,0,0,-1,0,0,0,0,0,0,0,0,0
sim_0000_n2_seed256,256,0.001,2,450.05,1,body_1,9.897616233308575,3.6886825746214664,2.822449269317003e-05,1.134410992447408e-05,0.80623710158561,0.3275404542627841,0,6.7292948467117,2.7338664362815153,-24.599759645777848,-1.029124189283947e-08,143.24638548065474,-4.285685266240857e-14,6.7292948467117,0-1,0,450.05,450050,,,,,0,0.80623710158561,0.3275788652340917,6.7292948467117,2.7338664362815153,2.0678124060477326e-05,negative_hard,10.0,1,1,0,1,0,0,1,0,0,0,-1,0,0,0,0,0,0,0,0,0
sim_0000_n2_seed256,256,0.001,2,450.55,1,body_1,9.897616233308575,3.6886825746214664,2.838285667465419e-05,1.133358654309801e-05,0.8010709845621625,0.32367346833578037,0,6.750958629599565,2.7257596671233353,-24.599759637647473,-9.960735627878421e-09,143.24638548065465,-4.345208672716425e-14,6.750958629599565,0-1,0,450.55,450550,,,,,0,0.8010709845621625,0.32371405398780984,6.750958629599565,2.7257596671233353,2.079414633976908e-05,negative_hard,10.0,1,1,0,1,0,0,1,0,0,0,-1,0,0,0,0,0,0,0,0,0
sim_0000_n2_seed256,256,0.001,2,451.0,1,body_1,9.897616233308575,3.6886825746214664,2.8576382755384223e-05,1.1291998871586536e-05,0.7923749197811282,0.3171871641623458,0,6.787902365372065,2.711999261251189,-24.59975962424744,-9.416013508069134e-09,143.24638548065474,-4.285685266240857e-14,6.787902365372065,0-1,0,451.0,451000,,,,,0,0.7923749197811282,0.3172282244244372,6.787902365372065,2.711999261251189,2.093592946488515e-05,negative_baseline,20.0,1,1,0,0,0,0,0,0,0,0,-1,0,0,0,0,0,0,0,0,0
sim_0000_n2_seed256,256,0.001,2,452.0,1,body_1,9.897616233308575,3.6886825746214664,2.9149818029976373e-05,1.1105402793582408e-05,0.7621035300100952,0.2948425373360815,0,6.921400193267139,2.6629329875587993,-24.599759580336958,-7.631017091621308e-09,143.24638548065496,-4.126956182306011e-14,6.921400193267139,0-1,0,452.0,452000,,,,,0,0.7621035300100952,0.2948804381018687,6.921400193267139,2.6629329875587993,2.1356045730356056e-05,negative_baseline,20.0,0,0,0,0,0,0,0,0,0,0,-1,0,0,0,0,0,0,0,1,0
sim_0000_n2_seed256,256,0.001,2,453.0,1,body_1,9.897616233308575,3.6886825746214664,2.985554578273937e-05,1.082779818943031e-05,0.7229310753919065,0.2665089061637152,0,7.106446660483689,2.596542892421268,-24.59975952957007,-5.567302217472998e-09,143.2463854806553,-3.888862556403741e-14,7.106446660483689,0-1,0,453.0,453000,,,,,0,0.7229310753919065,0.2665402710760166,7.106446660483689,2.596542892421268,2.187308355693827e-05,negative_baseline,20.0,0,0,1,0,0,1,0,0,0,0,-1,0,0,0,0,0,0,0,0,0
sim_0000_n2_seed256,256,0.001,2,454.0,1,body_1,9.897616233308575,3.6886825746214664,3.060629887596987e-05,1.051226038085638e-05,0.6821718591656488,0.23779187727595122,0,7.315668998738908,2.5235918439248635,-24.599759483564483,-3.6971381892404227e-09,143.246385480655,-4.107115046814155e-14,7.315668998738908,0-1,0,454.0,454000,,,,,0,0.6821718591656488,0.23781602602580879,7.315668998738908,2.5235918439248635,2.24231083513773e-05,negative_baseline,20.0,0,0,1,0,0,1,0,0,0,0,-1,0,0,0,0,0,0,0,0,0
sim_0000_n2_seed256,256,0.001,2,455.0,1,body_1,9.897616233308575,3.6886825746214664,3.13202176700518e-05,1.0205290652721475e-05,0.6451676929785781,0.21245877850852188,0,7.522542351448871,2.453491135124932,-24.599759447404196,-2.227193437673441e-09,143.24638548065494,-4.146797317797866e-14,7.522542351448871,0-1,0,455.0,455000,,,,,0,0.6451676929785781,0.2124764650318823,7.522542351448871,2.453491135124932,2.294614721864935e-05,negative_baseline,20.0,0,0,0,0,0,0,0,0,0,0,-1,0,0,0,0,0,0,0,1,0
sim_0000_n2_seed256,256,0.001,2,456.0,1,body_1,9.897616233308575,3.6886825746214664,3.1929911134046634e-05,9.940858532057708e-06,0.6150024038155738,0.19236760911115539,0,7.704820772552964,2.393267339191144,-24.599759421600425,-1.1782493747627923e-09,143.24638548065477,-4.265844130749001e-14,7.704820772552964,0-1,0,456.0,456000,,,,,0,0.6150024038155738,0.1923799688558366,7.704820772552964,2.393267339191144,2.3392827414327455e-05,negative_baseline,20.0,0,0,0,0,0,0,0,0,0,0,-1,0,0,0,0,0,0,0,1,0
sim_0000_n2_seed256,256,0.001,2,457.0,1,body_1,9.897616233308575,3.6886825746214664,3.23857127623872e-05,9.740984630629206e-06,0.5931096547490389,0.17811919530843698,0,7.845731664850416,2.3476322136774312,-24.5997594048098,-4.956969355027563e-10,143.24638548065474,-4.285685266240857e-14,7.845731664850416,0-1,0,457.0,457000,,,,,0,0.5931096547490389,0.17812724376596323,7.845731664850416,2.3476322136774312,2.3726761728145962e-05,negative_baseline,20.0,0,0,0,0,0,0,0,0,0,0,-1,0,0,0,0,0,0,0,1,0
sim_0000_n2_seed256,256,0.001,2,458.0,1,body_1,9.897616233308575,3.6886825746214664,3.265563094915945e-05,9.618707219024093e-06,0.5800005002800139,0.16972645469169464,0,7.93390074943347,2.3194639029347606,-24.59975939549681,-1.1711649633253294e-10,143.24638548065474,-4.285685266240857e-14,7.93390074943347,0-1,0,458.0,458000,,,,,0,0.5800005002800139,0.16973095099478344,7.93390074943347,2.3194639029347606,2.3924512125090196e-05,negative_baseline,20.0,0,0,0,0,0,0,0,0,0,0,-1,0,0,0,0,0,0,0,1,0
sim_0000_n2_seed256,256,0.001,2,459.0,1,body_1,9.897616233308575,3.6886825746214664,3.272416520342587e-05,9.580952617764671e-06,0.5757911747075729,0.16705410976933655,0,7.962848359923605,2.310278205374283,-24.5997593926203,-1.8399193075646407e-13,143.24638548065514,-4.007909369354876e-14,7.962848359923605,0-1,0,459.0,459000,,,,,0,0.5757911747075729,0.16705558402784887,7.962848359923605,2.310278205374283,2.397472246702334e-05,negative_baseline,20.0,0,0,0,0,0,0,0,0,0,0,-1,0,0,0,0,0,0,0,1,0
sim_0000_n2_seed256,256,0.001,2,460.0,1,body_1,9.897616233308575,3.6886825746214664,3.2591297450232895e-05,9.630439474333966e-06,0.5804910954167939,0.17003863305556766,0,7.930547419906495,2.320529959693349,-24.599759395835523,-1.308854183783654e-10,143.24638548065508,-4.047591640338587e-14,7.930547419906495,0-1,0,460.0,460000,,,,,0,0.5804910954167939,0.17003748255074713,7.930547419906495,2.320529959693349,2.3877379508442286e-05,negative_baseline,20.0,0,0,0,0,0,0,0,0,0,0,-1,0,0,0,0,0,0,0,1,0
sim_0000_n2_seed256,256,0.001,2,461.0,1,body_1,9.897616233308575,3.6886825746214664,3.227224169112569e-05,9.76647714030436e-06,0.5940888876891813,0.17875034750500354,0,7.839262963336214,2.349710319351259,-24.599759405527276,-5.248629782030149e-10,143.24638548065514,-4.007909369354876e-14,7.839262963336214,0-1,0,461.0,461000,,,,,0,0.5940888876891813,0.17874698716097373,7.839262963336214,2.349710319351259,2.3643629489316816e-05,negative_baseline,20.0,0,0,0,0,0,0,0,0,0,0,-1,0,0,0,0,0,0,0,1,0
sim_0000_n2_seed256,256,0.001,2,462.0,1,body_1,9.897616233308575,3.6886825746214664,3.1798015910679224e-05,9.98465539686245e-06,0.6164561125933924,0.19332380564719984,0,7.6957307689270475,2.3962381322820683,-24.599759422771573,-1.225857503477029e-09,143.2463854806555,-3.74997460796075e-14,7.6957307689270475,0-1,0,462.0,462000,,,,,0,0.6164561125933924,0.19331890220838183,7.6957307689270475,2.3962381322820683,2.329619713085813e-05,negative_baseline,20.0,0,0,0,0,0,0,0,0,0,0,-1,0,0,0,0,0,0,0,1,0
sim_0000_n2_seed256,256,0.001,2,463.0,1,body_1,9.897616233308575,3.6886825746214664,3.121642080718604e-05,1.0275344168497887e-05,0.6470469355754668,0.21372744771340238,0,7.51161040771945,2.4571476986655805,-24.59975944911811,-2.296865433908336e-09,143.2463854806554,-3.829339149928173e-14,7.51161040771945,0-1,0,463.0,463000,,,,,0,0.6470469355754668,0.21372227302449748,7.51161040771945,2.4571476986655805,2.2870102684951833e-05,negative_baseline,20.0,0,0,0,0,0,0,0,0,0,0,-1,0,0,0,0,0,0,0,1,0
sim_0000_n2_seed256,256,0.001,2,463.45,1,body_1,9.897616233308575,3.6886825746214664,3.0936371907706464e-05,1.0425502337004387e-05,0.6631481159623169,0.22467664200624607,0,7.419859425050006,2.488044268329022,-24.599759464333438,-2.9153807381283946e-09,143.2463854806555,-3.74997460796075e-14,7.419859425050006,0-1,0,463.45,463450,,,,,0,0.6631481159623169,0.22467202193737074,7.419859425050006,2.488044268329022,2.2664930246297922e-05,negative_hard,10.0,0,0,0,0,1,0,0,0,0,0,-1,0,0,0,0,0,0,0,0,0
sim_0000_n2_seed256,256,0.001,2,463.95,1,body_1,9.897616233308575,3.6886825746214664,3.0623399464208275e-05,1.060275052863529e-05,0.6823724366075983,0.237931163839941,0,7.314593731084227,2.523961334059765,-24.599759483774594,-3.70567937195382e-09,143.24638548065525,-3.928544827387452e-14,7.314593731084227,0-1,0,463.95,463950,,,,,0,0.6823724366075983,0.23792784739977194,7.314593731084227,2.523961334059765,2.2435636999375256e-05,negative_hard,10.0,0,0,1,0,1,0,0,0,0,0,-1,0,0,0,0,0,0,0,0,0
sim_0000_n2_seed256,256,0.001,2,464.0,1,body_1,9.897616233308575,3.6886825746214664,3.059237263371973e-05,1.0620939469700302e-05,0.6843568279866258,0.23931029423469366,0,7.303981172309102,2.5276110167014605,-24.599759485862297,-3.7905461554875765e-09,143.24638548065525,-3.928544827387452e-14,7.303981172309102,0-1,0,464.0,464000,,,,,0,0.6843568279866258,0.23930715406521108,7.303981172309102,2.5276110167014605,2.2412905787369346e-05,negative_baseline,20.0,0,0,1,0,1,0,0,0,0,0,-1,0,0,0,0,0,0,0,0,0
sim_0000_n2_seed256,256,0.001,2,464.45,1,body_1,9.897616233308575,3.6886825746214664,3.0318562500747973e-05,1.0787112568141752e-05,0.7025672198363755,0.2520593810648655,0,7.208700893966971,2.5606199110531978,-24.59975950574616,-4.598841193146199e-09,143.24638548065533,-3.869021420911885e-14,7.208700893966971,0-1,0,464.45,464450,,,,,0,0.7025672198363755,0.252058249278727,7.208700893966971,2.5606199110531978,2.221230404554094e-05,negative_hard,10.0,0,0,1,0,1,0,0,0,0,0,-1,0,0,0,0,0,0,0,0,0
sim_0000_n2_seed256,256,0.001,2,465.0,1,body_1,9.897616233308575,3.6886825746214664,3.0005690601618238e-05,1.0992299477819053e-05,0.7251895469792764,0.2681235903685972,0,7.095372160437107,2.6004653158053324,-24.59975953231823,-5.679017236409752e-09,143.24638548065516,-3.98806823386302e-14,7.095372160437107,0-1,0,465.0,465000,,,,,0,0.7251895469792764,0.2681260338572895,7.095372160437107,2.6004653158053324,2.1983084441089127e-05,negative_baseline,20.0,0,0,1,0,0,0,0,0,0,0,-1,0,0,0,0,0,0,0,0,0
sim_0000_n2_seed256,256,0.001,2,466.0,1,body_1,9.897616233308575,3.6886825746214664,2.9543800284295316e-05,1.1346295143778083e-05,0.7640743054021112,0.29628577165284475,0,6.912468252885464,2.666184420768183,-24.59975958306883,-7.742069941796273e-09,143.24638548065496,-4.126956182306011e-14,6.912468252885464,0-1,0,466.0,466000,,,,,0,0.7640743054021112,0.29629791673591743,6.912468252885464,2.666184420768183,2.164468931539326e-05,negative_baseline,20.0,0,0,0,0,0,0,0,0,0,0,-1,0,0,0,0,0,0,0,1,0
sim_0000_n2_seed256,256,0.001,2,467.0,1,body_1,9.897616233308575,3.6886825746214664,2.9287614155953855e-05,1.1628636176298488e-05,0.7936291098335334,0.3181208522040577,0,6.782536706762736,2.713992813216452,-24.59975962615808,-9.493682509941217e-09,143.24638548065482,-4.22616185976529e-14,6.782536706762736,0-1,0,467.0,467000,,,,,0,0.7936291098335334,0.3181453019956526,6.782536706762736,2.713992813216452,2.1456999385980956e-05,negative_baseline,20.0,1,1,0,0,0,0,0,0,0,0,-1,0,0,0,0,0,0,0,0,0
sim_0000_n2_seed256,256,0.001,2,467.25,1,body_1,9.897616233308575,3.6886825746214664,2.9263031756329185e-05,1.1681509371910749e-05,0.7986669816486107,0.32187744620514974,0,6.761111252838604,2.7219700912799536,-24.599759633907297,-9.808694459138421e-09,143.24638548065494,-4.146797317797866e-14,6.761111252838604,0-1,0,467.25,467250,,,,,0,0.7986669816486107,0.32190494437909434,6.761111252838604,2.7219700912799536,2.143898953975916e-05,negative_hard,10.0,1,1,0,1,0,0,1,0,0,0,-1,0,0,0,0,0,0,0,0,0
sim_0000_n2_seed256,256,0.001,2,467.75,1,body_1,9.897616233308575,3.6886825746214664,2.9265260999025908e-05,1.1760892846437064e-05,0.8052538058428717,0.3268036564800151,0,6.733402165539584,2.732327287146857,-24.599759644220676,-1.0227941592046525e-08,143.24638548065457,-4.404732079191992e-14,6.733402165539584,0-1,0,467.75,467750,,,,,0,0.8052538058428717,0.32683668979884045,6.733402165539584,2.732327287146857,2.144062270375121e-05,negative_hard,10.0,1,1,0,1,0,0,1,0,0,0,-1,0,0,0,0,0,0,0,0,0
sim_0000_n2_seed256,256,0.001,2,468.0,1,body_1,9.897616233308575,3.6886825746214664,2.92925058930712e-05,1.1786357146631002e-05,0.8066810338193161,0.3278732175160508,0,6.7274429610966076,2.7345607305205917,-24.59975964648262,-1.0319891487231734e-08,143.2463854806545,-4.444414350175704e-14,6.7274429610966076,0-1,0,468.0,468000,,,,,0,0.8066810338193161,0.32790859471315176,6.7274429610966076,2.7345607305205917,2.1460583127565967e-05,negative_baseline,20.0,1,1,0,1,0,0,1,1,0,0,-1,0,0,0,0,0,0,0,0,0
sim_0000_n2_seed256,256,0.001,2,468.25,1,body_1,9.897616233308575,3.6886825746214664,2.9337137419160456e-05,1.1801868706672306e-05,0.806820295571907,0.3279776206571591,0,6.726862338662248,2.73477845527427,-24.599759646703895,-1.0328886439683308e-08,143.24638548065442,-4.503937756651271e-14,6.726862338662248,0-1,0,468.25,468250,,,,,0,0.806820295571907,0.32801497992759676,6.726862338662248,2.73477845527427,2.1493281534629518e-05,negative_hard,10.0,1,1,0,1,0,0,1,1,0,0,-1,0,0,0,0,0,0,0,0,0
sim_0000_n2_seed256,256,0.001,2,468.75,1,body_1,9.897616233308575,3.6886825746214664,2.9477300733194006e-05,1.1802555571282818e-05,0.8032488342697232,0.3253024255281197,0,6.741800475887077,2.7291833047413334,-24.599759641059542,-1.0099438970265923e-08,143.2463854806545,-4.444414350175704e-14,6.741800475887077,0-1,0,468.75,468750,,,,,0,0.8032488342697232,0.32534251023832,6.741800475887077,2.7291833047413334,2.1595969448908465e-05,negative_hard,10.0,1,1,0,1,0,0,1,0,0,0,-1,0,0,0,0,0,0,0,0,0
sim_0000_n2_seed256,256,0.001,2,469.0,1,body_1,9.897616233308575,3.6886825746214664,2.9571740349150965e-05,1.1787892883094078e-05,0.7996054488058495,0.32257830980651403,0,6.757142455660974,2.7234507593668895,-24.59975963536429,-9.867922385941201e-09,143.24638548065434,-4.563461163126839e-14,6.757142455660974,0-1,0,469.0,469000,,,,,0,0.7996054488058495,0.3226191028403004,6.757142455660974,2.7234507593668895,2.166515879740176e-05,negative_baseline,20.0,1,1,0,1,0,0,1,0,0,0,-1,0,0,0,0,0,0,0,0,0
sim_0000_n2_seed256,256,0.001,2,470.0,1,body_1,9.897616233308575,3.6886825746214664,3.0091577879888144e-05,1.1638059629353383e-05,0.7744029112502238,0.30387617993676025,0,6.866215958603115,2.6830926838210027,-24.59975959767268,-8.335728138360068e-09,143.24638548065403,-4.781713653537253e-14,6.866215958603115,0-1,0,470.0,470000,,,,,0,0.7744029112502238,0.30391576848497304,6.866215958603115,2.6830926838210027,2.2046007704221886e-05,negative_baseline,20.0,0,0,0,0,0,0,0,0,0,0,-1,0,0,0,0,0,0,0,1,0
sim_0000_n2_seed256,256,0.001,2,471.0,1,body_1,9.897616233308575,3.6886825746214664,3.078125930607507e-05,1.1375274900682276e-05,0.7375230969481713,0.2769830028771736,0,7.0357943115300445,2.6216762251787973,-24.59975954770675,-6.304572903763599e-09,143.2463854806542,-4.662666840586118e-14,7.0357943115300445,0-1,0,471.0,471000,,,,,0,0.7375230969481713,0.27701690886705005,7.0357943115300445,2.6216762251787973,2.255128949484538e-05,negative_baseline,20.0,0,0,1,0,0,0,0,0,0,0,-1,0,0,0,0,0,0,0,0,0
sim_0000_n2_seed256,256,0.001,2,472.0,1,body_1,9.897616233308575,3.6886825746214664,3.1551895382938024e-05,1.10538690446702e-05,0.6965951302519705,0.2478600230747472,0,7.239535971074862,2.5498892975700573,-24.59975949908017,-4.327863394397588e-09,143.2463854806543,-4.583302298618694e-14,7.239535971074862,0-1,0,472.0,472000,,,,,0,0.6965951302519705,0.24788672151239002,7.239535971074862,2.5498892975700573,2.311588116868025e-05,negative_baseline,20.0,0,0,1,0,0,1,0,0,0,0,-1,0,0,0,0,0,0,0,0,0
sim_0000_n2_seed256,256,0.001,2,473.0,1,body_1,9.897616233308575,3.6886825746214664,3.23148266315271e-05,1.0725802429338677e-05,0.6577792335971555,0.2210100102333525,0,7.450078830765345,2.4778267514125245,-24.599759459153937,-2.7048298465665036e-09,143.24638548065448,-4.464255485667559e-14,7.450078830765345,0-1,0,473.0,473000,,,,,0,0.6577792335971555,0.22102988944572607,7.450078830765345,2.4778267514125245,2.3674828059595316e-05,negative_baseline,20.0,0,0,0,0,0,1,0,0,0,0,-1,0,0,0,0,0,0,0,0,0
sim_0000_n2_seed256,256,0.001,2,474.0,1,body_1,9.897616233308575,3.6886825746214664,3.299371314327078e-05,1.0431156759135771e-05,0.6249252137632549,0.19891898154095053,0,7.643405907393158,2.413404165508856,-24.599759429739155,-1.509095317134468e-09,143.2463854806543,-4.583302298618694e-14,7.643405907393158,0-1,0,474.0,474000,,,,,0,0.6249252137632549,0.198933124493808,7.643405907393158,2.413404165508856,2.4172201199869236e-05,negative_baseline,20.0,0,0,0,0,0,0,0,0,0,0,-1,0,0,0,0,0,0,0,1,0
sim_0000_n2_seed256,256,0.001,2,475.0,1,body_1,9.897616233308575,3.6886825746214664,3.352989724603813e-05,1.0196886065909559e-05,0.5999704148087585,0.18255344872574172,0,7.800744070979994,2.3621178259649365,-24.59975940990254,-7.027209299367009e-10,143.24638548065445,-4.484096621159415e-14,7.800744070979994,0-1,0,475.0,475000,,,,,0,0.5999704148087585,0.18256294337989,7.800744070979994,2.3621178259649365,2.456502617515581e-05,negative_baseline,20.0,0,0,0,0,0,0,0,0,0,0,-1,0,0,0,0,0,0,0,1,0
sim_0000_n2_seed256,256,0.001,2,476.0,1,body_1,9.897616233308575,3.6886825746214664,3.388333518386153e-05,1.0039439450229525e-05,0.5836833277980494,0.17207357815330224,0,7.9088311413238435,2.3274437738275333,-24.599759398058744,-2.2126112828473182e-10,143.24638548065408,-4.742031382553541e-14,7.9088311413238435,0-1,0,476.0,476000,,,,,0,0.5836833277980494,0.17207927795559452,7.9088311413238435,2.3274437738275333,2.482396569660695e-05,negative_baseline,20.0,0,0,0,0,0,0,0,0,0,0,-1,0,0,0,0,0,0,0,1,0
sim_0000_n2_seed256,256,0.001,2,477.0,1,body_1,9.897616233308575,3.6886825746214664,3.4031607874666544e-05,9.967953841207546e-06,0.5762769196853844,0.16736192714681053,0,7.959491701970206,2.311341786217377,-24.599759392949682,-1.3573665302988845e-11,143.24638548065445,-4.484096621159415e-14,7.959491701970206,0-1,0,477.0,477000,,,,,0,0.5762769196853844,0.16736443598903275,7.959491701970206,2.311341786217377,2.493259485731678e-05,negative_baseline,20.0,0,0,0,0,0,0,0,0,0,0,-1,0,0,0,0,0,0,0,1,0
sim_0000_n2_seed256,256,0.001,2,478.0,1,body_1,9.897616233308575,3.6886825746214664,3.3968707451838895e-05,9.986625428469899e-06,0.5777793395257993,0.16831494566130303,0,7.949136293267061,2.3146255418896358,-24.59975939397225,-5.5141832849174706e-11,143.24638548065462,-4.36504980820828e-14,7.949136293267061,0-1,0,478.0,478000,,,,,0,0.5777793395257993,0.16831469433565327,7.949136293267061,2.3146255418896358,2.488651210563927e-05,negative_baseline,20.0,0,0,0,0,0,0,0,0,0,0,-1,0,0,0,0,0,0,0,1,0
sim_0000_n2_seed256,256,0.001,2,479.0,1,body_1,9.897616233308575,3.6886825746214664,3.37044567482961e-05,1.0095941511334029e-05,0.5881881947654424,0.1749559925643117,0,7.878486505777358,2.3371338219838833,-24.599759401249855,-3.5098237166009263e-10,143.2463854806547,-4.305526401732713e-14,7.878486505777358,0-1,0,479.0,479000,,,,,0,0.5881881947654424,0.1749533679994487,7.878486505777358,2.3371338219838833,2.4692913948435315e-05,negative_baseline,20.0,0,0,0,0,0,0,0,0,0,0,-1,0,0,0,0,0,0,0,1,0
sim_0000_n2_seed256,256,0.001,2,480.0,1,body_1,9.897616233308575,3.6886825746214664,3.326481312497625e-05,1.029276487919287e-05,0.607440099147021,0.18741349172465177,0,7.752632874956824,2.377695803359501,-24.599759415621598,-9.352052771562413e-10,143.24638548065485,-4.206320724273434e-14,7.752632874956824,0-1,0,480.0,480000,,,,,0,0.607440099147021,0.18740903628328745,7.752632874956824,2.377695803359501,2.437081753914789e-05,negative_baseline,20.0,0,0,0,0,0,0,0,0,0,0,-1,0,0,0,0,0,0,0,1,0
sim_0000_n2_seed256,256,0.001,2,481.0,1,body_1,9.897616233308575,3.6886825746214664,3.2692818612711524e-05,1.0569222108920232e-05,0.6351882303406281,0.20575471786077432,0,7.581405504214119,2.4338907635912483,-24.599759438514447,-1.86581797707696e-09,143.24638548065485,-4.206320724273434e-14,7.581405504214119,0-1,0,481.0,481000,,,,,0,0.6351882303406281,0.20574943800799114,7.581405504214119,2.4338907635912483,2.3951756786853546e-05,negative_baseline,20.0,0,0,0,0,0,0,0,0,0,0,-1,0,0,0,0,0,0,0,1,0
sim_0000_n2_seed256,256,0.001,2,481.65000000000003,1,body_1,9.897616233308575,3.6886825746214664,3.227816631793499e-05,1.078490663596004e-05,0.6573177271380727,0.2206955546931907,0,7.452693742904178,2.476944543858698,-24.59975945871355,-2.6869277494293687e-09,143.24638548065477,-4.265844130749001e-14,7.452693742904178,0-1,0,481.65000000000003,481650,,,,,0,0.6573177271380727,0.22069067864425232,7.452693742904178,2.476944543858698,2.3647969764853445e-05,negative_hard,10.0,0,0,0,0,1,0,0,0,0,0,-1,0,0,0,0,0,0,0,0,0
sim_0000_n2_seed256,256,0.001,2,482.0,1,body_1,9.897616233308575,3.6886825746214664,3.204937625316267e-05,1.091029259971327e-05,0.6703496959311174,0.22961911785555034,0,7.379895955263981,2.501619816948255,-24.599759471451417,-3.2047323119151218e-09,143.24638548065482,-4.22616185976529e-14,7.379895955263981,0-1,0,482.0,482000,,,,,0,0.6703496959311174,0.22961490214958002,7.379895955263981,2.501619816948255,2.3480351123404087e-05,negative_baseline,20.0,0,0,0,0,1,0,0,0,0,0,-1,0,0,0,0,0,0,0,0,0
sim_0000_n2_seed256,256,0.001,2,482.15000000000003,1,body_1,9.897616233308575,3.6886825746214664,3.195131011836661e-05,1.0965610118008247e-05,0.6761337686427216,0.23360859276916177,0,7.348262024397815,2.5124177872205853,-24.599759477310773,-3.4429198313054418e-09,143.2463854806547,-4.305526401732713e-14,7.348262024397815,0-1,0,482.15000000000003,482150,,,,,0,0.6761337686427216,0.2336047740297696,7.348262024397815,2.5124177872205853,2.3408504854447588e-05,negative_hard,10.0,0,0,1,0,1,0,0,0,0,0,-1,0,0,0,0,0,0,0,0,0
sim_0000_n2_seed256,256,0.001,2,482.65000000000003,1,body_1,9.897616233308575,3.6886825746214664,3.162906665721916e-05,1.1155024629487463e-05,0.6960771377804659,0.2474966238416419,0,7.242229155157405,2.5489542735177952,-24.59975949850847,-4.304623220537831e-09,143.24638548065488,-4.186479588781578e-14,7.242229155157405,0-1,0,482.65000000000003,482650,,,,,0,0.6960771377804659,0.24749469320729067,7.242229155157405,2.5489542735177952,2.317241937109876e-05,negative_hard,10.0,0,0,1,0,1,0,0,0,0,0,-1,0,0,0,0,0,0,0,0,0
sim_0000_n2_seed256,256,0.001,2,483.0,1,body_1,9.897616233308575,3.6886825746214664,3.141221673164363e-05,1.1290286626767689e-05,0.7104226424323421,0.2576096971625907,0,7.168735387652286,2.5745976954012066,-24.599759514734565,-4.964227071266366e-09,143.24638548065488,-4.186479588781578e-14,7.168735387652286,0-1,0,483.0,483000,,,,,0,0.7104226424323421,0.2576096625880208,7.168735387652286,2.5745976954012066,2.3013548434247e-05,negative_baseline,20.0,0,0,1,0,1,0,0,0,0,0,-1,0,0,0,0,0,0,0,0,0
sim_0000_n2_seed256,256,0.001,2,483.15000000000003,1,body_1,9.897616233308575,3.6886825746214664,3.1322629750207496e-05,1.1348388404984923e-05,0.7166029442223094,0.2619974110312741,0,7.137755268847055,2.5854878338022202,-24.599759521983678,-5.2589093563216585e-09,143.24638548065496,-4.126956182306011e-14,7.137755268847055,0-1,0,483.15000000000003,483150,,,,,0,0.7166029442223094,0.26199834511196607,7.137755268847055,2.5854878338022202,2.2947914249743022e-05,negative_hard,10.0,0,0,1,0,1,0,0,0,0,0,-1,0,0,0,0,0,0,0,0,0
sim_0000_n2_seed256,256,0.001,2,484.0,1,body_1,9.897616233308575,3.6886825746214664,3.08705772235205e-05,1.166953752319568e-05,0.7507816817591372,0.2865835150865006,0,6.973392550766064,2.6440938258020683,-24.599759564978037,-7.0066645928507666e-09,143.2463854806547,-4.305526401732713e-14,6.973392550766064,0-1,0,484.0,484000,,,,,0,0.7507816817591372,0.286591740862888,6.973392550766064,2.6440938258020683,2.2616726619148183e-05,negative_baseline,20.0,0,0,0,0,0,0,0,0,0,0,-1,0,0,0,0,0,0,0,1,0
sim_0000_n2_seed256,256,0.001,2,485.0,1,body_1,9.897616233308575,3.6886825746214664,3.0513196766817426e-05,1.1994820577183111e-05,0.7845878293592795,0.3114038194735985,0,6.821504404231926,2.699552984833381,-24.59975961254942,-8.940479575257666e-09,143.24638548065417,-4.682507976077973e-14,6.821504404231926,0-1,0,485.0,485000,,,,,0,0.7845878293592795,0.31142376500596725,6.821504404231926,2.699552984833381,2.2354898631989835e-05,negative_baseline,20.0,1,1,0,0,0,0,0,0,0,0,-1,0,0,0,0,0,0,0,0,0
sim_0000_n2_seed256,256,0.001,2,485.95,1,body_1,9.897616233308575,3.6886825746214664,3.04083028846023e-05,1.220126011793182e-05,0.8036885741464064,0.3256315532341676,0,6.739955828443226,2.729873503593361,-24.59975964175155,-1.012756966119884e-08,143.2463854806536,-5.07933068591509e-14,6.739955828443226,0-1,0,485.95,485950,,,,,0,0.8036885741464064,0.3256629341306408,6.739955828443226,2.729873503593361,2.2278050071595635e-05,negative_hard,10.0,1,1,0,1,0,0,1,0,0,0,-1,0,0,0,0,0,0,0,0,0
sim_0000_n2_seed256,256,0.001,2,486.0,1,body_1,9.897616233308575,3.6886825746214664,3.0409846352007693e-05,1.2208518547854022e-05,0.8042354264964615,0.3260409518668506,0,6.7376639700375645,2.7307313154694826,-24.59975964261296,-1.0162586618413021e-08,143.24638548065366,-5.039648414931378e-14,6.7376639700375645,0-1,0,486.0,486000,,,,,0,0.8042354264964615,0.3260728650376663,6.7376639700375645,2.7307313154694826,2.2279180859579423e-05,negative_baseline,20.0,1,1,0,1,0,0,1,0,0,0,-1,0,0,0,0,0,0,0,0,0
sim_0000_n2_seed256,256,0.001,2,486.45,1,body_1,9.897616233308575,3.6886825746214664,3.0456367636948815e-05,1.2255737322583885e-05,0.8068816088680335,0.3280235889139432,0,6.726606753497354,2.7348743023184956,-24.59975964680152,-1.0332854975213337e-08,143.24638548065377,-4.960283872963955e-14,6.726606753497354,0-1,0,486.45,486450,,,,,0,0.8068816088680335,0.3280597328570367,6.726606753497354,2.7348743023184956,2.2313263750249205e-05,negative_hard,10.0,1,1,0,1,0,0,1,1,0,0,-1,0,0,0,0,0,0,0,0,0
sim_0000_n2_seed256,256,0.001,2,486.95,1,body_1,9.897616233308575,3.6886825746214664,3.057618712848702e-05,1.2268684833350209e-05,0.804932065129508,0.3265626500825571,0,6.734747740693327,2.7318232751992393,-24.599759643712282,-1.0207274994486674e-08,143.24638548065394,-4.84123706001282e-14,6.734747740693327,0-1,0,486.95,486950,,,,,0,0.804932065129508,0.3266020560653168,6.734747740693327,2.7318232751992393,2.240104716178127e-05,negative_hard,10.0,1,1,0,1,0,0,1,0,0,0,-1,0,0,0,0,0,0,0,0,0
sim_0000_n2_seed256,256,0.001,2,487.0,1,body_1,9.897616233308575,3.6886825746214664,3.059200828625777e-05,1.2267667425926453e-05,0.8044565889084887,0.3262065560684821,0,6.736737742030958,2.7310780793049556,-24.599759642961587,-1.0176758618542636e-08,143.24638548065403,-4.781713653537253e-14,6.736737742030958,0-1,0,487.0,487000,,,,,0,0.8044565889084887,0.3262461947581173,6.736737742030958,2.7310780793049556,2.241263822512046e-05,negative_baseline,20.0,1,1,0,1,0,0,1,0,0,0,-1,0,0,0,0,0,0,0,0,0
sim_0000_n2_seed256,256,0.001,2,488.0,1,body_1,9.897616233308575,3.6886825746214664,3.104241452449355e-05,1.2163269890883929e-05,0.7851883351571615,0.3118489528616129,0,6.818895389123224,2.700517023450806,-24.59975961344157,-8.97674620451018e-09,143.24638548065394,-4.84123706001282e-14,6.818895389123224,0-1,0,488.0,488000,,,,,0,0.7851883351571615,0.31188964626097465,6.818895389123224,2.700517023450806,2.2742619635993635e-05,negative_baseline,20.0,1,1,0,0,0,0,0,0,0,0,-1,0,0,0,0,0,0,0,0,0
sim_0000_n2_seed256,256,0.001,2,489.0,1,body_1,9.897616233308575,3.6886825746214664,3.169994052014262e-05,1.192455587787144e-05,0.7516099877530229,0.287185866189977,0,6.969549004780411,2.645481456537798,-24.599759566082692,-7.051569744346763e-09,143.24638548065417,-4.682507976077973e-14,6.969549004780411,0-1,0,489.0,489000,,,,,0,0.7516099877530229,0.28722212899293503,6.969549004780411,2.645481456537798,2.3224343368009247e-05,negative_baseline,20.0,0,0,0,0,0,0,0,0,0,0,-1,0,0,0,0,0,0,0,1,0
sim_0000_n2_seed256,256,0.001,2,490.0,1,body_1,9.897616233308575,3.6886825746214664,3.247691501942927e-05,1.1604610181055159e-05,0.7113135723469137,0.2582410827391617,0,7.164244511750618,2.5761733364401986,-24.599759515770174,-5.006325407083986e-09,143.2463854806542,-4.662666840586118e-14,7.164244511750618,0-1,0,490.0,490000,,,,,0,0.7113135723469137,0.2582703930011458,7.164244511750618,2.5761733364401986,2.379357875959692e-05,negative_baseline,20.0,0,0,1,0,0,1,0,0,0,0,-1,0,0,0,0,0,0,0,0,0
sim_0000_n2_seed256,256,0.001,2,491.0,1,body_1,9.897616233308575,3.6886825746214664,3.327937299054349e-05,1.1259938733859257e-05,0.6711769057194445,0.23018859600315797,0,7.375346778839159,2.503169795527682,-24.59975947228159,-3.238479522618148e-09,143.24638548065482,-4.22616185976529e-14,7.375346778839159,0-1,0,491.0,491000,,,,,0,0.6711769057194445,0.23021081361158416,7.375346778839159,2.503169795527682,2.4381484131577607e-05,negative_baseline,20.0,0,0,0,0,0,1,0,0,0,0,-1,0,0,0,0,0,0,0,0,0
sim_0000_n2_seed256,256,0.001,2,492.0,1,body_1,9.897616233308575,3.6886825746214664,3.402232971951145e-05,1.0937004181609696e-05,0.6358762102978948,0.2062150958033718,0,7.577303081034345,2.435252004498366,-24.599759439115985,-1.890270995704765e-09,143.24638548065474,-4.285685266240857e-14,7.577303081034345,0-1,0,492.0,492000,,,,,0,0.6358762102978948,0.2062311640368653,7.577303081034345,2.435252004498366,2.492579706822929e-05,negative_baseline,20.0,0,0,0,0,0,0,0,0,0,0,-1,0,0,0,0,0,0,0,1,0
sim_0000_n2_seed256,256,0.001,2,493.0,1,body_1,9.897616233308575,3.6886825746214664,3.4637747572465195e-05,1.0668385246179564e-05,0.607952527881208,0.18774811759687474,0,7.749364931211919,2.378757223825854,-24.599759416020824,-9.51434116436434e-10,143.24638548065448,-4.464255485667559e-14,7.749364931211919,0-1,0,493.0,493000,,,,,0,0.607952527881208,0.18775916836509432,7.749364931211919,2.378757223825854,2.5376671107417924e-05,negative_baseline,20.0,0,0,0,0,0,0,0,0,0,0,-1,0,0,0,0,0,0,0,1,0
sim_0000_n2_seed256,256,0.001,2,494.0,1,body_1,9.897616233308575,3.6886825746214664,3.507688827176717e-05,1.0474592384332576e-05,0.588511528980728,0.17516335629757482,0,7.876321948149875,2.3378263485089223,-24.599759401481403,-3.6039498868289684e-10,143.2463854806547,-4.305526401732713e-14,7.876321948149875,0-1,0,494.0,494000,,,,,0,0.588511528980728,0.17517033663166348,7.876321948149875,2.3378263485089223,2.5698399089166e-05,negative_baseline,20.0,0,0,0,0,0,0,0,0,0,0,-1,0,0,0,0,0,0,0,1,0
sim_0000_n2_seed256,256,0.001,2,495.0,1,body_1,9.897616233308575,3.6886825746214664,3.530977826148181e-05,1.0367432405308224e-05,0.5779102666833287,0.16839806238738367,0,7.9482357929359475,2.314911279283323,-24.599759394061703,-5.877820084330108e-11,143.24638548065457,-4.404732079191992e-14,7.9482357929359475,0-1,0,495.0,495000,,,,,0,0.5779102666833287,0.16840166012036986,7.9482357929359475,2.314911279283323,2.5869021466761466e-05,negative_baseline,20.0,0,0,0,0,0,0,0,0,0,0,-1,0,0,0,0,0,0,0,1,0
sim_0000_n2_seed256,256,0.001,2,496.0,1,body_1,9.897616233308575,3.6886825746214664,3.532389854247764e-05,1.0352846092552611e-05,0.5762151522766632,0.16732277685740946,0,7.959918299570655,2.311206593147674,-24.599759392907718,-1.1867768375127501e-11,143.2463854806546,-4.384890943700136e-14,7.959918299570655,0-1,0,496.0,496000,,,,,0,0.5762151522766632,0.16732347274372839,7.959918299570655,2.311206593147674,2.5879366436610355e-05,negative_baseline,20.0,0,0,0,0,0,0,0,0,0,0,-1,0,0,0,0,0,0,0,1,0
sim_0000_n2_seed256,256,0.001,2,497.0,1,body_1,9.897616233308575,3.6886825746214664,3.5123285850274016e-05,1.0432608228910077e-05,0.5834289286176559,0.17191117555195515,0,7.910555242392967,2.3268942367992604,-24.599759397880202,-2.140032676252608e-10,143.2463854806547,-4.305526401732713e-14,7.910555242392967,0-1,0,497.0,497000,,,,,0,0.5834289286176559,0.17190935376680608,7.910555242392967,2.3268942367992604,2.573239143279956e-05,negative_baseline,20.0,0,0,0,0,0,0,0,0,0,0,-1,0,0,0,0,0,0,0,1,0
sim_0000_n2_seed256,256,0.001,2,498.0,1,body_1,9.897616233308575,3.6886825746214664,3.472851466156126e-05,1.0604832274405659e-05,0.5995250393248365,0.18226472920423503,0,7.80364104353094,2.3611826853527935,-24.599759409567273,-6.890920959386186e-10,143.2463854806544,-4.523778892143127e-14,7.80364104353094,0-1,0,498.0,498000,,,,,0,0.5995250393248365,0.1822608473204797,7.80364104353094,2.3611826853527935,2.544316994405195e-05,negative_baseline,20.0,0,0,0,0,0,0,0,0,0,0,-1,0,0,0,0,0,0,0,1,0
sim_0000_n2_seed256,256,0.001,2,499.0,1,body_1,9.897616233308575,3.6886825746214664,3.417750090713283e-05,1.0863264118213937e-05,0.6242975765404741,0.19850290072238813,0,7.6472470891508815,2.4121401921287404,-24.599759429214245,-1.4877573078900906e-09,143.2463854806546,-4.384890943700136e-14,7.6472470891508815,0-1,0,499.0,499000,,,,,0,0.6242975765404741,0.19849775507218614,7.6472470891508815,2.4121401921287404,2.5039480343221377e-05,negative_baseline,20.0,0,0,0,0,0,0,0,0,0,0,-1,0,0,0,0,0,0,0,1,0
sim_0000_n2_seed256,256,0.001,2,499.85,1,body_1,9.897616233308575,3.6886825746214664,3.362780824582926e-05,1.1141515118797578e-05,0.6516427270579156,0.21683826684989946,0,7.485075255405114,2.4660449724275035,-24.59975945336415,-2.4694703726927247e-09,143.24638548065442,-4.503937756651271e-14,7.485075255405114,0-1,0,499.85,499850,,,,,0,0.6516427270579156,0.2168332019381814,7.485075255405114,2.4660449724275035,2.4636758604330184e-05,negative_hard,10.0,0,0,0,0,1,0,0,0,0,0,-1,0,0,0,0,0,0,0,0,0
sim_0000_n2_seed256,256,0.001,2,500.0,1,body_1,9.897616233308575,3.6886825746214664,3.352652384970482e-05,1.1195261126192059e-05,0.65699570805381,0.2204762097169082,0,7.454519946321346,2.4763286082054763,-24.599759458406893,-2.6744619350689487e-09,143.24638548065448,-4.464255485667559e-14,7.454519946321346,0-1,0,500.0,500000,,,,,0,0.65699570805381,0.22047132136684225,7.454519946321346,2.4763286082054763,2.456255454122986e-05,negative_baseline,20.0,0,0,0,0,1,0,0,0,0,0,-1,0,0,0,0,0,0,0,0,0
sim_0000_n2_seed256,256,0.001,2,500.35,1,body_1,9.897616233308575,3.6886825746214664,3.328835114170224e-05,1.132507639214051e-05,0.6700100450977295,0.22938539571620553,0,7.381766278135809,2.500982843291143,-24.59975947111138,-3.190909520960206e-09,143.24638548065454,-4.424573214683848e-14,7.381766278135809,0-1,0,500.35,500350,,,,,0,0.6700100450977295,0.22938115871720113,7.381766278135809,2.500982843291143,2.438806188972053e-05,negative_hard,10.0,0,0,0,0,1,0,0,0,0,0,-1,0,0,0,0,0,0,0,0,0
sim_0000_n2_seed256,256,0.001,2,500.85,1,body_1,9.897616233308575,3.6886825746214664,3.294980481519477e-05,1.1518965590407186e-05,0.689647064112232,0.24299678248408094,0,7.275913068020264,2.537289480777711,-24.59975949150358,-4.0198688454479955e-09,143.2463854806542,-4.662666840586118e-14,7.275913068020264,0-1,0,500.85,500850,,,,,0,0.689647064112232,0.24299415209633635,7.275913068020264,2.537289480777711,2.414003243408328e-05,negative_hard,10.0,0,0,1,0,1,0,0,0,0,0,-1,0,0,0,0,0,0,0,0,0
sim_0000_n2_seed256,256,0.001,2,501.0,1,body_1,9.897616233308575,3.6886825746214664,3.285010706076148e-05,1.1578477583749515e-05,0.6957152690311587,0.24724283312618522,0,7.244112393764428,2.5483006570635762,-24.59975949811009,-4.288428753376571e-09,143.24638548065423,-4.642825705094262e-14,7.244112393764428,0-1,0,501.0,501000,,,,,0,0.6957152690311587,0.2472408607229412,7.244112393764428,2.5483006570635762,2.4066990790446147e-05,negative_baseline,20.0,0,0,1,0,1,0,0,0,0,0,-1,0,0,0,0,0,0,0,0,0
sim_0000_n2_seed256,256,0.001,2,501.35,1,body_1,9.897616233308575,3.6886825746214664,3.262357406082169e-05,1.1718537274024377e-05,0.7100561481235436,0.25735008062130316,0,7.170585214455441,2.5739489703230016,-24.599759514309802,-4.946960136226144e-09,143.24638548065425,-4.622984569602406e-14,7.170585214455441,0-1,0,501.35,501350,,,,,0,0.7100561481235436,0.2573499915760893,7.170585214455441,2.5739489703230016,2.3901025738778747e-05,negative_hard,10.0,0,0,1,0,1,0,0,0,0,0,-1,0,0,0,0,0,0,0,0,0
sim_0000_n2_seed256,256,0.001,2,502.0,1,body_1,9.897616233308575,3.6886825746214664,3.2237471843072755e-05,1.1977086074765138e-05,0.7366546533733354,0.27635690877257996,0,7.0399403456097165,2.620194130661646,-24.59975954660195,-6.259661831020224e-09,143.24638548065408,-4.742031382553541e-14,7.0399403456097165,0-1,0,502.0,502000,,,,,0,0.7366546533733354,0.2763616883492038,7.0399403456097165,2.620194130661646,2.3618155358520106e-05,negative_baseline,20.0,0,0,1,0,0,0,0,0,0,0,-1,0,0,0,0,0,0,0,0,0
sim_0000_n2_seed256,256,0.001,2,503.0,1,body_1,9.897616233308575,3.6886825746214664,3.178283332070468e-05,1.2340296150738368e-05,0.7737009219761447,0.30335889450246944,0,6.869330157514014,2.6819504560873484,-24.599759596664704,-8.29475310649647e-09,143.24638548065414,-4.702349111569829e-14,6.869330157514014,0-1,0,503.0,503000,,,,,0,0.7737009219761447,0.3033743832176514,6.869330157514014,2.6819504560873484,2.328507314752725e-05,negative_baseline,20.0,0,0,0,0,0,0,0,0,0,0,-1,0,0,0,0,0,0,0,1,0
sim_0000_n2_seed256,256,0.001,2,504.0,1,body_1,9.897616233308575,3.6886825746214664,3.1568376265476675e-05,1.260815683745698e-05,0.7992347953624996,0.32230145921321124,0,6.7587091215653645,2.7228661603645654,-24.599759634788228,-9.844505007922073e-09,143.24638548065465,-4.345208672716425e-14,6.7587091215653645,0-1,0,504.0,504000,,,,,0,0.7992347953624996,0.32232933988962986,6.7587091215653645,2.7228661603645654,2.312795525551605e-05,negative_baseline,20.0,1,1,0,1,0,0,1,0,0,0,-1,0,0,0,0,0,0,0,0,0
sim_0000_n2_seed256,256,0.001,2,504.1,1,body_1,9.897616233308575,3.6886825746214664,3.156242896320989e-05,1.2627490981981935e-05,0.8008755770269568,0.3235273979705641,0,6.751782170587565,2.725452043474844,-24.599759637342398,-9.948334080715166e-09,143.24638548065462,-4.36504980820828e-14,6.751782170587565,0-1,0,504.1,504100,,,,,0,0.8008755770269568,0.3235564474775441,6.751782170587565,2.725452043474844,2.3123598073186304e-05,negative_hard,10.0,1,1,0,1,0,0,1,0,0,0,-1,0,0,0,0,0,0,0,0,0
sim_0000_n2_seed256,256,0.001,2,504.6,1,body_1,9.897616233308575,3.6886825746214664,3.157744785779997e-05,1.2700275460677684e-05,0.8061679082186999,0.32748859484393117,0,6.729583628100766,2.733758187211023,-24.599759645668026,-1.0286777561156938e-08,143.24638548065477,-4.265844130749001e-14,6.729583628100766,0-1,0,504.6,504600,,,,,0,0.8061679082186999,0.3275229095434103,6.729583628100766,2.733758187211023,2.3134601349046997e-05,negative_hard,10.0,1,1,0,1,0,0,1,0,0,0,-1,0,0,0,0,0,0,0,0,0
sim_0000_n2_seed256,256,0.001,2,505.0,1,body_1,9.897616233308575,3.6886825746214664,3.1643489570443404e-05,1.2728177532408844e-05,0.8067441823766335,0.32792055846084806,0,6.727179657908015,2.734659462780269,-24.599759646582637,-1.032395721787118e-08,143.24638548065485,-4.206320724273434e-14,6.727179657908015,0-1,0,505.0,505000,,,,,0,0.8067441823766335,0.3279581443741663,6.727179657908015,2.734659462780269,2.3182985517455298e-05,negative_baseline,20.0,1,1,0,1,0,0,1,1,0,0,-1,0,0,0,0,0,0,0,0,0
sim_0000_n2_seed256,256,0.001,2,505.1,1,body_1,9.897616233308575,3.6886825746214664,3.166742539192994e-05,1.2730804389091245e-05,0.8063714139144809,0.3276411244973288,0,6.728734394737401,2.7340765347571345,-24.599759645990822,-1.02998994786111e-08,143.24638548065488,-4.186479588781578e-14,6.728734394737401,0-1,0,505.1,505100,,,,,0,0.8063714139144809,0.32767937056670166,6.728734394737401,2.7340765347571345,2.320052163112371e-05,negative_hard,10.0,1,1,0,1,0,0,1,0,0,0,-1,0,0,0,0,0,0,0,0,0
sim_0000_n2_seed256,256,0.001,2,505.6,1,body_1,9.897616233308575,3.6886825746214664,3.1830200706936306e-05,1.2717845122628375e-05,0.8014707917332619,0.3239723759430946,0,6.749274589215652,2.7263888453694145,-24.59975963827194,-9.986120737496102e-09,143.246385480655,-4.107115046814155e-14,6.749274589215652,0-1,0,505.6,505600,,,,,0,0.8014707917332619,0.3240128898403893,6.749274589215652,2.7263888453694145,2.331977580989628e-05,negative_hard,10.0,1,1,0,1,0,0,1,0,0,0,-1,0,0,0,0,0,0,0,0,0
sim_0000_n2_seed256,256,0.001,2,506.0,1,body_1,9.897616233308575,3.6886825746214664,3.200936046031018e-05,1.2677079828219233e-05,0.7941078228452356,0.3184773935137106,0,6.780492036026927,2.7147529328223645,-24.599759626889032,-9.52339634023438e-09,143.2463854806551,-4.027750504846731e-14,6.780492036026927,0-1,0,506.0,506000,,,,,0,0.7941078228452356,0.31851846835440906,6.780492036026927,2.7147529328223645,2.3451033738901517e-05,negative_baseline,20.0,1,1,0,0,0,0,0,0,0,0,-1,0,0,0,0,0,0,0,0,0
sim_0000_n2_seed256,256,0.001,2,507.0,1,body_1,9.897616233308575,3.6886825746214664,3.261794531438902e-05,1.2472112965923118e-05,0.7648406900392553,0.29684745172962046,0,6.9090041738400245,2.667446619209607,-24.599759584135647,-7.785436868759706e-09,143.24638548065516,-3.98806823386302e-14,6.9090041738400245,0-1,0,507.0,507000,,,,,0,0.7648406900392553,0.2968857546040497,6.9090041738400245,2.667446619209607,2.3896901683376045e-05,negative_baseline,20.0,0,0,0,0,0,0,0,0,0,0,-1,0,0,0,0,0,0,0,1,0
sim_0000_n2_seed256,256,0.001,2,508.0,1,body_1,9.897616233308575,3.6886825746214664,3.3386097409430255e-05,1.2162105971451081e-05,0.7260751873958455,0.2687574246640449,0,7.091043500080607,2.6020001815581146,-24.59975953340164,-5.723058752312402e-09,143.24638548065505,-4.067432775830443e-14,7.091043500080607,0-1,0,508.0,508000,,,,,0,0.7260751873958455,0.2687893421922056,7.091043500080607,2.6020001815581146,2.445967350263174e-05,negative_baseline,20.0,0,0,1,0,0,0,0,0,0,0,-1,0,0,0,0,0,0,0,0,0
sim_0000_n2_seed256,256,0.001,2,509.0,1,body_1,9.897616233308575,3.6886825746214664,3.421662470923269e-05,1.1806563446212581e-05,0.6852181291769891,0.23990951737133023,0,7.29938927263783,2.5291918337968946,-24.599759486773046,-3.8275688269359375e-09,143.24638548065533,-3.869021420911885e-14,7.29938927263783,0-1,0,509.0,509000,,,,,0,0.6852181291769891,0.239934203211568,7.29938927263783,2.5291918337968946,2.5068143315639553e-05,negative_baseline,20.0,0,0,1,0,0,1,0,0,0,0,-1,0,0,0,0,0,0,0,0,0
sim_0000_n2_seed256,256,0.001,2,510.0,1,body_1,9.897616233308575,3.6886825746214664,3.501662645594937e-05,1.1458255991015304e-05,0.6477907425250692,0.21423012902777966,0,7.507296674587584,2.4585920045796095,-24.599759449799713,-2.3245731167053146e-09,143.24638548065593,-3.452357575582913e-14,7.507296674587584,0-1,0,510.0,510000,,,,,0,0.6477907425250692,0.2142482715004722,7.507296674587584,2.4585920045796095,2.56542491692788e-05,negative_baseline,20.0,0,0,0,0,0,0,0,0,0,0,-1,0,0,0,0,0,0,0,1,0
sim_0000_n2_seed256,256,0.001,2,511.0,1,body_1,9.897616233308575,3.6886825746214664,3.570850393830985e-05,1.115601370140516e-05,0.617033968202266,0.19370424195336694,0,7.692126378349689,2.397417041077062,-24.5997594232387,-1.244846654980572e-09,143.2463854806562,-3.27378735615621e-14,7.692126378349689,0-1,0,511.0,511000,,,,,0,0.617033968202266,0.19371697130669938,7.692126378349689,2.397417041077062,2.6161139863791053e-05,negative_baseline,20.0,0,0,0,0,0,0,0,0,0,0,-1,0,0,0,0,0,0,0,1,0
sim_0000_n2_seed256,256,0.001,2,512.0,1,body_1,9.897616233308575,3.6886825746214664,3.623423404869747e-05,1.0925121052761602e-05,0.5944807962347618,0.17900311063945748,0,7.836678539517793,2.350541024337653,-24.59975940581468,-5.365461769647147e-10,143.24638548065647,-3.075376001237652e-14,7.836678539517793,0-1,0,512.0,512000,,,,,0,0.5944807962347618,0.1790114595433284,7.836678539517793,2.350541024337653,2.6546305889158664e-05,negative_baseline,20.0,0,0,0,0,0,0,0,0,0,0,-1,0,0,0,0,0,0,0,1,0
sim_0000_n2_seed256,256,0.001,2,513.0,1,body_1,9.897616233308575,3.6886825746214664,3.655562787041987e-05,1.078060084194337e-05,0.5806911694512382,0.17016598824249873,0,7.929181088372077,2.320964448095248,-24.599759395973308,-1.3648648513702156e-10,143.2463854806563,-3.194422814188787e-14,7.929181088372077,0-1,0,513.0,513000,,,,,0,0.5806911694512382,0.17017073576503797,7.929181088372077,2.320964448095248,2.6781768875933932e-05,negative_baseline,20.0,0,0,0,0,0,0,0,0,0,0,-1,0,0,0,0,0,0,0,1,0
sim_0000_n2_seed256,256,0.001,2,514.0,1,body_1,9.897616233308575,3.6886825746214664,3.6653080612005545e-05,1.0730477001262654e-05,0.5757985639358016,0.16705879123073963,0,7.962797266106826,2.3102943917596366,-24.59975939262481,-3.6740617884179326e-13,143.24638548065604,-3.372993033615489e-14,7.962797266106826,0-1,0,514.0,514000,,,,,0,0.5757985639358016,0.16706048227435585,7.962797266106826,2.3102943917596366,2.6853165751967614e-05,negative_baseline,20.0,0,0,0,0,0,0,0,0,0,0,-1,0,0,0,0,0,0,0,1,0
sim_0000_n2_seed256,256,0.001,2,515.0,1,body_1,9.897616233308575,3.6886825746214664,3.65244048013774e-05,1.0777975168949328e-05,0.5798151996329071,0.16960858200796775,0,7.935168428775408,2.3190610022196525,-24.599759395368423,-1.1189742224016474e-10,143.24638548065607,-3.353151898123634e-14,7.935168428775408,0-1,0,515.0,515000,,,,,0,0.5798151996329071,0.16960761950915648,7.935168428775408,2.3190610022196525,2.675889390845958e-05,negative_baseline,20.0,0,0,0,0,0,0,0,0,0,0,-1,0,0,0,0,0,0,0,1,0
sim_0000_n2_seed256,256,0.001,2,516.0,1,body_1,9.897616233308575,3.6886825746214664,3.6184457090174e-05,1.0922477886205337e-05,0.5927323564270784,0.17787616826737013,0,7.84822833171905,2.346830570598615,-24.599759404533582,-4.844685174239073e-10,143.24638548065593,-3.452357575582913e-14,7.84822833171905,0-1,0,516.0,516000,,,,,0,0.5927323564270784,0.17787295883404514,7.84822833171905,2.346830570598615,2.6509837782100207e-05,negative_baseline,20.0,0,0,0,0,0,0,0,0,0,0,-1,0,0,0,0,0,0,0,1,0
sim_0000_n2_seed256,256,0.001,2,517.0,1,body_1,9.897616233308575,3.6886825746214664,3.566570026868212e-05,1.115924119043902e-05,0.6144383560153042,0.19199693306839818,0,7.7083564326023355,2.3921127136332276,-24.599759421147276,-1.1598285185869784e-09,143.24638548065604,-3.372993033615489e-14,7.7083564326023355,0-1,0,517.0,517000,,,,,0,0.6144383560153042,0.1919921132340899,7.7083564326023355,2.3921127136332276,2.6129780606396678e-05,negative_baseline,20.0,0,0,0,0,0,0,0,0,0,0,-1,0,0,0,0,0,0,0,1,0
sim_0000_n2_seed256,256,0.001,2,518.0,1,body_1,9.897616233308575,3.6886825746214664,3.5019297619212733e-05,1.1477792988510047e-05,0.6444353632652626,0.21196491632627845,0,7.5268154076767075,2.452063273796682,-24.59975944673908,-2.2001558667749787e-09,143.2463854806563,-3.194422814188787e-14,7.5268154076767075,0-1,0,518.0,518000,,,,,0,0.6444353632652626,0.2119596964072295,7.5268154076767075,2.452063273796682,2.5656206166733506e-05,negative_baseline,20.0,0,0,0,0,0,0,0,0,0,0,-1,0,0,0,0,0,0,0,1,0
sim_0000_n2_seed256,256,0.001,2,518.5,1,body_1,9.897616233308575,3.6886825746214664,3.466950447823198e-05,1.1662189231047147e-05,0.6621581854742696,0.22399941129794287,0,7.425403720970575,2.486166604294383,-24.599759463369722,-2.876204898944046e-09,143.24638548065656,-3.015852594762085e-14,7.425403720970575,0-1,0,518.5,518500,,,,,0,0.6621581854742696,0.22399474330325447,7.425403720970575,2.486166604294383,2.5399936961212134e-05,negative_hard,10.0,0,0,0,0,1,0,0,0,0,0,-1,0,0,0,0,0,0,0,0,0
sim_0000_n2_seed256,256,0.001,2,519.0,1,body_1,9.897616233308575,3.6886825746214664,3.431565133224814e-05,1.1858940486327069e-05,0.6813169241401258,0.23719841888274382,0,7.320257510058699,2.522015723643683,-24.59975948266976,-3.660766999424434e-09,143.2463854806565,-3.055534865745796e-14,7.320257510058699,0-1,0,519.0,519000,,,,,0,0.6813169241401258,0.2371950119560341,7.320257510058699,2.522015723643683,2.514069326681742e-05,negative_hard,10.0,0,0,1,0,1,0,0,0,0,0,-1,0,0,0,0,0,0,0,0,0
sim_0000_n2_seed256,256,0.001,2,519.5,1,body_1,9.897616233308575,3.6886825746214664,3.396921962979149e-05,1.2063631465432747e-05,0.7014735170273017,0.25128900985585917,0,7.214318430099951,2.5586615355019204,-24.59975950451397,-4.548751628518102e-09,143.24638548065653,-3.03569373025394e-14,7.214318430099951,0-1,0,519.5,519500,,,,,0,0.7014735170273017,0.2512877367644696,7.214318430099951,2.5586615355019204,2.4886886746161026e-05,negative_hard,10.0,0,0,1,0,1,0,0,0,0,0,-1,0,0,0,0,0,0,0,0,0
sim_0000_n2_seed256,256,0.001,2,520.0,1,body_1,9.897616233308575,3.6886825746214664,3.364236606116605e-05,1.2270836358386916e-05,0.7220428082218432,0.26587449773540395,0,7.110816542004456,2.5949968801911103,-24.59975952849449,-5.523579149142812e-09,143.24638548065658,-2.996011459270229e-14,7.110816542004456,0-1,0,520.0,520000,,,,,0,0.7220428082218432,0.2658763652546428,7.110816542004456,2.5949968801911103,2.4647423764879276e-05,negative_hard,10.0,0,0,1,0,1,0,0,0,0,0,-1,0,0,0,0,0,0,0,0,0
sim_0000_n2_seed256,256,0.001,2,521.0,1,body_1,9.897616233308575,3.6886825746214664,3.309683681021489e-05,1.2666127312898935e-05,0.7613220382392106,0.294270692302199,0,6.924951666661281,2.6616413984321987,-24.599759579257828,-7.587149602623337e-09,143.24638548065653,-3.03569373025394e-14,6.924951666661281,0-1,0,521.0,521000,,,,,0,0.7613220382392106,0.29428196484853253,6.924951666661281,2.6616413984321987,2.424775223624913e-05,negative_baseline,20.0,0,0,0,0,0,0,0,0,0,0,-1,0,0,0,0,0,0,0,1,0
sim_0000_n2_seed256,256,0.001,2,522.0,1,body_1,9.897616233308575,3.6886825746214664,3.2771302824677825e-05,1.2984675355167924e-05,0.791868606859586,0.31681041037862195,0,6.790072077278291,2.7111936074333305,-24.59975962347753,-9.384716105153724e-09,143.24638548065641,-3.115058272221364e-14,6.790072077278291,0-1,0,522.0,522000,,,,,0,0.791868606859586,0.3168339044590754,6.790072077278291,2.7111936074333305,2.400925599253213e-05,negative_baseline,20.0,1,1,0,0,0,0,0,0,0,0,-1,0,0,0,0,0,0,0,0,0
sim_0000_n2_seed256,256,0.001,2,522.8,1,body_1,9.897616233308575,3.6886825746214664,3.2715148838620025e-05,1.3143603059093112e-05,0.8050261929742739,0.3266331544357447,0,6.73435399833624,2.7319707480110003,-24.59975964385992,-1.0213276539757093e-08,143.2463854806566,-2.976170323778373e-14,6.73435399833624,0-1,0,522.8,522800,,,,,0,0.8050261929742739,0.32666591832383274,6.73435399833624,2.7319707480110003,2.3968115825367653e-05,negative_hard,10.0,1,1,0,1,0,0,1,0,0,0,-1,0,0,0,0,0,0,0,0,0
sim_0000_n2_seed256,256,0.001,2,523.0,1,body_1,9.897616233308575,3.6886825746214664,3.273192524837851e-05,1.3166837358906524e-05,0.8063793560094044,0.3276470774946778,0,6.728701258733569,2.734088957150232,-24.59975964600269,-1.0300381843641499e-08,143.24638548065676,-2.876964646319094e-14,6.728701258733569,0-1,0,523.0,523000,,,,,0,0.8063793560094044,0.32768177172838997,6.728701258733569,2.734088957150232,2.398040673181829e-05,negative_baseline,20.0,1,1,0,1,0,0,1,0,0,0,-1,0,0,0,0,0,0,0,0,0
sim_0000_n2_seed256,256,0.001,2,523.3,1,body_1,9.897616233308575,3.6886825746214664,3.278041687379541e-05,1.318838561623845e-05,0.8068671340804459,0.3280127366428888,0,6.726667089185324,2.7348516754661767,-24.599759646777258,-1.0331868726473041e-08,143.24638548065678,-2.857123510827238e-14,6.726667089185324,0-1,0,523.3,523300,,,,,0,0.8068671340804459,0.32804990292227376,6.726667089185324,2.7348516754661767,2.4015933177194477e-05,negative_hard,10.0,1,1,0,1,0,0,1,1,0,0,-1,0,0,0,0,0,0,0,0,0
sim_0000_n2_seed256,256,0.001,2,523.8,1,body_1,9.897616233308575,3.6886825746214664,3.292222588633575e-05,1.3188206251603756e-05,0.8035665893279581,0.32554024517843627,0,6.7404673859787545,2.729682077317536,-24.59975964155826,-1.0119712310347399e-08,143.24638548065673,-2.89680578181095e-14,6.7404673859787545,0-1,0,523.8,523800,,,,,0,0.8035665893279581,0.3255802282773718,6.7404673859787545,2.729682077317536,2.4119826803562637e-05,negative_hard,10.0,1,1,0,1,0,0,1,0,0,0,-1,0,0,0,0,0,0,0,0,0
sim_0000_n2_seed256,256,0.001,2,524.0,1,body_1,9.897616233308575,3.6886825746214664,3.299949615891426e-05,1.3175606175071394e-05,0.8008496279875115,0.32350800172474153,0,6.751891554944222,2.7254111873221065,-24.599759637301055,-9.946653457404166e-09,143.2463854806567,-2.916646917302806e-14,6.751891554944222,0-1,0,524.0,524000,,,,,0,0.8008496279875115,0.3235486240223859,6.751891554944222,2.7254111873221065,2.417643737499802e-05,negative_baseline,20.0,1,1,0,1,0,0,1,0,0,0,-1,0,0,0,0,0,0,0,0,0
sim_0000_n2_seed256,256,0.001,2,525.0,1,body_1,9.897616233308575,3.6886825746214664,3.354219603493977e-05,1.3014054400738196e-05,0.7768473057632368,0.30567899156372874,0,6.855404976797275,2.687062214556986,-24.599759601198475,-8.479054530743994e-09,143.2463854806569,-2.777758968859815e-14,6.855404976797275,0-1,0,525.0,525000,,,,,0,0.7768473057632368,0.3057188702490306,6.855404976797275,2.687062214556986,2.45740359622637e-05,negative_baseline,20.0,1,1,0,0,0,0,0,0,0,0,-1,0,0,0,0,0,0,0,0,0
sim_0000_n2_seed256,256,0.001,2,526.0,1,body_1,9.897616233308575,3.6886825746214664,3.428502864170746e-05,1.2723446778192105e-05,0.7405874312425442,0.2791949171364411,0,7.021223193106121,2.626892224560175,-24.599759551629788,-6.4640475486950956e-09,143.2463854806566,-2.976170323778373e-14,7.021223193106121,0-1,0,526.0,526000,,,,,0,0.7405874312425442,0.2792293464519753,7.021223193106121,2.626892224560175,2.511825794147247e-05,negative_baseline,20.0,0,0,1,0,0,0,0,0,0,0,-1,0,0,0,0,0,0,0,0,0
sim_0000_n2_seed256,256,0.001,2,527.0,1,body_1,9.897616233308575,3.6886825746214664,3.5130248926936244e-05,1.236405803888687e-05,0.6997235674095402,0.25005762533933223,0,7.2233339977456055,2.5555217845173597,-24.599759502553376,-4.469051927636312e-09,143.24638548065673,-2.89680578181095e-14,7.2233339977456055,0-1,0,527.0,527000,,,,,0,0.6997235674095402,0.25008487861403955,7.2233339977456055,2.5555217845173597,2.573749227881763e-05,negative_baseline,20.0,0,0,1,0,0,1,0,0,0,0,-1,0,0,0,0,0,0,0,0,0
sim_0000_n2_seed256,256,0.001,2,528.0,1,body_1,9.897616233308575,3.6886825746214664,3.5978280780004614e-05,1.1994417521860981e-05,0.6605805665356423,0.22292121917752256,0,7.434265222702723,2.483168392166469,-24.59975946184232,-2.8141148433471284e-09,143.24638548065653,-3.03569373025394e-14,7.434265222702723,0-1,0,528.0,528000,,,,,0,0.6605805665356423,0.22294158620758478,7.434265222702723,2.483168392166469,2.6358786450709915e-05,negative_baseline,20.0,0,0,0,0,0,1,0,0,0,0,-1,0,0,0,0,0,0,0,0,0
sim_0000_n2_seed256,256,0.001,2,529.0,1,body_1,9.897616233308575,3.6886825746214664,3.6742075124516744e-05,1.1660080562386598e-05,0.6271809169340803,0.20041623378577547,0,7.629648485266474,2.417936160358788,-24.599759431635384,-1.5861785487780205e-09,143.24638548065687,-2.7976001043516706e-14,7.629648485266474,0-1,0,529.0,529000,,,,,0,0.6271809169340803,0.20043077593324254,7.629648485266474,2.417936160358788,2.6918365631063555e-05,negative_baseline,20.0,0,0,0,0,0,0,0,0,0,0,-1,0,0,0,0,0,0,0,1,0
sim_0000_n2_seed256,256,0.001,2,530.0,1,body_1,9.897616233308575,3.6886825746214664,3.735383675127271e-05,1.1391850917131263e-05,0.6015825644394542,0.1835995407489605,0,7.7902846559768335,2.365496819793595,-24.599759411120488,-7.522315121076526e-10,143.24638548065656,-3.015852594762085e-14,7.7902846559768335,0-1,0,530.0,530000,,,,,0,0.6015825644394542,0.183609358275983,7.7902846559768335,2.365496819793595,2.7366560970007397e-05,negative_baseline,20.0,0,0,0,0,0,0,0,0,0,0,-1,0,0,0,0,0,0,0,1,0
sim_0000_n2_seed256,256,0.001,2,531.0,1,body_1,9.897616233308575,3.6886825746214664,3.7766489249694825e-05,1.1208598220870747e-05,0.5846189735706848,0.17267121689087478,0,7.902499814524544,2.329462753018035,-24.59975939871534,-2.4795223400118074e-10,143.24638548065641,-3.115058272221364e-14,7.902499814524544,0-1,0,531.0,531000,,,,,0,0.5846189735706848,0.17267718351257325,7.902499814524544,2.329462753018035,2.7668882848777804e-05,negative_baseline,20.0,0,0,0,0,0,0,0,0,0,0,-1,0,0,0,0,0,0,0,1,0
sim_0000_n2_seed256,256,0.001,2,532.0,1,body_1,9.897616233308575,3.6886825746214664,3.7952725677564824e-05,1.1120851140760401e-05,0.5765295443083859,0.1675220740531531,0,7.957747659597611,2.3118945592777433,-24.599759393120223,-2.0506290618610937e-11,143.24638548065667,-2.936488052794661e-14,7.957747659597611,0-1,0,532.0,532000,,,,,0,0.5765295443083859,0.1675248108321076,7.957747659597611,2.3118945592777433,2.7805325364926484e-05,negative_baseline,20.0,0,0,0,0,0,0,0,0,0,0,-1,0,0,0,0,0,0,0,1,0
sim_0000_n2_seed256,256,0.001,2,533.0,1,body_1,9.897616233308575,3.6886825746214664,3.790364572600854e-05,1.113351145526022e-05,0.5773486570128503,0.16804161010045252,0,7.952100633555395,2.3136851363627615,-24.599759393677473,-4.3158961201823575e-11,143.24638548065684,-2.8174412398435265e-14,7.952100633555395,0-1,0,533.0,533000,,,,,0,0.5773486570128503,0.16804155720440692,7.952100633555395,2.3136851363627615,2.7769367880570416e-05,negative_baseline,20.0,0,0,0,0,0,0,0,0,0,0,-1,0,0,0,0,0,0,0,1,0
sim_0000_n2_seed256,256,0.001,2,534.0,1,body_1,9.897616233308575,3.6886825746214664,3.7628025695709e-05,1.1247296044355748e-05,0.5870750613004706,0.17424259826643756,0,7.885952036560698,2.334746651308628,-24.59975940045448,-3.1864976139800813e-10,143.2463854806568,-2.837282375335382e-14,7.885952036560698,0-1,0,534.0,534000,,,,,0,0.5870750613004706,0.1742401400529506,7.885952036560698,2.334746651308628,2.7567440182655847e-05,negative_baseline,20.0,0,0,0,0,0,0,0,0,0,0,-1,0,0,0,0,0,0,0,1,0
sim_0000_n2_seed256,256,0.001,2,535.0,1,body_1,9.897616233308575,3.6886825746214664,3.715256596796695e-05,1.1458897457925393e-05,0.6056552879295651,0.1862491960102046,0,7.764047624652443,2.3739916193820854,-24.59975941423755,-8.789425955043972e-10,143.24638548065684,-2.8174412398435265e-14,7.764047624652443,0-1,0,535.0,535000,,,,,0,0.6056552879295651,0.18624485360017654,7.764047624652443,2.3739916193820854,2.7219103787376928e-05,negative_baseline,20.0,0,0,0,0,0,0,0,0,0,0,-1,0,0,0,0,0,0,0,1,0
sim_0000_n2_seed256,256,0.001,2,536.0,1,body_1,9.897616233308575,3.6886825746214664,3.652291121725258e-05,1.1759821030920746e-05,0.6327771114746172,0.20414337835723095,0,7.595835774764756,2.4291082476342414,-24.599759436418868,-1.7806310129227275e-09,143.2463854806568,-2.837282375335382e-14,7.595835774764756,0-1,0,536.0,536000,,,,,0,0.6327771114746172,0.2041381088104078,7.595835774764756,2.4291082476342414,2.675779938068912e-05,negative_baseline,20.0,0,0,0,0,0,0,0,0,0,0,-1,0,0,0,0,0,0,0,1,0
sim_0000_n2_seed256,256,0.001,2,536.7,1,body_1,9.897616233308575,3.6886825746214664,3.602471059484945e-05,1.2015319868208065e-05,0.6563531403857182,0.2200386895653904,0,7.458168029510532,2.4750986399207817,-24.59975945779503,-2.649589229980565e-09,143.24638548065704,-2.6785532914005356e-14,7.458168029510532,0-1,0,536.7,536700,,,,,0,0.6563531403857182,0.22003377724072043,7.458168029510532,2.4750986399207817,2.6392802301489924e-05,negative_hard,10.0,0,0,0,0,1,0,0,0,0,0,-1,0,0,0,0,0,0,0,0,0
sim_0000_n2_seed256,256,0.001,2,537.0,1,body_1,9.897616233308575,3.6886825746214664,3.580460910819116e-05,1.2133789094184938e-05,0.6674357980361776,0.22761597662984134,0,7.39598802252005,2.496144603605768,-24.59975946854701,-3.0866658164299075e-09,143.24638548065695,-2.738076697876103e-14,7.39598802252005,0-1,0,537.0,537000,,,,,0,0.6674357980361776,0.22761158543844712,7.39598802252005,2.496144603605768,2.623154918993941e-05,negative_baseline,20.0,0,0,0,0,1,0,0,0,0,0,-1,0,0,0,0,0,0,0,0,0
sim_0000_n2_seed256,256,0.001,2,537.2,1,body_1,9.897616233308575,3.6886825746214664,3.5657460846886505e-05,1.2215144766157006e-05,0.6750965040115928,0.23289186576096532,0,7.353905044857442,2.5104881958436143,-24.599759476249677,-3.3997854216171416e-09,143.24638548065712,-2.619029884924968e-14,7.353905044857442,0-1,0,537.2,537200,,,,,0,0.6750965040115928,0.23288797102177702,7.353905044857442,2.5104881958436143,2.6123743852032386e-05,negative_hard,10.0,0,0,0,0,1,0,0,0,0,0,-1,0,0,0,0,0,0,0,0,0
sim_0000_n2_seed256,256,0.001,2,537.7,1,body_1,9.897616233308575,3.6886825746214664,3.5293721016599e-05,1.2424674536136042e-05,0.6949921113409339,0.24673585432616318,0,7.247880259237078,2.546993459090937,-24.59975949731406,-4.256069569711615e-09,143.24638548065707,-2.65871215590868e-14,7.247880259237078,0-1,0,537.7,537700,,,,,0,0.6949921113409339,0.24673379931473366,7.247880259237078,2.546993459090937,2.585725687357587e-05,negative_hard,10.0,0,0,1,0,1,0,0,0,0,0,-1,0,0,0,0,0,0,0,0,0
sim_0000_n2_seed256,256,0.001,2,538.0,1,body_1,9.897616233308575,3.6886825746214664,3.5082291298534645e-05,1.2552893132191027e-05,0.707265591542659,0.2553754441464216,0,7.184717264188474,2.5689985713368126,-24.59975951109123,-4.816122521088815e-09,143.24638548065695,-2.738076697876103e-14,7.184717264188474,0-1,0,538.0,538000,,,,,0,0.707265591542659,0.2553749510015181,7.184717264188474,2.5689985713368126,2.570235696304218e-05,negative_baseline,20.0,0,0,1,0,1,0,0,0,0,0,-1,0,0,0,0,0,0,0,0,0
sim_0000_n2_seed256,256,0.001,2,538.2,1,body_1,9.897616233308575,3.6886825746214664,3.494587816862355e-05,1.2638615938316498e-05,0.7155031088734396,0.26121524433588733,0,7.143239061288019,2.583556642374122,-24.599759520681374,-5.2059696498148495e-09,143.24638548065684,-2.8174412398435265e-14,7.143239061288019,0-1,0,538.2,538200,,,,,0,0.7155031088734396,0.26121599901811715,7.143239061288019,2.583556642374122,2.5602416510082287e-05,negative_hard,10.0,0,0,1,0,1,0,0,0,0,0,-1,0,0,0,0,0,0,0,0,0
sim_0000_n2_seed256,256,0.001,2,539.0,1,body_1,9.897616233308575,3.6886825746214664,3.445439641779161e-05,1.297386617915759e-05,0.7478206154386634,0.28443265840583787,0,6.987184814355596,2.639121010207895,-24.599759561053606,-6.8471333350175e-09,143.24638548065676,-2.876964646319094e-14,6.987184814355596,0-1,0,539.0,539000,,,,,0,0.7478206154386634,0.28444010518355023,6.987184814355596,2.639121010207895,2.5242341863733035e-05,negative_baseline,20.0,0,0,1,0,0,0,0,0,0,0,-1,0,0,0,0,0,0,0,0,0
sim_0000_n2_seed256,256,0.001,2,540.0,1,body_1,9.897616233308575,3.6886825746214664,3.4020667450817796e-05,1.3338212437306373e-05,0.7824047889042912,0.3097868218095452,0,6.831014345394621,2.6960423592237386,-24.59975960931949,-8.809180391666102e-09,143.24638548065678,-2.857123510827238e-14,6.831014345394621,0-1,0,540.0,540000,,,,,0,0.7824047889042912,0.30980580381668127,6.831014345394621,2.6960423592237386,2.492457867054532e-05,negative_baseline,20.0,1,1,0,0,0,0,0,0,0,0,-1,0,0,0,0,0,0,0,0,0
sim_0000_n2_seed256,256,0.001,2,541.0,1,body_1,9.897616233308575,3.6886825746214664,3.3862204239221315e-05,1.3581739207915644e-05,0.803376371208284,0.32539787432560074,0,6.741265320291701,2.7293835192479965,-24.599759641259226,-1.0107556278319374e-08,143.24638548065673,-2.89680578181095e-14,6.741265320291701,0-1,0,541.0,541000,,,,,0,0.803376371208284,0.3254289666756085,6.741265320291701,2.7293835192479965,2.4808483626993132e-05,negative_hard,10.0,1,1,0,1,0,0,1,0,0,0,-1,0,0,0,0,0,0,0,0,0
sim_0000_n2_seed256,256,0.001,2,541.5,1,body_1,9.897616233308575,3.6886825746214664,3.390093862131387e-05,1.364155511890006e-05,0.806840611801724,0.3279928521359545,0,6.726777647002253,2.7348102150760694,-24.599759646735222,-1.0330159941131824e-08,143.24638548065676,-2.876964646319094e-14,6.726777647002253,0-1,0,541.5,541500,,,,,0,0.806840611801724,0.3280287765263723,6.726777647002253,2.7348102150760694,2.4836861614747032e-05,negative_hard,10.0,1,1,0,1,0,0,1,1,0,0,-1,0,0,0,0,0,0,0,0,0
sim_0000_n2_seed256,256,0.001,2,542.0,1,body_1,9.897616233308575,3.6886825746214664,3.4019626796579416e-05,1.3655213357722342e-05,0.8051653682594684,0.3267374066512101,0,6.73377194638726,2.732188767566718,-24.599759644079928,-1.0222220078450937e-08,143.2463854806568,-2.837282375335382e-14,6.73377194638726,0-1,0,542.0,542000,,,,,0,0.8051653682594684,0.32677668122511133,6.73377194638726,2.732188767566718,2.4923816209467223e-05,negative_hard,10.0,1,1,0,1,0,0,1,0,0,0,-1,0,0,0,0,0,0,0,0,0
sim_0000_n2_seed256,256,0.001,2,542.5,1,body_1,9.897616233308575,3.6886825746214664,3.421484713002694e-05,1.3622538952821133e-05,0.7984763954818574,0.32173515422461674,0,6.761918100355675,2.7216691889454934,-24.599759633611338,-9.796663495408698e-09,143.24638548065641,-3.115058272221364e-14,6.761918100355675,0-1,0,542.5,542500,,,,,0,0.7984763954818574,0.3217760591433392,6.761918100355675,2.7216691889454934,2.5066840614800265e-05,negative_hard,10.0,1,1,0,1,0,0,1,0,0,0,-1,0,0,0,0,0,0,0,0,0
sim_0000_n2_seed256,256,0.001,2,543.0,1,body_1,9.897616233308575,3.6886825746214664,3.447992128870872e-05,1.3546226834417352e-05,0.7872625466783855,0.31338759266903493,0,6.809906545459852,2.703841443696303,-24.599759616534843,-9.102490247115445e-09,143.24638548065633,-3.174581678696931e-14,6.809906545459852,0-1,0,543.0,543000,,,,,0,0.7872625466783855,0.31342843270782944,6.809906545459852,2.703841443696303,2.5261042081109204e-05,negative_baseline,20.0,1,1,0,0,0,0,0,0,0,0,-1,0,0,0,0,0,0,0,0,0
sim_0000_n2_seed256,256,0.001,2,544.0,1,body_1,9.897616233308575,3.6886825746214664,3.51799777147591e-05,1.328518065555931e-05,0.7545216488445654,0.2893056200616506,0,6.956088436788873,2.6503474451810773,-24.59975956998813,-7.210328929290059e-09,143.24638548065641,-3.115058272221364e-14,6.956088436788873,0-1,0,544.0,544000,,,,,0,0.7545216488445654,0.2893423502870528,6.956088436788873,2.6503474451810773,2.5773924914259624e-05,negative_baseline,20.0,0,0,0,0,0,0,0,0,0,0,-1,0,0,0,0,0,0,0,1,0
sim_0000_n2_seed256,256,0.001,2,545.0,1,body_1,9.897616233308575,3.6886825746214664,3.602472336661194e-05,1.2930244212200351e-05,0.714473819119119,0.2604837700618168,0,7.148382578411886,2.581746666389205,-24.599759519468023,-5.1566459479880105e-09,143.24638548065622,-3.253946220664354e-14,7.148382578411886,0-1,0,545.0,545000,,,,,0,0.714473819119119,0.2605136405859256,7.148382578411886,2.581746666389205,2.639281151488614e-05,negative_baseline,20.0,0,0,1,0,0,1,0,0,0,0,-1,0,0,0,0,0,0,0,0,0
sim_0000_n2_seed256,256,0.001,2,546.0,1,body_1,9.897616233308575,3.6886825746214664,3.690973035456899e-05,1.25445510388333e-05,0.6741289307289403,0.23222380070755283,0,7.3591806608138075,2.508685572938964,-24.59975947526462,-3.3597420474814162e-09,143.24638548065656,-3.015852594762085e-14,7.3591806608138075,0-1,0,546.0,546000,,,,,0,0.6741289307289403,0.23224653565413425,7.3591806608138075,2.508685572938964,2.7041194797972828e-05,negative_baseline,20.0,0,0,1,0,0,1,0,0,0,0,-1,0,0,0,0,0,0,0,0,0
sim_0000_n2_seed256,256,0.001,2,547.0,1,body_1,9.897616233308575,3.6886825746214664,3.773899400288568e-05,1.2180588419070586e-05,0.6383439795392551,0.20786866048872518,0,7.562642378334568,2.4401224648619855,-24.599759441286583,-1.9785075466799188e-09,143.24638548065641,-3.115058272221364e-14,7.562642378334568,0-1,0,547.0,547000,,,,,0,0.6383439795392551,0.20788515932155166,7.562642378334568,2.4401224648619855,2.7648738790606068e-05,negative_baseline,20.0,0,0,0,0,0,0,0,0,0,0,-1,0,0,0,0,0,0,0,1,0
sim_0000_n2_seed256,256,0.001,2,548.0,1,body_1,9.897616233308575,3.6886825746214664,3.843462806772148e-05,1.1875407787702567e-05,0.6098018004140853,0.18895702536653616,0,7.737605726050362,2.382580078060603,-24.59975941746771,-1.010251166439369e-09,143.24638548065604,-3.372993033615489e-14,7.737605726050362,0-1,0,548.0,548000,,,,,0,0.6098018004140853,0.18896842413718076,7.737605726050362,2.382580078060603,2.815838164232777e-05,negative_baseline,20.0,0,0,0,0,0,0,0,0,0,0,-1,0,0,0,0,0,0,0,1,0
sim_0000_n2_seed256,256,0.001,2,549.0,1,body_1,9.897616233308575,3.6886825746214664,3.8940029587766255e-05,1.16524376493111e-05,0.5896914958328472,0.17592064756715087,0,7.86843778097233,2.340350286404302,-24.599759402328452,-3.948281975578956e-10,143.2463854806562,-3.27378735615621e-14,7.86843778097233,0-1,0,549.0,549000,,,,,0,0.5896914958328472,0.1759279125697638,7.86843778097233,2.340350286404302,2.8528654289292452e-05,negative_baseline,20.0,0,0,0,0,0,0,0,0,0,0,-1,0,0,0,0,0,0,0,1,0
sim_0000_n2_seed256,256,0.001,2,550.0,1,body_1,9.897616233308575,3.6886825746214664,3.921952794215336e-05,1.1525219333890027e-05,0.5784081357526061,0.16871422306092865,0,7.9448143052166476,2.3159972190145472,-24.599759394401595,-7.259507055083773e-11,143.24638548065641,-3.115058272221364e-14,7.9448143052166476,0-1,0,550.0,550000,,,,,0,0.5784081357526061,0.16871806112531312,7.9448143052166476,2.3159972190145472,2.873342334504993e-05,negative_baseline,20.0,0,0,0,0,0,0,0,0,0,0,-1,0,0,0,0,0,0,0,1,0
sim_0000_n2_seed256,256,0.001,2,551.0,1,body_1,9.897616233308575,3.6886825746214664,3.925696696834797e-05,1.1500626918107496e-05,0.5760297140803566,0.1672052541286076,0,7.961199443649838,2.310800625270343,-24.599759392781255,-6.7269702846980696e-12,143.2463854806566,-2.976170323778373e-14,7.961199443649838,0-1,0,551.0,551000,,,,,0,0.5760297140803566,0.16720615859900997,7.961199443649838,2.310800625270343,2.876085231084286e-05,negative_baseline,20.0,0,0,0,0,0,0,0,0,0,0,-1,0,0,0,0,0,0,0,1,0
sim_0000_n2_seed256,256,0.001,2,552.0,1,body_1,9.897616233308575,3.6886825746214664,3.9054640305994155e-05,1.1580830536382399e-05,0.5825603548648601,0.1713569995897921,0,7.916450203700784,2.3250161156620455,-24.599759397272184,-1.8928682569941874e-10,143.24638548065658,-2.996011459270229e-14,7.916450203700784,0-1,0,552.0,552000,,,,,0,0.5825603548648601,0.17135535695602722,7.916450203700784,2.3250161156620455,2.8612621577420265e-05,negative_baseline,20.0,0,0,0,0,0,0,0,0,0,0,-1,0,0,0,0,0,0,0,1,0
sim_0000_n2_seed256,256,0.001,2,553.0,1,body_1,9.897616233308575,3.6886825746214664,3.863317462725255e-05,1.1763927578383849e-05,0.5979786081788875,0.18126316727640568,0,7.8137250175605395,2.3579301098799452,-24.599759408407564,-6.419490017746454e-10,143.24638548065644,-3.095217136729508e-14,7.8137250175605395,0-1,0,553.0,553000,,,,,0,0.5979786081788875,0.181259421563388,7.8137250175605395,2.3579301098799452,2.8303842877482267e-05,negative_baseline,20.0,0,0,0,0,0,0,0,0,0,0,-1,0,0,0,0,0,0,0,1,0
sim_0000_n2_seed256,256,0.001,2,554.0,1,body_1,9.897616233308575,3.6886825746214664,3.8032355080464595e-05,1.2043234408816306e-05,0.6221022500259663,0.19704933994433987,0,7.660728329145834,2.40770887689534,-24.5997594273887,-1.4135474698527631e-09,143.24638548065633,-3.174581678696931e-14,7.660728329145834,0-1,0,554.0,554000,,,,,0,0.6221022500259663,0.19704424930068612,7.660728329145834,2.40770887689534,2.7863664028887866e-05,negative_baseline,20.0,0,0,0,0,0,0,0,0,0,0,-1,0,0,0,0,0,0,0,1,0
sim_0000_n2_seed256,256,0.001,2,555.0,1,body_1,9.897616233308575,3.6886825746214664,3.731229379719427e-05,1.2405133508490336e-05,0.6542407677942411,0.21860197093770123,0,7.4701985649467,2.4710466794285093,-24.599759455797553,-2.568390153725844e-09,143.2463854806568,-2.837282375335382e-14,7.4701985649467,0-1,0,555.0,555000,,,,,0,0.6542407677942411,0.21859698515294432,7.4701985649467,2.4710466794285093,2.7336125019943176e-05,negative_baseline,20.0,0,0,0,0,1,0,0,0,0,0,-1,0,0,0,0,0,0,0,0,0
sim_0000_n2_seed256,256,0.001,2,555.4,1,body_1,9.897616233308575,3.6886825746214664,3.7008281046076774e-05,1.2568064706378096e-05,0.6689935369166888,0.22868627551437726,0,7.3873722946360045,2.499074570183553,-24.59975947009531,-3.1496054988153968e-09,143.24638548065673,-2.89680578181095e-14,7.3873722946360045,0-1,0,555.4,555400,,,,,0,0.6689935369166888,0.2286819761136326,7.3873722946360045,2.499074570183553,2.711339594142716e-05,negative_hard,10.0,0,0,0,0,1,0,0,0,0,0,-1,0,0,0,0,0,0,0,0,0
sim_0000_n2_seed256,256,0.001,2,555.9,1,body_1,9.897616233308575,3.6886825746214664,3.66284710414707e-05,1.2781795093368958e-05,0.6885740400592452,0.2422478974471868,0,7.281579989866884,2.535332380704562,-24.599759490349633,-3.972960001607167e-09,143.24638548065664,-2.956329188286517e-14,7.281579989866884,0-1,0,555.9,555900,,,,,0,0.6885740400592452,0.24224515891878565,7.281579989866884,2.535332380704562,2.6835135465270508e-05,negative_hard,10.0,0,0,1,0,1,0,0,0,0,0,-1,0,0,0,0,0,0,0,0,0
sim_0000_n2_seed256,256,0.001,2,556.0,1,body_1,9.897616233308575,3.6886825746214664,3.655353320368622e-05,1.2825485180578858e-05,0.6926047104834119,0.24506399667445808,0,7.260361195045532,2.5426683166509276,-24.599759494704458,-4.149987101239093e-09,143.2463854806566,-2.976170323778373e-14,7.260361195045532,0-1,0,556.0,556000,,,,,0,0.6926047104834119,0.2450616770528228,7.260361195045532,2.5426683166509276,2.678023370339707e-05,negative_baseline,20.0,0,0,1,0,1,0,0,0,0,0,-1,0,0,0,0,0,0,0,0,0
sim_0000_n2_seed256,256,0.001,2,556.4,1,body_1,9.897616233308575,3.6886825746214664,3.62606544999029e-05,1.3001861257421473e-05,0.7089569384845313,0.25657181408946855,0,7.1761419155401995,2.572001291891925,-24.599759513037714,-4.895248727498836e-09,143.24638548065664,-2.956329188286517e-14,7.1761419155401995,0-1,0,556.4,556400,,,,,0,0.7089569384845313,0.25657156362864586,7.1761419155401995,2.572001291891925,2.6565661767037528e-05,negative_hard,10.0,0,0,1,0,1,0,0,0,0,0,-1,0,0,0,0,0,0,0,0,0
sim_0000_n2_seed256,256,0.001,2,557.0,1,body_1,9.897616233308575,3.6886825746214664,3.5853649160860365e-05,1.3265446560520921e-05,0.7335614813719382,0.27412970389283886,0,7.054767214260568,2.6149013415596656,-24.599759542692414,-6.100736129046974e-09,143.2463854806566,-2.976170323778373e-14,7.054767214260568,0-1,0,557.0,557000,,,,,0,0.7335614813719382,0.27413381509661144,7.054767214260568,2.6149013415596656,2.6267477149437577e-05,negative_baseline,20.0,0,0,1,0,0,0,0,0,0,0,-1,0,0,0,0,0,0,0,0,0
sim_0000_n2_seed256,256,0.001,2,558.0,1,body_1,9.897616233308575,3.6886825746214664,3.5317314516858156e-05,1.3669595639187024e-05,0.7711684619728192,0.3014944474069761,0,6.880600097929425,2.677821445230858,-24.599759593046514,-8.147670765805492e-09,143.24638548065653,-3.03569373025394e-14,6.880600097929425,0-1,0,558.0,558000,,,,,0,0.7711684619728192,0.30150900909680584,6.880600097929425,2.677821445230858,2.5874541903013524e-05,negative_baseline,20.0,0,0,0,0,0,0,0,0,0,0,-1,0,0,0,0,0,0,0,1,0
sim_0000_n2_seed256,256,0.001,2,559.0,1,body_1,9.897616233308575,3.6886825746214664,3.5038209416232326e-05,1.3971759241711663e-05,0.7978513519548678,0.32126859308987504,0,6.764566253852397,2.7206818684343066,-24.599759632643785,-9.757331681903144e-09,143.24638548065676,-2.876964646319094e-14,6.764566253852397,0-1,0,559.0,559000,,,,,0,0.7978513519548678,0.3212955583750729,6.764566253852397,2.7206818684343066,2.5670060921680454e-05,negative_baseline,20.0,1,1,0,0,0,0,0,0,0,0,-1,0,0,0,0,0,0,0,0,0
sim_0000_n2_seed256,256,0.001,2,559.2,1,body_1,9.897616233308575,3.6886825746214664,3.5019356499672866e-05,1.4014340860841636e-05,0.80123096798433,0.3237930693763341,0,6.750284607110086,2.7260114699833977,-24.599759637896533,-9.97086009437273e-09,143.24638548065667,-2.936488052794661e-14,6.750284607110086,0-1,0,559.2,559200,,,,,0,0.80123096798433,0.32382238678173736,6.750284607110086,2.7260114699833977,2.565624869400897e-05,negative_hard,10.0,1,1,0,1,0,0,1,0,0,0,-1,0,0,0,0,0,0,0,0,0
sim_0000_n2_seed256,256,0.001,2,559.7,1,body_1,9.897616233308575,3.6886825746214664,3.502986645882294e-05,1.4089866543861628e-05,0.8062920519350578,0.3275816400217932,0,6.729065535630842,2.733952396602201,-24.599759645864225,-1.0294753192535295e-08,143.24638548065673,-2.89680578181095e-14,6.729065535630842,0-1,0,559.7,559700,,,,,0,0.8062920519350578,0.32761617105033203,6.729065535630842,2.733952396602201,2.5663948609575942e-05,negative_hard,10.0,1,1,0,1,0,0,1,0,0,0,-1,0,0,0,0,0,0,0,0,0
sim_0000_n2_seed256,256,0.001,2,560.0,1,body_1,9.897616233308575,3.6886825746214664,3.5076076254138455e-05,1.4112736165768759e-05,0.8068901657630654,0.3280300043636544,0,6.726571086300657,2.7348876781932243,-24.599759646813904,-1.033335842566123e-08,143.24638548065684,-2.8174412398435265e-14,6.726571086300657,0-1,0,560.0,560000,,,,,0,0.8068901657630654,0.3280670394341564,6.726571086300657,2.7348876781932243,2.5697803324007895e-05,negative_baseline,20.0,1,1,0,1,0,0,1,1,0,0,-1,0,0,0,0,0,0,0,0,0
sim_0000_n2_seed256,256,0.001,2,560.2,1,body_1,9.897616233308575,3.6886825746214664,3.512337076721791e-05,1.4118341609062431e-05,0.8062549778972834,0.32755385258821745,0,6.729220245225742,2.733894401298389,-24.599759645805406,-1.0292362163959468e-08,143.2463854806567,-2.916646917302806e-14,6.729220245225742,0-1,0,560.2,560200,,,,,0,0.8062549778972834,0.3275922428751997,6.729220245225742,2.733894401298389,2.573245273640352e-05,negative_hard,10.0,1,1,0,1,0,0,1,0,0,0,-1,0,0,0,0,0,0,0,0,0
sim_0000_n2_seed256,256,0.001,2,560.7,1,body_1,9.897616233308575,3.6886825746214664,3.529755302809383e-05,1.409866178015271e-05,0.8011225336796166,0.32371200456911203,0,6.750741427147331,2.725840807160331,-24.59975963772714,-9.963974116932803e-09,143.24638548065673,-2.89680578181095e-14,6.750741427147331,0-1,0,560.7,560700,,,,,0,0.8011225336796166,0.32375258138101676,6.750741427147331,2.725840807160331,2.586006400915469e-05,negative_hard,10.0,1,1,0,1,0,0,1,0,0,0,-1,0,0,0,0,0,0,0,0,0
sim_0000_n2_seed256,256,0.001,2,561.0,1,body_1,9.897616233308575,3.6886825746214664,3.5438504264343e-05,1.4064412202492513e-05,0.7957410464108403,0.3196944715902089,0,6.773530130816951,2.7173429093191475,-24.599759629391237,-9.625112971919799e-09,143.24638548065673,-2.89680578181095e-14,6.773530130816951,0-1,0,561.0,561000,,,,,0,0.7957410464108403,0.3197355227426179,6.773530130816951,2.7173429093191475,2.596332921336764e-05,negative_baseline,20.0,1,1,0,0,0,0,0,0,0,0,-1,0,0,0,0,0,0,0,0,0
sim_0000_n2_seed256,256,0.001,2,562.0,1,body_1,9.897616233308575,3.6886825746214664,3.607785803916015e-05,1.384340099758131e-05,0.767521949577884,0.2988144773269042,0,6.896925665643534,2.6718528722749664,-24.599759587889025,-7.93801470470119e-09,143.2463854806566,-2.976170323778373e-14,6.896925665643534,0-1,0,562.0,562000,,,,,0,0.767521949577884,0.2988531611206523,6.896925665643534,2.6718528722749664,2.6431739421849407e-05,negative_baseline,20.0,0,0,0,0,0,0,0,0,0,0,-1,0,0,0,0,0,0,0,1,0
sim_0000_n2_seed256,256,0.001,2,563.0,1,body_1,9.897616233308575,3.6886825746214664,3.690540411637216e-05,1.3502386533500783e-05,0.7292080446997375,0.27100246708365855,0,7.075794669861188,2.607414871836092,-24.599759537260194,-5.879912017702956e-09,143.24638548065707,-2.65871215590868e-14,7.075794669861188,0-1,0,563.0,563000,,,,,0,0.7292080446997375,0.2710349329581423,7.075794669861188,2.607414871836092,2.7038025083328333e-05,negative_baseline,20.0,0,0,1,0,0,0,0,0,0,0,-1,0,0,0,0,0,0,0,0,0
sim_0000_n2_seed256,256,0.001,2,564.0,1,body_1,9.897616233308575,3.6886825746214664,3.781430945151804e-05,1.3107249748842351e-05,0.6882857448456848,0.2420467899486057,0,7.283104810697254,2.5348060384448523,-24.599759490040313,-3.96038587174591e-09,143.24638548065724,-2.539665342957545e-14,7.283104810697254,0-1,0,564.0,564000,,,,,0,0.6882857448456848,0.24207201747765147,7.283104810697254,2.5348060384448523,2.7703917024597638e-05,negative_baseline,20.0,0,0,1,0,0,1,0,0,0,0,-1,0,0,0,0,0,0,0,0,0
sim_0000_n2_seed256,256,0.001,2,565.0,1,body_1,9.897616233308575,3.6886825746214664,3.870058738468792e-05,1.2717214068285291e-05,0.650453867466557,0.21603243168671407,0,7.491912512849625,2.463749480975924,-24.599759452257388,-2.4244795797407323e-09,143.24638548065712,-2.619029884924968e-14,7.491912512849625,0-1,0,565.0,565000,,,,,0,0.650453867466557,0.2160510370030954,7.491912512849625,2.463749480975924,2.8353231423764657e-05,negative_baseline,20.0,0,0,0,0,0,0,0,0,0,0,-1,0,0,0,0,0,0,0,1,0
sim_0000_n2_seed256,256,0.001,2,566.0,1,body_1,9.897616233308575,3.6886825746214664,3.947618932377676e-05,1.2376216530956507e-05,0.6191142473260959,0.19507542835845593,0,7.679192388810523,2.4016517639879393,-24.59975942493118,-1.31364721690606e-09,143.24638548065695,-2.738076697876103e-14,7.679192388810523,0-1,0,566.0,566000,,,,,0,0.6191142473260959,0.19508853345655552,7.679192388810523,2.4016517639879393,2.892146118135247e-05,negative_baseline,20.0,0,0,0,0,0,0,0,0,0,0,-1,0,0,0,0,0,0,0,1,0
sim_0000_n2_seed256,256,0.001,2,567.0,1,body_1,9.897616233308575,3.6886825746214664,4.0074416158986676e-05,1.2113015705196449e-05,0.5959036787203371,0.17992158917384482,0,7.827316844571235,2.3535522620662763,-24.599759406864496,-5.792220510328018e-10,143.24638548065676,-2.876964646319094e-14,7.827316844571235,0-1,0,567.0,567000,,,,,0,0.5959036787203371,0.17993024309125386,7.827316844571235,2.3535522620662763,2.935974048882288e-05,negative_baseline,20.0,0,0,0,0,0,0,0,0,0,0,-1,0,0,0,0,0,0,0,1,0
sim_0000_n2_seed256,256,0.001,2,568.0,1,body_1,9.897616233308575,3.6886825746214664,4.045055230526559e-05,1.1944766924041286e-05,0.5814342193643837,0.1706391869100853,0,7.924112878855817,2.3225767178263084,-24.599759396488192,-1.5741693925691328e-10,143.24638548065658,-2.996011459270229e-14,7.924112878855817,0-1,0,568.0,568000,,,,,0,0.5814342193643837,0.17064418881186866,7.924112878855817,2.3225767178263084,2.963530934192796e-05,negative_baseline,20.0,0,0,0,0,0,0,0,0,0,0,-1,0,0,0,0,0,0,0,1,0
sim_0000_n2_seed256,256,0.001,2,569.0,1,body_1,9.897616233308575,3.6886825746214664,4.058058858765061e-05,1.1880692776759112e-05,0.5758583585946921,0.1670966755191754,0,7.962383844038906,2.3104253662409886,-24.599759392665103,-2.0052809721770045e-12,143.24638548065647,-3.075376001237652e-14,7.962383844038906,0-1,0,569.0,569000,,,,,0,0.5758583585946921,0.16709858564954677,7.962383844038906,2.3104253662409886,2.9730577885828408e-05,negative_baseline,20.0,0,0,0,0,0,0,0,0,0,0,-1,0,0,0,0,0,0,0,1,0
sim_0000_n2_seed256,256,0.001,2,570.0,1,body_1,9.897616233308575,3.6886825746214664,4.045988412146651e-05,1.1924596705932058e-05,0.5791916965475868,0.16921211855068857,0,7.93943840641261,2.317704326721971,-24.599759394938967,-9.443970749780042e-11,143.24638548065684,-2.8174412398435265e-14,7.93943840641261,0-1,0,570.0,570000,,,,,0,0.5791916965475868,0.16921134634308585,7.93943840641261,2.317704326721971,2.9642146068577537e-05,negative_baseline,20.0,0,0,0,0,0,0,0,0,0,0,-1,0,0,0,0,0,0,0,1,0
sim_0000_n2_seed256,256,0.001,2,571.0,1,body_1,9.897616233308575,3.6886825746214664,4.010266102031265e-05,1.2075997162919682e-05,0.5914276956121298,0.17703647344183654,0,7.856879968622664,2.34405448294025,-24.599759403583523,-4.4584783128651945e-10,143.2463854806569,-2.777758968859815e-14,7.856879968622664,0-1,0,571.0,571000,,,,,0,0.5914276956121298,0.17703341849604107,7.856879968622664,2.34405448294025,2.9380433446997553e-05,negative_baseline,20.0,0,0,0,0,0,0,0,0,0,0,-1,0,0,0,0,0,0,0,1,0
sim_0000_n2_seed256,256,0.001,2,572.0,1,body_1,9.897616233308575,3.6886825746214664,3.954253946322975e-05,1.2329891024279616e-05,0.6124697962784915,0.19070471854901586,0,7.720734338135903,2.3880744627826878,-24.5997594195759,-1.095950823964234e-09,143.24638548065673,-2.89680578181095e-14,7.720734338135903,0-1,0,572.0,572000,,,,,0,0.6124697962784915,0.19069998921513837,7.720734338135903,2.3880744627826878,2.8970071193169014e-05,negative_baseline,20.0,0,0,0,0,0,0,0,0,0,0,-1,0,0,0,0,0,0,0,1,0
sim_0000_n2_seed256,256,0.001,2,573.0,1,body_1,9.897616233308575,3.6886825746214664,3.883373502438256e-05,1.2675071411471081e-05,0.6418650853050714,0.2102339578571526,0,7.541870502303857,2.44703882887126,-24.599759444422,-2.105964707246434e-09,143.24638548065656,-3.015852594762085e-14,7.541870502303857,0-1,0,573.0,573000,,,,,0,0.6418650853050714,0.21022870556231127,7.541870502303857,2.44703882887126,2.845077930097255e-05,negative_baseline,20.0,0,0,0,0,0,0,0,0,0,0,-1,0,0,0,0,0,0,0,1,0
sim_0000_n2_seed256,256,0.001,2,573.6,1,body_1,9.897616233308575,3.6886825746214664,3.836765206450957e-05,1.291793734441872e-05,0.663022111824189,0.22459041094134008,0,7.4205644457118805,2.487805424843709,-24.599759464210013,-2.9103634197089203e-09,143.24638548065658,-2.996011459270229e-14,7.4205644457118805,0-1,0,573.6,573600,,,,,0,0.663022111824189,0.22458578467010096,7.4205644457118805,2.487805424843709,2.8109312616099004e-05,negative_hard,10.0,0,0,0,0,1,0,0,0,0,0,-1,0,0,0,0,0,0,0,0,0
sim_0000_n2_seed256,256,0.001,2,574.0,1,body_1,9.897616233308575,3.6886825746214664,3.8051805054607835e-05,1.3090916378491027e-05,0.6783007836319443,0.23510776101569258,0,7.336514630831802,2.516439482980181,-24.59975947953822,-3.533467401806471e-09,143.24638548065633,-3.174581678696931e-14,7.336514630831802,0-1,0,574.0,574000,,,,,0,0.6783007836319443,0.235104107920565,7.336514630831802,2.516439482980181,2.7877913400297178e-05,negative_baseline,20.0,0,0,1,0,1,0,0,0,0,0,-1,0,0,0,0,0,0,0,0,0
sim_0000_n2_seed256,256,0.001,2,574.1,1,body_1,9.897616233308575,3.6886825746214664,3.797310859729169e-05,1.3135207497395212e-05,0.6822381695474973,0.23783792276233146,0,7.315313465572858,2.523714008400559,-24.59975948363329,-3.69993518431339e-09,143.2463854806563,-3.194422814188787e-14,7.315313465572858,0-1,0,574.1,574100,,,,,0,0.6822381695474973,0.23783459468608362,7.315313465572858,2.523714008400559,2.78202579595998e-05,negative_hard,10.0,0,0,1,0,1,0,0,0,0,0,-1,0,0,0,0,0,0,0,0,0
sim_0000_n2_seed256,256,0.001,2,574.6,1,body_1,9.897616233308575,3.6886825746214664,3.758645412214212e-05,1.3360753715195824e-05,0.7024281936465686,0.2519614225562918,0,7.209414239931283,2.560371139550177,-24.599759505588725,-4.592441335674032e-09,143.24638548065641,-3.115058272221364e-14,7.209414239931283,0-1,0,574.6,574600,,,,,0,0.7024281936465686,0.2519602726554835,7.209414239931283,2.560371139550177,2.7536983019333098e-05,negative_hard,10.0,0,0,1,0,1,0,0,0,0,0,-1,0,0,0,0,0,0,0,0,0
sim_0000_n2_seed256,256,0.001,2,575.0,1,body_1,9.897616233308575,3.6886825746214664,3.729182217570531e-05,1.354309212580152e-05,0.7188886565768619,0.26362477372774507,0,7.126398959205868,2.5894919641340257,-24.599759524703952,-5.36949067301631e-09,143.24638548065644,-3.095217136729508e-14,7.126398959205868,0-1,0,575.0,575000,,,,,0,0.7188886565768619,0.26362609058372755,7.126398959205868,2.5894919641340257,2.732112660917563e-05,negative_baseline,20.0,0,0,1,0,1,0,0,0,0,0,-1,0,0,0,0,0,0,0,0,0
sim_0000_n2_seed256,256,0.001,2,576.0,1,body_1,9.897616233308575,3.6886825746214664,3.6660929883792055e-05,1.3980264340796109e-05,0.7585185270572292,0.29222140343252573,0,6.937737296110377,2.6569973317685145,-24.599759575411547,-7.430795166219309e-09,143.2463854806559,-3.472198711074768e-14,6.937737296110377,0-1,0,576.0,576000,,,,,0,0.7585185270572292,0.292231821456203,6.937737296110377,2.6569973317685145,2.685891554764807e-05,negative_baseline,20.0,0,0,0,0,0,0,0,0,0,0,-1,0,0,0,0,0,0,0,1,0
sim_0000_n2_seed256,256,0.001,2,577.0,1,body_1,9.897616233308575,3.6886825746214664,3.626270335131483e-05,1.433660104528881e-05,0.7900121029942945,0.3154298189506902,0,6.798045624703524,2.7082352474347786,-24.599759620667324,-9.270478923674794e-09,143.2463854806559,-3.472198711074768e-14,6.798045624703524,0-1,0,577.0,577000,,,,,0,0.7900121029942945,0.3154523516342249,6.798045624703524,2.7082352474347786,2.6567162565761923e-05,negative_baseline,20.0,1,1,0,0,0,0,0,0,0,0,-1,0,0,0,0,0,0,0,0,0
sim_0000_n2_seed256,256,0.001,2,577.4,1,body_1,9.897616233308575,3.6886825746214664,3.6187312807061386e-05,1.4441111928227748e-05,0.798606069223733,0.3218319673676555,0,6.761369094498227,2.7218739287000497,-24.599759633812226,-9.804829762068529e-09,143.24638548065596,-3.432516440091057e-14,6.761369094498227,0-1,0,577.4,577400,,,,,0,0.798606069223733,0.321859425092967,6.761369094498227,2.7218739287000497,2.6511929140979288e-05,negative_hard,10.0,1,1,0,1,0,0,1,0,0,0,-1,0,0,0,0,0,0,0,0,0
sim_0000_n2_seed256,256,0.001,2,577.9,1,body_1,9.897616233308575,3.6886825746214664,3.6168054467723006e-05,1.4532912100464019e-05,0.8052256836418349,0.32678258942861926,0,6.733519745269045,2.7322832409954954,-24.599759644175283,-1.0226096329174253e-08,143.24638548065622,-3.253946220664354e-14,6.733519745269045,0-1,0,577.9,577900,,,,,0,0.8052256836418349,0.326815588706362,6.733519745269045,2.7322832409954954,2.6497819894822066e-05,negative_hard,10.0,1,1,0,1,0,0,1,0,0,0,-1,0,0,0,0,0,0,0,0,0
sim_0000_n2_seed256,256,0.001,2,578.0,1,body_1,9.897616233308575,3.6886825746214664,3.617445858475447e-05,1.4545667995842325e-05,0.8059568274427702,0.32733040393396023,0,6.730464812235642,2.7334279081985593,-24.59975964533277,-1.027314916042086e-08,143.24638548065607,-3.353151898123634e-14,6.730464812235642,0-1,0,578.0,578000,,,,,0,0.8059568274427702,0.32736438256318445,6.730464812235642,2.7334279081985593,2.6502511748683704e-05,negative_baseline,20.0,1,1,0,1,0,0,1,0,0,0,-1,0,0,0,0,0,0,0,0,0
sim_0000_n2_seed256,256,0.001,2,578.4,1,body_1,9.897616233308575,3.6886825746214664,3.623442026133611e-05,1.4577091671163425e-05,0.8068270643909147,0.3279826953572579,0,6.726834121333426,2.7347890368677765,-24.599759646713686,-1.0329284463043718e-08,143.24638548065616,-3.293628491648066e-14,6.726834121333426,0-1,0,578.4,578400,,,,,0,0.8068270643909147,0.3280200303624626,6.726834121333426,2.7347890368677765,2.6546441518486972e-05,negative_hard,10.0,1,1,0,1,0,0,1,1,0,0,-1,0,0,0,0,0,0,0,0,0
sim_0000_n2_seed256,256,0.001,2,578.9,1,body_1,9.897616233308575,3.6886825746214664,3.638529327860231e-05,1.4571569631459096e-05,0.8032899833417172,0.32533322087295585,0,6.741627797034024,2.7292479061614086,-24.5997596411233,-1.010203074356997e-08,143.24638548065622,-3.253946220664354e-14,6.741627797034024,0-1,0,578.9,578900,,,,,0,0.8032899833417172,0.3253732929514961,6.741627797034024,2.7292479061614086,2.6656975729154832e-05,negative_hard,10.0,1,1,0,1,0,0,1,0,0,0,-1,0,0,0,0,0,0,0,0,0
sim_0000_n2_seed256,256,0.001,2,579.0,1,body_1,9.897616233308575,3.6886825746214664,3.642524646594241e-05,1.4564536977809668e-05,0.8019827102068157,0.3243551896794027,0,6.747120160051906,2.7271940127629675,-24.59975963907224,-1.0018653514803734e-08,143.2463854806563,-3.194422814188787e-14,6.747120160051906,0-1,0,579.0,579000,,,,,0,0.8019827102068157,0.3243956001229593,6.747120160051906,2.7271940127629675,2.668624666239754e-05,negative_baseline,20.0,1,1,0,1,0,0,1,0,0,0,-1,0,0,0,0,0,0,0,0,0
sim_0000_n2_seed256,256,0.001,2,580.0,1,body_1,9.897616233308575,3.6886825746214664,3.698606934947427e-05,1.439385320505339e-05,0.779218948599247,0.3074304718705705,0,6.8449644182076455,2.6909020528180028,-24.59975960464667,-8.61922648690219e-09,143.24638548065647,-3.075376001237652e-14,6.8449644182076455,0-1,0,580.0,580000,,,,,0,0.779218948599247,0.3074706125825085,6.8449644182076455,2.6909020528180028,2.7097122734760948e-05,negative_baseline,20.0,1,1,0,0,0,0,0,0,0,0,-1,0,0,0,0,0,0,0,0,0
sim_0000_n2_seed256,256,0.001,2,581.0,1,body_1,9.897616233308575,3.6886825746214664,3.77784628632422e-05,1.4077187875441456e-05,0.7436254701826566,0.2813920086034257,0,7.006866113280328,2.632042650498051,-24.599759555560063,-6.623816378526867e-09,143.2463854806567,-2.916646917302806e-14,7.006866113280328,0-1,0,581.0,581000,,,,,0,0.7436254701826566,0.2814269516938889,7.006866113280328,2.632042650498051,2.7677654550478833e-05,negative_baseline,20.0,0,0,1,0,0,0,0,0,0,0,-1,0,0,0,0,0,0,0,0,0
sim_0000_n2_seed256,256,0.001,2,582.0,1,body_1,9.897616233308575,3.6886825746214664,3.869625116714146e-05,1.3680577995343991e-05,0.7028633363032617,0.25226805779835876,0,7.207182220417573,2.561149615127048,-24.599759506079668,-4.612398538913728e-09,143.24638548065658,-2.996011459270229e-14,7.207182220417573,0-1,0,582.0,582000,,,,,0,0.7028633363032617,0.2522958682673312,7.207182220417573,2.561149615127048,2.8350054418502268e-05,negative_baseline,20.0,0,0,1,0,0,1,0,0,0,0,-1,0,0,0,0,0,0,0,0,0
sim_0000_n2_seed256,256,0.001,2,583.0,1,body_1,9.897616233308575,3.6886825746214664,3.9629004817985654e-05,1.3269240278738512e-05,0.6634166609739033,0.22486044944792427,0,7.418357527346439,2.4885531488561567,-24.599759464594612,-2.925997679099847e-09,143.24638548065658,-2.996011459270229e-14,7.418357527346439,0-1,0,583.0,583000,,,,,0,0.6634166609739033,0.22488131088528324,7.418357527346439,2.4885531488561567,2.9033418341986098e-05,negative_baseline,20.0,0,0,0,0,0,1,0,0,0,0,-1,0,0,0,0,0,0,0,0,0
sim_0000_n2_seed256,256,0.001,2,584.0,1,body_1,9.897616233308575,3.6886825746214664,4.047878009911354e-05,1.2894443606987973e-05,0.6294830948847872,0.2019473487089516,0,7.61568393417519,2.42254441516595,-24.599759433589835,-1.6656285463252128e-09,143.24638548065676,-2.876964646319094e-14,7.61568393417519,0-1,0,584.0,584000,,,,,0,0.6294830948847872,0.20196229663578272,7.61568393417519,2.42254441516595,2.9655989750400114e-05,negative_baseline,20.0,0,0,0,0,0,0,0,0,0,0,-1,0,0,0,0,0,0,0,1,0
sim_0000_n2_seed256,256,0.001,2,585.0,1,body_1,9.897616233308575,3.6886825746214664,4.1168342065121084e-05,1.259107127335149e-05,0.6032457785442366,0.18468040387673615,0,7.779537913092718,2.368973060184649,-24.599759412386604,-8.037001496924161e-10,143.24638548065687,-2.7976001043516706e-14,7.779537913092718,0-1,0,585.0,585000,,,,,0,0.6032457785442366,0.18469054942023944,7.779537913092718,2.368973060184649,3.0161183959936644e-05,negative_baseline,20.0,0,0,0,0,0,0,0,0,0,0,-1,0,0,0,0,0,0,0,1,0
sim_0000_n2_seed256,256,0.001,2,586.0,1,body_1,9.897616233308575,3.6886825746214664,4.1643253377035466e-05,1.238058516978156e-05,0.5856069052513554,0.1733028393351875,0,7.8958311556226475,2.3315909091379146,-24.599759399412328,-2.762854027103306e-10,143.24638548065693,-2.757917833367959e-14,7.8958311556226475,0-1,0,586.0,586000,,,,,0,0.5856069052513554,0.17330907639252852,7.8958311556226475,2.3315909091379146,3.050911851278651e-05,negative_baseline,20.0,0,0,0,0,0,0,0,0,0,0,-1,0,0,0,0,0,0,0,1,0
sim_0000_n2_seed256,256,0.001,2,587.0,1,body_1,9.897616233308575,3.6886825746214664,4.187100607787685e-05,1.2275021437521146e-05,0.5768345771412138,0.16771549733156654,0,7.955643334203165,2.312561670406121,-24.599759393327318,-2.8924860185059764e-11,143.24638548065673,-2.89680578181095e-14,7.955643334203165,0-1,0,587.0,587000,,,,,0,0.5768345771412138,0.1677184645770947,7.955643334203165,2.312561670406121,3.067597708746346e-05,negative_baseline,20.0,0,0,0,0,0,0,0,0,0,0,-1,0,0,0,0,0,0,0,1,0
sim_0000_n2_seed256,256,0.001,2,588.0,1,body_1,9.897616233308575,3.6886825746214664,4.183951705297361e-05,1.2280066387993077e-05,0.5769703831448789,0.16780163147890365,0,7.954706988297199,2.312858561424331,-24.599759393419724,-3.268124175411442e-11,143.24638548065667,-2.936488052794661e-14,7.954706988297199,0-1,0,588.0,588000,,,,,0,0.5769703831448789,0.167801779182954,7.954706988297199,2.312858561424331,3.065290722769081e-05,negative_baseline,20.0,0,0,0,0,0,0,0,0,0,0,-1,0,0,0,0,0,0,0,1,0
sim_0000_n2_seed256,256,0.001,2,589.0,1,body_1,9.897616233308575,3.6886825746214664,4.155623837975131e-05,1.2396729772600939e-05,0.5860141196361277,0.17356336212972295,0,7.89308731833218,2.332467024081638,-24.599759399700652,-2.880060064249865e-10,143.2463854806569,-2.777758968859815e-14,7.89308731833218,0-1,0,589.0,589000,,,,,0,0.5860141196361277,0.17356107318940558,7.89308731833218,2.332467024081638,3.0445368556413406e-05,negative_baseline,20.0,0,0,0,0,0,0,0,0,0,0,-1,0,0,0,0,0,0,0,1,0
sim_0000_n2_seed256,256,0.001,2,590.0,1,body_1,9.897616233308575,3.6886825746214664,4.104833174948918e-05,1.2621601592210397e-05,0.6039210411522428,0.18511970609874884,0,7.77518742687567,2.370381587746973,-24.599759412903225,-8.24701225518854e-10,143.24638548065718,-2.5793476139412566e-14,7.77518742687567,0-1,0,590.0,590000,,,,,0,0.6039210411522428,0.18511548214138832,7.77518742687567,2.370381587746973,3.0073260560703152e-05,negative_baseline,20.0,0,0,0,0,0,0,0,0,0,0,-1,0,0,0,0,0,0,0,1,0
sim_0000_n2_seed256,256,0.001,2,591.0,1,body_1,9.897616233308575,3.6886825746214664,4.0363743384022856e-05,1.2945658432512125e-05,0.6304109817189137,0.20256531872459912,0,7.610077198865851,2.4243969046277334,-24.59975943438269,-1.6978587623338386e-09,143.2463854806573,-2.4999830719738335e-14,7.610077198865851,0-1,0,591.0,591000,,,,,0,0.6304109817189137,0.20256006989356343,7.610077198865851,2.4243969046277334,2.957171011227957e-05,negative_baseline,20.0,0,0,0,0,0,0,0,0,0,0,-1,0,0,0,0,0,0,0,1,0
sim_0000_n2_seed256,256,0.001,2,591.8000000000001,1,body_1,9.897616233308575,3.6886825746214664,3.9735073122394416e-05,1.326500991281438e-05,0.6571949253746925,0.2206119009988066,0,7.4533900060287515,2.4767096930769537,-24.599759458595347,-2.6821227293915365e-09,143.24638548065735,-2.4603008009901216e-14,7.4533900060287515,0-1,0,591.8000000000001,591800,,,,,0,0.6571949253746925,0.2206070202363586,7.4533900060287515,2.4767096930769537,2.9111126987723945e-05,negative_hard,10.0,0,0,0,0,1,0,0,0,0,0,-1,0,0,0,0,0,0,0,0,0
sim_0000_n2_seed256,256,0.001,2,592.0,1,body_1,9.897616233308575,3.6886825746214664,3.957234039843144e-05,1.335150371404158e-05,0.6645533617975018,0.22563889937515053,0,7.412010360546284,2.49070485485138,-24.599759465706086,-2.9711799738573208e-09,143.24638548065715,-2.5991887494331125e-14,7.412010360546284,0-1,0,592.0,592000,,,,,0,0.6645533617975018,0.22563435049643382,7.412010360546284,2.49070485485138,2.899190400103544e-05,negative_baseline,20.0,0,0,0,0,1,0,0,0,0,0,-1,0,0,0,0,0,0,0,0,0
sim_0000_n2_seed256,256,0.001,2,592.3000000000001,1,body_1,9.897616233308575,3.6886825746214664,3.932722400607941e-05,1.3485140026760458e-05,0.6760017955162286,0.2335173710757455,0,7.348979275293796,2.512172446171064,-24.599759477174505,-3.4373804321719294e-09,143.24638548065718,-2.5793476139412566e-14,7.348979275293796,0-1,0,592.3000000000001,592300,,,,,0,0.6760017955162286,0.2335135425490888,7.348979275293796,2.512172446171064,2.8812324212173026e-05,negative_hard,10.0,0,0,1,0,1,0,0,0,0,0,-1,0,0,0,0,0,0,0,0,0
sim_0000_n2_seed256,256,0.001,2,592.8000000000001,1,body_1,9.897616233308575,3.6886825746214664,3.892297983477731e-05,1.371549334099098e-05,0.6959391816851929,0.24739986288520827,0,7.242946933501485,2.5487051335552486,-24.599759498355297,-4.298396667867004e-09,143.24638548065735,-2.4603008009901216e-14,7.242946933501485,0-1,0,592.8000000000001,592800,,,,,0,0.6959391816851929,0.2473979162932757,7.242946933501485,2.5487051335552486,2.8516162530941457e-05,negative_hard,10.0,0,0,1,0,1,0,0,0,0,0,-1,0,0,0,0,0,0,0,0,0
sim_0000_n2_seed256,256,0.001,2,593.0,1,body_1,9.897616233308575,3.6886825746214664,3.876532587264958e-05,1.3809208229973692e-05,0.7041140041807424,0.2531498929989476,0,7.200778571693549,2.5633844198681692,-24.599759507495133,-4.669938332530784e-09,143.24638548065744,-2.400777394514554e-14,7.200778571693549,0-1,0,593.0,593000,,,,,0,0.7041140041807424,0.2531489657657159,7.200778571693549,2.5633844198681692,2.8400660402341353e-05,negative_baseline,20.0,0,0,1,0,1,0,0,0,0,0,-1,0,0,0,0,0,0,0,0,0
sim_0000_n2_seed256,256,0.001,2,593.3000000000001,1,body_1,9.897616233308575,3.6886825746214664,3.853598396325829e-05,1.3950139939796693e-05,0.7164632166534088,0.2618980094357199,0,7.138451251938929,2.5852426495573413,-24.599759521816917,-5.252130394596558e-09,143.24638548065744,-2.400777394514554e-14,7.138451251938929,0-1,0,593.3000000000001,593300,,,,,0,0.7164632166534088,0.2618989205538802,7.138451251938929,2.5852426495573413,2.823263748421561e-05,negative_hard,10.0,0,0,1,0,1,0,0,0,0,0,-1,0,0,0,0,0,0,0,0,0
sim_0000_n2_seed256,256,0.001,2,594.0,1,body_1,9.897616233308575,3.6886825746214664,3.805006930000468e-05,1.427214802308469e-05,0.7448250247666168,0.2822606522328728,0,7.001221495441511,2.63407060465901,-24.599759557122766,-6.687341542299551e-09,143.2463854806575,-2.3610951235308425e-14,7.001221495441511,0-1,0,594.0,594000,,,,,0,0.7448250247666168,0.28226734257800035,7.001221495441511,2.63407060465901,2.7876641498422544e-05,negative_baseline,20.0,0,0,1,0,0,0,0,0,0,0,-1,0,0,0,0,0,0,0,0,0
sim_0000_n2_seed256,256,0.001,2,595.0,1,body_1,9.897616233308575,3.6886825746214664,3.753722386124019e-05,1.4676763241642447e-05,0.7801406812549502,0.30811179465000404,0,6.840919575998061,2.6923913428202835,-24.599759605993455,-8.67397434016965e-09,143.24638548065758,-2.301571717055275e-14,6.840919575998061,0-1,0,595.0,595000,,,,,0,0.7801406812549502,0.3081298174441771,6.840919575998061,2.6923913428202835,2.7500915208806528e-05,negative_baseline,20.0,1,1,0,0,0,0,0,0,0,0,-1,0,0,0,0,0,0,0,0,0
sim_0000_n2_seed256,256,0.001,2,596.0,1,body_1,9.897616233308575,3.6886825746214664,3.731944309255534e-05,1.4952293014476193e-05,0.8024018059910786,0.3246686642285645,0,6.745357913932152,2.7278528165004787,-24.59975963972856,-1.0045333500128764e-08,143.2463854806575,-2.3610951235308425e-14,6.745357913932152,0-1,0,596.0,596000,,,,,0,0.8024018059910786,0.3246989116472816,6.745357913932152,2.7278528165004787,2.734136235848534e-05,negative_baseline,20.0,1,1,0,1,0,0,1,0,0,0,-1,0,0,0,0,0,0,0,0,0
sim_0000_n2_seed256,256,0.001,2,596.0500000000001,1,body_1,9.897616233308575,3.6886825746214664,3.731743790817919e-05,1.496154472091565e-05,0.8030501717979677,0.32515375851013584,0,6.742634334075901,2.728871372525288,-24.599759640746072,-1.0086696157064694e-08,143.24638548065755,-2.321412852547131e-14,6.742634334075901,0-1,0,596.0500000000001,596050,,,,,0,0.8030501717979677,0.3251845593924062,6.742634334075901,2.728871372525288,2.7339893300274166e-05,negative_hard,10.0,1,1,0,1,0,0,1,0,0,0,-1,0,0,0,0,0,0,0,0,0
sim_0000_n2_seed256,256,0.001,2,596.5500000000001,1,body_1,9.897616233308575,3.6886825746214664,3.73459832011328e-05,1.5027187944706986e-05,0.8067848704466869,0.32795106210979075,0,6.727010021975109,2.734723074314251,-24.599759646646337,-1.0326546680444544e-08,143.2463854806573,-2.4999830719738335e-14,6.727010021975109,0-1,0,596.5500000000001,596550,,,,,0,0.8067848704466869,0.3279867626667954,6.727010021975109,2.734723074314251,2.736080647211635e-05,negative_hard,10.0,1,1,0,1,0,0,1,1,0,0,-1,0,0,0,0,0,0,0,0,0
sim_0000_n2_seed256,256,0.001,2,597.0,1,body_1,9.897616233308575,3.6886825746214664,3.74470941899009e-05,1.5042888919783393e-05,0.8057554685630771,0.32717951445596644,0,6.731305733736682,2.7331127635650456,-24.599759645013346,-1.0260164298180426e-08,143.24638548065735,-2.4603008009901216e-14,6.731305733736682,0-1,0,597.0,597000,,,,,0,0.8057554685630771,0.3272183839250288,6.731305733736682,2.7331127635650456,2.743488349873458e-05,negative_baseline,20.0,1,1,0,1,0,0,1,0,0,0,-1,0,0,0,0,0,0,0,0,0
sim_0000_n2_seed256,256,0.001,2,597.0500000000001,1,body_1,9.897616233308575,3.6886825746214664,3.746266315871734e-05,1.5042058660753456e-05,0.8053842908444558,0.32690140996783407,0,6.732856684585828,2.7325316387876377,-24.599759644425774,-1.0236278997197679e-08,143.24638548065735,-2.4603008009901216e-14,6.732856684585828,0-1,0,597.0500000000001,597050,,,,,0,0.8053842908444558,0.32694054816570695,6.732856684585828,2.7325316387876377,2.7446289804563283e-05,negative_hard,10.0,1,1,0,1,0,0,1,0,0,0,-1,0,0,0,0,0,0,0,0,0
sim_0000_n2_seed256,256,0.001,2,597.5500000000001,1,body_1,9.897616233308575,3.6886825746214664,3.766414282549668e-05,1.5005905193581643e-05,0.7989536243013483,0.3220914802692362,0,6.759898293372265,2.722422519854508,-24.599759634350736,-9.826720613629182e-09,143.24638548065727,-2.519824207465689e-14,6.759898293372265,0-1,0,597.5500000000001,597550,,,,,0,0.7989536243013483,0.3221323422809485,6.759898293372265,2.722422519854508,2.759390000549635e-05,negative_hard,10.0,1,1,0,1,0,0,1,0,0,0,-1,0,0,0,0,0,0,0,0,0
sim_0000_n2_seed256,256,0.001,2,598.0,1,body_1,9.897616233308575,3.6886825746214664,3.791229098404666e-05,1.4932086145015599e-05,0.7892481486296249,0.3148620953337122,0,6.8013349200305795,2.70701592814355,-24.599759619515147,-9.223642001326524e-09,143.24638548065727,-2.519824207465689e-14,6.8013349200305795,0-1,0,598.0,598000,,,,,0,0.7892481486296249,0.31490304762719296,6.8013349200305795,2.70701592814355,2.777570097117467e-05,negative_baseline,20.0,1,1,0,0,0,0,0,0,0,0,-1,0,0,0,0,0,0,0,0,0
sim_0000_n2_seed256,256,0.001,2,599.0,1,body_1,9.897616233308575,3.6886825746214664,3.865079036174496e-05,1.4650822235127929e-05,0.7573907121758263,0.29139794962265503,0,6.942900795337123,2.6551243708723997,-24.599759573873502,-7.3682724263017116e-09,143.24638548065744,-2.400777394514554e-14,6.942900795337123,0-1,0,599.0,599000,,,,,0,0.7573907121758263,0.29143513145861116,6.942900795337123,2.6551243708723997,2.8316748289589706e-05,negative_baseline,20.0,0,0,0,0,0,0,0,0,0,0,-1,0,0,0,0,0,0,0,1,0
sim_0000_n2_seed256,256,0.001,2,600.0,1,body_1,9.897616233308575,3.6886825746214664,3.9560682843658435e-05,1.4262029049396816e-05,0.7176334809042036,0.2627308171404336,0,7.1326284447328305,2.58729469323432,-24.599759523206515,-5.308618661331481e-09,143.24638548065795,-2.0436369556611495e-14,7.1326284447328305,0-1,0,600.0,600000,,,,,0,0.7176334809042036,0.26276124701760095,7.1326284447328305,2.58729469323432,2.8983363435363378e-05,negative_baseline,20.0,0,0,1,0,0,1,0,0,0,0,-1,0,0,0,0,0,0,0,0,0
sim_0000_n2_seed256,256,0.001,2,601.0,1,body_1,9.897616233308575,3.6886825746214664,4.052726578884854e-05,1.3835494419614405e-05,0.6771088788280788,0.2342828839753012,0,7.342968971128506,2.514229056367795,-24.59975947830977,-3.4835299121415504e-09,143.24638548065812,-1.9245901427100145e-14,7.342968971128506,0-1,0,601.0,601000,,,,,0,0.6771088788280788,0.23430614201015768,7.342968971128506,2.514229056367795,2.9691511728659387e-05,negative_baseline,20.0,0,0,1,0,0,1,0,0,0,0,-1,0,0,0,0,0,0,0,0,0
sim_0000_n2_seed256,256,0.001,2,602.0,1,body_1,9.897616233308575,3.6886825746214664,4.1443404309143385e-05,1.3429945634899771e-05,0.6408550766790622,0.20955477525852825,0,7.547811280182781,2.4450588547304712,-24.599759443517417,-2.069192750077346e-09,143.2463854806582,-1.865066736234447e-14,7.547811280182781,0-1,0,602.0,602000,,,,,0,0.6408550766790622,0.2095717115530894,7.547811280182781,2.4450588547304712,3.0362702869273642e-05,negative_baseline,20.0,0,0,0,0,0,0,0,0,0,0,-1,0,0,0,0,0,0,0,1,0
sim_0000_n2_seed256,256,0.001,2,603.0,1,body_1,9.897616233308575,3.6886825746214664,4.222109106193049e-05,1.3087150284538956e-05,0.6117010417795029,0.19020070799123404,0,7.725584326294266,2.3864938406810547,-24.59975941896539,-1.0711331431502755e-09,143.24638548065803,-1.984113549185582e-14,7.725584326294266,0-1,0,603.0,603000,,,,,0,0.6117010417795029,0.19021246048030926,7.725584326294266,2.3864938406810547,3.093245998449426e-05,negative_baseline,20.0,0,0,0,0,0,0,0,0,0,0,-1,0,0,0,0,0,0,0,1,0
sim_0000_n2_seed256,256,0.001,2,604.0,1,body_1,9.897616233308575,3.6886825746214664,4.279553242732492e-05,1.283364977309504e-05,0.5909235241899121,0.17671226121366648,0,7.860230968901608,2.342979993084063,-24.599759403217504,-4.3096889198810134e-10,143.24638548065798,-2.0237958201692936e-14,7.860230968901608,0-1,0,604.0,604000,,,,,0,0.5909235241899121,0.17671981501578457,7.860230968901608,2.342979993084063,3.1353313288503825e-05,negative_baseline,20.0,0,0,0,0,0,0,0,0,0,0,-1,0,0,0,0,0,0,0,1,0
sim_0000_n2_seed256,256,0.001,2,605.0,1,body_1,9.897616233308575,3.6886825746214664,4.3125039643193647e-05,1.268485459818031e-05,0.5789584098050997,0.16906384196281363,0,7.941037812475566,2.3171963279167405,-24.599759394778268,-8.790712743193925e-11,143.24638548065778,-2.1626837686122845e-14,7.941037812475566,0-1,0,605.0,605000,,,,,0,0.5789584098050997,0.16906792320876432,7.941037812475566,2.3171963279167405,3.1594720324715934e-05,negative_baseline,20.0,0,0,0,0,0,0,0,0,0,0,-1,0,0,0,0,0,0,0,1,0
sim_0000_n2_seed256,256,0.001,2,606.0,1,body_1,9.897616233308575,3.6886825746214664,4.3189521164065946e-05,1.264866214843872e-05,0.5758966824365594,0.16712095765060622,0,7.962118905704094,2.3105093034715187,-24.599759392690473,-3.036588960820576e-12,143.2463854806579,-2.083319226644861e-14,7.962118905704094,0-1,0,606.0,606000,,,,,0,0.5758966824365594,0.16712207290090705,7.962118905704094,2.3105093034715187,3.1641961415606324e-05,negative_baseline,20.0,0,0,0,0,0,0,0,0,0,0,-1,0,0,0,0,0,0,0,1,0
sim_0000_n2_seed256,256,0.001,2,607.0,1,body_1,9.897616233308575,3.6886825746214664,4.298924697315828e-05,1.272770453452455e-05,0.5817441251815079,0.17083664633722087,0,7.922001937197348,2.323248516581469,-24.599759396703064,-1.661516456651407e-10,143.24638548065758,-2.301571717055275e-14,7.922001937197348,0-1,0,607.0,607000,,,,,0,0.5817441251815079,0.17083518534451,7.922001937197348,2.323248516581469,3.149523436247228e-05,negative_baseline,20.0,0,0,0,0,0,0,0,0,0,0,-1,0,0,0,0,0,0,0,1,0
sim_0000_n2_seed256,256,0.001,2,608.0,1,body_1,9.897616233308575,3.6886825746214664,4.2544617855052525e-05,1.2920126695667602e-05,0.5964836153852734,0.18029629381295928,0,7.823510828947743,2.354777443839318,-24.59975940729377,-5.966724003211091e-10,143.24638548065803,-1.984113549185582e-14,7.823510828947743,0-1,0,608.0,608000,,,,,0,0.5964836153852734,0.18029268854335687,7.823510828947743,2.354777443839318,3.116948540667626e-05,negative_baseline,20.0,0,0,0,0,0,0,0,0,0,0,-1,0,0,0,0,0,0,0,1,0
sim_0000_n2_seed256,256,0.001,2,609.0,1,body_1,9.897616233308575,3.6886825746214664,4.18969955245434e-05,1.3218896153259735e-05,0.6199545911443491,0.19563004499641415,0,7.673986079968024,2.4033582805237197,-24.599759425618707,-1.3415957933769018e-09,143.24638548065792,-2.0634780911530054e-14,7.673986079968024,0-1,0,609.0,609000,,,,,0,0.6199545911443491,0.19562501766062285,7.673986079968024,2.4033582805237197,3.0695017410829746e-05,negative_baseline,20.0,0,0,0,0,0,0,0,0,0,0,-1,0,0,0,0,0,0,0,1,0
sim_0000_n2_seed256,256,0.001,2,610.0,1,body_1,9.897616233308575,3.6886825746214664,4.1110007944559884e-05,1.3609539258479293e-05,0.6515233573795587,0.21675732042513302,0,7.485760917779165,2.4658146803952294,-24.599759453251437,-2.464888482586618e-09,143.2463854806578,-2.1428426331204285e-14,7.485760917779165,0-1,0,610.0,610000,,,,,0,0.6515233573795587,0.21675225217461663,7.485760917779165,2.4658146803952294,3.0118446169374963e-05,negative_baseline,20.0,0,0,0,0,1,0,0,0,0,0,-1,0,0,0,0,0,0,0,0,0
sim_0000_n2_seed256,256,0.001,2,610.45,1,body_1,9.897616233308575,3.6886825746214664,4.073258629130244e-05,1.38089723481789e-05,0.6679807448337871,0.22799025502990647,0,7.39297053857978,2.4971703789509947,-24.599759469086983,-3.108616169305688e-09,143.2463854806581,-1.9444312782018705e-14,7.39297053857978,0-1,0,610.45,610450,,,,,0,0.6679807448337871,0.22798589542333977,7.39297053857978,2.4971703789509947,2.98419354921386e-05,negative_hard,10.0,0,0,0,0,1,0,0,0,0,0,-1,0,0,0,0,0,0,0,0,0
sim_0000_n2_seed256,256,0.001,2,610.95,1,body_1,9.897616233308575,3.6886825746214664,4.0311582892190435e-05,1.404245816376988e-05,0.687503339805705,0.2415012166140415,0,7.287247857916887,2.5333764897287465,-24.59975948920287,-3.926343176356598e-09,143.24638548065806,-1.964272413693726e-14,7.287247857916887,0-1,0,610.95,610950,,,,,0,0.687503339805705,0.24149837259844253,7.287247857916887,2.5333764897287465,2.9533495493513647e-05,negative_hard,10.0,0,0,1,0,1,0,0,0,0,0,-1,0,0,0,0,0,0,0,0,0
sim_0000_n2_seed256,256,0.001,2,611.0,1,body_1,9.897616233308575,3.6886825746214664,4.0269883546194375e-05,1.4066297649210853e-05,0.6895106032122928,0.24290151130188023,0,7.276633019620954,2.5370407565880475,-24.599759491355098,-4.013832928058642e-09,143.24638548065798,-2.0237958201692936e-14,7.276633019620954,0-1,0,611.0,611000,,,,,0,0.6895106032122928,0.2428988670262137,7.276633019620954,2.5370407565880475,2.9502945274240952e-05,negative_baseline,20.0,0,0,1,0,1,0,0,0,0,0,-1,0,0,0,0,0,0,0,0,0
sim_0000_n2_seed256,256,0.001,2,611.45,1,body_1,9.897616233308575,3.6886825746214664,3.990212062816878e-05,1.4282994320117172e-05,0.7078582243409349,0.2557944833688198,0,7.181709041268203,2.5700515052212674,-24.599759511771353,-4.843770124887996e-09,143.2463854806579,-2.083319226644861e-14,7.181709041268203,0-1,0,611.45,611450,,,,,0,0.7078582243409349,0.2557940744784063,7.181709041268203,2.5700515052212674,2.923351088664189e-05,negative_hard,10.0,0,0,1,0,1,0,0,0,0,0,-1,0,0,0,0,0,0,0,0,0
sim_0000_n2_seed256,256,0.001,2,612.0,1,body_1,9.897616233308575,3.6886825746214664,3.948224888098911e-05,1.4547544995894108e-05,0.7304495365007451,0.2718933898070107,0,7.069779006618607,2.6095542896586523,-24.59975953880072,-5.942535563246666e-09,143.2463854806577,-2.222207175087852e-14,7.069779006618607,0-1,0,612.0,612000,,,,,0,0.7304495365007451,0.271896857507829,7.069779006618607,2.6095542896586523,2.8925899978145903e-05,negative_baseline,20.0,0,0,1,0,0,0,0,0,0,0,-1,0,0,0,0,0,0,0,0,0
sim_0000_n2_seed256,256,0.001,2,613.0,1,body_1,9.897616233308575,3.6886825746214664,3.8862058060205334e-05,1.4993464427113693e-05,0.7685714079928376,0.2995852000608431,0,6.892215297085646,2.6735734313262087,-24.599759589366617,-7.99807998253578e-09,143.24638548065786,-2.103160362136717e-14,6.892215297085646,0-1,0,613.0,613000,,,,,0,0.7685714079928376,0.29959884752898014,6.892215297085646,2.6735734313262087,2.8471529187753814e-05,negative_baseline,20.0,0,0,0,0,0,0,0,0,0,0,-1,0,0,0,0,0,0,0,1,0
sim_0000_n2_seed256,256,0.001,2,614.0,1,body_1,9.897616233308575,3.6886825746214664,3.851457874994727e-05,1.53317655413824e-05,0.7963619530456139,0.32015744120484163,0,6.7708890265537205,2.718326202867638,-24.599759630345478,-9.663903641183167e-09,143.24638548065795,-2.0436369556611495e-14,6.7708890265537205,0-1,0,614.0,614000,,,,,0,0.7963619530456139,0.32018347711517214,6.7708890265537205,2.718326202867638,2.821695522420436e-05,negative_baseline,20.0,1,1,0,0,0,0,0,0,0,0,-1,0,0,0,0,0,0,0,0,0
sim_0000_n2_seed256,256,0.001,2,614.25,1,body_1,9.897616233308575,3.6886825746214664,3.84797029255004e-05,1.5391257211240563e-05,0.8008229929873555,0.32348809300587883,0,6.752003836396488,2.725369249814949,-24.59975963725903,-9.944945105324952e-09,143.2463854806578,-2.1428426331204285e-14,6.752003836396488,0-1,0,614.25,614250,,,,,0,0.8008229929873555,0.32351710337181144,6.752003836396488,2.725369249814949,2.8191404136020268e-05,negative_hard,10.0,1,1,0,1,0,0,1,0,0,0,-1,0,0,0,0,0,0,0,0,0
sim_0000_n2_seed256,256,0.001,2,614.75,1,body_1,9.897616233308575,3.6886825746214664,3.8477360668585226e-05,1.5474095923198913e-05,0.8061489112246223,0.3274743571869762,0,6.729662919349197,2.733728465936099,-24.599759645636716,-1.028550478181176e-08,143.24638548065772,-2.202366039595996e-14,6.729662919349197,0-1,0,614.75,614750,,,,,0,0.8061489112246223,0.3275086401539166,6.729662919349197,2.733728465936099,2.8189688148991282e-05,negative_hard,10.0,1,1,0,1,0,0,1,0,0,0,-1,0,0,0,0,0,0,0,0,0
sim_0000_n2_seed256,256,0.001,2,615.0,1,body_1,9.897616233308575,3.6886825746214664,3.8510377035530024e-05,1.5496331045411297e-05,0.8069143794627707,0.3280481585003902,0,6.72647016085034,2.73492552756382,-24.599759646851943,-1.033490473775119e-08,143.24638548065764,-2.2618894460715635e-14,6.72647016085034,0-1,0,615.0,615000,,,,,0,0.8069143794627707,0.3280846051712422,6.72647016085034,2.73492552756382,2.8213876963037306e-05,negative_baseline,20.0,1,1,0,1,0,0,1,1,0,0,-1,0,0,0,0,0,0,0,0,0
sim_0000_n2_seed256,256,0.001,2,615.25,1,body_1,9.897616233308575,3.6886825746214664,3.8566085188895377e-05,1.5505356406820755e-05,0.80638743141363,0.32765313043741373,0,6.728667567038673,2.734101587934526,-24.59975964601512,-1.0300887171558072e-08,143.24638548065755,-2.321412852547131e-14,6.728667567038673,0-1,0,615.25,615250,,,,,0,0.80638743141363,0.3276913552100769,6.728667567038673,2.734101587934526,2.8254690476570503e-05,negative_hard,10.0,1,1,0,1,0,0,1,0,0,0,-1,0,0,0,0,0,0,0,0,0
sim_0000_n2_seed256,256,0.001,2,615.75,1,body_1,9.897616233308575,3.6886825746214664,3.874377086593761e-05,1.5483760316042947e-05,0.8015206184676485,0.3240096321223942,0,6.749064800764095,2.7264672367412564,-24.599759638348782,-9.989244412119595e-09,143.24638548065755,-2.321412852547131e-14,6.749064800764095,0-1,0,615.75,615750,,,,,0,0.8015206184676485,0.3240501365450153,6.749064800764095,2.7264672367412564,2.8384868475024336e-05,negative_hard,10.0,1,1,0,1,0,0,1,0,0,0,-1,0,0,0,0,0,0,0,0,0
sim_0000_n2_seed256,256,0.001,2,616.0,1,body_1,9.897616233308575,3.6886825746214664,3.886424829762805e-05,1.5453649348179444e-05,0.797271871871759,0.3208361762852284,0,6.7670241477856425,2.719765854177142,-24.599759631748107,-9.72092164292752e-09,143.2463854806576,-2.2817305815634194e-14,6.7670241477856425,0-1,0,616.0,616000,,,,,0,0.797271871871759,0.3208771646539608,6.7670241477856425,2.719765854177142,2.8473133947302546e-05,negative_baseline,20.0,1,1,0,0,0,0,0,0,0,0,-1,0,0,0,0,0,0,0,0,0
sim_0000_n2_seed256,256,0.001,2,617.0,1,body_1,9.897616233308575,3.6886825746214664,3.952986330071708e-05,1.5219013962712769e-05,0.770143675432891,0.3007407321412305,0,6.885176388374273,2.676146857841293,-24.59975959159051,-8.088482987948357e-09,143.2463854806576,-2.2817305815634194e-14,6.885176388374273,0-1,0,617.0,617000,,,,,0,0.770143675432891,0.30077977417390245,6.885176388374273,2.676146857841293,2.8960783942256458e-05,negative_baseline,20.0,0,0,0,0,0,0,0,0,0,0,-1,0,0,0,0,0,0,0,1,0
sim_0000_n2_seed256,256,0.001,2,618.0,1,body_1,9.897616233308575,3.6886825746214664,4.041359479988313e-05,1.484850466173432e-05,0.7323265626521351,0.27324173228269577,0,7.0607129185791555,2.6127821305346233,-24.599759541142983,-6.03775052088913e-09,143.24638548065718,-2.5793476139412566e-14,7.0607129185791555,0-1,0,618.0,618000,,,,,0,0.7323265626521351,0.2732747411981162,7.0607129185791555,2.6127821305346233,2.9608232749074193e-05,negative_baseline,20.0,0,0,1,0,0,0,0,0,0,0,-1,0,0,0,0,0,0,0,0,0
sim_0000_n2_seed256,256,0.001,2,619.0,1,body_1,9.897616233308575,3.6886825746214664,4.1399293681728954e-05,1.4414289097890114e-05,0.6913727243829038,0.24420237734722985,0,7.266827087168409,2.540430583650479,-24.599759493366257,-4.095588168304998e-09,143.24638548065698,-2.7182355623842475e-14,7.266827087168409,0-1,0,619.0,619000,,,,,0,0.6913727243829038,0.2442281507628791,7.266827087168409,2.540430583650479,3.033038595935322e-05,negative_baseline,20.0,0,0,1,0,0,1,0,0,0,0,-1,0,0,0,0,0,0,0,0,0
sim_0000_n2_seed256,256,0.001,2,620.0,1,body_1,9.897616233308575,3.6886825746214664,4.237187194888733e-05,1.3982211668690853e-05,0.6531560493663519,0.21786515091483635,0,7.4763989978940435,2.468960838350704,-24.599759454778063,-2.526947054477959e-09,143.24638548065658,-2.996011459270229e-14,7.4763989978940435,0-1,0,620.0,620000,,,,,0,0.6531560493663519,0.21788422594094065,7.4763989978940435,2.468960838350704,3.104292657748154e-05,negative_baseline,20.0,0,0,0,0,0,1,0,0,0,0,-1,0,0,0,0,0,0,0,0,0
sim_0000_n2_seed256,256,0.001,2,621.0,1,body_1,9.897616233308575,3.6886825746214664,4.323260307295781e-05,1.3601563388143759e-05,0.621242828469378,0.1964810637866274,0,7.666025387998686,2.405969759820246,-24.599759426678617,-1.3846819665621624e-09,143.24638548065633,-3.174581678696931e-14,7.666025387998686,0-1,0,621.0,621000,,,,,0,0.621242828469378,0.19649455087157855,7.666025387998686,2.405969759820246,3.1673524531576614e-05,negative_baseline,20.0,0,0,0,0,0,0,0,0,0,0,-1,0,0,0,0,0,0,0,1,0
sim_0000_n2_seed256,256,0.001,2,622.0,1,body_1,9.897616233308575,3.6886825746214664,4.390579616753363e-05,1.3304793834273827e-05,0.597378186165532,0.18087468712685206,0,7.8176508005471,2.356664910605031,-24.599759407959397,-6.237306233750642e-10,143.2463854806567,-2.916646917302806e-14,7.8176508005471,0-1,0,622.0,622000,,,,,0,0.597378186165532,0.18088365074660373,7.8176508005471,2.356664910605031,3.216672636587197e-05,negative_baseline,20.0,0,0,0,0,0,0,0,0,0,0,-1,0,0,0,0,0,0,0,1,0
sim_0000_n2_seed256,256,0.001,2,623.0,1,body_1,9.897616233308575,3.6886825746214664,4.4339884244990905e-05,1.311134747331695e-05,0.5822296372674775,0.17114611462771076,0,7.918698232266388,2.324300236236754,-24.599759397041318,-1.79901937444829e-10,143.24638548065687,-2.7976001043516706e-14,7.918698232266388,0-1,0,623.0,623000,,,,,0,0.5822296372674775,0.17115137415997236,7.918698232266388,2.324300236236754,3.2484752532571505e-05,negative_baseline,20.0,0,0,0,0,0,0,0,0,0,0,-1,0,0,0,0,0,0,0,1,0
sim_0000_n2_seed256,256,0.001,2,624.0,1,body_1,9.897616233308575,3.6886825746214664,4.450614467418325e-05,1.3031748958586396e-05,0.5759705589959734,0.16716776870923752,0,7.961608260841993,2.3106710921065265,-24.599759392740985,-5.0899620153695604e-12,143.24638548065664,-2.956329188286517e-14,7.961608260841993,0-1,0,624.0,624000,,,,,0,0.5759705589959734,0.16716990026770565,7.961608260841993,2.3106710921065265,3.2606559958143804e-05,negative_baseline,20.0,0,0,0,0,0,0,0,0,0,0,-1,0,0,0,0,0,0,0,1,0
sim_0000_n2_seed256,256,0.001,2,625.0,1,body_1,9.897616233308575,3.6886825746214664,4.439719767226663e-05,1.3070452328837316e-05,0.5786205926535279,0.168849186091646,0,7.94335558976612,2.3164603275764173,-24.599759394546865,-7.850043165651419e-11,143.24638548065687,-2.7976001043516706e-14,7.94335558976612,0-1,0,625.0,625000,,,,,0,0.5786205926535279,0.16884860642213978,7.94335558976612,2.3164603275764173,3.2526741992271024e-05,negative_baseline,20.0,0,0,0,0,0,0,0,0,0,0,-1,0,0,0,0,0,0,0,1,0
sim_0000_n2_seed256,256,0.001,2,626.0,1,body_1,9.897616233308575,3.6886825746214664,4.402635391408017e-05,1.3227174267178178e-05,0.5901749924823232,0.17623119735870782,0,7.865214039839717,2.3413829666375983,-24.599759402676675,-4.0898373373138505e-10,143.24638548065707,-2.65871215590868e-14,7.865214039839717,0-1,0,626.0,626000,,,,,0,0.5901749924823232,0.17622830031596037,7.865214039839717,2.3413829666375983,3.225505044707129e-05,negative_baseline,20.0,0,0,0,0,0,0,0,0,0,0,-1,0,0,0,0,0,0,0,1,0
sim_0000_n2_seed256,256,0.001,2,627.0,1,body_1,9.897616233308575,3.6886825746214664,4.342810549981105e-05,1.3496724348287545e-05,0.610550774999794,0.18944722248329623,0,7.732858333479447,2.384124982581409,-24.599759418056667,-1.0341927914825512e-09,143.24638548065727,-2.519824207465689e-14,7.732858333479447,0-1,0,627.0,627000,,,,,0,0.610550774999794,0.18944259020094023,7.732858333479447,2.384124982581409,3.181675529389754e-05,negative_baseline,20.0,0,0,0,0,0,0,0,0,0,0,-1,0,0,0,0,0,0,0,1,0
sim_0000_n2_seed256,256,0.001,2,628.0,1,body_1,9.897616233308575,3.6886825746214664,4.2659412681924494e-05,1.3867262941732497e-05,0.6393369876860904,0.20853500787007348,0,7.556767007507345,2.442076901540038,-24.59975944216599,-2.0142561389970917e-09,143.24638548065707,-2.65871215590868e-14,7.556767007507345,0-1,0,628.0,628000,,,,,0,0.6393369876860904,0.20852973550511136,7.556767007507345,2.442076901540038,3.125358735933714e-05,negative_baseline,20.0,0,0,0,0,0,0,0,0,0,0,-1,0,0,0,0,0,0,0,1,0
sim_0000_n2_seed256,256,0.001,2,628.65,1,body_1,9.897616233308575,3.6886825746214664,4.2105483863926496e-05,1.4152450436361009e-05,0.6620327021572304,0.22391360326597176,0,7.426107402328145,2.485928390582011,-24.599759463247675,-2.871243615743672e-09,143.24638548065693,-2.757917833367959e-14,7.426107402328145,0-1,0,628.65,628650,,,,,0,0.6620327021572304,0.2239089293274614,7.426107402328145,2.485928390582011,3.084776212674909e-05,negative_hard,10.0,0,0,0,0,1,0,0,0,0,0,-1,0,0,0,0,0,0,0,0,0
sim_0000_n2_seed256,256,0.001,2,629.0,1,body_1,9.897616233308575,3.6886825746214664,4.1800657841841344e-05,1.4316891684310643e-05,0.6753101980032269,0.2330394776629739,0,7.352741424296863,2.5108859666608567,-24.59975947646769,-3.4086477958956898e-09,143.24638548065678,-2.857123510827238e-14,7.352741424296863,0-1,0,629.0,629000,,,,,0,0.6753101980032269,0.23303559840775975,7.352741424296863,2.5108859666608567,3.062443724154145e-05,negative_baseline,20.0,0,0,0,0,1,0,0,0,0,0,-1,0,0,0,0,0,0,0,0,0
sim_0000_n2_seed256,256,0.001,2,629.15,1,body_1,9.897616233308575,3.6886825746214664,4.167014934758547e-05,1.4389127303863439e-05,0.6811830186854427,0.23710550170597153,0,7.320976974736796,2.5217686826711025,-24.599759482529798,-3.6550774027964265e-09,143.24638548065676,-2.876964646319094e-14,7.320976974736796,0-1,0,629.15,629150,,,,,0,0.6811830186854427,0.23710208346178727,7.320976974736796,2.5217686826711025,3.052882271997388e-05,negative_hard,10.0,0,0,1,0,1,0,0,0,0,0,-1,0,0,0,0,0,0,0,0,0
sim_0000_n2_seed256,256,0.001,2,629.65,1,body_1,9.897616233308575,3.6886825746214664,4.124185368511927e-05,1.4634970412060764e-05,0.7013346394461556,0.25119123084361816,0,7.215032680788988,2.558412645890652,-24.59975950435769,-4.542398707762964e-09,143.246385480657,-2.6983944268923915e-14,7.215032680788988,0-1,0,629.65,629650,,,,,0,0.7013346394461556,0.25118994000591427,7.215032680788988,2.558412645890652,3.0215040194735986e-05,negative_hard,10.0,0,0,1,0,1,0,0,0,0,0,-1,0,0,0,0,0,0,0,0,0
sim_0000_n2_seed256,256,0.001,2,630.0,1,body_1,9.897616233308575,3.6886825746214664,4.0954058082700814e-05,1.4809003839801478e-05,0.7157299976102514,0.2613765529417568,0,7.142106756538637,2.583955273993106,-24.599759520949306,-5.216861278896427e-09,143.2463854806568,-2.837282375335382e-14,7.142106756538637,0-1,0,630.0,630000,,,,,0,0.7157299976102514,0.26137734438046617,7.142106756538637,2.583955273993106,3.0004192321536046e-05,negative_baseline,20.0,0,0,1,0,1,0,0,0,0,0,-1,0,0,0,0,0,0,0,0,0
sim_0000_n2_seed256,256,0.001,2,630.15,1,body_1,9.897616233308575,3.6886825746214664,4.083524695560572e-05,1.4883331040209081e-05,0.7219034498904596,0.26577500036556645,0,7.111502855187193,2.5947541597365693,-24.599759528325944,-5.516727543821817e-09,143.2463854806569,-2.777758968859815e-14,7.111502855187193,0-1,0,630.15,630150,,,,,0,0.7219034498904596,0.26577684299698656,7.111502855187193,2.5947541597365693,2.9917147651166276e-05,negative_hard,10.0,0,0,1,0,1,0,0,0,0,0,-1,0,0,0,0,0,0,0,0,0
sim_0000_n2_seed256,256,0.001,2,631.0,1,body_1,9.897616233308575,3.6886825746214664,4.023626611382761e-05,1.5288530907066034e-05,0.7556673923276191,0.2901407539000531,0,6.9508130230573775,2.652257201683994,-24.59975957153523,-7.273219797489837e-09,143.2463854806569,-2.777758968859815e-14,6.9508130230573775,0-1,0,631.0,631000,,,,,0,0.7556673923276191,0.29015033658402756,6.9508130230573775,2.652257201683994,2.9478315953864503e-05,negative_baseline,20.0,0,0,0,0,0,0,0,0,0,0,-1,0,0,0,0,0,0,0,1,0
sim_0000_n2_seed256,256,0.001,2,632.0,1,body_1,9.897616233308575,3.6886825746214664,3.9762168185487804e-05,1.5684123114800792e-05,0.7880626056605828,0.31398152739825996,0,6.806448882084487,2.7051214685014844,-24.59975961773345,-9.151214603170981e-09,143.2463854806566,-2.976170323778373e-14,6.806448882084487,0-1,0,632.0,632000,,,,,0,0.7880626056605828,0.3140030952175441,6.806448882084487,2.7051214685014844,2.9130977325451803e-05,negative_baseline,20.0,1,1,0,0,0,0,0,0,0,0,-1,0,0,0,0,0,0,0,0,0
sim_0000_n2_seed256,256,0.001,2,632.95,1,body_1,9.897616233308575,3.6886825746214664,3.9618905935183485e-05,1.5915224976773104e-05,0.8049962446555476,0.3266107219582351,0,6.7344792664387505,2.731923828914194,-24.599759643812636,-1.021135444508956e-08,143.24638548065644,-3.095217136729508e-14,6.7344792664387505,0-1,0,632.95,632950,,,,,0,0.8049962446555476,0.32664345136740414,6.7344792664387505,2.731923828914194,2.9026019064397382e-05,negative_hard,10.0,1,1,0,1,0,0,1,0,0,0,-1,0,0,0,0,0,0,0,0,0
sim_0000_n2_seed256,256,0.001,2,633.0,1,body_1,9.897616233308575,3.6886825746214664,3.962056001817537e-05,1.5922482992126394e-05,0.8054142059319482,0.3269238219028748,0,6.732731645900392,2.7325784841091743,-24.599759644473515,-1.0238219722131357e-08,143.24638548065641,-3.115058272221364e-14,6.732731645900392,0-1,0,633.0,633000,,,,,0,0.8054142059319482,0.3269570539186568,6.732731645900392,2.7325784841091743,2.9027230899463986e-05,negative_baseline,20.0,1,1,0,1,0,0,1,0,0,0,-1,0,0,0,0,0,0,0,0,0
sim_0000_n2_seed256,256,0.001,2,633.45,1,body_1,9.897616233308575,3.6886825746214664,3.967774210743626e-05,1.5963745150701416e-05,0.806872029301632,0.3280164067582162,0,6.726646684107447,2.7348593276737385,-24.59975964678519,-1.0332191217824203e-08,143.24638548065627,-3.214263949680643e-14,6.726646684107447,0-1,0,633.45,633450,,,,,0,0.806872029301632,0.3280535481877795,6.726646684107447,2.7348593276737385,2.9069124279074644e-05,negative_hard,10.0,1,1,0,1,0,0,1,1,0,0,-1,0,0,0,0,0,0,0,0,0
sim_0000_n2_seed256,256,0.001,2,633.95,1,body_1,9.897616233308575,3.6886825746214664,3.982934257386673e-05,1.595788504909249e-05,0.803605958593923,0.32556971324245354,0,6.74030227364937,2.7297438611093297,-24.599759641620402,-1.0122238372247604e-08,143.2463854806562,-3.27378735615621e-14,6.74030227364937,0-1,0,633.95,633950,,,,,0,0.803605958593923,0.32560968307151306,6.74030227364937,2.7297438611093297,2.9180191458128592e-05,negative_hard,10.0,1,1,0,1,0,0,1,0,0,0,-1,0,0,0,0,0,0,0,0,0
sim_0000_n2_seed256,256,0.001,2,634.0,1,body_1,9.897616233308575,3.6886825746214664,3.984945132657102e-05,1.5954319000008947e-05,0.8030027256294247,0.3251182548592731,0,6.742833528567643,2.728796863382777,-24.599759640672037,-1.0083686574768749e-08,143.2463854806562,-3.27378735615621e-14,6.742833528567643,0-1,0,634.0,634000,,,,,0,0.8030027256294247,0.3251584120884807,6.742833528567643,2.728796863382777,2.9194923749631423e-05,negative_baseline,20.0,1,1,0,1,0,0,1,0,0,0,-1,0,0,0,0,0,0,0,0,0
sim_0000_n2_seed256,256,0.001,2,635.0,1,body_1,9.897616233308575,3.6886825746214664,4.042356705076048e-05,1.577716600328233e-05,0.7815143316721931,0.30912779986038913,0,6.834904865505529,2.6946076619417862,-24.59975960800883,-8.755901007748665e-09,143.24638548065624,-3.234105085172499e-14,6.834904865505529,0-1,0,635.0,635000,,,,,0,0.7815143316721931,0.30916817306184186,6.834904865505529,2.6946076619417862,2.9615538575999994e-05,negative_baseline,20.0,1,1,0,0,0,0,0,0,0,0,-1,0,0,0,0,0,0,0,0,0
sim_0000_n2_seed256,256,0.001,2,636.0,1,body_1,9.897616233308575,3.6886825746214664,4.126177350153913e-05,1.543632467124406e-05,0.7466338180853556,0.28357167564362185,0,6.992735781653911,2.6371225021220503,-24.599759559491943,-6.783650486500476e-09,143.246385480656,-3.412675304599201e-14,6.992735781653911,0-1,0,636.0,636000,,,,,0,0.7466338180853556,0.28360712169264,6.992735781653911,2.6371225021220503,3.0229634340373843e-05,negative_baseline,20.0,0,0,1,0,0,0,0,0,0,0,-1,0,0,0,0,0,0,0,0,0
sim_0000_n2_seed256,256,0.001,2,637.0,1,body_1,9.897616233308575,3.6886825746214664,4.2249931163677904e-05,1.5003370148601831e-05,0.7060120503002288,0.2544896524214845,0,7.19109275395845,2.5667685188510925,-24.599759509656394,-4.757795345991003e-09,143.24638548065613,-3.313469627139922e-14,7.19109275395845,0-1,0,637.0,637000,,,,,0,0.7060120503002288,0.2545180218340064,7.19109275395845,2.5667685188510925,3.0953588927265624e-05,negative_baseline,20.0,0,0,1,0,0,1,0,0,0,0,-1,0,0,0,0,0,0,0,0,0
sim_0000_n2_seed256,256,0.001,2,638.0,1,body_1,9.897616233308575,3.6886825746214664,4.326685532701239e-05,1.455030159747034e-05,0.6662861908930906,0.2268269250255206,0,7.402365774604893,2.4939778919838522,-24.599759467410415,-3.0404623231305354e-09,143.24638548065641,-3.115058272221364e-14,7.402365774604893,0-1,0,638.0,638000,,,,,0,0.6662861908930906,0.22684828733054518,7.402365774604893,2.4939778919838522,3.1698618703946413e-05,negative_baseline,20.0,0,0,0,0,0,1,0,0,0,0,-1,0,0,0,0,0,0,0,0,0
sim_0000_n2_seed256,256,0.001,2,639.0,1,body_1,9.897616233308575,3.6886825746214664,4.420354159356513e-05,1.4134337470595589e-05,0.6318311584632754,0.20351210447099427,0,7.601519742902984,2.427226859409908,-24.599759435602664,-1.747451664285427e-09,143.24638548065647,-3.075376001237652e-14,7.601519742902984,0-1,0,639.0,639000,,,,,0,0.6318311584632754,0.20352746483835416,7.601519742902984,2.427226859409908,3.238486371308093e-05,negative_baseline,20.0,0,0,0,0,0,0,0,0,0,0,-1,0,0,0,0,0,0,0,1,0
sim_0000_n2_seed256,256,0.001,2,640.0,1,body_1,9.897616233308575,3.6886825746214664,4.4973020120809415e-05,1.3794675971027365e-05,0.6049598629618832,0.18579605992299028,0,7.768508880770433,2.3725452944724505,-24.599759413701456,-8.571499499978367e-10,143.2463854806565,-3.055534865745796e-14,7.768508880770433,0-1,0,640.0,640000,,,,,0,0.6049598629618832,0.1858065387500163,7.768508880770433,2.3725452944724505,3.2948607192932886e-05,negative_baseline,20.0,0,0,0,0,0,0,0,0,0,0,-1,0,0,0,0,0,0,0,1,0
sim_0000_n2_seed256,256,0.001,2,641.0,1,body_1,9.897616233308575,3.6886825746214664,4.551316416191934e-05,1.3555550096339074e-05,0.5866470882410773,0.17396851798954724,0,7.888828007293491,2.333827588897862,-24.5997594001501,-3.062763762649698e-10,143.24638548065641,-3.115058272221364e-14,7.888828007293491,0-1,0,641.0,641000,,,,,0,0.5866470882410773,0.17397502920381136,7.888828007293491,2.333827588897862,3.334433319417001e-05,negative_baseline,20.0,0,0,0,0,0,0,0,0,0,0,-1,0,0,0,0,0,0,0,1,0
sim_0000_n2_seed256,256,0.001,2,642.0,1,body_1,9.897616233308575,3.6886825746214664,4.578594913877069e-05,1.3430624586553476e-05,0.5771920186776028,0.16794222721417343,0,7.953179580654584,2.313342931014939,-24.599759393570743,-3.8820275500264945e-11,143.24638548065664,-2.956329188286517e-14,7.953179580654584,0-1,0,642.0,642000,,,,,0,0.5771920186776028,0.16794542751674368,7.953179580654584,2.313342931014939,3.354418375359999e-05,negative_baseline,20.0,0,0,0,0,0,0,0,0,0,0,-1,0,0,0,0,0,0,0,1,0
sim_0000_n2_seed256,256,0.001,2,643.0,1,body_1,9.897616233308575,3.6886825746214664,4.577581678758153e-05,1.3426452104021543e-05,0.5766445180737482,0.16759497283393124,0,7.956954295753998,2.3121460518530896,-24.599759393198383,-2.368354530985286e-11,143.24638548065636,-3.154740543205075e-14,7.956954295753998,0-1,0,643.0,643000,,,,,0,0.5766445180737482,0.1675953233024469,7.956954295753998,2.3121460518530896,3.353676041708542e-05,negative_baseline,20.0,0,0,0,0,0,0,0,0,0,0,-1,0,0,0,0,0,0,0,1,0
sim_0000_n2_seed256,256,0.001,2,644.0,1,body_1,9.897616233308575,3.6886825746214664,4.548861692280943e-05,1.3544399037857203e-05,0.5850054137476325,0.17291821117836115,0,7.899889284908095,2.3302956497454668,-24.599759398987686,-2.5902337797281324e-10,143.24638548065647,-3.075376001237652e-14,7.899889284908095,0-1,0,644.0,644000,,,,,0,0.5850054137476325,0.1729160943224907,7.899889284908095,2.3302956497454668,3.332634894122396e-05,negative_baseline,20.0,0,0,0,0,0,0,0,0,0,0,-1,0,0,0,0,0,0,0,1,0
sim_0000_n2_seed256,256,0.001,2,645.0,1,body_1,9.897616233308575,3.6886825746214664,4.495169222039716e-05,1.3781018676669536e-05,0.6022375819153093,0.184025014965892,0,7.786046992142542,2.3668670371210134,-24.599759411618095,-7.724596485201121e-10,143.24638548065647,-3.075376001237652e-14,7.786046992142542,0-1,0,645.0,645000,,,,,0,0.6022375819153093,0.1840209146100847,7.786046992142542,2.3668670371210134,3.293298141238255e-05,negative_baseline,20.0,0,0,0,0,0,0,0,0,0,0,-1,0,0,0,0,0,0,0,1,0
sim_0000_n2_seed256,256,0.001,2,646.0,1,body_1,9.897616233308575,3.6886825746214664,4.421499195648687e-05,1.4126847044547857e-05,0.628090491465572,0.2010208034789051,0,7.62412201390593,2.4197589077881103,-24.599759432405342,-1.6174779735827803e-09,143.24638548065695,-2.738076697876103e-14,7.62412201390593,0-1,0,646.0,646000,,,,,0,0.628090491465572,0.20101558529254904,7.62412201390593,2.4197589077881103,3.239325220233338e-05,negative_baseline,20.0,0,0,0,0,0,0,0,0,0,0,-1,0,0,0,0,0,0,0,1,0
sim_0000_n2_seed256,256,0.001,2,646.85,1,body_1,9.897616233308575,3.6886825746214664,4.3486217125668556e-05,1.4493276778284324e-05,0.6562308998961034,0.2199554821937889,0,7.458862638419539,2.474864516405169,-24.599759457678896,-2.6448682627713825e-09,143.246385480657,-2.6983944268923915e-14,7.458862638419539,0-1,0,646.85,646850,,,,,0,0.6562308998961034,0.21995056539404156,7.458862638419539,2.474864516405169,3.185932942484201e-05,negative_hard,10.0,0,0,0,0,1,0,0,0,0,0,-1,0,0,0,0,0,0,0,0,0
sim_0000_n2_seed256,256,0.001,2,647.0,1,body_1,9.897616233308575,3.6886825746214664,4.335237925198028e-05,1.4563500307371137e-05,0.661703814125797,0.22368874310152634,0,7.4279526799172055,2.4853038240200527,-24.599759462928674,-2.8582759395627034e-09,143.24638548065698,-2.7182355623842475e-14,7.4279526799172055,0-1,0,647.0,647000,,,,,0,0.661703814125797,0.2236840537233352,7.4279526799172055,2.4853038240200527,3.176127569802484e-05,negative_baseline,20.0,0,0,0,0,1,0,0,0,0,0,-1,0,0,0,0,0,0,0,0,0
sim_0000_n2_seed256,256,0.001,2,647.35,1,body_1,9.897616233308575,3.6886825746214664,4.303810405614465e-05,1.4732413366602313e-05,0.6749649486320032,0.23280100403844473,0,7.354621673651066,2.5102432554946885,-24.59975947611538,-3.394326175954249e-09,143.24638548065715,-2.5991887494331125e-14,7.354621673651066,0-1,0,647.35,647350,,,,,0,0.6749649486320032,0.23279709981123475,7.354621673651066,2.5102432554946885,3.153102806195778e-05,negative_hard,10.0,0,0,0,0,1,0,0,0,0,0,-1,0,0,0,0,0,0,0,0,0
sim_0000_n2_seed256,256,0.001,2,647.85,1,body_1,9.897616233308575,3.6886825746214664,4.259236050999635e-05,1.4982827453827164e-05,0.6948543776683774,0.24663932404681324,0,7.248598559167137,2.5467443350697603,-24.59975949716267,-4.249915371795347e-09,143.24638548065738,-2.440459665498266e-14,7.248598559167137,0-1,0,647.85,647850,,,,,0,0.6948543776683774,0.24663725343149423,7.248598559167137,2.5467443350697603,3.1204462688896075e-05,negative_hard,10.0,0,0,1,0,1,0,0,0,0,0,-1,0,0,0,0,0,0,0,0,0
sim_0000_n2_seed256,256,0.001,2,648.0,1,body_1,9.897616233308575,3.6886825746214664,4.246129611908425e-05,1.5059219972167825e-05,0.7009703889723594,0.2509348195852194,0,7.216907037958966,2.557759621799606,-24.59975950394876,-4.525775455639055e-09,143.2463854806573,-2.4999830719738335e-14,7.216907037958966,0-1,0,648.0,648000,,,,,0,0.7009703889723594,0.25093348241041724,7.216907037958966,2.557759621799606,3.1108440903414514e-05,negative_baseline,20.0,0,0,1,0,1,0,0,0,0,0,-1,0,0,0,0,0,0,0,0,0
sim_0000_n2_seed256,256,0.001,2,648.35,1,body_1,9.897616233308575,3.6886825746214664,4.216381291499784e-05,1.5238069500413202e-05,0.7153633520473659,0.26111589517471695,0,7.143936795986074,2.5833110348786366,-24.599759520516113,-5.199251633611554e-09,143.24638548065718,-2.5793476139412566e-14,7.143936795986074,0-1,0,648.35,648350,,,,,0,0.7153633520473659,0.26111662728089735,7.143936795986074,2.5833110348786366,3.089049560195192e-05,negative_hard,10.0,0,0,1,0,1,0,0,0,0,0,-1,0,0,0,0,0,0,0,0,0
sim_0000_n2_seed256,256,0.001,2,649.0,1,body_1,9.897616233308575,3.6886825746214664,4.165775900607761e-05,1.5564267325227013e-05,0.7417983782004299,0.2800701722740759,0,7.0154899629906895,2.628947631815216,-24.599759553191518,-6.527533141204807e-09,143.24638548065707,-2.65871215590868e-14,7.0154899629906895,0-1,0,649.0,649000,,,,,0,0.7417983782004299,0.28007612942557275,7.0154899629906895,2.628947631815216,3.051974502571972e-05,negative_baseline,20.0,0,0,1,0,0,0,0,0,0,0,-1,0,0,0,0,0,0,0,0,0
sim_0000_n2_seed256,256,0.001,2,650.0,1,body_1,9.897616233308575,3.6886825746214664,4.106320890277846e-05,1.60102399668687e-05,0.7777989341859513,0.30638150379757095,0,6.851209937045509,2.6886043225505847,-24.599759602578974,-8.535172936148723e-09,143.24638548065707,-2.65871215590868e-14,6.851209937045509,0-1,0,650.0,650000,,,,,0,0.7777989341859513,0.30639857365793255,6.851209937045509,2.6886043225505847,3.0084159456111372e-05,negative_baseline,20.0,1,1,0,0,0,0,0,0,0,0,-1,0,0,0,0,0,0,0,0,0
sim_0000_n2_seed256,256,0.001,2,651.0,1,body_1,9.897616233308575,3.6886825746214664,4.078203645701642e-05,1.631985174353251e-05,0.8013134416457569,0.3238547291545655,0,6.749937218071118,2.726141258927283,-24.59975963802532,-9.976095343579892e-09,143.24638548065704,-2.6785532914005356e-14,6.749937218071118,0-1,0,651.0,651000,,,,,0,0.8013134416457569,0.32388410960017694,6.749937218071118,2.726141258927283,2.9878163977633525e-05,negative_baseline,20.0,1,1,0,1,0,0,1,0,0,0,-1,0,0,0,0,0,0,0,0,0
sim_0000_n2_seed256,256,0.001,2,651.15,1,body_1,9.897616233308575,3.6886825746214664,4.077141185165723e-05,1.6350216255917786e-05,0.8033357001305284,0.3253674353764406,0,6.74143596567435,2.7293196748723614,-24.599759641195106,-1.0104949774107214e-08,143.2463854806571,-2.638871020416824e-14,6.74143596567435,0-1,0,651.15,651150,,,,,0,0.8033357001305284,0.3253984908540244,6.74143596567435,2.7293196748723614,2.9870380077944988e-05,negative_hard,10.0,1,1,0,1,0,0,1,0,0,0,-1,0,0,0,0,0,0,0,0,0
sim_0000_n2_seed256,256,0.001,2,651.65,1,body_1,9.897616233308575,3.6886825746214664,4.07985662553672e-05,1.6416752577853128e-05,0.8068343469305687,0.3279881552216342,0,6.726803762842266,2.7348004214577526,-24.599759646725175,-1.0329751519483332e-08,143.24638548065707,-2.65871215590868e-14,6.726803762842266,0-1,0,651.65,651650,,,,,0,0.8068343469305687,0.3280240514090305,6.726803762842266,2.7348004214577526,2.9890274265344512e-05,negative_hard,10.0,1,1,0,1,0,0,1,1,0,0,-1,0,0,0,0,0,0,0,0,0
sim_0000_n2_seed256,256,0.001,2,652.0,1,body_1,9.897616233308575,3.6886825746214664,4.087492694609882e-05,1.643033525846336e-05,0.8062258363307655,0.327532010996787,0,6.729341860186802,2.733848813042457,-24.59975964575914,-1.029048137360292e-08,143.246385480657,-2.6983944268923915e-14,6.729341860186802,0-1,0,652.0,652000,,,,,0,0.8062258363307655,0.3275704348251471,6.729341860186802,2.733848813042457,2.9946218474823574e-05,negative_baseline,20.0,1,1,0,1,0,0,1,0,0,0,-1,0,0,0,0,0,0,0,0,0
sim_0000_n2_seed256,256,0.001,2,652.15,1,body_1,9.897616233308575,3.6886825746214664,4.0921884497048374e-05,1.6427723161637296e-05,0.8051939823760357,0.3267588415646136,0,6.733652296556611,2.7322335873916055,-24.59975964412501,-1.0224052776725113e-08,143.24638548065718,-2.5793476139412566e-14,6.733652296556611,0-1,0,652.15,652150,,,,,0,0.8051939823760357,0.3267980990864186,6.733652296556611,2.7322335873916055,2.998062102720378e-05,negative_hard,10.0,1,1,0,1,0,0,1,0,0,0,-1,0,0,0,0,0,0,0,0,0
sim_0000_n2_seed256,256,0.001,2,652.65,1,body_1,9.897616233308575,3.6886825746214664,4.113774011813833e-05,1.6383120485291312e-05,0.7985377518616278,0.3217809614941764,0,6.761658316279198,2.7217660675236672,-24.59975963370607,-9.800514472515151e-09,143.24638548065727,-2.519824207465689e-14,6.761658316279198,0-1,0,652.65,652650,,,,,0,0.7985377518616278,0.32182186123304296,6.761658316279198,2.7217660675236672,3.0138763505924078e-05,negative_hard,10.0,1,1,0,1,0,0,1,0,0,0,-1,0,0,0,0,0,0,0,0,0
sim_0000_n2_seed256,256,0.001,2,653.0,1,body_1,9.897616233308575,3.6886825746214664,4.1339981814180444e-05,1.6320539382926422e-05,0.7911419835498151,0.31626989557552937,0,6.793189528003128,2.710036522983921,-24.599759622375444,-9.339915369800535e-09,143.24638548065724,-2.539665342957545e-14,6.793189528003128,0-1,0,653.0,653000,,,,,0,0.7911419835498151,0.3163109245676591,6.793189528003128,2.710036522983921,3.0286931991136648e-05,negative_baseline,20.0,1,1,0,0,0,0,0,0,0,0,-1,0,0,0,0,0,0,0,0,0
sim_0000_n2_seed256,256,0.001,2,654.0,1,body_1,9.897616233308575,3.6886825746214664,4.211269739123035e-05,1.602127849896052e-05,0.7602135862005216,0.293460044087955,0,6.929998393609773,2.659807220453188,-24.599759577732712,-7.525152409515805e-09,143.24638548065715,-2.5991887494331125e-14,6.929998393609773,0-1,0,654.0,654000,,,,,0,0.7602135862005216,0.2934976602872788,6.929998393609773,2.659807220453188,3.08530471446374e-05,negative_baseline,20.0,0,0,0,0,0,0,0,0,0,0,-1,0,0,0,0,0,0,0,1,0
sim_0000_n2_seed256,256,0.001,2,655.0,1,body_1,9.897616233308575,3.6886825746214664,4.3084932778117424e-05,1.559988100949611e-05,0.7207897675805837,0.2649801950521065,0,7.116994677068159,2.5928127995398103,-24.599759526983593,-5.46215992754775e-09,143.246385480657,-2.6983944268923915e-14,7.116994677068159,0-1,0,655.0,655000,,,,,0,0.7207897675805837,0.265011182529444,7.116994677068159,2.5928127995398103,3.156533659037628e-05,negative_baseline,20.0,0,0,1,0,0,1,0,0,0,0,-1,0,0,0,0,0,0,0,0,0
sim_0000_n2_seed256,256,0.001,2,656.0,1,body_1,9.897616233308575,3.6886825746214664,4.413193791882693e-05,1.5132784456863557e-05,0.6801150713338375,0.23636478278744932,0,7.326722584193177,2.5197966989038676,-24.59975948141756,-3.6098640575953794e-09,143.24638548065712,-2.619029884924968e-14,7.326722584193177,0-1,0,656.0,656000,,,,,0,0.6801150713338375,0.23638856939470745,7.326722584193177,2.5197966989038676,3.233240461074457e-05,negative_baseline,20.0,0,0,1,0,0,1,0,0,0,0,-1,0,0,0,0,0,0,0,0,0
sim_0000_n2_seed256,256,0.001,2,657.0,1,body_1,9.897616233308575,3.6886825746214664,4.513536283667245e-05,1.4685161558856112e-05,0.6434086911101072,0.2112730603267171,0,7.532818195394337,2.4500587484860628,-24.599759445810662,-2.1624149913457293e-09,143.24638548065676,-2.876964646319094e-14,7.532818195394337,0-1,0,657.0,657000,,,,,0,0.6434086911101072,0.2112904409735202,7.532818195394337,2.4500587484860628,3.3067544393362834e-05,negative_baseline,20.0,0,0,0,0,0,0,0,0,0,0,-1,0,0,0,0,0,0,0,1,0
sim_0000_n2_seed256,256,0.001,2,658.0,1,body_1,9.897616233308575,3.6886825746214664,4.599681746720911e-05,1.4303742816498668e-05,0.6136499494409676,0.19147912830181762,0,7.713306622966879,2.390496993992247,-24.599759420516328,-1.1341799856712601e-09,143.24638548065664,-2.956329188286517e-14,7.713306622966879,0-1,0,658.0,658000,,,,,0,0.6136499494409676,0.19149124034312606,7.713306622966879,2.390496993992247,3.369867237336948e-05,negative_baseline,20.0,0,0,0,0,0,0,0,0,0,0,-1,0,0,0,0,0,0,0,1,0
sim_0000_n2_seed256,256,0.001,2,659.0,1,body_1,9.897616233308575,3.6886825746214664,4.6642993440498544e-05,1.401838457175269e-05,0.5922075418187639,0.17753826666854314,0,7.851705113468856,2.3457146204729273,-24.599759404150685,-4.689034355328487e-10,143.2463854806567,-2.916646917302806e-14,7.851705113468856,0-1,0,659.0,659000,,,,,0,0.5922075418187639,0.17754611351738583,7.851705113468856,2.3457146204729273,3.417208060317387e-05,negative_baseline,20.0,0,0,0,0,0,0,0,0,0,0,-1,0,0,0,0,0,0,0,1,0
sim_0000_n2_seed256,256,0.001,2,660.0,1,body_1,9.897616233308575,3.6886825746214664,4.702586081363906e-05,1.3846507339478655e-05,0.579561085048499,0.16944697038876164,0,7.93690786668407,2.318508260221717,-24.599759395193022,-1.0476722945101452e-10,143.2463854806573,-2.4999830719738335e-14,7.93690786668407,0-1,0,660.0,660000,,,,,0,0.579561085048499,0.1694512977458157,7.93690786668407,2.318508260221717,3.445258088349682e-05,negative_baseline,20.0,0,0,0,0,0,0,0,0,0,0,-1,0,0,0,0,0,0,0,1,0
sim_0000_n2_seed256,256,0.001,2,661.0,1,body_1,9.897616233308575,3.6886825746214664,4.7121092004652335e-05,1.3797125626258269e-05,0.5758160567271475,0.16706987396165138,0,7.962676313758082,2.3103327095181063,-24.59975939263633,-8.356179837966257e-13,143.24638548065732,-2.4801419364819775e-14,7.962676313758082,0-1,0,661.0,661000,,,,,0,0.5758160567271475,0.16707120220963337,7.962676313758082,2.3103327095181063,3.4522350091202473e-05,negative_baseline,20.0,0,0,0,0,0,0,0,0,0,0,-1,0,0,0,0,0,0,0,1,0
sim_0000_n2_seed256,256,0.001,2,662.0,1,body_1,9.897616233308575,3.6886825746214664,4.6926651815879575e-05,1.3873401481968792e-05,0.5809802574587862,0.17035004829925535,0,7.927208115667969,2.321591966865626,-24.599759396173287,-1.4461578010589957e-10,143.2463854806572,-2.559506478449401e-14,7.927208115667969,0-1,0,662.0,662000,,,,,0,0.5809802574587862,0.17034877137051357,7.927208115667969,2.321591966865626,3.437989718263802e-05,negative_baseline,20.0,0,0,0,0,0,0,0,0,0,0,-1,0,0,0,0,0,0,0,1,0
sim_0000_n2_seed256,256,0.001,2,663.0,1,body_1,9.897616233308575,3.6886825746214664,4.646243776147559e-05,1.4073590021531508e-05,0.5950401974812373,0.1793640606206371,0,7.832994016549859,2.351725771301683,-24.599759406226436,-5.532843879401806e-10,143.2463854806575,-2.3610951235308425e-14,7.832994016549859,0-1,0,663.0,663000,,,,,0,0.5950401974812373,0.1793605998609566,7.832994016549859,2.351725771301683,3.403979969086789e-05,negative_baseline,20.0,0,0,0,0,0,0,0,0,0,0,-1,0,0,0,0,0,0,0,1,0
sim_0000_n2_seed256,256,0.001,2,664.0,1,body_1,9.897616233308575,3.6886825746214664,4.577109787558299e-05,1.4390387219037912e-05,0.6178550608498643,0.19424515151823982,0,7.687013489753749,2.399090243929951,-24.599759423904842,-1.2719258190313557e-09,143.24638548065715,-2.5991887494331125e-14,7.687013489753749,0-1,0,664.0,664000,,,,,0,0.6178550608498643,0.19424019538752096,7.687013489753749,2.399090243929951,3.353330287642026e-05,negative_baseline,20.0,0,0,0,0,0,0,0,0,0,0,-1,0,0,0,0,0,0,0,1,0
sim_0000_n2_seed256,256,0.001,2,665.0,1,body_1,9.897616233308575,3.6886825746214664,4.491946134980724e-05,1.4808576261806525e-05,0.6488445820855122,0.21494286055814377,0,7.5011976013468615,2.4606354553849785,-24.59975945076914,-2.3639811843234595e-09,143.24638548065667,-2.936488052794661e-14,7.5011976013468615,0-1,0,665.0,665000,,,,,0,0.6488445820855122,0.21493772422258065,7.5011976013468615,2.4606354553849785,3.29093678536849e-05,negative_baseline,20.0,0,0,0,0,0,0,0,0,0,0,-1,0,0,0,0,0,0,0,1,0
sim_0000_n2_seed256,256,0.001,2,665.5500000000001,1,body_1,9.897616233308575,3.6886825746214664,4.441495199194083e-05,1.5072576561671741e-05,0.6688646473888253,0.22859766866914272,0,7.388084029861903,2.498832400426279,-24.599759469966784,-3.144380792316985e-09,143.24638548065698,-2.7182355623842475e-14,7.388084029861903,0-1,0,665.5500000000001,665550,,,,,0,0.6688646473888253,0.22859336149761922,7.388084029861903,2.498832400426279,3.2539748844143414e-05,negative_hard,10.0,0,0,0,0,1,0,0,0,0,0,-1,0,0,0,0,0,0,0,0,0
sim_0000_n2_seed256,256,0.001,2,666.0,1,body_1,9.897616233308575,3.6886825746214664,4.399910899230363e-05,1.5300948330448392e-05,0.6864350484259087,0.24075679682808496,0,7.292916185569441,2.531421972786926,-24.599759488064528,-3.8800686280886765e-09,143.246385480657,-2.6983944268923915e-14,7.292916185569441,0-1,0,666.0,666000,,,,,0,0.6864350484259087,0.24075384995616406,7.292916185569441,2.531421972786926,3.2235089530149745e-05,negative_baseline,20.0,0,0,1,0,1,0,0,0,0,0,-1,0,0,0,0,0,0,0,0,0
sim_0000_n2_seed256,256,0.001,2,666.0500000000001,1,body_1,9.897616233308575,3.6886825746214664,4.395324685217999e-05,1.5326805733853093e-05,0.688437869652616,0.2421529031347311,0,7.282300088750295,2.535083800947753,-24.59975949020355,-3.967021568168568e-09,143.24638548065693,-2.757917833367959e-14,7.282300088750295,0-1,0,666.0500000000001,666050,,,,,0,0.688437869652616,0.2421501510568007,7.282300088750295,2.535083800947753,3.2201489522330324e-05,negative_hard,10.0,0,0,1,0,1,0,0,0,0,0,-1,0,0,0,0,0,0,0,0,0
sim_0000_n2_seed256,256,0.001,2,666.5500000000001,1,body_1,9.897616233308575,3.6886825746214664,4.350403724939459e-05,1.5588178674316466e-05,0.7088173096165723,0.2564729954058394,0,7.1768486894985895,2.5717536712284748,-24.59975951287649,-4.888694773174143e-09,143.24638548065704,-2.6785532914005356e-14,7.1768486894985895,0-1,0,666.5500000000001,666550,,,,,0,0.7088173096165723,0.25647272465021975,7.1768486894985895,2.5717536712284748,3.1872384819730486e-05,negative_hard,10.0,0,0,1,0,1,0,0,0,0,0,-1,0,0,0,0,0,0,0,0,0
sim_0000_n2_seed256,256,0.001,2,667.0,1,body_1,9.897616233308575,3.6886825746214664,4.312340535902905e-05,1.5823321395959072e-05,0.7273220054776368,0.2696503643198938,0,7.084962951518248,2.6041578718244995,-24.599759534932055,-5.7852712766356e-09,143.24638548065684,-2.8174412398435265e-14,7.084962951518248,0-1,0,667.0,667000,,,,,0,0.7273220054776368,0.2696532136162002,7.084962951518248,2.6041578718244995,3.1593522253819415e-05,negative_baseline,20.0,0,0,1,0,0,0,0,0,0,0,-1,0,0,0,0,0,0,0,0,0
sim_0000_n2_seed256,256,0.001,2,668.0,1,body_1,9.897616233308575,3.6886825746214664,4.241738637802393e-05,1.6311727834429658e-05,0.7659133781202874,0.2976340353041324,0,6.904164329431967,2.669211221695931,-24.59975958563309,-7.846309169285871e-09,143.24638548065693,-2.757917833367959e-14,6.904164329431967,0-1,0,668.0,668000,,,,,0,0.7659133781202874,0.29764678290778673,6.904164329431967,2.669211221695931,3.107627117787466e-05,negative_baseline,20.0,0,0,0,0,0,0,0,0,0,0,-1,0,0,0,0,0,0,0,1,0
sim_0000_n2_seed256,256,0.001,2,669.0,1,body_1,9.897616233308575,3.6886825746214664,4.1997961213028725e-05,1.6687892949762487e-05,0.7947691145929752,0.31897006387087196,0,6.777670577288459,2.7158022317411885,-24.599759627900305,-9.56450539447768e-09,143.24638548065718,-2.5793476139412566e-14,6.777670577288459,0-1,0,669.0,669000,,,,,0,0.7947691145929752,0.31899515867927464,6.777670577288459,2.7158022317411885,3.0768987534652334e-05,negative_baseline,20.0,1,1,0,0,0,0,0,0,0,0,-1,0,0,0,0,0,0,0,0,0
sim_0000_n2_seed256,256,0.001,2,669.35,1,body_1,9.897616233308575,3.6886825746214664,4.193561518948748e-05,1.6778753688811615e-05,0.8011798812080018,0.3237548766670354,0,6.750499817695652,2.7259310681849573,-24.59975963781673,-9.967616117332973e-09,143.24638548065698,-2.7182355623842475e-14,6.750499817695652,0-1,0,669.35,669350,,,,,0,0.8011798812080018,0.3237841551914489,6.750499817695652,2.7259310681849573,3.072331096027589e-05,negative_hard,10.0,1,1,0,1,0,0,1,0,0,0,-1,0,0,0,0,0,0,0,0,0
sim_0000_n2_seed256,256,0.001,2,669.85,1,body_1,9.897616233308575,3.6886825746214664,4.192944954982472e-05,1.6863939902533158e-05,0.8062746753560164,0.3275686160049781,0,6.729138046595614,2.733925214557645,-24.599759645836603,-1.0293630321843276e-08,143.24638548065712,-2.619029884924968e-14,6.729138046595614,0-1,0,669.85,669850,,,,,0,0.8062746753560164,0.3276031157307072,6.729138046595614,2.733925214557645,3.071879387148176e-05,negative_hard,10.0,1,1,0,1,0,0,1,0,0,0,-1,0,0,0,0,0,0,0,0,0
sim_0000_n2_seed256,256,0.001,2,670.0,1,body_1,9.897616233308575,3.6886825746214664,4.194694748852306e-05,1.6878621060685552e-05,0.8068167798403479,0.32797498485945165,0,6.726876994911997,2.7347729591501135,-24.599759646697272,-1.0328617239558558e-08,143.24638548065707,-2.65871215590868e-14,6.726876994911997,0-1,0,670.0,670000,,,,,0,0.8068167798403479,0.32801080672782035,6.726876994911997,2.7347729591501135,3.073161341172853e-05,negative_baseline,20.0,1,1,0,1,0,0,1,1,0,0,-1,0,0,0,0,0,0,0,0,0
sim_0000_n2_seed256,256,0.001,2,670.35,1,body_1,9.897616233308575,3.6886825746214664,4.202240187667474e-05,1.689273778579811e-05,0.8062726182415174,0.32756707417301983,0,6.729146630912071,2.733921996592491,-24.599759645833405,-1.0293500343242272e-08,143.24638548065695,-2.738076697876103e-14,6.729146630912071,0-1,0,670.35,670350,,,,,0,0.8062726182415174,0.32760544369732403,6.729146630912071,2.733921996592491,3.078689364124101e-05,negative_hard,10.0,1,1,0,1,0,0,1,0,0,0,-1,0,0,0,0,0,0,0,0,0
sim_0000_n2_seed256,256,0.001,2,670.85,1,body_1,9.897616233308575,3.6886825746214664,4.2212179997977144e-05,1.6864022847301687e-05,0.8011738645508176,0.3237503786515193,0,6.750525165106974,2.7259215986766603,-24.59975963780731,-9.96723311372201e-09,143.24638548065693,-2.757917833367959e-14,6.750525165106974,0-1,0,670.85,670850,,,,,0,0.8011738645508176,0.32379094654274476,6.750525165106974,2.7259215986766603,3.092593095251194e-05,negative_hard,10.0,1,1,0,1,0,0,1,0,0,0,-1,0,0,0,0,0,0,0,0,0
sim_0000_n2_seed256,256,0.001,2,671.0,1,body_1,9.897616233308575,3.6886825746214664,4.228712591842626e-05,1.68444713543535e-05,0.7986977237065886,0.32190039958217914,0,6.760981133227609,2.7220186211526696,-24.59975963395423,-9.810602256159844e-09,143.2463854806568,-2.837282375335382e-14,6.760981133227609,0-1,0,671.0,671000,,,,,0,0.7986977237065886,0.32194128535522143,6.760981133227609,2.7220186211526696,3.098083864201989e-05,negative_baseline,20.0,1,1,0,1,0,0,1,0,0,0,-1,0,0,0,0,0,0,0,0,0
sim_0000_n2_seed256,256,0.001,2,672.0,1,body_1,9.897616233308575,3.6886825746214664,4.297437986421137e-05,1.6598722072228235e-05,0.7727022433709575,0.3026233319959106,0,6.873767855163911,2.680323743375343,-24.599759595233856,-8.236587971387911e-09,143.24638548065667,-2.936488052794661e-14,6.873767855163911,0-1,0,672.0,672000,,,,,0,0.7727022433709575,0.3026627080956351,6.873767855163911,2.680323743375343,3.148434200540213e-05,negative_baseline,20.0,0,0,0,0,0,0,0,0,0,0,-1,0,0,0,0,0,0,0,1,0
sim_0000_n2_seed256,256,0.001,2,673.0,1,body_1,9.897616233308575,3.6886825746214664,4.391091716485442e-05,1.6200348583303448e-05,0.7354275828829697,0.2754728494531434,0,7.045811013838867,2.618097077923296,-24.5997595450455,-6.196390992043507e-09,143.24638548065695,-2.738076697876103e-14,7.045811013838867,0-1,0,673.0,673000,,,,,0,0.7354275828829697,0.27550639501671104,7.045811013838867,2.618097077923296,3.2170477954456725e-05,negative_baseline,20.0,0,0,1,0,0,0,0,0,0,0,-1,0,0,0,0,0,0,0,0,0
sim_0000_n2_seed256,256,0.001,2,674.0,1,body_1,9.897616233308575,3.6886825746214664,4.497163984359505e-05,1.5727677474647356e-05,0.6944770007310006,0.24637488906482374,0,7.250567726189951,2.546061507893551,-24.599759496748977,-4.233098451555939e-09,143.2463854806574,-2.42061853000641e-14,7.250567726189951,0-1,0,674.0,674000,,,,,0,0.6944770007310006,0.2464012121229333,7.250567726189951,2.546061507893551,3.294759587289206e-05,negative_baseline,20.0,0,0,1,0,0,1,0,0,0,0,-1,0,0,0,0,0,0,0,0,0
sim_0000_n2_seed256,256,0.001,2,675.0,1,body_1,9.897616233308575,3.6886825746214664,4.603037420553352e-05,1.5253324996984341e-05,0.6558962080897732,0.21972770376910286,0,7.460765456114398,2.474223266292029,-24.599759457361447,-2.6319636984222357e-09,143.2463854806575,-2.3610951235308425e-14,7.460765456114398,0-1,0,675.0,675000,,,,,0,0.6558962080897732,0.21974725532336192,7.460765456114398,2.474223266292029,3.372325705042596e-05,negative_baseline,20.0,0,0,0,0,0,1,0,0,0,0,-1,0,0,0,0,0,0,0,0,0
sim_0000_n2_seed256,256,0.001,2,676.0,1,body_1,9.897616233308575,3.6886825746214664,4.697750367882861e-05,1.4832182981940619e-05,0.6234192647722379,0.19792102177097876,0,7.652632151373867,2.4103692143576523,-24.599759428481168,-1.4579571140375938e-09,143.24638548065727,-2.519824207465689e-14,7.652632151373867,0-1,0,676.0,676000,,,,,0,0.6234192647722379,0.19793489718561713,7.652632151373867,2.4103692143576523,3.4417153038422056e-05,negative_baseline,20.0,0,0,0,0,0,0,0,0,0,0,-1,0,0,0,0,0,0,0,1,0
sim_0000_n2_seed256,256,0.001,2,677.0,1,body_1,9.897616233308575,3.6886825746214664,4.772803431755652e-05,1.4500615524966366e-05,0.5989041880956512,0.18186245515623364,0,7.807684799836114,2.3598779054041312,-24.599759409100077,-6.701002004423878e-10,143.246385480657,-2.6983944268923915e-14,7.807684799836114,0-1,0,677.0,677000,,,,,0,0.5989041880956512,0.1818717332898731,7.807684799836114,2.3598779054041312,3.496701468059088e-05,negative_baseline,20.0,0,0,0,0,0,0,0,0,0,0,-1,0,0,0,0,0,0,0,1,0
sim_0000_n2_seed256,256,0.001,2,678.0,1,body_1,9.897616233308575,3.6886825746214664,4.822321986301717e-05,1.4280519010929664e-05,0.5830774068409771,0.17168683795583717,0,7.912939414219625,2.3261344907683426,-24.599759397633207,-2.0396270953893298e-10,143.24638548065712,-2.619029884924968e-14,7.912939414219625,0-1,0,678.0,678000,,,,,0,0.5830774068409771,0.17169235846505237,7.912939414219625,2.3261344907683426,3.532980267971815e-05,negative_baseline,20.0,0,0,0,0,0,0,0,0,0,0,-1,0,0,0,0,0,0,0,1,0
sim_0000_n2_seed256,256,0.001,2,679.0,1,body_1,9.897616233308575,3.6886825746214664,4.8429314748265455e-05,1.4183828958271332e-05,0.5761351656840724,0.16727208217036715,0,7.960470830194762,2.3110315004207607,-24.599759392852565,-9.625781928452972e-12,143.24638548065693,-2.757917833367959e-14,7.960470830194762,0-1,0,679.0,679000,,,,,0,0.5761351656840724,0.16727443754365567,7.960470830194762,2.3110315004207607,3.548079400836929e-05,negative_baseline,20.0,0,0,0,0,0,0,0,0,0,0,-1,0,0,0,0,0,0,0,1,0
sim_0000_n2_seed256,256,0.001,2,680.0,1,body_1,9.897616233308575,3.6886825746214664,4.8335913050691935e-05,1.4215724986567828e-05,0.5781018924321217,0.16851973177265211,0,7.946918366983728,2.315329364284966,-24.59975939419175,-6.40647193875243e-11,143.24638548065698,-2.7182355623842475e-14,7.946918366983728,0-1,0,680.0,680000,,,,,0,0.5781018924321217,0.16851934685820708,7.946918366983728,2.315329364284966,3.541236497710578e-05,negative_baseline,20.0,0,0,0,0,0,0,0,0,0,0,-1,0,0,0,0,0,0,0,1,0
sim_0000_n2_seed256,256,0.001,2,681.0,1,body_1,9.897616233308575,3.6886825746214664,4.7955137240001655e-05,1.4376184198285818e-05,0.5889743233462422,0.17546027150903676,0,7.873226877952981,2.3388168872521335,-24.599759401812594,-3.738581721750311e-10,143.2463854806564,-3.13489940771322e-14,7.873226877952981,0-1,0,681.0,681000,,,,,0,0.5889743233462422,0.17545753563613217,7.873226877952981,2.3388168872521335,3.513339688397689e-05,negative_baseline,20.0,0,0,0,0,0,0,0,0,0,0,-1,0,0,0,0,0,0,0,1,0
sim_0000_n2_seed256,256,0.001,2,682.0,1,body_1,9.897616233308575,3.6886825746214664,4.7322067753237366e-05,1.4659898187635924e-05,0.608681605498638,0.18822448836419348,0,7.744722453650653,2.3802658146564615,-24.599759416589315,-9.745437340125143e-10,143.24638548065653,-3.03569373025394e-14,7.744722453650653,0-1,0,682.0,682000,,,,,0,0.608681605498638,0.18821995935647484,7.744722453650653,2.3802658146564615,3.466959073670182e-05,negative_baseline,20.0,0,0,0,0,0,0,0,0,0,0,-1,0,0,0,0,0,0,0,1,0
sim_0000_n2_seed256,256,0.001,2,683.0,1,body_1,9.897616233308575,3.6886825746214664,4.649610432110958e-05,1.5054491631534992e-05,0.6368519020170348,0.20686846159973896,0,7.571496436130214,2.437179949020369,-24.59975943997109,-1.925031750654297e-09,143.24638548065653,-3.03569373025394e-14,7.571496436130214,0-1,0,683.0,683000,,,,,0,0.6368519020170348,0.20686318093556036,7.571496436130214,2.437179949020369,3.406446459883138e-05,negative_baseline,20.0,0,0,0,0,0,0,0,0,0,0,-1,0,0,0,0,0,0,0,1,0
sim_0000_n2_seed256,256,0.001,2,683.75,1,body_1,9.897616233308575,3.6886825746214664,4.580015654928083e-05,1.54098864138753e-05,0.6628961734605568,0.22450423339047162,0,7.421269299201004,2.4875666604386084,-24.599759464087487,-2.905382639718395e-09,143.2463854806563,-3.194422814188787e-14,7.421269299201004,0-1,0,683.75,683750,,,,,0,0.6628961734605568,0.22449960095026542,7.421269299201004,2.4875666604386084,3.355459194082385e-05,negative_hard,10.0,0,0,0,0,1,0,0,0,0,0,-1,0,0,0,0,0,0,0,0,0
sim_0000_n2_seed256,256,0.001,2,684.0,1,body_1,9.897616233308575,3.6886825746214664,4.556212517757788e-05,1.5536935542197444e-05,0.6723468777235191,0.23099465822200205,0,7.3689269480316115,2.5053587572058587,-24.5997594734595,-3.286362483863177e-09,143.24638548065616,-3.293628491648066e-14,7.3689269480316115,0-1,0,684.0,684000,,,,,0,0.6723468777235191,0.2309905722237678,7.3689269480316115,2.5053587572058587,3.338020286959535e-05,negative_baseline,20.0,0,0,0,0,1,0,0,0,0,0,-1,0,0,0,0,0,0,0,0,0
sim_0000_n2_seed256,256,0.001,2,684.25,1,body_1,9.897616233308575,3.6886825746214664,4.532406865358669e-05,1.5667158922531958e-05,0.6821039478824271,0.23774472248008344,0,7.316033169116122,2.523466717802987,-24.599759483492893,-3.6942279683639127e-09,143.24638548065593,-3.452357575582913e-14,7.316033169116122,0-1,0,684.25,684250,,,,,0,0.6821039478824271,0.23774138280861853,7.316033169116122,2.523466717802987,3.320579537283029e-05,negative_hard,10.0,0,0,1,0,1,0,0,0,0,0,-1,0,0,0,0,0,0,0,0,0
sim_0000_n2_seed256,256,0.001,2,684.75,1,body_1,9.897616233308575,3.6886825746214664,4.48555920930162e-05,1.59338858147191e-05,0.7022891856226583,0.25186348635209554,0,7.210127704456556,2.5601223517654015,-24.59975950543219,-4.5860780166308125e-09,143.24638548065604,-3.372993033615489e-14,7.210127704456556,0-1,0,684.75,684750,,,,,0,0.7022891856226583,0.25186231838387807,7.210127704456556,2.5601223517654015,3.28625751095166e-05,negative_hard,10.0,0,0,1,0,1,0,0,0,0,0,-1,0,0,0,0,0,0,0,0,0
sim_0000_n2_seed256,256,0.001,2,685.0,1,body_1,9.897616233308575,3.6886825746214664,4.462916310423335e-05,1.606855766356192e-05,0.712569654638961,0.2591318945640033,0,7.157927339946948,2.5783914533060366,-24.599759517234528,-5.065852573510413e-09,143.24638548065596,-3.432516440091057e-14,7.157927339946948,0-1,0,685.0,685000,,,,,0,0.712569654638961,0.259132185703836,7.157927339946948,2.5783914533060366,3.269668630786043e-05,negative_baseline,20.0,0,0,1,0,1,0,0,0,0,0,-1,0,0,0,0,0,0,0,0,0
sim_0000_n2_seed256,256,0.001,2,686.0,1,body_1,9.897616233308575,3.6886825746214664,4.382312335144907e-05,1.6590803885324985e-05,0.7527722353638996,0.28803156660526885,0,6.9641665860627,2.6474260139605454,-24.599759567636703,-7.114741510745381e-09,143.24638548065602,-3.392834169107345e-14,6.9641665860627,0-1,0,686.0,686000,,,,,0,0.7527722353638996,0.288040334194597,6.9641665860627,2.6474260139605454,3.210615695668033e-05,negative_baseline,20.0,0,0,0,0,0,0,0,0,0,0,-1,0,0,0,0,0,0,0,1,0
sim_0000_n2_seed256,256,0.001,2,687.0,1,body_1,9.897616233308575,3.6886825746214664,4.327014525979796e-05,1.7027002630709657e-05,0.7860232317538913,0.3124680699043874,0,6.8152729865711565,2.701856164320897,-24.59975961468369,-9.027239424904733e-09,143.24638548065607,-3.353151898123634e-14,6.8152729865711565,0-1,0,687.0,687000,,,,,0,0.7860232317538913,0.3124886715752966,6.8152729865711565,2.701856164320897,3.170102835954132e-05,negative_baseline,20.0,1,1,0,0,0,0,0,0,0,0,-1,0,0,0,0,0,0,0,0,0
sim_0000_n2_seed256,256,0.001,2,687.5500000000001,1,body_1,9.897616233308575,3.6886825746214664,4.311219154840573e-05,1.7200566713278333e-05,0.7985449470241566,0.32178633333225426,0,6.761627853785933,2.721777427846697,-24.599759633717618,-9.800983839685448e-09,143.24638548065602,-3.392834169107345e-14,6.761627853785933,0-1,0,687.5500000000001,687550,,,,,0,0.7985449470241566,0.3218137505791264,6.761627853785933,2.721777427846697,3.158530669234156e-05,negative_hard,10.0,1,1,0,1,0,0,1,0,0,0,-1,0,0,0,0,0,0,0,0,0
sim_0000_n2_seed256,256,0.001,2,688.0,1,body_1,9.897616233308575,3.6886825746214664,4.307078591370842e-05,1.7296960924459803e-05,0.8047524616255756,0.326428131319661,0,6.7354992244533705,2.731541839187152,-24.599759643427753,-1.019570863204521e-08,143.24638548065587,-3.492039846566624e-14,6.7354992244533705,0-1,0,688.0,688000,,,,,0,0.8047524616255756,0.326460587458495,6.7354992244533705,2.731541839187152,3.1554971707387754e-05,negative_baseline,20.0,1,1,0,1,0,0,1,0,0,0,-1,0,0,0,0,0,0,0,0,0
sim_0000_n2_seed256,256,0.001,2,688.0500000000001,1,body_1,9.897616233308575,3.6886825746214664,4.307123715425897e-05,1.730490659171233e-05,0.8051973290751268,0.3267613486061937,0,6.733638302762404,2.732238829405757,-24.599759644130703,-1.0224284138634902e-08,143.24638548065585,-3.51188098205848e-14,6.733638302762404,0-1,0,688.0500000000001,688050,,,,,0,0.8051973290751268,0.3267943137866047,6.733638302762404,2.732238829405757,3.155530230574769e-05,negative_hard,10.0,1,1,0,1,0,0,1,0,0,0,-1,0,0,0,0,0,0,0,0,0
sim_0000_n2_seed256,256,0.001,2,688.5500000000001,1,body_1,9.897616233308575,3.6886825746214664,4.3131871740056474e-05,1.7352417539188187e-05,0.8068335952300378,0.3279875916559285,0,6.726806896413309,2.7347992463499553,-24.599759646724277,-1.0329714981054382e-08,143.24638548065587,-3.492039846566624e-14,6.726806896413309,0-1,0,688.5500000000001,688550,,,,,0,0.8068335952300378,0.32802490232129017,6.726806896413309,2.7347992463499553,3.1599725118056007e-05,negative_hard,10.0,1,1,0,1,0,0,1,1,0,0,-1,0,0,0,0,0,0,0,0,0
sim_0000_n2_seed256,256,0.001,2,689.0,1,body_1,9.897616233308575,3.6886825746214664,4.3272679957427e-05,1.7344620632838066e-05,0.8039078883363062,0.32579572833967263,0,6.7390364017262705,2.730217594975572,-24.599759642095883,-1.0141567056741106e-08,143.24638548065576,-3.571404388534048e-14,6.7390364017262705,0-1,0,689.0,689000,,,,,0,0.8039078883363062,0.32583559089666225,6.7390364017262705,2.730217594975572,3.170288558058643e-05,negative_baseline,20.0,1,1,0,1,0,0,1,0,0,0,-1,0,0,0,0,0,0,0,0,0
sim_0000_n2_seed256,256,0.001,2,689.0500000000001,1,body_1,9.897616233308575,3.6886825746214664,4.3293231403963076e-05,1.7340810941930408e-05,0.8033309067565134,0.32536384797221124,0,6.741456078292642,2.729312150156521,-24.599759641187937,-1.0104658333199627e-08,143.2463854806557,-3.611086659517759e-14,6.741456078292642,0-1,0,689.0500000000001,689050,,,,,0,0.8033309067565134,0.325403907337851,6.741456078292642,2.729312150156521,3.17179422050972e-05,negative_hard,10.0,1,1,0,1,0,0,1,0,0,0,-1,0,0,0,0,0,0,0,0,0
sim_0000_n2_seed256,256,0.001,2,690.0,1,body_1,9.897616233308575,3.6886825746214664,4.385517142519771e-05,1.716372877040258e-05,0.7837300022727155,0.3107681922215196,0,6.82523660210599,2.6981746102960376,-24.599759611277207,-8.888763111806986e-09,143.24638548065585,-3.51188098205848e-14,6.82523660210599,0-1,0,690.0,690000,,,,,0,0.7837300022727155,0.3108087669882493,6.82523660210599,2.6981746102960376,3.2129636764434994e-05,negative_baseline,20.0,1,1,0,0,0,0,0,0,0,0,-1,0,0,0,0,0,0,0,0,0
sim_0000_n2_seed256,256,0.001,2,691.0,1,body_1,9.897616233308575,3.6886825746214664,4.473528436222902e-05,1.6800705140074272e-05,0.7496090260717942,0.2857312627211342,0,6.978844854941941,2.6421267614910287,-24.59975956341903,-6.943289770993245e-09,143.24638548065568,-3.630927795009615e-14,6.978844854941941,0-1,0,691.0,691000,,,,,0,0.7496090260717942,0.28576719960511504,6.978844854941941,2.6421267614910287,3.2774434514578244e-05,negative_baseline,20.0,0,0,0,0,0,0,0,0,0,0,-1,0,0,0,0,0,0,0,1,0
sim_0000_n2_seed256,256,0.001,2,692.0,1,body_1,9.897616233308575,3.6886825746214664,4.5791425401912395e-05,1.6332396215762275e-05,0.7091672354220645,0.2567206640784506,0,7.17507782762957,2.572374145750783,-24.599759513280585,-4.905121613189867e-09,143.24638548065616,-3.293628491648066e-14,7.17507782762957,0-1,0,692.0,692000,,,,,0,0.7091672354220645,0.25674959352852406,7.17507782762957,2.572374145750783,3.35481957942166e-05,negative_baseline,20.0,0,0,1,0,0,1,0,0,0,0,-1,0,0,0,0,0,0,0,0,0
sim_0000_n2_seed256,256,0.001,2,693.0,1,body_1,9.897616233308575,3.6886825746214664,4.6891789027038715e-05,1.5837653331463214e-05,0.6691877584831147,0.22881981235814416,0,7.386300180627617,2.4994394035465866,-24.59975947028905,-3.1574811910916467e-09,143.2463854806562,-3.27378735615621e-14,7.386300180627617,0-1,0,693.0,693000,,,,,0,0.6691877584831147,0.2288416818363409,7.386300180627617,2.4994394035465866,3.4354355848689975e-05,negative_baseline,20.0,0,0,0,0,0,1,0,0,0,0,-1,0,0,0,0,0,0,0,0,0
sim_0000_n2_seed256,256,0.001,2,694.0,1,body_1,9.897616233308575,3.6886825746214664,4.791616553743316e-05,1.5379875281410288e-05,0.6342244751122037,0.2051102490724123,0,7.587163596055289,2.4319813493806017,-24.599759437673907,-1.8316493468653413e-09,143.24638548065653,-3.03569373025394e-14,7.587163596055289,0-1,0,694.0,694000,,,,,0,0.6342244751122037,0.20512602860983956,7.587163596055289,2.4319813493806017,3.510484537727704e-05,negative_baseline,20.0,0,0,0,0,0,0,0,0,0,0,-1,0,0,0,0,0,0,0,1,0
sim_0000_n2_seed256,256,0.001,2,695.0,1,body_1,9.897616233308575,3.6886825746214664,4.876756287316576e-05,1.5002815690076086e-05,0.6067246031065958,0.18694652035013465,0,7.757202776774623,2.3762122158728487,-24.59975941506505,-9.125812018652499e-10,143.24638548065653,-3.03569373025394e-14,7.757202776774623,0-1,0,695.0,695000,,,,,0,0.6067246031065958,0.18695733785119237,7.757202776774623,2.3762122158728487,3.5728605039871293e-05,negative_baseline,20.0,0,0,0,0,0,0,0,0,0,0,-1,0,0,0,0,0,0,0,1,0
sim_0000_n2_seed256,256,0.001,2,696.0,1,body_1,9.897616233308575,3.6886825746214664,4.9375836723204836e-05,1.4733664705005726e-05,0.587739481381583,0.17466832580645092,0,7.881493371888823,2.3361720989916894,-24.59975940092836,-3.379133121703401e-10,143.24638548065627,-3.214263949680643e-14,7.881493371888823,0-1,0,696.0,696000,,,,,0,0.587739481381583,0.17467511500731664,7.881493371888823,2.3361720989916894,3.617424497887084e-05,negative_baseline,20.0,0,0,0,0,0,0,0,0,0,0,-1,0,0,0,0,0,0,0,1,0
sim_0000_n2_seed256,256,0.001,2,697.0,1,body_1,9.897616233308575,3.6886825746214664,4.969712788812272e-05,1.4587842343087633e-05,0.5776018689953574,0.16820229878120718,0,7.950357401753007,2.314238119518447,-24.59975939385035,-5.0186470896179574e-11,143.2463854806561,-3.333310762631778e-14,7.950357401753007,0-1,0,697.0,697000,,,,,0,0.5776018689953574,0.16820573479679493,7.950357401753007,2.314238119518447,3.640963261305559e-05,negative_baseline,20.0,0,0,0,0,0,0,0,0,0,0,-1,0,0,0,0,0,0,0,1,0
sim_0000_n2_seed256,256,0.001,2,698.0,1,body_1,9.897616233308575,3.6886825746214664,4.97121083068055e-05,1.457285253910432e-05,0.5763710614446323,0.1674216019881324,0,7.958841642310903,2.311547809321838,-24.599759393012782,-1.6138720783495563e-11,143.24638548065602,-3.392834169107345e-14,7.958841642310903,0-1,0,698.0,698000,,,,,0,0.5763710614446323,0.16742215738631433,7.958841642310903,2.311547809321838,3.6420607622638863e-05,negative_baseline,20.0,0,0,0,0,0,0,0,0,0,0,-1,0,0,0,0,0,0,0,1,0
sim_0000_n2_seed256,256,0.001,2,699.0,1,body_1,9.897616233308575,3.6886825746214664,4.9424746833170874e-05,1.4690482780238472e-05,0.5840489807525658,0.1723070726651151,0,7.906355030296816,2.328233197398447,-24.599759398314482,-2.316571056344754e-10,143.24638548065613,-3.313469627139922e-14,7.906355030296816,0-1,0,699.0,699000,,,,,0,0.5840489807525658,0.1723051306052968,7.906355030296816,2.328233197398447,3.62100777172183e-05,negative_baseline,20.0,0,0,0,0,0,0,0,0,0,0,-1,0,0,0,0,0,0,0,1,0
sim_0000_n2_seed256,256,0.001,2,700.0,1,body_1,9.897616233308575,3.6886825746214664,4.8862288162506566e-05,1.4937313879933724e-05,0.600605112330169,0.18296510477525937,0,7.79662121092127,2.3634492415230253,-24.599759410380596,-7.221543194143465e-10,143.24638548065613,-3.313469627139922e-14,7.79662121092127,0-1,0,700.0,700000,,,,,0,0.600605112330169,0.18296113291302055,7.79662121092127,2.3634492415230253,3.579800320214956e-05,negative_baseline,20.0,0,0,0,0,0,0,0,0,0,0,-1,0,0,0,0,0,0,0,1,0
sim_0000_n2_seed256,256,0.001,2,701.0,1,body_1,9.897616233308575,3.6886825746214664,4.8076388643629816e-05,1.5303525392973352e-05,0.6258162468709333,0.19951006622257383,0,7.63796265334169,2.4151963565492394,-24.599759430485616,-1.5394395436425062e-09,143.24638548065636,-3.154740543205075e-14,7.63796265334169,0-1,0,701.0,701000,,,,,0,0.6258162468709333,0.1995048881459913,7.63796265334169,2.4151963565492394,3.52222291060846e-05,negative_baseline,20.0,0,0,0,0,0,0,0,0,0,0,-1,0,0,0,0,0,0,0,1,0
sim_0000_n2_seed256,256,0.001,2,701.95,1,body_1,9.897616233308575,3.6886825746214664,4.719314467286472e-05,1.574462122668493e-05,0.6570721945682401,0.22052830381178593,0,7.454086061851882,2.476474933816699,-24.599759458478793,-2.6773847205435557e-09,143.24638548065676,-2.876964646319094e-14,7.454086061851882,0-1,0,701.95,701950,,,,,0,0.6570721945682401,0.2205234183663349,7.454086061851882,2.476474933816699,3.4575137512486316e-05,negative_hard,10.0,0,0,0,0,1,0,0,0,0,0,-1,0,0,0,0,0,0,0,0,0
sim_0000_n2_seed256,256,0.001,2,702.0,1,body_1,9.897616233308575,3.6886825746214664,4.7144585850959434e-05,1.5769871520535045e-05,0.658888509330829,0.22176630644208573,0,7.443804876384332,2.479944675719014,-24.599759460214347,-2.7479363830659217e-09,143.24638548065687,-2.7976001043516706e-14,7.443804876384332,0-1,0,702.0,702000,,,,,0,0.658888509330829,0.2217614931440192,7.443804876384332,2.479944675719014,3.453956183274199e-05,negative_baseline,20.0,0,0,0,0,1,0,0,0,0,0,-1,0,0,0,0,0,0,0,0,0
sim_0000_n2_seed256,256,0.001,2,702.45,1,body_1,9.897616233308575,3.6886825746214664,4.670433731550939e-05,1.600415316191842e-05,0.6758698749680802,0.23342619480294774,0,7.3496964503799145,2.5119271549787197,-24.5997594770397,-3.4319005343535436e-09,143.246385480657,-2.6983944268923915e-14,7.3496964503799145,0-1,0,702.45,702450,,,,,0,0.6758698749680802,0.23342235652716892,7.3496964503799145,2.5119271549787197,3.42170222797967e-05,negative_hard,10.0,0,0,1,0,1,0,0,0,0,0,-1,0,0,0,0,0,0,0,0,0
sim_0000_n2_seed256,256,0.001,2,702.95,1,body_1,9.897616233308575,3.6886825746214664,4.621809665244195e-05,1.6275435579923305e-05,0.695801253188248,0.24730313078356472,0,7.243664781648501,2.548455994393606,-24.599759498203618,-4.2922307718766454e-09,143.24638548065712,-2.619029884924968e-14,7.243664781648501,0-1,0,702.95,702950,,,,,0,0.695801253188248,0.24730116827900037,7.243664781648501,2.548455994393606,3.386078749435117e-05,negative_hard,10.0,0,0,1,0,1,0,0,0,0,0,-1,0,0,0,0,0,0,0,0,0
sim_0000_n2_seed256,256,0.001,2,703.0,1,body_1,9.897616233308575,3.6886825746214664,4.617022585397207e-05,1.6302948874044558e-05,0.6978371672890424,0.24873192253457435,0,7.23309050158174,2.5521284795219334,-24.59975950045367,-4.383697146666115e-09,143.24638548065707,-2.65871215590868e-14,7.23309050158174,0-1,0,703.0,703000,,,,,0,0.6978371672890424,0.24873019918624045,7.23309050158174,2.5521284795219334,3.382571588341381e-05,negative_baseline,20.0,0,0,1,0,1,0,0,0,0,0,-1,0,0,0,0,0,0,0,0,0
sim_0000_n2_seed256,256,0.001,2,703.45,1,body_1,9.897616233308575,3.6886825746214664,4.575051307580159e-05,1.655137321059896e-05,0.7163234845375297,0.26179861389899073,0,7.13914746131921,2.584997410162919,-24.599759521651578,-5.245409201138572e-09,143.24638548065712,-2.619029884924968e-14,7.13914746131921,0-1,0,703.45,703450,,,,,0,0.7163234845375297,0.2617995021035612,7.13914746131921,2.584997410162919,3.35182214712318e-05,negative_hard,10.0,0,0,1,0,1,0,0,0,0,0,-1,0,0,0,0,0,0,0,0,0
sim_0000_n2_seed256,256,0.001,2,704.0,1,body_1,9.897616233308575,3.6886825746214664,4.5277675865580394e-05,1.6850143952721237e-05,0.7387440932244297,0.2778638421130854,0,7.029977526435764,2.623757100208084,-24.599759549264252,-6.367886635678649e-09,143.24638548065712,-2.619029884924968e-14,7.029977526435764,0-1,0,704.0,704000,,,,,0,0.7387440932244297,0.27786908988207754,7.029977526435764,2.623757100208084,3.317180648934018e-05,negative_baseline,20.0,0,0,1,0,0,0,0,0,0,0,-1,0,0,0,0,0,0,0,0,0
sim_0000_n2_seed256,256,0.001,2,705.0,1,body_1,9.897616233308575,3.6886825746214664,4.459901484086074e-05,1.7338445379826812e-05,0.775383035025123,0.3045987563538414,0,6.8618749624566995,2.684685794601148,-24.599759599082326,-8.393031370923294e-09,143.24638548065715,-2.5991887494331125e-14,6.8618749624566995,0-1,0,705.0,705000,,,,,0,0.775383035025123,0.3046148814499734,6.8618749624566995,2.684685794601148,3.2674598735585904e-05,negative_baseline,20.0,1,1,0,0,0,0,0,0,0,0,-1,0,0,0,0,0,0,0,0,0
sim_0000_n2_seed256,256,0.001,2,706.0,1,body_1,9.897616233308575,3.6886825746214664,4.425051275517037e-05,1.768411808955268e-05,0.8001131757946096,0.3229576291200244,0,6.754998178991501,2.7242511289825253,-24.59975963615301,-9.899984496292526e-09,143.24638548065724,-2.539665342957545e-14,6.754998178991501,0-1,0,706.0,706000,,,,,0,0.8001131757946096,0.3229861226829257,6.754998178991501,2.7242511289825253,3.241927556054996e-05,negative_baseline,20.0,1,1,0,1,0,0,1,0,0,0,-1,0,0,0,0,0,0,0,0,0
sim_0000_n2_seed256,256,0.001,2,706.2,1,body_1,9.897616233308575,3.6886825746214664,4.422781477074028e-05,1.7729378995385814e-05,0.8030077272938057,0.3251219975312751,0,6.7428125291166685,2.7288047181624613,-24.599759640679576,-1.0083993035425785e-08,143.24638548065724,-2.539665342957545e-14,6.7428125291166685,0-1,0,706.2,706200,,,,,0,0.8030077272938057,0.32515276117571545,6.7428125291166685,2.7288047181624613,3.2402646348749864e-05,negative_hard,10.0,1,1,0,1,0,0,1,0,0,0,-1,0,0,0,0,0,0,0,0,0
sim_0000_n2_seed256,256,0.001,2,706.7,1,body_1,9.897616233308575,3.6886825746214664,4.4243869079257835e-05,1.7802270202133214e-05,0.8067767330175631,0.3279449614692293,0,6.727043947364249,2.734710352543198,-24.59975964663362,-1.0326029654453878e-08,143.24638548065698,-2.7182355623842475e-14,6.727043947364249,0-1,0,706.7,706700,,,,,0,0.8067767330175631,0.3279806332830929,6.727043947364249,2.734710352543198,3.24144082945776e-05,negative_hard,10.0,1,1,0,1,0,0,1,1,0,0,-1,0,0,0,0,0,0,0,0,0
sim_0000_n2_seed256,256,0.001,2,707.0,1,body_1,9.897616233308575,3.6886825746214664,4.4303703783998106e-05,1.781721531071363e-05,0.8065756289229422,0.3277942013300896,0,6.727882524503583,2.7343959142648417,-24.59975964631425,-1.0313047102944127e-08,143.2463854806569,-2.777758968859815e-14,6.727882524503583,0-1,0,707.0,707000,,,,,0,0.8065756289229422,0.32783213958959584,6.727882524503583,2.7343959142648417,3.245824507092372e-05,negative_baseline,20.0,1,1,0,1,0,0,1,1,0,0,-1,0,0,0,0,0,0,0,0,0
sim_0000_n2_seed256,256,0.001,2,707.2,1,body_1,9.897616233308575,3.6886825746214664,4.436425673956223e-05,1.7814988308020484e-05,0.8054110743641449,0.32692147576352026,0,6.73274473485945,2.732573580330935,-24.599759644468428,-1.023801291173509e-08,143.246385480657,-2.6983944268923915e-14,6.73274473485945,0-1,0,707.2,707200,,,,,0,0.8054110743641449,0.32696059627915464,6.73274473485945,2.732573580330935,3.250260804660492e-05,negative_hard,10.0,1,1,0,1,0,0,1,0,0,0,-1,0,0,0,0,0,0,0,0,0
sim_0000_n2_seed256,256,0.001,2,707.7,1,body_1,9.897616233308575,3.6886825746214664,4.458547875556996e-05,1.7767415805443013e-05,0.7990133259602481,0.32213606302874687,0,6.759645741463543,2.722516731575334,-24.59975963444358,-9.830494758940374e-09,143.24638548065704,-2.6785532914005356e-14,6.759645741463543,0-1,0,707.7,707700,,,,,0,0.7990133259602481,0.32217691923768876,6.759645741463543,2.722516731575334,3.266468213034538e-05,negative_hard,10.0,1,1,0,1,0,0,1,0,0,0,-1,0,0,0,0,0,0,0,0,0
sim_0000_n2_seed256,256,0.001,2,708.0,1,body_1,9.897616233308575,3.6886825746214664,4.47635202091499e-05,1.7711290739568946e-05,0.7929409992344238,0.31760850914127575,0,6.7854789958552715,2.712899428752415,-24.599759625107957,-9.4509942156957e-09,143.2463854806572,-2.559506478449401e-14,6.7854789958552715,0-1,0,708.0,708000,,,,,0,0.7929409992344238,0.317649578187796,6.7854789958552715,2.712899428752415,3.27951207852135e-05,negative_baseline,20.0,1,1,0,0,0,0,0,0,0,0,-1,0,0,0,0,0,0,0,0,0
sim_0000_n2_seed256,256,0.001,2,709.0,1,body_1,9.897616233308575,3.6886825746214664,4.5566088123007125e-05,1.7396354624779805e-05,0.762986657116849,0.2954890641270207,0,6.917393408985597,2.6643910020336503,-24.599759581558274,-7.680664584585319e-09,143.24638548065684,-2.8174412398435265e-14,6.917393408985597,0-1,0,709.0,709000,,,,,0,0.762986657116849,0.29552709598548843,6.917393408985597,2.6643910020336503,3.338310669798264e-05,negative_baseline,20.0,0,0,0,0,0,0,0,0,0,0,-1,0,0,0,0,0,0,0,1,0
sim_0000_n2_seed256,256,0.001,2,710.0,1,body_1,9.897616233308575,3.6886825746214664,4.6597680662337875e-05,1.6943722539027104e-05,0.7239398060441431,0.2672297990376199,0,7.101493907932663,2.5982963034154154,-24.599759530794103,-5.6170601922478636e-09,143.24638548065724,-2.539665342957545e-14,7.101493907932663,0-1,0,710.0,710000,,,,,0,0.7239398060441431,0.26726134146758157,7.101493907932663,2.5982963034154154,3.413888300919962e-05,negative_baseline,20.0,0,0,1,0,0,0,0,0,0,0,-1,0,0,0,0,0,0,0,0,0
sim_0000_n2_seed256,256,0.001,2,711.0,1,body_1,9.897616233308575,3.6886825746214664,4.772376827001651e-05,1.6436443895357724e-05,0.6831457491146015,0.23846836721193507,0,7.3104525441614925,2.525384864110505,-24.599759484585633,-3.738648732940163e-09,143.24638548065704,-2.6785532914005356e-14,7.3104525441614925,0-1,0,711.0,711000,,,,,0,0.6831457491146015,0.2384926875760768,7.3104525441614925,2.525384864110505,3.496388924841149e-05,negative_baseline,20.0,0,0,1,0,0,1,0,0,0,0,-1,0,0,0,0,0,0,0,0,0
sim_0000_n2_seed256,256,0.001,2,712.0,1,body_1,9.897616233308575,3.6886825746214664,4.881472815145789e-05,1.5946330528247184e-05,0.6460039587238737,0.2130230964123853,0,7.517671729815978,2.4551196406085136,-24.59975944816466,-2.2581069704538824e-09,143.2463854806567,-2.916646917302806e-14,7.517671729815978,0-1,0,712.0,712000,,,,,0,0.6460039587238737,0.21304092831621005,7.517671729815978,2.4551196406085136,3.576315979336667e-05,negative_baseline,20.0,0,0,0,0,0,0,0,0,0,0,-1,0,0,0,0,0,0,0,1,0
sim_0000_n2_seed256,256,0.001,2,713.0,1,body_1,9.897616233308575,3.6886825746214664,4.976153811609981e-05,1.552532513715592e-05,0.6156481932324828,0.19279223279465055,0,7.700778693588743,2.3945879596545505,-24.59975942211913,-1.1993352255212194e-09,143.24638548065664,-2.956329188286517e-14,7.700778693588743,0-1,0,713.0,713000,,,,,0,0.6156481932324828,0.19280471033765997,7.700778693588743,2.3945879596545505,3.645682166263962e-05,negative_baseline,20.0,0,0,0,0,0,0,0,0,0,0,-1,0,0,0,0,0,0,0,1,0
sim_0000_n2_seed256,256,0.001,2,714.0,1,body_1,9.897616233308575,3.6886825746214664,5.0482053394300546e-05,1.5206808139880258e-05,0.5935434659437153,0.17839873082069857,0,7.842863982404196,2.348553276200652,-24.599759405126502,-5.085711715116685e-10,143.24638548065667,-2.936488052794661e-14,7.842863982404196,0-1,0,714.0,714000,,,,,0,0.5935434659437153,0.17840687508156544,7.842863982404196,2.348553276200652,3.698469309524532e-05,negative_baseline,20.0,0,0,0,0,0,0,0,0,0,0,-1,0,0,0,0,0,0,0,1,0
sim_0000_n2_seed256,256,0.001,2,715.0,1,body_1,9.897616233308575,3.6886825746214664,5.092157782479423e-05,1.5010357262928807e-05,0.5802161558386719,0.16986366348153625,0,7.932426170695388,2.319932635472762,-24.599759395644817,-1.2313306135240287e-10,143.24638548065673,-2.89680578181095e-14,7.932426170695388,0-1,0,715.0,715000,,,,,0,0.5802161558386719,0.1698682399621386,7.932426170695388,2.319932635472762,3.730670202413435e-05,negative_baseline,20.0,0,0,0,0,0,0,0,0,0,0,-1,0,0,0,0,0,0,0,1,0
sim_0000_n2_seed256,256,0.001,2,716.0,1,body_1,9.897616233308575,3.6886825746214664,5.1051244693237585e-05,1.4946201965766433e-05,0.5757878365411013,0.16705199487809055,0,7.962871442449146,2.3102708929225315,-24.599759392617194,-5.776826711348951e-14,143.24638548065732,-2.4801419364819775e-14,7.962871442449146,0-1,0,716.0,716000,,,,,0,0.5757878365411013,0.16705353836809073,7.962871442449146,2.3102708929225315,3.740169982082e-05,negative_baseline,20.0,0,0,0,0,0,0,0,0,0,0,-1,0,0,0,0,0,0,0,1,0
sim_0000_n2_seed256,256,0.001,2,717.0,1,body_1,9.897616233308575,3.6886825746214664,5.0866430674753934e-05,1.5018103757841743e-05,0.5802687658021183,0.1698971404522874,0,7.932066566547214,2.320046956906927,-24.59975939568103,-1.2460514121912237e-10,143.2463854806573,-2.4999830719738335e-14,7.932066566547214,0-1,0,717.0,717000,,,,,0,0.5802687658021183,0.1698960499522926,7.932066566547214,2.320046956906927,3.726629930514589e-05,negative_baseline,20.0,0,0,0,0,0,0,0,0,0,0,-1,0,0,0,0,0,0,0,1,0
sim_0000_n2_seed256,256,0.001,2,718.0,1,body_1,9.897616233308575,3.6886825746214664,5.038625328436541e-05,1.5224489816434702e-05,0.593648476106604,0.1784664135850764,0,7.8421702917089835,2.3487761275821684,-24.59975940520325,-5.116910911978003e-10,143.2463854806575,-2.3610951235308425e-14,7.8421702917089835,0-1,0,718.0,718000,,,,,0,0.593648476106604,0.17846310120838255,7.8421702917089835,2.3487761275821684,3.6914506561549624e-05,negative_baseline,20.0,0,0,0,0,0,0,0,0,0,0,-1,0,0,0,0,0,0,0,1,0
sim_0000_n2_seed256,256,0.001,2,719.0,1,body_1,9.897616233308575,3.6886825746214664,4.965435892045674e-05,1.5557858712891342e-05,0.6158040852080292,0.192894772570854,0,7.69980389850472,2.394906541316166,-24.599759422244468,-1.2044302422599612e-09,143.24638548065758,-2.301571717055275e-14,7.69980389850472,0-1,0,719.0,719000,,,,,0,0.6158040852080292,0.1928898951549304,7.69980389850472,2.394906541316166,3.637829828307928e-05,negative_baseline,20.0,0,0,0,0,0,0,0,0,0,0,-1,0,0,0,0,0,0,0,1,0
sim_0000_n2_seed256,256,0.001,2,720.0,1,body_1,9.897616233308575,3.6886825746214664,4.874046578796738e-05,1.6002357827158468e-05,0.6462054846070702,0.21315914547689896,0,7.516499406455234,2.4555117637963213,-24.599759448348262,-2.2655704861442775e-09,143.24638548065732,-2.4801419364819775e-14,7.516499406455234,0-1,0,720.0,720000,,,,,0,0.6462054846070702,0.21315395485821173,7.516499406455234,2.4555117637963213,3.5708752165232074e-05,negative_baseline,20.0,0,0,0,0,0,0,0,0,0,0,-1,0,0,0,0,0,0,0,1,0
sim_0000_n2_seed256,256,0.001,2,720.6,1,body_1,9.897616233308575,3.6886825746214664,4.814387678720752e-05,1.631123356511387e-05,0.667852331986265,0.22790204478794185,0,7.393681254648809,2.4969287379065364,-24.599759468959967,-3.1034528415910843e-09,143.24638548065735,-2.4603008009901216e-14,7.393681254648809,0-1,0,720.6,720600,,,,,0,0.667852331986265,0.22789767768750638,7.393681254648809,2.4969287379065364,3.5271672799388747e-05,negative_hard,10.0,0,0,0,0,1,0,0,0,0,0,-1,0,0,0,0,0,0,0,0,0
sim_0000_n2_seed256,256,0.001,2,721.0,1,body_1,9.897616233308575,3.6886825746214664,4.774117326171114e-05,1.6529488938168263e-05,0.6833800616882922,0.23863119970486363,0,7.309199158307027,2.5258158742913652,-24.59975948483191,-3.748660118051598e-09,143.2463854806574,-2.42061853000641e-14,7.309199158307027,0-1,0,721.0,721000,,,,,0,0.6833800616882922,0.23862797176307732,7.309199158307027,2.5258158742913652,3.497663987584612e-05,negative_baseline,20.0,0,0,1,0,1,0,0,0,0,0,-1,0,0,0,0,0,0,0,0,0
sim_0000_n2_seed256,256,0.001,2,721.1,1,body_1,9.897616233308575,3.6886825746214664,4.76410252245015e-05,1.6585138753500217e-05,0.687367470771095,0.2414065064532425,0,7.287968042134623,2.533128075432369,-24.599759489058197,-3.920462077923109e-09,143.24638548065747,-2.3809362590226985e-14,7.287968042134623,0-1,0,721.1,721100,,,,,0,0.687367470771095,0.24140364922328517,7.287968042134623,2.533128075432369,3.490326836038092e-05,negative_hard,10.0,0,0,1,0,1,0,0,0,0,0,-1,0,0,0,0,0,0,0,0,0
sim_0000_n2_seed256,256,0.001,2,721.6,1,body_1,9.897616233308575,3.6886825746214664,4.7150077260756326e-05,1.6866970029626252e-05,0.7077186662566688,0.25569578917402896,0,7.182417102393301,2.5698036301410148,-24.599759511611353,-4.837265995693688e-09,143.24638548065732,-2.4801419364819775e-14,7.182417102393301,0-1,0,721.6,721600,,,,,0,0.7077186662566688,0.2556953603668328,7.182417102393301,2.5698036301410148,3.45435848735043e-05,negative_hard,10.0,0,0,1,0,1,0,0,0,0,0,-1,0,0,0,0,0,0,0,0,0
sim_0000_n2_seed256,256,0.001,2,722.0,1,body_1,9.897616233308575,3.6886825746214664,4.677726321048829e-05,1.7092737095505243e-05,0.7241820026506566,0.26740295654796103,0,7.100306291042296,2.5987169401164367,-24.599759531088722,-5.629036709385833e-09,143.24638548065738,-2.440459665498266e-14,7.100306291042296,0-1,0,722.0,722000,,,,,0,0.7241820026506566,0.2674052126817853,7.100306291042296,2.5987169401164367,3.427044991051948e-05,negative_baseline,20.0,0,0,1,0,0,0,0,0,0,0,-1,0,0,0,0,0,0,0,0,0
sim_0000_n2_seed256,256,0.001,2,723.0,1,body_1,9.897616233308575,3.6886825746214664,4.598363237345539e-05,1.7624233517998804e-05,0.7631980030881456,0.295643836932118,0,6.916435555028141,2.6647396840409368,-24.599759581850957,-7.692562392459345e-09,143.24638548065755,-2.321412852547131e-14,6.916435555028141,0-1,0,723.0,723000,,,,,0,0.7631980030881456,0.2956557004808111,6.916435555028141,2.6647396840409368,3.368901175507205e-05,negative_baseline,20.0,0,0,0,0,0,0,0,0,0,0,-1,0,0,0,0,0,0,0,1,0
sim_0000_n2_seed256,256,0.001,2,724.0,1,body_1,9.897616233308575,3.6886825746214664,4.5488848286020036e-05,1.8039877745842167e-05,0.7930754995005235,0.3177086388712528,0,6.78490358567731,2.713113217067837,-24.599759625312736,-9.459318622986755e-09,143.24638548065744,-2.400777394514554e-14,6.78490358567731,0-1,0,724.0,724000,,,,,0,0.7930754995005235,0.317732783112506,6.78490358567731,2.713113217067837,3.332651791526869e-05,negative_baseline,20.0,1,1,0,0,0,0,0,0,0,0,-1,0,0,0,0,0,0,0,0,0
sim_0000_n2_seed256,256,0.001,2,724.4,1,body_1,9.897616233308575,3.6886825746214664,4.5397408182245734e-05,1.815486432269284e-05,0.800770191717279,0.3234486267243806,0,6.752226439900611,2.725286108859101,-24.599759637177,-9.941610576526494e-09,143.24638548065724,-2.539665342957545e-14,6.752226439900611,0-1,0,724.4,724400,,,,,0,0.800770191717279,0.3234775979120826,6.752226439900611,2.725286108859101,3.3259526155203175e-05,negative_hard,10.0,1,1,0,1,0,0,1,0,0,0,-1,0,0,0,0,0,0,0,0,0
sim_0000_n2_seed256,256,0.001,2,724.9,1,body_1,9.897616233308575,3.6886825746214664,4.5377491382049135e-05,1.8247881764304462e-05,0.8061296786353287,0.3274599430960557,0,6.729743196799882,2.7336983753805524,-24.5997596456065,-1.0284276484032261e-08,143.24638548065735,-2.4603008009901216e-14,6.729743196799882,0-1,0,724.9,724900,,,,,0,0.8061296786353287,0.3274941942685863,6.729743196799882,2.7336983753805524,3.324493457476872e-05,negative_hard,10.0,1,1,0,1,0,0,1,0,0,0,-1,0,0,0,0,0,0,0,0,0
sim_0000_n2_seed256,256,0.001,2,725.0,1,body_1,9.897616233308575,3.6886825746214664,4.538636472351143e-05,1.825927616401466e-05,0.806597542737588,0.3278106285563576,0,6.727791131606768,2.734430181482846,-24.59975964634886,-1.0314454049089677e-08,143.24638548065738,-2.440459665498266e-14,6.727791131606768,0-1,0,725.0,725000,,,,,0,0.806597542737588,0.32784579051248275,6.727791131606768,2.734430181482846,3.3251435471782214e-05,negative_baseline,20.0,1,1,0,1,0,0,1,1,0,0,-1,0,0,0,0,0,0,0,0,0
sim_0000_n2_seed256,256,0.001,2,725.4,1,body_1,9.897616233308575,3.6886825746214664,4.546474080767784e-05,1.82800014141897e-05,0.8064032124800016,0.3276649592526207,0,6.72860172772446,2.7341262708364513,-24.5997596460404,-1.0301914869030022e-08,143.24638548065727,-2.519824207465689e-14,6.72860172772446,0-1,0,725.4,725400,,,,,0,0.8064032124800016,0.3277031626511642,6.72860172772446,2.7341262708364513,3.330885625146112e-05,negative_hard,10.0,1,1,0,1,0,0,1,0,0,0,-1,0,0,0,0,0,0,0,0,0
sim_0000_n2_seed256,256,0.001,2,725.9,1,body_1,9.897616233308575,3.6886825746214664,4.565711590033155e-05,1.8249891245833727e-05,0.8015702256024612,0.3240467250382903,0,6.748855956337928,2.726545277962212,-24.5997596384266,-9.99240780242673e-09,143.24638548065718,-2.5793476139412566e-14,6.748855956337928,0-1,0,725.9,725900,,,,,0,0.8015702256024612,0.324087219905022,6.748855956337928,2.726545277962212,3.3449796206504215e-05,negative_hard,10.0,1,1,0,1,0,0,1,0,0,0,-1,0,0,0,0,0,0,0,0,0
sim_0000_n2_seed256,256,0.001,2,726.0,1,body_1,9.897616233308575,3.6886825746214664,4.570769926351953e-05,1.8236559941863438e-05,0.8000161790757857,0.3228851559600005,0,6.7554076662102,2.7240982632929676,-24.599759636002062,-9.893848350959731e-09,143.24638548065704,-2.6785532914005356e-14,6.7554076662102,0-1,0,726.0,726000,,,,,0,0.8000161790757857,0.32292589873000527,6.7554076662102,2.7240982632929676,3.348685514037967e-05,negative_baseline,20.0,1,1,0,1,0,0,1,0,0,0,-1,0,0,0,0,0,0,0,0,0
sim_0000_n2_seed256,256,0.001,2,727.0,1,body_1,9.897616233308575,3.6886825746214664,4.641185967143028e-05,1.7982290758926425e-05,0.7751940475038102,0.3044593985354971,0,6.862711352852129,2.6843787628440685,-24.59975959881006,-8.38196354862702e-09,143.24638548065684,-2.8174412398435265e-14,6.862711352852129,0-1,0,727.0,727000,,,,,0,0.7751940475038102,0.3044990830458362,6.862711352852129,2.6843787628440685,3.400274472316992e-05,negative_baseline,20.0,1,1,0,0,0,0,0,0,0,0,-1,0,0,0,0,0,0,0,0,0
sim_0000_n2_seed256,256,0.001,2,728.0,1,body_1,9.897616233308575,3.6886825746214664,4.739765226880318e-05,1.7557799889838432e-05,0.7385078768332726,0.2776933807074865,0,7.031101727819742,2.6233547929255923,-24.59975954896233,-6.355613189647717e-09,143.24638548065687,-2.7976001043516706e-14,7.031101727819742,0-1,0,728.0,728000,,,,,0,0.7385078768332726,0.2777274553884739,7.031101727819742,2.6233547929255923,3.4724966615544735e-05,negative_baseline,20.0,0,0,1,0,0,0,0,0,0,0,-1,0,0,0,0,0,0,0,0,0
sim_0000_n2_seed256,256,0.001,2,729.0,1,body_1,9.897616233308575,3.6886825746214664,4.853144014434771e-05,1.7047405321835805e-05,0.6975964206830823,0.2485628604853135,0,7.234338495210347,2.5516947635229235,-24.59975950018674,-4.372846244212853e-09,143.24638548065707,-2.65871215590868e-14,7.234338495210347,0-1,0,729.0,729000,,,,,0,0.6975964206830823,0.24858973645705193,7.234338495210347,2.5516947635229235,3.5555614319475106e-05,negative_baseline,20.0,0,0,1,0,0,1,0,0,0,0,-1,0,0,0,0,0,0,0,0,0
sim_0000_n2_seed256,256,0.001,2,730.0,1,body_1,9.897616233308575,3.6886825746214664,4.967601252046469e-05,1.653062668251142e-05,0.6586731995890955,0.2216194577529387,0,7.445021407398241,2.479533868880117,-24.599759460007967,-2.7395468420536972e-09,143.2463854806569,-2.777758968859815e-14,7.445021407398241,0-1,0,730.0,730000,,,,,0,0.6586731995890955,0.22163949258692353,7.445021407398241,2.479533868880117,3.639416302308383e-05,negative_baseline,20.0,0,0,0,0,0,1,0,0,0,0,-1,0,0,0,0,0,0,0,0,0
sim_0000_n2_seed256,256,0.001,2,731.0,1,body_1,9.897616233308575,3.6886825746214664,5.0710667833966616e-05,1.606820204061594e-05,0.6256430733400512,0.19939515226159665,0,7.639019646939525,2.4148482457578386,-24.599759430339976,-1.5335191627873804e-09,143.24638548065684,-2.8174412398435265e-14,7.639019646939525,0-1,0,731.0,731000,,,,,0,0.6256430733400512,0.19940942244466126,7.639019646939525,2.4148482457578386,3.715218307914561e-05,negative_baseline,20.0,0,0,0,0,0,0,0,0,0,0,-1,0,0,0,0,0,0,0,1,0
sim_0000_n2_seed256,256,0.001,2,732.0,1,body_1,9.897616233308575,3.6886825746214664,5.154080313698614e-05,1.57006398527002e-05,0.6004815384214919,0.18288493743255047,0,7.797423408268802,2.3631901324442386,-24.599759410287113,-7.183541783829533e-10,143.24638548065656,-3.015852594762085e-14,7.797423408268802,0-1,0,732.0,732000,,,,,0,0.6004815384214919,0.18289453501524955,7.797423408268802,2.3631901324442386,3.7760365487808744e-05,negative_baseline,20.0,0,0,0,0,0,0,0,0,0,0,-1,0,0,0,0,0,0,0,1,0
sim_0000_n2_seed256,256,0.001,2,733.0,1,body_1,9.897616233308575,3.6886825746214664,5.210016415007304e-05,1.545245817890741e-05,0.58397750763701,0.1722614256797446,0,7.9068388456235645,2.3280789315584847,-24.59975939826414,-2.2961066477198005e-10,143.24638548065658,-2.996011459270229e-14,7.9068388456235645,0-1,0,733.0,733000,,,,,0,0.58397750763701,0.1722672106104788,7.9068388456235645,2.3280789315584847,3.817017035224936e-05,negative_baseline,20.0,0,0,0,0,0,0,0,0,0,0,-1,0,0,0,0,0,0,0,1,0
sim_0000_n2_seed256,256,0.001,2,734.0,1,body_1,9.897616233308575,3.6886825746214664,5.234967029395491e-05,1.5337117128972996e-05,0.5763521793618849,0.16740963251690733,0,7.958972012491691,2.311506489935508,-24.599759392999797,-1.5610863242746053e-11,143.24638548065656,-3.015852594762085e-14,7.958972012491691,0-1,0,734.0,734000,,,,,0,0.5763521793618849,0.1674122141411223,7.958972012491691,2.311506489935508,3.8352966055079914e-05,negative_baseline,20.0,0,0,0,0,0,0,0,0,0,0,-1,0,0,0,0,0,0,0,1,0
sim_0000_n2_seed256,256,0.001,2,735.0,1,body_1,9.897616233308575,3.6886825746214664,5.227560042526842e-05,1.5360599327960607e-05,0.5776355987437266,0.1682237067449412,0,7.95012527662948,2.314311761930606,-24.599759393873185,-5.1114806948693355e-11,143.24638548065676,-2.876964646319094e-14,7.95012527662948,0-1,0,735.0,735000,,,,,0,0.5776355987437266,0.16822351877931246,7.95012527662948,2.314311761930606,3.8298700077548414e-05,negative_baseline,20.0,0,0,0,0,0,0,0,0,0,0,-1,0,0,0,0,0,0,0,1,0
sim_0000_n2_seed256,256,0.001,2,736.0,1,body_1,9.897616233308575,3.6886825746214664,5.188861186870173e-05,1.552320457495572e-05,0.5878257545419643,0.17472362527736096,0,7.880914980854414,2.3363570666526488,-24.599759400989814,-3.4041150088166294e-10,143.2463854806569,-2.777758968859815e-14,7.880914980854414,0-1,0,736.0,736000,,,,,0,0.5878257545419643,0.17472105370305024,7.880914980854414,2.3363570666526488,3.801518031121912e-05,negative_baseline,20.0,0,0,0,0,0,0,0,0,0,0,-1,0,0,0,0,0,0,0,1,0
sim_0000_n2_seed256,256,0.001,2,737.0,1,body_1,9.897616233308575,3.6886825746214664,5.122409153377817e-05,1.5819573570086045e-05,0.6068625744612629,0.18703654419097865,0,7.756320919283673,2.3764984408624663,-24.59975941517204,-9.169304302755568e-10,143.2463854806568,-2.837282375335382e-14,7.756320919283673,0-1,0,737.0,737000,,,,,0,0.6068625744612629,0.18703212436887331,7.756320919283673,2.3764984408624663,3.752833229558085e-05,negative_baseline,20.0,0,0,0,0,0,0,0,0,0,0,-1,0,0,0,0,0,0,0,1,0
sim_0000_n2_seed256,256,0.001,2,738.0,1,body_1,9.897616233308575,3.6886825746214664,5.034357617331859e-05,1.6236887623659458e-05,0.6344106077366868,0.20523467603958534,0,7.586050498122489,2.4323503494472427,-24.59975943783575,-1.838228430386229e-09,143.24638548065693,-2.757917833367959e-14,7.586050498122489,0-1,0,738.0,738000,,,,,0,0.6344106077366868,0.20522939832661902,7.586050498122489,2.4323503494472427,3.688323974668418e-05,negative_baseline,20.0,0,0,0,0,0,0,0,0,0,0,-1,0,0,0,0,0,0,0,1,0
sim_0000_n2_seed256,256,0.001,2,738.85,1,body_1,9.897616233308575,3.6886825746214664,4.949105618858741e-05,1.6669181500942784e-05,0.6637627550306029,0.22509739280423163,0,7.416423263791102,2.4892086760235452,-24.59975946493269,-2.9397407498461463e-09,143.2463854806568,-2.837282375335382e-14,7.416423263791102,0-1,0,738.85,738850,,,,,0,0.6637627550306029,0.2250928034162927,7.416423263791102,2.4892086760235452,3.625865750560238e-05,negative_hard,10.0,0,0,0,0,1,0,0,0,0,0,-1,0,0,0,0,0,0,0,0,0
sim_0000_n2_seed256,256,0.001,2,739.0,1,body_1,9.897616233308575,3.6886825746214664,4.9336111871024024e-05,1.6751126094053065e-05,0.6694124537984716,0.22897432629741163,0,7.38506043199915,2.4998613475233387,-24.599759470513106,-3.166589224926095e-09,143.24638548065698,-2.7182355623842475e-14,7.38506043199915,0-1,0,739.0,739000,,,,,0,0.6694124537984716,0.2289700523732138,7.38506043199915,2.4998613475233387,3.614514055781745e-05,negative_baseline,20.0,0,0,0,0,1,0,0,0,0,0,-1,0,0,0,0,0,0,0,0,0
sim_0000_n2_seed256,256,0.001,2,739.35,1,body_1,9.897616233308575,3.6886825746214664,4.8974184068302086e-05,1.6947115840573782e-05,0.6830270274177549,0.2383858738652609,0,7.311087856956488,2.525166423200655,-24.599759484460808,-3.733574512777582e-09,143.24638548065698,-2.7182355623842475e-14,7.311087856956488,0-1,0,739.35,739350,,,,,0,0.6830270274177549,0.23838261468069735,7.311087856956488,2.525166423200655,3.587998118117578e-05,negative_hard,10.0,0,0,1,0,1,0,0,0,0,0,-1,0,0,0,0,0,0,0,0,0
sim_0000_n2_seed256,256,0.001,2,739.85,1,body_1,9.897616233308575,3.6886825746214664,4.8465610956284754e-05,1.723473700828302e-05,0.7032445991071438,0.2525368015974158,0,7.205228275062872,2.561831306585665,-24.599759506510587,-4.629915754971219e-09,143.24638548065704,-2.6785532914005356e-14,7.205228275062872,0-1,0,739.85,739850,,,,,0,0.7032445991071438,0.2525357587083936,7.205228275062872,2.561831306585665,3.55073849745049e-05,negative_hard,10.0,0,0,1,0,1,0,0,0,0,0,-1,0,0,0,0,0,0,0,0,0
sim_0000_n2_seed256,256,0.001,2,740.0,1,body_1,9.897616233308575,3.6886825746214664,4.831721403554633e-05,1.7321752102126196e-05,0.7094103670020616,0.25689278140267935,0,7.173848188492023,2.5728050787937895,-24.59975951356134,-4.9165346008821435e-09,143.2463854806569,-2.777758968859815e-14,7.173848188492023,0-1,0,740.0,740000,,,,,0,0.7094103670020616,0.2568925971718882,7.173848188492023,2.5728050787937895,3.5398664857461765e-05,negative_baseline,20.0,0,0,1,0,1,0,0,0,0,0,-1,0,0,0,0,0,0,0,0,0
sim_0000_n2_seed256,256,0.001,2,741.0,1,body_1,9.897616233308575,3.6886825746214664,4.7421767725408595e-05,1.788697492219887e-05,0.74983663066469,0.28589663210584365,0,6.977785599077379,2.642508790279943,-24.599759563720482,-6.955544009075362e-09,143.24638548065738,-2.440459665498266e-14,6.977785599077379,0-1,0,741.0,741000,,,,,0,0.74983663066469,0.28590460580079985,6.977785599077379,2.642508790279943,3.47426335713517e-05,negative_baseline,20.0,0,0,0,0,0,0,0,0,0,0,-1,0,0,0,0,0,0,0,1,0
sim_0000_n2_seed256,256,0.001,2,742.0,1,body_1,9.897616233308575,3.6886825746214664,4.678707549873496e-05,1.8365014578576727e-05,0.7838971970044555,0.3108920560818723,0,6.824508697693748,2.698443376706914,-24.599759611524348,-8.898809591140693e-09,143.24638548065715,-2.5991887494331125e-14,6.824508697693748,0-1,0,742.0,742000,,,,,0,0.7838971970044555,0.3109116924572538,6.824508697693748,2.698443376706914,3.4277638753655265e-05,negative_baseline,20.0,1,1,0,0,0,0,0,0,0,0,-1,0,0,0,0,0,0,0,0,0
sim_0000_n2_seed256,256,0.001,2,742.65,1,body_1,9.897616233308575,3.6886825746214664,4.656964635093217e-05,1.858712810250985e-05,0.7989606497386731,0.32209672650813354,0,6.7598685726681245,2.722433606641146,-24.59975963436168,-9.827165429285956e-09,143.24638548065732,-2.4801419364819775e-14,6.7598685726681245,0-1,0,742.65,742650,,,,,0,0.7989606497386731,0.32212442125601004,6.7598685726681245,2.722433606641146,3.411834360795898e-05,negative_hard,10.0,1,1,0,1,0,0,1,0,0,0,-1,0,0,0,0,0,0,0,0,0
sim_0000_n2_seed256,256,0.001,2,743.0,1,body_1,9.897616233308575,3.6886825746214664,4.6525694434950664e-05,1.8668788656642127e-05,0.8039727730124474,0.3258443034423087,0,6.738764459048768,2.7303193780010373,-24.59975964219747,-1.0145696621315714e-08,143.24638548065752,-2.3412539880389866e-14,6.738764459048768,0-1,0,743.0,743000,,,,,0,0.8039727730124474,0.32587595628833327,6.738764459048768,2.7303193780010373,3.408614314748969e-05,negative_baseline,20.0,1,1,0,1,0,0,1,0,0,0,-1,0,0,0,0,0,0,0,0,0
sim_0000_n2_seed256,256,0.001,2,743.15,1,body_1,9.897616233308575,3.6886825746214664,4.6523186160613266e-05,1.8694828136053535e-05,0.8053874497846403,0.32690377658263453,0,6.732843480560611,2.732536585586884,-24.599759644430783,-1.0236482630339254e-08,143.24638548065755,-2.321412852547131e-14,6.732843480560611,0-1,0,743.15,743150,,,,,0,0.8053874497846403,0.3269369748902686,6.732843480560611,2.732536585586884,3.40843055341633e-05,negative_hard,10.0,1,1,0,1,0,0,1,0,0,0,-1,0,0,0,0,0,0,0,0,0
sim_0000_n2_seed256,256,0.001,2,743.65,1,body_1,9.897616233308575,3.6886825746214664,4.658637256597819e-05,1.8740885630848802e-05,0.8067839266892812,0.32795035457244887,0,6.727013956525276,2.734721598883379,-24.59975964664474,-1.032648169114404e-08,143.24638548065766,-2.2420483105797076e-14,6.727013956525276,0-1,0,743.65,743650,,,,,0,0.8067839266892812,0.32798783095767087,6.727013956525276,2.734721598883379,3.413059791224967e-05,negative_hard,10.0,1,1,0,1,0,0,1,1,0,0,-1,0,0,0,0,0,0,0,0,0
sim_0000_n2_seed256,256,0.001,2,744.0,1,body_1,9.897616233308575,3.6886825746214664,4.669551399278382e-05,1.8735110089909874e-05,0.8046966034335592,0.32638629732622937,0,6.735732993477967,2.7314542979187246,-24.599759643338995,-1.019210057050197e-08,143.24638548065752,-2.3412539880389866e-14,6.735732993477967,0-1,0,744.0,744000,,,,,0,0.8046966034335592,0.3264258238015297,6.735732993477967,2.7314542979187246,3.421055831835672e-05,negative_baseline,20.0,1,1,0,1,0,0,1,0,0,0,-1,0,0,0,0,0,0,0,0,0
sim_0000_n2_seed256,256,0.001,2,744.15,1,body_1,9.897616233308575,3.6886825746214664,4.6758228509824115e-05,1.872310124325978e-05,0.8030451965400514,0.3251500355180373,0,6.742655221002958,2.728863559612652,-24.599759640738377,-1.0086383341898275e-08,143.24638548065738,-2.440459665498266e-14,6.742655221002958,0-1,0,744.15,744150,,,,,0,0.8030451965400514,0.3251901805917875,6.742655221002958,2.728863559612652,3.4256504915535386e-05,negative_hard,10.0,1,1,0,1,0,0,1,0,0,0,-1,0,0,0,0,0,0,0,0,0
sim_0000_n2_seed256,256,0.001,2,745.0,1,body_1,9.897616233308575,3.6886825746214664,4.728138616548679e-05,1.8553270500688008e-05,0.7858625736170385,0.3123489124632957,0,6.8159695925313315,2.701598581920679,-24.599759614443848,-9.017489585622653e-09,143.24638548065735,-2.4603008009901216e-14,6.8159695925313315,0-1,0,745.0,745000,,,,,0,0.7858625736170385,0.31238965653076634,6.8159695925313315,2.701598581920679,3.4639786339752716e-05,negative_baseline,20.0,1,1,0,0,0,0,0,0,0,0,-1,0,0,0,0,0,0,0,0,0
sim_0000_n2_seed256,256,0.001,2,746.0,1,body_1,9.897616233308575,3.6886825746214664,4.8199345547924256e-05,1.8170167892949096e-05,0.7525475978037146,0.28786806500829004,0,6.965205920097623,2.6470504011109495,-24.59975956733516,-7.102483517725902e-09,143.24638548065764,-2.2618894460715635e-14,6.965205920097623,0-1,0,746.0,746000,,,,,0,0.7525475978037146,0.28790447925612467,6.965205920097623,2.6470504011109495,3.5312311562499877e-05,negative_baseline,20.0,0,0,0,0,0,0,0,0,0,0,-1,0,0,0,0,0,0,0,1,0
sim_0000_n2_seed256,256,0.001,2,747.0,1,body_1,9.897616233308575,3.6886825746214664,4.932089714105045e-05,1.7667609814047693e-05,0.7123263306657057,0.2589592702774427,0,7.159149775882818,2.5779620690532994,-24.599759516949447,-5.054263825865444e-09,143.24638548065818,-1.884907871726303e-14,7.159149775882818,0-1,0,747.0,747000,,,,,0,0.7123263306657057,0.2589887601537271,7.159149775882818,2.5779620690532994,3.613399460553615e-05,negative_baseline,20.0,0,0,1,0,0,1,0,0,0,0,-1,0,0,0,0,0,0,0,0,0
sim_0000_n2_seed256,256,0.001,2,748.0,1,body_1,9.897616233308575,3.6886825746214664,5.050378704073973e-05,1.7131341955911147e-05,0.6721198921265648,0.23083821825073575,0,7.3701711450166485,2.504934376519256,-24.599759473229835,-3.2770264097942985e-09,143.24638548065806,-1.964272413693726e-14,7.3701711450166485,0-1,0,748.0,748000,,,,,0,0.6721198921265648,0.23086060102553393,7.3701711450166485,2.504934376519256,3.700061590665983e-05,negative_baseline,20.0,0,0,0,0,0,1,0,0,0,0,-1,0,0,0,0,0,0,0,0,0
sim_0000_n2_seed256,256,0.001,2,749.0,1,body_1,9.897616233308575,3.6886825746214664,5.161647837730778e-05,1.663116738487192e-05,0.6366623667684335,0.20674149844387943,0,7.57262337463394,2.4368056666921127,-24.599759439804107,-1.9182436904271266e-09,143.24638548065786,-2.103160362136717e-14,7.57262337463394,0-1,0,749.0,749000,,,,,0,0.6366623667684335,0.20675770393970358,7.57262337463394,2.4368056666921127,3.781580754152665e-05,negative_baseline,20.0,0,0,0,0,0,0,0,0,0,0,-1,0,0,0,0,0,0,0,1,0
sim_0000_n2_seed256,256,0.001,2,750.0,1,body_1,9.897616233308575,3.6886825746214664,5.255167860762996e-05,1.6215640213939503e-05,0.6085397625316052,0.1881317850951254,0,7.7456249997726365,2.3799724621414513,-24.599759416477976,-9.700177347048403e-10,143.2463854806578,-2.1428426331204285e-14,7.7456249997726365,0-1,0,750.0,750000,,,,,0,0.6085397625316052,0.18814294678325624,7.7456249997726365,2.3799724621414513,3.8500963726348474e-05,negative_baseline,20.0,0,0,0,0,0,0,0,0,0,0,-1,0,0,0,0,0,0,0,1,0
sim_0000_n2_seed256,256,0.001,2,751.0,1,body_1,9.897616233308575,3.6886825746214664,5.323089851376517e-05,1.5915101044328137e-05,0.5888840361910265,0.17540233562216817,0,7.873830412748305,2.338623705260116,-24.59975940174738,-3.7120718639719307e-10,143.24638548065758,-2.301571717055275e-14,7.873830412748305,0-1,0,751.0,751000,,,,,0,0.5888840361910265,0.1754094067498687,7.873830412748305,2.338623705260116,3.8998580874507425e-05,negative_baseline,20.0,0,0,0,0,0,0,0,0,0,0,-1,0,0,0,0,0,0,0,1,0
sim_0000_n2_seed256,256,0.001,2,752.0,1,body_1,9.897616233308575,3.6886825746214664,5.3604123875422775e-05,1.5746857658964347e-05,0.5780641275172939,0.16849575179637602,0,7.947177948732124,2.315246981049259,-24.599759394165677,-6.300481610665954e-11,143.24638548065772,-2.202366039595996e-14,7.947177948732124,0-1,0,752.0,752000,,,,,0,0.5780641275172939,0.16849942625006462,7.947177948732124,2.315246981049259,3.927201705198203e-05,negative_baseline,20.0,0,0,0,0,0,0,0,0,0,0,-1,0,0,0,0,0,0,0,1,0
sim_0000_n2_seed256,256,0.001,2,753.0,1,body_1,9.897616233308575,3.6886825746214664,5.364795998546973e-05,1.5719453535858456e-05,0.5761500126137665,0.1672814917009144,0,7.960368262018439,2.3110640026564373,-24.59975939286235,-1.0023516447529348e-11,143.2463854806578,-2.1428426331204285e-14,7.960368262018439,0-1,0,753.0,753000,,,,,0,0.5761500126137665,0.16728225420061937,7.960368262018439,2.3110640026564373,3.93041325913517e-05,negative_baseline,20.0,0,0,0,0,0,0,0,0,0,0,-1,0,0,0,0,0,0,0,1,0
sim_0000_n2_seed256,256,0.001,2,754.0,1,body_1,9.897616233308575,3.6886825746214664,5.336421519293555e-05,1.5835162659423626e-05,0.5831448516481219,0.17172987461633749,0,7.912481807414661,2.3262802966059333,-24.599759397680224,-2.0587397265638276e-10,143.2463854806576,-2.2817305815634194e-14,7.912481807414661,0-1,0,754.0,754000,,,,,0,0.5831448516481219,0.17172810997386703,7.912481807414661,2.3262802966059333,3.909625235421243e-05,negative_baseline,20.0,0,0,0,0,0,0,0,0,0,0,-1,0,0,0,0,0,0,0,1,0
sim_0000_n2_seed256,256,0.001,2,755.0,1,body_1,9.897616233308575,3.6886825746214664,5.277975831597936e-05,1.609065619852261e-05,0.5990238149224744,0.1819399480216497,0,7.806905152040904,2.360129421646808,-24.599759409189595,-6.737391680085343e-10,143.24638548065766,-2.2420483105797076e-14,7.806905152040904,0-1,0,755.0,755000,,,,,0,0.5990238149224744,0.1819361093023187,7.806905152040904,2.360129421646808,3.8668061268256564e-05,negative_baseline,20.0,0,0,0,0,0,0,0,0,0,0,-1,0,0,0,0,0,0,0,1,0
sim_0000_n2_seed256,256,0.001,2,756.0,1,body_1,9.897616233308575,3.6886825746214664,5.194765932482633e-05,1.647583756940338e-05,0.623588811933402,0.19803331152614376,0,7.651591746032438,2.4107112780593805,-24.59975942862212,-1.463687004031913e-09,143.24638548065775,-2.18252490410414e-14,7.651591746032438,0-1,0,756.0,756000,,,,,0,0.623588811933402,0.19802818257635948,7.651591746032438,2.4107112780593805,3.805844002459352e-05,negative_baseline,20.0,0,0,0,0,0,0,0,0,0,0,-1,0,0,0,0,0,0,0,1,0
sim_0000_n2_seed256,256,0.001,2,757.0,1,body_1,9.897616233308575,3.6886825746214664,5.094881089746918e-05,1.697071810851358e-05,0.6561087311778064,0.21987233178727536,0,7.4595570334416506,2.474630486429419,-24.59975945756276,-2.6401472955622006e-09,143.24638548065795,-2.0436369556611495e-14,7.4595570334416506,0-1,0,757.0,757000,,,,,0,0.6561087311778064,0.21986741054319198,7.4595570334416506,2.474630486429419,3.732665308020315e-05,negative_baseline,20.0,0,0,0,0,1,0,0,0,0,0,-1,0,0,0,0,0,0,0,0,0
sim_0000_n2_seed256,256,0.001,2,757.0500000000001,1,body_1,9.897616233308575,3.6886825746214664,5.0896331440068996e-05,1.699779493720609e-05,0.6579168435488348,0.221103795526162,0,7.44929966041003,2.4780896834822146,-24.599759459284016,-2.710117664896737e-09,143.246385480658,-2.003954684677438e-14,7.44929966041003,0-1,0,757.0500000000001,757050,,,,,0,0.6579168435488348,0.22109894287311735,7.44929966041003,2.4780896834822146,3.728820502365882e-05,negative_hard,10.0,0,0,0,0,1,0,0,0,0,0,-1,0,0,0,0,0,0,0,0,0
sim_0000_n2_seed256,256,0.001,2,757.5500000000001,1,body_1,9.897616233308575,3.6886825746214664,5.036676488913339e-05,1.7277803665377574e-05,0.6767772900296364,0.23405353390569472,0,7.344767604244026,2.5136134223686164,-24.599759477969368,-3.4696922458578527e-09,143.246385480658,-2.003954684677438e-14,7.344767604244026,0-1,0,757.5500000000001,757550,,,,,0,0.6767772900296364,0.2340497633842148,7.344767604244026,2.5136134223686164,3.6900228371064635e-05,negative_hard,10.0,0,0,1,0,1,0,0,0,0,0,-1,0,0,0,0,0,0,0,0,0
sim_0000_n2_seed256,256,0.001,2,758.0,1,body_1,9.897616233308575,3.6886825746214664,4.989212669789895e-05,1.754042678711562e-05,0.6947166731070301,0.24654282365929137,0,7.249316920813851,2.5464952146513515,-24.599759497011476,-4.243769261436475e-09,143.246385480658,-2.003954684677438e-14,7.249316920813851,0-1,0,758.0,758000,,,,,0,0.6947166731070301,0.2465407374855641,7.249316920813851,2.5464952146513515,3.655249392567441e-05,negative_baseline,20.0,0,0,1,0,1,0,0,0,0,0,-1,0,0,0,0,0,0,0,0,0
sim_0000_n2_seed256,256,0.001,2,758.0500000000001,1,body_1,9.897616233308575,3.6886825746214664,4.984007484481474e-05,1.7569983242518075e-05,0.696749440518319,0.24796830578520077,0,7.238734250600296,2.550167708323684,-24.59975949924923,-4.334735796294744e-09,143.24638548065798,-2.0237958201692936e-14,7.238734250600296,0-1,0,758.0500000000001,758050,,,,,0,0.696749440518319,0.24796645351983512,7.238734250600296,2.550167708323684,3.651435914772829e-05,negative_hard,10.0,0,0,1,0,1,0,0,0,0,0,-1,0,0,0,0,0,0,0,0,0
sim_0000_n2_seed256,256,0.001,2,758.5500000000001,1,body_1,9.897616233308575,3.6886825746214664,4.9333622718229483e-05,1.7866582809977306e-05,0.717283413765438,0.26248162688189275,0,7.134368757005289,2.5866812010265,-24.599759522790304,-5.291699346838614e-09,143.24638548065803,-1.984113549185582e-14,7.134368757005289,0-1,0,758.5500000000001,758550,,,,,0,0.717283413765438,0.2624826735066396,7.134368757005289,2.5866812010265,3.6143316853702194e-05,negative_hard,10.0,0,0,1,0,1,0,0,0,0,0,-1,0,0,0,0,0,0,0,0,0
sim_0000_n2_seed256,256,0.001,2,759.0,1,body_1,9.897616233308575,3.6886825746214664,4.8910017492781296e-05,1.812971200234982e-05,0.7356655309035791,0.2756442288714106,0,7.0446714522425475,2.618503996955793,-24.59975954534626,-6.2086170680954055e-09,143.2463854806579,-2.083319226644861e-14,7.0446714522425475,0-1,0,759.0,759000,,,,,0,0.7356655309035791,0.2756487915434349,7.0446714522425475,2.618503996955793,3.583297074303113e-05,negative_baseline,20.0,0,0,1,0,0,0,0,0,0,0,-1,0,0,0,0,0,0,0,0,0
sim_0000_n2_seed256,256,0.001,2,760.0,1,body_1,9.897616233308575,3.6886825746214664,4.8145024312997776e-05,1.8661196968190293e-05,0.7728965201972351,0.30276639168020275,0,6.872903898801581,2.6806403537897583,-24.599759595511035,-8.247855527467729e-09,143.24638548065832,-1.785702194267024e-14,6.872903898801581,0-1,0,760.0,760000,,,,,0,0.7728965201972351,0.30278158198767496,6.872903898801581,2.6806403537897583,3.527251345474965e-05,negative_baseline,20.0,0,0,0,0,0,0,0,0,0,0,-1,0,0,0,0,0,0,0,1,0
sim_0000_n2_seed256,256,0.001,2,761.0,1,body_1,9.897616233308575,3.6886825746214664,4.7725398297311095e-05,1.904480547204366e-05,0.7988030853780217,0.32197906999483344,0,6.760535233745687,2.722184933014923,-24.599759634117056,-9.817221344205707e-09,143.2463854806583,-1.8055433297588796e-14,6.760535233745687,0-1,0,761.0,761000,,,,,0,0.7988030853780217,0.32200665894736064,6.760535233745687,2.722184933014923,3.4965082757645465e-05,negative_baseline,20.0,1,1,0,1,0,0,1,0,0,0,-1,0,0,0,0,0,0,0,0,0
sim_0000_n2_seed256,256,0.001,2,761.35,1,body_1,9.897616233308575,3.6886825746214664,4.767741577809979e-05,1.912874787736698e-05,0.8038747345872101,0.32577090881102905,0,6.739175367418812,2.7301655844391237,-24.59975964204286,-1.0139411578274433e-08,143.24638548065835,-1.765861058775168e-14,6.739175367418812,0-1,0,761.35,761350,,,,,0,0.8038747345872101,0.3258024667673313,6.739175367418812,2.7301655844391237,3.492992935746276e-05,negative_hard,10.0,1,1,0,1,0,0,1,0,0,0,-1,0,0,0,0,0,0,0,0,0
sim_0000_n2_seed256,256,0.001,2,761.85,1,body_1,9.897616233308575,3.6886825746214664,4.770404158239905e-05,1.9195744506909236e-05,0.8068995897533089,0.3280370699418081,0,6.7265318054990635,2.7349024093266676,-24.59975964682846,-1.033395011713714e-08,143.2463854806582,-1.865066736234447e-14,6.7265318054990635,0-1,0,761.85,761850,,,,,0,0.8068995897533089,0.3280733475815614,6.7265318054990635,2.7349024093266676,3.4949436324870095e-05,negative_hard,10.0,1,1,0,1,0,0,1,1,0,0,-1,0,0,0,0,0,0,0,0,0
sim_0000_n2_seed256,256,0.001,2,762.0,1,body_1,9.897616233308575,3.6886825746214664,4.773401169609531e-05,1.9203194774973035e-05,0.8068042180304251,0.32796556711610775,0,6.726929362896311,2.7347533211522834,-24.59975964667689,-1.0327788698187482e-08,143.24638548065823,-1.845225600742591e-14,6.726929362896311,0-1,0,762.0,762000,,,,,0,0.8068042180304251,0.32800298063793537,6.726929362896311,2.7347533211522834,3.497139337291853e-05,negative_baseline,20.0,1,1,0,1,0,0,1,1,0,0,-1,0,0,0,0,0,0,0,0,0
sim_0000_n2_seed256,256,0.001,2,762.35,1,body_1,9.897616233308575,3.6886825746214664,4.78428758743086e-05,1.9197597719916913e-05,0.804780509067041,0.32644913739093556,0,6.73538185383859,2.7315857930893497,-24.59975964347127,-1.0197477640804893e-08,143.24638548065832,-1.785702194267024e-14,6.73538185383859,0-1,0,762.35,762350,,,,,0,0.804780509067041,0.32648862219849484,6.73538185383859,2.7315857930893497,3.50511506604773e-05,negative_hard,10.0,1,1,0,1,0,0,1,0,0,0,-1,0,0,0,0,0,0,0,0,0
sim_0000_n2_seed256,256,0.001,2,763.0,1,body_1,9.897616233308575,3.6886825746214664,4.818345091228334e-05,1.9104039224947636e-05,0.7946422592992737,0.31887554202616347,0,6.778211543409247,2.7156010104816684,-24.599759627705506,-9.556586664842432e-09,143.2463854806585,-1.666655381315889e-14,6.778211543409247,0-1,0,763.0,763000,,,,,0,0.7946422592992737,0.318916613483508,6.778211543409247,2.7156010104816684,3.5300666453563815e-05,negative_baseline,20.0,1,1,0,0,0,0,0,0,0,0,-1,0,0,0,0,0,0,0,0,0
sim_0000_n2_seed256,256,0.001,2,764.0,1,body_1,9.897616233308575,3.6886825746214664,4.901137659301912e-05,1.877584651314613e-05,0.7657062967923335,0.2974821485042732,0,6.905097864177251,2.6688707541579118,-24.59975958534302,-7.834517510602666e-09,143.24638548065815,-1.9047490072181586e-14,6.905097864177251,0-1,0,764.0,764000,,,,,0,0.7657062967923335,0.2975205758422567,6.905097864177251,2.6688707541579118,3.590723025368989e-05,negative_baseline,20.0,0,0,0,0,0,0,0,0,0,0,-1,0,0,0,0,0,0,0,1,0
sim_0000_n2_seed256,256,0.001,2,765.0,1,body_1,9.897616233308575,3.6886825746214664,5.009916056401406e-05,1.8293466970099178e-05,0.7270806421722085,0.2694774496823959,0,7.086138823961539,2.6037404627387577,-24.599759534634757,-5.773185866314123e-09,143.24638548065795,-2.0436369556611495e-14,7.086138823961539,0-1,0,765.0,765000,,,,,0,0.7270806421722085,0.2695095434695008,7.086138823961539,2.6037404627387577,3.67041741240259e-05,negative_baseline,20.0,0,0,1,0,0,0,0,0,0,0,-1,0,0,0,0,0,0,0,0,0
sim_0000_n2_seed256,256,0.001,2,766.0,1,body_1,9.897616233308575,3.6886825746214664,5.130280324728998e-05,1.7746488763395658e-05,0.6861990710650118,0.24059243862784996,0,7.294170060178852,2.5309898263298143,-24.59975948781316,-3.869850288160307e-09,143.24638548065798,-2.0237958201692936e-14,7.294170060178852,0-1,0,766.0,766000,,,,,0,0.6861990710650118,0.24061729759729006,7.294170060178852,2.5309898263298143,3.758599956563916e-05,negative_baseline,20.0,0,0,1,0,0,1,0,0,0,0,-1,0,0,0,0,0,0,0,0,0
sim_0000_n2_seed256,256,0.001,2,767.0,1,body_1,9.897616233308575,3.6886825746214664,5.2481379926888406e-05,1.7213542847728302e-05,0.6486399596894978,0.2148044226329996,0,7.502380686022708,2.460238944355091,-24.5997594505801,-2.3562964161700198e-09,143.24638548065792,-2.0634780911530054e-14,7.502380686022708,0-1,0,767.0,767000,,,,,0,0.6486399596894978,0.21482271269770825,7.502380686022708,2.460238944355091,3.8449460828752434e-05,negative_baseline,20.0,0,0,0,0,0,0,0,0,0,0,-1,0,0,0,0,0,0,0,1,0
sim_0000_n2_seed256,256,0.001,2,768.0,1,body_1,9.897616233308575,3.6886825746214664,5.3515000496981286e-05,1.675203506088621e-05,0.6176954136613156,0.19413995019015529,0,7.688006803594256,2.3987650972199637,-24.5997594237748,-1.2666394449078004e-09,143.24638548065806,-1.964272413693726e-14,7.688006803594256,0-1,0,768.0,768000,,,,,0,0.6176954136613156,0.19415279929666449,7.688006803594256,2.3987650972199637,3.9206722769522106e-05,negative_baseline,20.0,0,0,0,0,0,0,0,0,0,0,-1,0,0,0,0,0,0,0,1,0
sim_0000_n2_seed256,256,0.001,2,769.0,1,body_1,9.897616233308575,3.6886825746214664,5.431236519930488e-05,1.6399086029428468e-05,0.5949312022578477,0.17929371725869997,0,7.833711511135326,2.351495022570381,-24.59975940614573,-5.500035836301377e-10,143.24638548065846,-1.6864965168077446e-14,7.833711511135326,0-1,0,769.0,769000,,,,,0,0.5949312022578477,0.17930216341655414,7.833711511135326,2.351495022570381,3.9790896407202715e-05,negative_baseline,20.0,0,0,0,0,0,0,0,0,0,0,-1,0,0,0,0,0,0,0,1,0
sim_0000_n2_seed256,256,0.001,2,770.0,1,body_1,9.897616233308575,3.6886825746214664,5.481178505388656e-05,1.617658445130506e-05,0.5809236142665181,0.17031397993948072,0,7.927594579066446,2.3214690380444116,-24.599759396133614,-1.4300303450875873e-10,143.2463854806583,-1.8055433297588796e-14,7.927594579066446,0-1,0,770.0,770000,,,,,0,0.5809236142665181,0.17031880864251814,7.927594579066446,2.3214690380444116,4.015678652242457e-05,negative_baseline,20.0,0,0,0,0,0,0,0,0,0,0,-1,0,0,0,0,0,0,0,1,0
sim_0000_n2_seed256,256,0.001,2,771.0,1,body_1,9.897616233308575,3.6886825746214664,5.497954846705815e-05,1.609607682760364e-05,0.5758120217281731,0.16706731753113976,0,7.962704212910287,2.3103238710072667,-24.599759392633274,-7.114162095026232e-13,143.24638548065806,-1.964272413693726e-14,7.962704212910287,0-1,0,771.0,771000,,,,,0,0.5758120217281731,0.16706907853991107,7.962704212910287,2.3103238710072667,4.027969498415391e-05,negative_baseline,20.0,0,0,0,0,0,0,0,0,0,0,-1,0,0,0,0,0,0,0,1,0
sim_0000_n2_seed256,256,0.001,2,772.0,1,body_1,9.897616233308575,3.6886825746214664,5.4808159692947445e-05,1.6161995462836568e-05,0.579609661067486,0.16947786062841744,0,7.936575270894708,2.318613940794396,-24.599759395226148,-1.0611380775742995e-10,143.24638548065812,-1.9245901427100145e-14,7.936575270894708,0-1,0,772.0,772000,,,,,0,0.579609661067486,0.16947695887145853,7.936575270894708,2.318613940794396,4.015413019082956e-05,negative_baseline,20.0,0,0,0,0,0,0,0,0,0,0,-1,0,0,0,0,0,0,0,1,0
sim_0000_n2_seed256,256,0.001,2,773.0,1,body_1,9.897616233308575,3.6886825746214664,5.431567993792968e-05,1.6373000944232343e-05,0.5923085591522324,0.1776032935717905,0,7.851035536672809,2.3459295003958744,-24.59975940422382,-4.718764793998444e-10,143.24638548065795,-2.0436369556611495e-14,7.851035536672809,0-1,0,773.0,773000,,,,,0,0.5923085591522324,0.17760013327049817,7.851035536672809,2.3459295003958744,3.979332434282636e-05,negative_baseline,20.0,0,0,0,0,0,0,0,0,0,0,-1,0,0,0,0,0,0,0,1,0
sim_0000_n2_seed256,256,0.001,2,774.0,1,body_1,9.897616233308575,3.6886825746214664,5.3546467974328876e-05,1.6721465693226062e-05,0.6138020572580889,0.19157900025814892,0,7.712350836883155,2.3908088816800093,-24.599759420637305,-1.1390977982506315e-09,143.24638548065815,-1.9047490072181586e-14,7.712350836883155,0-1,0,774.0,774000,,,,,0,0.6138020572580889,0.19157420869536174,7.712350836883155,2.3908088816800093,3.922977604363873e-05,negative_baseline,20.0,0,0,0,0,0,0,0,0,0,0,-1,0,0,0,0,0,0,0,1,0
sim_0000_n2_seed256,256,0.001,2,775.0,1,body_1,9.897616233308575,3.6886825746214664,5.2572821515966024e-05,1.7191003299881166e-05,0.643607047282854,0.21140668325845402,0,7.531657319254236,2.450446281258784,-24.599759445989093,-2.1696683749644994e-09,143.2463854806584,-1.7261787877914565e-14,7.531657319254236,0-1,0,775.0,775000,,,,,0,0.643607047282854,0.21140145159000462,7.531657319254236,2.450446281258784,3.851645281666386e-05,negative_baseline,20.0,0,0,0,0,0,0,0,0,0,0,-1,0,0,0,0,0,0,0,1,0
sim_0000_n2_seed256,256,0.001,2,775.25,1,body_1,9.897616233308575,3.6886825746214664,5.2308709550260826e-05,1.7324205456072567e-05,0.652225193926562,0.21723335868849228,0,7.48173225194707,2.467168076619472,-24.599759453906294,-2.491508966596521e-09,143.2463854806583,-1.8055433297588796e-14,7.48173225194707,0-1,0,775.25,775250,,,,,0,0.652225193926562,0.21722831044237226,7.48173225194707,2.467168076619472,3.832295630648656e-05,negative_hard,10.0,0,0,0,0,1,0,0,0,0,0,-1,0,0,0,0,0,0,0,0,0
sim_0000_n2_seed256,256,0.001,2,775.75,1,body_1,9.897616233308575,3.6886825746214664,5.176829739712359e-05,1.760544528172046e-05,0.670640923864215,0.22981956748598484,0,7.378293409738207,2.502165721799769,-24.59975947174202,-3.216545489277827e-09,143.2463854806583,-1.8055433297588796e-14,7.378293409738207,0-1,0,775.75,775750,,,,,0,0.670640923864215,0.2298153702141849,7.378293409738207,2.502165721799769,3.7927033832321925e-05,negative_hard,10.0,0,0,0,0,1,0,0,0,0,0,-1,0,0,0,0,0,0,0,0,0
sim_0000_n2_seed256,256,0.001,2,776.0,1,body_1,9.897616233308575,3.6886825746214664,5.149602502822926e-05,1.7751980064514624e-05,0.6803475739233763,0.23652599438759997,0,7.32547055684628,2.5202262822621657,-24.599759481658865,-3.619673253771918e-09,143.24638548065832,-1.785702194267024e-14,7.32547055684628,0-1,0,776.0,776000,,,,,0,0.6803475739233763,0.23652250634968472,7.32547055684628,2.5202262822621657,3.7727558771097005e-05,negative_baseline,20.0,0,0,1,0,1,0,0,0,0,0,-1,0,0,0,0,0,0,0,0,0
sim_0000_n2_seed256,256,0.001,2,776.25,1,body_1,9.897616233308575,3.6886825746214664,5.1225208939723526e-05,1.7901307371780867e-05,0.6903122094197401,0.2434612934889828,0,7.272406896677279,2.538501125212299,-24.599759492219025,-4.0489522795262815e-09,143.2463854806584,-1.7261787877914565e-14,7.272406896677279,0-1,0,776.25,776250,,,,,0,0.6903122094197401,0.24345873136055665,7.272406896677279,2.538501125212299,3.752915062977178e-05,negative_hard,10.0,0,0,1,0,1,0,0,0,0,0,-1,0,0,0,0,0,0,0,0,0
sim_0000_n2_seed256,256,0.001,2,776.75,1,body_1,9.897616233308575,3.6886825746214664,5.0696877496578543e-05,1.8204323088734894e-05,0.7107365716201081,0.25783212929252725,0,7.167152013496123,2.5751531129478686,-24.59975951509758,-4.978983975100507e-09,143.24638548065855,-1.626973110332177e-14,7.167152013496123,0-1,0,776.75,776750,,,,,0,0.7107365716201081,0.2578321416365379,7.167152013496123,2.5751531129478686,3.7142078878105895e-05,negative_hard,10.0,0,0,1,0,1,0,0,0,0,0,-1,0,0,0,0,0,0,0,0,0
sim_0000_n2_seed256,256,0.001,2,777.0,1,body_1,9.897616233308575,3.6886825746214664,5.04439501882268e-05,1.8355765310829198e-05,0.7210325667388741,0.26515342457570007,0,7.115796294434512,2.5932362963644096,-24.59975952727521,-5.474014409221441e-09,143.2463854806586,-1.5872908393484655e-14,7.115796294434512,0-1,0,777.0,777000,,,,,0,0.7210325667388741,0.26515511285303606,7.115796294434512,2.5932362963644096,3.695677661344556e-05,negative_baseline,20.0,0,0,1,0,1,0,0,0,0,0,-1,0,0,0,0,0,0,0,0,0
sim_0000_n2_seed256,256,0.001,2,778.0,1,body_1,9.897616233308575,3.6886825746214664,4.9561113467100945e-05,1.8930842494768255e-05,0.7604289171067843,0.29361748188621983,0,6.929017139178488,2.6601637364496202,-24.59975957802796,-7.537154489111972e-09,143.24638548065852,-1.646814245824033e-14,6.929017139178488,0-1,0,778.0,778000,,,,,0,0.7604289171067843,0.2936284785379396,6.929017139178488,2.6601637364496202,3.6309983532529434e-05,negative_baseline,20.0,0,0,0,0,0,0,0,0,0,0,-1,0,0,0,0,0,0,0,1,0
sim_0000_n2_seed256,256,0.001,2,779.0,1,body_1,9.897616233308575,3.6886825746214664,4.898772154598709e-05,1.9387467193312336e-05,0.7912839078006542,0.3163754528659238,0,6.79258028929634,2.7102626055842864,-24.59975962258993,-9.348634334355973e-09,143.2463854806585,-1.666655381315889e-14,6.79258028929634,0-1,0,779.0,779000,,,,,0,0.7912839078006542,0.3163986393304593,6.79258028929634,2.7102626055842864,3.5889899230039384e-05,negative_baseline,20.0,1,1,0,0,0,0,0,0,0,0,-1,0,0,0,0,0,0,0,0,0
sim_0000_n2_seed256,256,0.001,2,779.5500000000001,1,body_1,9.897616233308575,3.6886825746214664,4.884481030602425e-05,1.9555335256483665e-05,0.8018626687105889,0.3242654134854534,0,6.747625174264838,2.7270052507396776,-24.599759638883768,-1.0010991998377808e-08,143.2463854806581,-1.9444312782018705e-14,6.747625174264838,0-1,0,779.5500000000001,779550,,,,,0,0.8018626687105889,0.32429522282146594,6.747625174264838,2.7270052507396776,3.5785198185595224e-05,negative_hard,10.0,1,1,0,1,0,0,1,0,0,0,-1,0,0,0,0,0,0,0,0,0
sim_0000_n2_seed256,256,0.001,2,780.0,1,body_1,9.897616233308575,3.6886825746214664,4.882920536014796e-05,1.96379703960067e-05,0.8062570627402681,0.3275554151892828,0,6.729211544913311,2.7338976627080602,-24.59975964580819,-1.0292475389763011e-08,143.24638548065806,-1.964272413693726e-14,6.729211544913311,0-1,0,780.0,780000,,,,,0,0.8062570627402681,0.32758988354997043,6.729211544913311,2.7338976627080602,3.5773765611123576e-05,negative_baseline,20.0,1,1,0,1,0,0,1,0,0,0,-1,0,0,0,0,0,0,0,0,0
sim_0000_n2_seed256,256,0.001,2,780.0500000000001,1,body_1,9.897616233308575,3.6886825746214664,4.8833235199979594e-05,1.9643904780102817e-05,0.8064927596386818,0.32773208174907553,0,6.728228169570707,2.7342663212571603,-24.59975964618218,-1.0307678264619267e-08,143.24638548065812,-1.9245901427100145e-14,6.728228169570707,0-1,0,780.0500000000001,780050,,,,,0,0.8064927596386818,0.32776700602705505,6.728228169570707,2.7342663212571603,3.5776718004641295e-05,negative_hard,10.0,1,1,0,1,0,0,1,0,0,0,-1,0,0,0,0,0,0,0,0,0
sim_0000_n2_seed256,256,0.001,2,780.5500000000001,1,body_1,9.897616233308575,3.6886825746214664,4.893689781409636e-05,1.96664484000792e-05,0.8060095888146444,0.32736994348908244,0,6.730244520583216,2.7335104719424934,-24.599759645415787,-1.0276523838164962e-08,143.24638548065806,-1.964272413693726e-14,6.730244520583216,0-1,0,780.5500000000001,780550,,,,,0,0.8060095888146444,0.32740859145853296,6.730244520583216,2.7335104719424934,3.585266450200648e-05,negative_hard,10.0,1,1,0,1,0,0,1,0,0,0,-1,0,0,0,0,0,0,0,0,0
sim_0000_n2_seed256,256,0.001,2,781.0,1,body_1,9.897616233308575,3.6886825746214664,4.9126540432268574e-05,1.9629592386982652e-05,0.8012249770013052,0.32378859043855995,0,6.750309843944969,2.7260020414620705,-24.599759637886667,-9.970459038178296e-09,143.24638548065806,-1.964272413693726e-14,6.750309843944969,0-1,0,781.0,781000,,,,,0,0.8012249770013052,0.323829149328921,6.750309843944969,2.7260020414620705,3.599160256612864e-05,negative_baseline,20.0,1,1,0,1,0,0,1,0,0,0,-1,0,0,0,0,0,0,0,0,0
sim_0000_n2_seed256,256,0.001,2,781.0500000000001,1,body_1,9.897616233308575,3.6886825746214664,4.915303381611578e-05,1.962223284469897e-05,0.8004494834598982,0.3232089362563577,0,6.753578978665559,2.7247810077672496,-24.599759636676616,-9.921269503151828e-09,143.246385480658,-2.003954684677438e-14,6.753578978665559,0-1,0,781.0500000000001,781050,,,,,0,0.8004494834598982,0.3232496196800581,6.753578978665559,2.7247810077672496,3.601101243804294e-05,negative_hard,10.0,1,1,0,1,0,0,1,0,0,0,-1,0,0,0,0,0,0,0,0,0
sim_0000_n2_seed256,256,0.001,2,782.0,1,body_1,9.897616233308575,3.6886825746214664,4.9842772599538316e-05,1.936947529780398e-05,0.7776155099994011,0.30624606754641265,0,6.85201792215884,2.688307227018537,-24.599759602312194,-8.524328099363507e-09,143.246385480658,-2.003954684677438e-14,6.85201792215884,0-1,0,782.0,782000,,,,,0,0.7776155099994011,0.30628603334171156,6.85201792215884,2.688307227018537,3.651633630768649e-05,negative_baseline,20.0,1,1,0,0,0,0,0,0,0,0,-1,0,0,0,0,0,0,0,0,0
sim_0000_n2_seed256,256,0.001,2,783.0,1,body_1,9.897616233308575,3.6886825746214664,5.087410266976862e-05,1.8920728907788364e-05,0.7415641497419416,0.27990082408305345,0,7.016597822414775,2.628550319182085,-24.599759552888443,-6.515212902877513e-09,143.24638548065835,-1.765861058775168e-14,7.016597822414775,0-1,0,783.0,783000,,,,,0,0.7415641497419416,0.27993541916380654,7.016597822414775,2.628550319182085,3.7271920347800164e-05,negative_baseline,20.0,0,0,1,0,0,0,0,0,0,0,-1,0,0,0,0,0,0,0,0,0
sim_0000_n2_seed256,256,0.001,2,784.0,1,body_1,9.897616233308575,3.6886825746214664,5.207880797096594e-05,1.8373453850950367e-05,0.700728744221748,0.2507647517864396,0,7.218151297877138,2.557326218196672,-24.599759503677532,-4.514749804177774e-09,143.24638548065806,-1.964272413693726e-14,7.218151297877138,0-1,0,784.0,784000,,,,,0,0.700728744221748,0.25079218341410575,7.218151297877138,2.557326218196672,3.8154524315396697e-05,negative_baseline,20.0,0,0,1,0,0,1,0,0,0,0,-1,0,0,0,0,0,0,0,0,0
sim_0000_n2_seed256,256,0.001,2,785.0,1,body_1,9.897616233308575,3.6886825746214664,5.3308723476741594e-05,1.7814183063891675e-05,0.6614858137104404,0.22353972863238353,0,7.429176563591901,2.4848896637224174,-24.599759462717,-2.8496712117554815e-09,143.2463854806583,-1.8055433297588796e-14,7.429176563591901,0-1,0,785.0,785000,,,,,0,0.6614858137104404,0.22356025340863192,7.429176563591901,2.4848896637224174,3.9055597983919324e-05,negative_baseline,20.0,0,0,0,0,0,1,0,0,0,0,-1,0,0,0,0,0,0,0,0,0
sim_0000_n2_seed256,256,0.001,2,786.0,1,body_1,9.897616233308575,3.6886825746214664,5.443188652897369e-05,1.7309743573175885e-05,0.6279137333013569,0.20090327991232834,0,7.625195036292129,2.419404903035315,-24.599759432254938,-1.6113639246121564e-09,143.24638548065855,-1.626973110332177e-14,7.625195036292129,0-1,0,786.0,786000,,,,,0,0.6279137333013569,0.2009179513916061,7.625195036292129,2.419404903035315,3.9878461488225936e-05,negative_baseline,20.0,0,0,0,0,0,0,0,0,0,0,-1,0,0,0,0,0,0,0,1,0
sim_0000_n2_seed256,256,0.001,2,787.0,1,body_1,9.897616233308575,3.6886825746214664,5.5343785400180746e-05,1.6905024008992384e-05,0.6021100742054999,0.18394217065880492,0,7.7868713667118215,2.3666004270208187,-24.599759411520445,-7.684901020454086e-10,143.2463854806585,-1.666655381315889e-14,7.7868713667118215,0-1,0,787.0,787000,,,,,0,0.6021100742054999,0.18395209274944277,7.7868713667118215,2.3666004270208187,4.05465463565374e-05,negative_baseline,20.0,0,0,0,0,0,0,0,0,0,0,-1,0,0,0,0,0,0,0,1,0
sim_0000_n2_seed256,256,0.001,2,788.0,1,body_1,9.897616233308575,3.6886825746214664,5.5970328577410046e-05,1.6627340954008765e-05,0.5849299144767223,0.17286994837332018,0,7.9003991037955075,2.3301329707602942,-24.599759398933614,-2.5682529540914495e-10,143.24638548065894,-1.3491972134461958e-14,7.9003991037955075,0-1,0,788.0,788000,,,,,0,0.5849299144767223,0.17287600127120709,7.9003991037955075,2.3301329707602942,4.1005570896945425e-05,negative_baseline,20.0,0,0,0,0,0,0,0,0,0,0,-1,0,0,0,0,0,0,0,1,0
sim_0000_n2_seed256,256,0.001,2,789.0,1,body_1,9.897616233308575,3.6886825746214664,5.6266785806517586e-05,1.6491798007194994e-05,0.5766216007818394,0.1675804415330568,0,7.957112415075437,2.312095926959563,-24.599759393182016,-2.3018199293373245e-11,143.2463854806588,-1.448402890905475e-14,7.957112415075437,0-1,0,789.0,789000,,,,,0,0.5766216007818394,0.16758325189859508,7.957112415075437,2.312095926959563,4.122276437176683e-05,negative_baseline,20.0,0,0,0,0,0,0,0,0,0,0,-1,0,0,0,0,0,0,0,1,0
sim_0000_n2_seed256,256,0.001,2,790.0,1,body_1,9.897616233308575,3.6886825746214664,5.621582962892124e-05,1.6505260924643296e-05,0.5772217131802115,0.1679610664158399,0,7.952975006966685,2.3134078115907286,-24.59975939359036,-3.9617766427766674e-11,143.2463854806585,-1.666655381315889e-14,7.952975006966685,0-1,0,790.0,790000,,,,,0,0.5772217131802115,0.16796107757645945,7.952975006966685,2.3134078115907286,4.118543216793975e-05,negative_baseline,20.0,0,0,0,0,0,0,0,0,0,0,-1,0,0,0,0,0,0,0,1,0
sim_0000_n2_seed256,256,0.001,2,791.0,1,body_1,9.897616233308575,3.6886825746214664,5.5826375040143015e-05,1.6668414790303318e-05,0.5867293433470567,0.17402118663061755,0,7.888275010298059,2.3340042839816073,-24.599759400207958,-3.086284112604955e-10,143.24638548065823,-1.845225600742591e-14,7.888275010298059,0-1,0,791.0,791000,,,,,0,0.5867293433470567,0.1740187823567563,7.888275010298059,2.3340042839816073,4.0900105694039985e-05,negative_baseline,20.0,0,0,0,0,0,0,0,0,0,0,-1,0,0,0,0,0,0,0,1,0
sim_0000_n2_seed256,256,0.001,2,792.0,1,body_1,9.897616233308575,3.6886825746214664,5.513383509136561e-05,1.6975914495271182e-05,0.6050939435498129,0.18588340381788146,0,7.767648135131666,2.372824284710646,-24.59975941380393,-8.613156197393903e-10,143.24638548065877,-1.4682440263973306e-14,7.767648135131666,0-1,0,792.0,792000,,,,,0,0.6050939435498129,0.18587909879519263,7.767648135131666,2.372824284710646,4.039272964323598e-05,negative_baseline,20.0,0,0,0,0,0,0,0,0,0,0,-1,0,0,0,0,0,0,0,1,0
sim_0000_n2_seed256,256,0.001,2,793.0,1,body_1,9.897616233308575,3.6886825746214664,5.4201583791389625e-05,1.7414585883511356e-05,0.6320138343076408,0.20363397199162336,0,7.600421100502235,2.427590403269802,-24.599759435759285,-1.7538184494246725e-09,143.2463854806586,-1.5872908393484655e-14,7.600421100502235,0-1,0,793.0,793000,,,,,0,0.6320138343076408,0.20362870797427196,7.600421100502235,2.427590403269802,3.9709733761740606e-05,negative_baseline,20.0,0,0,0,0,0,0,0,0,0,0,-1,0,0,0,0,0,0,0,1,0
sim_0000_n2_seed256,256,0.001,2,793.95,1,body_1,9.897616233308575,3.6886825746214664,5.317817879177216e-05,1.7930343065877657e-05,0.6646324087372225,0.22569305899367575,0,7.411569579935697,2.490854348384082,-24.59975946578311,-2.9743110139348717e-09,143.24638548065883,-1.428561755413619e-14,7.411569579935697,0-1,0,793.95,793950,,,,,0,0.6646324087372225,0.2256885142298303,7.411569579935697,2.490854348384082,3.8959955938392156e-05,negative_hard,10.0,0,0,0,0,1,0,0,0,0,0,-1,0,0,0,0,0,0,0,0,0
sim_0000_n2_seed256,256,0.001,2,794.0,1,body_1,9.897616233308575,3.6886825746214664,5.312250873161999e-05,1.7959548945396703e-05,0.666508479501883,0.22697944162783634,0,7.401131282577695,2.494397140920716,-24.599759467628978,-3.0493470826125902e-09,143.24638548065886,-1.4087206199217632e-14,7.401131282577695,0-1,0,794.0,794000,,,,,0,0.666508479501883,0.226974997988882,7.401131282577695,2.494397140920716,3.891917034990731e-05,negative_baseline,20.0,0,0,0,0,1,0,0,0,0,0,-1,0,0,0,0,0,0,0,0,0
sim_0000_n2_seed256,256,0.001,2,794.45,1,body_1,9.897616233308575,3.6886825746214664,5.262049926729735e-05,1.8229001892066047e-05,0.6839522049286105,0.2390289216359854,0,7.306141354125364,2.5268676935758716,-24.599759485433857,-3.773129745056198e-09,143.24638548065903,-1.2896738069706283e-14,7.306141354125364,0-1,0,794.45,794450,,,,,0,0.6839522049286105,0.2390257448693601,7.306141354125364,2.5268676935758716,3.8551382871282886e-05,negative_hard,10.0,0,0,1,0,1,0,0,0,0,0,-1,0,0,0,0,0,0,0,0,0
sim_0000_n2_seed256,256,0.001,2,794.95,1,body_1,9.897616233308575,3.6886825746214664,5.2071922092856914e-05,1.853752358004713e-05,0.7042008117966846,0.253211128773287,0,7.20033473403027,2.563539389489137,-24.599759507593188,-4.6739243429616145e-09,143.24638548065906,-1.2698326714787725e-14,7.20033473403027,0-1,0,794.95,794950,,,,,0,0.7042008117966846,0.25321021318445186,7.20033473403027,2.563539389489137,3.814947847818999e-05,negative_hard,10.0,0,0,1,0,1,0,0,0,0,0,-1,0,0,0,0,0,0,0,0,0
sim_0000_n2_seed256,256,0.001,2,795.0,1,body_1,9.897616233308575,3.6886825746214664,5.2018271279171086e-05,1.856859625217168e-05,0.7062547887080878,0.2546611192497853,0,7.18985686540557,2.5672006567360457,-24.599759509932774,-4.76903040742057e-09,143.24638548065903,-1.2896738069706283e-14,7.18985686540557,0-1,0,795.0,795000,,,,,0,0.7062547887080878,0.2546604843286706,7.18985686540557,2.5672006567360457,3.81101722546709e-05,negative_baseline,20.0,0,0,1,0,1,0,0,0,0,0,-1,0,0,0,0,0,0,0,0,0
sim_0000_n2_seed256,256,0.001,2,796.0,1,body_1,9.897616233308575,3.6886825746214664,5.1032449041067224e-05,1.917694852192875e-05,0.7468641187148548,0.28373870265381085,0,6.9916575697154215,2.637510559582067,-24.5997595597935,-6.7959090572026264e-09,143.24638548065897,-1.32935607795434e-14,6.9916575697154215,0-1,0,796.0,796000,,,,,0,0.7468641187148548,0.2837459045031429,6.9916575697154215,2.637510559582067,3.738792882929453e-05,negative_baseline,20.0,0,0,1,0,0,0,0,0,0,0,-1,0,0,0,0,0,0,0,0,0
sim_0000_n2_seed256,256,0.001,2,797.0,1,body_1,9.897616233308575,3.6886825746214664,5.03133874944249e-05,1.9697946020914167e-05,0.7816878052693808,0.3092561616477728,0,6.834146416087113,2.694887285153649,-24.599759608262904,-8.766229251805217e-09,143.2463854806592,-1.1706269940194933e-14,6.834146416087113,0-1,0,797.0,797000,,,,,0,0.7816878052693808,0.3092748356614503,6.834146416087113,2.694887285153649,3.6861122502130264e-05,negative_baseline,20.0,1,1,0,0,0,0,0,0,0,0,-1,0,0,0,0,0,0,0,0,0
sim_0000_n2_seed256,256,0.001,2,797.75,1,body_1,9.897616233308575,3.6886825746214664,5.002603341395693e-05,1.997433016193312e-05,0.7993663944828604,0.3223997479843524,0,6.758152757930804,2.7230737499437967,-24.599759634991088,-9.852751428052524e-09,143.24638548065886,-1.4087206199217632e-14,6.758152757930804,0-1,0,797.75,797750,,,,,0,0.7993663944828604,0.32242771877736637,6.758152757930804,2.7230737499437967,3.6650598258547224e-05,negative_hard,10.0,1,1,0,1,0,0,1,0,0,0,-1,0,0,0,0,0,0,0,0,0
sim_0000_n2_seed256,256,0.001,2,798.0,1,body_1,9.897616233308575,3.6886825746214664,4.99858394001618e-05,2.003765971360484e-05,0.8030765220987767,0.32517347663082413,0,6.742523714542457,2.72891275103036,-24.599759640787056,-1.0088362193888247e-08,143.24638548065892,-1.3690383489380515e-14,6.742523714542457,0-1,0,798.0,798000,,,,,0,0.8030765220987767,0.3252043007076775,6.742523714542457,2.72891275103036,3.662115094630652e-05,negative_baseline,20.0,1,1,0,1,0,0,1,0,0,0,-1,0,0,0,0,0,0,0,0,0
sim_0000_n2_seed256,256,0.001,2,798.25,1,body_1,9.897616233308575,3.6886825746214664,4.997480630184554e-05,2.008495901983363e-05,0.8055665754721925,0.3270379800770549,0,6.732094881807435,2.7328170601635717,-24.599759644713707,-1.0247983714638878e-08,143.24638548065911,-1.2301504004950608e-14,6.732094881807435,0-1,0,798.25,798250,,,,,0,0.8055665754721925,0.32707140881671287,6.732094881807435,2.7328170601635717,3.6613067813186154e-05,negative_hard,10.0,1,1,0,1,0,0,1,0,0,0,-1,0,0,0,0,0,0,0,0,0
sim_0000_n2_seed256,256,0.001,2,798.75,1,body_1,9.897616233308575,3.6886825746214664,5.004129801779521e-05,2.0129118589602066e-05,0.8067230319407769,0.32790470232544155,0,6.727267842975036,2.7346263950720027,-24.59975964654752,-1.0322529619570139e-08,143.24638548065894,-1.3491972134461958e-14,6.727267842975036,0-1,0,798.75,798750,,,,,0,0.8067230319407769,0.32794234088689994,6.727267842975036,2.7346263950720027,3.6661781781818746e-05,negative_hard,10.0,1,1,0,1,0,0,1,1,0,0,-1,0,0,0,0,0,0,0,0,0
sim_0000_n2_seed256,256,0.001,2,799.0,1,body_1,9.897616233308575,3.6886825746214664,5.011854077333749e-05,2.0125453742550217e-05,0.8053674734680368,0.3268888107887028,0,6.732926980691565,2.7325053030002695,-24.5997596443987,-1.0235178367288498e-08,143.2463854806589,-1.3888794844299075e-14,6.732926980691565,0-1,0,799.0,799000,,,,,0,0.8053674734680368,0.3269279599710358,6.732926980691565,2.7325053030002695,3.671837223729991e-05,negative_baseline,20.0,1,1,0,1,0,0,1,0,0,0,-1,0,0,0,0,0,0,0,0,0
sim_0000_n2_seed256,256,0.001,2,799.25,1,body_1,9.897616233308575,3.6886825746214664,5.022438516114646e-05,2.0104726848939295e-05,0.802748874355315,0.32492831407454237,0,6.743899579009182,2.7283981450851273,-24.599759640272595,-1.006744892582782e-08,143.2463854806587,-1.527767432872898e-14,6.743899579009182,0-1,0,799.25,799250,,,,,0,0.802748874355315,0.32496854102739126,6.743899579009182,2.7283981450851273,3.6795917120968656e-05,negative_hard,10.0,1,1,0,1,0,0,1,0,0,0,-1,0,0,0,0,0,0,0,0,0
sim_0000_n2_seed256,256,0.001,2,800.0,1,body_1,9.897616233308575,3.6886825746214664,5.0702729320883e-05,1.9945511156561224e-05,0.7879087355074094,0.313867280165795,0,6.807113462992003,2.7048753871577227,-24.599759617501878,-9.141800975203504e-09,143.24638548065886,-1.4087206199217632e-14,6.807113462992003,0-1,0,800.0,800000,,,,,0,0.7879087355074094,0.3139081599844001,6.807113462992003,2.7048753871577227,3.714636681126643e-05,negative_baseline,20.0,1,1,0,0,0,0,0,0,0,0,-1,0,0,0,0,0,0,0,0,0
sim_0000_n2_seed256,256,0.001,2,801.0,1,body_1,9.897616233308575,3.6886825746214664,5.1654326228061557e-05,1.9544539749307723e-05,0.755445995700377,0.2899793334372595,0,6.951831476948049,2.6518883918315286,-24.599759571235246,-7.261025205143515e-09,143.24638548065846,-1.6864965168077446e-14,6.951831476948049,0-1,0,801.0,801000,,,,,0,0.755445995700377,0.29001621019439355,6.951831476948049,2.6518883918315286,3.784353592608707e-05,negative_baseline,20.0,0,0,0,0,0,0,0,0,0,0,-1,0,0,0,0,0,0,0,1,0
sim_0000_n2_seed256,256,0.001,2,802.0,1,body_1,9.897616233308575,3.6886825746214664,5.283852924771893e-05,1.9008953910674814e-05,0.7154866886385238,0.2612035711737323,0,7.143321028564526,2.5835277880426046,-24.599759520661244,-5.2051513623111875e-09,143.24638548065857,-1.6071319748403215e-14,7.143321028564526,0-1,0,802.0,802000,,,,,0,0.7154866886385238,0.26123362110953763,7.143321028564526,2.5835277880426046,3.871111931603179e-05,negative_baseline,20.0,0,0,1,0,0,1,0,0,0,0,-1,0,0,0,0,0,0,0,0,0
sim_0000_n2_seed256,256,0.001,2,803.0,1,body_1,9.897616233308575,3.6886825746214664,5.410284750709822e-05,1.8431406070196867e-05,0.6750810444597093,0.23288118779999037,0,7.353989247655504,2.5104594144876677,-24.59975947623328,-3.3991189202353195e-09,143.2463854806585,-1.666655381315889e-14,7.353989247655504,0-1,0,803.0,803000,,,,,0,0.6750810444597093,0.23290408978275592,7.353989247655504,2.5104594144876677,3.9637397507158124e-05,negative_baseline,20.0,0,0,1,0,0,1,0,0,0,0,-1,0,0,0,0,0,0,0,0,0
sim_0000_n2_seed256,256,0.001,2,804.0,1,body_1,9.897616233308575,3.6886825746214664,5.5304319673699856e-05,1.7888318961981643e-05,0.6391441077270735,0.20840553448612464,0,7.557907156454539,2.44169751681778,-24.599759441994294,-2.00727657696444e-09,143.24638548065863,-1.56744970385661e-14,7.557907156454539,0-1,0,804.0,804000,,,,,0,0.6391441077270735,0.2084221727768147,7.557907156454539,2.44169751681778,4.051763266689201e-05,negative_baseline,20.0,0,0,0,0,0,0,0,0,0,0,-1,0,0,0,0,0,0,0,1,0
sim_0000_n2_seed256,256,0.001,2,805.0,1,body_1,9.897616233308575,3.6886825746214664,5.632508461148504e-05,1.7433296225408688e-05,0.6104050814364146,0.18935184133856828,0,7.733781130898048,2.3838246142006945,-24.59975941794151,-1.0295115399570097e-09,143.24638548065815,-1.9047490072181586e-14,7.733781130898048,0-1,0,805.0,805000,,,,,0,0.6104050814364146,0.18936335284824102,7.733781130898048,2.3838246142006945,4.126547613808343e-05,negative_baseline,20.0,0,0,0,0,0,0,0,0,0,0,-1,0,0,0,0,0,0,0,1,0
sim_0000_n2_seed256,256,0.001,2,806.0,1,body_1,9.897616233308575,3.6886825746214664,5.7077982095227044e-05,1.7100029434754458e-05,0.590080696053126,0.17617061955151497,0,7.865842455560053,2.3411816318115206,-24.599759402608235,-4.062016139871994e-10,143.24638548065806,-1.964272413693726e-14,7.865842455560053,0-1,0,806.0,806000,,,,,0,0.590080696053126,0.17617797665923265,7.865842455560053,2.3411816318115206,4.181707169754887e-05,negative_baseline,20.0,0,0,0,0,0,0,0,0,0,0,-1,0,0,0,0,0,0,0,1,0
sim_0000_n2_seed256,256,0.001,2,807.0,1,body_1,9.897616233308575,3.6886825746214664,5.7506520309765265e-05,1.6907852663812392e-05,0.5785787927356614,0.16882263051518168,0,7.94364252183021,2.3163692271323115,-24.599759394517832,-7.73202259593856e-11,143.24638548065784,-2.1230014976285726e-14,7.94364252183021,0-1,0,807.0,807000,,,,,0,0.5785787927356614,0.16882654620535884,7.94364252183021,2.3163692271323115,4.213103172752877e-05,negative_baseline,20.0,0,0,0,0,0,0,0,0,0,0,-1,0,0,0,0,0,0,0,1,0
sim_0000_n2_seed256,256,0.001,2,808.0,1,body_1,9.897616233308575,3.6886825746214664,5.758293853539757e-05,1.68664407901389e-05,0.5759813708304198,0.16717461979380766,0,7.961533536207863,2.3106947680526466,-24.599759392747842,-5.368693904192147e-12,143.24638548065786,-2.103160362136717e-14,7.961533536207863,0-1,0,808.0,808000,,,,,0,0.5759813708304198,0.16717559157926756,7.961533536207863,2.3106947680526466,4.2187017890048005e-05,negative_baseline,20.0,0,0,0,0,0,0,0,0,0,0,-1,0,0,0,0,0,0,0,1,0
sim_0000_n2_seed256,256,0.001,2,809.0,1,body_1,9.897616233308575,3.6886825746214664,5.730660417366614e-05,1.6978620892288002e-05,0.5822930520036125,0.17118654633945782,0,7.918267026853612,2.3244375381688474,-24.599759397085137,-1.8168322196127347e-10,143.24638548065784,-2.1230014976285726e-14,7.918267026853612,0-1,0,809.0,809000,,,,,0,0.5822930520036125,0.17118496165412275,7.918267026853612,2.3244375381688474,4.1984566736387484e-05,negative_baseline,20.0,0,0,0,0,0,0,0,0,0,0,-1,0,0,0,0,0,0,0,1,0
sim_0000_n2_seed256,256,0.001,2,810.0,1,body_1,9.897616233308575,3.6886825746214664,5.670373318687511e-05,1.7241216203785906e-05,0.5974938539797481,0.18094950861912876,0,7.816894061091372,2.356908746150898,-24.599759408045166,-6.272172271366989e-10,143.24638548065784,-2.1230014976285726e-14,7.816894061091372,0-1,0,810.0,810000,,,,,0,0.5974938539797481,0.18094580746322678,7.816894061091372,2.356908746150898,4.15428848936765e-05,negative_baseline,20.0,0,0,0,0,0,0,0,0,0,0,-1,0,0,0,0,0,0,0,1,0
sim_0000_n2_seed256,256,0.001,2,811.0,1,body_1,9.897616233308575,3.6886825746214664,5.5828518123703055e-05,1.7643930770286837e-05,0.6214087105303876,0.19659071675612255,0,7.6650021154354695,2.406305628690683,-24.599759426814906,-1.3902222322196817e-09,143.2463854806578,-2.1428426331204285e-14,7.6650021154354695,0-1,0,811.0,811000,,,,,0,0.6214087105303876,0.19658564551843893,7.6650021154354695,2.406305628690683,4.090167549047822e-05,negative_baseline,20.0,0,0,0,0,0,0,0,0,0,0,-1,0,0,0,0,0,0,0,1,0
sim_0000_n2_seed256,256,0.001,2,812.0,1,body_1,9.897616233308575,3.6886825746214664,5.476488981339663e-05,1.8166146222787573e-05,0.6533656950005741,0.21800750744509476,0,7.4751994245353925,2.4693642452389293,-24.59975945497427,-2.5349229746976505e-09,143.24638548065795,-2.0436369556611495e-14,7.4751994245353925,0-1,0,812.0,812000,,,,,0,0.6533656950005741,0.21800249362835064,7.4751994245353925,2.4693642452389293,4.012242882855169e-05,negative_baseline,20.0,0,0,0,0,1,0,0,0,0,0,-1,0,0,0,0,0,0,0,0,0
sim_0000_n2_seed256,256,0.001,2,812.15,1,body_1,9.897616233308575,3.6886825746214664,5.459577008760589e-05,1.8252805795569383e-05,0.6587648127511452,0.22168193803455322,0,7.444503706957682,2.4797086815519007,-24.59975946009525,-2.743094969019808e-09,143.24638548065786,-2.103160362136717e-14,7.444503706957682,0-1,0,812.15,812150,,,,,0,0.6587648127511452,0.22167711962935735,7.444503706957682,2.4797086815519007,3.999852654508295e-05,negative_hard,10.0,0,0,0,0,1,0,0,0,0,0,-1,0,0,0,0,0,0,0,0,0
sim_0000_n2_seed256,256,0.001,2,812.65,1,body_1,9.897616233308575,3.6886825746214664,5.402538686504371e-05,1.8553369426531e-05,0.6776871461986447,0.2346829910908964,0,7.339835441456857,2.5153019575665776,-24.59975947890483,-3.5077195074713176e-09,143.24638548065775,-2.18252490410414e-14,7.339835441456857,0-1,0,812.65,812650,,,,,0,0.6776871461986447,0.23467929014337693,7.339835441456857,2.5153019575665776,3.958064636229106e-05,negative_hard,10.0,0,0,1,0,1,0,0,0,0,0,-1,0,0,0,0,0,0,0,0,0
sim_0000_n2_seed256,256,0.001,2,813.0,1,body_1,9.897616233308575,3.6886825746214664,5.362699197465354e-05,1.877169390584917e-05,0.6916111531484672,0.24436906861193647,0,7.265574381831432,2.54086396598287,-24.599759493624397,-4.106081774026164e-09,143.24638548065784,-2.1230014976285726e-14,7.265574381831432,0-1,0,813.0,813000,,,,,0,0.6916111531484672,0.2443666425052489,7.265574381831432,2.54086396598287,3.928877009823677e-05,negative_baseline,20.0,0,0,1,0,1,0,0,0,0,0,-1,0,0,0,0,0,0,0,0,0
sim_0000_n2_seed256,256,0.001,2,813.15,1,body_1,9.897616233308575,3.6886825746214664,5.345830315396745e-05,1.8866470943807055e-05,0.6976988766328891,0.24863480569425758,0,7.233807300263919,2.5518793607493646,-24.59975950029986,-4.377444742695754e-09,143.24638548065792,-2.0634780911530054e-14,7.233807300263919,0-1,0,813.15,813150,,,,,0,0.6976988766328891,0.24863306580964833,7.233807300263919,2.5518793607493646,3.91651835185318e-05,negative_hard,10.0,0,0,1,0,1,0,0,0,0,0,-1,0,0,0,0,0,0,0,0,0
sim_0000_n2_seed256,256,0.001,2,813.65,1,body_1,9.897616233308575,3.6886825746214664,5.291315821363367e-05,1.918369407942401e-05,0.7182430608982264,0.263164876695913,0,7.129601036073282,2.5883622774854436,-24.599759523932544,-5.338132324579095e-09,143.24638548065806,-1.964272413693726e-14,7.129601036073282,0-1,0,813.65,813650,,,,,0,0.7182430608982264,0.26316608406694014,7.129601036073282,2.5883622774854436,3.8765793705143336e-05,negative_hard,10.0,0,0,1,0,1,0,0,0,0,0,-1,0,0,0,0,0,0,0,0,0
sim_0000_n2_seed256,256,0.001,2,814.0,1,body_1,9.897616233308575,3.6886825746214664,5.255496195385733e-05,1.94029166709464e-05,0.7325659909176276,0.27341383930851426,0,7.059558979942739,2.6131932808715472,-24.599759541442538,-6.04992763833465e-09,143.2463854806579,-2.083319226644861e-14,7.059558979942739,0-1,0,814.0,814000,,,,,0,0.7325659909176276,0.273417741548426,7.059558979942739,2.6131932808715472,3.8503368211174604e-05,negative_baseline,20.0,0,0,1,0,0,0,0,0,0,0,-1,0,0,0,0,0,0,0,0,0
sim_0000_n2_seed256,256,0.001,2,815.0,1,body_1,9.897616233308575,3.6886825746214664,5.1701602672455586e-05,1.997832393888044e-05,0.7703429649629747,0.30088727254825637,0,6.8842857251339575,2.6764726830000125,-24.59975959187304,-8.099968041553858e-09,143.24638548065798,-2.0237958201692936e-14,6.8842857251339575,0-1,0,815.0,815000,,,,,0,0.7703429649629747,0.3009015397587154,6.8842857251339575,2.6764726830000125,3.7878171259890355e-05,negative_baseline,20.0,0,0,0,0,0,0,0,0,0,0,-1,0,0,0,0,0,0,0,1,0
sim_0000_n2_seed256,256,0.001,2,816.0,1,body_1,9.897616233308575,3.6886825746214664,5.120720854051877e-05,2.040163536379213e-05,0.797385418544191,0.3209208963860735,0,6.766542322803543,2.7199453938197258,-24.599759631923305,-9.728043603738607e-09,143.24638548065784,-2.1230014976285726e-14,6.766542322803543,0-1,0,816.0,816000,,,,,0,0.797385418544191,0.32094756522075946,6.766542322803543,2.7199453938197258,3.7515963204316656e-05,negative_baseline,20.0,1,1,0,0,0,0,0,0,0,0,-1,0,0,0,0,0,0,0,0,0
sim_0000_n2_seed256,256,0.001,2,816.4,1,body_1,9.897616233308575,3.6886825746214664,5.113343531374149e-05,2.0508142550763027e-05,0.8035712266727604,0.32554371622053835,0,6.740447936603604,2.729689355042845,-24.599759641564976,-1.011998526540951e-08,143.24638548065806,-1.964272413693726e-14,6.740447936603604,0-1,0,816.4,816400,,,,,0,0.8035712266727604,0.3255749874819468,6.740447936603604,2.729689355042845,3.7461914771834e-05,negative_hard,10.0,1,1,0,1,0,0,1,0,0,0,-1,0,0,0,0,0,0,0,0,0
sim_0000_n2_seed256,256,0.001,2,816.9,1,body_1,9.897616233308575,3.6886825746214664,5.114884805339636e-05,2.0581576048207095e-05,0.8068677215777182,0.3280131771092819,0,6.726664640271345,2.734852593844036,-24.59975964677756,-1.0331881002229802e-08,143.24638548065815,-1.9047490072181586e-14,6.726664640271345,0-1,0,816.9,816900,,,,,0,0.8068677215777182,0.32804923787406853,6.726664640271345,2.734852593844036,3.747320672938741e-05,negative_hard,10.0,1,1,0,1,0,0,1,1,0,0,-1,0,0,0,0,0,0,0,0,0
sim_0000_n2_seed256,256,0.001,2,817.0,1,body_1,9.897616233308575,3.6886825746214664,5.116643642004478e-05,2.058793966562047e-05,0.806911192281658,0.32804576890999876,0,6.726483445123558,2.734920545620147,-24.59975964684665,-1.0334689550956193e-08,143.24638548065806,-1.964272413693726e-14,6.726483445123558,0-1,0,817.0,817000,,,,,0,0.806911192281658,0.3280826194350801,6.726483445123558,2.734920545620147,3.74860925270637e-05,negative_baseline,20.0,1,1,0,1,0,0,1,1,0,0,-1,0,0,0,0,0,0,0,0,0
sim_0000_n2_seed256,256,0.001,2,817.4,1,body_1,9.897616233308575,3.6886825746214664,5.128466101552808e-05,2.0585239429026532e-05,0.8050226862798644,0.3266305277652903,0,6.734368665808476,2.7319652542690434,-24.599759643853748,-1.0213025681057154e-08,143.24638548065792,-2.0634780911530054e-14,6.734368665808476,0-1,0,817.4,817400,,,,,0,0.8050226862798644,0.3266698842460353,6.734368665808476,2.7319652542690434,3.7572707567298256e-05,negative_hard,10.0,1,1,0,1,0,0,1,0,0,0,-1,0,0,0,0,0,0,0,0,0
sim_0000_n2_seed256,256,0.001,2,818.0,1,body_1,9.897616233308575,3.6886825746214664,5.160032703199171e-05,2.0498476073149408e-05,0.796242953570027,0.32006869955153106,0,6.771394966441564,2.718137807604612,-24.5997596301623,-9.65645731155224e-09,143.24638548065795,-2.0436369556611495e-14,6.771394966441564,0-1,0,818.0,818000,,,,,0,0.796242953570027,0.32010973487560945,6.771394966441564,2.718137807604612,3.7803974261952686e-05,negative_baseline,20.0,1,1,0,0,0,0,0,0,0,0,-1,0,0,0,0,0,0,0,0,0
sim_0000_n2_seed256,256,0.001,2,819.0,1,body_1,9.897616233308575,3.6886825746214664,5.2448991874720734e-05,2.0159537910362125e-05,0.7683688711184744,0.299436421119729,0,6.893123608066871,2.67324155526548,-24.599759589080904,-7.986465528011944e-09,143.24638548065792,-2.0634780911530054e-14,6.893123608066871,0-1,0,819.0,819000,,,,,0,0.7683688711184744,0.2994752222705831,6.893123608066871,2.67324155526548,3.842573222197958e-05,negative_baseline,20.0,0,0,0,0,0,0,0,0,0,0,-1,0,0,0,0,0,0,0,1,0
sim_0000_n2_seed256,256,0.001,2,820.0,1,body_1,9.897616233308575,3.6886825746214664,5.35896239773557e-05,1.9649015565762547e-05,0.7302092431913129,0.27172089445685793,0,7.0709421532602095,2.6091404797607156,-24.599759538501804,-5.9303844415213476e-09,143.24638548065806,-1.964272413693726e-14,7.0709421532602095,0-1,0,820.0,820000,,,,,0,0.7302092431913129,0.2717535350051735,7.0709421532602095,2.6091404797607156,3.92613942464288e-05,negative_baseline,20.0,0,0,1,0,0,0,0,0,0,0,-1,0,0,0,0,0,0,0,0,0
sim_0000_n2_seed256,256,0.001,2,821.0,1,body_1,9.897616233308575,3.6886825746214664,5.486910551249353e-05,1.906292558635785e-05,0.6892731127309137,0.24273572806197102,0,7.277886501161568,2.5366077712024673,-24.599759491099686,-4.003450237410335e-09,143.24638548065778,-2.1626837686122845e-14,7.277886501161568,0-1,0,821.0,821000,,,,,0,0.6892731127309137,0.2427611301111848,7.277886501161568,2.5366077712024673,4.019878152659035e-05,negative_baseline,20.0,0,0,1,0,0,1,0,0,0,0,-1,0,0,0,0,0,0,0,0,0
sim_0000_n2_seed256,256,0.001,2,822.0,1,body_1,9.897616233308575,3.6886825746214664,5.6135211115222814e-05,1.848688230385539e-05,0.6513157162230696,0.2166165343683679,0,7.4869540627872775,2.465413990497696,-24.59975945305795,-2.457023044177781e-09,143.24638548065806,-1.964272413693726e-14,7.4869540627872775,0-1,0,822.0,822000,,,,,0,0.6513157162230696,0.21663528948126792,7.4869540627872775,2.465413990497696,4.112636911797565e-05,negative_baseline,20.0,0,0,0,0,0,1,0,0,0,0,-1,0,0,0,0,0,0,0,0,0
sim_0000_n2_seed256,256,0.001,2,823.0,1,body_1,9.897616233308575,3.6886825746214664,5.725696175556476e-05,1.7984006301186907e-05,0.619791220155412,0.19552218993249357,0,7.67499740769327,2.4030267026490004,-24.59975942548475,-1.3361502676774488e-09,143.24638548065806,-1.964272413693726e-14,7.67499740769327,0-1,0,823.0,823000,,,,,0,0.619791220155412,0.19553541677304404,7.67499740769327,2.4030267026490004,4.194819779755005e-05,negative_baseline,20.0,0,0,0,0,0,0,0,0,0,0,-1,0,0,0,0,0,0,0,1,0
sim_0000_n2_seed256,256,0.001,2,824.0,1,body_1,9.897616233308575,3.6886825746214664,5.813358788614947e-05,1.7595381329921914e-05,0.5963706438828708,0.1802232854676096,0,7.824251804320111,2.3545388754852548,-24.59975940721,-5.932671053954367e-10,143.24638548065792,-2.0634780911530054e-14,7.824251804320111,0-1,0,824.0,824000,,,,,0,0.5963706438828708,0.18023203812839766,7.824251804320111,2.3545388754852548,4.2590440735444956e-05,negative_baseline,20.0,0,0,0,0,0,0,0,0,0,0,-1,0,0,0,0,0,0,0,1,0
sim_0000_n2_seed256,256,0.001,2,825.0,1,body_1,9.897616233308575,3.6886825746214664,5.8696079623698756e-05,1.734536757781659e-05,0.5816834497052609,0.17079798169562982,0,7.922415098949282,2.3231170166187773,-24.59975939666078,-1.644327508771788e-10,143.24638548065795,-2.0436369556611495e-14,7.922415098949282,0-1,0,825.0,825000,,,,,0,0.5816834497052609,0.1708030658096528,7.922415098949282,2.3231170166187773,4.300253919710829e-05,negative_baseline,20.0,0,0,0,0,0,0,0,0,0,0,-1,0,0,0,0,0,0,0,1,0
sim_0000_n2_seed256,256,0.001,2,826.0,1,body_1,9.897616233308575,3.6886825746214664,5.890557214436421e-05,1.7246935212907174e-05,0.5758886124174013,0.16711584437958063,0,7.962174692730979,2.310491628927014,-24.599759392685005,-2.814325553101425e-12,143.2463854806579,-2.083319226644861e-14,7.962174692730979,0-1,0,826.0,826000,,,,,0,0.5758886124174013,0.16711782522078272,7.962174692730979,2.310491628927014,4.3156019641007426e-05,negative_baseline,20.0,0,0,0,0,0,0,0,0,0,0,-1,0,0,0,0,0,0,0,1,0
sim_0000_n2_seed256,256,0.001,2,827.0,1,body_1,9.897616233308575,3.6886825746214664,5.875141135429569e-05,1.7305260705397426e-05,0.5790029513567466,0.16909214986850873,0,7.940732362436179,2.3172933368827118,-24.599759394808764,-8.914683444419474e-11,143.246385480658,-2.003954684677438e-14,7.940732362436179,0-1,0,827.0,827000,,,,,0,0.5790029513567466,0.16909143912639743,7.940732362436179,2.3172933368827118,4.304307656607709e-05,negative_baseline,20.0,0,0,0,0,0,0,0,0,0,0,-1,0,0,0,0,0,0,0,1,0
sim_0000_n2_seed256,256,0.001,2,828.0,1,body_1,9.897616233308575,3.6886825746214664,5.825032601377518e-05,1.751929912884436e-05,0.5910205418554924,0.17677463727912196,0,7.8595858030376125,2.343186830973835,-24.599759403287866,-4.33829143313558e-10,143.24638548065772,-2.202366039595996e-14,7.8595858030376125,0-1,0,828.0,828000,,,,,0,0.5910205418554924,0.1767716325767479,7.8595858030376125,2.343186830973835,4.2675965986444745e-05,negative_baseline,20.0,0,0,0,0,0,0,0,0,0,0,-1,0,0,0,0,0,0,0,1,0
sim_0000_n2_seed256,256,0.001,2,829.0,1,body_1,9.897616233308575,3.6886825746214664,5.744710344003136e-05,1.788136538576219e-05,0.6118493388229322,0.1902979072899254,0,7.72464802492788,2.3867989103131073,-24.599759419083004,-1.0759141893572558e-09,143.24638548065764,-2.2618894460715635e-14,7.72464802492788,0-1,0,829.0,829000,,,,,0,0.6118493388229322,0.19029320836375582,7.72464802492788,2.3867989103131073,4.208750046969072e-05,negative_baseline,20.0,0,0,0,0,0,0,0,0,0,0,-1,0,0,0,0,0,0,0,1,0
sim_0000_n2_seed256,256,0.001,2,830.0,1,body_1,9.897616233308575,3.6886825746214664,5.6416313953671054e-05,1.8374636163703995e-05,0.6410501943267038,0.2096859380768232,0,7.546662522039589,2.4454416008223125,-24.59975944369203,-2.076290881478248e-09,143.2463854806573,-2.4999830719738335e-14,7.546662522039589,0-1,0,830.0,830000,,,,,0,0.6410501943267038,0.2096806780354824,7.546662522039589,2.4454416008223125,4.1332312526047586e-05,negative_baseline,20.0,0,0,0,0,0,0,0,0,0,0,-1,0,0,0,0,0,0,0,1,0
sim_0000_n2_seed256,256,0.001,2,830.3000000000001,1,body_1,9.897616233308575,3.6886825746214664,5.6077689023060875e-05,1.8544089462818725e-05,0.6512848448430293,0.2165956047967769,0,7.48713150424561,2.4653544062730823,-24.59975945302956,-2.4558689786215214e-09,143.24638548065707,-2.65871215590868e-14,7.48713150424561,0-1,0,830.3000000000001,830300,,,,,0,0.6512848448430293,0.21659052995283373,7.48713150424561,2.4653544062730823,4.108422554504982e-05,negative_hard,10.0,0,0,0,0,1,0,0,0,0,0,-1,0,0,0,0,0,0,0,0,0
sim_0000_n2_seed256,256,0.001,2,830.8000000000001,1,body_1,9.897616233308575,3.6886825746214664,5.549780001449764e-05,1.8843761571013235e-05,0.6696221480286771,0.2291185486784625,0,7.383904014291475,2.500254993624145,-24.599759470722347,-3.175095024575885e-09,143.24638548065704,-2.6785532914005356e-14,7.383904014291475,0-1,0,830.8000000000001,830800,,,,,0,0.6696221480286771,0.22911428763311972,7.383904014291475,2.500254993624145,4.0659381134661115e-05,negative_hard,10.0,0,0,0,0,1,0,0,0,0,0,-1,0,0,0,0,0,0,0,0,0
sim_0000_n2_seed256,256,0.001,2,831.0,1,body_1,9.897616233308575,3.6886825746214664,5.526359445761472e-05,1.8968489158094596e-05,0.6773394326073685,0.23444238485657923,0,7.3417191595476,2.5146569292084227,-24.599759478547092,-3.493177212749503e-09,143.24638548065718,-2.5793476139412566e-14,7.3417191595476,0-1,0,831.0,831000,,,,,0,0.6773394326073685,0.2344386571264474,7.3417191595476,2.5146569292084227,4.048779499038093e-05,negative_baseline,20.0,0,0,1,0,1,0,0,0,0,0,-1,0,0,0,0,0,0,0,0,0
sim_0000_n2_seed256,256,0.001,2,831.3000000000001,1,body_1,9.897616233308575,3.6886825746214664,5.491348723744972e-05,1.9159326567377284e-05,0.689237790491436,0.24271107336598194,0,7.278072988292645,2.536543360088873,-24.599759491061988,-4.001917789704482e-09,143.24638548065707,-2.65871215590868e-14,7.278072988292645,0-1,0,831.3000000000001,831300,,,,,0,0.689237790491436,0.2427084014438917,7.278072988292645,2.536543360088873,4.0231295753627556e-05,negative_hard,10.0,0,0,1,0,1,0,0,0,0,0,-1,0,0,0,0,0,0,0,0,0
sim_0000_n2_seed256,256,0.001,2,831.8000000000001,1,body_1,9.897616233308575,3.6886825746214664,5.4343318635967266e-05,1.9482843167366026e-05,0.7096371104823601,0.25705332307103074,0,7.172702001774244,2.573206833560568,-24.5997595138234,-4.9271875025998744e-09,143.246385480657,-2.6983944268923915e-14,7.172702001774244,0-1,0,831.8000000000001,831800,,,,,0,0.7096371104823601,0.2570531721460038,7.172702001774244,2.573206833560568,3.981357284571884e-05,negative_hard,10.0,0,0,1,0,1,0,0,0,0,0,-1,0,0,0,0,0,0,0,0,0
sim_0000_n2_seed256,256,0.001,2,832.0,1,body_1,9.897616233308575,3.6886825746214664,5.4123573131532505e-05,1.9612389045222962e-05,0.7178766580103025,0.26290395350679907,0,7.131420271408625,2.587720687142597,-24.59975952349624,-5.320396166789243e-09,143.24638548065712,-2.619029884924968e-14,7.131420271408625,0-1,0,832.0,832000,,,,,0,0.7178766580103025,0.26290509922192845,7.131420271408625,2.587720687142597,3.965258059222014e-05,negative_baseline,20.0,0,0,1,0,1,0,0,0,0,0,-1,0,0,0,0,0,0,0,0,0
sim_0000_n2_seed256,256,0.001,2,833.0,1,body_1,9.897616233308575,3.6886825746214664,5.315012662359437e-05,2.0231427198781226e-05,0.7576097490711129,0.29155783280177616,0,6.941897071869638,2.655488337646023,-24.599759574171593,-7.380390042432105e-09,143.24638548065738,-2.440459665498266e-14,6.941897071869638,0-1,0,833.0,833000,,,,,0,0.7576097490711129,0.2915679809566817,6.941897071869638,2.655488337646023,3.893940406801495e-05,negative_baseline,20.0,0,0,0,0,0,0,0,0,0,0,-1,0,0,0,0,0,0,0,1,0
sim_0000_n2_seed256,256,0.001,2,834.0,1,body_1,9.897616233308575,3.6886825746214664,5.2495046953182056e-05,2.0730418014989552e-05,0.7893972665264735,0.31497289253237926,0,6.800692500362788,2.7072540191781687,-24.599759619739537,-9.232763610703743e-09,143.2463854806576,-2.2817305815634194e-14,6.800692500362788,0-1,0,834.0,834000,,,,,0,0.7893972665264735,0.314995116248385,6.800692500362788,2.7072540191781687,3.84594728814513e-05,negative_baseline,20.0,1,1,0,0,0,0,0,0,0,0,-1,0,0,0,0,0,0,0,0,0
sim_0000_n2_seed256,256,0.001,2,834.6,1,body_1,9.897616233308575,3.6886825746214664,5.230624475259167e-05,2.0931655271260385e-05,0.8014766573806268,0.3239767617250842,0,6.749249891717118,2.726398073914879,-24.59975963827994,-9.98644597283995e-09,143.24638548065766,-2.2420483105797076e-14,6.749249891717118,0-1,0,834.6,834600,,,,,0,0.8014766573806268,0.3240062679420585,6.749249891717118,2.726398073914879,3.8321150758732295e-05,negative_hard,10.0,1,1,0,1,0,0,1,0,0,0,-1,0,0,0,0,0,0,0,0,0
sim_0000_n2_seed256,256,0.001,2,835.0,1,body_1,9.897616233308575,3.6886825746214664,5.2276039166876575e-05,2.1014380717055347e-05,0.8057959515355819,0.32720984939529224,0,6.731136642115453,2.7331761291140406,-24.599759645077363,-1.026276661419322e-08,143.24638548065732,-2.4801419364819775e-14,6.731136642115453,0-1,0,835.0,835000,,,,,0,0.8057959515355819,0.3272435920293579,6.731136642115453,2.7331761291140406,3.829902131991612e-05,negative_baseline,20.0,1,1,0,1,0,0,1,0,0,0,-1,0,0,0,0,0,0,0,0,0
sim_0000_n2_seed256,256,0.001,2,835.1,1,body_1,9.897616233308575,3.6886825746214664,5.228079877133759e-05,2.102814333179031e-05,0.8063733081063871,0.32764254428704326,0,6.728726491746575,2.7340794975121576,-24.599759645992734,-1.0299977176930368e-08,143.2463854806573,-2.4999830719738335e-14,6.728726491746575,0-1,0,835.1,835100,,,,,0,0.8063733081063871,0.32767722686812667,6.728726491746575,2.7340794975121576,3.8302508375697245e-05,negative_hard,10.0,1,1,0,1,0,0,1,0,0,0,-1,0,0,0,0,0,0,0,0,0
sim_0000_n2_seed256,256,0.001,2,835.6,1,body_1,9.897616233308575,3.6886825746214664,5.237866020229099e-05,2.1054078036844844e-05,0.8061656884305509,0.3274869311750846,0,6.72959289309425,2.7337547143314342,-24.599759645663386,-1.0286588947764813e-08,143.24638548065735,-2.4603008009901216e-14,6.72959289309425,0-1,0,835.6,835600,,,,,0,0.8061656884305509,0.3275254214679354,6.72959289309425,2.7337547143314342,3.837420476842618e-05,negative_hard,10.0,1,1,0,1,0,0,1,0,0,0,-1,0,0,0,0,0,0,0,0,0
sim_0000_n2_seed256,256,0.001,2,836.0,1,body_1,9.897616233308575,3.6886825746214664,5.254422490822548e-05,2.10232403854974e-05,0.8023220270648644,0.3246089862064523,0,6.745693268076987,2.727727432373758,-24.59975963960345,-1.004024772631276e-08,143.24638548065732,-2.4801419364819775e-14,6.745693268076987,0-1,0,836.0,836000,,,,,0,0.8023220270648644,0.32464932000597546,6.745693268076987,2.727727432373758,3.849550262095994e-05,negative_baseline,20.0,1,1,0,1,0,0,1,0,0,0,-1,0,0,0,0,0,0,0,0,0
sim_0000_n2_seed256,256,0.001,2,836.1,1,body_1,9.897616233308575,3.6886825746214664,5.259732026009724e-05,2.1008513894890396e-05,0.8008694100641137,0.3235227883000953,0,6.751808166030199,2.7254423338522766,-24.59975963733154,-9.947892731154417e-09,143.2463854806574,-2.42061853000641e-14,6.751808166030199,0-1,0,836.1,836100,,,,,0,0.8008694100641137,0.3235634074077669,6.751808166030199,2.7254423338522766,3.8534401920084834e-05,negative_hard,10.0,1,1,0,1,0,0,1,0,0,0,-1,0,0,0,0,0,0,0,0,0
sim_0000_n2_seed256,256,0.001,2,837.0,1,body_1,9.897616233308575,3.6886825746214664,5.3267600191202446e-05,2.076001941772823e-05,0.7799630910808771,0.30798049755299767,0,6.841698337817643,2.6921045339257437,-24.599759605733595,-8.663410834845278e-09,143.24638548065735,-2.4603008009901216e-14,6.841698337817643,0-1,0,837.0,837000,,,,,0,0.7799630910808771,0.3080207160615702,6.841698337817643,2.6921045339257437,3.902546964497962e-05,negative_baseline,20.0,1,1,0,0,0,0,0,0,0,0,-1,0,0,0,0,0,0,0,0,0
sim_0000_n2_seed256,256,0.001,2,838.0,1,body_1,9.897616233308575,3.6886825746214664,5.434058680194554e-05,2.0288993073075317e-05,0.7445930451000008,0.28209261697294763,0,7.00231203379504,2.6336786715139358,-24.599759556820086,-6.6750373346663815e-09,143.24638548065707,-2.65871215590868e-14,7.00231203379504,0-1,0,838.0,838000,,,,,0,0.7445930451000008,0.28212772250163626,7.00231203379504,2.6336786715139358,3.981157253455518e-05,negative_baseline,20.0,0,0,1,0,0,0,0,0,0,0,-1,0,0,0,0,0,0,0,0,0
sim_0000_n2_seed256,256,0.001,2,839.0,1,body_1,9.897616233308575,3.6886825746214664,5.561387270702181e-05,1.9705793329334502e-05,0.7038716440973792,0.25297894704612195,0,7.202018166375579,2.5629516566065265,-24.599759507220462,-4.6587727374424215e-09,143.2463854806568,-2.837282375335382e-14,7.202018166375579,0-1,0,839.0,839000,,,,,0,0.7038716440973792,0.25300693649687817,7.202018166375579,2.5629516566065265,4.074442072164389e-05,negative_baseline,20.0,0,0,1,0,0,1,0,0,0,0,-1,0,0,0,0,0,0,0,0,0
sim_0000_n2_seed256,256,0.001,2,840.0,1,body_1,9.897616233308575,3.6886825746214664,5.692845727915363e-05,1.9104052510179678e-05,0.6643327720332405,0.2254877782581171,0,7.4132408266501,2.4902875810942233,-24.59975946549006,-2.9623983307320638e-09,143.24638548065678,-2.857123510827238e-14,7.4132408266501,0-1,0,840.0,840000,,,,,0,0.6643327720332405,0.2255087995274277,7.4132408266501,2.4902875810942233,4.170752549300287e-05,negative_baseline,20.0,0,0,0,0,0,1,0,0,0,0,-1,0,0,0,0,0,0,0,0,0
sim_0000_n2_seed256,256,0.001,2,841.0,1,body_1,9.897616233308575,3.6886825746214664,5.814096084051279e-05,1.8556925234755e-05,0.6302306838187319,0.2024452023114983,0,7.611165675558901,2.424037164544981,-24.599759434228403,-1.6915868615733271e-09,143.24638548065698,-2.7182355623842475e-14,7.611165675558901,0-1,0,841.0,841000,,,,,0,0.6302306838187319,0.20246028169698216,7.611165675558901,2.424037164544981,4.259584253433911e-05,negative_baseline,20.0,0,0,0,0,0,0,0,0,0,0,-1,0,0,0,0,0,0,0,1,0
sim_0000_n2_seed256,256,0.001,2,842.0,1,body_1,9.897616233308575,3.6886825746214664,5.913667024007715e-05,1.811392167171749e-05,0.603789614373494,0.18503418303888458,0,7.776033592669152,2.370107572491962,-24.599759412802477,-8.206057442218432e-10,143.24638548065715,-2.5991887494331125e-14,7.776033592669152,0-1,0,842.0,842000,,,,,0,0.603789614373494,0.1850444348206024,7.776033592669152,2.370107572491962,4.332532950506211e-05,negative_baseline,20.0,0,0,0,0,0,0,0,0,0,0,-1,0,0,0,0,0,0,0,1,0
sim_0000_n2_seed256,256,0.001,2,843.0,1,body_1,9.897616233308575,3.6886825746214664,5.983332737533348e-05,1.7805340978961385e-05,0.5859345968049511,0.17351247792918345,0,7.893622923635228,2.3322959818199247,-24.599759399644103,-2.8570726265587293e-10,143.24638548065735,-2.4603008009901216e-14,7.893622923635228,0-1,0,843.0,843000,,,,,0,0.5859345968049511,0.1735188024436094,7.893622923635228,2.3322959818199247,4.383572162574067e-05,negative_baseline,20.0,0,0,0,0,0,0,0,0,0,0,-1,0,0,0,0,0,0,0,1,0
sim_0000_n2_seed256,256,0.001,2,844.0,1,body_1,9.897616233308575,3.6886825746214664,6.018023510751929e-05,1.7648054570908316e-05,0.5769434306020363,0.1677845360738215,0,7.9548927925421316,2.312799645186732,-24.59975939340115,-3.192621050294111e-11,143.24638548065727,-2.519824207465689e-14,7.9548927925421316,0-1,0,844.0,844000,,,,,0,0.5769434306020363,0.1677875777291563,7.9548927925421316,2.312799645186732,4.4089876639710047e-05,negative_baseline,20.0,0,0,0,0,0,0,0,0,0,0,-1,0,0,0,0,0,0,0,1,0
sim_0000_n2_seed256,256,0.001,2,845.0,1,body_1,9.897616233308575,3.6886825746214664,6.0156166396215564e-05,1.7649894396864316e-05,0.5768602363802622,0.16773177066870976,0,7.9554663953093865,2.312617770708446,-24.599759393344506,-2.962356737579742e-11,143.2463854806574,-2.42061853000641e-14,7.9554663953093865,0-1,0,845.0,845000,,,,,0,0.5768602363802622,0.1677319831232744,7.9554663953093865,2.312617770708446,4.407224298344556e-05,negative_baseline,20.0,0,0,0,0,0,0,0,0,0,0,-1,0,0,0,0,0,0,0,1,0
sim_0000_n2_seed256,256,0.001,2,846.0,1,body_1,9.897616233308575,3.6886825746214664,5.976801622341258e-05,1.7811993988957067e-05,0.585685138840414,0.17335288276618765,0,7.895303790492084,2.33175927657998,-24.599759399467526,-2.785292666256863e-10,143.24638548065727,-2.519824207465689e-14,7.895303790492084,0-1,0,846.0,846000,,,,,0,0.585685138840414,0.17335064867794991,7.895303790492084,2.33175927657998,4.378787214422291e-05,negative_baseline,20.0,0,0,0,0,0,0,0,0,0,0,-1,0,0,0,0,0,0,0,1,0
sim_0000_n2_seed256,256,0.001,2,847.0,1,body_1,9.897616233308575,3.6886825746214664,5.905094489363074e-05,1.812908575562579e-05,0.6033759509556199,0.18476506824578545,0,7.778698688532243,2.369244712772442,-24.59975941248591,-8.077369961983067e-10,143.24638548065727,-2.519824207465689e-14,7.778698688532243,0-1,0,847.0,847000,,,,,0,0.6033759509556199,0.1847608833547573,7.778698688532243,2.369244712772442,4.3262523649824464e-05,negative_baseline,20.0,0,0,0,0,0,0,0,0,0,0,-1,0,0,0,0,0,0,0,1,0
sim_0000_n2_seed256,256,0.001,2,848.0,1,body_1,9.897616233308575,3.6886825746214664,5.806986653446982e-05,1.8587723759813224e-05,0.6296622633851364,0.2020666360752296,0,7.614600347125267,2.4229023346850864,-24.599759433742538,-1.6718360354678928e-09,143.24638548065724,-2.539665342957545e-14,7.614600347125267,0-1,0,848.0,848000,,,,,0,0.6296622633851364,0.20206139600714837,7.614600347125267,2.4229023346850864,4.2543755585705645e-05,negative_baseline,20.0,0,0,0,0,0,0,0,0,0,0,-1,0,0,0,0,0,0,0,1,0
sim_0000_n2_seed256,256,0.001,2,849.0,1,body_1,9.897616233308575,3.6886825746214664,5.6921185892192074e-05,1.9162294409517914e-05,0.6636364322157057,0.22501090208705482,0,7.417129086165417,2.4889694512949845,-24.599759464808955,-2.9347108668285747e-09,143.2463854806572,-2.559506478449401e-14,7.417129086165417,0-1,0,849.0,849000,,,,,0,0.6636364322157057,0.22500630633576763,7.417129086165417,2.4889694512949845,4.170219702760537e-05,negative_hard,10.0,0,0,0,0,1,0,0,0,0,0,-1,0,0,0,0,0,0,0,0,0
sim_0000_n2_seed256,256,0.001,2,849.5,1,body_1,9.897616233308575,3.6886825746214664,5.6322731280546474e-05,1.9480284434985927e-05,0.6828925415659254,0.23829243559730542,0,7.311807728249941,2.524918931410519,-24.599759484319232,-3.7278193491664e-09,143.24638548065732,-2.4801419364819775e-14,7.311807728249941,0-1,0,849.5,849500,,,,,0,0.6828925415659254,0.23828916457845192,7.311807728249941,2.524918931410519,4.1263750909356343e-05,negative_hard,10.0,0,0,1,0,1,0,0,0,0,0,-1,0,0,0,0,0,0,0,0,0
sim_0000_n2_seed256,256,0.001,2,850.0,1,body_1,9.897616233308575,3.6886825746214664,5.573237099798891e-05,1.9809106736715687e-05,0.7031054874386756,0.252438736557057,0,7.205941028533891,2.5615826197063347,-24.599759506353063,-4.623512286982357e-09,143.2463854806572,-2.559506478449401e-14,7.205941028533891,0-1,0,850.0,850000,,,,,0,0.7031054874386756,0.25243767532527633,7.205941028533891,2.5615826197063347,4.083123496255193e-05,negative_hard,10.0,0,0,1,0,1,0,0,0,0,0,-1,0,0,0,0,0,0,0,0,0
sim_0000_n2_seed256,256,0.001,2,851.0,1,body_1,9.897616233308575,3.6886825746214664,5.465539167859298e-05,2.0460638973121922e-05,0.7438581992553509,0.28156048666844286,0,7.005769917108123,2.632436349774091,-24.599759555862548,-6.636112643023308e-09,143.24638548065732,-2.4801419364819775e-14,7.005769917108123,0-1,0,851.0,851000,,,,,0,0.7438581992553509,0.2815669394646609,7.005769917108123,2.632436349774091,4.0042207133727814e-05,negative_baseline,20.0,0,0,1,0,0,0,0,0,0,0,-1,0,0,0,0,0,0,0,0,0
sim_0000_n2_seed256,256,0.001,2,852.0,1,body_1,9.897616233308575,3.6886825746214664,5.384948713115056e-05,2.1025593306469648e-05,0.7793984378156212,0.307563119105484,0,6.844176202590257,2.691192196273833,-24.599759604908364,-8.629864513291138e-09,143.24638548065735,-2.4603008009901216e-14,6.844176202590257,0-1,0,852.0,852000,,,,,0,0.7793984378156212,0.30758083570766875,6.844176202590257,2.691192196273833,3.9451777035898873e-05,negative_baseline,20.0,1,1,0,0,0,0,0,0,0,0,-1,0,0,0,0,0,0,0,0,0
sim_0000_n2_seed256,256,0.001,2,852.8000000000001,1,body_1,9.897616233308575,3.6886825746214664,5.349372576427421e-05,2.1347114730798213e-05,0.7989007619165045,0.32205200593611505,0,6.760121937190778,2.722339095134976,-24.599759634268473,-9.82337655306665e-09,143.24638548065764,-2.2618894460715635e-14,6.760121937190778,0-1,0,852.8000000000001,852800,,,,,0,0.7989007619165045,0.3220796603827948,6.760121937190778,2.722339095134976,3.919113558337513e-05,negative_hard,10.0,1,1,0,1,0,0,1,0,0,0,-1,0,0,0,0,0,0,0,0,0
sim_0000_n2_seed256,256,0.001,2,853.0,1,body_1,9.897616233308575,3.6886825746214664,5.3451759232604114e-05,2.140327186801294e-05,0.8020652887951562,0.32441695141658744,0,6.74677281800392,2.7273238495856367,-24.59975963920106,-1.0023890208217572e-08,143.24638548065755,-2.321412852547131e-14,6.74677281800392,0-1,0,853.0,853000,,,,,0,0.8020652887951562,0.32444692326886665,6.74677281800392,2.7273238495856367,3.9160389671316927e-05,negative_baseline,20.0,1,1,0,1,0,0,1,0,0,0,-1,0,0,0,0,0,0,0,0,0
sim_0000_n2_seed256,256,0.001,2,853.3000000000001,1,body_1,9.897616233308575,3.6886825746214664,5.3426035675906016e-05,2.1467091799570383e-05,0.8053604607071879,0.32688355702606336,0,6.732956294462384,2.7324943209539785,-24.599759644387948,-1.0234741350347786e-08,143.24638548065747,-2.3809362590226985e-14,6.732956294462384,0-1,0,853.3000000000001,853300,,,,,0,0.8053604607071879,0.3269167215683817,6.732956294462384,2.7324943209539785,3.914154388531603e-05,negative_hard,10.0,1,1,0,1,0,0,1,0,0,0,-1,0,0,0,0,0,0,0,0,0
sim_0000_n2_seed256,256,0.001,2,853.8000000000001,1,body_1,9.897616233308575,3.6886825746214664,5.348397211778285e-05,2.1516201968075645e-05,0.8067918542320096,0.3279562978818728,0,6.726980906599637,2.7347339924207383,-24.599759646657112,-1.0326984708329931e-08,143.24638548065772,-2.202366039595996e-14,6.726980906599637,0-1,0,853.8000000000001,853800,,,,,0,0.8067918542320096,0.3279937503663185,6.726980906599637,2.7347339924207383,3.9183990020523096e-05,negative_hard,10.0,1,1,0,1,0,0,1,1,0,0,-1,0,0,0,0,0,0,0,0,0
sim_0000_n2_seed256,256,0.001,2,854.0,1,body_1,9.897616233308575,3.6886825746214664,5.354234247635957e-05,2.1515313895611906e-05,0.8059193040991923,0.32730228444327203,0,6.7306214945503084,2.7333691865533285,-24.59975964527269,-1.027070686250797e-08,143.24638548065758,-2.301571717055275e-14,6.7306214945503084,0-1,0,854.0,854000,,,,,0,0.8059193040991923,0.3273410154719954,6.7306214945503084,2.7333691865533285,3.922675397797739e-05,negative_baseline,20.0,1,1,0,1,0,0,1,0,0,0,-1,0,0,0,0,0,0,0,0,0
sim_0000_n2_seed256,256,0.001,2,854.3000000000001,1,body_1,9.897616233308575,3.6886825746214664,5.366678980484083e-05,2.1492055571818723e-05,0.8030874426357658,0.32518164862438387,0,6.742477871321635,2.728929899426861,-24.59975964080444,-1.0089068844215713e-08,143.24638548065764,-2.2618894460715635e-14,6.742477871321635,0-1,0,854.3000000000001,854300,,,,,0,0.8030874426357658,0.32522178146135083,6.742477871321635,2.728929899426861,3.9317927963649766e-05,negative_hard,10.0,1,1,0,1,0,0,1,0,0,0,-1,0,0,0,0,0,0,0,0,0
sim_0000_n2_seed256,256,0.001,2,855.0,1,body_1,9.897616233308575,3.6886825746214664,5.411972363321973e-05,2.1340159349505924e-05,0.7898652650470789,0.31532068029474264,0,6.798677482262403,2.708000973219273,-24.599759620445084,-9.261444688801583e-09,143.24638548065758,-2.301571717055275e-14,6.798677482262403,0-1,0,855.0,855000,,,,,0,0.7898652650470789,0.3153616610956167,6.798677482262403,2.708000973219273,3.964976126989116e-05,negative_baseline,20.0,1,1,0,0,0,0,0,0,0,0,-1,0,0,0,0,0,0,0,0,0
sim_0000_n2_seed256,256,0.001,2,856.0,1,body_1,9.897616233308575,3.6886825746214664,5.5100606608291245e-05,2.0923633258583446e-05,0.7583006476320028,0.29206228019326863,0,6.93873392037478,2.656635711109181,-24.599759575113513,-7.4186798608196e-09,143.24638548065718,-2.5793476139412566e-14,6.93873392037478,0-1,0,856.0,856000,,,,,0,0.7583006476320028,0.29209960319038025,6.93873392037478,2.656635711109181,4.0368386245983856e-05,negative_baseline,20.0,0,0,0,0,0,0,0,0,0,0,-1,0,0,0,0,0,0,0,1,0
sim_0000_n2_seed256,256,0.001,2,857.0,1,body_1,9.897616233308575,3.6886825746214664,5.63445176617695e-05,2.0356358378937203e-05,0.7186455765279373,0.26345158987040973,0,7.127604100518716,2.589066731296959,-24.59975952441318,-5.357670563461551e-09,143.24638548065715,-2.5991887494331125e-14,7.127604100518716,0-1,0,857.0,857000,,,,,0,0.7186455765279373,0.2634821986915898,7.127604100518716,2.589066731296959,4.127971353773088e-05,negative_baseline,20.0,0,0,1,0,0,1,0,0,0,0,-1,0,0,0,0,0,0,0,0,0
sim_0000_n2_seed256,256,0.001,2,858.0,1,body_1,9.897616233308575,3.6886825746214664,5.7688980632218136e-05,1.9737874190042797e-05,0.678069590524754,0.23494770238804522,0,7.337765245136563,2.5160110314450086,-24.599759479299003,-3.5237429805619217e-09,143.2463854806578,-2.1428426331204285e-14,7.337765245136563,0-1,0,858.0,858000,,,,,0,0.678069590524754,0.2349711292472422,7.337765245136563,2.5160110314450086,4.226470814746253e-05,negative_baseline,20.0,0,0,1,0,0,1,0,0,0,0,-1,0,0,0,0,0,0,0,0,0
sim_0000_n2_seed256,256,0.001,2,859.0,1,body_1,9.897616233308575,3.6886825746214664,5.897953836754675e-05,1.9151428119419287e-05,0.6416689224748128,0.21010200306457666,0,7.543023216390649,2.44665452765396,-24.599759444245652,-2.0987960985596534e-09,143.2463854806576,-2.2817305815634194e-14,7.543023216390649,0-1,0,859.0,859000,,,,,0,0.6416689224748128,0.2101190810230865,7.543023216390649,2.44665452765396,4.321021006172371e-05,negative_baseline,20.0,0,0,0,0,0,0,0,0,0,0,-1,0,0,0,0,0,0,0,1,0
sim_0000_n2_seed256,256,0.001,2,860.0,1,body_1,9.897616233308575,3.6886825746214664,6.008750420276179e-05,1.865592559860248e-05,0.6123202751178691,0.1906066622174112,0,7.721676935287422,2.387767194738393,-24.59975941945668,-1.0911044996154155e-09,143.24638548065755,-2.321412852547131e-14,7.721676935287422,0-1,0,860.0,860000,,,,,0,0.6123202751178691,0.1906185293024135,7.721676935287422,2.387767194738393,4.4021939519498615e-05,negative_baseline,20.0,0,0,0,0,0,0,0,0,0,0,-1,0,0,0,0,0,0,0,1,0
sim_0000_n2_seed256,256,0.001,2,861.0,1,body_1,9.897616233308575,3.6886825746214664,6.0916722747348e-05,1.828861693701942e-05,0.5913293953590483,0.17697324834301506,0,7.857532989765085,2.3438450601005063,-24.599759403511698,-4.429280786459359e-10,143.24638548065798,-2.0237958201692936e-14,7.857532989765085,0-1,0,861.0,861000,,,,,0,0.5913293953590483,0.17698089559867797,7.857532989765085,2.3438450601005063,4.4629450166316905e-05,negative_baseline,20.0,0,0,0,0,0,0,0,0,0,0,-1,0,0,0,0,0,0,0,1,0
sim_0000_n2_seed256,256,0.001,2,862.0,1,body_1,9.897616233308575,3.6886825746214664,6.14038998889992e-05,1.8071007262840886e-05,0.5791458618997597,0.16918298346708716,0,7.93975257093279,2.3176045353169523,-24.59975939490688,-9.313530002637784e-11,143.24638548065806,-1.964272413693726e-14,7.93975257093279,0-1,0,862.0,862000,,,,,0,0.5791458618997597,0.1691871432688666,7.93975257093279,2.3176045353169523,4.498637082040696e-05,negative_baseline,20.0,0,0,0,0,0,0,0,0,0,0,-1,0,0,0,0,0,0,0,1,0
sim_0000_n2_seed256,256,0.001,2,863.0,1,body_1,9.897616233308575,3.6886825746214664,6.151660702443363e-05,1.8013998573775435e-05,0.5758651353835408,0.1671009692514537,0,7.962336993179671,2.3104402092514302,-24.599759392668968,-2.162410658725696e-12,143.24638548065818,-1.884907871726303e-14,7.962336993179671,0-1,0,863.0,863000,,,,,0,0.5758651353835408,0.16710215252499072,7.962336993179671,2.3104402092514302,4.506894331198678e-05,negative_baseline,20.0,0,0,0,0,0,0,0,0,0,0,-1,0,0,0,0,0,0,0,1,0
sim_0000_n2_seed256,256,0.001,2,864.0,1,body_1,9.897616233308575,3.6886825746214664,6.125148895135892e-05,1.8121039037968494e-05,0.5814936026092338,0.17067701889557027,0,7.923708255703113,2.322705474849746,-24.59975939652869,-1.5906319044897995e-10,143.24638548065846,-1.6864965168077446e-14,7.923708255703113,0-1,0,864.0,864000,,,,,0,0.5814936026092338,0.17067561663456915,7.923708255703113,2.322705474849746,4.4874709532898186e-05,negative_baseline,20.0,0,0,0,0,0,0,0,0,0,0,-1,0,0,0,0,0,0,0,1,0
sim_0000_n2_seed256,256,0.001,2,865.0,1,body_1,9.897616233308575,3.6886825746214664,6.0633832583418455e-05,1.8389164775244125e-05,0.5960153768439493,0.1799937429366592,0,7.826583358821675,2.35378833291361,-24.5997594069465,-5.825555688865857e-10,143.24638548065846,-1.6864965168077446e-14,7.826583358821675,0-1,0,865.0,865000,,,,,0,0.5960153768439493,0.17999018354936874,7.826583358821675,2.35378833291361,4.442219546155919e-05,negative_baseline,20.0,0,0,0,0,0,0,0,0,0,0,-1,0,0,0,0,0,0,0,1,0
sim_0000_n2_seed256,256,0.001,2,866.0,1,body_1,9.897616233308575,3.6886825746214664,5.971866437685312e-05,1.8807953970010996e-05,0.6192764284110303,0.19518243384859535,0,7.6781867786769,2.401981295555431,-24.599759425063034,-1.3190072455701853e-09,143.24638548065877,-1.4682440263973306e-14,7.6781867786769,0-1,0,866.0,866000,,,,,0,0.6192764284110303,0.19517742849309977,7.6781867786769,2.401981295555431,4.375171517597557e-05,negative_baseline,20.0,0,0,0,0,0,0,0,0,0,0,-1,0,0,0,0,0,0,0,1,0
sim_0000_n2_seed256,256,0.001,2,867.0,1,body_1,9.897616233308575,3.6886825746214664,5.859263894976295e-05,1.935626595235556e-05,0.6506605498592886,0.21617246981815677,0,7.490722514938885,2.4641488546925725,-24.59975945244854,-2.4322501337708357e-09,143.24638548065877,-1.4682440263973306e-14,7.490722514938885,0-1,0,867.0,867000,,,,,0,0.6506605498592886,0.2161673782083595,7.490722514938885,2.4641488546925725,4.292675450829722e-05,negative_baseline,20.0,0,0,0,0,0,0,0,0,0,0,-1,0,0,0,0,0,0,0,1,0
sim_0000_n2_seed256,256,0.001,2,867.2,1,body_1,9.897616233308575,3.6886825746214664,5.835205513291485e-05,1.9478547237587922e-05,0.6577936976901828,0.22101986746249994,0,7.449996921174218,2.477854390638058,-24.599759459165966,-2.7053188549476195e-09,143.24638548065866,-1.547608568364754e-14,7.449996921174218,0-1,0,867.2,867200,,,,,0,0.6577936976901828,0.22101500994642242,7.449996921174218,2.477854390638058,4.27504954546799e-05,negative_hard,10.0,0,0,0,0,1,0,0,0,0,0,-1,0,0,0,0,0,0,0,0,0
sim_0000_n2_seed256,256,0.001,2,867.7,1,body_1,9.897616233308575,3.6886825746214664,5.774146987322185e-05,1.9798020180992415e-05,0.6766450629166514,0.23396209232335008,0,7.345485210879962,2.513367842898622,-24.599759477833196,-3.4641567460823704e-09,143.24638548065877,-1.4682440263973306e-14,7.345485210879962,0-1,0,867.7,867700,,,,,0,0.6766450629166514,0.23395831182743076,7.345485210879962,2.513367842898622,4.2303162055361966e-05,negative_hard,10.0,0,0,1,0,1,0,0,0,0,0,-1,0,0,0,0,0,0,0,0,0
sim_0000_n2_seed256,256,0.001,2,868.0,1,body_1,9.897616233308575,3.6886825746214664,5.7374792283039e-05,1.9996797194522953e-05,0.6885227672838612,0.24221212776285062,0,7.281851106438973,2.53523878774344,-24.59975949029375,-3.97068826450293e-09,143.24638548065866,-1.547608568364754e-14,7.281851106438973,0-1,0,868.0,868000,,,,,0,0.6885227672838612,0.24220938412805135,7.281851106438973,2.53523878774344,4.2034522869597335e-05,negative_baseline,20.0,0,0,1,0,1,0,0,0,0,0,-1,0,0,0,0,0,0,0,0,0
sim_0000_n2_seed256,256,0.001,2,868.2,1,body_1,9.897616233308575,3.6886825746214664,5.7132793903268885e-05,2.013116032674284e-05,0.6966113527805157,0.24787140620087533,0,7.239451674241173,2.5499185695750155,-24.59975949909626,-4.328517331181313e-09,143.24638548065872,-1.5079262973810424e-14,7.239451674241173,0-1,0,868.2,868200,,,,,0,0.6966113527805157,0.2478695377573308,7.239451674241173,2.5499185695750155,4.185722747985275e-05,negative_hard,10.0,0,0,1,0,1,0,0,0,0,0,-1,0,0,0,0,0,0,0,0,0
sim_0000_n2_seed256,256,0.001,2,868.7,1,body_1,9.897616233308575,3.6886825746214664,5.654584081542424e-05,2.0469045248782e-05,0.7171437118144959,0.26238219830625376,0,7.135063622401871,2.5864362911140852,-24.59975952262388,-5.284934105076953e-09,143.2463854806587,-1.527767432872898e-14,7.135063622401871,0-1,0,868.7,868700,,,,,0,0.7171437118144959,0.26238322172843265,7.135063622401871,2.5864362911140852,4.14272077726354e-05,negative_hard,10.0,0,0,1,0,1,0,0,0,0,0,-1,0,0,0,0,0,0,0,0,0
sim_0000_n2_seed256,256,0.001,2,869.0,1,body_1,9.897616233308575,3.6886825746214664,5.621266279787234e-05,2.0669712687093427e-05,0.7294487070705458,0.271175116357664,0,7.074627337612769,2.6078298759693386,-24.5997595375577,-5.892005804423165e-09,143.24638548065877,-1.4682440263973306e-14,7.074627337612769,0-1,0,869.0,869000,,,,,0,0.7294487070705458,0.2711783831179283,7.074627337612769,2.6078298759693386,4.11831114217713e-05,negative_baseline,20.0,0,0,1,0,0,0,0,0,0,0,-1,0,0,0,0,0,0,0,0,0
sim_0000_n2_seed256,256,0.001,2,870.0,1,body_1,9.897616233308575,3.6886825746214664,5.526909228107891e-05,2.128966587350192e-05,0.767725973399497,0.29896427652407254,0,6.896009172858454,2.6721875427198873,-24.599759588175175,-7.949646922967161e-09,143.24638548065872,-1.5079262973810424e-14,6.896009172858454,0-1,0,870.0,870000,,,,,0,0.767725973399497,0.2989776339498703,6.896009172858454,2.6721875427198873,4.049182303028302e-05,negative_baseline,20.0,0,0,0,0,0,0,0,0,0,0,-1,0,0,0,0,0,0,0,1,0
sim_0000_n2_seed256,256,0.001,2,871.0,1,body_1,9.897616233308575,3.6886825746214664,5.46964420555013e-05,2.175433633652289e-05,0.7958625859904864,0.3197850840446364,0,6.773012903689871,2.717535442645819,-24.59975962957706,-9.632666894948227e-09,143.24638548065892,-1.3690383489380515e-14,6.773012903689871,0-1,0,871.0,871000,,,,,0,0.7958625859904864,0.31981081949972406,6.773012903689871,2.717535442645819,4.007228223422965e-05,negative_baseline,20.0,1,1,0,0,0,0,0,0,0,0,-1,0,0,0,0,0,0,0,0,0
sim_0000_n2_seed256,256,0.001,2,871.5,1,body_1,9.897616233308575,3.6886825746214664,5.458533645556203e-05,2.189807566613638e-05,0.8038369526234423,0.3257426250159557,0,6.739333742999141,2.730106310792577,-24.599759641983,-1.0136978234442947e-08,143.24638548065883,-1.428561755413619e-14,6.739333742999141,0-1,0,871.5,871500,,,,,0,0.8038369526234423,0.32577414671397936,6.739333742999141,2.730106310792577,3.9990883014724615e-05,negative_hard,10.0,1,1,0,1,0,0,1,0,0,0,-1,0,0,0,0,0,0,0,0,0
sim_0000_n2_seed256,256,0.001,2,872.0,1,body_1,9.897616233308575,3.6886825746214664,5.4601556668780077e-05,2.1971115591161683e-05,0.8068963589547409,0.32803464766667056,0,6.726545271942015,2.7348973591146275,-24.599759646822825,-1.0333721065958034e-08,143.24638548065892,-1.3690383489380515e-14,6.726545271942015,0-1,0,872.0,872000,,,,,0,0.8068963589547409,0.3280708979925351,6.726545271942015,2.7348973591146275,4.0002766574301975e-05,negative_hard,10.0,1,1,0,1,0,0,1,1,0,0,-1,0,0,0,0,0,0,0,0,0
sim_0000_n2_seed256,256,0.001,2,872.5,1,body_1,9.897616233308575,3.6886825746214664,5.4746200897116455e-05,2.1969594068904058e-05,0.8048120733407899,0.32647277773838035,0,6.735249773612529,2.7316352565524826,-24.599759643520716,-1.0199487687659108e-08,143.24638548065886,-1.4087206199217632e-14,6.735249773612529,0-1,0,872.5,872500,,,,,0,0.8048120733407899,0.3265122465179932,6.735249773612529,2.7316352565524826,4.010873748331942e-05,negative_hard,10.0,1,1,0,1,0,0,1,0,0,0,-1,0,0,0,0,0,0,0,0,0
sim_0000_n2_seed256,256,0.001,2,873.0,1,body_1,9.897616233308575,3.6886825746214664,5.501470526089528e-05,2.1894283876489614e-05,0.7977404082314625,0.3211857952418435,0,6.765036619944238,2.7205065435530837,-24.59975963247142,-9.750324968784947e-09,143.24638548065872,-1.5079262973810424e-14,6.765036619944238,0-1,0,873.0,873000,,,,,0,0.7977404082314625,0.3212267550947142,6.765036619944238,2.7205065435530837,4.0305452099284477e-05,negative_baseline,20.0,1,1,0,0,0,0,0,0,0,0,-1,0,0,0,0,0,0,0,0,0
sim_0000_n2_seed256,256,0.001,2,874.0,1,body_1,9.897616233308575,3.6886825746214664,5.587937437192844e-05,2.154719923249369e-05,0.7709707487731331,0.3013489984326317,0,6.881482296286332,2.677498533423498,-24.599759592764432,-8.136203909204133e-09,143.24638548065866,-1.547608568364754e-14,6.881482296286332,0-1,0,874.0,874000,,,,,0,0.7709707487731331,0.3013881502374795,6.881482296286332,2.677498533423498,4.093893527815484e-05,negative_baseline,20.0,0,0,0,0,0,0,0,0,0,0,-1,0,0,0,0,0,0,0,1,0
sim_0000_n2_seed256,256,0.001,2,875.0,1,body_1,9.897616233308575,3.6886825746214664,5.7069337039283945e-05,2.1010256107938954e-05,0.7333225004661996,0.27395780963543453,0,7.055916652142199,2.6144915061016616,-24.59975954239122,-6.088492289252938e-09,143.24638548065866,-1.547608568364754e-14,7.055916652142199,0-1,0,875.0,875000,,,,,0,0.7333225004661996,0.27399099129655513,7.055916652142199,2.6144915061016616,4.18107383578607e-05,negative_baseline,20.0,0,0,1,0,0,0,0,0,0,0,-1,0,0,0,0,0,0,0,0,0
sim_0000_n2_seed256,256,0.001,2,876.0,1,body_1,9.897616233308575,3.6886825746214664,5.842275190767512e-05,2.038574995382615e-05,0.6923658651032013,0.2448968946565424,0,7.2616133900842295,2.542234796418206,-24.599759494443514,-4.139379547611047e-09,143.24638548065911,-1.2301504004950608e-14,7.2616133900842295,0-1,0,876.0,876000,,,,,0,0.6923658651032013,0.2449228438463476,7.2616133900842295,2.542234796418206,4.2802291415654264e-05,negative_baseline,20.0,0,0,1,0,0,1,0,0,0,0,-1,0,0,0,0,0,0,0,0,0
sim_0000_n2_seed256,256,0.001,2,877.0,1,body_1,9.897616233308575,3.6886825746214664,5.97761260162663e-05,1.9766424840538095e-05,0.6540301903557988,0.21845888110203168,0,7.471401054299089,2.470642026127921,-24.599759455598328,-2.560291475938536e-09,143.24638548065903,-1.2896738069706283e-14,7.471401054299089,0-1,0,877.0,877000,,,,,0,0.6540301903557988,0.21847810811603427,7.471401054299089,2.470642026127921,4.3793814528126275e-05,negative_baseline,20.0,0,0,0,0,0,1,0,0,0,0,-1,0,0,0,0,0,0,0,0,0
sim_0000_n2_seed256,256,0.001,2,878.0,1,body_1,9.897616233308575,3.6886825746214664,6.0987186661195815e-05,1.922136724869334e-05,0.6219351892574708,0.1969388406310188,0,7.661757151161278,2.407371006813259,-24.599759427249413,-1.4078853131516344e-09,143.24638548065894,-1.3491972134461958e-14,7.661757151161278,0-1,0,878.0,878000,,,,,0,0.6219351892574708,0.19695245148051707,7.661757151161278,2.407371006813259,4.4681074387224395e-05,negative_baseline,20.0,0,0,0,0,0,0,0,0,0,0,-1,0,0,0,0,0,0,0,1,0
sim_0000_n2_seed256,256,0.001,2,879.0,1,body_1,9.897616233308575,3.6886825746214664,6.194538437341513e-05,1.879585360902117e-05,0.5978616702775119,0.18118748997960654,0,7.814489137402806,2.3576838033354512,-24.599759408319102,-6.383529271468307e-10,143.24638548065914,-1.210309265003205e-14,7.814489137402806,0-1,0,879.0,879000,,,,,0,0.5978616702775119,0.1811965538714406,7.814489137402806,2.3576838033354512,4.5383079100885736e-05,negative_baseline,20.0,0,0,0,0,0,0,0,0,0,0,-1,0,0,0,0,0,0,0,1,0
sim_0000_n2_seed256,256,0.001,2,880.0,1,body_1,9.897616233308575,3.6886825746214664,6.257405908418718e-05,1.851688301894543e-05,0.5824956483180246,0.17131573356687668,0,7.916889891046456,2.324876083619599,-24.599759397225974,-1.8740834607355584e-10,143.24638548065903,-1.2896738069706283e-14,7.916889891046456,0-1,0,880.0,880000,,,,,0,0.5824956483180246,0.17132107637340688,7.916889891046456,2.324876083619599,4.584366518182196e-05,negative_baseline,20.0,0,0,0,0,0,0,0,0,0,0,-1,0,0,0,0,0,0,0,1,0
sim_0000_n2_seed256,256,0.001,2,881.0,1,body_1,9.897616233308575,3.6886825746214664,6.282888173525184e-05,1.8398960693786468e-05,0.5760176090010184,0.16719758319873773,0,7.961283095992303,2.3107741196493317,-24.59975939277208,-6.3539316998127106e-12,143.24638548065872,-1.5079262973810424e-14,7.961283095992303,0-1,0,881.0,881000,,,,,0,0.5760176090010184,0.1671997862278734,7.961283095992303,2.3107741196493317,4.603035582545396e-05,negative_baseline,20.0,0,0,0,0,0,0,0,0,0,0,-1,0,0,0,0,0,0,0,1,0
sim_0000_n2_seed256,256,0.001,2,882.0,1,body_1,9.897616233308575,3.6886825746214664,6.269575214769499e-05,1.8448082940920432e-05,0.5784486424730844,0.16873995274521822,0,7.944536126669036,2.316085528318567,-24.59975939442826,-7.367909208322235e-11,143.24638548065886,-1.4087206199217632e-14,7.944536126669036,0-1,0,882.0,882000,,,,,0,0.5784486424730844,0.16873943525466467,7.944536126669036,2.316085528318567,4.593282082586371e-05,negative_baseline,20.0,0,0,0,0,0,0,0,0,0,0,-1,0,0,0,0,0,0,0,1,0
sim_0000_n2_seed256,256,0.001,2,883.0,1,body_1,9.897616233308575,3.6886825746214664,6.218979061737858e-05,1.8663560364332617e-05,0.5897845078439845,0.17598037804468689,0,7.867817310216031,2.340549015138847,-24.59975940239446,-3.975115335653172e-10,143.24638548065855,-1.626973110332177e-14,7.867817310216031,0-1,0,883.0,883000,,,,,0,0.5897845078439845,0.17597753230813853,7.867817310216031,2.340549015138847,4.556213779000112e-05,negative_baseline,20.0,0,0,0,0,0,0,0,0,0,0,-1,0,0,0,0,0,0,0,1,0
sim_0000_n2_seed256,256,0.001,2,884.0,1,body_1,9.897616233308575,3.6886825746214664,6.135593096133756e-05,1.9037716591494287e-05,0.6099462622654026,0.1890515484864435,0,7.736689370700538,2.3828782102846957,-24.599759417580128,-1.0148210696300493e-09,143.2463854806588,-1.448402890905475e-14,7.736689370700538,0-1,0,884.0,884000,,,,,0,0.6099462622654026,0.18904694864135654,7.736689370700538,2.3828782102846957,4.4951226617154564e-05,negative_baseline,20.0,0,0,0,0,0,0,0,0,0,0,-1,0,0,0,0,0,0,0,1,0
sim_0000_n2_seed256,256,0.001,2,885.0,1,body_1,9.897616233308575,3.6886825746214664,6.027071213659198e-05,1.9553383459998215e-05,0.638535794058259,0.20799733234070278,0,7.5615063938047715,2.44050023421455,-24.599759441455145,-1.9853597296835853e-09,143.246385480659,-1.309514942462484e-14,7.5615063938047715,0-1,0,885.0,885000,,,,,0,0.638535794058259,0.2079920560593307,7.5615063938047715,2.44050023421455,4.415616209949248e-05,negative_baseline,20.0,0,0,0,0,0,0,0,0,0,0,-1,0,0,0,0,0,0,0,1,0
sim_0000_n2_seed256,256,0.001,2,885.4,1,body_1,9.897616233308575,3.6886825746214664,5.978969871019411e-05,1.9792849042744358e-05,0.6521054574902904,0.21715212534564352,0,7.4824191000850595,2.4669372852621834,-24.599759453794075,-2.4869471509632364e-09,143.24638548065892,-1.3690383489380515e-14,7.4824191000850595,0-1,0,885.4,885400,,,,,0,0.6521054574902904,0.21714707362297042,7.4824191000850595,2.4669372852621834,4.3803756966972144e-05,negative_hard,10.0,0,0,0,0,1,0,0,0,0,0,-1,0,0,0,0,0,0,0,0,0
sim_0000_n2_seed256,256,0.001,2,885.9,1,body_1,9.897616233308575,3.6886825746214664,5.916906074668001e-05,2.011286359718368e-05,0.6705112797971464,0.22973032908605712,0,7.379006675690153,2.5019227341969454,-24.599759471611566,-3.2112425067774768e-09,143.24638548065914,-1.210309265003205e-14,7.379006675690153,0-1,0,885.9,885900,,,,,0,0.6705112797971464,0.22972612358787203,7.379006675690153,2.5019227341969454,4.334905865097006e-05,negative_hard,10.0,0,0,0,0,1,0,0,0,0,0,-1,0,0,0,0,0,0,0,0,0
sim_0000_n2_seed256,256,0.001,2,886.0,1,body_1,9.897616233308575,3.6886825746214664,5.9043792032697014e-05,2.0179089980223956e-05,0.6743574031309744,0.23238150627051535,0,7.3579339093797875,2.5091114584498264,-24.599759475495798,-3.369139644754771e-09,143.24638548065928,-1.111103587543926e-14,7.3579339093797875,0-1,0,886.0,886000,,,,,0,0.6743574031309744,0.23237755866829313,7.3579339093797875,2.5091114584498264,4.325728297002559e-05,negative_baseline,20.0,0,0,0,0,1,0,0,0,0,0,-1,0,0,0,0,0,0,0,0,0
sim_0000_n2_seed256,256,0.001,2,886.4,1,body_1,9.897616233308575,3.6886825746214664,5.8544037389898016e-05,2.044932647249063e-05,0.6901755742726425,0.2433658546784796,0,7.273126725984894,2.538252322246601,-24.599759492071147,-4.042940913650452e-09,143.24638548065926,-1.1309447230357818e-14,7.273126725984894,0-1,0,886.4,886400,,,,,0,0.6901755742726425,0.24336327845135983,7.273126725984894,2.538252322246601,4.289114748217848e-05,negative_hard,10.0,0,0,1,0,1,0,0,0,0,0,-1,0,0,0,0,0,0,0,0,0
sim_0000_n2_seed256,256,0.001,2,886.9,1,body_1,9.897616233308575,3.6886825746214664,5.793445540178069e-05,2.079366422537545e-05,0.7105968577289827,0.25773313020751765,0,7.167856563108141,2.574905954834208,-24.599759514935045,-4.972376729549401e-09,143.246385480659,-1.309514942462484e-14,7.167856563108141,0-1,0,886.9,886900,,,,,0,0.7105968577289827,0.2577331216407515,7.167856563108141,2.574905954834208,4.244454915455999e-05,negative_hard,10.0,0,0,1,0,1,0,0,0,0,0,-1,0,0,0,0,0,0,0,0,0
sim_0000_n2_seed256,256,0.001,2,887.0,1,body_1,9.897616233308575,3.6886825746214664,5.781621727001457e-05,2.086260073420718e-05,0.714717155881816,0.2606566538946633,0,7.147165584848015,2.582174799133641,-24.599759519753366,-5.168245382762396e-09,143.24638548065903,-1.2896738069706283e-14,7.147165584848015,0-1,0,887.0,887000,,,,,0,0.714717155881816,0.26065728226019635,7.147165584848015,2.582174799133641,4.235792430166249e-05,negative_baseline,20.0,0,0,1,0,1,0,0,0,0,0,-1,0,0,0,0,0,0,0,0,0
sim_0000_n2_seed256,256,0.001,2,888.0,1,body_1,9.897616233308575,3.6886825746214664,5.6750948111058546e-05,2.1525871494434223e-05,0.7547441141733989,0.2894677309366605,0,6.955063186957773,2.650718477506132,-24.599759570286963,-7.222476729340018e-09,143.24638548065914,-1.210309265003205e-14,6.955063186957773,0-1,0,888.0,888000,,,,,0,0.7547441141733989,0.2894770501297972,6.955063186957773,2.650718477506132,4.157747576286027e-05,negative_baseline,20.0,0,0,0,0,0,0,0,0,0,0,-1,0,0,0,0,0,0,0,1,0
sim_0000_n2_seed256,256,0.001,2,889.0,1,body_1,9.897616233308575,3.6886825746214664,5.6011274688403455e-05,2.206849692347972e-05,0.7874186193382581,0.31350343550083953,0,6.809231623078666,2.7040912450066816,-24.599759616767294,-9.111939546987865e-09,143.24638548065917,-1.1904681295113492e-14,6.809231623078666,0-1,0,889.0,889000,,,,,0,0.7874186193382581,0.31352469370529534,6.809231623078666,2.7040912450066816,4.1035568676198765e-05,negative_baseline,20.0,1,1,0,0,0,0,0,0,0,0,-1,0,0,0,0,0,0,0,0,0
sim_0000_n2_seed256,256,0.001,2,889.7,1,body_1,9.897616233308575,3.6886825746214664,5.57594098975567e-05,2.232080314164919e-05,0.8018143800442818,0.3242293010729308,0,6.7478283565242805,2.726929310440531,-24.599759638807864,-1.0007906450810609e-08,143.24638548065894,-1.3491972134461958e-14,6.7478283565242805,0-1,0,889.7,889700,,,,,0,0.8018143800442818,0.32425907203467064,6.7478283565242805,2.726929310440531,4.085104503947127e-05,negative_hard,10.0,1,1,0,1,0,0,1,0,0,0,-1,0,0,0,0,0,0,0,0,0
sim_0000_n2_seed256,256,0.001,2,890.0,1,body_1,9.897616233308575,3.6886825746214664,5.5727429250029134e-05,2.238818799995949e-05,0.8052150353731895,0.3267746126188442,0,6.733564267593507,2.732266562851821,-24.599759644157565,-1.0225376103304014e-08,143.24638548065883,-1.428561755413619e-14,6.733564267593507,0-1,0,890.0,890000,,,,,0,0.8052150353731895,0.32680759906542584,6.733564267593507,2.732266562851821,4.082761512778733e-05,negative_baseline,20.0,1,1,0,1,0,0,1,0,0,0,-1,0,0,0,0,0,0,0,0,0
sim_0000_n2_seed256,256,0.001,2,890.2,1,body_1,9.897616233308575,3.6886825746214664,5.5732320578274445e-05,2.2418368073951107e-05,0.8064783954605218,0.3277213144890253,0,6.728288087504244,2.73424385690339,-24.59975964615907,-1.0306738952596002e-08,143.24638548065883,-1.428561755413619e-14,6.728288087504244,0-1,0,890.2,890200,,,,,0,0.8064783954605218,0.3277562082791912,6.728288087504244,2.73424385690339,4.083119872201755e-05,negative_hard,10.0,1,1,0,1,0,0,1,0,0,0,-1,0,0,0,0,0,0,0,0,0
sim_0000_n2_seed256,256,0.001,2,890.7,1,body_1,9.897616233308575,3.6886825746214664,5.583661512781397e-05,2.244054591499739e-05,0.8060302307052607,0.327385412876678,0,6.7301583415198385,2.7335427720344443,-24.59975964544818,-1.0277840665813815e-08,143.2463854806589,-1.3888794844299075e-14,6.7301583415198385,0-1,0,890.7,890700,,,,,0,0.8060302307052607,0.32742404108219647,6.7301583415198385,2.7335427720344443,4.0907608234178186e-05,negative_hard,10.0,1,1,0,1,0,0,1,0,0,0,-1,0,0,0,0,0,0,0,0,0
sim_0000_n2_seed256,256,0.001,2,891.0,1,body_1,9.897616233308575,3.6886825746214664,5.5961332391923564e-05,2.2417171092700932e-05,0.8033054175626486,0.3253447717756666,0,6.741563031958138,2.7292721360834515,-24.599759641146704,-1.010298218692933e-08,143.2463854806589,-1.3888794844299075e-14,6.741563031958138,0-1,0,891.0,891000,,,,,0,0.8033054175626486,0.3253848390772475,6.741563031958138,2.7292721360834515,4.09989799885243e-05,negative_baseline,20.0,1,1,0,1,0,0,1,0,0,0,-1,0,0,0,0,0,0,0,0,0
sim_0000_n2_seed256,256,0.001,2,891.2,1,body_1,9.897616233308575,3.6886825746214664,5.60695011731533e-05,2.23866261729823e-05,0.8005035817383598,0.32324936540842836,0,6.7533507703367786,2.724866223783502,-24.599759636760517,-9.924680141642208e-09,143.24638548065894,-1.3491972134461958e-14,6.7533507703367786,0-1,0,891.2,891200,,,,,0,0.8005035817383598,0.3232900409364073,6.7533507703367786,2.724866223783502,4.107822778962692e-05,negative_hard,10.0,1,1,0,1,0,0,1,0,0,0,-1,0,0,0,0,0,0,0,0,0
sim_0000_n2_seed256,256,0.001,2,892.0,1,body_1,9.897616233308575,3.6886825746214664,5.6686837239072876e-05,2.2153655989780375e-05,0.7822332992707473,0.309659878650344,0,6.8317630887366505,2.6957661794078986,-24.59975960906582,-8.798868467145007e-09,143.24638548065903,-1.2896738069706283e-14,6.8317630887366505,0-1,0,892.0,892000,,,,,0,0.7822332992707473,0.30970031988622393,6.8317630887366505,2.6957661794078986,4.1530507210563884e-05,negative_baseline,20.0,1,1,0,0,0,0,0,0,0,0,-1,0,0,0,0,0,0,0,0,0
sim_0000_n2_seed256,256,0.001,2,893.0,1,body_1,9.897616233308575,3.6886825746214664,5.7797441134490674e-05,2.166243724804617e-05,0.7475911495797628,0.28426613999197425,0,6.988257056418381,2.6387348427845,-24.59975956075005,-6.834793599900055e-09,143.2463854806593,-1.09126245205207e-14,6.988257056418381,0-1,0,893.0,893000,,,,,0,0.7475911495797628,0.28430174473795516,6.988257056418381,2.6387348427845,4.234416965956125e-05,negative_baseline,20.0,0,0,1,0,0,0,0,0,0,0,-1,0,0,0,0,0,0,0,0,0
sim_0000_n2_seed256,256,0.001,2,894.0,1,body_1,9.897616233308575,3.6886825746214664,5.913678234426179e-05,2.1044383300593207e-05,0.7070227056662033,0.2552037535673841,0,7.185951253202852,2.5685667825012506,-24.59975951081158,-4.804754592644887e-09,143.24638548065963,-8.73009961641656e-15,7.185951253202852,0-1,0,894.0,894000,,,,,0,0.7070227056662033,0.255232302385892,7.185951253202852,2.5685667825012506,4.332541194393974e-05,negative_baseline,20.0,0,0,1,0,0,1,0,0,0,0,-1,0,0,0,0,0,0,0,0,0
sim_0000_n2_seed256,256,0.001,2,895.0,1,body_1,9.897616233308575,3.6886825746214664,6.0535180448451173e-05,2.0400285761368698e-05,0.6672127257531937,0.22746281240344463,0,7.397224286452709,2.4957244631968285,-24.599759468324795,-3.0776325925013714e-09,143.24638548066014,-5.1586952278825136e-15,7.397224286452709,0-1,0,895.0,895000,,,,,0,0.6672127257531937,0.22748433657926623,7.397224286452709,2.4957244631968285,4.4349921017867257e-05,negative_baseline,20.0,0,0,0,0,0,1,0,0,0,0,-1,0,0,0,0,0,0,0,0,0
sim_0000_n2_seed256,256,0.001,2,896.0,1,body_1,9.897616233308575,3.6886825746214664,6.183770453342038e-05,1.9809859864932867e-05,0.6325933220550899,0.20402068815794527,0,7.596939116212824,2.428742936472086,-24.599759436258537,-1.7741134526063159e-09,143.24638548066062,-1.7857021942670238e-15,7.596939116212824,0-1,0,896.0,896000,,,,,0,0.6325933220550899,0.2040361821336974,7.596939116212824,2.428742936472086,4.530418978728402e-05,negative_baseline,20.0,0,0,0,0,0,0,0,0,0,0,-1,0,0,0,0,0,0,0,1,0
sim_0000_n2_seed256,256,0.001,2,897.0,1,body_1,9.897616233308575,3.6886825746214664,6.291915564921444e-05,1.9327483803192065e-05,0.6055199583711506,0.18616099319328544,0,7.764915181883415,2.3737102989912326,-24.599759414131658,-8.746379930804355e-10,143.24638548066048,-2.777758968859815e-15,7.764915181883415,0-1,0,897.0,897000,,,,,0,0.6055199583711506,0.18617157997276357,7.764915181883415,2.3737102989912326,4.6096493700337956e-05,negative_baseline,20.0,0,0,0,0,0,0,0,0,0,0,-1,0,0,0,0,0,0,0,1,0
sim_0000_n2_seed256,256,0.001,2,898.0,1,body_1,9.897616233308575,3.6886825746214664,6.368878008218968e-05,1.8986630624978626e-05,0.5869915180008658,0.1741890870536452,0,7.8865131988548836,2.3345672987111237,-24.599759400393694,-3.161787237722286e-10,143.24638548066005,-5.753929292638188e-15,7.8865131988548836,0-1,0,898.0,898000,,,,,0,0.5869915180008658,0.17419568694056103,7.8865131988548836,2.3345672987111237,4.6660343839161655e-05,negative_baseline,20.0,0,0,0,0,0,0,0,0,0,0,-1,0,0,0,0,0,0,0,1,0
sim_0000_n2_seed256,256,0.001,2,899.0,1,body_1,9.897616233308575,3.6886825746214664,6.408959412647843e-05,1.8806069555256017e-05,0.5773176692066813,0.16802194794128497,0,7.952314047122697,2.3136174454817975,-24.59975939365502,-4.224622258143044e-11,143.24638548066017,-4.960283872963955e-15,7.952314047122697,0-1,0,899.0,899000,,,,,0,0.5773176692066813,0.1680252234976473,7.952314047122697,2.3136174454817975,4.695399222001087e-05,negative_baseline,20.0,0,0,0,0,0,0,0,0,0,0,-1,0,0,0,0,0,0,0,1,0
sim_0000_n2_seed256,256,0.001,2,900.0,1,body_1,9.897616233308575,3.6886825746214664,6.409617563685187e-05,1.8794684984545247e-05,0.5765511683073652,0.16753578405623046,0,7.957598427447681,2.311941863421178,-24.599759393133393,-2.1041658034085202e-11,143.2463854806606,-1.984113549185582e-15,7.957598427447681,0-1,0,900.0,900000,,,,,0,0.5765511683073652,0.16753619996876454,7.957598427447681,2.311941863421178,4.695881381961934e-05,negative_baseline,20.0,0,0,0,0,0,0,0,0,0,0,-1,0,0,0,0,0,0,0,1,0
sim_0000_n2_seed256,256,0.001,2,901.0,1,body_1,9.897616233308575,3.6886825746214664,6.371312117730032e-05,1.8954122867690145e-05,0.5846931827162142,0.17271864071958498,0,7.901998306738119,2.329622740868871,-24.599759398765997,-2.5001152830310886e-10,143.24638548066073,-9.92056774592791e-16,7.901998306738119,0-1,0,901.0,901000,,,,,0,0.5846931827162142,0.1727165795952483,7.901998306738119,2.329622740868871,4.66781762385209e-05,negative_baseline,20.0,0,0,0,0,0,0,0,0,0,0,-1,0,0,0,0,0,0,0,1,0
sim_0000_n2_seed256,256,0.001,2,902.0,1,body_1,9.897616233308575,3.6886825746214664,6.29750608092555e-05,1.927925497483676e-05,0.6017088128956456,0.18368152685690117,0,7.789467347849813,2.3657610360537094,-24.599759411214784,-7.560647254719682e-10,143.2463854806605,-2.5793476139412568e-15,7.789467347849813,0-1,0,902.0,902000,,,,,0,0.6017088128956456,0.1836774671626577,7.789467347849813,2.3657610360537094,4.613745053235775e-05,negative_baseline,20.0,0,0,0,0,0,0,0,0,0,0,-1,0,0,0,0,0,0,0,1,0
sim_0000_n2_seed256,256,0.001,2,903.0,1,body_1,9.897616233308575,3.6886825746214664,6.194815429539746e-05,1.97564433385749e-05,0.6273565309548315,0.20053292269018302,0,7.628580538284899,2.4182882930998226,-24.59975943178236,-1.5921532318042332e-09,143.24638548066073,-9.92056774592791e-16,7.628580538284899,0-1,0,903.0,903000,,,,,0,0.6273565309548315,0.2005277163501674,7.628580538284899,2.4182882930998226,4.538510737819454e-05,negative_baseline,20.0,0,0,0,0,0,0,0,0,0,0,-1,0,0,0,0,0,0,0,1,0
sim_0000_n2_seed256,256,0.001,2,904.0,1,body_1,9.897616233308575,3.6886825746214664,6.073200134601359e-05,2.0359460250617192e-05,0.6607977153617807,0.22306954574451723,0,7.433043612385903,2.4835815034863935,-24.59975946205037,-2.8225721176525434e-09,143.24638548066096,5.952340647556746e-16,7.433043612385903,0-1,0,904.0,904000,,,,,0,0.6607977153617807,0.22306481487367413,7.433043612385903,2.4835815034863935,4.449411658112135e-05,negative_baseline,20.0,0,0,0,0,1,0,0,0,0,0,-1,0,0,0,0,0,0,0,0,0
sim_0000_n2_seed256,256,0.001,2,904.1,1,body_1,9.897616233308575,3.6886825746214664,6.060482468923745e-05,2.0425150290052645e-05,0.664505641167588,0.2256062048346649,0,7.412276497830464,2.4906145969723,-24.599759465657996,-2.9692250956982003e-09,143.24638548066102,9.92056774592791e-16,7.412276497830464,0-1,0,904.1,904100,,,,,0,0.664505641167588,0.22560165347720643,7.412276497830464,2.4906145969723,4.440094308243966e-05,negative_hard,10.0,0,0,0,0,1,0,0,0,0,0,-1,0,0,0,0,0,0,0,0,0
sim_0000_n2_seed256,256,0.001,2,904.6,1,body_1,9.897616233308575,3.6886825746214664,5.9965505103583714e-05,2.0763937748186195e-05,0.6838174169998279,0.23893520950084007,0,7.306861379027547,2.526619980579388,-24.599759485291038,-3.7673240342112924e-09,143.24638548066093,3.968227098371164e-16,7.306861379027547,0-1,0,904.6,904600,,,,,0,0.6838174169998279,0.23893202061738586,7.306861379027547,2.526619980579388,4.393255806359023e-05,negative_hard,10.0,0,0,1,0,1,0,0,0,0,0,-1,0,0,0,0,0,0,0,0,0
sim_0000_n2_seed256,256,0.001,2,905.0,1,body_1,9.897616233308575,3.6886825746214664,5.94595355173649e-05,2.104331098213636e-05,0.6999649438876219,0.25022738440474107,0,7.222088440183959,2.555955323653769,-24.59975950282151,-4.479951788695953e-09,143.24638548066093,3.968227098371164e-16,7.222088440183959,0-1,0,905.0,905000,,,,,0,0.6999649438876219,0.2502259208922548,7.222088440183959,2.555955323653769,4.356186933654996e-05,negative_baseline,20.0,0,0,1,0,1,0,0,0,0,0,-1,0,0,0,0,0,0,0,0,0
sim_0000_n2_seed256,256,0.001,2,905.1,1,body_1,9.897616233308575,3.6886825746214664,5.933518829247971e-05,2.1113684488724126e-05,0.7040615880673061,0.25311291944487324,0,7.201046609183613,2.563290837058539,-24.599759507434467,-4.66747220520771e-09,143.246385480661,7.936454196742328e-16,7.201046609183613,0-1,0,905.1,905100,,,,,0,0.7040615880673061,0.2531119851887434,7.201046609183613,2.563290837058539,4.3470768775098196e-05,negative_hard,10.0,0,0,1,0,1,0,0,0,0,0,-1,0,0,0,0,0,0,0,0,0
sim_0000_n2_seed256,256,0.001,2,906.0,1,body_1,9.897616233308575,3.6886825746214664,5.8290806645436325e-05,2.1737974277520306e-05,0.740822325028779,0.2793646436497447,0,7.0201099893075884,2.627291179804216,-24.599759551930706,-6.4762801236770445e-09,143.2463854806608,-5.952340647556746e-16,7.0201099893075884,0-1,0,906.0,906000,,,,,0,0.740822325028779,0.27937037082605815,7.0201099893075884,2.627291179804216,4.270562304533169e-05,negative_baseline,20.0,0,0,1,0,0,0,0,0,0,0,-1,0,0,0,0,0,0,0,0,0
sim_0000_n2_seed256,256,0.001,2,907.0,1,body_1,9.897616233308575,3.6886825746214664,5.7395771161866754e-05,2.234776684050166e-05,0.7770325426527853,0.30581570848741385,0,6.854587797647651,2.6873625331713495,-24.59975960146542,-8.489906010879928e-09,143.24638548066085,-1.984113549185582e-16,6.854587797647651,0-1,0,907.0,907000,,,,,0,0.7770325426527853,0.30583247457220836,6.854587797647651,2.6873625331713495,4.204989296858558e-05,negative_baseline,20.0,1,1,0,0,0,0,0,0,0,0,-1,0,0,0,0,0,0,0,0,0
sim_0000_n2_seed256,256,0.001,2,907.85,1,body_1,9.897616233308575,3.6886825746214664,5.696328155931564e-05,2.2718848795505996e-05,0.7984220741174618,0.32169460033760555,0,6.762148123035147,2.7215834123112757,-24.59975963352551,-9.793174580916379e-09,143.24638548066073,-9.92056774592791e-16,6.762148123035147,0-1,0,907.85,907850,,,,,0,0.7984220741174618,0.3217219365390374,6.762148123035147,2.7215834123112757,4.1733038133498375e-05,negative_hard,10.0,1,1,0,1,0,0,1,0,0,0,-1,0,0,0,0,0,0,0,0,0
sim_0000_n2_seed256,256,0.001,2,908.0,1,body_1,9.897616233308575,3.6886825746214664,5.692399168113978e-05,2.2765332736790536e-05,0.8009408445563123,0.3235761849167018,0,6.751507068423766,2.7255548000328087,-24.59975963744192,-9.95237973688179e-09,143.24638548066076,-7.936454196742328e-16,6.751507068423766,0-1,0,908.0,908000,,,,,0,0.8009408445563123,0.3236052831801078,6.751507068423766,2.7255548000328087,4.170425321588358e-05,negative_baseline,20.0,1,1,0,1,0,0,1,0,0,0,-1,0,0,0,0,0,0,0,0,0
sim_0000_n2_seed256,256,0.001,2,908.35,1,body_1,9.897616233308575,3.6886825746214664,5.6878306954090855e-05,2.284863446999624e-05,0.8051399232408282,0.3267183459751517,0,6.7338783500036,2.7321489103832786,-24.599759644038194,-1.0220523568866481e-08,143.2463854806607,-1.1904681295113491e-15,6.7338783500036,0-1,0,908.35,908350,,,,,0,0.8051399232408282,0.3267512427927609,6.7338783500036,2.7321489103832786,4.1670783298120884e-05,negative_hard,10.0,1,1,0,1,0,0,1,0,0,0,-1,0,0,0,0,0,0,0,0,0
sim_0000_n2_seed256,256,0.001,2,908.85,1,body_1,9.897616233308575,3.6886825746214664,5.6926820826272996e-05,2.2903192041107508e-05,0.806845942877136,0.32799684897388487,0,6.726755424037343,2.7348185488719814,-24.59975964674224,-1.0330445171950696e-08,143.2463854806606,-1.984113549185582e-15,6.726755424037343,0-1,0,908.85,908850,,,,,0,0.806845942877136,0.3280341107359415,6.726755424037343,2.7348185488719814,4.170632619247816e-05,negative_hard,10.0,1,1,0,1,0,0,1,1,0,0,-1,0,0,0,0,0,0,0,0,0
sim_0000_n2_seed256,256,0.001,2,909.0,1,body_1,9.897616233308575,3.6886825746214664,5.6967511620299625e-05,2.290435473341637e-05,0.806351108984199,0.327625905044601,0,6.728819113181484,2.7340447748658483,-24.59975964595651,-1.0298504663801644e-08,143.2463854806606,-1.984113549185582e-15,6.728819113181484,0-1,0,909.0,909000,,,,,0,0.806351108984199,0.32766417756219135,6.728819113181484,2.7340447748658483,4.173613755403193e-05,negative_baseline,20.0,1,1,0,1,0,0,1,0,0,0,-1,0,0,0,0,0,0,0,0,0
sim_0000_n2_seed256,256,0.001,2,909.35,1,body_1,9.897616233308575,3.6886825746214664,5.710849427025223e-05,2.2879793798293257e-05,0.8034120760511103,0.3254245969706741,0,6.741115522634828,2.7294395651972185,-24.599759641313845,-1.0109776601665881e-08,143.24638548066065,-1.5872908393484656e-15,6.741115522634828,0-1,0,909.35,909350,,,,,0,0.8034120760511103,0.32546463066670145,6.741115522634828,2.7294395651972185,4.183942584383849e-05,negative_hard,10.0,1,1,0,1,0,0,1,0,0,0,-1,0,0,0,0,0,0,0,0,0
sim_0000_n2_seed256,256,0.001,2,910.0,1,body_1,9.897616233308575,3.6886825746214664,5.753291210021801e-05,2.2736918002248457e-05,0.7917290373514702,0.31670657252840695,0,6.7906705429232606,2.7109714346451304,-24.59975962326407,-9.376038733750607e-09,143.24638548066093,3.968227098371164e-16,6.7906705429232606,0-1,0,910.0,910000,,,,,0,0.7917290373514702,0.31674761839812215,6.7906705429232606,2.7109714346451304,4.215036745925853e-05,negative_baseline,20.0,1,1,0,0,0,0,0,0,0,0,-1,0,0,0,0,0,0,0,0,0
sim_0000_n2_seed256,256,0.001,2,911.0,1,body_1,9.897616233308575,3.6886825746214664,5.853859326591825e-05,2.230725176845829e-05,0.7611079540835075,0.29411408464421257,0,6.925925522069513,2.6612873516232347,-24.599759578961237,-7.575092932014748e-09,143.24638548066113,1.7857021942670238e-15,6.925925522069513,0-1,0,911.0,911000,,,,,0,0.7611079540835075,0.294151836169714,6.925925522069513,2.6612873516232347,4.288716034389483e-05,negative_baseline,20.0,0,0,0,0,0,0,0,0,0,0,-1,0,0,0,0,0,0,0,1,0
sim_0000_n2_seed256,256,0.001,2,912.0,1,body_1,9.897616233308575,3.6886825746214664,5.983908618903883e-05,2.1709744532428404e-05,0.7218001774265883,0.2657012730314176,0,7.1120115805774935,2.594574260286474,-24.599759528199705,-5.511595844233458e-09,143.24638548066147,4.1666384532897224e-15,7.1120115805774935,0-1,0,912.0,912000,,,,,0,0.7218001774265883,0.265732438704163,7.1120115805774935,2.594574260286474,4.3839941213249386e-05,negative_baseline,20.0,0,0,1,0,0,1,0,0,0,0,-1,0,0,0,0,0,0,0,0,0
sim_0000_n2_seed256,256,0.001,2,913.0,1,body_1,9.897616233308575,3.6886825746214664,6.126222238553789e-05,2.1050768919964016e-05,0.6810838260295407,0.23703667774970238,0,7.321510066761394,2.521585651767357,-24.59975948242467,-3.6508038508160383e-09,143.24638548066164,5.357106582801071e-15,7.321510066761394,0-1,0,913.0,913000,,,,,0,0.6810838260295407,0.23706063487710544,7.321510066761394,2.521585651767357,4.4882574186417435e-05,negative_baseline,20.0,0,0,1,0,0,1,0,0,0,0,-1,0,0,0,0,0,0,0,0,0
sim_0000_n2_seed256,256,0.001,2,914.0,1,body_1,9.897616233308575,3.6886825746214664,6.264200525025863e-05,2.042058986969003e-05,0.6442359834983741,0.21183051196254435,0,7.527980026425198,2.451674248121335,-24.599759446556583,-2.1927372659122646e-09,143.24638548066167,5.55551793771963e-15,7.527980026425198,0-1,0,914.0,914000,,,,,0,0.6442359834983741,0.21184803648536657,7.527980026425198,2.451674248121335,4.589344510176464e-05,negative_baseline,20.0,0,0,0,0,0,0,0,0,0,0,-1,0,0,0,0,0,0,0,1,0
sim_0000_n2_seed256,256,0.001,2,915.0,1,body_1,9.897616233308575,3.6886825746214664,6.383867826694892e-05,1.9883669310617e-05,0.6142850323657401,0.1918962054807734,0,7.709318363578459,2.391798666781335,-24.59975942102237,-1.1547509767490381e-09,143.24638548066181,6.54757471231242e-15,7.709318363578459,0-1,0,915.0,915000,,,,,0,0.6142850323657401,0.1919084340123758,7.709318363578459,2.391798666781335,4.677016409394188e-05,negative_baseline,20.0,0,0,0,0,0,0,0,0,0,0,-1,0,0,0,0,0,0,0,1,0
sim_0000_n2_seed256,256,0.001,2,916.0,1,body_1,9.897616233308575,3.6886825746214664,6.474676924806693e-05,1.9481031196717287e-05,0.5926300586014013,0.17781029069308715,0,7.848905669999888,2.346613127965244,-24.59975940445674,-4.813448428004131e-10,143.246385480662,7.936454196742328e-15,7.848905669999888,0-1,0,916.0,916000,,,,,0,0.5926300586014013,0.17781823238167035,7.848905669999888,2.346613127965244,4.743545904345347e-05,negative_baseline,20.0,0,0,0,0,0,0,0,0,0,0,-1,0,0,0,0,0,0,0,1,0
sim_0000_n2_seed256,256,0.001,2,917.0,1,body_1,9.897616233308575,3.6886825746214664,6.52958551766185e-05,1.9236502938829614e-05,0.5797653306664128,0.1695768632108014,0,7.935509696283505,2.3189525487670837,-24.599759395331912,-1.1041321103735141e-10,143.246385480662,7.936454196742328e-15,7.935509696283505,0-1,0,917.0,917000,,,,,0,0.5797653306664128,0.16958127008002935,7.935509696283505,2.3189525487670837,4.7837735917498526e-05,negative_baseline,20.0,0,0,0,0,0,0,0,0,0,0,-1,0,0,0,0,0,0,0,1,0
sim_0000_n2_seed256,256,0.001,2,918.0,1,body_1,9.897616233308575,3.6886825746214664,6.544853509806772e-05,1.9162313492063418e-05,0.5758013057133897,0.16706052829824658,0,7.962778307965488,2.3103003976725267,-24.599759392624463,-3.5325295339898835e-13,143.24638548066224,9.523745036090793e-15,7.962778307965488,0-1,0,918.0,918000,,,,,0,0.5758013057133897,0.16706192528558933,7.962778307965488,2.3103003976725267,4.79495936555915e-05,negative_baseline,20.0,0,0,0,0,0,0,0,0,0,0,-1,0,0,0,0,0,0,0,1,0
sim_0000_n2_seed256,256,0.001,2,919.0,1,body_1,9.897616233308575,3.6886825746214664,6.519844821368688e-05,1.926260177747157e-05,0.5807465200818477,0.17020122553795083,0,7.928803216429452,2.321084622055819,-24.59975939600949,-1.37957265217731e-10,143.24638548066238,1.0515801810683585e-14,7.928803216429452,0-1,0,919.0,919000,,,,,0,0.5807465200818477,0.17020000810486854,7.928803216429452,2.321084622055819,4.776637216007459e-05,negative_baseline,20.0,0,0,0,0,0,0,0,0,0,0,-1,0,0,0,0,0,0,0,1,0
sim_0000_n2_seed256,256,0.001,2,920.0,1,body_1,9.897616233308575,3.6886825746214664,6.456967676750606e-05,1.95346769856332e-05,0.5945885151492616,0.179072600782101,0,7.835968639544441,2.3507692502510715,-24.599759405891817,-5.39681838503635e-10,143.24638548066255,1.1706269940194933e-14,7.835968639544441,0-1,0,920.0,920000,,,,,0,0.5945885151492616,0.17906918716650547,7.835968639544441,2.3507692502510715,4.730571483359208e-05,negative_baseline,20.0,0,0,0,0,0,0,0,0,0,0,-1,0,0,0,0,0,0,0,1,0
sim_0000_n2_seed256,256,0.001,2,921.0,1,body_1,9.897616233308575,3.6886825746214664,6.36177948313379e-05,1.9968061918218053e-05,0.6171924151416124,0.1938085910265208,0,7.691138945512952,2.397740098022634,-24.599759423365022,-1.2499816762442901e-09,143.24638548066224,9.523745036090793e-15,7.691138945512952,0-1,0,921.0,921000,,,,,0,0.6171924151416124,0.1938036593243332,7.691138945512952,2.397740098022634,4.6608336953796216e-05,negative_baseline,20.0,0,0,0,0,0,0,0,0,0,0,-1,0,0,0,0,0,0,0,1,0
sim_0000_n2_seed256,256,0.001,2,922.0,1,body_1,9.897616233308575,3.6886825746214664,6.243186907143758e-05,2.0541195512693348e-05,0.6479943807308912,0.2143678055871407,0,7.506116963314283,2.458987131749028,-24.59975944998454,-2.332086457526095e-09,143.24638548066218,9.126922326253677e-15,7.506116963314283,0-1,0,922.0,922000,,,,,0,0.6479943807308912,0.21436265037845487,7.506116963314283,2.458987131749028,4.573949149657601e-05,negative_baseline,20.0,0,0,0,0,0,0,0,0,0,0,-1,0,0,0,0,0,0,0,1,0
sim_0000_n2_seed256,256,0.001,2,922.25,1,body_1,9.897616233308575,3.6886825746214664,6.211256220549814e-05,2.070229498270078e-05,0.6568269462428423,0.2203612791947253,0,7.4554775482400135,2.476005690890184,-24.599759458243497,-2.66781973971624e-09,143.24638548066213,8.73009961641656e-15,7.4554775482400135,0-1,0,922.25,922250,,,,,0,0.6568269462428423,0.22035638447439546,7.4554775482400135,2.476005690890184,4.550555754190403e-05,negative_hard,10.0,0,0,0,0,1,0,0,0,0,0,-1,0,0,0,0,0,0,0,0,0
sim_0000_n2_seed256,256,0.001,2,922.75,1,body_1,9.897616233308575,3.6886825746214664,6.146193601702753e-05,2.1040551638483633e-05,0.67560619218982,0.23324397888847703,0,7.351130569356335,2.511436723395338,-24.599759476768334,-3.4208692504862194e-09,143.24638548066196,7.539631486905212e-15,7.351130569356335,0-1,0,922.75,922750,,,,,0,0.67560619218982,0.23324012122909624,7.351130569356335,2.511436723395338,4.5028888956484247e-05,negative_hard,10.0,0,0,1,0,1,0,0,0,0,0,-1,0,0,0,0,0,0,0,0,0
sim_0000_n2_seed256,256,0.001,2,923.0,1,body_1,9.897616233308575,3.6886825746214664,6.113549011692402e-05,2.1215794863924642e-05,0.6854535891750348,0.2400733972775991,0,7.29813545922497,2.5296236481293914,-24.599759487020222,-3.837616750476322e-09,143.246385480662,7.936454196742328e-15,7.29813545922497,0-1,0,923.0,923000,,,,,0,0.6854535891750348,0.2400703580047761,7.29813545922497,2.5296236481293914,4.478972474472724e-05,negative_baseline,20.0,0,0,1,0,1,0,0,0,0,0,-1,0,0,0,0,0,0,0,0,0
sim_0000_n2_seed256,256,0.001,2,923.25,1,body_1,9.897616233308575,3.6886825746214664,6.081170660663646e-05,2.1393657611465804e-05,0.6955254797620329,0.24710975367501278,0,7.245100683237429,2.547957719900618,-24.599759497898354,-4.279821570417997e-09,143.24638548066207,8.333276906579445e-15,7.245100683237429,0-1,0,923.25,923250,,,,,0,0.6955254797620329,0.24710775948037145,7.245100683237429,2.547957719900618,4.4552511086547076e-05,negative_hard,10.0,0,0,1,0,1,0,0,0,0,0,-1,0,0,0,0,0,0,0,0,0
sim_0000_n2_seed256,256,0.001,2,923.75,1,body_1,9.897616233308575,3.6886825746214664,6.0182851086945644e-05,2.1752195422117536e-05,0.7160440076326648,0.2615998417059287,0,7.140540554596222,2.584506767525046,-24.59975952131881,-5.231881894869941e-09,143.24638548066244,1.09126245205207e-14,7.140540554596222,0-1,0,923.75,923750,,,,,0,0.7160440076326648,0.2616006842308886,7.140540554596222,2.584506767525046,4.4091792405181526e-05,negative_hard,10.0,0,0,1,0,1,0,0,0,0,0,-1,0,0,0,0,0,0,0,0,0
sim_0000_n2_seed256,256,0.001,2,924.0,1,body_1,9.897616233308575,3.6886825746214664,5.988326454510542e-05,2.193006921652267e-05,0.7263168432674705,0.26893043608866973,0,7.089863756783013,2.602418665368815,-24.599759533695213,-5.734992665353375e-09,143.2463854806625,1.1309447230357818e-14,7.089863756783013,0-1,0,924.0,924000,,,,,0,0.7263168432674705,0.2689330925226979,7.089863756783013,2.602418665368815,4.3872306203807924e-05,negative_baseline,20.0,0,0,1,0,0,0,0,0,0,0,-1,0,0,0,0,0,0,0,0,0
sim_0000_n2_seed256,256,0.001,2,925.0,1,body_1,9.897616233308575,3.6886825746214664,5.8847828742028854e-05,2.259507828899278e-05,0.7650491686651675,0.2970002876246727,0,6.9080627455658,2.6677897607240117,-24.599759584423783,-7.797149818178968e-09,143.24638548066247,1.111103587543926e-14,6.9080627455658,0-1,0,925.0,925000,,,,,0,0.7650491686651675,0.2970127500997175,6.9080627455658,2.6677897607240117,4.311371456095193e-05,negative_baseline,20.0,0,0,0,0,0,0,0,0,0,0,-1,0,0,0,0,0,0,0,1,0
sim_0000_n2_seed256,256,0.001,2,926.0,1,body_1,9.897616233308575,3.6886825746214664,5.819359705624579e-05,2.3102650363326592e-05,0.7942371518182915,0.31857373184973425,0,6.779939965546069,2.7149582107052903,-24.599759627084246,-9.53133196708776e-09,143.24638548066218,9.126922326253677e-15,6.779939965546069,0-1,0,926.0,926000,,,,,0,0.7942371518182915,0.31859852292300606,6.779939965546069,2.7149582107052903,4.263440476089772e-05,negative_baseline,20.0,1,1,0,0,0,0,0,0,0,0,-1,0,0,0,0,0,0,0,0,0
sim_0000_n2_seed256,256,0.001,2,926.5500000000001,1,body_1,9.897616233308575,3.6886825746214664,5.804244419458843e-05,2.3276859058446536e-05,0.8035316574139394,0.32551409897998373,0,6.740613898481434,2.729627254804704,-24.59975964150135,-1.011739883567017e-08,143.24638548066227,9.722156391009352e-15,6.740613898481434,0-1,0,926.5500000000001,926550,,,,,0,0.8035316574139394,0.3255453335999805,6.740613898481434,2.729627254804704,4.252366574127183e-05,negative_hard,10.0,1,1,0,1,0,0,1,0,0,0,-1,0,0,0,0,0,0,0,0,0
sim_0000_n2_seed256,256,0.001,2,927.0,1,body_1,9.897616233308575,3.6886825746214664,5.803996053316516e-05,2.3352394490518115e-05,0.8067597447809279,0.32793222544703693,0,6.727114773910547,2.7346837933329446,-24.59975964660465,-1.0324852048328769e-08,143.24638548066235,1.0317390455765027e-14,6.727114773910547,0-1,0,927.0,927000,,,,,0,0.8067597447809279,0.327967839570425,6.727114773910547,2.7346837933329446,4.252184628147018e-05,negative_baseline,20.0,1,1,0,1,0,0,1,1,0,0,-1,0,0,0,0,0,0,0,0,0
sim_0000_n2_seed256,256,0.001,2,927.0500000000001,1,body_1,9.897616233308575,3.6886825746214664,5.804653801997833e-05,2.3356865071603077e-05,0.8068626162117991,0.3280093494496358,0,6.72668592148415,2.7348446130964237,-24.599759646768106,-1.033149669883283e-08,143.24638548066238,1.0515801810683585e-14,6.72668592148415,0-1,0,927.0500000000001,927050,,,,,0,0.8068626162117991,0.32804538234877456,6.72668592148415,2.7348446130964237,4.252666516501995e-05,negative_hard,10.0,1,1,0,1,0,0,1,1,0,0,-1,0,0,0,0,0,0,0,0,0
sim_0000_n2_seed256,256,0.001,2,927.5500000000001,1,body_1,9.897616233308575,3.6886825746214664,5.818724013371095e-05,2.3357688301620578e-05,0.8050524301530757,0.3266528073986955,0,6.73424425896835,2.7320118516013574,-24.599759643899315,-1.0214878020542147e-08,143.2463854806624,1.0714213165602143e-14,6.73424425896835,0-1,0,927.5500000000001,927550,,,,,0,0.8050524301530757,0.3266921472178683,6.73424425896835,2.7320118516013574,4.2629747981581933e-05,negative_hard,10.0,1,1,0,1,0,0,1,0,0,0,-1,0,0,0,0,0,0,0,0,0
sim_0000_n2_seed256,256,0.001,2,928.0,1,body_1,9.897616233308575,3.6886825746214664,5.8427161813553965e-05,2.3291143158992583e-05,0.799132095670606,0.32222475944132317,0,6.75914340211086,2.72270413500001,-24.599759634625975,-9.83790931602439e-09,143.24638548066238,1.0515801810683585e-14,6.75914340211086,0-1,0,928.0,928000,,,,,0,0.799132095670606,0.3222656038070371,6.75914340211086,2.72270413500001,4.2805522052354025e-05,negative_baseline,20.0,1,1,0,1,0,0,1,0,0,0,-1,0,0,0,0,0,0,0,0,0
sim_0000_n2_seed256,256,0.001,2,929.0,1,body_1,9.897616233308575,3.6886825746214664,5.9302991297487004e-05,2.2938593466480877e-05,0.7735083103644815,0.30321699724434054,0,6.870185371593813,2.6816368763009564,-24.599759596385585,-8.283406696732042e-09,143.24638548066224,9.523745036090793e-15,6.870185371593813,0-1,0,929.0,929000,,,,,0,0.7735083103644815,0.30325647505445497,6.870185371593813,2.6816368763009564,4.3447181675069254e-05,negative_baseline,20.0,0,0,0,0,0,0,0,0,0,0,-1,0,0,0,0,0,0,0,1,0
sim_0000_n2_seed256,256,0.001,2,930.0,1,body_1,9.897616233308575,3.6886825746214664,6.053859552232492e-05,2.2377068159096215e-05,0.7364172327254145,0.2761858026096905,0,7.041075091259832,2.6197886481443162,-24.599759546297513,-6.247286279577169e-09,143.2463854806623,9.92056774592791e-15,7.041075091259832,0-1,0,930.0,930000,,,,,0,0.7364172327254145,0.27621951863166755,7.041075091259832,2.6197886481443162,4.4352423141688705e-05,negative_baseline,20.0,0,0,1,0,0,0,0,0,0,0,-1,0,0,0,0,0,0,0,0,0
sim_0000_n2_seed256,256,0.001,2,931.0,1,body_1,9.897616233308575,3.6886825746214664,6.196384781405797e-05,2.1714951319751265e-05,0.695475233599346,0.24707452428614815,0,7.245362397756558,2.547866912712098,-24.599759497843117,-4.277576117875295e-09,143.24638548066204,8.134865551660886e-15,7.245362397756558,0-1,0,931.0,931000,,,,,0,0.695475233599346,0.2471010242216137,7.245362397756558,2.547866912712098,4.5396606455968896e-05,negative_baseline,20.0,0,0,1,0,0,1,0,0,0,0,-1,0,0,0,0,0,0,0,0,0
sim_0000_n2_seed256,256,0.001,2,932.0,1,body_1,9.897616233308575,3.6886825746214664,6.34040541905996e-05,2.10522430676443e-05,0.6567822817093689,0.2203308642469323,0,7.4557310491143785,2.4759202135399274,-24.59975945820103,-2.666093479474221e-09,143.24638548066213,8.73009961641656e-15,7.4557310491143785,0-1,0,932.0,932000,,,,,0,0.6567822817093689,0.2203505699612517,7.4557310491143785,2.4759202135399274,4.645174549341653e-05,negative_baseline,20.0,0,0,0,0,0,1,0,0,0,0,-1,0,0,0,0,0,0,0,0,0
sim_0000_n2_seed256,256,0.001,2,933.0,1,body_1,9.897616233308575,3.6886825746214664,6.470546113286682e-05,2.0464245348122108e-05,0.6241268627670885,0.19838976844363299,0,7.648292871047073,2.411796173987592,-24.599759429068797,-1.481844725751025e-09,143.24638548066278,1.32935607795434e-14,7.648292871047073,0-1,0,933.0,933000,,,,,0,0.6241268627670885,0.19840376967639037,7.648292871047073,2.411796173987592,4.740519575727103e-05,negative_baseline,20.0,0,0,0,0,0,0,0,0,0,0,-1,0,0,0,0,0,0,0,1,0
sim_0000_n2_seed256,256,0.001,2,934.0,1,body_1,9.897616233308575,3.6886825746214664,6.574743462488525e-05,2.0000663136553195e-05,0.599404146093759,0.18218637947708544,0,7.804427958187886,2.360928725846458,-24.59975940947332,-6.85272891379078e-10,143.24638548066295,1.448402890905475e-14,7.804427958187886,0-1,0,934.0,934000,,,,,0,0.599404146093759,0.18219575945101954,7.804427958187886,2.360928725846458,4.816857711160398e-05,negative_baseline,20.0,0,0,0,0,0,0,0,0,0,0,-1,0,0,0,0,0,0,0,1,0
sim_0000_n2_seed256,256,0.001,2,935.0,1,body_1,9.897616233308575,3.6886825746214664,6.644533431292026e-05,1.9691308926264596e-05,0.5833601925252141,0.17186730287235516,0,7.911021270626781,2.3267457146041126,-24.599759397828883,-2.1191711107912491e-10,143.24638548066358,1.884907871726303e-14,7.911021270626781,0-1,0,935.0,935000,,,,,0,0.5833601925252141,0.1718729077489916,7.911021270626781,2.3267457146041126,4.8679879473377174e-05,negative_baseline,20.0,0,0,0,0,0,0,0,0,0,0,-1,0,0,0,0,0,0,0,1,0
sim_0000_n2_seed256,256,0.001,2,936.0,1,body_1,9.897616233308575,3.6886825746214664,6.674905323925047e-05,1.955233941108441e-05,0.5761990120839493,0.16731254704586718,0,7.960029783374836,2.3111712638941473,-24.599759392893528,-1.1290952227999307e-11,143.24638548066375,2.003954684677438e-14,7.960029783374836,0-1,0,936.0,936000,,,,,0,0.5761990120839493,0.16731497466500195,7.960029783374836,2.3111712638941473,4.890239297786693e-05,negative_baseline,20.0,0,0,0,0,0,0,0,0,0,0,-1,0,0,0,0,0,0,0,1,0
sim_0000_n2_seed256,256,0.001,2,937.0,1,body_1,9.897616233308575,3.6886825746214664,6.664075544179371e-05,1.9590648936931647e-05,0.5779467383375856,0.1684212176569144,0,7.947985000032336,2.3149908635249266,-24.599759394083407,-5.966046670279186e-11,143.2463854806636,1.9047490072181586e-14,7.947985000032336,0-1,0,937.0,937000,,,,,0,0.5779467383375856,0.16842089562669146,7.947985000032336,2.3149908635249266,4.882305047217097e-05,negative_baseline,20.0,0,0,0,0,0,0,0,0,0,0,-1,0,0,0,0,0,0,0,1,0
sim_0000_n2_seed256,256,0.001,2,938.0,1,body_1,9.897616233308575,3.6886825746214664,6.613367660567695e-05,1.9805964858487484e-05,0.5886005301285422,0.17522044660683922,0,7.875726443933231,2.3380169043408503,-24.59975940154205,-3.6286039390263276e-10,143.24638548066338,1.746019923283312e-14,7.875726443933231,0-1,0,938.0,938000,,,,,0,0.5886005301285422,0.1752177630573774,7.875726443933231,2.3380169043408503,4.845154884103349e-05,negative_baseline,20.0,0,0,0,0,0,0,0,0,0,0,-1,0,0,0,0,0,0,0,1,0
sim_0000_n2_seed256,256,0.001,2,939.0,1,body_1,9.897616233308575,3.6886825746214664,6.52726167787887e-05,2.0190683673075056e-05,0.6080931321901896,0.1878399622245508,0,7.7484689688705926,2.379048303907327,-24.599759416127345,-9.557642813185934e-10,143.24638548066318,1.6071319748403215e-14,7.7484689688705926,0-1,0,939.0,939000,,,,,0,0.6080931321901896,0.18783546758184422,7.7484689688705926,2.379048303907327,4.782070998424139e-05,negative_baseline,20.0,0,0,0,0,0,0,0,0,0,0,-1,0,0,0,0,0,0,0,1,0
sim_0000_n2_seed256,256,0.001,2,940.0,1,body_1,9.897616233308575,3.6886825746214664,6.41357822396149e-05,2.072737980076971e-05,0.6360646611253528,0.20634124880288074,0,7.576180510558966,2.4356246131569783,-24.59975943927787,-1.8968518122736657e-09,143.2463854806634,1.765861058775168e-14,7.576180510558966,0-1,0,940.0,940000,,,,,0,0.6360646611253528,0.2063359678840943,7.576180510558966,2.4356246131569783,4.6987830226695866e-05,negative_baseline,20.0,0,0,0,0,0,0,0,0,0,0,-1,0,0,0,0,0,0,0,1,0
sim_0000_n2_seed256,256,0.001,2,940.5,1,body_1,9.897616233308575,3.6886825746214664,6.349799573666895e-05,2.104341867393636e-05,0.6529296160685026,0.21771142198064458,0,7.477695277685723,2.4685249812933727,-24.599759454563603,-2.5182291008671943e-09,143.24638548066346,1.8055433297588796e-14,7.477695277685723,0-1,0,940.5,940500,,,,,0,0.6529296160685026,0.21770639471838016,7.477695277685723,2.4685249812933727,4.652056836193807e-05,negative_hard,10.0,0,0,0,0,1,0,0,0,0,0,-1,0,0,0,0,0,0,0,0,0
sim_0000_n2_seed256,256,0.001,2,941.0,1,body_1,9.897616233308575,3.6886825746214664,6.28365220398353e-05,2.138386664220771e-05,0.6714031703138885,0.23034442673548428,0,7.374103918706037,2.503593423795592,-24.59975947250596,-3.247600265471361e-09,143.24638548066346,1.8055433297588796e-14,7.374103918706037,0-1,0,941.0,941000,,,,,0,0.6714031703138885,0.23034027848679686,7.374103918706037,2.503593423795592,4.603595256041216e-05,negative_hard,10.0,0,0,0,0,1,0,0,0,0,0,-1,0,0,0,0,0,0,0,0,0
sim_0000_n2_seed256,256,0.001,2,941.5,1,body_1,9.897616233308575,3.6886825746214664,6.217081212606194e-05,2.174126771090178e-05,0.6911150303907055,0.2440222495390584,0,7.268181740933389,2.5399620164834453,-24.599759493085102,-4.08415900549793e-09,143.2463854806634,1.765861058775168e-14,7.268181740933389,0-1,0,941.5,941500,,,,,0,0.6911150303907055,0.24401977105388134,7.268181740933389,2.5399620164834453,4.554823320290033e-05,negative_hard,10.0,0,0,1,0,1,0,0,0,0,0,-1,0,0,0,0,0,0,0,0,0
sim_0000_n2_seed256,256,0.001,2,942.0,1,body_1,9.897616233308575,3.6886825746214664,6.152195932411691e-05,2.210640635150866e-05,0.7115568569249707,0.2584135605358955,0,7.1630196628911555,2.5766032548770172,-24.599759516050064,-5.017703156133323e-09,143.24638548066343,1.785702194267024e-14,7.1630196628911555,0-1,0,942.0,942000,,,,,0,0.7115568569249707,0.25841369661544833,7.1630196628911555,2.5766032548770172,4.507286390666479e-05,negative_hard,10.0,0,0,1,0,1,0,0,0,0,0,-1,0,0,0,0,0,0,0,0,0
sim_0000_n2_seed256,256,0.001,2,943.0,1,body_1,9.897616233308575,3.6886825746214664,6.03638458352382e-05,2.2814075030271356e-05,0.7518356059447979,0.28734998950098184,0,6.9685031810532605,2.64585916786908,-24.599759566380726,-7.0636850497464726e-09,143.2463854806633,1.6864965168077446e-14,6.9685031810532605,0-1,0,943.0,943000,,,,,0,0.7518356059447979,0.2873585002952938,6.9685031810532605,2.64585916786908,4.4224394834489616e-05,negative_baseline,20.0,0,0,0,0,0,0,0,0,0,0,-1,0,0,0,0,0,0,0,1,0
sim_0000_n2_seed256,256,0.001,2,944.0,1,body_1,9.897616233308575,3.6886825746214664,5.953685084253155e-05,2.3401485434277507e-05,0.7853511159708635,0.3119696411433916,0,6.818188671554211,2.70077822536005,-24.599759613680312,-8.986451273385246e-09,143.24638548066324,1.646814245824033e-14,6.818188671554211,0-1,0,944.0,944000,,,,,0,0.7853511159708635,0.311989933242646,6.818188671554211,2.70077822536005,4.361851336573541e-05,negative_baseline,20.0,1,1,0,0,0,0,0,0,0,0,-1,0,0,0,0,0,0,0,0,0
sim_0000_n2_seed256,256,0.001,2,944.8000000000001,1,body_1,9.897616233308575,3.6886825746214664,5.92118137580625e-05,2.3710415090064854e-05,0.8021416896771978,0.32447409505383273,0,6.746451508392835,2.727443961855913,-24.59975963931912,-1.0028689451428693e-08,143.24638548066287,1.3888794844299075e-14,6.746451508392835,0-1,0,944.8000000000001,944800,,,,,0,0.8021416896771978,0.32450412883280033,6.746451508392835,2.727443961855913,4.3380381554535954e-05,negative_hard,10.0,1,1,0,1,0,0,1,0,0,0,-1,0,0,0,0,0,0,0,0,0
sim_0000_n2_seed256,256,0.001,2,945.0,1,body_1,9.897616233308575,3.6886825746214664,5.918394288568264e-05,2.375908220195714e-05,0.8045153516502738,0.3262505601106623,0,6.736491707938168,2.731170198864484,-24.599759643051023,-1.0180394264433425e-08,143.24638548066298,1.4682440263973306e-14,6.736491707938168,0-1,0,945.0,945000,,,,,0,0.8045153516502738,0.3262827616877347,6.736491707938168,2.731170198864484,4.335996257356207e-05,negative_baseline,20.0,1,1,0,1,0,0,1,0,0,0,-1,0,0,0,0,0,0,0,0,0
sim_0000_n2_seed256,256,0.001,2,945.3000000000001,1,body_1,9.897616233308575,3.6886825746214664,5.9183830684588375e-05,2.3808616061651623e-05,0.8065723073670187,0.32779171141179425,0,6.727896377579644,2.734390720181019,-24.59975964630668,-1.031273934250108e-08,143.2463854806632,1.626973110332177e-14,6.727896377579644,0-1,0,945.3000000000001,945300,,,,,0,0.8065723073670187,0.32782681335494823,6.727896377579644,2.734390720181019,4.33598804762028e-05,negative_hard,10.0,1,1,0,1,0,0,1,1,0,0,-1,0,0,0,0,0,0,0,0,0
sim_0000_n2_seed256,256,0.001,2,945.8000000000001,1,body_1,9.897616233308575,3.6886825746214664,5.929530878980507e-05,2.382659485383774e-05,0.8058836718071261,0.3272755825684863,0,6.730770290727925,2.7333134218501787,-24.599759645214434,-1.0268338652397652e-08,143.2463854806632,1.626973110332177e-14,6.730770290727925,0-1,0,945.8000000000001,945800,,,,,0,0.8058836718071261,0.3273143449722989,6.730770290727925,2.7333134218501787,4.3441552905177405e-05,negative_hard,10.0,1,1,0,1,0,0,1,0,0,0,-1,0,0,0,0,0,0,0,0,0
sim_0000_n2_seed256,256,0.001,2,946.0,1,body_1,9.897616233308575,3.6886825746214664,5.937845689381723e-05,2.3811052155479286e-05,0.8041734230574564,0.32599452761023495,0,6.737923708965032,2.7306340828942055,-24.599759642511593,-1.0158466007919815e-08,143.24638548066332,1.7063376522996005e-14,6.737923708965032,0-1,0,946.0,946000,,,,,0,0.8041734230574564,0.32603428695534387,6.737923708965032,2.7306340828942055,4.350246980559749e-05,negative_baseline,20.0,1,1,0,1,0,0,1,0,0,0,-1,0,0,0,0,0,0,0,0,0
sim_0000_n2_seed256,256,0.001,2,946.3000000000001,1,body_1,9.897616233308575,3.6886825746214664,5.9543139170308824e-05,2.3763903691722243e-05,0.80012755047521,0.3229683697727516,0,6.75493750030512,2.7242737817922933,-24.599759636173232,-9.900806538733551e-09,143.2463854806632,1.626973110332177e-14,6.75493750030512,0-1,0,946.3000000000001,946300,,,,,0,0.80012755047521,0.3230090979320369,6.75493750030512,2.7242737817922933,4.362312115546353e-05,negative_hard,10.0,1,1,0,1,0,0,1,0,0,0,-1,0,0,0,0,0,0,0,0,0
sim_0000_n2_seed256,256,0.001,2,947.0,1,body_1,9.897616233308575,3.6886825746214664,6.010100137242899e-05,2.355011144800924e-05,0.7844227018339431,0.31128144153219633,0,6.822222358253936,2.6992877677468705,-24.59975961230103,-8.9303822598489e-09,143.2463854806632,1.626973110332177e-14,6.822222358253936,0-1,0,947.0,947000,,,,,0,0.7844227018339431,0.31132207413608537,6.822222358253936,2.6992877677468705,4.403182820188823e-05,negative_baseline,20.0,1,1,0,0,0,0,0,0,0,0,-1,0,0,0,0,0,0,0,0,0
sim_0000_n2_seed256,256,0.001,2,948.0,1,body_1,9.897616233308575,3.6886825746214664,6.124502945566122e-05,2.304089744142158e-05,0.750554998444197,0.2864187212835439,0,6.974445526501393,2.6437138111543743,-24.599759564673022,-6.994265500838863e-09,143.24638548066343,1.785702194267024e-14,6.974445526501393,0-1,0,948.0,948000,,,,,0,0.750554998444197,0.28645481269544687,6.974445526501393,2.6437138111543743,4.486997823530383e-05,negative_baseline,20.0,0,0,0,0,0,0,0,0,0,0,-1,0,0,0,0,0,0,0,1,0
sim_0000_n2_seed256,256,0.001,2,949.0,1,body_1,9.897616233308575,3.6886825746214664,6.264771235089402e-05,2.2389175705146123e-05,0.7101794270090976,0.25743740144194655,0,7.169962822362715,2.5741672210230866,-24.59975951444919,-4.952626336705971e-09,143.24638548066378,2.0237958201692936e-14,7.169962822362715,0-1,0,949.0,949000,,,,,0,0.7101794270090976,0.25746651050184904,7.169962822362715,2.5741672210230866,4.5897626553932466e-05,negative_baseline,20.0,0,0,1,0,0,1,0,0,0,0,-1,0,0,0,0,0,0,0,0,0
sim_0000_n2_seed256,256,0.001,2,950.0,1,body_1,9.897616233308575,3.6886825746214664,6.412888421345848e-05,2.1702928638314764e-05,0.6701242536213313,0.22946397862888943,0,7.381137218265813,2.5011970635454532,-24.599759471222214,-3.195415012533055e-09,143.24638548066392,2.1230014976285726e-14,7.381137218265813,0-1,0,950.0,950000,,,,,0,0.6701242536213313,0.22948601196182358,7.381137218265813,2.5011970635454532,4.698277817302745e-05,negative_baseline,20.0,0,0,0,0,0,1,0,0,0,0,-1,0,0,0,0,0,0,0,0,0
sim_0000_n2_seed256,256,0.001,2,951.0,1,body_1,9.897616233308575,3.6886825746214664,6.552195222113035e-05,2.106865792201803e-05,0.635001001099229,0.20562947538458334,0,7.582523105747584,2.4335200513342787,-24.59975943834751,-1.8590319387391388e-09,143.24638548066426,2.3610951235308425e-14,7.582523105747584,0-1,0,951.0,951000,,,,,0,0.635001001099229,0.20564539070026952,7.582523105747584,2.4335200513342787,4.8003382133771784e-05,negative_baseline,20.0,0,0,0,0,0,0,0,0,0,0,-1,0,0,0,0,0,0,0,1,0
sim_0000_n2_seed256,256,0.001,2,952.0,1,body_1,9.897616233308575,3.6886825746214664,6.66909562958832e-05,2.0545860806164773e-05,0.607300884765537,0.18732260902136214,0,7.75352140992586,2.377407282107425,-24.59975941550983,-9.306618029477655e-10,143.24638548066423,2.3412539880389866e-14,7.75352140992586,0-1,0,952.0,952000,,,,,0,0.607300884765537,0.18733353622849294,7.75352140992586,2.377407282107425,4.8859829961373405e-05,negative_baseline,20.0,0,0,0,0,0,0,0,0,0,0,-1,0,0,0,0,0,0,0,1,0
sim_0000_n2_seed256,256,0.001,2,953.0,1,body_1,9.897616233308575,3.6886825746214664,6.753631897545423e-05,2.0171382884389186e-05,0.5881006346445884,0.17489984872568268,0,7.879072983256628,2.3369462151276568,-24.599759401183594,-3.482887817852584e-10,143.2463854806645,2.519824207465689e-14,7.879072983256628,0-1,0,953.0,953000,,,,,0,0.5881006346445884,0.17490672784988967,7.879072983256628,2.3369462151276568,4.94791681964283e-05,negative_baseline,20.0,0,0,0,0,0,0,0,0,0,0,-1,0,0,0,0,0,0,0,1,0
sim_0000_n2_seed256,256,0.001,2,954.0,1,body_1,9.897616233308575,3.6886825746214664,6.799444789063007e-05,1.996602708437971e-05,0.5777443164915489,0.16829271373619506,0,7.949377229132308,2.3145490956253156,-24.59975939394472,-5.402271709451863e-11,143.2463854806643,2.3809362590226985e-14,7.949377229132308,0-1,0,954.0,954000,,,,,0,0.5777443164915489,0.16829622587115492,7.949377229132308,2.3145490956253156,4.9814807149428974e-05,negative_baseline,20.0,0,0,0,0,0,0,0,0,0,0,-1,0,0,0,0,0,0,0,1,0
sim_0000_n2_seed256,256,0.001,2,955.0,1,body_1,9.897616233308575,3.6886825746214664,6.80354278239555e-05,1.993981993207391e-05,0.5762945084921842,0.16737307596822948,0,7.959370237139355,2.3113802808481685,-24.599759392957903,-1.3907854728240382e-11,143.24638548066443,2.4801419364819775e-14,7.959370237139355,0-1,0,955.0,955000,,,,,0,0.5762945084921842,0.1673736975055786,7.959370237139355,2.3113802808481685,4.9844830041411295e-05,negative_baseline,20.0,0,0,0,0,0,0,0,0,0,0,-1,0,0,0,0,0,0,0,1,0
sim_0000_n2_seed256,256,0.001,2,956.0,1,body_1,9.897616233308575,3.6886825746214664,6.766127779948925e-05,2.0094984808044007e-05,0.5837535100523787,0.17211838793418985,0,7.908355704111751,2.327595333189964,-24.5997593981042,-2.2310899072902459e-10,143.24638548066423,2.3412539880389866e-14,7.908355704111751,0-1,0,956.0,956000,,,,,0,0.5837535100523787,0.17211650245549479,7.908355704111751,2.327595333189964,4.957071608887779e-05,negative_baseline,20.0,0,0,0,0,0,0,0,0,0,0,-1,0,0,0,0,0,0,0,1,0
sim_0000_n2_seed256,256,0.001,2,957.0,1,body_1,9.897616233308575,3.6886825746214664,6.690582105420776e-05,2.0426593434629718e-05,0.6000927250539434,0.18263275859435765,0,7.799949060891115,2.362374511339976,-24.599759409991037,-7.063184487711933e-10,143.24638548066437,2.440459665498266e-14,7.799949060891115,0-1,0,957.0,957000,,,,,0,0.6000927250539434,0.1826288289094495,7.799949060891115,2.362374511339976,4.901724524652643e-05,negative_baseline,20.0,0,0,0,0,0,0,0,0,0,0,-1,0,0,0,0,0,0,0,1,0
sim_0000_n2_seed256,256,0.001,2,958.0,1,body_1,9.897616233308575,3.6886825746214664,6.58361711339943e-05,2.092089188256337e-05,0.6250972294370409,0.1990330559320065,0,7.642354170144031,2.4137503546164183,-24.59975942987953,-1.5148016665599386e-09,143.2463854806642,2.321412852547131e-14,7.642354170144031,0-1,0,958.0,958000,,,,,0,0.6250972294370409,0.1990278926397987,7.642354170144031,2.4137503546164183,4.823358696552428e-05,negative_baseline,20.0,0,0,0,0,0,0,0,0,0,0,-1,0,0,0,0,0,0,0,1,0
sim_0000_n2_seed256,256,0.001,2,959.0,1,body_1,9.897616233308575,3.6886825746214664,6.455480299078318e-05,2.1551151663504273e-05,0.657993660413363,0.22115615297386768,0,7.448864816900574,2.478236433785467,-24.599759459355074,-2.7130062226730793e-09,143.2463854806643,2.3809362590226985e-14,7.448864816900574,0-1,0,959.0,959000,,,,,0,0.657993660413363,0.2211513033685203,7.448864816900574,2.478236433785467,4.729481754268263e-05,negative_baseline,20.0,0,0,0,0,1,0,0,0,0,0,-1,0,0,0,0,0,0,0,0,0
sim_0000_n2_seed256,256,0.001,2,959.2,1,body_1,9.897616233308575,3.6886825746214664,6.428468052798795e-05,2.1689884451538417e-05,0.6653778891894234,0.22620399473179797,0,7.407416504830742,2.4922633228213247,-24.599759466512996,-3.003981518027699e-09,143.2463854806644,2.4603008009901216e-14,7.407416504830742,0-1,0,959.2,959200,,,,,0,0.6653778891894234,0.2261994893545726,7.407416504830742,2.4922633228213247,4.7096917591755966e-05,negative_hard,10.0,0,0,0,0,1,0,0,0,0,0,-1,0,0,0,0,0,0,0,0,0
sim_0000_n2_seed256,256,0.001,2,959.7,1,body_1,9.897616233308575,3.6886825746214664,6.360448459575579e-05,2.20495264354445e-05,0.6847443451052964,0.23957985007194377,0,7.301914110107985,2.528322504162814,-24.599759486268425,-3.807055604125272e-09,143.24638548066417,2.301571717055275e-14,7.301914110107985,0-1,0,959.7,959700,,,,,0,0.6847443451052964,0.2395767452684786,7.301914110107985,2.528322504162814,4.659858533469117e-05,negative_hard,10.0,0,0,1,0,1,0,0,0,0,0,-1,0,0,0,0,0,0,0,0,0
sim_0000_n2_seed256,256,0.001,2,960.0,1,body_1,9.897616233308575,3.6886825746214664,6.319977331672952e-05,2.227124670110536e-05,0.6968355514175912,0.24802873674506404,0,7.23828697636692,2.5503230453223975,-24.599759499342113,-4.3385115302332824e-09,143.2463854806641,2.2420483105797076e-14,7.23828697636692,0-1,0,960.0,960000,,,,,0,0.6968355514175912,0.2480268945896111,7.23828697636692,2.5503230453223975,4.6302081538732585e-05,negative_baseline,20.0,0,0,1,0,1,0,0,0,0,0,-1,0,0,0,0,0,0,0,0,0
sim_0000_n2_seed256,256,0.001,2,960.2,1,body_1,9.897616233308575,3.6886825746214664,6.293431634779588e-05,2.242019718164623e-05,0.705018429120422,0.25378807289470107,0,7.196158370689386,2.564998078688411,-24.59975950852064,-4.7116260803898946e-09,143.24638548066406,2.222207175087852e-14,7.196158370689386,0-1,0,960.2,960200,,,,,0,0.705018429120422,0.2537872678439438,7.196158370689386,2.564998078688411,4.610759969323128e-05,negative_hard,10.0,0,0,1,0,1,0,0,0,0,0,-1,0,0,0,0,0,0,0,0,0
sim_0000_n2_seed256,256,0.001,2,961.0,1,body_1,9.897616233308575,3.6886825746214664,6.19388892511789e-05,2.300889525160354e-05,0.7377598960069576,0.27715377953685344,0,7.034665080196795,2.622080052115394,-24.599759548004933,-6.316694274831355e-09,143.2463854806638,2.0436369556611495e-14,7.034665080196795,0-1,0,961.0,961000,,,,,0,0.7377598960069576,0.27715880506732693,7.034665080196795,2.622080052115394,4.537831959365303e-05,negative_baseline,20.0,0,0,1,0,0,0,0,0,0,0,-1,0,0,0,0,0,0,0,0,0
sim_0000_n2_seed256,256,0.001,2,962.0,1,body_1,9.897616233308575,3.6886825746214664,6.0952622274941016e-05,2.3664290016212538e-05,0.7745936239745398,0.30401674821086844,0,6.8653706409281074,2.6834028247991637,-24.59975959794331,-8.346729527149161e-09,143.2463854806636,1.9047490072181586e-14,6.8653706409281074,0-1,0,962.0,962000,,,,,0,0.7745936239745398,0.30403257253619376,6.8653706409281074,2.6834028247991637,4.4655750611228316e-05,negative_baseline,20.0,0,0,0,0,0,0,0,0,0,0,-1,0,0,0,0,0,0,0,1,0
sim_0000_n2_seed256,256,0.001,2,963.0,1,body_1,9.897616233308575,3.6886825746214664,6.040306650453331e-05,2.412355866424718e-05,0.7997051453234677,0.32265278463761093,0,6.756721247561361,2.7236079573603797,-24.59975963551586,-9.874083804890857e-09,143.24638548066355,1.865066736234447e-14,6.756721247561361,0-1,0,963.0,963000,,,,,0,0.7997051453234677,0.3226809900968608,6.756721247561361,2.7236079573603797,4.42531296483579e-05,negative_hard,10.0,1,1,0,1,0,0,1,0,0,0,-1,0,0,0,0,0,0,0,0,0
sim_0000_n2_seed256,256,0.001,2,963.5,1,body_1,9.897616233308575,3.6886825746214664,6.032793891143237e-05,2.4248185698055466e-05,0.8057108961185326,0.3271461158783856,0,6.731491921241166,2.7330429934723792,-24.599759644940683,-1.0257210462262245e-08,143.24638548066335,1.7261787877914565e-14,6.731491921241166,0-1,0,963.5,963500,,,,,0,0.8057108961185326,0.3271797393377486,6.731491921241166,2.7330429934723792,4.419808906977433e-05,negative_hard,10.0,1,1,0,1,0,0,1,0,0,0,-1,0,0,0,0,0,0,0,0,0
sim_0000_n2_seed256,256,0.001,2,964.0,1,body_1,9.897616233308575,3.6886825746214664,6.039464199183968e-05,2.4292240991669648e-05,0.8066621138389677,0.327859033954337,0,6.7275218555557,2.7345311478377767,-24.59975964644916,-1.0318531333382547e-08,143.24638548066343,1.785702194267024e-14,6.7275218555557,0-1,0,964.0,964000,,,,,0,0.8066621138389677,0.32789680825950085,6.7275218555557,2.7345311478377767,4.4246957963275454e-05,negative_hard,10.0,1,1,0,1,0,0,1,1,0,0,-1,0,0,0,0,0,0,0,0,0
sim_0000_n2_seed256,256,0.001,2,964.5,1,body_1,9.897616233308575,3.6886825746214664,6.060204268486707e-05,2.425364823570223e-05,0.8024873104913849,0.32473262789315444,0,6.744998547612955,2.7279871858777893,-24.59975963986069,-1.0050704649184308e-08,143.24638548066312,1.56744970385661e-14,6.744998547612955,0-1,0,964.5,964500,,,,,0,0.8024873104913849,0.32477292177542205,6.744998547612955,2.7279871858777893,4.439890620506496e-05,negative_hard,10.0,1,1,0,1,0,0,1,0,0,0,-1,0,0,0,0,0,0,0,0,0
sim_0000_n2_seed256,256,0.001,2,965.0,1,body_1,9.897616233308575,3.6886825746214664,6.094284842728264e-05,2.4135482474118988e-05,0.7934970361935031,0.31802250054027315,0,6.783101143048328,2.7137830235974314,-24.599759625953386,-9.48536156874619e-09,143.2463854806632,1.626973110332177e-14,6.783101143048328,0-1,0,965.0,965000,,,,,0,0.7934970361935031,0.3180635745036155,6.783101143048328,2.7137830235974314,4.46485910355002e-05,negative_baseline,20.0,1,1,0,0,0,0,0,0,0,0,-1,0,0,0,0,0,0,0,0,0
sim_0000_n2_seed256,256,0.001,2,966.0,1,body_1,9.897616233308575,3.6886825746214664,6.196870969750165e-05,2.3695186939700467e-05,0.7638642957764086,0.29613189969685316,0,6.913418411908527,2.6658383302255766,-24.599759582773792,-7.730076383019506e-09,143.24638548066324,1.646814245824033e-14,6.913418411908527,0-1,0,966.0,966000,,,,,0,0.7638642957764086,0.2961700605752423,6.913418411908527,2.6658383302255766,4.5400168500696285e-05,negative_baseline,20.0,0,0,0,0,0,0,0,0,0,0,-1,0,0,0,0,0,0,0,1,0
sim_0000_n2_seed256,256,0.001,2,967.0,1,body_1,9.897616233308575,3.6886825746214664,6.332247744577991e-05,2.306902224481895e-05,0.724947592031263,0.26795049182542396,0,7.096556119940251,2.600045673338754,-24.599759532019842,-5.6668874889432654e-09,143.24638548066318,1.6071319748403215e-14,7.096556119940251,0-1,0,967.0,967000,,,,,0,0.724947592031263,0.2679822114041011,7.096556119940251,2.600045673338754,4.63919801253915e-05,negative_baseline,20.0,0,0,1,0,0,0,0,0,0,0,-1,0,0,0,0,0,0,0,0,0
sim_0000_n2_seed256,256,0.001,2,968.0,1,body_1,9.897616233308575,3.6886825746214664,6.482262605397546e-05,2.237010397603649e-05,0.6841219657292987,0.23914696212677833,0,7.3052348101018225,2.5271796103796498,-24.599759485611575,-3.780354100120743e-09,143.2463854806629,1.4087206199217632e-14,7.3052348101018225,0-1,0,968.0,968000,,,,,0,0.6841219657292987,0.2391714546035194,7.3052348101018225,2.5271796103796498,4.7491034708282455e-05,negative_baseline,20.0,0,0,1,0,0,1,0,0,0,0,-1,0,0,0,0,0,0,0,0,0
sim_0000_n2_seed256,256,0.001,2,969.0,1,body_1,9.897616233308575,3.6886825746214664,6.629160509638511e-05,2.1695893159057166e-05,0.646844409072906,0.21359062879682938,0,7.512786255498521,2.456754146809269,-24.599759448929955,-2.2892167709218423e-09,143.24638548066287,1.3888794844299075e-14,7.512786255498521,0-1,0,969.0,969000,,,,,0,0.646844409072906,0.2136086067901834,7.512786255498521,2.456754146809269,4.8567253415923924e-05,negative_baseline,20.0,0,0,0,0,0,0,0,0,0,0,-1,0,0,0,0,0,0,0,1,0
sim_0000_n2_seed256,256,0.001,2,970.0,1,body_1,9.897616233308575,3.6886825746214664,6.757835778052767e-05,2.111666446375872e-05,0.6162990138025168,0.19322041208772212,0,7.696711553364887,2.3959174322447767,-24.599759422641664,-1.2205766173388493e-09,143.24638548066338,1.746019923283312e-14,7.696711553364887,0-1,0,970.0,970000,,,,,0,0.6162990138025168,0.19323300805180013,7.696711553364887,2.3959174322447767,4.950996746290036e-05,negative_baseline,20.0,0,0,0,0,0,0,0,0,0,0,-1,0,0,0,0,0,0,0,1,0
sim_0000_n2_seed256,256,0.001,2,971.0,1,body_1,9.897616233308575,3.6886825746214664,6.856777659754159e-05,2.067743744871112e-05,0.5939825994190702,0.17868181251768328,0,7.839964317575327,2.3494849286229096,-24.599759405446186,-5.215665764608514e-10,143.24638548066335,1.7261787877914565e-14,7.839964317575327,0-1,0,971.0,971000,,,,,0,0.5939825994190702,0.17869005304266045,7.839964317575327,2.3494849286229096,5.0234845604930614e-05,negative_baseline,20.0,0,0,0,0,0,0,0,0,0,0,-1,0,0,0,0,0,0,0,1,0
sim_0000_n2_seed256,256,0.001,2,972.0,1,body_1,9.897616233308575,3.6886825746214664,6.918198126786028e-05,2.0404519707617226e-05,0.5804371927126495,0.1700043260619055,0,7.930915649262398,2.3204128758090383,-24.599759395795225,-1.2924725474369462e-10,143.24638548066324,1.646814245824033e-14,7.930915649262398,0-1,0,972.0,972000,,,,,0,0.5804371927126495,0.17000898303832615,7.930915649262398,2.3204128758090383,5.0684830398726396e-05,negative_baseline,20.0,0,0,0,0,0,0,0,0,0,0,-1,0,0,0,0,0,0,0,1,0
sim_0000_n2_seed256,256,0.001,2,973.0,1,body_1,9.897616233308575,3.6886825746214664,6.93782914127547e-05,2.0311571338812465e-05,0.5757898814885724,0.16705329045122425,0,7.962857302162211,2.310275372506733,-24.599759392616367,-2.4118251519881868e-14,143.2463854806634,1.765861058775168e-14,7.962857302162211,0-1,0,973.0,973000,,,,,0,0.5757898814885724,0.16705490340657553,7.962857302162211,2.310275372506733,5.082865291945778e-05,negative_baseline,20.0,0,0,0,0,0,0,0,0,0,0,-1,0,0,0,0,0,0,0,1,0
sim_0000_n2_seed256,256,0.001,2,974.0,1,body_1,9.897616233308575,3.6886825746214664,6.91470560978488e-05,2.0403493591930675e-05,0.5800518174292061,0.16975910211799924,0,7.933549785811234,2.3195754584798776,-24.599759395529013,-1.184255252653246e-10,143.24638548066343,1.785702194267024e-14,7.933549785811234,0-1,0,974.0,974000,,,,,0,0.5800518174292061,0.16975807186039948,7.933549785811234,2.3195754584798776,5.06592426197581e-05,negative_baseline,20.0,0,0,0,0,0,0,0,0,0,0,-1,0,0,0,0,0,0,0,1,0
sim_0000_n2_seed256,256,0.001,2,975.0,1,body_1,9.897616233308575,3.6886825746214664,6.851087770266397e-05,2.067792848689644e-05,0.5932133860066646,0.17818602633648264,0,7.845045669546769,2.347852518098878,-24.599759404882473,-4.986512046829401e-10,143.2463854806634,1.765861058775168e-14,7.845045669546769,0-1,0,975.0,975000,,,,,0,0.5932133860066646,0.17818276230636632,7.845045669546769,2.347852518098878,5.0193158709275206e-05,negative_baseline,20.0,0,0,0,0,0,0,0,0,0,0,-1,0,0,0,0,0,0,0,1,0
sim_0000_n2_seed256,256,0.001,2,976.0,1,body_1,9.897616233308575,3.6886825746214664,6.752559363534174e-05,2.112441116941006e-05,0.6151570860026009,0.1924692944605091,0,7.703852017186097,2.393583789232689,-24.599759421721622,-1.1831761414235663e-09,143.24638548066315,1.5872908393484655e-14,7.703852017186097,0-1,0,976.0,976000,,,,,0,0.6151570860026009,0.19246444380063718,7.703852017186097,2.393583789232689,4.947130939947706e-05,negative_baseline,20.0,0,0,0,0,0,0,0,0,0,0,-1,0,0,0,0,0,0,0,1,0
sim_0000_n2_seed256,256,0.001,2,977.0,1,body_1,9.897616233308575,3.6886825746214664,6.628237380389181e-05,2.1721056821223834e-05,0.6453682107235814,0.2125940538927972,0,7.5213736229707395,2.4538818088341023,-24.59975944758351,-2.234482637617821e-09,143.24638548066292,1.428561755413619e-14,7.5213736229707395,0-1,0,977.0,977000,,,,,0,0.6453682107235814,0.2125888487035674,7.5213736229707395,2.4538818088341023,4.856048856726507e-05,negative_baseline,20.0,0,0,0,0,0,0,0,0,0,0,-1,0,0,0,0,0,0,0,1,0
sim_0000_n2_seed256,256,0.001,2,977.4,1,body_1,9.897616233308575,3.6886825746214664,6.574028744269576e-05,2.1993744580164283e-05,0.6594919645013556,0.22217801721016914,0,7.440398443225953,2.4810953367226363,-24.599759460791564,-2.771400697802079e-09,143.24638548066287,1.3888794844299075e-14,7.440398443225953,0-1,0,977.4,977400,,,,,0,0.6594919645013556,0.22217322923388483,7.440398443225953,2.4810953367226363,4.816333956717643e-05,negative_hard,10.0,0,0,0,0,1,0,0,0,0,0,-1,0,0,0,0,0,0,0,0,0
sim_0000_n2_seed256,256,0.001,2,977.9,1,body_1,9.897616233308575,3.6886825746214664,6.50478443502564e-05,2.23545736037772e-05,0.6784664705010952,0.23522248570667453,0,7.33561875873335,2.516746447317386,-24.59975947970708,-3.540331716146231e-09,143.24638548066287,1.3888794844299075e-14,7.33561875873335,0-1,0,977.9,977900,,,,,0,0.6784664705010952,0.23521884566093618,7.33561875873335,2.516746447317386,4.765603466643589e-05,negative_hard,10.0,0,0,1,0,1,0,0,0,0,0,-1,0,0,0,0,0,0,0,0,0
sim_0000_n2_seed256,256,0.001,2,978.0,1,body_1,9.897616233308575,3.6886825746214664,6.490902653226368e-05,2.2428751423802463e-05,0.6824056071402945,0.23795420037631768,0,7.314415954175237,2.524022428116619,-24.599759483806455,-3.7069745365025042e-09,143.24638548066298,1.4682440263973306e-14,7.314415954175237,0-1,0,978.0,978000,,,,,0,0.6824056071402945,0.2379508868166066,7.314415954175237,2.524022428116619,4.75543325081367e-05,negative_baseline,20.0,0,0,1,0,1,0,0,0,0,0,-1,0,0,0,0,0,0,0,0,0
sim_0000_n2_seed256,256,0.001,2,978.4,1,body_1,9.897616233308575,3.6886825746214664,6.435847545337134e-05,2.2729657182732575e-05,0.6985110637271265,0.24920531312858038,0,7.229600556759827,2.553341745545399,-24.599759501199973,-4.414035018664771e-09,143.24638548066304,1.5079262973810424e-14,7.229600556759827,0-1,0,978.4,978400,,,,,0,0.6985110637271265,0.24920367097384014,7.229600556759827,2.553341745545399,4.715098204407956e-05,negative_hard,10.0,0,0,1,0,1,0,0,0,0,0,-1,0,0,0,0,0,0,0,0,0
sim_0000_n2_seed256,256,0.001,2,978.9,1,body_1,9.897616233308575,3.6886825746214664,6.369457148547638e-05,2.310871415905119e-05,0.7190627480401032,0.26374882343347517,0,7.12553622481466,2.5897964244938714,-24.59975952490973,-5.377855662515011e-09,143.24638548066326,1.666655381315889e-14,7.12553622481466,0-1,0,978.9,978900,,,,,0,0.7190627480401032,0.2637501699994027,7.12553622481466,2.5897964244938714,4.666458583540102e-05,negative_hard,10.0,0,0,1,0,1,0,0,0,0,0,-1,0,0,0,0,0,0,0,0,0
sim_0000_n2_seed256,256,0.001,2,979.0,1,body_1,9.897616233308575,3.6886825746214664,6.356688734483897e-05,2.3183964483745417e-05,0.7231734899511765,0.2666821050883259,0,7.105255486754186,2.5969644856022978,-24.59975952986105,-5.579130847847157e-09,143.24638548066332,1.7063376522996005e-14,7.105255486754186,0-1,0,979.0,979000,,,,,0,0.7231734899511765,0.26668417646739434,7.105255486754186,2.5969644856022978,4.657104056107062e-05,negative_baseline,20.0,0,0,1,0,0,0,0,0,0,0,-1,0,0,0,0,0,0,0,0,0
sim_0000_n2_seed256,256,0.001,2,980.0,1,body_1,9.897616233308575,3.6886825746214664,6.24381234058771e-05,2.3894427020350305e-05,0.7623161835887968,0.29499818828255,0,6.920434738765944,2.663284221939759,-24.599759580627918,-7.64284485547146e-09,143.2463854806631,1.547608568364754e-14,6.920434738765944,0-1,0,980.0,980000,,,,,0,0.7623161835887968,0.29500977206022344,6.920434738765944,2.663284221939759,4.574407394678187e-05,negative_baseline,20.0,0,0,0,0,0,0,0,0,0,0,-1,0,0,0,0,0,0,0,1,0
sim_0000_n2_seed256,256,0.001,2,981.0,1,body_1,9.897616233308575,3.6886825746214664,6.169915218781772e-05,2.4446327217328258e-05,0.7925118239663939,0.31728905342949776,0,6.787316044542828,2.7122170202367046,-24.599759624452616,-9.42435409047498e-09,143.24638548066284,1.3690383489380515e-14,6.787316044542828,0-1,0,981.0,981000,,,,,0,0.7925118239663939,0.3173128913799414,6.787316044542828,2.7122170202367046,4.520268145653229e-05,negative_baseline,20.0,1,1,0,0,0,0,0,0,0,0,-1,0,0,0,0,0,0,0,0,0
sim_0000_n2_seed256,256,0.001,2,981.7,1,body_1,9.897616233308575,3.6886825746214664,6.14875931115886e-05,2.467889723108259e-05,0.8043361405080217,0.32611636323271803,0,6.73724213246498,2.7308892378382885,-24.599759642768284,-1.0168900690008525e-08,143.24638548066284,1.3690383489380515e-14,6.73724213246498,0-1,0,981.7,981700,,,,,0,0.8043361405080217,0.32614837877857766,6.73724213246498,2.7308892378382885,4.504768710224397e-05,negative_hard,10.0,1,1,0,1,0,0,1,0,0,0,-1,0,0,0,0,0,0,0,0,0
sim_0000_n2_seed256,256,0.001,2,982.0,1,body_1,9.897616233308575,3.6886825746214664,6.148222544998781e-05,2.473144909510672e-05,0.8065015958332984,0.3277387053201356,0,6.728191311555373,2.734280140123537,-24.599759646194418,-1.0308175793819781e-08,143.2463854806631,1.547608568364754e-14,6.728191311555373,0-1,0,982.0,982000,,,,,0,0.8065015958332984,0.32777364857418106,6.728191311555373,2.734280140123537,4.504375470776216e-05,negative_baseline,20.0,1,1,0,1,0,0,1,0,0,0,-1,0,0,0,0,0,0,0,0,0
sim_0000_n2_seed256,256,0.001,2,982.2,1,body_1,9.897616233308575,3.6886825746214664,6.150768891783534e-05,2.474981670698398e-05,0.806919896076967,0.3280522945931691,0,6.726447167611244,2.7349341506442437,-24.59975964685881,-1.0335183902902016e-08,143.24638548066312,1.56744970385661e-14,6.726447167611244,0-1,0,982.2,982200,,,,,0,0.806919896076967,0.32808891403117746,6.726447167611244,2.7349341506442437,4.506241009761226e-05,negative_hard,10.0,1,1,0,1,0,0,1,1,0,0,-1,0,0,0,0,0,0,0,0,0
sim_0000_n2_seed256,256,0.001,2,982.7,1,body_1,9.897616233308575,3.6886825746214664,6.167222554316566e-05,2.4736616287077504e-05,0.8043581826659469,0.3261328681896673,0,6.737149820124748,2.7309237980176593,-24.5997596428029,-1.017030792499541e-08,143.24638548066315,1.5872908393484655e-14,6.737149820124748,0-1,0,982.7,982700,,,,,0,0.8043581826659469,0.32617255015417396,6.737149820124748,2.7309237980176593,4.518295482993651e-05,negative_hard,10.0,1,1,0,1,0,0,1,0,0,0,-1,0,0,0,0,0,0,0,0,0
sim_0000_n2_seed256,256,0.001,2,983.0,1,body_1,9.897616233308575,3.6886825746214664,6.183827268644198e-05,2.4688726660259598e-05,0.8004156439469028,0.3231836476101987,0,6.7537217391237645,2.724727700692242,-24.59975963662201,-9.91904975748799e-09,143.24638548066304,1.5079262973810424e-14,6.7537217391237645,0-1,0,983.0,983000,,,,,0,0.8004156439469028,0.32322433591637084,6.7537217391237645,2.724727700692242,4.53046061306425e-05,negative_baseline,20.0,1,1,0,1,0,0,1,0,0,0,-1,0,0,0,0,0,0,0,0,0
sim_0000_n2_seed256,256,0.001,2,984.0,1,body_1,9.897616233308575,3.6886825746214664,6.272031797822267e-05,2.4333470182037353e-05,0.775977957924241,0.3050375428119103,0,6.859244044109602,2.685651841350597,-24.59975959993867,-8.427842384265215e-09,143.2463854806632,1.626973110332177e-14,6.859244044109602,0-1,0,984.0,984000,,,,,0,0.775977957924241,0.3050773204978299,6.859244044109602,2.685651841350597,4.595081967197517e-05,negative_baseline,20.0,1,1,0,0,0,0,0,0,0,0,-1,0,0,0,0,0,0,0,0,0
sim_0000_n2_seed256,256,0.001,2,985.0,1,body_1,9.897616233308575,3.6886825746214664,6.399770743681231e-05,2.3749316919560154e-05,0.7394901897358056,0.27840241460857384,0,7.026430241141862,2.6250269728244113,-24.599759550217545,-6.4066387446237195e-09,143.2463854806634,1.765861058775168e-14,7.026430241141862,0-1,0,985.0,985000,,,,,0,0.7394901897358056,0.27843665708556525,7.026430241141862,2.6250269728244113,4.688667427217933e-05,negative_baseline,20.0,0,0,1,0,0,0,0,0,0,0,-1,0,0,0,0,0,0,0,0,0
sim_0000_n2_seed256,256,0.001,2,986.0,1,body_1,9.897616233308575,3.6886825746214664,6.549251097889245e-05,2.3050507011827004e-05,0.6985990372505307,0.24926712834088433,0,7.229145336079449,2.5535000451193017,-24.599759501297488,-4.417999077154098e-09,143.24638548066366,1.9444312782018705e-14,7.229145336079449,0-1,0,986.0,986000,,,,,0,0.6985990372505307,0.24929418212873747,7.229145336079449,2.5535000451193017,4.798181292427623e-05,negative_baseline,20.0,0,0,1,0,0,1,0,0,0,0,-1,0,0,0,0,0,0,0,0,0
sim_0000_n2_seed256,256,0.001,2,987.0,1,body_1,9.897616233308575,3.6886825746214664,6.701893515641734e-05,2.2344400600380113e-05,0.6595708252864466,0.22223183496234294,0,7.439953628825544,2.481245629199535,-24.599759460867066,-2.7744699258338185e-09,143.24638548066343,1.785702194267024e-14,7.439953628825544,0-1,0,987.0,987000,,,,,0,0.6595708252864466,0.22225202610267272,7.439953628825544,2.481245629199535,4.9100117702322567e-05,negative_baseline,20.0,0,0,0,0,0,1,0,0,0,0,-1,0,0,0,0,0,0,0,0,0
sim_0000_n2_seed256,256,0.001,2,988.0,1,body_1,9.897616233308575,3.6886825746214664,6.841157762450466e-05,2.171276167519056e-05,0.6263657458318476,0.19987481540222188,0,7.634611597291471,2.416300300334485,-24.59975943094532,-1.5581268559503813e-09,143.24638548066332,1.7063376522996005e-14,7.634611597291471,0-1,0,988.0,988000,,,,,0,0.6263657458318476,0.1998892134861364,7.634611597291471,2.416300300334485,5.01204098338325e-05,negative_baseline,20.0,0,0,0,0,0,0,0,0,0,0,-1,0,0,0,0,0,0,0,1,0
sim_0000_n2_seed256,256,0.001,2,989.0,1,body_1,9.897616233308575,3.6886825746214664,6.95394214952821e-05,2.1209965659588533e-05,0.6009979199795121,0.18321999584643994,0,7.794072888430506,2.3642725128884563,-24.59975941067508,-7.341253485669394e-10,143.2463854806631,1.547608568364754e-14,7.794072888430506,0-1,0,989.0,989000,,,,,0,0.6009979199795121,0.18322969687731966,7.794072888430506,2.3642725128884563,5.094670238370678e-05,negative_baseline,20.0,0,0,0,0,0,0,0,0,0,0,-1,0,0,0,0,0,0,0,1,0
sim_0000_n2_seed256,256,0.001,2,990.0,1,body_1,9.897616233308575,3.6886825746214664,7.03095154797106e-05,2.0868820120065904e-05,0.5842770604304146,0.1724527590197183,0,7.904811708602589,2.328725347611862,-24.599759398472237,-2.380699609667439e-10,143.24638548066326,1.666655381315889e-14,7.904811708602589,0-1,0,990.0,990000,,,,,0,0.5842770604304146,0.17245862944308582,7.904811708602589,2.328725347611862,5.151089643036683e-05,negative_baseline,20.0,0,0,0,0,0,0,0,0,0,0,-1,0,0,0,0,0,0,0,1,0
sim_0000_n2_seed256,256,0.001,2,991.0,1,body_1,9.897616233308575,3.6886825746214664,7.06656584031329e-05,2.0707254922242095e-05,0.5764328223986247,0.1674607542016066,0,7.958415262340354,2.3116829500315594,-24.599759393052114,-1.773760199652917e-11,143.24638548066318,1.6071319748403215e-14,7.958415262340354,0-1,0,991.0,991000,,,,,0,0.5764328223986247,0.16746340886370373,7.958415262340354,2.3116829500315594,5.1771817301686286e-05,negative_baseline,20.0,0,0,0,0,0,0,0,0,0,0,-1,0,0,0,0,0,0,0,1,0
sim_0000_n2_seed256,256,0.001,2,992.0,1,body_1,9.897616233308575,3.6886825746214664,7.058598674612932e-05,2.07331434489379e-05,0.5774972413676246,0.1681358970934139,0,7.951077569142559,2.3140096566431563,-24.599759393776413,-4.71809323789325e-11,143.2463854806632,1.626973110332177e-14,7.951077569142559,0-1,0,992.0,992000,,,,,0,0.5774972413676246,0.1681357727113838,7.951077569142559,2.3140096566431563,5.1713447139349124e-05,negative_baseline,20.0,0,0,0,0,0,0,0,0,0,0,-1,0,0,0,0,0,0,0,1,0
sim_0000_n2_seed256,256,0.001,2,993.0,1,body_1,9.897616233308575,3.6886825746214664,7.008157504640364e-05,2.0946691478294456e-05,0.5874686720467895,0.1744947718228483,0,7.883309754753466,2.335591306651849,-24.599759400732548,-3.299534226447724e-10,143.24638548066332,1.7063376522996005e-14,7.883309754753466,0-1,0,993.0,993000,,,,,0,0.5874686720467895,0.17449225354743061,7.883309754753466,2.335591306651849,5.134389950804151e-05,negative_baseline,20.0,0,0,0,0,0,0,0,0,0,0,-1,0,0,0,0,0,0,0,1,0
sim_0000_n2_seed256,256,0.001,2,994.0,1,body_1,9.897616233308575,3.6886825746214664,6.919681091497336e-05,2.1340430614557872e-05,0.6062902270910018,0.18666317182606298,0,7.759981099245872,2.3753106541824383,-24.599759414725945,-8.987962491252935e-10,143.24638548066343,1.785702194267024e-14,7.759981099245872,0-1,0,994.0,994000,,,,,0,0.6062902270910018,0.18665878819976278,7.759981099245872,2.3753106541824383,5.069569414748395e-05,negative_baseline,20.0,0,0,0,0,0,0,0,0,0,0,-1,0,0,0,0,0,0,0,1,0
sim_0000_n2_seed256,256,0.001,2,995.0,1,body_1,9.897616233308575,3.6886825746214664,6.801126951752239e-05,2.1896760966497157e-05,0.6336375587118551,0.20471803263625618,0,7.590676645424692,2.43081709073263,-24.599759437161435,-1.8108169543788748e-09,143.24638548066386,2.083319226644861e-14,7.590676645424692,0-1,0,995.0,995000,,,,,0,0.6336375587118551,0.20471275816658668,7.590676645424692,2.43081709073263,4.9827130271768236e-05,negative_baseline,20.0,0,0,0,0,0,0,0,0,0,0,-1,0,0,0,0,0,0,0,1,0
sim_0000_n2_seed256,256,0.001,2,995.6,1,body_1,9.897616233308575,3.6886825746214664,6.72025682346036e-05,2.2295805922988395e-05,0.6537572898152686,0.21827347799371913,0,7.4729603001237095,2.470117414897725,-24.59975945534019,-2.5497980146380386e-09,143.24638548066338,1.746019923283312e-14,7.4729603001237095,0-1,0,995.6,995600,,,,,0,0.6537572898152686,0.21826847654746265,7.4729603001237095,2.470117414897725,4.923465104280763e-05,negative_hard,10.0,0,0,0,0,1,0,0,0,0,0,-1,0,0,0,0,0,0,0,0,0
sim_0000_n2_seed256,256,0.001,2,996.0,1,body_1,9.897616233308575,3.6886825746214664,6.664166324566293e-05,2.258290670978373e-05,0.6684783400548779,0.2283321491735604,0,7.390218473610842,2.4981062894271524,-24.599759469579666,-3.128644138672599e-09,143.24638548066358,1.884907871726303e-14,7.390218473610842,0-1,0,996.0,996000,,,,,0,0.6684783400548779,0.22832781890178994,7.390218473610842,2.4981062894271524,4.882371496042013e-05,negative_baseline,20.0,0,0,0,0,1,0,0,0,0,0,-1,0,0,0,0,0,0,0,0,0
sim_0000_n2_seed256,256,0.001,2,996.1,1,body_1,9.897616233308575,3.6886825746214664,6.650017906893174e-05,2.2656775050107567e-05,0.6722977759517584,0.23096081466144777,0,7.369196040668626,2.505266966879256,-24.59975947340719,-3.2842360339507297e-09,143.24638548066372,1.984113549185582e-14,7.369196040668626,0-1,0,996.1,996100,,,,,0,0.6722977759517584,0.2309567253814314,7.369196040668626,2.505266966879256,4.872005934543441e-05,negative_hard,10.0,0,0,0,0,1,0,0,0,0,0,-1,0,0,0,0,0,0,0,0,0
sim_0000_n2_seed256,256,0.001,2,996.6,1,body_1,9.897616233308575,3.6886825746214664,6.57938142893689e-05,2.303515070854826e-05,0.6920561002237909,0.24468021839717835,0,7.263238360331712,2.541672331020514,-24.59975949410525,-4.125628822569355e-09,143.2463854806638,2.0436369556611495e-14,7.263238360331712,0-1,0,996.6,996600,,,,,0,0.6920561002237909,0.24467783971495458,7.263238360331712,2.541672331020514,4.820255502289361e-05,negative_hard,10.0,0,0,1,0,1,0,0,0,0,0,-1,0,0,0,0,0,0,0,0,0
sim_0000_n2_seed256,256,0.001,2,997.0,1,body_1,9.897616233308575,3.6886825746214664,6.524084680472795e-05,2.3343818081435497e-05,0.708398473260513,0.2561766316091847,0,7.178970010399912,2.5710106088949147,-24.599759512391053,-4.868961421969511e-09,143.2463854806639,2.103160362136717e-14,7.178970010399912,0-1,0,997.0,997000,,,,,0,0.708398473260513,0.25617630025781135,7.178970010399912,2.5710106088949147,4.7797434248554456e-05,negative_baseline,20.0,0,0,1,0,1,0,0,0,0,0,-1,0,0,0,0,0,0,0,0,0
sim_0000_n2_seed256,256,0.001,2,997.1,1,body_1,9.897616233308575,3.6886825746214664,6.510584131935875e-05,2.3421065358252036e-05,0.7125170335484462,0.2590945605329566,0,7.158191650111269,2.5782986072091716,-24.599759517170124,-5.06323451564483e-09,143.24638548066395,2.1428426331204285e-14,7.158191650111269,0-1,0,997.1,997100,,,,,0,0.7125170335484462,0.2590948435537287,7.158191650111269,2.5782986072091716,4.769852513320773e-05,negative_hard,10.0,0,0,1,0,1,0,0,0,0,0,-1,0,0,0,0,0,0,0,0,0
sim_0000_n2_seed256,256,0.001,2,998.0,1,body_1,9.897616233308575,3.6886825746214664,6.398905738613527e-05,2.409594567750121e-05,0.7488877887444565,0.28520738740421964,0,6.982204632054051,2.640915433667834,-24.59975956246052,-6.9043255080872e-09,143.24638548066406,2.222207175087852e-14,6.982204632054051,0-1,0,998.0,998000,,,,,0,0.7488877887444565,0.28521511128335786,6.982204632054051,2.640915433667834,4.6880335402176415e-05,negative_baseline,20.0,0,0,1,0,0,0,0,0,0,0,-1,0,0,0,0,0,0,0,0,0
sim_0000_n2_seed256,256,0.001,2,999.0,1,body_1,9.897616233308575,3.6886825746214664,6.307219416449771e-05,2.4729172353896837e-05,0.7831980015671891,0.3103741412756877,0,6.8275542882337446,2.6973190473231807,-24.599759610487425,-8.856657819675994e-09,143.24638548066415,2.2817305815634194e-14,6.8275542882337446,0-1,0,999.0,999000,,,,,0,0.7831980015671891,0.31039346879597807,6.8275542882337446,2.6973190473231807,4.620861380411986e-05,negative_baseline,20.0,1,1,0,0,0,0,0,0,0,0,-1,0,0,0,0,0,0,0,0,0
sim_0000_n2_seed256,256,0.001,2,999.9,1,body_1,9.897616233308575,3.6886825746214664,6.266350273657364e-05,2.5100459632787848e-05,0.8024585335338288,0.32471110030078093,0,6.745119487691901,2.727941964745197,-24.599759639815183,-1.0048854764850667e-08,143.24638548066397,2.1626837686122845e-14,6.745119487691901,0-1,0,999.9,999900,,,,,0,0.8024585335338288,0.32474139491003423,6.745119487691901,2.727941964745197,4.590919436981488e-05,negative_hard,10.0,1,1,0,1,0,0,1,0,0,0,-1,0,0,0,0,0,0,0,0,0
sim_0000_n2_seed256,256,0.001,2,1000.0,1,body_1,9.897616233308575,3.6886825746214664,6.264612772552538e-05,2.5126755064399324e-05,0.8036981446471378,0.32544718898151315,0,6.739915698361647,2.7298885210448383,-24.59975964176264,-1.0128020398102993e-08,143.24638548066397,2.1626837686122845e-14,6.739915698361647,0-1,0,1000.0,1000000,,,,,0,0.8036981446471378,0.32567010708426297,6.739915698361647,2.7298885210448383,4.5896464948258844e-05,negative_baseline,20.0,1,1,0,1,0,0,1,0,0,0,-1,0,0,0,0,0,0,0,0,0
